$MOVEMENTEVALUATION:SIMRUN	TIMEINT	MOVEMENT	MOVEMENT\FROMLINK	MOVEMENT\TOLINK	VEHS(ALL)	VEHS(10)	VEHS(20)	VEHS(30)	VEHS(40)	VEHDELAY(ALL)	VEHDELAY(10)	VEHDELAY(20)	VEHDELAY(30)	VEHDELAY(40)	STOPDELAY(ALL)	STOPDELAY(10)	STOPDELAY(20)	STOPDELAY(30)	STOPDELAY(40)	LOS(ALL)	LOSVAL(ALL)	QLEN	QLENMAX
1	3600-7200	43-28: Troups Rd N@6.9-13: Western Hwy@23.8	28	13	125	116	0	7	2	0.32	0.29		0.66	0.71	0.00	0.00		0.00	0.00	LOS_A	1	0.00	0.00
1	3600-7200	43-609: Western Hwy@95.9-13: Western Hwy@23.8	609	13	2107	1996	6	73	30	3.49	3.47	2.75	3.50	4.89	0.00	0.00	0.00	0.00	0.00	LOS_A	1	0.00	0.00
1	3600-7200	43-609: Western Hwy@95.9-27: Troups Rd N@5.6	609	27	357	356	0	1	0	4.73	4.73		6.83		0.00	0.00		0.00		LOS_A	1	0.00	0.00
1	3600-7200	43-944: Western Hwy@45.8-73: Western Hwy@23.3	944	73	1320	1126	24	102	66	0.73	0.77	0.56	0.50	0.49	0.00	0.00	0.00	0.00	0.00	LOS_A	1	0.00	0.00
1	3600-7200	43			3909	3594	30	183	98	2.57	2.65	1.00	1.74	1.84	0.00	0.00	0.00	0.00	0.00	LOS_A	1	0.00	0.00
1	3600-7200	44-15@3.2-243: Ferris Rd  Melton Hwy@24.7	15	243	359	331	0	21	5	1.02	0.80		3.80	2.99	0.05	0.00		0.84	0.00	LOS_A	1	0.00	0.00
1	3600-7200	44-421: Ferris Rd@65.5-20@13.7	421	20	84	80	0	1	3	4.71	4.41		5.12	12.46	0.28	0.11		0.00	4.68	LOS_A	1	0.02	10.88
1	3600-7200	44-421: Ferris Rd@65.5-243: Ferris Rd  Melton Hwy@24.7	421	243	440	398	0	27	13	0.92	0.94		0.89	0.28	0.01	0.02		0.00	0.00	LOS_A	1	0.00	0.00
1	3600-7200	44-682@3.6-420: Ferris Rd@19.2	682	420	115	106	0	9	0	0.92	0.77		2.58		0.00	0.00		0.00		LOS_A	1	0.00	0.00
1	3600-7200	44-10393@15.0-19@37.7	10393	19	82	82	0	0	0	2.85	2.85				0.00	0.00				LOS_A	1	0.00	0.00
1	3600-7200	44-10393@15.0-420: Ferris Rd@19.2	10393	420	363	342	2	11	6	1.23	1.26	1.97	0.68	0.70	0.00	0.00	0.00	0.00	0.00	LOS_A	1	0.00	0.00
1	3600-7200	44			1443	1339	2	69	27	1.35	1.30	1.97	2.02	2.23	0.03	0.01	0.00	0.26	0.52	LOS_A	1	0.00	10.88
1	3600-7200	45-680: Melton Hwy@89.9-95: Melton Hwy@34.6	680	95	454	429	0	18	7	0.40	0.37		0.94	1.09	0.00	0.00		0.00	0.00	LOS_A	1	0.00	0.00
1	3600-7200	45-680: Melton Hwy@89.9-363: Gateway Dr@6.2	680	363	0	0	0	0	0											LOS_A		0.00	0.00
1	3600-7200	45-680: Melton Hwy@89.9-500: Zone connector@15.5	680	500	58	53	0	4	1	3.52	3.39		4.72	5.45	0.00	0.00		0.00	0.00	LOS_A	1	0.00	0.00
1	3600-7200	45-271472: Melton Hwy@23.5-307: Melton Hwy@23.4	271472	307	257	238	0	12	7	0.34	0.36		0.10	0.00	0.00	0.00		0.00	0.00	LOS_A	1	0.00	0.00
1	3600-7200	45-271472: Melton Hwy@23.5-363: Gateway Dr@6.2	271472	363	0	0	0	0	0											LOS_A		0.00	0.00
1	3600-7200	45-271472: Melton Hwy@23.5-500: Zone connector@15.5	271472	500	65	65	0	0	0	8.66	8.66				0.00	0.00				LOS_A	1	0.00	0.00
1	3600-7200	45-271481: Gateway Dr@28.0-95: Melton Hwy@34.6	271481	95	0	0	0	0	0											LOS_A		0.00	0.00
1	3600-7200	45-271481: Gateway Dr@28.0-307: Melton Hwy@23.4	271481	307	8	8	0	0	0	2.67	2.67				0.00	0.00				LOS_A	1	0.00	0.00
1	3600-7200	45-271481: Gateway Dr@28.0-500: Zone connector@15.5	271481	500	0	0	0	0	0											LOS_A		0.00	0.00
1	3600-7200	45-271486: Zone connector@56.9-95: Melton Hwy@34.6	271486	95	116	116	0	0	0	0.25	0.25				0.00	0.00				LOS_A	1	0.00	0.00
1	3600-7200	45-271486: Zone connector@56.9-307: Melton Hwy@23.4	271486	307	89	79	0	6	4	1.48	1.24		3.29	3.57	0.00	0.00		0.00	0.00	LOS_A	1	0.00	0.00
1	3600-7200	45-271486: Zone connector@56.9-363: Gateway Dr@6.2	271486	363	0	0	0	0	0											LOS_A		0.00	0.00
1	3600-7200	45			1047	988	0	40	19	1.16	1.15		1.42	1.44	0.00	0.00		0.00	0.00	LOS_A	1	0.00	0.00
1	3600-7200	46-12: Hopkins Rd@68.9-44: Hopkins Rd@23.1	12	44	653	562	4	47	27	2.02	2.02	1.68	1.98	2.62	0.02	0.02	0.00	0.00	0.07	LOS_A	1	0.00	0.00
1	3600-7200	46-12: Hopkins Rd@68.9-104@37.0	12	104	109	106	0	2	1	0.86	0.85		1.44	0.01	0.00	0.00		0.00	0.00	LOS_A	1	0.00	0.00
1	3600-7200	46-12: Hopkins Rd@68.9-428@34.4	12	428	12	12	0	0	0	2.25	2.25				0.00	0.00				LOS_A	1	0.00	0.00
1	3600-7200	46-12: Hopkins Rd@68.9-1243: Hopkins Rd@4.3	12	1243	0	0	0	0	0											LOS_A		0.00	0.00
1	3600-7200	46-255: Hopkins Rd@17.0-44: Hopkins Rd@23.1	255	44	0	0	0	0	0											LOS_A		0.00	0.00
1	3600-7200	46-255: Hopkins Rd@17.0-104@37.0	255	104	180	172	0	4	2	1.37	1.36		0.90	4.25	0.00	0.00		0.00	0.00	LOS_A	1	0.00	0.00
1	3600-7200	46-255: Hopkins Rd@17.0-428@34.4	255	428	5	5	0	0	0	3.88	3.88				0.00	0.00				LOS_A	1	0.00	0.00
1	3600-7200	46-255: Hopkins Rd@17.0-1243: Hopkins Rd@4.3	255	1243	501	454	2	18	14	1.37	1.30	2.81	2.26	2.27	0.00	0.00	0.00	0.00	0.00	LOS_A	1	0.00	0.00
1	3600-7200	46-257@11.2-44: Hopkins Rd@23.1	257	44	61	48	0	13	0	1.72	1.72		1.75		0.00	0.00		0.00		LOS_A	1	0.00	0.00
1	3600-7200	46-257@11.2-104@37.0	257	104	0	0	0	0	0											LOS_A		0.00	0.00
1	3600-7200	46-257@11.2-428@34.4	257	428	0	0	0	0	0											LOS_A		0.00	0.00
1	3600-7200	46-257@11.2-1243: Hopkins Rd@4.3	257	1243	122	112	1	9	0	1.26	1.06	8.45	2.94		0.03	0.03	0.00	0.00		LOS_A	1	0.00	0.00
1	3600-7200	46-429: 7-Eleven NA@91.6-44: Hopkins Rd@23.1	429	44	57	57	0	0	0	1.43	1.43				0.00	0.00				LOS_A	1	0.00	0.00
1	3600-7200	46-429: 7-Eleven NA@91.6-104@37.0	429	104	11	11	0	0	0	0.14	0.14				0.00	0.00				LOS_A	1	0.00	0.00
1	3600-7200	46-429: 7-Eleven NA@91.6-428@34.4	429	428	0	0	0	0	0											LOS_A		0.00	0.00
1	3600-7200	46-429: 7-Eleven NA@91.6-1243: Hopkins Rd@4.3	429	1243	7	7	0	0	0	0.02	0.02				0.00	0.00				LOS_A	1	0.00	0.00
1	3600-7200	46			1718	1546	7	93	44	1.59	1.54	2.97	2.04	2.52	0.01	0.01	0.00	0.00	0.04	LOS_A	1	0.00	0.00
1	3600-7200	47-4: Caroline Springs Blvd@6.8-212: Caroline Springs Blvd@4.6	4	212	381	321	0	27	16	2.06	1.19		1.32	1.76	0.00	0.00		0.00	0.00	LOS_A	1	0.00	0.00
1	3600-7200	47-4: Caroline Springs Blvd@6.8-446@6.0	4	446	3	3	0	0	0	0.00	0.00				0.00	0.00				LOS_A	1	0.00	0.00
1	3600-7200	47-447: Caroline Spring Blvd NA@32.5-212: Caroline Springs Blvd@4.6	447	212	0	0	0	0	0											LOS_A		0.00	0.00
1	3600-7200	47-887: Caroline Springs Blvd@16.4-212: Caroline Springs Blvd@4.6	887	212	16	16	0	0	0	6.31	6.31				0.00	0.00				LOS_A	1	0.00	0.00
1	3600-7200	47-887: Caroline Springs Blvd@16.4-448@12.1	887	448	678	631	0	19	11	0.70	0.63		1.18	1.54	0.00	0.00		0.00	0.00	LOS_A	1	0.00	0.00
1	3600-7200	47			1078	971	0	46	27	1.26	0.91		1.26	1.67	0.00	0.00		0.00	0.00	LOS_A	1	0.00	0.00
1	3600-7200	48-271519: Meskos Rd@47.0-12: Hopkins Rd@26.0	271519	12	86	75	0	2	2	1.13	0.75		2.57	2.47	0.00	0.00		0.00	0.00	LOS_A	1	0.00	0.00
1	3600-7200	48-271519: Meskos Rd@47.0-55: Hopkins Rd@15.4	271519	55	28	28	0	0	0	0.20	0.20				0.00	0.00				LOS_A	1	0.00	0.00
1	3600-7200	48-271519: Meskos Rd@47.0-82: Sheahan Rd@36.7	271519	82	0	0	0	0	0											LOS_A		0.00	0.00
1	3600-7200	48-271522: Hopkins Rd@23.9-55: Hopkins Rd@15.4	271522	55	545	512	1	17	9	0.79	0.79	0.71	1.08	0.80	0.05	0.05	0.00	0.00	0.00	LOS_A	1	0.00	0.00
1	3600-7200	48-271522: Hopkins Rd@23.9-66: Meskos Rd@27.7	271522	66	60	44	1	5	3	5.97	5.65	12.99	6.93	6.51	0.15	0.20	0.00	0.00	0.00	LOS_A	1	0.00	0.00
1	3600-7200	48-271522: Hopkins Rd@23.9-82: Sheahan Rd@36.7	271522	82	25	17	1	5	2	4.75	4.34	7.06	5.13	6.07	0.00	0.00	0.00	0.00	0.00	LOS_A	1	0.00	0.00
1	3600-7200	48-271526: Sheahan Rd@62.5-12: Hopkins Rd@26.0	271526	12	45	41	0	4	0	0.02	0.02		0.02		0.00	0.00		0.00		LOS_A	1	0.00	0.00
1	3600-7200	48-271526: Sheahan Rd@62.5-55: Hopkins Rd@15.4	271526	55	32	32	0	0	0	0.05	0.05				0.00	0.00				LOS_A	1	0.00	0.00
1	3600-7200	48-271526: Sheahan Rd@62.5-66: Meskos Rd@27.7	271526	66	0	0	0	0	0											LOS_A		0.00	0.00
1	3600-7200	48-271531: Hopkins Rd@5.3-12: Hopkins Rd@26.0	271531	12	643	564	4	43	26	1.00	1.06	0.26	0.73	0.53	0.00	0.00	0.00	0.00	0.00	LOS_A	1	0.12	26.42
1	3600-7200	48-271531: Hopkins Rd@5.3-66: Meskos Rd@27.7	271531	66	17	16	0	1	0	11.45	11.26		14.51		0.00	0.00		0.00		LOS_B	2	0.12	26.42
1	3600-7200	48-271531: Hopkins Rd@5.3-82: Sheahan Rd@36.7	271531	82	8	7	0	1	0	5.02	5.21		3.71		0.00	0.00		0.00		LOS_A	1	0.12	26.42
1	3600-7200	48-271556@6.9-271556@52.0	271556	271556	5	0	0	0	0	0.00					0.00					LOS_A	1	0.06	17.23
1	3600-7200	48-271558@2.8-271558@48.4	271558	271558	6	0	0	0	0	0.00					0.00					LOS_A	1	0.12	18.96
1	3600-7200	48-271560@6.3-271560@50.2	271560	271560	5	0	0	0	0	0.00					0.00					LOS_A	1	0.12	18.53
1	3600-7200	48-271566@22.9-271566@62.3	271566	271566	8	0	0	0	0	0.00					0.00					LOS_A	1	0.26	28.70
1	3600-7200	48			1513	1336	7	78	42	1.25	1.20	3.12	1.71	1.37	0.02	0.03	0.00	0.00	0.00	LOS_A	1	0.09	28.70
1	3600-7200	49-351: Delma Rd@85.2-352: Eucumbene Dr@37.8	351	352	0	0	0	0	0											LOS_A		0.00	0.00
1	3600-7200	49-351: Delma Rd@85.2-506: Zone connector@80.7	351	506	0	0	0	0	0											LOS_A		0.00	0.00
1	3600-7200	49-353: Eucumbene Dr@275.9-350: Delma Rd@23.2	353	350	0	0	0	0	0											LOS_A		0.00	0.00
1	3600-7200	49-353: Eucumbene Dr@275.9-506: Zone connector@80.7	353	506	43	41	0	2	0	1.31	1.20		3.59		0.00	0.00		0.00		LOS_A	1	0.00	0.00
1	3600-7200	49-505: Eucumbene Dr SA@77.8-350: Delma Rd@23.2	505	350	20	20	0	0	0	0.01	0.01				0.00	0.00				LOS_A	1	0.00	0.00
1	3600-7200	49-505: Eucumbene Dr SA@77.8-352: Eucumbene Dr@37.8	505	352	1	1	0	0	0	0.00	0.00				0.00	0.00				LOS_A	1	0.00	0.00
1	3600-7200	49			64	62	0	2	0	0.88	0.79		3.59		0.00	0.00		0.00		LOS_A	1	0.00	0.00
1	3600-7200	50-115: Western Hwy@22.9-209: Ballarat Rd  Western Hwy@28.7	115	209	229	214	0	7	8	0.49	0.50		0.19	0.37	0.00	0.00		0.00	0.00	LOS_A	1	0.00	0.00
1	3600-7200	50-115: Western Hwy@22.9-283: Christies Rd@7.9	115	283	27	23	0	2	2	6.67	6.26		8.78	9.34	0.00	0.00		0.00	0.00	LOS_A	1	0.00	0.00
1	3600-7200	50-461: Ballarat Rd  Western Hwy@7.1-114: Western Hwy@17.3	461	114	726	696	0	19	11	1.00	0.99		1.14	1.00	0.00	0.00		0.00	0.00	LOS_A	1	0.00	0.00
1	3600-7200	50-461: Ballarat Rd  Western Hwy@7.1-215: Caroline Springs Blvd@5.8	461	215	277	270	0	4	3	2.89	2.85		3.93	5.04	0.00	0.00		0.00	0.00	LOS_A	1	0.00	0.00
1	3600-7200	50-648: Christies Rd@37.8-114: Western Hwy@17.3	648	114	43	42	0	1	0	1.77	1.73		3.51		0.00	0.00		0.00		LOS_A	1	0.00	0.00
1	3600-7200	50-648: Christies Rd@37.8-209: Ballarat Rd  Western Hwy@28.7	648	209	47	43	0	1	3	8.66	8.36		11.17	12.04	0.00	0.00		0.00	0.00	LOS_A	1	0.00	0.00
1	3600-7200	50-648: Christies Rd@37.8-215: Caroline Springs Blvd@5.8	648	215	273	248	0	6	2	1.63	1.65		2.45	3.40	0.00	0.00		0.00	0.00	LOS_A	1	0.00	0.00
1	3600-7200	50-649@8.2-283: Christies Rd@7.9	649	283	152	128	1	14	9	2.09	1.59	2.41	6.42	2.53	0.32	0.00	0.00	3.48	0.00	LOS_A	1	0.00	0.00
1	3600-7200	50-651@22.8-215: Caroline Springs Blvd@5.8	651	215	144	129	0	9	6	1.90	1.73		1.93	5.70	0.00	0.00		0.00	0.05	LOS_A	1	0.00	0.00
1	3600-7200	50-652: Caroline Springs Blvd@21.4-114: Western Hwy@17.3	652	114	82	79	0	1	2	6.94	6.89		8.58	7.83	0.00	0.00		0.00	0.00	LOS_A	1	0.00	0.00
1	3600-7200	50-652: Caroline Springs Blvd@21.4-209: Ballarat Rd  Western Hwy@28.7	652	209	71	65	0	4	2	8.44	8.32		9.68	9.56	0.02	0.02		0.00	0.00	LOS_A	1	0.00	0.00
1	3600-7200	50-652: Caroline Springs Blvd@21.4-283: Christies Rd@7.9	652	283	244	193	0	22	12	1.16	0.93		0.76	1.53	0.00	0.00		0.00	0.00	LOS_A	1	0.00	0.00
1	3600-7200	50			2315	2130	1	90	60	2.07	1.99	2.41	2.85	3.35	0.02	0.00	0.00	0.54	0.01	LOS_A	1	0.00	0.00
1	3600-7200	51-7: Ballarat Rd  Western Hwy@16.6-10: Ballarat Rd  Western Hwy@18.5	7	10	29	27	0	1	1	0.13	0.13		0.05	0.06	0.00	0.00		0.00	0.00	LOS_A	1	0.00	0.00
1	3600-7200	51-7: Ballarat Rd  Western Hwy@16.6-385: Chisholm Dr@11.7	7	385	4	4	0	0	0	1.75	1.75				0.00	0.00				LOS_A	1	0.00	0.00
1	3600-7200	51-7: Ballarat Rd  Western Hwy@16.6-670: Ballarat Rd  Western Hwy@1.4	7	670	36	36	0	0	0	3.35	3.35				0.00	0.00				LOS_A	1	0.00	0.00
1	3600-7200	51-7: Ballarat Rd  Western Hwy@16.6-671: Panamax Rd@7.5	7	671	0	0	0	0	0											LOS_A		0.00	0.00
1	3600-7200	51-347: Panamax Rd@4.8-10: Ballarat Rd  Western Hwy@18.5	347	10	244	235	0	5	4	1.22	1.24		0.72	1.05	0.05	0.05		0.00	0.00	LOS_A	1	0.00	0.00
1	3600-7200	51-347: Panamax Rd@4.8-385: Chisholm Dr@11.7	347	385	23	23	0	0	0	5.51	5.51				0.00	0.00				LOS_A	1	0.00	0.00
1	3600-7200	51-347: Panamax Rd@4.8-670: Ballarat Rd  Western Hwy@1.4	347	670	182	175	1	2	4	7.16	7.11	7.91	8.18	8.38	0.07	0.07	0.00	0.00	0.00	LOS_A	1	0.09	21.80
1	3600-7200	51-360: Ballarat Rd  Western Hwy@55.2-10: Ballarat Rd  Western Hwy@18.5	360	10	282	259	0	11	12	0.36	0.31		0.64	1.26	0.00	0.00		0.00	0.00	LOS_A	1	0.00	0.00
1	3600-7200	51-360: Ballarat Rd  Western Hwy@55.2-385: Chisholm Dr@11.7	360	385	25	23	0	1	1	5.14	5.05		7.05	5.43	0.00	0.00		0.00	0.00	LOS_A	1	0.00	0.00
1	3600-7200	51-360: Ballarat Rd  Western Hwy@55.2-671: Panamax Rd@7.5	360	671	40	40	0	0	0	3.77	3.77				0.00	0.00				LOS_A	1	0.00	0.00
1	3600-7200	51-673: Chisholm Dr@12.9-10: Ballarat Rd  Western Hwy@18.5	673	10	53	52	0	1	0	0.23	0.23		0.19		0.00	0.00		0.00		LOS_A	1	0.00	0.00
1	3600-7200	51-673: Chisholm Dr@12.9-670: Ballarat Rd  Western Hwy@1.4	673	670	33	32	0	1	0	3.69	3.66		4.48		0.00	0.00		0.00		LOS_A	1	0.00	0.00
1	3600-7200	51-673: Chisholm Dr@12.9-671: Panamax Rd@7.5	673	671	15	15	0	0	0	13.96	13.96				0.32	0.32				LOS_B	2	0.00	0.00
1	3600-7200	51-885: Ballarat Rd  Western Hwy@6.9-10: Ballarat Rd  Western Hwy@18.5	885	10	0	0	0	0	0											LOS_A		0.00	0.00
1	3600-7200	51-885: Ballarat Rd  Western Hwy@6.9-385: Chisholm Dr@11.7	885	385	50	48	0	1	1	3.71	3.77		2.39	2.37	0.00	0.00		0.00	0.00	LOS_A	1	0.00	0.00
1	3600-7200	51-885: Ballarat Rd  Western Hwy@6.9-670: Ballarat Rd  Western Hwy@1.4	885	670	885	832	0	34	19	1.60	1.60		1.60	1.61	0.00	0.00		0.00	0.00	LOS_A	1	0.00	0.00
1	3600-7200	51-885: Ballarat Rd  Western Hwy@6.9-671: Panamax Rd@7.5	885	671	131	121	0	7	3	5.41	5.18		8.65	7.35	0.04	0.04		0.00	0.00	LOS_A	1	0.00	0.00
1	3600-7200	51			2032	1922	1	64	45	2.41	2.40	7.91	2.44	2.52	0.02	0.02	0.00	0.00	0.00	LOS_A	1	0.01	21.80
1	3600-7200	52-198: Melton Hwy@69.6-182@11.5	198	182	110	84	0	12	12	6.90	6.13		10.49	8.59	0.03	0.04		0.00	0.00	LOS_A	1	0.00	0.00
1	3600-7200	52-198: Melton Hwy@69.6-308: Ferris Rd  Melton Hwy@20.5	198	308	445	424	2	11	6	1.75	1.76	2.43	1.77	1.21	0.01	0.01	0.00	0.00	0.00	LOS_A	1	0.00	0.00
1	3600-7200	52-339@366.5-200: Melton Hwy@21.7	339	200	298	289	1	5	3	1.58	1.53	6.45	2.70	2.91	0.00	0.00	0.00	0.00	0.00	LOS_A	1	0.00	0.00
1	3600-7200	52-339@366.5-308: Ferris Rd  Melton Hwy@20.5	339	308	0	0	0	0	0											LOS_A		0.00	0.00
1	3600-7200	52-956: Ferris Rd  Melton Hwy@55.3-182@11.5	956	182	190	166	0	15	9	4.03	3.85		5.01	5.70	0.00	0.00		0.00	0.00	LOS_A	1	0.00	0.00
1	3600-7200	52-956: Ferris Rd  Melton Hwy@55.3-200: Melton Hwy@21.7	956	200	609	563	0	33	9	2.97	2.97		3.07	1.85	0.00	0.00		0.00	0.00	LOS_A	1	0.00	0.00
1	3600-7200	52			1652	1526	3	76	39	2.78	2.63	3.77	4.41	4.80	0.00	0.00	0.00	0.00	0.00	LOS_A	1	0.00	0.00
1	3600-7200	53-899: Melton Hwy@13.5-199: Melton Hwy@15.7	899	199	127	124	1	1	1	4.73	4.77	6.92	0.67	2.21	0.40	0.41	0.00	0.00	0.00	LOS_A	1	0.95	96.27
1	3600-7200	53-899: Melton Hwy@13.5-301: High St@21.5	899	301	45	45	0	0	0	6.67	6.67				1.05	1.05				LOS_A	1	0.95	96.27
1	3600-7200	53-899: Melton Hwy@13.5-305: Melton Hwy@15.2	899	305	446	416	0	22	8	2.82	2.84		2.27	3.19	0.10	0.10		0.00	0.00	LOS_A	1	0.95	96.27
1	3600-7200	53-899: Melton Hwy@13.5-376: High St@36.1	899	376	289	267	0	15	3	7.51	7.08		11.11	21.20	0.49	0.45		0.60	4.58	LOS_A	1	0.95	96.27
1	3600-7200	53-900: High St@7.7-199: Melton Hwy@15.7	900	199	78	67	1	1	5	0.14	0.05	0.00	0.00	0.04	0.00	0.00	0.00	0.00	0.00	LOS_A	1	0.00	0.00
1	3600-7200	53-900: High St@7.7-301: High St@21.5	900	301	45	45	0	0	0	0.02	0.02				0.00	0.00				LOS_A	1	0.00	0.00
1	3600-7200	53-900: High St@7.7-305: Melton Hwy@15.2	900	305	57	57	0	0	0	5.02	5.02				0.00	0.00				LOS_A	1	0.00	0.00
1	3600-7200	53-900: High St@7.7-376: High St@36.1	900	376	0	0	0	0	0											LOS_A		0.00	0.00
1	3600-7200	53-901: Melton Hwy@7.6-199: Melton Hwy@15.7	901	199	317	288	0	18	11	0.56	0.55		0.72	0.68	0.00	0.00		0.00	0.00	LOS_A	1	0.00	0.00
1	3600-7200	53-901: Melton Hwy@7.6-301: High St@21.5	901	301	7	7	0	0	0	0.57	0.57				0.00	0.00				LOS_A	1	0.00	0.00
1	3600-7200	53-901: Melton Hwy@7.6-305: Melton Hwy@15.2	901	305	0	0	0	0	0											LOS_A		0.00	0.00
1	3600-7200	53-901: Melton Hwy@7.6-376: High St@36.1	901	376	30	30	0	0	0	0.40	0.40				0.00	0.00				LOS_A	1	0.00	0.00
1	3600-7200	53-1241: High St@3.1-199: Melton Hwy@15.7	1241	199	33	29	0	3	1	0.16	0.17		0.10	0.02	0.00	0.00		0.00	0.00	LOS_A	1	0.00	0.00
1	3600-7200	53-1241: High St@3.1-301: High St@21.5	1241	301	0	0	0	0	0											LOS_A		0.00	0.00
1	3600-7200	53-1241: High St@3.1-305: Melton Hwy@15.2	1241	305	9	9	0	0	0	0.18	0.18				0.00	0.00				LOS_A	1	0.00	0.00
1	3600-7200	53-1241: High St@3.1-376: High St@36.1	1241	376	33	33	0	0	0	0.34	0.34				0.00	0.00				LOS_A	1	0.00	0.00
1	3600-7200	53			1516	1417	2	60	29	3.19	3.14	3.46	3.84	3.41	0.19	0.18	0.00	0.15	0.47	LOS_A	1	0.24	96.27
1	3600-7200	54-526: Ferris Rd@22.5-310@35.3	526	310	15	14	0	1	0	6.98	6.99		6.87		0.00	0.00		0.00		LOS_A	1	0.00	0.00
1	3600-7200	54-526: Ferris Rd@22.5-421: Ferris Rd@15.4	526	421	0	0	0	0	0											LOS_A		0.00	0.00
1	3600-7200	54-526: Ferris Rd@22.5-525: Ferris Rd@18.9	526	525	463	434	2	19	6	0.42	0.41	1.01	0.78	0.26	0.00	0.00	0.00	0.00	0.00	LOS_A	1	0.00	0.00
1	3600-7200	54-527: Zone connector@58.2-310@35.3	527	310	0	0	0	0	0											LOS_A		0.00	0.00
1	3600-7200	54-527: Zone connector@58.2-421: Ferris Rd@15.4	527	421	516	472	0	26	16	0.25	0.25		0.13	0.19	0.00	0.00		0.00	0.00	LOS_A	1	0.00	0.00
1	3600-7200	54-528@5.7-421: Ferris Rd@15.4	528	421	8	6	0	2	0	5.36	4.72		7.28		0.00	0.00		0.00		LOS_A	1	0.00	0.00
1	3600-7200	54-528@5.7-525: Ferris Rd@18.9	528	525	2	2	0	0	0	0.00	0.00				0.00	0.00				LOS_A	1	0.00	0.00
1	3600-7200	54			1004	928	2	48	22	0.47	0.45	1.01	0.83	0.21	0.00	0.00	0.00	0.00	0.00	LOS_A	1	0.00	0.00
1	3600-7200	55-68: Mount Cottrell Rd SA@390.9-320: Western Fwy@25.9	68	320	107	99	0	6	2	0.14	0.14		0.16	0.00	0.00	0.00		0.00	0.00	LOS_A	1	0.00	0.00
1	3600-7200	55-942: Western Hwy@75.8-69: Mount Cottrell Rd@25.4	942	69	378	354	0	17	7	3.56	3.47		4.83	5.03	0.01	0.01		0.00	0.00	LOS_A	1	0.00	0.00
1	3600-7200	55-942: Western Hwy@75.8-320: Western Fwy@25.9	942	320	1710	1606	7	70	25	2.90	2.88	1.97	3.44	3.21	0.00	0.00	0.00	0.01	0.00	LOS_A	1	0.00	0.00
1	3600-7200	55			2195	2059	7	93	34	2.88	2.85	1.97	3.48	3.40	0.00	0.00	0.00	0.01	0.00	LOS_A	1	0.00	0.00
1	3600-7200	56-24: Paynes Rd SA@384.9-537: Western Hwy@24.0	24	537	109	101	0	6	2	0.17	0.18		0.12	0.08	0.00	0.00		0.00	0.00	LOS_A	1	0.00	0.00
1	3600-7200	56-536: Western Hwy@83.6-23: Paynes Rd@34.1	536	23	211	211	0	0	0	6.65	6.65				0.00	0.00				LOS_A	1	0.00	0.00
1	3600-7200	56-536: Western Hwy@83.6-537: Western Hwy@24.0	536	537	1980	1860	7	81	30	5.24	5.23	3.45	5.26	5.85	0.00	0.00	0.00	0.00	0.00	LOS_A	1	0.00	0.00
1	3600-7200	56			2300	2172	7	87	32	5.13	5.14	3.45	4.91	5.49	0.00	0.00	0.00	0.00	0.00	LOS_A	1	0.00	0.00
1	3600-7200	57-169: Western Hwy@71.3-168: Western Hwy@12.5	169	168	1222	1031	24	99	66	0.63	0.68	0.41	0.39	0.41	0.00	0.00	0.00	0.00	0.00	LOS_A	1	0.00	0.00
1	3600-7200	57-511: Western Freeway service Rd SA@97.7-172: Western Hwy@0.2	511	172	0	0	0	0	0											LOS_A		0.00	0.00
1	3600-7200	57-936: Western Hwy@71.3-172: Western Hwy@0.2	936	172	2191	2071	7	81	30	0.64	0.63	1.10	0.83	1.06	0.00	0.00	0.00	0.00	0.00	LOS_A	1	0.00	0.00
1	3600-7200	57-936: Western Hwy@71.3-512: Zone connector@4.0	936	512	0	0	0	0	0											LOS_A		0.00	0.00
1	3600-7200	57			3413	3102	31	180	96	0.64	0.64	0.56	0.59	0.61	0.00	0.00	0.00	0.00	0.00	LOS_A	1	0.00	0.00
1	3600-7200	58-436@136.8-271: Leakes Rd@61.4	436	271	53	48	0	3	2	2.63	2.35		5.30	5.35	0.00	0.00		0.00	0.00	LOS_A	1	0.00	0.00
1	3600-7200	58-436@136.8-437: Leakes Rd@45.3	436	437	32	27	0	3	2	1.36	1.08		3.02	2.54	0.00	0.00		0.00	0.00	LOS_A	1	0.00	0.00
1	3600-7200	58-600: Leakes Rd@6.4-273@26.5	600	273	133	128	0	4	1	5.55	5.53		6.10	6.25	0.00	0.00		0.00	0.00	LOS_A	1	0.00	0.00
1	3600-7200	58-600: Leakes Rd@6.4-437: Leakes Rd@45.3	600	437	89	67	1	3	1	1.77	1.82	3.94	1.57	0.00	0.00	0.00	0.00	0.00	0.00	LOS_A	1	0.00	0.00
1	3600-7200	58-1263: Leakes Rd@41.8-271: Leakes Rd@61.4	1263	271	147	123	0	4	3	0.45	0.46		1.41	0.95	0.00	0.00		0.00	0.00	LOS_A	1	0.00	0.00
1	3600-7200	58-1263: Leakes Rd@41.8-273@26.5	1263	273	49	41	0	5	3	1.97	1.71		3.21	3.51	0.00	0.00		0.00	0.00	LOS_A	1	0.00	0.00
1	3600-7200	58			503	434	1	22	12	2.47	2.53	3.94	3.44	2.95	0.00	0.00	0.00	0.00	0.00	LOS_A	1	0.00	0.00
1	3600-7200	59-271: Leakes Rd@243.4-602: Leakes Rd@8.6	271	602	200	171	0	7	5	0.63	0.58		1.41	1.02	0.00	0.00		0.00	0.00	LOS_A	1	0.00	0.00
1	3600-7200	59-443: Woodlea Blvd EA@92.7-270: Leakes Rd@21.8	443	270	7	7	0	0	0	1.06	1.06				0.00	0.00				LOS_A	1	0.00	0.00
1	3600-7200	59-443: Woodlea Blvd EA@92.7-442@13.5	443	442	0	0	0	0	0											LOS_A		0.00	0.00
1	3600-7200	59-605: Leakes Rd@48.1-270: Leakes Rd@21.8	605	270	215	188	1	7	2	2.49	0.94	2.27	0.95	0.00	0.00	0.00	0.00	0.00	0.00	LOS_A	1	0.00	0.00
1	3600-7200	59-605: Leakes Rd@48.1-442@13.5	605	442	27	27	0	0	0	0.71	0.71				0.00	0.00				LOS_A	1	0.00	0.00
1	3600-7200	59			449	393	1	14	7	1.53	0.77	2.27	1.18	0.73	0.00	0.00	0.00	0.00	0.00	LOS_A	1	0.00	0.00
1	3600-7200	60-938: Leakes Rd@68.7-398: Taylors Rd@37.8	938	398	156	130	0	7	2	4.03	2.33		4.34	3.97	0.00	0.00		0.00	0.00	LOS_A	1	0.00	0.00
1	3600-7200	60-938: Leakes Rd@68.7-400: Leakes Rd@62.1	938	400	39	36	0	0	3	0.52	0.49			0.90	0.00	0.00			0.00	LOS_A	1	0.00	0.00
1	3600-7200	60-938: Leakes Rd@68.7-402: Leakes Rd@53.8	938	402	0	0	0	0	0											LOS_A		0.00	0.00
1	3600-7200	60-938: Leakes Rd@68.7-271502: Taylors Rd@46.1	938	271502	5	5	0	0	0	3.40	3.40				0.00	0.00				LOS_A	1	0.00	0.00
1	3600-7200	60-271509: Taylors Rd@32.2-400: Leakes Rd@62.1	271509	400	76	76	0	0	0	1.73	1.73				0.00	0.00				LOS_A	1	0.00	0.00
1	3600-7200	60-271509: Taylors Rd@32.2-402: Leakes Rd@53.8	271509	402	132	110	0	5	0	4.45	3.80		5.46		0.01	0.01		0.00		LOS_A	1	0.00	0.00
1	3600-7200	60-271509: Taylors Rd@32.2-271502: Taylors Rd@46.1	271509	271502	95	95	0	0	0	0.19	0.19				0.00	0.00				LOS_A	1	0.00	0.00
1	3600-7200	60-271574: Taylors Rd@30.9-398: Taylors Rd@37.8	271574	398	19	19	0	0	0	0.36	0.36				0.00	0.00				LOS_A	1	0.00	0.00
1	3600-7200	60-271574: Taylors Rd@30.9-402: Leakes Rd@53.8	271574	402	21	21	0	0	0	0.11	0.11				0.00	0.00				LOS_A	1	0.00	0.00
1	3600-7200	60-271576: Taylors Rd@30.3-400: Leakes Rd@62.1	271576	400	25	25	0	0	0	10.56	10.56				0.00	0.00				LOS_B	2	0.00	0.00
1	3600-7200	60-271581: Leakes Rd@28.6-398: Taylors Rd@37.8	271581	398	105	104	0	1	0	0.23	0.22		1.21		0.00	0.00		0.00		LOS_A	1	0.00	0.00
1	3600-7200	60-271581: Leakes Rd@28.6-402: Leakes Rd@53.8	271581	402	89	84	1	2	2	0.19	0.20	0.05	0.00	0.00	0.00	0.00	0.00	0.00	0.00	LOS_A	1	0.00	0.00
1	3600-7200	60-271581: Leakes Rd@28.6-271502: Taylors Rd@46.1	271581	271502	45	43	0	1	1	3.98	3.96		3.70	5.01	0.00	0.00		0.00	0.00	LOS_A	1	0.00	0.00
1	3600-7200	60			807	748	1	16	8	2.35	1.86	0.05	3.91	1.95	0.00	0.00	0.00	0.00	0.00	LOS_A	1	0.00	0.00
1	3600-7200	61-540@22.7-435: Leakes Rd@19.5	540	435	14	14	0	0	0	0.29	0.29				0.00	0.00				LOS_A	1	0.00	0.00
1	3600-7200	61-540@22.7-438: Leakes Rd@14.4	540	438	104	99	0	3	2	0.58	0.50		2.34	2.11	0.00	0.00		0.00	0.00	LOS_A	1	0.00	0.00
1	3600-7200	61-863: Leakes Rd@86.5-265@27.3	863	265	49	46	1	2	0	3.80	3.72	7.27	3.84		0.00	0.00	0.00	0.00		LOS_A	1	0.00	0.00
1	3600-7200	61-863: Leakes Rd@86.5-435: Leakes Rd@19.5	863	435	72	48	0	4	3	0.60	0.80		0.59	0.57	0.00	0.00		0.00	0.00	LOS_A	1	0.00	0.00
1	3600-7200	61-941: Leakes Rd@8.5-265@27.3	941	265	33	31	0	2	0	6.68	6.58		8.36		0.00	0.00		0.00		LOS_A	1	0.00	0.00
1	3600-7200	61-941: Leakes Rd@8.5-438: Leakes Rd@14.4	941	438	92	65	0	6	4	0.69	0.75		0.36	0.32	0.00	0.00		0.00	0.00	LOS_A	1	0.00	0.00
1	3600-7200	61			364	303	1	17	9	1.59	1.70	7.27	2.11	0.80	0.00	0.00	0.00	0.00	0.00	LOS_A	1	0.00	0.00
1	3600-7200	62-267: Ian Cowie Way EA@65.6-264: Leakes Rd@15.6	267	264	0	0	0	0	0											LOS_A		0.00	0.00
1	3600-7200	62-267: Ian Cowie Way EA@65.6-434: Leakes Rd@14.9	267	434	18	18	0	0	0	0.07	0.07				0.00	0.00				LOS_A	1	0.00	0.00
1	3600-7200	62-267: Ian Cowie Way EA@65.6-271596@27.9	267	271596	0	0	0	0	0											LOS_A		0.00	0.00
1	3600-7200	62-538: Leakes Rd@42.7-264: Leakes Rd@15.6	538	264	64	40	0	4	3	0.62	0.47		0.38	0.66	0.00	0.00		0.00	0.00	LOS_A	1	0.00	0.00
1	3600-7200	62-538: Leakes Rd@42.7-268: Ian Cowie Way@17.3	538	268	22	22	0	0	0	5.50	5.50				0.00	0.00				LOS_A	1	0.00	0.00
1	3600-7200	62-538: Leakes Rd@42.7-271596@27.9	538	271596	0	0	0	0	0											LOS_A		0.00	0.00
1	3600-7200	62-864: Leakes Rd@42.2-268: Ian Cowie Way@17.3	864	268	1	1	0	0	0	5.44	5.44				0.00	0.00				LOS_A	1	0.00	0.00
1	3600-7200	62-864: Leakes Rd@42.2-434: Leakes Rd@14.9	864	434	107	78	0	8	4	0.16	0.16		0.20	0.05	0.00	0.00		0.00	0.00	LOS_A	1	0.00	0.00
1	3600-7200	62-864: Leakes Rd@42.2-271596@27.9	864	271596	15	0	0	0	0	0.00					0.00					LOS_A	1	0.00	0.00
1	3600-7200	62-271595: Ian Cowie Way WA@105.8-264: Leakes Rd@15.6	271595	264	15	0	0	0	0	1.79					0.00					LOS_A	1	0.00	0.00
1	3600-7200	62-271595: Ian Cowie Way WA@105.8-268: Ian Cowie Way@17.3	271595	268	0	0	0	0	0											LOS_A		0.00	0.00
1	3600-7200	62-271595: Ian Cowie Way WA@105.8-434: Leakes Rd@14.9	271595	434	0	0	0	0	0											LOS_A		0.00	0.00
1	3600-7200	62			242	159	0	12	7	0.87	1.00		0.26	0.31	0.00	0.00		0.00	0.00	LOS_A	1	0.00	0.00
1	3600-7200	63-374: Westcott Pde EA@100.7-263: Leakes Rd@9.1	374	263	55	23	0	0	0	0.01	0.01				0.00	0.00				LOS_A	1	0.00	0.00
1	3600-7200	63-374: Westcott Pde EA@100.7-372: Leakes Rd@14.9	374	372	0	0	0	0	0											LOS_A		0.00	0.00
1	3600-7200	63-542: Leakes Rd@34.5-372: Leakes Rd@14.9	542	372	45	38	0	4	3	0.41	0.40		0.25	0.76	0.00	0.00		0.00	0.00	LOS_A	1	0.00	0.00
1	3600-7200	63-542: Leakes Rd@34.5-375: Westcott Pde@26.6	542	375	34	2	0	0	0	9.09	7.78				0.00	0.00				LOS_A	1	0.00	0.00
1	3600-7200	63-543: Leakes Rd@6.7-263: Leakes Rd@9.1	543	263	68	56	0	8	4	0.04	0.04		0.04	0.04	0.00	0.00		0.00	0.00	LOS_A	1	0.00	0.00
1	3600-7200	63-543: Leakes Rd@6.7-375: Westcott Pde@26.6	543	375	0	0	0	0	0											LOS_A		0.00	0.00
1	3600-7200	63			202	119	0	12	7	1.64	0.28		0.11	0.35	0.00	0.00		0.00	0.00	LOS_A	1	0.00	0.00
1	3600-7200	64-484: Western Hwy SA@157.6-78: Western Hwy@14.0	484	78	0	0	0	0	0											LOS_A		0.00	0.00
1	3600-7200	64-484: Western Hwy SA@157.6-324: Western Hwy@20.9	484	324	0	0	0	0	0											LOS_A		0.00	0.00
1	3600-7200	64-943: Western Hwy@38.1-78: Western Hwy@14.0	943	78	1319	1125	24	102	66	0.66	0.66	0.89	0.68	0.57	0.00	0.00	0.00	0.00	0.00	LOS_A	1	0.00	0.00
1	3600-7200	64-943: Western Hwy@38.1-324: Western Hwy@20.9	943	324	0	0	0	0	0											LOS_A		0.00	0.00
1	3600-7200	64-943: Western Hwy@38.1-483@8.4	943	483	0	0	0	0	0											LOS_A		0.00	0.00
1	3600-7200	64-1265: Western Hwy@45.2-78: Western Hwy@14.0	1265	78	1	1	0	0	0	0.58	0.58				0.00	0.00				LOS_A	1	0.00	0.00
1	3600-7200	64-1265: Western Hwy@45.2-324: Western Hwy@20.9	1265	324	2230	2110	6	80	32	0.64	0.64	0.77	0.67	0.75	0.00	0.00	0.00	0.00	0.00	LOS_A	1	0.00	0.00
1	3600-7200	64-1265: Western Hwy@45.2-483@8.4	1265	483	0	0	0	0	0											LOS_A		0.00	0.00
1	3600-7200	64			3550	3236	30	182	98	0.65	0.65	0.87	0.68	0.63	0.00	0.00	0.00	0.00	0.00	LOS_A	1	0.00	0.00
1	3600-7200	65-27: Troups Rd N@8.8-29: Western Hwy@8.5	27	29	301	300	0	1	0	0.39	0.39		0.57		0.00	0.00		0.00		LOS_A	1	0.00	0.00
1	3600-7200	65-27: Troups Rd N@8.8-31: Troups Rd N@5.3	27	31	56	56	0	0	0	0.32	0.32				0.00	0.00				LOS_A	1	0.00	0.00
1	3600-7200	65-30: Western Hwy WA@242.6-28: Troups Rd N@3.2	30	28	124	115	0	7	2	0.09	0.09		0.14	0.04	0.00	0.00		0.00	0.00	LOS_A	1	0.00	0.00
1	3600-7200	65-30: Western Hwy WA@242.6-31: Troups Rd N@5.3	30	31	0	0	0	0	0											LOS_A		0.00	0.00
1	3600-7200	65-32: Troups Rd N SA@98.1-28: Troups Rd N@3.2	32	28	1	1	0	0	0	0.00	0.00				0.00	0.00				LOS_A	1	0.00	0.00
1	3600-7200	65-32: Troups Rd N SA@98.1-29: Western Hwy@8.5	32	29	0	0	0	0	0											LOS_A		0.00	0.00
1	3600-7200	65			482	472	0	8	2	0.31	0.31		0.19	0.04	0.00	0.00		0.00	0.00	LOS_A	1	0.00	0.00
1	3600-7200	66-33: Neales Rd W WA@612.0-35: Neales Rd W@48.6	33	35	3	3	0	0	0	2.85	2.85				0.00	0.00				LOS_A	1	0.68	45.03
1	3600-7200	66-33: Neales Rd W WA@612.0-232: Hopkins Rd@6.4	33	232	195	179	3	8	5	16.49	17.11	3.14	7.16	17.43	1.61	1.73	0.00	0.20	0.64	LOS_C	3	0.68	45.03
1	3600-7200	66-33: Neales Rd W WA@612.0-910: Melton Hwy@16.5	33	910	10	10	0	0	0	5.09	5.09				0.43	0.43				LOS_A	1	0.68	45.03
1	3600-7200	66-622: Neales Rd W@45.9-34: Neales Rd W@23.0	622	34	154	153	0	0	1	2.64	2.66			0.03	0.31	0.31			0.00	LOS_A	1	0.00	0.00
1	3600-7200	66-622: Neales Rd W@45.9-232: Hopkins Rd@6.4	622	232	236	209	1	12	12	31.00	31.42	4.52	30.79	29.92	4.67	4.97	0.00	3.15	2.24	LOS_D	4	0.41	28.86
1	3600-7200	66-622: Neales Rd W@45.9-910: Melton Hwy@16.5	622	910	8	8	0	0	0	1.22	1.22				0.00	0.00				LOS_A	1	0.00	0.00
1	3600-7200	66-897: Hopkins Rd@12.7-34: Neales Rd W@23.0	897	34	105	98	0	6	1	3.10	3.12		3.07	1.11	0.00	0.00		0.00	0.00	LOS_A	1	0.00	0.00
1	3600-7200	66-897: Hopkins Rd@12.7-35: Neales Rd W@48.6	897	35	171	159	0	12	0	5.73	5.58		7.76		0.00	0.00		0.00		LOS_A	1	0.00	0.00
1	3600-7200	66-897: Hopkins Rd@12.7-910: Melton Hwy@16.5	897	910	249	225	2	6	3	3.00	2.50	3.33	2.47	2.74	0.00	0.00	0.00	0.00	0.00	LOS_A	1	0.00	0.00
1	3600-7200	66-908: Melton Hwy@9.5-34: Neales Rd W@23.0	908	34	0	0	0	0	0											LOS_A		10.28	81.82
1	3600-7200	66-908: Melton Hwy@9.5-35: Neales Rd W@48.6	908	35	4	4	0	0	0	18.09	18.09				0.46	0.46				LOS_C	3	10.28	81.82
1	3600-7200	66-908: Melton Hwy@9.5-232: Hopkins Rd@6.4	908	232	348	321	0	7	7	29.44	29.41		29.43	43.30	2.76	2.85		1.63	3.59	LOS_D	4	10.28	81.82
1	3600-7200	66			1483	1369	6	51	29	15.76	15.61	3.43	14.88	26.16	1.64	1.69	0.00	1.00	1.90	LOS_C	3	2.27	81.82
1	3600-7200	67-230: Hopkins Rd@28.1-37@43.8	230	37	131	110	2	9	10	9.05	9.02	10.70	9.80	8.44	0.00	0.00	0.00	0.00	0.00	LOS_A	1	0.00	0.00
1	3600-7200	67-230: Hopkins Rd@28.1-426: Hopkins Rd@4.3	230	426	648	599	2	18	14	6.36	6.12	4.14	7.50	7.41	0.01	0.00	0.00	0.00	0.00	LOS_A	1	0.00	0.00
1	3600-7200	67-427: Hopkins Rd@87.2-231: Hopkins Rd@8.3	427	231	494	452	2	23	4	2.14	2.14	1.71	2.31	1.56	0.00	0.00	0.00	0.00	0.00	LOS_A	1	0.00	0.00
1	3600-7200	67-946@14.4-231: Hopkins Rd@8.3	946	231	33	30	0	1	0	1.14	1.00		3.93		0.00	0.00		0.00		LOS_A	1	0.00	0.00
1	3600-7200	67-946@14.4-426: Hopkins Rd@4.3	946	426	38	32	0	4	2	0.58	0.47		0.98	1.59	0.00	0.00		0.00	0.00	LOS_A	1	0.00	0.00
1	3600-7200	67			1344	1223	6	55	30	4.78	4.63	5.52	5.16	6.58	0.01	0.00	0.00	0.00	0.00	LOS_A	1	0.00	0.00
1	3600-7200	69-290: Caroline Springs Blvd@7.8-60: Caroline Springs Blvd@15.2	290	60	0	0	0	0	0											LOS_A		0.00	0.00
1	3600-7200	69-290: Caroline Springs Blvd@7.8-291: Caroline Springs Blvd@13.9	290	291	627	580	0	19	11	1.03	0.83		1.51	2.10	0.00	0.00		0.00	0.00	LOS_A	1	0.00	0.00
1	3600-7200	69-290: Caroline Springs Blvd@7.8-293: Chisholm Dr@13.5	290	293	33	33	0	0	0	0.77	0.77				0.00	0.00				LOS_A	1	0.00	0.00
1	3600-7200	69-290: Caroline Springs Blvd@7.8-431: Springlake Ave@15.9	290	431	18	18	0	0	0	0.83	0.83				0.00	0.00				LOS_A	1	0.00	0.00
1	3600-7200	69-292: Caroline Springs Blvd NA@169.6-60: Caroline Springs Blvd@15.2	292	60	364	308	0	24	15	1.30	0.48		0.21	1.39	0.00	0.00		0.00	0.00	LOS_A	1	0.00	0.00
1	3600-7200	69-292: Caroline Springs Blvd NA@169.6-291: Caroline Springs Blvd@13.9	292	291	0	0	0	0	0											LOS_A		0.00	0.00
1	3600-7200	69-292: Caroline Springs Blvd NA@169.6-293: Chisholm Dr@13.5	292	293	9	9	0	0	0	3.08	3.08				0.00	0.00				LOS_A	1	0.00	0.00
1	3600-7200	69-292: Caroline Springs Blvd NA@169.6-431: Springlake Ave@15.9	292	431	63	63	0	0	0	0.70	0.70				0.00	0.00				LOS_A	1	0.00	0.00
1	3600-7200	69-294: Chisholm Dr EA@69.6-60: Caroline Springs Blvd@15.2	294	60	11	9	0	1	1	0.02	0.02		0.01	0.00	0.00	0.00		0.00	0.00	LOS_A	1	0.00	0.00
1	3600-7200	69-294: Chisholm Dr EA@69.6-291: Caroline Springs Blvd@13.9	294	291	0	0	0	0	0											LOS_A		0.00	0.00
1	3600-7200	69-294: Chisholm Dr EA@69.6-293: Chisholm Dr@13.5	294	293	0	0	0	0	0											LOS_A		0.00	0.00
1	3600-7200	69-294: Chisholm Dr EA@69.6-431: Springlake Ave@15.9	294	431	0	0	0	0	0											LOS_A		0.00	0.00
1	3600-7200	69-430: Springlake Ave WA@96.3-60: Caroline Springs Blvd@15.2	430	60	9	7	0	2	0	0.00	0.00		0.00		0.00	0.00		0.00		LOS_A	1	0.00	0.00
1	3600-7200	69-430: Springlake Ave WA@96.3-291: Caroline Springs Blvd@13.9	430	291	23	23	0	0	0	0.02	0.02				0.00	0.00				LOS_A	1	0.00	0.00
1	3600-7200	69-430: Springlake Ave WA@96.3-293: Chisholm Dr@13.5	430	293	0	0	0	0	0											LOS_A		0.00	0.00
1	3600-7200	69-430: Springlake Ave WA@96.3-431: Springlake Ave@15.9	430	431	0	0	0	0	0											LOS_A		0.00	0.00
1	3600-7200	69			1157	1050	0	46	27	1.06	0.71		0.74	1.63	0.00	0.00		0.00	0.00	LOS_A	1	0.00	0.00
1	3600-7200	70-352: Eucumbene Dr@292.6-111: Christies Rd@15.7	352	111	1	1	0	0	0	0.00	0.00				0.00	0.00				LOS_A	1	0.00	0.00
1	3600-7200	70-647: Christies Rd@1.5-111: Christies Rd@15.7	647	111	423	344	1	38	23	0.86	0.78	1.82	0.95	1.64	0.00	0.00	0.00	0.00	0.00	LOS_A	1	0.00	0.00
1	3600-7200	70-647: Christies Rd@1.5-353: Eucumbene Dr@18.2	647	353	0	0	0	0	0											LOS_A		0.00	0.00
1	3600-7200	70-647: Christies Rd@1.5-271551@28.2	647	271551	0	0	0	0	0											LOS_A		0.00	0.00
1	3600-7200	70-891: Christies Rd@8.5-287: Christies Rd@6.6	891	287	363	333	0	8	5	1.91	1.96		2.32	2.50	0.00	0.00		0.00	0.00	LOS_A	1	0.00	0.00
1	3600-7200	70-891: Christies Rd@8.5-353: Eucumbene Dr@18.2	891	353	43	41	0	2	0	3.86	3.76		5.90		0.00	0.00		0.00		LOS_A	1	0.00	0.00
1	3600-7200	70-891: Christies Rd@8.5-271549@21.0	891	271549	0	0	0	0	0											LOS_A		0.00	0.00
1	3600-7200	70-271550@4.0-287: Christies Rd@6.6	271550	287	0	0	0	0	0											LOS_A		0.00	0.00
1	3600-7200	70			830	719	1	48	28	1.47	1.50	1.82	1.39	1.79	0.00	0.00	0.00	0.00	0.00	LOS_A	1	0.00	0.00
1	3600-7200	71-111: Christies Rd@84.9-129@9.8	111	129	267	238	1	19	9	0.49	0.49	1.15	0.33	0.67	0.00	0.00	0.00	0.00	0.00	LOS_A	1	0.00	0.00
1	3600-7200	71-111: Christies Rd@84.9-282: Christies Rd@12.4	111	282	157	107	0	19	14	0.53	0.44		0.63	1.31	0.00	0.00		0.00	0.00	LOS_A	1	0.00	0.00
1	3600-7200	71-274: Christies Rd@5.8-112: Christies Rd@20.6	274	112	406	374	0	10	5	5.14	5.30		5.45	4.01	0.00	0.00		0.00	0.00	LOS_A	1	0.00	0.00
1	3600-7200	71-274: Christies Rd@5.8-129@9.8	274	129	231	149	3	55	24	8.67	8.68	12.17	8.27	9.11	0.00	0.00	0.00	0.00	0.00	LOS_A	1	0.00	0.00
1	3600-7200	71			1061	868	4	103	52	4.06	3.96	9.41	5.12	5.06	0.00	0.00	0.00	0.00	0.00	LOS_A	1	0.00	0.00
1	3600-7200	72-126@294.6-280: Christies Rd@41.9	126	280	237	232	0	5	0	2.03	1.97		4.86		0.00	0.00		0.00		LOS_A	1	0.00	0.00
1	3600-7200	72-126@294.6-394: Christies Rd@15.7	126	394	54	25	1	27	1	2.16	1.54	5.18	2.56	3.79	0.00	0.00	0.00	0.00	0.00	LOS_A	1	0.00	0.00
1	3600-7200	72-126@294.6-626: Palm Springs Rd@75.1	126	626	39	34	1	2	2	2.44	2.03	5.00	3.44	7.12	0.00	0.00	0.00	0.00	0.00	LOS_A	1	0.00	0.00
1	3600-7200	72-279: Christies Rd@96.9-280: Christies Rd@41.9	279	280	0	0	0	0	0											LOS_A		0.00	0.00
1	3600-7200	72-279: Christies Rd@96.9-394: Christies Rd@15.7	279	394	100	52	0	18	13	0.55	0.65		0.41	0.97	0.00	0.00		0.00	0.00	LOS_A	1	0.00	0.00
1	3600-7200	72-279: Christies Rd@96.9-626: Palm Springs Rd@75.1	279	626	57	55	0	1	1	0.91	0.88		0.00	3.59	0.00	0.00		0.00	0.00	LOS_A	1	0.00	0.00
1	3600-7200	72-393: Christies Rd SA@348.6-280: Christies Rd@41.9	393	280	146	55	2	55	17	0.62	1.30	0.58	0.25	0.19	0.01	0.03	0.00	0.00	0.00	LOS_A	1	0.00	0.00
1	3600-7200	72-393: Christies Rd SA@348.6-394: Christies Rd@15.7	393	394	0	0	0	0	0											LOS_A		0.00	0.00
1	3600-7200	72-393: Christies Rd SA@348.6-626: Palm Springs Rd@75.1	393	626	4	4	0	0	0	1.02	1.02				0.00	0.00				LOS_A	1	0.00	0.00
1	3600-7200	72-625: Palm Springs Rd WA@88.9-280: Christies Rd@41.9	625	280	254	236	1	5	12	0.70	0.74	1.40	0.00	0.23	0.02	0.02	0.00	0.00	0.00	LOS_A	1	0.00	0.00
1	3600-7200	72-625: Palm Springs Rd WA@88.9-394: Christies Rd@15.7	625	394	29	29	0	0	0	1.40	1.40				0.02	0.02				LOS_A	1	0.00	0.00
1	3600-7200	72-625: Palm Springs Rd WA@88.9-626: Palm Springs Rd@75.1	625	626	0	0	0	0	0											LOS_A		0.00	0.00
1	3600-7200	72			920	722	5	113	46	1.21	1.30	2.55	1.07	0.88	0.01	0.01	0.00	0.00	0.00	LOS_A	1	0.00	0.00
1	3600-7200	73-350: Delma Rd@97.2-464: Ballarat Rd  Western Hwy@8.8	350	464	20	20	0	0	0	0.10	0.10				0.00	0.00				LOS_A	1	0.00	0.00
1	3600-7200	73-663: Ballarat Rd  Western Hwy@46.8-351: Delma Rd@11.2	663	351	0	0	0	0	0											LOS_A		0.00	0.00
1	3600-7200	73-663: Ballarat Rd  Western Hwy@46.8-464: Ballarat Rd  Western Hwy@8.8	663	464	1136	1075	1	37	23	1.15	1.16	2.58	1.05	1.02	0.00	0.00	0.00	0.00	0.00	LOS_A	1	0.00	0.00
1	3600-7200	73			1156	1095	1	37	23	1.14	1.14	2.58	1.05	1.02	0.00	0.00	0.00	0.00	0.00	LOS_A	1	0.00	0.00
1	3600-7200	76-911: Grand Blvd WA@130.2-404: Hopkins Rd@29.7	911	404	53	53	0	0	0	0.35	0.35				0.00	0.00				LOS_A	1	0.00	0.00
1	3600-7200	76-911: Grand Blvd WA@130.2-408: Hopkins Rd@16.0	911	408	70	70	0	0	0	0.22	0.22				0.00	0.00				LOS_A	1	0.00	0.00
1	3600-7200	76-913: Hopkins Rd@4.0-408: Hopkins Rd@16.0	913	408	598	517	4	45	26	0.39	0.42	0.29	0.21	0.21	0.00	0.00	0.00	0.00	0.00	LOS_A	1	0.00	0.00
1	3600-7200	76-913: Hopkins Rd@4.0-912@27.4	913	912	31	30	0	1	0	3.19	3.14		4.78		0.00	0.00		0.00		LOS_A	1	0.00	0.00
1	3600-7200	76-948: Hopkins Rd@33.1-404: Hopkins Rd@29.7	948	404	412	380	1	16	9	1.96	2.06	0.34	1.31	0.38	0.00	0.00	0.00	0.00	0.00	LOS_A	1	0.00	0.00
1	3600-7200	76-948: Hopkins Rd@33.1-912@27.4	948	912	189	188	0	1	0	8.69	8.68		9.92		0.00	0.00		0.00		LOS_A	1	0.00	0.00
1	3600-7200	76			1353	1238	5	63	35	2.08	2.23	0.30	0.72	0.25	0.00	0.00	0.00	0.00	0.00	LOS_A	1	0.00	0.00
1	3600-7200	77-208: Western Fwy@25.5-84: Western Fwy@15.9	208	84	936	795	24	72	45	2.15	2.33	0.76	1.52	0.65	0.00	0.00	0.00	0.00	0.00	LOS_A	1	0.00	0.00
1	3600-7200	77-208: Western Fwy@25.5-180@16.3	208	180	298	289	1	5	3	7.36	7.34	10.02	8.08	7.35	0.00	0.00	0.00	0.00	0.00	LOS_A	1	0.00	0.00
1	3600-7200	77			1234	1084	25	77	48	3.40	3.66	1.13	1.94	1.07	0.00	0.00	0.00	0.00	0.00	LOS_A	1	0.00	0.00
1	3600-7200	78-84: Western Fwy@896.5-203: Western Fwy@19.3	84	203	936	795	24	72	45	0.46	0.49	0.58	0.26	0.27	0.00	0.00	0.00	0.00	0.00	LOS_A	1	0.00	0.00
1	3600-7200	78-529@58.8-203: Western Fwy@19.3	529	203	300	250	0	27	21	0.73	0.62		1.31	1.34	0.00	0.00		0.00	0.00	LOS_A	1	0.00	0.00
1	3600-7200	78			1236	1045	24	99	66	0.53	0.52	0.58	0.55	0.61	0.00	0.00	0.00	0.00	0.00	LOS_A	1	0.00	0.00
1	3600-7200	79-184: Western Fwy@928.7-205: Western Fwy@68.7	184	205	1342	1267	7	46	22	0.73	0.69	2.25	1.28	1.59	0.00	0.00	0.00	0.00	0.00	LOS_A	1	0.00	0.00
1	3600-7200	79-333@86.1-205: Western Fwy@68.7	333	205	166	162	0	1	3	1.35	1.32		2.56	2.34	0.00	0.00		0.00	0.00	LOS_A	1	0.00	0.00
1	3600-7200	79			1508	1429	7	47	25	0.80	0.76	2.25	1.31	1.68	0.00	0.00	0.00	0.00	0.00	LOS_A	1	0.00	0.00
1	3600-7200	80-424: Western Fwy@14.2-184: Western Fwy@85.3	424	184	1342	1267	7	46	22	2.79	2.79	2.32	3.00	2.43	0.00	0.00	0.00	0.00	0.00	LOS_A	1	0.00	0.00
1	3600-7200	80-424: Western Fwy@14.2-337@9.9	424	337	474	437	0	30	5	7.70	7.47		10.23	10.53	0.00	0.00		0.00	0.00	LOS_A	1	0.00	0.00
1	3600-7200	80			1816	1704	7	76	27	4.07	3.99	2.32	5.86	3.93	0.00	0.00	0.00	0.00	0.00	LOS_A	1	0.00	0.00
1	3600-7200	81-532: Western Hwy@54.0-334: Western Hwy@32.2	532	334	1212	1021	24	99	66	0.79	0.83	0.67	0.49	0.69	0.00	0.00	0.00	0.00	0.00	LOS_A	1	0.00	0.00
1	3600-7200	81-532: Western Hwy@54.0-481@38.6	532	481	23	23	0	0	0	5.60	5.60				0.00	0.00				LOS_A	1	0.00	0.00
1	3600-7200	81			1235	1044	24	99	66	0.88	0.94	0.67	0.49	0.69	0.00	0.00	0.00	0.00	0.00	LOS_A	1	0.00	0.00
1	3600-7200	82-334: Western Hwy@654.9-72: Western Hwy@13.0	334	72	1212	1021	24	99	66	0.97	1.03	0.84	0.63	0.57	0.00	0.00	0.00	0.00	0.00	LOS_A	1	0.00	0.00
1	3600-7200	82-482@267.1-72: Western Hwy@13.0	482	72	10	10	0	0	0	0.02	0.02				0.00	0.00				LOS_A	1	0.00	0.00
1	3600-7200	82			1222	1031	24	99	66	0.96	1.02	0.84	0.63	0.57	0.00	0.00	0.00	0.00	0.00	LOS_A	1	0.00	0.00
1	3600-7200	83-313: Western Hwy@39.7-103: Western Hwy@23.4	313	103	1137	956	24	93	62	1.23	1.28	0.76	0.94	1.11	0.00	0.00	0.00	0.00	0.00	LOS_A	1	0.00	0.00
1	3600-7200	83-313: Western Hwy@39.7-174@14.4	313	174	85	75	0	6	4	5.14	4.96		6.47	6.52	0.00	0.00		0.00	0.00	LOS_A	1	0.00	0.00
1	3600-7200	83			1222	1031	24	99	66	1.50	1.55	0.76	1.28	1.44	0.00	0.00	0.00	0.00	0.00	LOS_A	1	0.00	0.00
1	3600-7200	84-161@132.7-99: Western Hwy@10.0	161	99	82	77	1	4	0	0.67	0.63	2.93	0.87		0.00	0.00	0.00	0.00		LOS_A	1	0.00	0.00
1	3600-7200	84-187: Western Hwy@838.0-99: Western Hwy@10.0	187	99	2110	1995	6	77	30	1.29	1.28	1.36	1.34	1.44	0.00	0.00	0.00	0.00	0.00	LOS_A	1	0.00	0.00
1	3600-7200	84			2192	2072	7	81	30	1.26	1.26	1.59	1.31	1.44	0.00	0.00	0.00	0.00	0.00	LOS_A	1	0.00	0.00
1	3600-7200	85-103: Western Hwy@829.6-89: Western Hwy@49.7	103	89	1137	956	24	93	62	1.51	1.59	0.84	1.24	0.93	0.00	0.00	0.00	0.00	0.00	LOS_A	1	0.00	0.00
1	3600-7200	85-175@113.1-89: Western Hwy@49.7	175	89	182	169	0	9	4	0.57	0.53		0.93	1.29	0.00	0.00		0.00	0.00	LOS_A	1	0.00	0.00
1	3600-7200	85			1319	1125	24	102	66	1.38	1.43	0.84	1.21	0.95	0.00	0.00	0.00	0.00	0.00	LOS_A	1	0.00	0.00
1	3600-7200	86-323: Western Hwy@20.0-159@12.1	323	159	118	113	0	3	2	3.66	3.55		6.19	6.20	0.00	0.00		0.00	0.00	LOS_A	1	0.00	0.00
1	3600-7200	86-323: Western Hwy@20.0-187: Western Hwy@33.1	323	187	2112	1997	6	77	30	2.39	2.41	1.00	2.13	2.17	0.00	0.00	0.00	0.00	0.00	LOS_A	1	0.00	0.00
1	3600-7200	86			2230	2110	6	80	32	2.46	2.47	1.00	2.28	2.42	0.00	0.00	0.00	0.00	0.00	LOS_A	1	0.00	0.00
1	3600-7200	87-343: Western Hwy@756.9-154: Western Hwy@6.1	343	154	2351	2239	6	74	30	1.85	1.86	0.82	1.54	1.47	0.00	0.00	0.00	0.00	0.00	LOS_A	1	0.00	0.00
1	3600-7200	87-480@343.6-154: Western Hwy@6.1	480	154	113	113	0	0	0	0.05	0.05				0.00	0.00				LOS_A	1	0.00	0.00
1	3600-7200	87			2464	2352	6	74	30	1.76	1.78	0.82	1.54	1.47	0.00	0.00	0.00	0.00	0.00	LOS_A	1	0.00	0.00
1	3600-7200	88-955: Western Fwy@13.7-343: Western Hwy@21.2	955	343	2351	2239	6	74	30	1.52	1.51	1.38	1.66	2.13	0.00	0.00	0.00	0.00	0.00	LOS_A	1	0.00	0.00
1	3600-7200	88-955: Western Fwy@13.7-479@7.3	955	479	0	0	0	0	0											LOS_A		0.00	0.00
1	3600-7200	88			2351	2239	6	74	30	1.52	1.51	1.38	1.66	2.13	0.00	0.00	0.00	0.00	0.00	LOS_A	1	0.00	0.00
1	3600-7200	89-228: Western Fwy@25.8-108@38.1	228	108	71	62	0	5	2	6.89	6.65		8.77	7.68	0.00	0.00		0.00	0.00	LOS_A	1	0.00	0.00
1	3600-7200	89-228: Western Fwy@25.8-194: Western Fwy@23.2	228	194	1249	1064	24	97	64	1.78	1.76	1.58	2.00	1.82	0.00	0.00	0.00	0.00	0.00	LOS_A	1	0.00	0.00
1	3600-7200	89			1320	1126	24	102	66	2.05	2.03	1.58	2.33	2.00	0.00	0.00	0.00	0.00	0.00	LOS_A	1	0.00	0.00
1	3600-7200	90-104@749.4-417: Western Fwy@11.1	104	417	300	289	0	6	3	0.63	0.63		0.42	0.59	0.00	0.00		0.00	0.00	LOS_A	1	0.00	0.00
1	3600-7200	90-196: Western Fwy@1281.0-417: Western Fwy@11.1	196	417	2051	1950	6	68	27	2.27	2.28	1.23	2.00	2.07	0.00	0.00	0.00	0.00	0.00	LOS_A	1	0.00	0.00
1	3600-7200	90			2351	2239	6	74	30	2.06	2.07	1.23	1.88	1.92	0.00	0.00	0.00	0.00	0.00	LOS_A	1	0.00	0.00
1	3600-7200	91-260: Hopkins Rd@38.0-419@15.1	260	419	277	215	2	37	23	6.10	5.83	8.21	6.86	7.20	0.00	0.00	0.00	0.00	0.00	LOS_A	1	0.00	0.00
1	3600-7200	91-260: Hopkins Rd@38.0-427: Hopkins Rd@14.4	260	427	494	452	2	23	4	4.33	4.47	2.43	3.39	3.60	0.00	0.00	0.00	0.00	0.00	LOS_A	1	0.00	0.00
1	3600-7200	91-426: Hopkins Rd@77.5-43: Hopkins Rd@14.4	426	43	686	631	2	22	16	1.59	1.60	1.84	1.82	1.86	0.00	0.00	0.00	0.00	0.00	LOS_A	1	0.00	0.00
1	3600-7200	91			1457	1298	6	82	43	3.37	3.30	4.16	4.54	4.88	0.00	0.00	0.00	0.00	0.00	LOS_A	1	0.00	0.00
1	3600-7200	92-107@313.1-8: Western Fwy@5.3	107	8	408	325	4	46	33	1.16	1.11	1.94	1.40	1.30	0.00	0.00	0.00	0.00	0.00	LOS_A	1	0.00	0.00
1	3600-7200	92-194: Western Fwy@609.6-8: Western Fwy@5.3	194	8	1248	1063	24	97	64	1.76	1.79	0.97	1.82	1.48	0.00	0.00	0.00	0.00	0.00	LOS_A	1	0.19	34.70
1	3600-7200	92			1656	1388	28	143	97	1.62	1.63	1.11	1.69	1.42	0.00	0.00	0.00	0.00	0.00	LOS_A	1	0.10	34.70
1	3600-7200	93-224: Western Fwy@24.6-149@12.9	224	149	185	161	1	23	0	5.36	5.03	10.53	7.48		0.00	0.00	0.00	0.00		LOS_A	1	0.00	0.00
1	3600-7200	93-224: Western Fwy@24.6-196: Western Fwy@9.8	224	196	2051	1950	6	68	27	2.23	2.24	2.73	2.01	2.23	0.00	0.00	0.00	0.00	0.00	LOS_A	1	0.00	0.00
1	3600-7200	93			2236	2111	7	91	27	2.49	2.45	3.85	3.39	2.23	0.00	0.00	0.00	0.00	0.00	LOS_A	1	0.00	0.00
1	3600-7200	94-949: Western Fwy@23.3-136@6.8	949	136	400	366	0	18	16	0.82	0.84		0.50	0.58	0.00	0.00		0.00	0.00	LOS_A	1	0.00	0.00
1	3600-7200	94-949: Western Fwy@23.3-389: Western Fwy  Deer Park Byp@4.2	949	389	1256	1022	28	125	81	1.22	1.32	0.81	0.77	0.82	0.00	0.00	0.00	0.00	0.00	LOS_A	1	0.00	0.00
1	3600-7200	94			1656	1388	28	143	97	1.12	1.19	0.81	0.73	0.78	0.00	0.00	0.00	0.00	0.00	LOS_A	1	0.00	0.00
1	3600-7200	95-952: Western Hwy@80.5-1039: Western Fwy@10.4	952	1039	851	817	0	21	13	33.59	33.52		31.48	41.39	2.24	2.23		2.94	1.33	LOS_D	4	4.93	131.90
1	3600-7200	95-1038: Western Fwy  Deer Park Byp@73.0-1039: Western Fwy@10.4	1038	1039	1385	1294	7	70	14	50.32	50.39	59.46	44.43	68.42	4.56	4.59	8.45	3.08	7.26	LOS_F	6	140.22	507.59
1	3600-7200	95			2236	2111	7	91	27	43.95	43.86	59.46	41.44	55.41	3.67	3.68	8.45	3.05	4.41	LOS_E	5	72.58	507.59
1	3600-7200	96-125@88.9-147: Western Fwy  Deer Park Byp@16.2	125	147	498	387	4	74	33	3.88	3.71	5.65	4.26	4.78	0.00	0.00	0.00	0.00	0.00	LOS_A	1	0.00	0.00
1	3600-7200	96-389: Western Fwy  Deer Park Byp@1708.1-147: Western Fwy  Deer Park Byp@16.2	389	147	1256	1022	28	125	81	1.47	1.56	1.27	1.18	0.87	0.00	0.00	0.00	0.00	0.00	LOS_A	1	0.00	0.00
1	3600-7200	96			1754	1409	32	199	114	2.16	2.15	1.82	2.33	2.00	0.00	0.00	0.00	0.00	0.00	LOS_A	1	0.00	0.00
1	3600-7200	97-240: Western Fwy  Deer Park Byp@38.1-126@16.7	240	126	330	291	2	34	3	4.91	4.73	6.94	6.13	7.31	0.00	0.00	0.00	0.00	0.00	LOS_A	1	0.00	6.54
1	3600-7200	97-240: Western Fwy  Deer Park Byp@38.1-189: Western Fwy  Deer Park Byp@17.7	240	189	1385	1294	7	70	14	3.37	3.40	2.52	3.18	2.45	0.00	0.00	0.00	0.00	0.00	LOS_A	1	0.00	6.54
1	3600-7200	97			1715	1585	9	104	17	3.67	3.64	3.50	4.15	3.31	0.00	0.00	0.00	0.00	0.00	LOS_A	1	0.00	6.54
1	3600-7200	98-91: Ballarat Rd  Western Hwy@67.3-362: Ballarat Rd  Western Hwy@13.4	91	362	347	322	0	12	13	0.51	0.48		0.82	0.94	0.00	0.00		0.00	0.00	LOS_A	1	0.00	0.00
1	3600-7200	98-92: Ballarat Rd  Western Hwy@8.7-362: Ballarat Rd  Western Hwy@13.4	92	362	0	0	0	0	0											LOS_A		0.00	0.00
1	3600-7200	98			347	322	0	12	13	0.51	0.48		0.82	0.94	0.00	0.00		0.00	0.00	LOS_A	1	0.00	0.00
1	3600-7200	99-209: Ballarat Rd  Western Hwy@46.4-1: Ballarat Rd  Western Hwy@6.6	209	1	347	322	0	12	13	0.29	0.28		0.40	0.42	0.00	0.00		0.00	0.00	LOS_A	1	0.00	0.00
1	3600-7200	99-209: Ballarat Rd  Western Hwy@46.4-2: Ballarat Rd  Western Hwy@6.5	209	2	0	0	0	0	0											LOS_A		0.00	0.00
1	3600-7200	99			347	322	0	12	13	0.29	0.28		0.40	0.42	0.00	0.00		0.00	0.00	LOS_A	1	0.00	0.00
1	3600-7200	100-1141@18.3-1143@28.5	1141	1143	0	0	0	0	0											LOS_A		0.00	0.00
1	3600-7200	100-1141@18.3-1147@16.5	1141	1147	164	163	0	0	1	0.78	0.78			0.09	0.00	0.00			0.00	LOS_A	1	0.00	0.00
1	3600-7200	100-1141@18.3-1152@26.0	1141	1152	137	133	0	1	3	0.56	0.57		0.00	0.11	0.00	0.00		0.00	0.00	LOS_A	1	0.00	0.00
1	3600-7200	100-1141@18.3-1158@25.0	1141	1158	271	271	0	0	0	0.68	0.68				0.00	0.00				LOS_A	1	0.00	0.00
1	3600-7200	100-1146: High Street WA@382.0-1143@28.5	1146	1143	98	97	0	1	0	0.33	0.33		0.07		0.00	0.00		0.00		LOS_A	1	0.00	0.00
1	3600-7200	100-1146: High Street WA@382.0-1147@16.5	1146	1147	0	0	0	0	0											LOS_A		0.00	0.00
1	3600-7200	100-1146: High Street WA@382.0-1152@26.0	1146	1152	159	156	0	2	1	0.28	0.29		0.00	0.00	0.00	0.00		0.00	0.00	LOS_A	1	0.00	0.00
1	3600-7200	100-1146: High Street WA@382.0-1158@25.0	1146	1158	39	36	0	1	2	0.56	0.60		0.25	0.03	0.00	0.00		0.00	0.00	LOS_A	1	0.00	0.00
1	3600-7200	100-1159: Bulmans Rd NA@120.5-1143@28.5	1159	1143	215	212	0	1	2	0.14	0.14		0.11	0.04	0.00	0.00		0.00	0.00	LOS_A	1	0.00	0.00
1	3600-7200	100-1159: Bulmans Rd NA@120.5-1147@16.5	1159	1147	6	0	0	4	2	0.00			0.00	0.00	0.00			0.00	0.00	LOS_A	1	0.00	0.00
1	3600-7200	100-1159: Bulmans Rd NA@120.5-1152@26.0	1159	1152	85	85	0	0	0	0.14	0.14				0.00	0.00				LOS_A	1	0.00	0.00
1	3600-7200	100-1159: Bulmans Rd NA@120.5-1158@25.0	1159	1158	0	0	0	0	0											LOS_A		0.00	0.00
1	3600-7200	100-1234@184.1-1143@28.5	1234	1143	192	188	0	3	1	0.83	0.85		0.15	0.00	0.00	0.00		0.00	0.00	LOS_A	1	0.00	0.00
1	3600-7200	100-1234@184.1-1147@16.5	1234	1147	126	119	0	5	2	0.80	0.76		1.97	0.02	0.00	0.00		0.00	0.00	LOS_A	1	0.00	0.00
1	3600-7200	100-1234@184.1-1152@26.0	1234	1152	0	0	0	0	0											LOS_A		0.00	0.00
1	3600-7200	100-1234@184.1-1158@25.0	1234	1158	79	79	0	0	0	0.81	0.81				0.00	0.00				LOS_A	1	0.00	0.00
1	3600-7200	100			1571	1539	0	18	14	0.54	0.55		0.60	0.04	0.00	0.00		0.00	0.00	LOS_A	1	0.00	0.00
1	3600-7200	101-1144@12.5-1140@37.3	1144	1140	0	0	0	0	0											LOS_A		0.00	0.00
1	3600-7200	101-1144@12.5-1168@28.2	1144	1168	9	9	0	0	0	0.60	0.60				0.00	0.00				LOS_A	1	0.00	0.00
1	3600-7200	101-1144@12.5-1170@29.6	1144	1170	271	269	0	1	1	0.57	0.57		0.04	0.00	0.00	0.00		0.00	0.00	LOS_A	1	0.00	0.00
1	3600-7200	101-1144@12.5-1171@32.9	1144	1171	225	219	0	4	2	0.62	0.63		0.46	0.02	0.00	0.00		0.00	0.00	LOS_A	1	0.00	0.00
1	3600-7200	101-1167: Botanica Spring Blvd WA@141.4-1140@37.3	1167	1140	20	20	0	0	0	0.06	0.06				0.00	0.00				LOS_A	1	0.00	0.00
1	3600-7200	101-1167: Botanica Spring Blvd WA@141.4-1168@28.2	1167	1168	0	0	0	0	0											LOS_A		0.00	0.00
1	3600-7200	101-1167: Botanica Spring Blvd WA@141.4-1170@29.6	1167	1170	19	19	0	0	0	0.05	0.05				0.00	0.00				LOS_A	1	0.00	0.00
1	3600-7200	101-1167: Botanica Spring Blvd WA@141.4-1171@32.9	1167	1171	28	28	0	0	0	0.08	0.08				0.00	0.00				LOS_A	1	0.00	0.00
1	3600-7200	101-1169: Clarkes Rd SA@143.9-1140@37.3	1169	1140	129	129	0	0	0	0.14	0.14				0.00	0.00				LOS_A	1	0.00	0.00
1	3600-7200	101-1169: Clarkes Rd SA@143.9-1168@28.2	1169	1168	15	15	0	0	0	0.04	0.04				0.00	0.00				LOS_A	1	0.00	0.00
1	3600-7200	101-1169: Clarkes Rd SA@143.9-1170@29.6	1169	1170	0	0	0	0	0											LOS_A		0.00	0.00
1	3600-7200	101-1169: Clarkes Rd SA@143.9-1171@32.9	1169	1171	16	16	0	0	0	0.10	0.10				0.00	0.00				LOS_A	1	0.00	0.00
1	3600-7200	101-1172: Botanica Spring Blvd EA@137.6-1140@37.3	1172	1140	423	418	0	1	4	0.30	0.30		0.00	0.02	0.00	0.00		0.00	0.00	LOS_A	1	0.00	0.00
1	3600-7200	101-1172: Botanica Spring Blvd EA@137.6-1168@28.2	1172	1168	48	47	0	0	1	0.11	0.11			0.00	0.00	0.00			0.00	LOS_A	1	0.00	0.00
1	3600-7200	101-1172: Botanica Spring Blvd EA@137.6-1170@29.6	1172	1170	57	56	0	0	1	0.23	0.23			0.06	0.00	0.00			0.00	LOS_A	1	0.00	0.00
1	3600-7200	101-1172: Botanica Spring Blvd EA@137.6-1171@32.9	1172	1171	0	0	0	0	0											LOS_A		0.00	0.00
1	3600-7200	101			1260	1245	0	6	9	0.37	0.37		0.32	0.02	0.00	0.00		0.00	0.00	LOS_A	1	0.00	0.00
1	3600-7200	102-1150@427.1-1155@20.3	1150	1155	54	54	0	0	0	0.45	0.45				0.00	0.00				LOS_A	1	0.00	0.00
1	3600-7200	102-1150@427.1-1156@9.2	1150	1156	193	188	0	4	1	0.26	0.26		0.22	0.13	0.00	0.00		0.00	0.00	LOS_A	1	0.00	0.00
1	3600-7200	102-1154@88.9-1153@11.3	1154	1153	184	184	0	0	0	1.85	1.85				0.00	0.00				LOS_A	1	0.00	0.00
1	3600-7200	102-1154@88.9-1155@20.3	1154	1155	123	117	0	3	3	4.47	4.40		5.64	6.14	0.00	0.00		0.00	0.00	LOS_A	1	0.00	0.00
1	3600-7200	102-1157: Harkness Rd NA@97.7-1153@11.3	1157	1153	28	28	0	0	0	0.04	0.04				0.00	0.00				LOS_A	1	0.00	0.00
1	3600-7200	102-1157: Harkness Rd NA@97.7-1156@9.2	1157	1156	123	118	0	3	2	0.06	0.06		0.00	0.00	0.00	0.00		0.00	0.00	LOS_A	1	0.00	0.00
1	3600-7200	102			705	689	0	10	6	1.38	1.36		1.78	3.09	0.00	0.00		0.00	0.00	LOS_A	1	0.00	0.00
1	3600-7200	103			0	0	0	0	0											LOS_A			
1	3600-7200	104			0	0	0	0	0											LOS_A			
1	3600-7200	105			0	0	0	0	0											LOS_A			
1	3600-7200	106			0	0	0	0	0											LOS_A			
1	3600-7200	107			0	0	0	0	0											LOS_A			
1	3600-7200	108			0	0	0	0	0											LOS_A			
1	3600-7200	109			0	0	0	0	0											LOS_A			
1	3600-7200	113			0	0	0	0	0											LOS_A			
1	3600-7200	114-1081: Coburns Rd SA@150.5-1125@21.0	1081	1125	277	228	3	8	7	3.12	1.46	2.10	0.36	3.76	0.00	0.00	0.00	0.00	0.00	LOS_A	1	0.00	0.00
1	3600-7200	114-1081: Coburns Rd SA@150.5-1128@12.2	1081	1128	159	144	0	8	7	6.38	6.20		6.88	9.43	0.01	0.01		0.00	0.00	LOS_A	1	0.00	0.00
1	3600-7200	114-1129@3.3-1130@26.0	1129	1130	277	263	0	10	4	6.71	6.60		8.49	9.32	0.00	0.00		0.00	0.00	LOS_A	1	0.00	0.00
1	3600-7200	114-1132@5.3-1125@21.0	1132	1125	190	188	0	2	0	0.52	0.49		3.09		0.00	0.00		0.00		LOS_A	1	0.00	0.00
1	3600-7200	114-1240: Western Fwy@6.0-1128@12.2	1240	1128	146	141	0	2	3	2.13	2.15		1.09	1.96	0.00	0.00		0.00	0.00	LOS_A	1	0.00	0.00
1	3600-7200	114-1240: Western Fwy@6.0-1130@26.0	1240	1130	229	192	0	4	2	0.42	0.36		1.70	1.37	0.00	0.00		0.00	0.00	LOS_A	1	0.00	0.00
1	3600-7200	114			1278	1156	3	34	23	3.32	2.96	2.10	4.65	6.01	0.00	0.00	0.00	0.00	0.00	LOS_A	1	0.00	0.00
1	3600-7200	115-1092: Western Fwy@41.4-1091@18.2	1092	1091	223	206	0	11	6	3.77	3.71		4.62	4.55	0.04	0.04		0.00	0.00	LOS_A	1	0.08	36.46
1	3600-7200	115-1092: Western Fwy@41.4-1093: Western Fwy@20.0	1092	1093	755	636	20	62	37	1.61	1.71	0.80	1.35	0.65	0.01	0.01	0.00	0.06	0.00	LOS_A	1	0.08	36.46
1	3600-7200	115			978	842	20	73	43	2.10	2.20	0.80	1.84	1.20	0.02	0.02	0.00	0.05	0.00	LOS_A	1	0.08	36.46
1	3600-7200	116-1134: Western Fwy@853.1-1137: Western Fwy@29.6	1134	1137	1038	975	7	35	21	0.52	0.49	1.39	0.92	1.04	0.00	0.00	0.00	0.00	0.00	LOS_A	1	0.00	0.00
1	3600-7200	116-1139@39.2-1137: Western Fwy@29.6	1139	1137	305	285	0	10	10	1.23	1.19		1.95	1.70	0.00	0.00		0.00	0.00	LOS_A	1	0.00	0.00
1	3600-7200	116			1343	1260	7	45	31	0.68	0.65	1.39	1.15	1.25	0.00	0.00	0.00	0.00	0.00	LOS_A	1	0.00	0.00
1	3600-7200	117-1093: Western Fwy@887.1-1118: Western Fwy@20.0	1093	1118	755	636	20	62	37	0.49	0.52	0.68	0.26	0.23	0.00	0.00	0.00	0.00	0.00	LOS_A	1	0.00	0.00
1	3600-7200	117-1117@115.1-1118: Western Fwy@20.0	1117	1118	479	448	5	15	11	1.31	1.32	1.53	1.00	1.48	0.00	0.00	0.00	0.00	0.00	LOS_A	1	0.00	0.00
1	3600-7200	117			1234	1084	25	77	48	0.81	0.85	0.85	0.41	0.52	0.00	0.00	0.00	0.00	0.00	LOS_A	1	0.00	0.00
1	3600-7200	118-1135: Western Fwy@35.7-1134: Western Fwy@6.5	1135	1134	1038	975	7	35	21	1.87	1.83	2.47	2.22	2.81	0.00	0.00	0.00	0.00	0.00	LOS_A	1	0.00	6.35
1	3600-7200	118-1135: Western Fwy@35.7-1136: Western Fwy@4.3	1135	1136	467	451	0	12	4	4.69	4.66		5.88	5.33	0.00	0.00		0.00	0.00	LOS_A	1	0.00	6.35
1	3600-7200	118			1505	1426	7	47	25	2.74	2.72	2.47	3.15	3.21	0.00	0.00	0.00	0.00	0.00	LOS_A	1	0.00	6.35
1	3600-7200	119-1090@228.7-1098@20.0	1090	1098	85	80	0	3	2	0.80	0.69		2.64	2.67	0.00	0.00		0.00	0.00	LOS_A	1	0.00	0.00
1	3600-7200	119-1090@228.7-1100@8.0	1090	1100	138	126	0	8	4	4.24	3.96		6.83	7.88	0.00	0.00		0.00	0.00	LOS_A	1	0.00	0.00
1	3600-7200	119-1114@10.9-1098@20.0	1114	1098	290	253	0	3	3	0.78	0.88		0.79	0.14	0.00	0.00		0.00	0.00	LOS_A	1	0.00	0.00
1	3600-7200	119-1114@10.9-1116@15.9	1114	1116	299	285	2	8	4	4.01	3.97	5.03	4.57	5.09	0.00	0.00	0.00	0.00	0.00	LOS_A	1	0.05	36.67
1	3600-7200	119-1237@6.9-1100@8.0	1237	1100	287	253	0	3	0	1.82	1.89		3.30		0.00	0.00		0.00		LOS_A	1	0.00	0.00
1	3600-7200	119-1237@6.9-1116@15.9	1237	1116	180	163	3	7	7	5.77	5.63	7.81	6.62	7.24	0.00	0.00	0.00	0.00	0.00	LOS_A	1	0.00	0.00
1	3600-7200	119			1279	1160	5	32	20	2.84	2.85	6.70	4.93	5.42	0.00	0.00	0.00	0.00	0.00	LOS_A	1	0.01	36.67
1	3600-7200	120-1100@12.7-1099@27.3	1100	1099	301	260	0	7	3	1.34	0.98		1.94	2.59	0.00	0.00		0.00	0.00	LOS_A	1	0.00	0.00
1	3600-7200	120-1100@12.7-1103@19.5	1100	1103	89	89	0	0	0	3.28	3.28				0.05	0.05				LOS_A	1	0.02	8.41
1	3600-7200	120-1100@12.7-1107@21.1	1100	1107	35	30	0	4	1	3.29	3.32		3.23	2.66	0.00	0.00		0.00	0.00	LOS_A	1	0.00	0.00
1	3600-7200	120-1106@32.8-1099@27.3	1106	1099	0	0	0	0	0											LOS_A		0.00	0.00
1	3600-7200	120-1106@32.8-1103@19.5	1106	1103	0	0	0	0	0											LOS_A		0.00	0.00
1	3600-7200	120-1106@32.8-1112@5.6	1106	1112	344	329	2	8	5	1.66	1.59	2.21	3.46	3.03	0.02	0.02	0.00	0.00	0.00	LOS_A	1	0.00	0.00
1	3600-7200	120-1184@12.8-1184@46.5	1184	1184	4	4	0	0	0	0.00	0.00				0.00	0.00				LOS_A	1	0.00	0.00
1	3600-7200	120-1186@9.2-1186@61.3	1186	1186	4	0	0	0	0	0.00					0.00					LOS_A	1	0.05	14.83
1	3600-7200	120-1189@5.6-1189@50.7	1189	1189	6	0	0	0	0	0.00					0.00					LOS_A	1	0.20	20.33
1	3600-7200	120-1190@11.3-1190@56.8	1190	1190	5	0	0	0	0	0.00					0.00					LOS_A	1	0.05	15.46
1	3600-7200	120-1191@12.4-1191@46.2	1191	1191	2	2	0	0	0	0.00	0.00				0.00	0.00				LOS_A	1	0.00	0.00
1	3600-7200	120-1192@6.0-1192@58.2	1192	1192	0	0	0	0	0											LOS_A		0.00	0.00
1	3600-7200	120-1193@13.6-1193@42.6	1193	1193	0	0	0	0	0											LOS_A		0.00	0.00
1	3600-7200	120-1194@0.7-1194@34.7	1194	1194	1	0	0	0	0	0.00					0.00					LOS_A	1	0.00	0.00
1	3600-7200	120-1236@14.1-1103@19.5	1236	1103	0	0	0	0	0											LOS_A		0.00	0.00
1	3600-7200	120-1236@14.1-1107@21.1	1236	1107	0	0	0	0	0											LOS_A		0.00	0.00
1	3600-7200	120-1236@14.1-1112@5.6	1236	1112	245	209	0	3	2	1.17	1.33		2.74	0.00	0.01	0.01		0.00	0.00	LOS_A	1	0.00	0.00
1	3600-7200	120-1239@4.2-1099@27.3	1239	1099	0	0	0	0	0											LOS_A		0.00	0.00
1	3600-7200	120-1239@4.2-1107@21.1	1239	1107	0	0	0	0	0											LOS_A		0.00	0.00
1	3600-7200	120-1239@4.2-11576@36.8	1239	11576	0	0	0	0	0											LOS_A		0.00	0.00
1	3600-7200	120			1036	923	2	22	11	1.61	1.57	2.21	2.84	2.32	0.01	0.02	0.00	0.00	0.00	LOS_A	1	0.02	20.33
1	3600-7200	121			0	0	0	0	0											LOS_A			
1	3600-7200	122			0	0	0	0	0											LOS_A			
1	3600-7200	123			0	0	0	0	0											LOS_A			
1	3600-7200	124-1123: Kamil St EA@88.6-1122@4.7	1123	1122	6	6	0	0	0	0.00	0.00				0.00	0.00				LOS_A	1	0.00	0.00
1	3600-7200	124-271468@25.6-1122@4.7	271468	1122	503	452	0	14	6	2.03	1.18		2.01	2.23	0.00	0.00		0.00	0.00	LOS_A	1	4.64	29.22
1	3600-7200	124-271468@25.6-1180@8.5	271468	1180	3	3	0	0	0	4.29	4.29				0.00	0.00				LOS_A	1	4.64	29.22
1	3600-7200	124			512	461	0	14	6	2.02	1.19		2.01	2.23	0.00	0.00		0.00	0.00	LOS_A	1	2.32	29.22
1	3600-7200	125			0	0	0	0	0											LOS_A			
1	3600-7200	244-1156@962.0-1223@12.7	1156	1223	0	0	0	0	0											LOS_A		0.00	0.00
1	3600-7200	244-1156@962.0-1224@15.7	1156	1224	316	306	0	7	3	0.45	0.45		0.61	0.01	0.00	0.00		0.00	0.00	LOS_A	1	0.00	0.00
1	3600-7200	244-1221: One school Melton SA@50.0-1224@15.7	1221	1224	0	0	0	0	0											LOS_A		0.00	0.00
1	3600-7200	244-1221: One school Melton SA@50.0-1225@11.6	1221	1225	0	0	0	0	0											LOS_A		0.00	0.00
1	3600-7200	244-1227@99.3-1223@12.7	1227	1223	0	0	0	0	0											LOS_A		0.00	0.00
1	3600-7200	244-1227@99.3-1225@11.6	1227	1225	307	301	0	3	3	0.29	0.29		0.09	0.44	0.00	0.00		0.00	0.00	LOS_A	1	0.00	0.00
1	3600-7200	244			623	607	0	10	6	0.37	0.37		0.45	0.22	0.00	0.00		0.00	0.00	LOS_A	1	0.00	0.00
1	3600-7200	245			0	0	0	0	0											LOS_A			
1	3600-7200	246-1224@100.1-1229@17.2	1224	1229	33	33	0	0	0	0.31	0.31				0.00	0.00				LOS_A	1	0.00	0.00
1	3600-7200	246-1224@100.1-1230@17.9	1224	1230	283	273	0	7	3	0.49	0.49		0.70	0.01	0.00	0.00		0.00	0.00	LOS_A	1	0.00	0.00
1	3600-7200	246-1228: Gleneagles Dr NA@93.7-1227@14.9	1228	1227	19	19	0	0	0	0.04	0.04				0.00	0.00				LOS_A	1	0.00	0.00
1	3600-7200	246-1228: Gleneagles Dr NA@93.7-1230@17.9	1228	1230	103	102	0	1	0	0.05	0.05		0.00		0.00	0.00		0.00		LOS_A	1	0.00	0.00
1	3600-7200	246-1235@217.9-1227@14.9	1235	1227	288	282	0	3	3	0.31	0.31		0.06	0.61	0.00	0.00		0.00	0.00	LOS_A	1	0.00	0.00
1	3600-7200	246-1235@217.9-1229@17.2	1235	1229	69	68	0	0	1	0.32	0.33			0.00	0.00	0.00			0.00	LOS_A	1	0.00	0.00
1	3600-7200	246			795	777	0	11	7	0.34	0.33		0.46	0.27	0.00	0.00		0.00	0.00	LOS_A	1	0.00	0.00
1	3600-7200	247			0	0	0	0	0											LOS_A			
1	3600-7200	248-1152@193.7-1233@16.5	1152	1233	24	24	0	0	0	0.28	0.28				0.00	0.00				LOS_A	1	0.00	0.00
1	3600-7200	248-1152@193.7-1235@13.8	1152	1235	357	350	0	3	4	0.37	0.37		0.00	0.67	0.00	0.00		0.00	0.00	LOS_A	1	0.00	0.00
1	3600-7200	248-1230@222.2-1233@16.5	1230	1233	6	6	0	0	0	0.88	0.88				0.00	0.00				LOS_A	1	0.00	0.00
1	3600-7200	248-1230@222.2-1234@16.0	1230	1234	380	369	0	8	3	0.60	0.59		1.15	0.01	0.00	0.00		0.00	0.00	LOS_A	1	0.00	0.00
1	3600-7200	248-1232: John Batman Dr NA@78.7-1234@16.0	1232	1234	17	17	0	0	0	0.00	0.00				0.00	0.00				LOS_A	1	0.00	0.00
1	3600-7200	248-1232: John Batman Dr NA@78.7-1235@13.8	1232	1235	0	0	0	0	0											LOS_A		0.00	0.00
1	3600-7200	248			784	766	0	11	7	0.48	0.47		0.83	0.39	0.00	0.00		0.00	0.00	LOS_A	1	0.00	0.00
1	3600-7200	249			0	0	0	0	0											LOS_A			
1	3600-7200	298			0	0	0	0	0											LOS_A			
1	3600-7200	299			0	0	0	0	0											LOS_A			
1	3600-7200	312-2419@3.3-24810@22.1	2419	24810	442	399	0	38	5	38.26	39.78		24.07	24.36	4.74	4.94		2.98	2.72	LOS_E	5	7.22	121.23
1	3600-7200	312-2420@4.1-2422@13.2	2420	2422	438	403	1	27	7	1.35	1.34	3.47	1.56	1.31	0.01	0.01	0.00	0.00	0.00	LOS_A	1	0.00	0.00
1	3600-7200	312-2475@44.5-2391@3.4	2475	2391	271	187	14	50	20	1.80	1.36	4.70	2.23	2.78	0.00	0.00	0.00	0.00	0.00	LOS_A	1	0.00	0.00
1	3600-7200	312-2475@44.5-2422@13.2	2475	2422	34	34	0	0	0	9.14	9.14				0.00	0.00				LOS_A	1	0.00	0.00
1	3600-7200	312-2527@16.1-2391@3.4	2527	2391	192	178	0	13	1	1.53	1.53		1.58	0.15	0.00	0.00		0.00	0.00	LOS_A	1	0.00	0.00
1	3600-7200	312-2527@16.1-24810@22.1	2527	24810	112	108	0	4	0	17.52	17.29		23.80		2.01	1.99		2.40		LOS_C	3	0.00	0.00
1	3600-7200	312			1489	1309	15	132	33	13.81	14.60	4.62	8.97	5.66	1.56	1.67	0.00	0.93	0.41	LOS_B	2	1.20	121.23
1	3600-7200	313-2394@59.8-2414@34.7	2394	2414	429	407	3	14	5	4.65	4.57	8.46	5.56	6.71	0.01	0.01	0.00	0.00	0.00	LOS_A	1	0.00	0.00
1	3600-7200	313-2394@59.8-2418@36.3	2394	2418	133	125	0	6	2	2.60	2.60		2.86	2.27	0.00	0.00		0.00	0.00	LOS_A	1	0.00	0.00
1	3600-7200	313-2401@29.1-2389@16.1	2401	2389	430	409	2	13	6	5.71	5.69	7.82	6.32	5.23	0.10	0.11	0.00	0.00	0.00	LOS_A	1	0.08	20.20
1	3600-7200	313-2401@29.1-2418@36.3	2401	2418	747	677	1	59	10	1.42	1.41	1.00	1.42	2.14	0.00	0.00	0.00	0.00	0.00	LOS_A	1	0.00	0.00
1	3600-7200	313-2416@14.9-2389@16.1	2416	2389	38	24	0	13	1	2.11	1.84		2.66	1.24	0.00	0.00		0.00	0.00	LOS_A	1	0.00	0.00
1	3600-7200	313-2416@14.9-2414@34.7	2416	2414	425	341	14	50	20	1.30	1.15	3.48	1.45	1.78	0.00	0.00	0.00	0.00	0.00	LOS_A	1	0.00	0.00
1	3600-7200	313			2202	1983	20	155	44	2.95	2.98	4.54	2.38	2.91	0.02	0.03	0.00	0.00	0.00	LOS_A	1	0.02	20.20
1	3600-7200	314-2403: Middle Rd WA@220.3-2402@17.0	2403	2402	45	42	0	1	2	1.09	1.07		1.36	1.27	0.00	0.00		0.00	0.00	LOS_A	1	0.00	0.00
1	3600-7200	314-2403: Middle Rd WA@220.3-2424@24.2	2403	2424	18	18	0	0	0	1.06	1.06				0.00	0.00				LOS_A	1	0.00	0.00
1	3600-7200	314-2409@18.3-2410@13.9	2409	2410	73	73	0	0	0	4.65	4.65				0.00	0.00				LOS_A	1	0.00	0.00
1	3600-7200	314-2409@18.3-2424@24.2	2409	2424	781	675	17	64	25	1.45	1.20	4.78	2.53	3.12	0.00	0.00	0.00	0.00	0.00	LOS_A	1	0.00	0.00
1	3600-7200	314-2413@40.6-2402@17.0	2413	2402	1132	1044	3	71	14	1.10	1.07	1.33	1.45	1.51	0.05	0.05	0.00	0.00	0.00	LOS_A	1	0.00	0.00
1	3600-7200	314-2413@40.6-2410@13.9	2413	2410	28	28	0	0	0	0.86	0.86				0.00	0.00				LOS_A	1	0.48	49.89
1	3600-7200	314-2517@5.7-2517@54.4	2517	2517	0	0	0	0	0											LOS_A		0.00	0.00
1	3600-7200	314			2077	1880	20	136	41	1.35	1.26	4.26	1.96	2.48	0.02	0.03	0.00	0.00	0.00	LOS_A	1	0.08	49.89
1	3600-7200	315-2424@32.6-2426@30.8	2424	2426	739	665	11	46	17	0.46	0.41	1.73	0.60	1.08	0.00	0.00	0.00	0.00	0.00	LOS_A	1	0.00	0.00
1	3600-7200	315-2424@32.6-2434@37.0	2424	2434	11	11	0	0	0	2.91	2.91				0.00	0.00				LOS_A	1	0.00	0.00
1	3600-7200	315-2424@32.6-2439@33.6	2424	2439	49	17	6	18	8	5.11	4.26	6.66	5.33	5.27	0.00	0.00	0.00	0.00	0.00	LOS_A	1	0.00	0.00
1	3600-7200	315-2430@18.6-2413@31.6	2430	2413	163	144	0	16	3	4.38	4.16		6.10	5.63	0.00	0.00		0.00	0.00	LOS_A	1	0.00	0.00
1	3600-7200	315-2430@18.6-2426@30.8	2430	2426	30	28	0	2	0	0.74	0.73		0.85		0.00	0.00		0.00		LOS_A	1	0.00	0.00
1	3600-7200	315-2430@18.6-2439@33.6	2430	2439	2	2	0	0	0	4.58	4.58				0.00	0.00				LOS_A	1	0.00	0.00
1	3600-7200	315-2438@12.4-2413@31.6	2438	2413	77	37	2	31	7	0.68	0.88	0.09	0.57	0.36	0.00	0.00	0.00	0.00	0.00	LOS_A	1	0.00	0.00
1	3600-7200	315-2438@12.4-2426@30.8	2438	2426	0	0	0	0	0											LOS_A		0.00	0.00
1	3600-7200	315-2438@12.4-2434@37.0	2438	2434	33	30	0	3	0	5.65	5.50		7.06		0.00	0.00		0.00		LOS_A	1	0.00	0.00
1	3600-7200	315-2442@2.5-2413@31.6	2442	2413	921	892	1	24	4	0.32	0.33	0.06	0.06	0.06	0.16	0.16	0.00	0.00	0.00	LOS_A	1	0.00	0.00
1	3600-7200	315-2442@2.5-2434@37.0	2442	2434	8	6	0	2	0	1.30	0.81		2.75		0.00	0.00		0.00		LOS_A	1	0.00	0.00
1	3600-7200	315-2442@2.5-2439@33.6	2442	2439	4	4	0	0	0	0.29	0.29				0.00	0.00				LOS_A	1	0.00	0.00
1	3600-7200	315			2037	1836	20	142	39	0.94	0.82	2.96	1.89	2.05	0.07	0.08	0.00	0.00	0.00	LOS_A	1	0.00	0.00
1	3600-7200	316			0	0	0	0	0											LOS_A			
1	3600-7200	317			0	0	0	0	0											LOS_A			
1	3600-7200	318			0	0	0	0	0											LOS_A			
1	3600-7200	319			0	0	0	0	0											LOS_A			
1	3600-7200	320			0	0	0	0	0											LOS_A			
1	3600-7200	322-2388@109.5-2387: Western Fwy  Deer Park Byp@24.8	2388	2387	468	433	2	26	7	0.81	0.80	1.60	1.04	0.74	0.00	0.00	0.00	0.00	0.00	LOS_A	1	0.00	0.00
1	3600-7200	322-2397: Western Fwy  Deer Park Byp@856.0-2387: Western Fwy  Deer Park Byp@24.8	2397	2387	1247	1152	7	78	10	0.79	0.76	1.54	1.08	1.50	0.00	0.00	0.00	0.00	0.00	LOS_A	1	0.00	0.00
1	3600-7200	322			1715	1585	9	104	17	0.79	0.77	1.56	1.07	1.19	0.00	0.00	0.00	0.00	0.00	LOS_A	1	0.00	0.00
1	3600-7200	323-2479: Western Fwy  Deer Park Byp@45.2-2477@22.4	2479	2477	305	221	14	50	20	4.21	4.07	5.34	4.43	4.52	0.02	0.02	0.00	0.00	0.00	LOS_A	1	0.04	19.05
1	3600-7200	323-2479: Western Fwy  Deer Park Byp@45.2-2478: Western Fwy  Deer Park Byp@23.8	2479	2478	1449	1188	18	149	94	1.56	1.63	1.79	1.27	1.08	0.00	0.00	0.00	0.00	0.00	LOS_A	1	0.04	19.05
1	3600-7200	323			1754	1409	32	199	114	2.02	2.02	3.34	2.06	1.68	0.00	0.01	0.00	0.00	0.00	LOS_A	1	0.04	19.05
1	3600-7200	324-2478: Western Fwy  Deer Park Byp@815.7-2483: Western Fwy  Deer Park Byp@32.3	2478	2483	1449	1188	18	149	94	5.33	5.21	7.19	5.70	5.90	0.14	0.14	0.72	0.17	0.05	LOS_A	1	1.77	142.70
1	3600-7200	324-2485@71.7-2483: Western Fwy  Deer Park Byp@32.3	2485	2483	554	507	0	42	5	4.71	4.63		5.51	5.56	0.00	0.00		0.00	0.00	LOS_A	1	0.00	0.00
1	3600-7200	324			2003	1695	18	191	99	5.16	5.04	7.19	5.66	5.88	0.10	0.10	0.72	0.13	0.05	LOS_A	1	0.89	142.70
1	3600-7200	325-2398: Western Fwy  Deer Park Byp@30.6-2385@22.8	2398	2385	562	532	3	20	7	4.92	4.85	7.42	5.83	6.24	0.00	0.00	0.00	0.00	0.00	LOS_A	1	0.00	0.00
1	3600-7200	325-2398: Western Fwy  Deer Park Byp@30.6-2397: Western Fwy  Deer Park Byp@22.6	2398	2397	1247	1152	7	78	10	1.80	1.84	0.81	1.41	0.63	0.00	0.00	0.00	0.00	0.00	LOS_A	1	0.00	0.00
1	3600-7200	325			1809	1684	10	98	17	2.77	2.79	2.79	2.32	2.94	0.00	0.00	0.00	0.00	0.00	LOS_A	1	0.00	0.00
1	3600-7200	326-2502: Western Fwy  Deer Park Byp EA@2131.3-2513: Western Fwy  Deer Park Byp@18.8	2502	2513	1132	1046	7	65	14	0.82	0.82	0.71	0.63	1.57	0.00	0.00	0.00	0.00	0.00	LOS_A	1	0.00	0.00
1	3600-7200	326-2514: Western Fwy  Deer Park Byp@123.8-2513: Western Fwy  Deer Park Byp@18.8	2514	2513	677	638	3	33	3	3.63	3.65	5.42	3.06	2.85	0.00	0.00	0.00	0.00	0.00	LOS_A	1	0.00	0.00
1	3600-7200	326			1809	1684	10	98	17	1.87	1.90	2.13	1.45	1.79	0.00	0.00	0.00	0.00	0.00	LOS_A	1	0.00	0.00
1	3600-7200	327-2505: Western Fwy  Deer Park Byp@33.7-2506: Western Fwy  Deer Park Byp@21.2	2505	2506	1182	970	13	125	74	1.61	1.69	0.82	1.25	1.36	0.01	0.01	0.00	0.00	0.00	LOS_A	1	0.02	19.53
1	3600-7200	327-2505: Western Fwy  Deer Park Byp@33.7-2508: Western Fwy  Deer Park Byp@13.2	2505	2508	821	725	5	66	25	4.48	4.41	5.23	4.95	5.16	0.05	0.06	0.00	0.00	0.00	LOS_A	1	0.02	19.53
1	3600-7200	327			2003	1695	18	191	99	2.79	2.85	2.04	2.53	2.32	0.03	0.03	0.00	0.00	0.00	LOS_A	1	0.02	19.53
1	3600-7200	338			0	0	0	0	0											LOS_A			
1	7200-10800	43-28: Troups Rd N@6.9-13: Western Hwy@23.8	28	13	124	113	0	7	4	0.27	0.24		0.75	0.42	0.00	0.00		0.00	0.00	LOS_A	1	0.00	0.00
1	7200-10800	43-609: Western Hwy@95.9-13: Western Hwy@23.8	609	13	2206	2082	9	81	32	3.77	3.77	2.71	4.16	3.64	0.00	0.00	0.00	0.00	0.00	LOS_A	1	0.00	0.00
1	7200-10800	43-609: Western Hwy@95.9-27: Troups Rd N@5.6	609	27	402	388	0	8	6	4.99	4.92		6.47	7.49	0.00	0.00		0.00	0.00	LOS_A	1	0.00	0.00
1	7200-10800	43-944: Western Hwy@45.8-73: Western Hwy@23.3	944	73	1232	1056	24	84	66	0.53	0.56	0.74	0.28	0.32	0.00	0.00	0.00	0.00	0.00	LOS_A	1	0.00	0.00
1	7200-10800	43			3964	3639	33	180	108	2.78	2.85	1.28	2.32	1.71	0.00	0.00	0.00	0.00	0.00	LOS_A	1	0.00	0.00
1	7200-10800	44-15@3.2-243: Ferris Rd  Melton Hwy@24.7	15	243	392	364	2	19	5	1.32	1.16	2.24	3.24	5.47	0.09	0.07	0.00	0.59	0.00	LOS_A	1	0.00	0.00
1	7200-10800	44-421: Ferris Rd@65.5-20@13.7	421	20	108	104	0	1	3	3.70	3.63		5.40	5.47	0.00	0.00		0.00	0.00	LOS_A	1	0.00	0.00
1	7200-10800	44-421: Ferris Rd@65.5-243: Ferris Rd  Melton Hwy@24.7	421	243	454	420	0	22	10	0.96	0.98		0.51	1.37	0.04	0.04		0.00	0.00	LOS_A	1	0.00	0.00
1	7200-10800	44-682@3.6-420: Ferris Rd@19.2	682	420	132	123	0	6	3	1.00	0.95		1.49	2.04	0.00	0.00		0.00	0.00	LOS_A	1	0.00	0.00
1	7200-10800	44-10393@15.0-19@37.7	10393	19	104	102	0	1	1	3.14	3.11		5.29	4.72	0.00	0.00		0.00	0.00	LOS_A	1	0.00	0.00
1	7200-10800	44-10393@15.0-420: Ferris Rd@19.2	10393	420	409	392	1	7	7	1.49	1.50	0.19	1.34	1.42	0.00	0.00	0.00	0.00	0.00	LOS_A	1	0.00	0.00
1	7200-10800	44			1599	1505	3	56	29	1.51	1.48	1.56	1.82	2.70	0.03	0.03	0.00	0.20	0.00	LOS_A	1	0.00	0.00
1	7200-10800	45-680: Melton Hwy@89.9-95: Melton Hwy@34.6	680	95	533	503	0	21	9	0.44	0.41		0.71	1.51	0.00	0.00		0.00	0.00	LOS_A	1	0.00	0.00
1	7200-10800	45-680: Melton Hwy@89.9-363: Gateway Dr@6.2	680	363	1	1	0	0	0	4.83	4.83				0.00	0.00				LOS_A	1	0.00	0.00
1	7200-10800	45-680: Melton Hwy@89.9-500: Zone connector@15.5	680	500	70	65	0	4	1	3.76	3.56		6.36	6.25	0.08	0.09		0.00	0.00	LOS_A	1	0.00	0.00
1	7200-10800	45-271472: Melton Hwy@23.5-307: Melton Hwy@23.4	271472	307	337	313	0	13	11	0.17	0.17		0.17	0.13	0.00	0.00		0.00	0.00	LOS_A	1	0.00	0.00
1	7200-10800	45-271472: Melton Hwy@23.5-363: Gateway Dr@6.2	271472	363	0	0	0	0	0											LOS_A		0.00	0.00
1	7200-10800	45-271472: Melton Hwy@23.5-500: Zone connector@15.5	271472	500	67	67	0	0	0	8.69	8.69				0.00	0.00				LOS_A	1	0.00	0.00
1	7200-10800	45-271481: Gateway Dr@28.0-95: Melton Hwy@34.6	271481	95	0	0	0	0	0											LOS_A		0.00	0.00
1	7200-10800	45-271481: Gateway Dr@28.0-307: Melton Hwy@23.4	271481	307	6	6	0	0	0	2.61	2.61				0.00	0.00				LOS_A	1	0.00	0.00
1	7200-10800	45-271481: Gateway Dr@28.0-500: Zone connector@15.5	271481	500	0	0	0	0	0											LOS_A		0.00	0.00
1	7200-10800	45-271486: Zone connector@56.9-95: Melton Hwy@34.6	271486	95	77	77	0	0	0	0.13	0.13				0.00	0.00				LOS_A	1	0.00	0.00
1	7200-10800	45-271486: Zone connector@56.9-307: Melton Hwy@23.4	271486	307	100	88	0	5	7	1.47	1.21		3.32	3.49	0.00	0.00		0.00	0.00	LOS_A	1	0.00	0.00
1	7200-10800	45-271486: Zone connector@56.9-363: Gateway Dr@6.2	271486	363	0	0	0	0	0											LOS_A		0.00	0.00
1	7200-10800	45			1191	1120	0	43	28	1.10	1.08		1.38	1.63	0.00	0.01		0.00	0.00	LOS_A	1	0.00	0.00
1	7200-10800	46-12: Hopkins Rd@68.9-44: Hopkins Rd@23.1	12	44	656	559	0	48	38	1.79	1.85		1.40	1.50	0.09	0.10		0.00	0.00	LOS_A	1	0.00	0.00
1	7200-10800	46-12: Hopkins Rd@68.9-104@37.0	12	104	122	111	0	4	7	0.95	1.00		0.17	0.69	0.00	0.00		0.00	0.00	LOS_A	1	0.00	0.00
1	7200-10800	46-12: Hopkins Rd@68.9-428@34.4	12	428	14	14	0	0	0	3.80	3.80				0.22	0.22				LOS_A	1	0.00	0.00
1	7200-10800	46-12: Hopkins Rd@68.9-1243: Hopkins Rd@4.3	12	1243	0	0	0	0	0											LOS_A		0.00	0.00
1	7200-10800	46-255: Hopkins Rd@17.0-44: Hopkins Rd@23.1	255	44	0	0	0	0	0											LOS_A		0.00	0.00
1	7200-10800	46-255: Hopkins Rd@17.0-104@37.0	255	104	197	190	0	4	1	1.43	1.46		0.93	1.72	0.00	0.00		0.00	0.00	LOS_A	1	0.00	0.00
1	7200-10800	46-255: Hopkins Rd@17.0-428@34.4	255	428	19	19	0	0	0	4.31	4.31				0.00	0.00				LOS_A	1	0.00	0.00
1	7200-10800	46-255: Hopkins Rd@17.0-1243: Hopkins Rd@4.3	255	1243	599	543	0	22	23	1.45	1.43		1.56	1.78	0.00	0.00		0.00	0.00	LOS_A	1	0.00	0.00
1	7200-10800	46-257@11.2-44: Hopkins Rd@23.1	257	44	84	74	0	10	0	1.14	1.02		2.08		0.00	0.00		0.00		LOS_A	1	0.00	0.00
1	7200-10800	46-257@11.2-104@37.0	257	104	0	0	0	0	0											LOS_A		0.00	0.00
1	7200-10800	46-257@11.2-428@34.4	257	428	0	0	0	0	0											LOS_A		0.00	0.00
1	7200-10800	46-257@11.2-1243: Hopkins Rd@4.3	257	1243	150	138	0	7	5	0.83	0.70		1.80	3.01	0.00	0.00		0.00	0.00	LOS_A	1	0.00	0.00
1	7200-10800	46-429: 7-Eleven NA@91.6-44: Hopkins Rd@23.1	429	44	26	26	0	0	0	1.05	1.05				0.00	0.00				LOS_A	1	0.00	0.00
1	7200-10800	46-429: 7-Eleven NA@91.6-104@37.0	429	104	10	10	0	0	0	0.01	0.01				0.00	0.00				LOS_A	1	0.00	0.00
1	7200-10800	46-429: 7-Eleven NA@91.6-428@34.4	429	428	0	0	0	0	0											LOS_A		0.00	0.00
1	7200-10800	46-429: 7-Eleven NA@91.6-1243: Hopkins Rd@4.3	429	1243	28	28	0	0	0	0.26	0.26				0.00	0.00				LOS_A	1	0.00	0.00
1	7200-10800	46			1905	1712	0	95	74	1.49	1.49		1.47	1.62	0.03	0.04		0.00	0.00	LOS_A	1	0.00	0.00
1	7200-10800	47-4: Caroline Springs Blvd@6.8-212: Caroline Springs Blvd@4.6	4	212	454	406	1	17	15	2.53	2.00	0.65	1.40	1.20	0.07	0.08	0.00	0.00	0.00	LOS_A	1	0.00	0.00
1	7200-10800	47-4: Caroline Springs Blvd@6.8-446@6.0	4	446	2	2	0	0	0	0.01	0.01				0.00	0.00				LOS_A	1	0.00	0.00
1	7200-10800	47-447: Caroline Spring Blvd NA@32.5-212: Caroline Springs Blvd@4.6	447	212	0	0	0	0	0											LOS_A		0.00	0.00
1	7200-10800	47-887: Caroline Springs Blvd@16.4-212: Caroline Springs Blvd@4.6	887	212	4	4	0	0	0	6.14	6.14				0.00	0.00				LOS_A	1	0.00	0.00
1	7200-10800	47-887: Caroline Springs Blvd@16.4-448@12.1	887	448	705	656	0	19	15	0.73	0.68		1.10	1.13	0.00	0.00		0.00	0.00	LOS_A	1	0.00	0.00
1	7200-10800	47			1165	1068	1	36	30	1.45	1.20	0.65	1.24	1.16	0.03	0.03	0.00	0.00	0.00	LOS_A	1	0.00	0.00
1	7200-10800	48-271519: Meskos Rd@47.0-12: Hopkins Rd@26.0	271519	12	88	74	0	3	5	1.19	0.81		2.29	2.36	0.00	0.00		0.00	0.00	LOS_A	1	0.00	0.00
1	7200-10800	48-271519: Meskos Rd@47.0-55: Hopkins Rd@15.4	271519	55	29	28	0	1	0	0.15	0.15		0.00		0.00	0.00		0.00		LOS_A	1	0.00	0.00
1	7200-10800	48-271519: Meskos Rd@47.0-82: Sheahan Rd@36.7	271519	82	0	0	0	0	0											LOS_A		0.00	0.00
1	7200-10800	48-271522: Hopkins Rd@23.9-55: Hopkins Rd@15.4	271522	55	703	650	0	26	22	0.82	0.81		0.98	1.00	0.00	0.00		0.00	0.00	LOS_A	1	0.00	0.00
1	7200-10800	48-271522: Hopkins Rd@23.9-66: Meskos Rd@27.7	271522	66	51	42	0	1	2	5.57	5.53		5.51	5.46	0.05	0.06		0.00	0.00	LOS_A	1	0.00	0.00
1	7200-10800	48-271522: Hopkins Rd@23.9-82: Sheahan Rd@36.7	271522	82	23	17	0	2	4	5.06	4.77		5.63	6.04	0.00	0.00		0.00	0.00	LOS_A	1	0.00	0.00
1	7200-10800	48-271526: Sheahan Rd@62.5-12: Hopkins Rd@26.0	271526	12	48	37	0	7	4	0.03	0.04		0.02	0.01	0.00	0.00		0.00	0.00	LOS_A	1	0.00	0.00
1	7200-10800	48-271526: Sheahan Rd@62.5-55: Hopkins Rd@15.4	271526	55	33	32	0	1	0	0.07	0.05		0.63		0.00	0.00		0.00		LOS_A	1	0.00	0.00
1	7200-10800	48-271526: Sheahan Rd@62.5-66: Meskos Rd@27.7	271526	66	0	0	0	0	0											LOS_A		0.00	0.00
1	7200-10800	48-271531: Hopkins Rd@5.3-12: Hopkins Rd@26.0	271531	12	657	574	0	42	36	1.07	1.16		0.30	0.59	0.00	0.00		0.00	0.00	LOS_A	1	0.24	66.91
1	7200-10800	48-271531: Hopkins Rd@5.3-66: Meskos Rd@27.7	271531	66	19	16	2	0	1	12.95	12.26	18.52		12.83	0.00	0.00	0.00		0.00	LOS_B	2	0.24	66.91
1	7200-10800	48-271531: Hopkins Rd@5.3-82: Sheahan Rd@36.7	271531	82	8	7	0	0	1	5.42	5.23			6.72	0.00	0.00			0.00	LOS_A	1	0.24	66.91
1	7200-10800	48-271556@6.9-271556@52.0	271556	271556	4	0	0	0	0	0.00					0.00					LOS_A	1	0.00	0.00
1	7200-10800	48-271558@2.8-271558@48.4	271558	271558	9	0	0	0	0	0.00					0.00					LOS_A	1	0.15	19.00
1	7200-10800	48-271560@6.3-271560@50.2	271560	271560	6	0	0	0	0	0.00					0.00					LOS_A	1	0.08	18.55
1	7200-10800	48-271566@22.9-271566@62.3	271566	271566	5	0	0	0	0	0.00					0.00					LOS_A	1	0.14	20.28
1	7200-10800	48			1683	1477	2	83	75	1.23	1.22	18.52	0.75	1.46	0.00	0.00	0.00	0.00	0.00	LOS_A	1	0.08	66.91
1	7200-10800	49-351: Delma Rd@85.2-352: Eucumbene Dr@37.8	351	352	0	0	0	0	0											LOS_A		0.00	0.00
1	7200-10800	49-351: Delma Rd@85.2-506: Zone connector@80.7	351	506	0	0	0	0	0											LOS_A		0.00	0.00
1	7200-10800	49-353: Eucumbene Dr@275.9-350: Delma Rd@23.2	353	350	0	0	0	0	0											LOS_A		0.00	0.00
1	7200-10800	49-353: Eucumbene Dr@275.9-506: Zone connector@80.7	353	506	46	46	0	0	0	1.10	1.10				0.00	0.00				LOS_A	1	0.00	0.00
1	7200-10800	49-505: Eucumbene Dr SA@77.8-350: Delma Rd@23.2	505	350	4	4	0	0	0	0.00	0.00				0.00	0.00				LOS_A	1	0.00	0.00
1	7200-10800	49-505: Eucumbene Dr SA@77.8-352: Eucumbene Dr@37.8	505	352	0	0	0	0	0											LOS_A		0.00	0.00
1	7200-10800	49			50	50	0	0	0	1.02	1.02				0.00	0.00				LOS_A	1	0.00	0.00
1	7200-10800	50-115: Western Hwy@22.9-209: Ballarat Rd  Western Hwy@28.7	115	209	194	171	0	12	11	0.29	0.29		0.14	0.51	0.00	0.00		0.00	0.00	LOS_A	1	0.00	0.00
1	7200-10800	50-115: Western Hwy@22.9-283: Christies Rd@7.9	115	283	22	18	0	1	3	5.84	5.37		6.92	8.33	0.00	0.00		0.00	0.00	LOS_A	1	0.00	0.00
1	7200-10800	50-461: Ballarat Rd  Western Hwy@7.1-114: Western Hwy@17.3	461	114	842	807	1	21	13	1.02	1.03	0.00	0.88	1.01	0.00	0.00	0.00	0.00	0.00	LOS_A	1	0.00	0.00
1	7200-10800	50-461: Ballarat Rd  Western Hwy@7.1-215: Caroline Springs Blvd@5.8	461	215	279	267	0	6	6	2.84	2.78		3.67	4.57	0.00	0.00		0.00	0.00	LOS_A	1	0.00	0.00
1	7200-10800	50-648: Christies Rd@37.8-114: Western Hwy@17.3	648	114	69	57	0	6	6	2.21	1.99		3.38	3.22	0.00	0.00		0.00	0.00	LOS_A	1	0.00	0.00
1	7200-10800	50-648: Christies Rd@37.8-209: Ballarat Rd  Western Hwy@28.7	648	209	56	48	0	5	3	8.91	8.48		11.38	11.68	0.00	0.00		0.00	0.00	LOS_A	1	0.00	0.00
1	7200-10800	50-648: Christies Rd@37.8-215: Caroline Springs Blvd@5.8	648	215	291	265	0	7	4	1.89	1.95		1.74	1.95	0.00	0.00		0.00	0.00	LOS_A	1	0.00	0.00
1	7200-10800	50-649@8.2-283: Christies Rd@7.9	649	283	136	115	1	14	6	1.53	1.37	2.98	2.40	2.36	0.00	0.00	0.00	0.00	0.00	LOS_A	1	0.00	0.00
1	7200-10800	50-651@22.8-215: Caroline Springs Blvd@5.8	651	215	139	128	0	6	5	1.63	1.42		5.29	2.61	0.05	0.00		1.10	0.00	LOS_A	1	0.00	0.00
1	7200-10800	50-652: Caroline Springs Blvd@21.4-114: Western Hwy@17.3	652	114	95	93	0	1	1	6.95	6.94		7.38	7.20	0.07	0.07		0.00	0.00	LOS_A	1	0.00	0.00
1	7200-10800	50-652: Caroline Springs Blvd@21.4-209: Ballarat Rd  Western Hwy@28.7	652	209	118	112	0	3	3	8.44	8.41		8.94	9.23	0.01	0.01		0.00	0.00	LOS_A	1	0.06	22.89
1	7200-10800	50-652: Caroline Springs Blvd@21.4-283: Christies Rd@7.9	652	283	245	205	1	13	11	1.48	1.30	0.68	1.72	1.30	0.00	0.00	0.00	0.00	0.00	LOS_A	1	0.00	0.00
1	7200-10800	50			2486	2286	3	95	72	2.21	2.16	1.22	2.74	2.91	0.01	0.00	0.00	0.07	0.00	LOS_A	1	0.01	22.89
1	7200-10800	51-7: Ballarat Rd  Western Hwy@16.6-10: Ballarat Rd  Western Hwy@18.5	7	10	22	19	0	1	2	0.11	0.12		0.06	0.09	0.00	0.00		0.00	0.00	LOS_A	1	0.00	0.00
1	7200-10800	51-7: Ballarat Rd  Western Hwy@16.6-385: Chisholm Dr@11.7	7	385	13	13	0	0	0	1.76	1.76				0.00	0.00				LOS_A	1	0.00	0.00
1	7200-10800	51-7: Ballarat Rd  Western Hwy@16.6-670: Ballarat Rd  Western Hwy@1.4	7	670	34	33	0	1	0	2.90	2.87		3.77		0.00	0.00		0.00		LOS_A	1	0.00	0.00
1	7200-10800	51-7: Ballarat Rd  Western Hwy@16.6-671: Panamax Rd@7.5	7	671	0	0	0	0	0											LOS_A		0.00	0.00
1	7200-10800	51-347: Panamax Rd@4.8-10: Ballarat Rd  Western Hwy@18.5	347	10	224	212	0	6	6	0.69	0.69		1.01	0.35	0.00	0.00		0.00	0.00	LOS_A	1	0.00	0.00
1	7200-10800	51-347: Panamax Rd@4.8-385: Chisholm Dr@11.7	347	385	34	32	0	1	1	5.12	5.02		6.09	7.30	0.00	0.00		0.00	0.00	LOS_A	1	0.00	0.00
1	7200-10800	51-347: Panamax Rd@4.8-670: Ballarat Rd  Western Hwy@1.4	347	670	181	168	0	8	5	7.25	7.16		8.66	7.98	0.07	0.08		0.00	0.00	LOS_A	1	0.06	15.44
1	7200-10800	51-360: Ballarat Rd  Western Hwy@55.2-10: Ballarat Rd  Western Hwy@18.5	360	10	304	270	0	18	16	0.47	0.42		0.82	0.86	0.00	0.00		0.00	0.00	LOS_A	1	0.00	0.00
1	7200-10800	51-360: Ballarat Rd  Western Hwy@55.2-385: Chisholm Dr@11.7	360	385	21	21	0	0	0	5.08	5.08				0.00	0.00				LOS_A	1	0.00	0.00
1	7200-10800	51-360: Ballarat Rd  Western Hwy@55.2-671: Panamax Rd@7.5	360	671	43	40	0	2	1	3.94	3.90		4.33	4.98	0.00	0.00		0.00	0.00	LOS_A	1	0.00	0.00
1	7200-10800	51-673: Chisholm Dr@12.9-10: Ballarat Rd  Western Hwy@18.5	673	10	44	42	0	1	1	0.20	0.17		0.00	1.43	0.00	0.00		0.00	0.00	LOS_A	1	0.00	0.00
1	7200-10800	51-673: Chisholm Dr@12.9-670: Ballarat Rd  Western Hwy@1.4	673	670	26	24	0	1	1	3.31	3.33		3.22	3.04	0.00	0.00		0.00	0.00	LOS_A	1	0.00	0.00
1	7200-10800	51-673: Chisholm Dr@12.9-671: Panamax Rd@7.5	673	671	13	13	0	0	0	18.36	18.36				4.42	4.42				LOS_C	3	0.00	0.00
1	7200-10800	51-885: Ballarat Rd  Western Hwy@6.9-10: Ballarat Rd  Western Hwy@18.5	885	10	0	0	0	0	0											LOS_A		0.00	0.00
1	7200-10800	51-885: Ballarat Rd  Western Hwy@6.9-385: Chisholm Dr@11.7	885	385	66	61	0	3	2	3.05	3.03		2.66	4.30	0.13	0.14		0.00	0.00	LOS_A	1	0.00	0.00
1	7200-10800	51-885: Ballarat Rd  Western Hwy@6.9-670: Ballarat Rd  Western Hwy@1.4	885	670	1012	960	2	31	19	1.95	1.99	0.00	1.55	0.80	0.07	0.07	0.00	0.00	0.00	LOS_A	1	0.00	0.00
1	7200-10800	51-885: Ballarat Rd  Western Hwy@6.9-671: Panamax Rd@7.5	885	671	130	120	0	5	5	5.86	5.21		7.11	20.12	0.72	0.45		0.00	8.02	LOS_A	1	0.00	0.00
1	7200-10800	51			2167	2028	2	78	59	2.52	2.49	0.00	2.61	3.34	0.11	0.10	0.00	0.00	0.68	LOS_A	1	0.01	15.44
1	7200-10800	52-198: Melton Hwy@69.6-182@11.5	198	182	114	83	1	14	14	7.17	6.48	14.73	8.61	9.20	0.06	0.07	1.36	0.00	0.00	LOS_A	1	0.00	0.00
1	7200-10800	52-198: Melton Hwy@69.6-308: Ferris Rd  Melton Hwy@20.5	198	308	513	494	1	8	8	1.95	1.90	0.04	4.01	3.89	0.02	0.02	0.00	0.00	0.00	LOS_A	1	0.00	0.00
1	7200-10800	52-339@366.5-200: Melton Hwy@21.7	339	200	352	331	0	10	11	1.52	1.45		2.18	3.07	0.00	0.00		0.00	0.00	LOS_A	1	0.00	0.00
1	7200-10800	52-339@366.5-308: Ferris Rd  Melton Hwy@20.5	339	308	0	0	0	0	0											LOS_A		0.00	0.00
1	7200-10800	52-956: Ferris Rd  Melton Hwy@55.3-182@11.5	956	182	189	164	2	13	10	4.30	4.13	7.40	5.18	5.44	0.00	0.00	0.00	0.00	0.00	LOS_A	1	0.00	0.00
1	7200-10800	52-956: Ferris Rd  Melton Hwy@55.3-200: Melton Hwy@21.7	956	200	657	620	0	28	5	2.93	2.92		3.02	3.89	0.00	0.00		0.00	0.00	LOS_A	1	0.00	0.00
1	7200-10800	52			1825	1692	4	73	48	2.79	2.63	7.39	4.47	5.58	0.01	0.01	0.34	0.00	0.00	LOS_A	1	0.00	0.00
1	7200-10800	53-899: Melton Hwy@13.5-199: Melton Hwy@15.7	899	199	128	123	0	2	3	3.72	3.78		1.69	2.74	0.02	0.02		0.00	0.00	LOS_A	1	0.39	49.53
1	7200-10800	53-899: Melton Hwy@13.5-301: High St@21.5	899	301	33	32	0	1	0	4.15	4.21		2.36		0.32	0.33		0.00		LOS_A	1	0.39	49.53
1	7200-10800	53-899: Melton Hwy@13.5-305: Melton Hwy@15.2	899	305	526	491	0	25	10	2.69	2.72		1.64	3.51	0.10	0.10		0.00	0.00	LOS_A	1	0.39	49.53
1	7200-10800	53-899: Melton Hwy@13.5-376: High St@36.1	899	376	322	305	0	10	3	7.29	7.21		8.86	8.19	0.31	0.33		0.00	0.00	LOS_A	1	0.39	49.53
1	7200-10800	53-900: High St@7.7-199: Melton Hwy@15.7	900	199	84	75	2	2	1	0.17	0.06	0.94	0.00	0.00	0.00	0.00	0.00	0.00	0.00	LOS_A	1	0.00	0.00
1	7200-10800	53-900: High St@7.7-301: High St@21.5	900	301	31	31	0	0	0	0.01	0.01				0.00	0.00				LOS_A	1	0.00	0.00
1	7200-10800	53-900: High St@7.7-305: Melton Hwy@15.2	900	305	70	70	0	0	0	5.01	5.01				0.00	0.00				LOS_A	1	0.00	0.00
1	7200-10800	53-900: High St@7.7-376: High St@36.1	900	376	0	0	0	0	0											LOS_A		0.00	0.00
1	7200-10800	53-901: Melton Hwy@7.6-199: Melton Hwy@15.7	901	199	380	344	0	18	18	0.60	0.60		0.59	0.65	0.00	0.00		0.00	0.00	LOS_A	1	0.00	0.00
1	7200-10800	53-901: Melton Hwy@7.6-301: High St@21.5	901	301	8	8	0	0	0	0.40	0.40				0.00	0.00				LOS_A	1	0.00	0.00
1	7200-10800	53-901: Melton Hwy@7.6-305: Melton Hwy@15.2	901	305	0	0	0	0	0											LOS_A		0.00	0.00
1	7200-10800	53-901: Melton Hwy@7.6-376: High St@36.1	901	376	55	55	0	0	0	0.49	0.49				0.00	0.00				LOS_A	1	0.00	0.00
1	7200-10800	53-1241: High St@3.1-199: Melton Hwy@15.7	1241	199	35	35	0	0	0	0.20	0.20				0.00	0.00				LOS_A	1	0.00	0.00
1	7200-10800	53-1241: High St@3.1-301: High St@21.5	1241	301	0	0	0	0	0											LOS_A		0.00	0.00
1	7200-10800	53-1241: High St@3.1-305: Melton Hwy@15.2	1241	305	8	8	0	0	0	0.14	0.14				0.00	0.00				LOS_A	1	0.00	0.00
1	7200-10800	53-1241: High St@3.1-376: High St@36.1	1241	376	30	30	0	0	0	0.17	0.17				0.00	0.00				LOS_A	1	0.00	0.00
1	7200-10800	53			1710	1607	2	58	35	2.93	2.95	0.94	2.52	2.28	0.10	0.10	0.00	0.00	0.00	LOS_A	1	0.10	49.53
1	7200-10800	54-526: Ferris Rd@22.5-310@35.3	526	310	15	14	0	1	0	6.60	6.54		7.45		0.00	0.00		0.00		LOS_A	1	0.00	0.00
1	7200-10800	54-526: Ferris Rd@22.5-421: Ferris Rd@15.4	526	421	0	0	0	0	0											LOS_A		0.00	0.00
1	7200-10800	54-526: Ferris Rd@22.5-525: Ferris Rd@18.9	526	525	526	501	1	12	10	0.46	0.45	0.07	0.50	0.77	0.00	0.00	0.00	0.00	0.00	LOS_A	1	0.00	0.00
1	7200-10800	54-527: Zone connector@58.2-310@35.3	527	310	0	0	0	0	0											LOS_A		0.00	0.00
1	7200-10800	54-527: Zone connector@58.2-421: Ferris Rd@15.4	527	421	551	513	0	23	13	0.14	0.14		0.13	0.12	0.00	0.00		0.00	0.00	LOS_A	1	0.00	0.00
1	7200-10800	54-528@5.7-421: Ferris Rd@15.4	528	421	11	11	0	0	0	4.82	4.82				0.00	0.00				LOS_A	1	0.00	0.00
1	7200-10800	54-528@5.7-525: Ferris Rd@18.9	528	525	0	0	0	0	0											LOS_A		0.00	0.00
1	7200-10800	54			1103	1039	1	36	23	0.43	0.43	0.07	0.46	0.40	0.00	0.00	0.00	0.00	0.00	LOS_A	1	0.00	0.00
1	7200-10800	55-68: Mount Cottrell Rd SA@390.9-320: Western Fwy@25.9	68	320	136	129	2	3	2	0.16	0.17	0.07	0.03	0.00	0.00	0.00	0.00	0.00	0.00	LOS_A	1	0.00	0.00
1	7200-10800	55-942: Western Hwy@75.8-69: Mount Cottrell Rd@25.4	942	69	417	391	0	18	8	3.37	3.25		4.95	5.37	0.03	0.03		0.00	0.00	LOS_A	1	0.00	0.00
1	7200-10800	55-942: Western Hwy@75.8-320: Western Fwy@25.9	942	320	1800	1690	9	65	34	3.11	3.10	3.87	3.13	3.53	0.00	0.00	0.00	0.00	0.00	LOS_A	1	0.00	0.00
1	7200-10800	55			2353	2210	11	86	44	2.98	2.95	3.18	3.40	3.70	0.01	0.01	0.00	0.00	0.00	LOS_A	1	0.00	0.00
1	7200-10800	56-24: Paynes Rd SA@384.9-537: Western Hwy@24.0	24	537	111	105	0	4	2	0.18	0.18		0.09	0.09	0.00	0.00		0.00	0.00	LOS_A	1	0.00	0.00
1	7200-10800	56-536: Western Hwy@83.6-23: Paynes Rd@34.1	536	23	269	266	0	2	1	6.96	6.94		7.44	10.51	0.00	0.00		0.00	0.00	LOS_A	1	0.00	0.00
1	7200-10800	56-536: Western Hwy@83.6-537: Western Hwy@24.0	536	537	2107	1977	9	79	40	4.96	4.96	4.96	5.06	4.48	0.00	0.00	0.00	0.00	0.00	LOS_A	1	0.00	0.00
1	7200-10800	56			2487	2348	9	85	43	4.96	4.97	4.96	4.88	4.41	0.00	0.00	0.00	0.00	0.00	LOS_A	1	0.00	0.00
1	7200-10800	57-169: Western Hwy@71.3-168: Western Hwy@12.5	169	168	1132	973	25	76	56	0.51	0.54	0.48	0.35	0.25	0.00	0.00	0.00	0.00	0.00	LOS_A	1	0.00	0.00
1	7200-10800	57-511: Western Freeway service Rd SA@97.7-172: Western Hwy@0.2	511	172	0	0	0	0	0											LOS_A		0.00	0.00
1	7200-10800	57-936: Western Hwy@71.3-172: Western Hwy@0.2	936	172	2376	2243	9	81	41	0.72	0.69	1.52	0.99	1.36	0.00	0.00	0.00	0.00	0.00	LOS_A	1	0.00	0.00
1	7200-10800	57-936: Western Hwy@71.3-512: Zone connector@4.0	936	512	0	0	0	0	0											LOS_A		0.00	0.00
1	7200-10800	57			3508	3216	34	157	97	0.65	0.65	0.76	0.68	0.72	0.00	0.00	0.00	0.00	0.00	LOS_A	1	0.00	0.00
1	7200-10800	58-436@136.8-271: Leakes Rd@61.4	436	271	58	55	1	1	1	3.12	2.91	7.41	5.89	7.46	0.00	0.00	0.00	0.00	0.00	LOS_A	1	0.00	0.00
1	7200-10800	58-436@136.8-437: Leakes Rd@45.3	436	437	55	52	0	2	1	1.35	1.27		2.32	3.61	0.00	0.00		0.00	0.00	LOS_A	1	0.00	0.00
1	7200-10800	58-600: Leakes Rd@6.4-273@26.5	600	273	184	172	0	5	7	5.83	5.71		8.05	7.37	0.00	0.00		0.00	0.00	LOS_A	1	0.00	0.00
1	7200-10800	58-600: Leakes Rd@6.4-437: Leakes Rd@45.3	600	437	267	230	0	8	14	2.88	3.09		2.00	1.21	0.00	0.00		0.00	0.00	LOS_A	1	0.00	0.00
1	7200-10800	58-1263: Leakes Rd@41.8-271: Leakes Rd@61.4	1263	271	193	162	1	10	5	0.59	0.61	0.03	1.02	0.98	0.00	0.00	0.00	0.00	0.00	LOS_A	1	0.00	0.00
1	7200-10800	58-1263: Leakes Rd@41.8-273@26.5	1263	273	24	19	0	3	2	2.12	1.93		2.42	3.48	0.00	0.00		0.00	0.00	LOS_A	1	0.00	0.00
1	7200-10800	58			781	690	2	29	30	2.90	2.98	3.72	2.91	3.05	0.00	0.00	0.00	0.00	0.00	LOS_A	1	0.00	0.00
1	7200-10800	59-271: Leakes Rd@243.4-602: Leakes Rd@8.6	271	602	251	217	2	11	6	0.76	0.72	1.33	1.14	1.47	0.00	0.00	0.00	0.00	0.00	LOS_A	1	0.00	0.00
1	7200-10800	59-443: Woodlea Blvd EA@92.7-270: Leakes Rd@21.8	443	270	9	9	0	0	0	1.20	1.20				0.00	0.00				LOS_A	1	0.00	0.00
1	7200-10800	59-443: Woodlea Blvd EA@92.7-442@13.5	443	442	0	0	0	0	0											LOS_A		0.00	0.00
1	7200-10800	59-605: Leakes Rd@48.1-270: Leakes Rd@21.8	605	270	442	393	0	13	21	2.15	1.50		1.57	1.26	0.00	0.00		0.00	0.00	LOS_A	1	0.00	0.00
1	7200-10800	59-605: Leakes Rd@48.1-442@13.5	605	442	26	26	0	0	0	1.04	1.04				0.00	0.00				LOS_A	1	0.00	0.00
1	7200-10800	59			728	645	2	24	27	1.62	1.22	1.33	1.37	1.31	0.00	0.00	0.00	0.00	0.00	LOS_A	1	0.00	0.00
1	7200-10800	60-938: Leakes Rd@68.7-398: Taylors Rd@37.8	938	398	199	169	0	9	6	3.81	2.55		4.43	4.49	0.00	0.00		0.00	0.00	LOS_A	1	0.00	0.00
1	7200-10800	60-938: Leakes Rd@68.7-400: Leakes Rd@62.1	938	400	39	35	2	2	0	0.59	0.57	1.32	0.31		0.00	0.00	0.00	0.00		LOS_A	1	0.00	0.00
1	7200-10800	60-938: Leakes Rd@68.7-402: Leakes Rd@53.8	938	402	0	0	0	0	0											LOS_A		0.00	0.00
1	7200-10800	60-938: Leakes Rd@68.7-271502: Taylors Rd@46.1	938	271502	13	13	0	0	0	3.42	3.42				0.00	0.00				LOS_A	1	0.00	0.00
1	7200-10800	60-271509: Taylors Rd@32.2-400: Leakes Rd@62.1	271509	400	73	73	0	0	0	0.80	0.80				0.00	0.00				LOS_A	1	0.00	0.00
1	7200-10800	60-271509: Taylors Rd@32.2-402: Leakes Rd@53.8	271509	402	313	276	0	11	11	4.79	4.50		6.07	6.13	0.01	0.01		0.00	0.00	LOS_A	1	0.00	0.00
1	7200-10800	60-271509: Taylors Rd@32.2-271502: Taylors Rd@46.1	271509	271502	95	95	0	0	0	0.11	0.11				0.00	0.00				LOS_A	1	0.00	0.00
1	7200-10800	60-271574: Taylors Rd@30.9-398: Taylors Rd@37.8	271574	398	19	19	0	0	0	0.21	0.21				0.00	0.00				LOS_A	1	0.00	0.00
1	7200-10800	60-271574: Taylors Rd@30.9-402: Leakes Rd@53.8	271574	402	23	23	0	0	0	0.20	0.20				0.00	0.00				LOS_A	1	0.00	0.00
1	7200-10800	60-271576: Taylors Rd@30.3-400: Leakes Rd@62.1	271576	400	26	26	0	0	0	10.79	10.79				0.00	0.00				LOS_B	2	0.00	0.00
1	7200-10800	60-271581: Leakes Rd@28.6-398: Taylors Rd@37.8	271581	398	92	92	0	0	0	0.14	0.14				0.00	0.00				LOS_A	1	0.00	0.00
1	7200-10800	60-271581: Leakes Rd@28.6-402: Leakes Rd@53.8	271581	402	132	120	0	2	10	0.26	0.27		0.00	0.18	0.00	0.00		0.00	0.00	LOS_A	1	0.00	0.00
1	7200-10800	60-271581: Leakes Rd@28.6-271502: Taylors Rd@46.1	271581	271502	42	42	0	0	0	3.97	3.97				0.00	0.00				LOS_A	1	0.00	0.00
1	7200-10800	60			1066	983	2	24	27	2.72	2.35	1.32	4.47	3.56	0.00	0.00	0.00	0.00	0.00	LOS_A	1	0.00	0.00
1	7200-10800	61-540@22.7-435: Leakes Rd@19.5	540	435	55	53	0	1	1	0.69	0.62		1.84	3.40	0.00	0.00		0.00	0.00	LOS_A	1	0.00	0.00
1	7200-10800	61-540@22.7-438: Leakes Rd@14.4	540	438	78	69	0	7	2	0.80	0.67		1.77	1.92	0.00	0.00		0.00	0.00	LOS_A	1	0.00	0.00
1	7200-10800	61-863: Leakes Rd@86.5-265@27.3	863	265	136	125	0	3	8	4.47	4.38		5.43	5.53	0.00	0.00		0.00	0.00	LOS_A	1	0.00	0.00
1	7200-10800	61-863: Leakes Rd@86.5-435: Leakes Rd@19.5	863	435	186	157	0	7	7	1.65	1.85		1.35	0.54	0.00	0.00		0.00	0.00	LOS_A	1	0.00	0.00
1	7200-10800	61-941: Leakes Rd@8.5-265@27.3	941	265	46	42	0	1	3	6.90	6.72		9.45	8.52	0.00	0.00		0.00	0.00	LOS_A	1	0.00	0.00
1	7200-10800	61-941: Leakes Rd@8.5-438: Leakes Rd@14.4	941	438	139	112	1	6	5	0.95	1.03	0.06	0.28	0.64	0.00	0.00	0.00	0.00	0.00	LOS_A	1	0.00	0.00
1	7200-10800	61			640	558	1	25	26	2.29	2.36	0.06	2.04	3.23	0.00	0.00	0.00	0.00	0.00	LOS_A	1	0.00	0.00
1	7200-10800	62-267: Ian Cowie Way EA@65.6-264: Leakes Rd@15.6	267	264	0	0	0	0	0											LOS_A		0.00	0.00
1	7200-10800	62-267: Ian Cowie Way EA@65.6-434: Leakes Rd@14.9	267	434	20	20	0	0	0	0.03	0.03				0.00	0.00				LOS_A	1	0.00	0.00
1	7200-10800	62-267: Ian Cowie Way EA@65.6-271596@27.9	267	271596	0	0	0	0	0											LOS_A		0.00	0.00
1	7200-10800	62-538: Leakes Rd@42.7-264: Leakes Rd@15.6	538	264	215	184	0	8	8	1.03	1.03		0.69	0.95	0.00	0.00		0.00	0.00	LOS_A	1	0.00	0.00
1	7200-10800	62-538: Leakes Rd@42.7-268: Ian Cowie Way@17.3	538	268	26	26	0	0	0	5.99	5.99				0.00	0.00				LOS_A	1	0.00	0.00
1	7200-10800	62-538: Leakes Rd@42.7-271596@27.9	538	271596	0	0	0	0	0											LOS_A		0.00	0.00
1	7200-10800	62-864: Leakes Rd@42.2-268: Ian Cowie Way@17.3	864	268	0	0	0	0	0											LOS_A		0.00	0.00
1	7200-10800	62-864: Leakes Rd@42.2-434: Leakes Rd@14.9	864	434	165	134	1	7	8	0.20	0.23	0.08	0.06	0.13	0.00	0.00	0.00	0.00	0.00	LOS_A	1	0.00	0.00
1	7200-10800	62-864: Leakes Rd@42.2-271596@27.9	864	271596	13	0	0	0	0	0.01					0.00					LOS_A	1	0.00	0.00
1	7200-10800	62-271595: Ian Cowie Way WA@105.8-264: Leakes Rd@15.6	271595	264	13	0	0	0	0	1.81					0.00					LOS_A	1	0.00	0.00
1	7200-10800	62-271595: Ian Cowie Way WA@105.8-268: Ian Cowie Way@17.3	271595	268	0	0	0	0	0											LOS_A		0.00	0.00
1	7200-10800	62-271595: Ian Cowie Way WA@105.8-434: Leakes Rd@14.9	271595	434	0	0	0	0	0											LOS_A		0.00	0.00
1	7200-10800	62			452	364	1	15	16	0.96	1.04	0.08	0.39	0.54	0.00	0.00	0.00	0.00	0.00	LOS_A	1	0.00	0.00
1	7200-10800	63-374: Westcott Pde EA@100.7-263: Leakes Rd@9.1	374	263	58	30	0	0	0	0.03	0.05				0.00	0.00				LOS_A	1	0.00	0.00
1	7200-10800	63-374: Westcott Pde EA@100.7-372: Leakes Rd@14.9	374	372	0	0	0	0	0											LOS_A		0.00	0.00
1	7200-10800	63-542: Leakes Rd@34.5-372: Leakes Rd@14.9	542	372	198	182	0	8	8	1.07	1.10		0.40	1.17	0.00	0.00		0.00	0.00	LOS_A	1	0.00	0.00
1	7200-10800	63-542: Leakes Rd@34.5-375: Westcott Pde@26.6	542	375	30	2	0	0	0	9.38	7.77				0.00	0.00				LOS_A	1	0.00	0.00
1	7200-10800	63-543: Leakes Rd@6.7-263: Leakes Rd@9.1	543	263	120	104	1	7	8	0.05	0.05	0.08	0.03	0.01	0.00	0.00	0.00	0.00	0.00	LOS_A	1	0.00	0.00
1	7200-10800	63-543: Leakes Rd@6.7-375: Westcott Pde@26.6	543	375	0	0	0	0	0											LOS_A		0.00	0.00
1	7200-10800	63			406	318	1	15	16	1.23	0.70	0.08	0.23	0.59	0.00	0.00	0.00	0.00	0.00	LOS_A	1	0.00	0.00
1	7200-10800	64-484: Western Hwy SA@157.6-78: Western Hwy@14.0	484	78	0	0	0	0	0											LOS_A		0.00	0.00
1	7200-10800	64-484: Western Hwy SA@157.6-324: Western Hwy@20.9	484	324	0	0	0	0	0											LOS_A		0.00	0.00
1	7200-10800	64-943: Western Hwy@38.1-78: Western Hwy@14.0	943	78	1226	1056	24	81	63	0.56	0.55	1.00	0.50	0.62	0.00	0.00	0.00	0.00	0.00	LOS_A	1	0.00	0.00
1	7200-10800	64-943: Western Hwy@38.1-324: Western Hwy@20.9	943	324	0	0	0	0	0											LOS_A		0.00	0.00
1	7200-10800	64-943: Western Hwy@38.1-483@8.4	943	483	0	0	0	0	0											LOS_A		0.00	0.00
1	7200-10800	64-1265: Western Hwy@45.2-78: Western Hwy@14.0	1265	78	6	0	0	3	3	12.67			13.24	12.09	6.44			5.02	7.86	LOS_B	2	0.91	128.43
1	7200-10800	64-1265: Western Hwy@45.2-324: Western Hwy@20.9	1265	324	2325	2196	9	85	33	1.18	1.19	1.02	1.21	1.01	0.05	0.05	0.00	0.00	0.00	LOS_A	1	0.91	128.43
1	7200-10800	64-1265: Western Hwy@45.2-483@8.4	1265	483	0	0	0	0	0											LOS_A		0.91	128.43
1	7200-10800	64			3557	3252	33	169	99	0.99	0.98	1.01	1.09	1.09	0.04	0.04	0.00	0.09	0.24	LOS_A	1	0.30	128.43
1	7200-10800	65-27: Troups Rd N@8.8-29: Western Hwy@8.5	27	29	327	319	0	4	4	0.40	0.39		0.58	0.83	0.00	0.00		0.00	0.00	LOS_A	1	0.00	0.00
1	7200-10800	65-27: Troups Rd N@8.8-31: Troups Rd N@5.3	27	31	75	69	0	4	2	0.39	0.38		0.53	0.56	0.00	0.00		0.00	0.00	LOS_A	1	0.00	0.00
1	7200-10800	65-30: Western Hwy WA@242.6-28: Troups Rd N@3.2	30	28	120	113	0	5	2	0.05	0.05		0.15	0.09	0.00	0.00		0.00	0.00	LOS_A	1	0.00	0.00
1	7200-10800	65-30: Western Hwy WA@242.6-31: Troups Rd N@5.3	30	31	0	0	0	0	0											LOS_A		0.00	0.00
1	7200-10800	65-32: Troups Rd N SA@98.1-28: Troups Rd N@3.2	32	28	4	0	0	2	2	0.00			0.01	0.00	0.00			0.00	0.00	LOS_A	1	0.00	0.00
1	7200-10800	65-32: Troups Rd N SA@98.1-29: Western Hwy@8.5	32	29	0	0	0	0	0											LOS_A		0.00	0.00
1	7200-10800	65			526	501	0	15	10	0.32	0.31		0.35	0.46	0.00	0.00		0.00	0.00	LOS_A	1	0.00	0.00
1	7200-10800	66-33: Neales Rd W WA@612.0-35: Neales Rd W@48.6	33	35	0	0	0	0	0											LOS_A		0.00	0.00
1	7200-10800	66-33: Neales Rd W WA@612.0-232: Hopkins Rd@6.4	33	232	193	179	0	7	7	14.54	14.68		15.83	9.75	1.67	1.70		1.81	0.86	LOS_B	2	0.00	0.00
1	7200-10800	66-33: Neales Rd W WA@612.0-910: Melton Hwy@16.5	33	910	10	10	0	0	0	0.69	0.69				0.00	0.00				LOS_A	1	0.00	0.00
1	7200-10800	66-622: Neales Rd W@45.9-34: Neales Rd W@23.0	622	34	158	157	0	0	1	47.49	47.77			2.04	19.43	19.55			0.00	LOS_E	5	0.00	0.00
1	7200-10800	66-622: Neales Rd W@45.9-232: Hopkins Rd@6.4	622	232	301	269	0	17	13	116.74	117.92		101.36	120.89	31.81	32.73		23.54	27.15	LOS_F	6	137.30	404.50
1	7200-10800	66-622: Neales Rd W@45.9-910: Melton Hwy@16.5	622	910	9	9	0	0	0	35.82	35.82				9.09	9.09				LOS_E	5	0.00	0.00
1	7200-10800	66-897: Hopkins Rd@12.7-34: Neales Rd W@23.0	897	34	101	94	0	4	3	3.35	3.30		3.25	5.03	0.00	0.00		0.00	0.00	LOS_A	1	0.00	0.00
1	7200-10800	66-897: Hopkins Rd@12.7-35: Neales Rd W@48.6	897	35	217	196	0	13	8	5.98	5.68		8.84	8.86	0.00	0.00		0.00	0.00	LOS_A	1	0.00	0.00
1	7200-10800	66-897: Hopkins Rd@12.7-910: Melton Hwy@16.5	897	910	228	204	0	9	4	3.75	3.15		2.50	2.68	0.16	0.00		0.00	0.00	LOS_A	1	0.00	0.00
1	7200-10800	66-908: Melton Hwy@9.5-34: Neales Rd W@23.0	908	34	0	0	0	0	0											LOS_A		26.10	85.67
1	7200-10800	66-908: Melton Hwy@9.5-35: Neales Rd W@48.6	908	35	0	0	0	0	0											LOS_A		26.10	85.67
1	7200-10800	66-908: Melton Hwy@9.5-232: Hopkins Rd@6.4	908	232	405	379	0	10	5	57.62	58.46		51.58	60.47	5.11	5.30		3.15	2.29	LOS_F	6	26.10	85.67
1	7200-10800	66			1622	1497	0	60	41	44.15	44.35		41.67	49.78	9.34	9.53		7.41	9.04	LOS_E	5	32.68	404.50
1	7200-10800	67-230: Hopkins Rd@28.1-37@43.8	230	37	144	125	0	12	7	8.48	8.43		8.66	9.08	0.00	0.00		0.00	0.00	LOS_A	1	0.00	0.00
1	7200-10800	67-230: Hopkins Rd@28.1-426: Hopkins Rd@4.3	230	426	755	702	0	22	18	5.58	5.42		5.58	5.21	0.01	0.00		0.00	0.00	LOS_A	1	0.00	0.00
1	7200-10800	67-427: Hopkins Rd@87.2-231: Hopkins Rd@8.3	427	231	488	449	0	18	10	2.46	2.46		2.14	2.75	0.00	0.00		0.00	0.00	LOS_A	1	0.03	21.15
1	7200-10800	67-946@14.4-231: Hopkins Rd@8.3	946	231	60	45	0	8	5	1.93	1.60		3.00	3.17	0.01	0.02		0.00	0.00	LOS_A	1	0.00	0.00
1	7200-10800	67-946@14.4-426: Hopkins Rd@4.3	946	426	60	50	0	4	6	0.81	0.62		2.06	1.53	0.00	0.00		0.00	0.00	LOS_A	1	0.00	0.00
1	7200-10800	67			1507	1371	0	64	46	4.51	4.43		4.65	4.56	0.01	0.00		0.00	0.00	LOS_A	1	0.01	21.15
1	7200-10800	69-290: Caroline Springs Blvd@7.8-60: Caroline Springs Blvd@15.2	290	60	0	0	0	0	0											LOS_A		0.00	0.00
1	7200-10800	69-290: Caroline Springs Blvd@7.8-291: Caroline Springs Blvd@13.9	290	291	652	604	0	18	15	1.02	0.86		1.33	1.61	0.00	0.00		0.00	0.00	LOS_A	1	0.00	0.00
1	7200-10800	69-290: Caroline Springs Blvd@7.8-293: Chisholm Dr@13.5	290	293	37	37	0	0	0	0.84	0.84				0.00	0.00				LOS_A	1	0.00	0.00
1	7200-10800	69-290: Caroline Springs Blvd@7.8-431: Springlake Ave@15.9	290	431	16	15	0	1	0	0.41	0.38		0.88		0.00	0.00		0.00		LOS_A	1	0.00	0.00
1	7200-10800	69-292: Caroline Springs Blvd NA@169.6-60: Caroline Springs Blvd@15.2	292	60	432	385	1	17	14	1.14	0.57	0.32	0.16	0.22	0.00	0.00	0.00	0.00	0.00	LOS_A	1	0.00	0.00
1	7200-10800	69-292: Caroline Springs Blvd NA@169.6-291: Caroline Springs Blvd@13.9	292	291	0	0	0	0	0											LOS_A		0.00	0.00
1	7200-10800	69-292: Caroline Springs Blvd NA@169.6-293: Chisholm Dr@13.5	292	293	8	8	0	0	0	0.40	0.40				0.00	0.00				LOS_A	1	0.00	0.00
1	7200-10800	69-292: Caroline Springs Blvd NA@169.6-431: Springlake Ave@15.9	292	431	61	61	0	0	0	0.55	0.55				0.00	0.00				LOS_A	1	0.00	0.00
1	7200-10800	69-294: Chisholm Dr EA@69.6-60: Caroline Springs Blvd@15.2	294	60	13	13	0	0	0	0.01	0.01				0.00	0.00				LOS_A	1	0.00	0.00
1	7200-10800	69-294: Chisholm Dr EA@69.6-291: Caroline Springs Blvd@13.9	294	291	0	0	0	0	0											LOS_A		0.00	0.00
1	7200-10800	69-294: Chisholm Dr EA@69.6-293: Chisholm Dr@13.5	294	293	0	0	0	0	0											LOS_A		0.00	0.00
1	7200-10800	69-294: Chisholm Dr EA@69.6-431: Springlake Ave@15.9	294	431	0	0	0	0	0											LOS_A		0.00	0.00
1	7200-10800	69-430: Springlake Ave WA@96.3-60: Caroline Springs Blvd@15.2	430	60	11	10	0	0	1	0.04	0.05			0.00	0.00	0.00			0.00	LOS_A	1	0.00	0.00
1	7200-10800	69-430: Springlake Ave WA@96.3-291: Caroline Springs Blvd@13.9	430	291	22	22	0	0	0	0.04	0.04				0.00	0.00				LOS_A	1	0.00	0.00
1	7200-10800	69-430: Springlake Ave WA@96.3-293: Chisholm Dr@13.5	430	293	0	0	0	0	0											LOS_A		0.00	0.00
1	7200-10800	69-430: Springlake Ave WA@96.3-431: Springlake Ave@15.9	430	431	0	0	0	0	0											LOS_A		0.00	0.00
1	7200-10800	69			1252	1155	1	36	30	0.99	0.71	0.32	0.76	0.91	0.00	0.00	0.00	0.00	0.00	LOS_A	1	0.00	0.00
1	7200-10800	70-352: Eucumbene Dr@292.6-111: Christies Rd@15.7	352	111	0	0	0	0	0											LOS_A		0.00	0.00
1	7200-10800	70-647: Christies Rd@1.5-111: Christies Rd@15.7	647	111	402	337	2	28	20	0.84	0.76	1.39	1.34	1.36	0.00	0.00	0.00	0.00	0.00	LOS_A	1	0.00	0.00
1	7200-10800	70-647: Christies Rd@1.5-353: Eucumbene Dr@18.2	647	353	1	1	0	0	0	4.93	4.93				0.00	0.00				LOS_A	1	0.00	0.00
1	7200-10800	70-647: Christies Rd@1.5-271551@28.2	647	271551	0	0	0	0	0											LOS_A		0.00	0.00
1	7200-10800	70-891: Christies Rd@8.5-287: Christies Rd@6.6	891	287	416	370	0	18	13	2.22	2.27		2.30	2.19	0.00	0.00		0.00	0.00	LOS_A	1	0.00	0.00
1	7200-10800	70-891: Christies Rd@8.5-353: Eucumbene Dr@18.2	891	353	45	45	0	0	0	3.88	3.88				0.00	0.00				LOS_A	1	0.00	0.00
1	7200-10800	70-891: Christies Rd@8.5-271549@21.0	891	271549	0	0	0	0	0											LOS_A		0.00	0.00
1	7200-10800	70-271550@4.0-287: Christies Rd@6.6	271550	287	0	0	0	0	0											LOS_A		0.00	0.00
1	7200-10800	70			864	753	2	46	33	1.67	1.70	1.39	1.71	1.69	0.00	0.00	0.00	0.00	0.00	LOS_A	1	0.00	0.00
1	7200-10800	71-111: Christies Rd@84.9-129@9.8	111	129	259	227	1	18	13	0.53	0.51	0.30	0.73	0.66	0.00	0.00	0.00	0.00	0.00	LOS_A	1	0.00	0.00
1	7200-10800	71-111: Christies Rd@84.9-282: Christies Rd@12.4	111	282	143	110	1	10	7	0.44	0.39	1.41	0.66	1.01	0.00	0.00	0.00	0.00	0.00	LOS_A	1	0.00	0.00
1	7200-10800	71-274: Christies Rd@5.8-112: Christies Rd@20.6	274	112	461	415	0	18	13	6.03	6.25		4.88	4.38	0.00	0.00		0.00	0.00	LOS_A	1	0.00	0.00
1	7200-10800	71-274: Christies Rd@5.8-129@9.8	274	129	217	154	3	41	19	8.92	8.85	9.60	8.41	10.45	0.00	0.00	0.00	0.00	0.00	LOS_A	1	0.00	0.00
1	7200-10800	71			1080	906	5	87	52	4.55	4.54	6.10	5.20	5.21	0.00	0.00	0.00	0.00	0.00	LOS_A	1	0.00	0.00
1	7200-10800	72-126@294.6-280: Christies Rd@41.9	126	280	227	227	0	0	0	1.88	1.88				0.00	0.00				LOS_A	1	0.00	0.00
1	7200-10800	72-126@294.6-394: Christies Rd@15.7	126	394	46	24	0	20	2	2.06	1.23		2.91	3.44	0.00	0.00		0.00	0.00	LOS_A	1	0.00	0.00
1	7200-10800	72-126@294.6-626: Palm Springs Rd@75.1	126	626	25	24	0	1	0	1.70	1.63		3.38		0.00	0.00		0.00		LOS_A	1	0.00	0.00
1	7200-10800	72-279: Christies Rd@96.9-280: Christies Rd@41.9	279	280	0	0	0	0	0											LOS_A		0.00	0.00
1	7200-10800	72-279: Christies Rd@96.9-394: Christies Rd@15.7	279	394	98	66	1	10	6	0.55	0.65	1.72	0.44	0.65	0.00	0.00	0.00	0.00	0.00	LOS_A	1	0.00	0.00
1	7200-10800	72-279: Christies Rd@96.9-626: Palm Springs Rd@75.1	279	626	45	44	0	0	1	0.91	0.90			1.11	0.00	0.00			0.00	LOS_A	1	0.00	0.00
1	7200-10800	72-393: Christies Rd SA@348.6-280: Christies Rd@41.9	393	280	165	73	2	51	24	0.71	1.13	0.00	0.38	0.50	0.00	0.00	0.00	0.00	0.00	LOS_A	1	0.00	0.00
1	7200-10800	72-393: Christies Rd SA@348.6-394: Christies Rd@15.7	393	394	0	0	0	0	0											LOS_A		0.00	0.00
1	7200-10800	72-393: Christies Rd SA@348.6-626: Palm Springs Rd@75.1	393	626	4	4	0	0	0	0.40	0.40				0.00	0.00				LOS_A	1	0.00	0.00
1	7200-10800	72-625: Palm Springs Rd WA@88.9-280: Christies Rd@41.9	625	280	286	269	1	8	8	0.25	0.26	0.48	0.14	0.10	0.00	0.00	0.00	0.00	0.00	LOS_A	1	0.00	0.00
1	7200-10800	72-625: Palm Springs Rd WA@88.9-394: Christies Rd@15.7	625	394	33	33	0	0	0	0.15	0.15				0.00	0.00				LOS_A	1	0.00	0.00
1	7200-10800	72-625: Palm Springs Rd WA@88.9-626: Palm Springs Rd@75.1	625	626	0	0	0	0	0											LOS_A		0.00	0.00
1	7200-10800	72			929	764	4	90	41	0.92	0.96	0.55	0.96	0.60	0.00	0.00	0.00	0.00	0.00	LOS_A	1	0.00	0.00
1	7200-10800	73-350: Delma Rd@97.2-464: Ballarat Rd  Western Hwy@8.8	350	464	4	4	0	0	0	0.04	0.04				0.00	0.00				LOS_A	1	0.00	0.00
1	7200-10800	73-663: Ballarat Rd  Western Hwy@46.8-351: Delma Rd@11.2	663	351	0	0	0	0	0											LOS_A		0.00	0.00
1	7200-10800	73-663: Ballarat Rd  Western Hwy@46.8-464: Ballarat Rd  Western Hwy@8.8	663	464	1253	1185	2	41	25	1.22	1.23	0.03	1.12	1.06	0.00	0.00	0.00	0.00	0.00	LOS_A	1	0.00	0.00
1	7200-10800	73			1257	1189	2	41	25	1.22	1.22	0.03	1.12	1.06	0.00	0.00	0.00	0.00	0.00	LOS_A	1	0.00	0.00
1	7200-10800	76-911: Grand Blvd WA@130.2-404: Hopkins Rd@29.7	911	404	31	31	0	0	0	0.06	0.06				0.00	0.00				LOS_A	1	0.00	0.00
1	7200-10800	76-911: Grand Blvd WA@130.2-408: Hopkins Rd@16.0	911	408	72	72	0	0	0	0.15	0.15				0.00	0.00				LOS_A	1	0.00	0.00
1	7200-10800	76-913: Hopkins Rd@4.0-408: Hopkins Rd@16.0	913	408	614	527	2	42	38	0.39	0.42	0.22	0.20	0.25	0.00	0.00	0.00	0.00	0.00	LOS_A	1	0.00	0.00
1	7200-10800	76-913: Hopkins Rd@4.0-912@27.4	913	912	36	36	0	0	0	3.25	3.25				0.00	0.00				LOS_A	1	0.00	0.00
1	7200-10800	76-948: Hopkins Rd@33.1-404: Hopkins Rd@29.7	948	404	545	492	0	26	22	2.12	2.25		1.03	0.97	0.00	0.00		0.00	0.00	LOS_A	1	0.00	0.00
1	7200-10800	76-948: Hopkins Rd@33.1-912@27.4	948	912	217	215	0	2	0	8.75	8.74		9.69		0.01	0.01		0.00		LOS_A	1	0.00	0.00
1	7200-10800	76			1515	1373	2	70	60	2.26	2.43	0.22	0.78	0.51	0.00	0.00	0.00	0.00	0.00	LOS_A	1	0.00	0.00
1	7200-10800	77-208: Western Fwy@25.5-84: Western Fwy@15.9	208	84	833	730	22	49	32	2.08	2.20	1.17	1.18	1.43	0.00	0.00	0.00	0.00	0.00	LOS_A	1	0.00	0.00
1	7200-10800	77-208: Western Fwy@25.5-180@16.3	208	180	352	331	0	10	11	7.45	7.43		7.34	8.26	0.00	0.00		0.00	0.00	LOS_A	1	0.00	0.00
1	7200-10800	77			1185	1061	22	59	43	3.68	3.83	1.17	2.22	3.17	0.00	0.00	0.00	0.00	0.00	LOS_A	1	0.00	0.00
1	7200-10800	78-84: Western Fwy@896.5-203: Western Fwy@19.3	84	203	833	730	22	49	32	0.39	0.39	0.72	0.24	0.35	0.00	0.00	0.00	0.00	0.00	LOS_A	1	0.00	0.00
1	7200-10800	78-529@58.8-203: Western Fwy@19.3	529	203	303	247	3	27	24	0.94	0.77	1.80	2.03	1.41	0.00	0.00	0.00	0.00	0.00	LOS_A	1	0.00	0.00
1	7200-10800	78			1136	977	25	76	56	0.53	0.48	0.85	0.88	0.80	0.00	0.00	0.00	0.00	0.00	LOS_A	1	0.00	0.00
1	7200-10800	79-184: Western Fwy@928.7-205: Western Fwy@68.7	184	205	1412	1332	9	43	28	1.01	0.95	2.60	1.49	2.28	0.00	0.00	0.00	0.00	0.00	LOS_A	1	0.00	0.00
1	7200-10800	79-333@86.1-205: Western Fwy@68.7	333	205	212	206	0	2	4	1.62	1.60		2.37	2.30	0.00	0.00		0.00	0.00	LOS_A	1	0.00	0.00
1	7200-10800	79			1624	1538	9	45	32	1.09	1.04	2.60	1.53	2.29	0.00	0.00	0.00	0.00	0.00	LOS_A	1	0.00	0.00
1	7200-10800	80-424: Western Fwy@14.2-184: Western Fwy@85.3	424	184	1413	1333	9	43	28	3.02	3.01	2.90	3.23	3.28	0.00	0.00	0.00	0.00	0.00	LOS_A	1	0.00	0.00
1	7200-10800	80-424: Western Fwy@14.2-337@9.9	424	337	524	487	2	25	8	7.71	7.56	10.52	9.60	9.76	0.01	0.01	0.00	0.00	0.00	LOS_A	1	0.00	0.00
1	7200-10800	80			1937	1820	11	68	36	4.29	4.23	4.28	5.57	4.72	0.00	0.00	0.00	0.00	0.00	LOS_A	1	0.00	0.00
1	7200-10800	81-532: Western Hwy@54.0-334: Western Hwy@32.2	532	334	1118	959	25	76	56	0.53	0.56	0.67	0.33	0.18	0.00	0.00	0.00	0.00	0.00	LOS_A	1	0.00	0.00
1	7200-10800	81-532: Western Hwy@54.0-481@38.6	532	481	19	19	0	0	0	5.58	5.58				0.00	0.00				LOS_A	1	0.00	0.00
1	7200-10800	81			1137	978	25	76	56	0.62	0.66	0.67	0.33	0.18	0.00	0.00	0.00	0.00	0.00	LOS_A	1	0.00	0.00
1	7200-10800	82-334: Western Hwy@654.9-72: Western Hwy@13.0	334	72	1118	959	25	76	56	0.72	0.77	0.78	0.38	0.30	0.00	0.00	0.00	0.00	0.00	LOS_A	1	0.00	0.00
1	7200-10800	82-482@267.1-72: Western Hwy@13.0	482	72	14	14	0	0	0	0.02	0.02				0.00	0.00				LOS_A	1	0.00	0.00
1	7200-10800	82			1132	973	25	76	56	0.71	0.76	0.78	0.38	0.30	0.00	0.00	0.00	0.00	0.00	LOS_A	1	0.00	0.00
1	7200-10800	83-313: Western Hwy@39.7-103: Western Hwy@23.4	313	103	1019	866	24	73	54	1.34	1.40	1.24	1.02	0.92	0.01	0.01	0.00	0.00	0.00	LOS_A	1	0.11	47.05
1	7200-10800	83-313: Western Hwy@39.7-174@14.4	313	174	113	107	1	3	2	5.22	5.17	6.85	5.92	6.29	0.07	0.08	0.00	0.00	0.00	LOS_A	1	0.11	47.05
1	7200-10800	83			1132	973	25	76	56	1.73	1.81	1.47	1.22	1.11	0.01	0.02	0.00	0.00	0.00	LOS_A	1	0.11	47.05
1	7200-10800	84-161@132.7-99: Western Hwy@10.0	161	99	182	167	0	4	11	0.89	0.81		1.60	1.79	0.00	0.00		0.00	0.00	LOS_A	1	0.00	0.00
1	7200-10800	84-187: Western Hwy@838.0-99: Western Hwy@10.0	187	99	2194	2076	9	77	30	1.45	1.44	1.31	1.40	2.22	0.00	0.00	0.00	0.00	0.00	LOS_A	1	0.00	0.00
1	7200-10800	84			2376	2243	9	81	41	1.41	1.40	1.31	1.41	2.10	0.00	0.00	0.00	0.00	0.00	LOS_A	1	0.00	0.00
1	7200-10800	85-103: Western Hwy@829.6-89: Western Hwy@49.7	103	89	1018	865	24	73	54	0.92	0.96	1.13	0.59	0.59	0.00	0.00	0.00	0.00	0.00	LOS_A	1	0.00	0.00
1	7200-10800	85-175@113.1-89: Western Hwy@49.7	175	89	208	191	0	8	9	0.56	0.51		1.09	1.21	0.00	0.00		0.00	0.00	LOS_A	1	0.00	0.00
1	7200-10800	85			1226	1056	24	81	63	0.86	0.88	1.13	0.64	0.68	0.00	0.00	0.00	0.00	0.00	LOS_A	1	0.00	0.00
1	7200-10800	86-323: Western Hwy@20.0-159@12.1	323	159	133	122	0	8	3	4.12	4.00		5.44	5.62	0.00	0.00		0.00	0.00	LOS_A	1	0.00	0.00
1	7200-10800	86-323: Western Hwy@20.0-187: Western Hwy@33.1	323	187	2192	2074	9	77	30	2.35	2.36	1.15	1.96	2.42	0.00	0.00	0.00	0.00	0.00	LOS_A	1	0.00	0.00
1	7200-10800	86			2325	2196	9	85	33	2.45	2.46	1.15	2.28	2.71	0.00	0.00	0.00	0.00	0.00	LOS_A	1	0.00	0.00
1	7200-10800	87-343: Western Hwy@756.9-154: Western Hwy@6.1	343	154	2496	2358	9	89	38	2.11	2.13	1.26	1.85	1.58	0.00	0.00	0.00	0.00	0.00	LOS_A	1	0.00	0.00
1	7200-10800	87-480@343.6-154: Western Hwy@6.1	480	154	113	113	0	0	0	0.06	0.06				0.00	0.00				LOS_A	1	0.00	0.00
1	7200-10800	87			2609	2471	9	89	38	2.02	2.04	1.26	1.85	1.58	0.00	0.00	0.00	0.00	0.00	LOS_A	1	0.00	0.00
1	7200-10800	88-955: Western Fwy@13.7-343: Western Hwy@21.2	955	343	2496	2358	9	89	38	1.56	1.53	2.08	1.87	2.38	0.00	0.00	0.00	0.00	0.00	LOS_A	1	0.00	0.00
1	7200-10800	88-955: Western Fwy@13.7-479@7.3	955	479	0	0	0	0	0											LOS_A		0.00	0.00
1	7200-10800	88			2496	2358	9	89	38	1.56	1.53	2.08	1.87	2.38	0.00	0.00	0.00	0.00	0.00	LOS_A	1	0.00	0.00
1	7200-10800	89-228: Western Fwy@25.8-108@38.1	228	108	120	95	0	12	11	7.33	7.08		8.56	7.99	0.00	0.00		0.00	0.00	LOS_A	1	0.00	0.00
1	7200-10800	89-228: Western Fwy@25.8-194: Western Fwy@23.2	228	194	1112	961	24	72	55	1.53	1.61	1.28	1.05	0.78	0.00	0.00	0.00	0.00	0.00	LOS_A	1	0.00	0.00
1	7200-10800	89			1232	1056	24	84	66	2.09	2.10	1.28	2.12	1.98	0.00	0.00	0.00	0.00	0.00	LOS_A	1	0.00	0.00
1	7200-10800	90-104@749.4-417: Western Fwy@11.1	104	417	329	311	0	8	8	0.62	0.64		0.31	0.32	0.00	0.00		0.00	0.00	LOS_A	1	0.00	0.00
1	7200-10800	90-196: Western Fwy@1281.0-417: Western Fwy@11.1	196	417	2168	2048	9	81	30	1.27	1.27	1.36	1.19	1.24	0.00	0.00	0.00	0.00	0.00	LOS_A	1	0.00	0.00
1	7200-10800	90			2497	2359	9	89	38	1.19	1.19	1.36	1.11	1.05	0.00	0.00	0.00	0.00	0.00	LOS_A	1	0.00	0.00
1	7200-10800	91-260: Hopkins Rd@38.0-419@15.1	260	419	278	210	0	40	28	6.43	6.26		6.94	6.96	0.00	0.00		0.00	0.00	LOS_A	1	0.00	0.00
1	7200-10800	91-260: Hopkins Rd@38.0-427: Hopkins Rd@14.4	260	427	488	449	0	18	10	4.64	4.79		2.77	3.81	0.00	0.00		0.00	0.00	LOS_A	1	0.00	0.00
1	7200-10800	91-426: Hopkins Rd@77.5-43: Hopkins Rd@14.4	426	43	815	752	0	26	24	1.58	1.59		1.63	1.71	0.00	0.00		0.00	0.00	LOS_A	1	0.00	0.00
1	7200-10800	91			1581	1411	0	84	62	3.38	3.30		4.40	4.42	0.00	0.00		0.00	0.00	LOS_A	1	0.00	0.00
1	7200-10800	92-107@313.1-8: Western Fwy@5.3	107	8	422	335	0	52	35	1.16	1.10		1.24	1.57	0.00	0.00		0.00	0.00	LOS_A	1	0.00	0.00
1	7200-10800	92-194: Western Fwy@609.6-8: Western Fwy@5.3	194	8	1113	962	24	72	55	0.58	0.58	0.73	0.48	0.52	0.00	0.00	0.00	0.00	0.00	LOS_A	1	0.00	0.00
1	7200-10800	92			1535	1297	24	124	90	0.74	0.72	0.73	0.80	0.93	0.00	0.00	0.00	0.00	0.00	LOS_A	1	0.00	0.00
1	7200-10800	93-224: Western Fwy@24.6-149@12.9	224	149	236	214	0	17	5	5.25	5.00		7.43	8.66	0.00	0.00		0.00	0.00	LOS_A	1	0.00	0.00
1	7200-10800	93-224: Western Fwy@24.6-196: Western Fwy@9.8	224	196	2168	2048	9	81	30	2.37	2.37	3.01	2.08	3.09	0.00	0.00	0.00	0.00	0.00	LOS_A	1	0.00	0.00
1	7200-10800	93			2404	2262	9	98	35	2.66	2.62	3.01	3.01	3.88	0.00	0.00	0.00	0.00	0.00	LOS_A	1	0.00	0.00
1	7200-10800	94-949: Western Fwy@23.3-136@6.8	949	136	355	317	0	19	19	0.46	0.48		0.29	0.30	0.00	0.00		0.00	0.00	LOS_A	1	0.00	0.00
1	7200-10800	94-949: Western Fwy@23.3-389: Western Fwy  Deer Park Byp@4.2	949	389	1179	979	24	105	71	0.71	0.76	0.73	0.44	0.40	0.00	0.00	0.00	0.00	0.00	LOS_A	1	0.00	0.00
1	7200-10800	94			1534	1296	24	124	90	0.65	0.69	0.73	0.42	0.38	0.00	0.00	0.00	0.00	0.00	LOS_A	1	0.00	0.00
1	7200-10800	95-952: Western Hwy@80.5-1039: Western Fwy@10.4	952	1039	1006	957	1	28	20	52.50	52.69	151.94	44.33	49.74	4.83	4.83	12.13	3.67	6.19	LOS_F	6	113.66	504.76
1	7200-10800	95-1038: Western Fwy  Deer Park Byp@73.0-1039: Western Fwy@10.4	1038	1039	1398	1305	8	70	15	57.12	57.59	48.55	48.83	59.47	6.41	6.50	6.40	4.56	7.74	LOS_F	6	206.18	517.99
1	7200-10800	95			2404	2262	9	98	35	55.19	55.52	60.04	47.54	53.91	5.75	5.79	7.04	4.30	6.85	LOS_F	6	159.92	517.99
1	7200-10800	96-125@88.9-147: Western Fwy  Deer Park Byp@16.2	125	147	476	381	4	59	32	3.87	3.70	5.63	4.31	4.96	0.00	0.00	0.00	0.00	0.00	LOS_A	1	0.00	0.00
1	7200-10800	96-389: Western Fwy  Deer Park Byp@1708.1-147: Western Fwy  Deer Park Byp@16.2	389	147	1179	979	24	105	71	0.85	0.91	0.72	0.48	0.61	0.00	0.00	0.00	0.00	0.00	LOS_A	1	0.00	0.00
1	7200-10800	96			1655	1360	28	164	103	1.72	1.69	1.42	1.86	1.97	0.00	0.00	0.00	0.00	0.00	LOS_A	1	0.00	0.00
1	7200-10800	97-240: Western Fwy  Deer Park Byp@38.1-126@16.7	240	126	298	275	0	21	2	4.53	4.42		5.86	5.40	0.00	0.00		0.00	0.00	LOS_A	1	0.00	4.70
1	7200-10800	97-240: Western Fwy  Deer Park Byp@38.1-189: Western Fwy  Deer Park Byp@17.7	240	189	1398	1305	8	70	15	2.51	2.55	0.73	2.14	1.77	0.00	0.00	0.00	0.00	0.00	LOS_A	1	0.00	4.70
1	7200-10800	97			1696	1580	8	91	17	2.87	2.88	0.73	3.00	2.20	0.00	0.00	0.00	0.00	0.00	LOS_A	1	0.00	4.70
1	7200-10800	98-91: Ballarat Rd  Western Hwy@67.3-362: Ballarat Rd  Western Hwy@13.4	91	362	368	331	0	20	17	0.76	0.74		0.89	0.97	0.00	0.00		0.00	0.00	LOS_A	1	0.00	0.00
1	7200-10800	98-92: Ballarat Rd  Western Hwy@8.7-362: Ballarat Rd  Western Hwy@13.4	92	362	0	0	0	0	0											LOS_A		0.00	0.00
1	7200-10800	98			368	331	0	20	17	0.76	0.74		0.89	0.97	0.00	0.00		0.00	0.00	LOS_A	1	0.00	0.00
1	7200-10800	99-209: Ballarat Rd  Western Hwy@46.4-1: Ballarat Rd  Western Hwy@6.6	209	1	368	331	0	20	17	0.41	0.41		0.40	0.43	0.00	0.00		0.00	0.00	LOS_A	1	0.00	0.00
1	7200-10800	99-209: Ballarat Rd  Western Hwy@46.4-2: Ballarat Rd  Western Hwy@6.5	209	2	0	0	0	0	0											LOS_A		0.00	0.00
1	7200-10800	99			368	331	0	20	17	0.41	0.41		0.40	0.43	0.00	0.00		0.00	0.00	LOS_A	1	0.00	0.00
1	7200-10800	100-1141@18.3-1143@28.5	1141	1143	0	0	0	0	0											LOS_A		0.00	0.00
1	7200-10800	100-1141@18.3-1147@16.5	1141	1147	183	178	0	3	2	0.70	0.71		0.04	0.78	0.00	0.00		0.00	0.00	LOS_A	1	0.00	0.00
1	7200-10800	100-1141@18.3-1152@26.0	1141	1152	140	136	0	2	2	0.53	0.54		0.01	0.03	0.00	0.00		0.00	0.00	LOS_A	1	0.00	0.00
1	7200-10800	100-1141@18.3-1158@25.0	1141	1158	327	326	0	1	0	0.79	0.80		0.03		0.00	0.00		0.00		LOS_A	1	0.00	0.00
1	7200-10800	100-1146: High Street WA@382.0-1143@28.5	1146	1143	124	123	0	1	0	0.30	0.31		0.01		0.00	0.00		0.00		LOS_A	1	0.00	0.00
1	7200-10800	100-1146: High Street WA@382.0-1147@16.5	1146	1147	0	0	0	0	0											LOS_A		0.00	0.00
1	7200-10800	100-1146: High Street WA@382.0-1152@26.0	1146	1152	170	163	0	3	4	0.27	0.28		0.08	0.01	0.00	0.00		0.00	0.00	LOS_A	1	0.00	0.00
1	7200-10800	100-1146: High Street WA@382.0-1158@25.0	1146	1158	37	34	0	1	2	0.38	0.42		0.00	0.00	0.00	0.00		0.00	0.00	LOS_A	1	0.00	0.00
1	7200-10800	100-1159: Bulmans Rd NA@120.5-1143@28.5	1159	1143	305	297	0	4	4	0.17	0.17		0.00	0.22	0.00	0.00		0.00	0.00	LOS_A	1	0.00	0.00
1	7200-10800	100-1159: Bulmans Rd NA@120.5-1147@16.5	1159	1147	9	9	0	0	0	0.15	0.15				0.00	0.00				LOS_A	1	0.00	0.00
1	7200-10800	100-1159: Bulmans Rd NA@120.5-1152@26.0	1159	1152	96	96	0	0	0	0.09	0.09				0.00	0.00				LOS_A	1	0.00	0.00
1	7200-10800	100-1159: Bulmans Rd NA@120.5-1158@25.0	1159	1158	0	0	0	0	0											LOS_A		0.00	0.00
1	7200-10800	100-1234@184.1-1143@28.5	1234	1143	216	212	0	3	1	1.30	1.32		0.31	0.05	0.00	0.00		0.00	0.00	LOS_A	1	0.00	0.00
1	7200-10800	100-1234@184.1-1147@16.5	1234	1147	191	177	0	7	7	0.82	0.86		0.42	0.41	0.00	0.00		0.00	0.00	LOS_A	1	0.00	0.00
1	7200-10800	100-1234@184.1-1152@26.0	1234	1152	0	0	0	0	0											LOS_A		0.00	0.00
1	7200-10800	100-1234@184.1-1158@25.0	1234	1158	76	76	0	0	0	0.84	0.84				0.00	0.00				LOS_A	1	0.00	0.00
1	7200-10800	100			1874	1827	0	25	22	0.60	0.61		0.17	0.25	0.00	0.00		0.00	0.00	LOS_A	1	0.00	0.00
1	7200-10800	101-1144@12.5-1140@37.3	1144	1140	0	0	0	0	0											LOS_A		0.00	0.00
1	7200-10800	101-1144@12.5-1168@28.2	1144	1168	42	42	0	0	0	1.14	1.14				0.00	0.00				LOS_A	1	0.00	0.00
1	7200-10800	101-1144@12.5-1170@29.6	1144	1170	323	318	0	4	1	0.72	0.71		0.92	0.46	0.00	0.00		0.00	0.00	LOS_A	1	0.00	0.00
1	7200-10800	101-1144@12.5-1171@32.9	1144	1171	280	272	0	4	4	0.58	0.59		0.27	0.25	0.00	0.00		0.00	0.00	LOS_A	1	0.00	0.00
1	7200-10800	101-1167: Botanica Spring Blvd WA@141.4-1140@37.3	1167	1140	27	27	0	0	0	0.12	0.12				0.00	0.00				LOS_A	1	0.00	0.00
1	7200-10800	101-1167: Botanica Spring Blvd WA@141.4-1168@28.2	1167	1168	0	0	0	0	0											LOS_A		0.00	0.00
1	7200-10800	101-1167: Botanica Spring Blvd WA@141.4-1170@29.6	1167	1170	21	21	0	0	0	0.10	0.10				0.00	0.00				LOS_A	1	0.00	0.00
1	7200-10800	101-1167: Botanica Spring Blvd WA@141.4-1171@32.9	1167	1171	23	23	0	0	0	0.01	0.01				0.00	0.00				LOS_A	1	0.00	0.00
1	7200-10800	101-1169: Clarkes Rd SA@143.9-1140@37.3	1169	1140	177	172	0	2	3	0.19	0.19		0.01	0.02	0.00	0.00		0.00	0.00	LOS_A	1	0.00	0.00
1	7200-10800	101-1169: Clarkes Rd SA@143.9-1168@28.2	1169	1168	17	17	0	0	0	0.15	0.15				0.00	0.00				LOS_A	1	0.00	0.00
1	7200-10800	101-1169: Clarkes Rd SA@143.9-1170@29.6	1169	1170	0	0	0	0	0											LOS_A		0.00	0.00
1	7200-10800	101-1169: Clarkes Rd SA@143.9-1171@32.9	1169	1171	17	17	0	0	0	0.03	0.03				0.00	0.00				LOS_A	1	0.00	0.00
1	7200-10800	101-1172: Botanica Spring Blvd EA@137.6-1140@37.3	1172	1140	446	441	0	4	1	0.37	0.37		0.03	0.15	0.00	0.00		0.00	0.00	LOS_A	1	0.00	0.00
1	7200-10800	101-1172: Botanica Spring Blvd EA@137.6-1168@28.2	1172	1168	71	69	0	0	2	0.24	0.25			0.02	0.00	0.00			0.00	LOS_A	1	0.00	0.00
1	7200-10800	101-1172: Botanica Spring Blvd EA@137.6-1170@29.6	1172	1170	56	56	0	0	0	0.16	0.16				0.00	0.00				LOS_A	1	0.00	0.00
1	7200-10800	101-1172: Botanica Spring Blvd EA@137.6-1171@32.9	1172	1171	0	0	0	0	0											LOS_A		0.00	0.00
1	7200-10800	101			1500	1475	0	14	11	0.45	0.45		0.35	0.15	0.00	0.00		0.00	0.00	LOS_A	1	0.00	0.00
1	7200-10800	102-1150@427.1-1155@20.3	1150	1155	59	58	0	1	0	0.27	0.27		0.04		0.00	0.00		0.00		LOS_A	1	0.00	0.00
1	7200-10800	102-1150@427.1-1156@9.2	1150	1156	253	244	0	5	4	0.37	0.37		0.30	0.24	0.00	0.00		0.00	0.00	LOS_A	1	0.00	0.00
1	7200-10800	102-1154@88.9-1153@11.3	1154	1153	222	216	0	2	4	1.82	1.83		2.05	0.81	0.00	0.00		0.00	0.00	LOS_A	1	0.00	0.00
1	7200-10800	102-1154@88.9-1155@20.3	1154	1155	122	117	0	3	2	4.26	4.19		5.87	6.07	0.00	0.00		0.00	0.00	LOS_A	1	0.00	0.00
1	7200-10800	102-1157: Harkness Rd NA@97.7-1153@11.3	1157	1153	28	28	0	0	0	0.04	0.04				0.00	0.00				LOS_A	1	0.00	0.00
1	7200-10800	102-1157: Harkness Rd NA@97.7-1156@9.2	1157	1156	141	132	0	5	4	0.03	0.03		0.01	0.00	0.00	0.00		0.00	0.00	LOS_A	1	0.00	0.00
1	7200-10800	102			825	795	0	16	14	1.26	1.25		1.46	1.17	0.00	0.00		0.00	0.00	LOS_A	1	0.00	0.00
1	7200-10800	103			0	0	0	0	0											LOS_A			
1	7200-10800	104			0	0	0	0	0											LOS_A			
1	7200-10800	105			0	0	0	0	0											LOS_A			
1	7200-10800	106			0	0	0	0	0											LOS_A			
1	7200-10800	107			0	0	0	0	0											LOS_A			
1	7200-10800	108			0	0	0	0	0											LOS_A			
1	7200-10800	109			0	0	0	0	0											LOS_A			
1	7200-10800	113			0	0	0	0	0											LOS_A			
1	7200-10800	114-1081: Coburns Rd SA@150.5-1125@21.0	1081	1125	298	260	1	2	4	2.76	1.25	0.00	0.29	0.68	0.00	0.00	0.00	0.00	0.00	LOS_A	1	0.00	0.00
1	7200-10800	114-1081: Coburns Rd SA@150.5-1128@12.2	1081	1128	180	166	0	7	7	5.93	5.65		8.10	10.40	0.04	0.00		0.07	0.90	LOS_A	1	0.00	0.00
1	7200-10800	114-1129@3.3-1130@26.0	1129	1130	332	318	0	10	4	6.74	6.62		9.26	9.89	0.00	0.00		0.00	0.00	LOS_A	1	0.00	0.00
1	7200-10800	114-1132@5.3-1125@21.0	1132	1125	169	168	0	1	0	0.61	0.61		2.23		0.00	0.00		0.00		LOS_A	1	0.00	0.00
1	7200-10800	114-1240: Western Fwy@6.0-1128@12.2	1240	1128	172	160	0	6	6	2.16	2.17		1.59	2.36	0.07	0.08		0.00	0.00	LOS_A	1	0.00	0.00
1	7200-10800	114-1240: Western Fwy@6.0-1130@26.0	1240	1130	350	311	0	3	5	0.60	0.61		0.11	0.55	0.00	0.00		0.00	0.00	LOS_A	1	0.00	0.00
1	7200-10800	114			1501	1383	1	29	26	3.21	2.90	0.00	5.59	5.08	0.01	0.01	0.00	0.02	0.24	LOS_A	1	0.00	0.00
1	7200-10800	115-1092: Western Fwy@41.4-1091@18.2	1092	1091	285	269	0	8	8	3.98	3.94		4.47	4.86	0.02	0.02		0.00	0.00	LOS_A	1	0.08	32.83
1	7200-10800	115-1092: Western Fwy@41.4-1093: Western Fwy@20.0	1092	1093	735	636	18	48	33	1.89	2.00	1.24	1.02	1.39	0.00	0.00	0.00	0.00	0.00	LOS_A	1	0.08	32.83
1	7200-10800	115			1020	905	18	56	41	2.47	2.57	1.24	1.52	2.07	0.01	0.01	0.00	0.00	0.00	LOS_A	1	0.08	32.83
1	7200-10800	116-1134: Western Fwy@853.1-1137: Western Fwy@29.6	1134	1137	1123	1052	9	34	28	0.43	0.40	0.83	0.77	1.03	0.00	0.00	0.00	0.00	0.00	LOS_A	1	0.00	0.00
1	7200-10800	116-1139@39.2-1137: Western Fwy@29.6	1139	1137	352	326	0	13	13	1.47	1.42		2.14	1.90	0.04	0.04		0.00	0.00	LOS_A	1	0.00	0.00
1	7200-10800	116			1475	1378	9	47	41	0.67	0.64	0.83	1.15	1.31	0.01	0.01	0.00	0.00	0.00	LOS_A	1	0.00	0.00
1	7200-10800	117-1093: Western Fwy@887.1-1118: Western Fwy@20.0	1093	1118	735	636	18	48	33	0.65	0.66	0.96	0.33	0.71	0.00	0.00	0.00	0.00	0.00	LOS_A	1	0.00	0.00
1	7200-10800	117-1117@115.1-1118: Western Fwy@20.0	1117	1118	450	425	4	11	10	1.07	1.05	1.51	1.20	1.28	0.00	0.00	0.00	0.00	0.00	LOS_A	1	0.00	0.00
1	7200-10800	117			1185	1061	22	59	43	0.81	0.82	1.06	0.49	0.84	0.00	0.00	0.00	0.00	0.00	LOS_A	1	0.00	0.00
1	7200-10800	118-1135: Western Fwy@35.7-1134: Western Fwy@6.5	1135	1134	1124	1053	9	34	28	1.47	1.47	0.80	1.46	1.72	0.00	0.00	0.00	0.00	0.00	LOS_A	1	0.01	7.89
1	7200-10800	118-1135: Western Fwy@35.7-1136: Western Fwy@4.3	1135	1136	501	486	0	11	4	4.46	4.42		6.01	5.30	0.00	0.00		0.00	0.00	LOS_A	1	0.01	7.89
1	7200-10800	118			1625	1539	9	45	32	2.39	2.40	0.80	2.57	2.17	0.00	0.00	0.00	0.00	0.00	LOS_A	1	0.01	7.89
1	7200-10800	119-1090@228.7-1098@20.0	1090	1098	120	115	0	2	3	0.77	0.73		0.94	1.88	0.00	0.00		0.00	0.00	LOS_A	1	0.00	0.00
1	7200-10800	119-1090@228.7-1100@8.0	1090	1100	165	154	0	6	5	4.46	4.28		6.75	7.31	0.00	0.00		0.00	0.00	LOS_A	1	0.00	0.00
1	7200-10800	119-1114@10.9-1098@20.0	1114	1098	402	356	0	7	8	1.01	1.12		0.23	0.57	0.00	0.00		0.00	0.00	LOS_A	1	0.00	0.00
1	7200-10800	119-1114@10.9-1116@15.9	1114	1116	282	264	3	9	6	4.03	3.98	5.36	4.58	4.64	0.00	0.00	0.00	0.00	0.00	LOS_A	1	0.00	18.45
1	7200-10800	119-1237@6.9-1100@8.0	1237	1100	299	267	0	1	0	2.20	2.35		1.26		0.04	0.04		0.00		LOS_A	1	0.00	0.00
1	7200-10800	119-1237@6.9-1116@15.9	1237	1116	168	161	1	2	4	5.30	5.21	8.02	7.01	7.42	0.00	0.00	0.00	0.00	0.00	LOS_A	1	0.00	0.00
1	7200-10800	119			1436	1317	4	27	26	2.73	2.78	6.03	3.72	4.01	0.01	0.01	0.00	0.00	0.00	LOS_A	1	0.00	18.45
1	7200-10800	120-1100@12.7-1099@27.3	1100	1099	298	258	0	5	4	1.40	1.09		1.95	2.37	0.00	0.00		0.00	0.00	LOS_A	1	0.00	0.00
1	7200-10800	120-1100@12.7-1103@19.5	1100	1103	123	123	0	0	0	3.59	3.59				0.11	0.11				LOS_A	1	0.06	14.99
1	7200-10800	120-1100@12.7-1107@21.1	1100	1107	43	40	0	2	1	3.08	3.19		1.68	1.49	0.00	0.00		0.00	0.00	LOS_A	1	0.00	0.00
1	7200-10800	120-1106@32.8-1099@27.3	1106	1099	0	0	0	0	0											LOS_A		0.00	0.00
1	7200-10800	120-1106@32.8-1103@19.5	1106	1103	0	0	0	0	0											LOS_A		0.00	0.00
1	7200-10800	120-1106@32.8-1112@5.6	1106	1112	379	362	3	8	6	1.79	1.73	3.06	2.96	3.31	0.01	0.01	0.00	0.00	0.00	LOS_A	1	0.00	0.00
1	7200-10800	120-1184@12.8-1184@46.5	1184	1184	5	5	0	0	0	0.00	0.00				0.00	0.00				LOS_A	1	0.00	0.00
1	7200-10800	120-1186@9.2-1186@61.3	1186	1186	1	0	0	0	0	0.00					0.00					LOS_A	1	0.02	14.78
1	7200-10800	120-1189@5.6-1189@50.7	1189	1189	5	0	0	0	0	0.00					0.00					LOS_A	1	0.13	20.33
1	7200-10800	120-1190@11.3-1190@56.8	1190	1190	8	0	0	0	0	0.00					0.00					LOS_A	1	0.14	15.41
1	7200-10800	120-1191@12.4-1191@46.2	1191	1191	3	3	0	0	0	0.00	0.00				0.00	0.00				LOS_A	1	0.00	0.00
1	7200-10800	120-1192@6.0-1192@58.2	1192	1192	1	0	0	0	0	0.00					0.00					LOS_A	1	0.05	20.26
1	7200-10800	120-1193@13.6-1193@42.6	1193	1193	3	0	0	0	0	0.00					0.00					LOS_A	1	0.05	15.60
1	7200-10800	120-1194@0.7-1194@34.7	1194	1194	1	0	0	0	0	0.00					0.00					LOS_A	1	0.00	0.00
1	7200-10800	120-1236@14.1-1103@19.5	1236	1103	0	0	0	0	0											LOS_A		0.00	0.00
1	7200-10800	120-1236@14.1-1107@21.1	1236	1107	2	0	0	1	1	6.40			6.19	6.61	0.00			0.00	0.00	LOS_A	1	0.00	0.00
1	7200-10800	120-1236@14.1-1112@5.6	1236	1112	305	258	0	8	8	0.96	1.08		1.17	0.43	0.00	0.00		0.00	0.00	LOS_A	1	0.00	0.00
1	7200-10800	120-1239@4.2-1099@27.3	1239	1099	0	0	0	0	0											LOS_A		0.00	0.00
1	7200-10800	120-1239@4.2-1107@21.1	1239	1107	0	0	0	0	0											LOS_A		0.00	0.00
1	7200-10800	120-1239@4.2-11576@36.8	1239	11576	0	0	0	0	0											LOS_A		0.00	0.00
1	7200-10800	120			1177	1049	3	24	20	1.68	1.67	3.06	2.18	2.04	0.01	0.02	0.00	0.00	0.00	LOS_A	1	0.03	20.33
1	7200-10800	121			0	0	0	0	0											LOS_A			
1	7200-10800	122			0	0	0	0	0											LOS_A			
1	7200-10800	123			0	0	0	0	0											LOS_A			
1	7200-10800	124-1123: Kamil St EA@88.6-1122@4.7	1123	1122	5	5	0	0	0	0.08	0.08				0.00	0.00				LOS_A	1	0.00	0.00
1	7200-10800	124-271468@25.6-1122@4.7	271468	1122	663	610	0	13	9	2.30	1.68		2.18	1.76	0.06	0.04		0.00	0.00	LOS_A	1	4.89	48.67
1	7200-10800	124-271468@25.6-1180@8.5	271468	1180	19	19	0	0	0	2.12	2.12				0.00	0.00				LOS_A	1	4.89	48.67
1	7200-10800	124			687	634	0	13	9	2.28	1.68		2.18	1.76	0.05	0.04		0.00	0.00	LOS_A	1	2.45	48.67
1	7200-10800	125			0	0	0	0	0											LOS_A			
1	7200-10800	244-1156@962.0-1223@12.7	1156	1223	0	0	0	0	0											LOS_A		0.00	0.00
1	7200-10800	244-1156@962.0-1224@15.7	1156	1224	394	376	0	10	8	0.53	0.54		0.24	0.19	0.00	0.00		0.00	0.00	LOS_A	1	0.00	0.00
1	7200-10800	244-1221: One school Melton SA@50.0-1224@15.7	1221	1224	0	0	0	0	0											LOS_A		0.00	0.00
1	7200-10800	244-1221: One school Melton SA@50.0-1225@11.6	1221	1225	0	0	0	0	0											LOS_A		0.00	0.00
1	7200-10800	244-1227@99.3-1223@12.7	1227	1223	0	0	0	0	0											LOS_A		0.00	0.00
1	7200-10800	244-1227@99.3-1225@11.6	1227	1225	344	333	0	5	6	0.28	0.28		0.17	0.03	0.00	0.00		0.00	0.00	LOS_A	1	0.00	0.00
1	7200-10800	244			738	709	0	15	14	0.41	0.42		0.22	0.12	0.00	0.00		0.00	0.00	LOS_A	1	0.00	0.00
1	7200-10800	245			0	0	0	0	0											LOS_A			
1	7200-10800	246-1224@100.1-1229@17.2	1224	1229	42	41	0	1	0	0.34	0.35		0.00		0.00	0.00		0.00		LOS_A	1	0.00	0.00
1	7200-10800	246-1224@100.1-1230@17.9	1224	1230	352	335	0	9	8	0.57	0.59		0.26	0.21	0.00	0.00		0.00	0.00	LOS_A	1	0.00	0.00
1	7200-10800	246-1228: Gleneagles Dr NA@93.7-1227@14.9	1228	1227	23	23	0	0	0	0.01	0.01				0.00	0.00				LOS_A	1	0.00	0.00
1	7200-10800	246-1228: Gleneagles Dr NA@93.7-1230@17.9	1228	1230	106	105	0	1	0	0.03	0.03		0.01		0.00	0.00		0.00		LOS_A	1	0.00	0.00
1	7200-10800	246-1235@217.9-1227@14.9	1235	1227	321	310	0	5	6	0.29	0.30		0.23	0.04	0.00	0.00		0.00	0.00	LOS_A	1	0.00	0.00
1	7200-10800	246-1235@217.9-1229@17.2	1235	1229	65	65	0	0	0	0.45	0.45				0.00	0.00				LOS_A	1	0.00	0.00
1	7200-10800	246			909	879	0	16	14	0.38	0.38		0.22	0.14	0.00	0.00		0.00	0.00	LOS_A	1	0.00	0.00
1	7200-10800	247			0	0	0	0	0											LOS_A			
1	7200-10800	248-1152@193.7-1233@16.5	1152	1233	22	22	0	0	0	0.43	0.43				0.00	0.00				LOS_A	1	0.00	0.00
1	7200-10800	248-1152@193.7-1235@13.8	1152	1235	384	373	0	5	6	0.32	0.32		0.27	0.06	0.00	0.00		0.00	0.00	LOS_A	1	0.00	0.00
1	7200-10800	248-1230@222.2-1233@16.5	1230	1233	5	5	0	0	0	1.45	1.45				0.00	0.00				LOS_A	1	0.00	0.00
1	7200-10800	248-1230@222.2-1234@16.0	1230	1234	453	435	0	10	8	0.73	0.75		0.32	0.26	0.00	0.00		0.00	0.00	LOS_A	1	0.00	0.00
1	7200-10800	248-1232: John Batman Dr NA@78.7-1234@16.0	1232	1234	30	30	0	0	0	0.01	0.01				0.00	0.00				LOS_A	1	0.00	0.00
1	7200-10800	248-1232: John Batman Dr NA@78.7-1235@13.8	1232	1235	2	2	0	0	0	0.00	0.00				0.00	0.00				LOS_A	1	0.00	0.00
1	7200-10800	248			896	867	0	15	14	0.52	0.53		0.31	0.17	0.00	0.00		0.00	0.00	LOS_A	1	0.00	0.00
1	7200-10800	249			0	0	0	0	0											LOS_A			
1	7200-10800	298			0	0	0	0	0											LOS_A			
1	7200-10800	299			0	0	0	0	0											LOS_A			
1	7200-10800	312-2419@3.3-24810@22.1	2419	24810	438	395	3	35	5	81.39	81.94	30.10	84.56	46.55	8.55	8.82	2.06	6.96	2.49	LOS_F	6	18.46	166.32
1	7200-10800	312-2420@4.1-2422@13.2	2420	2422	438	405	0	27	6	1.24	1.22		1.44	1.37	0.00	0.00		0.00	0.00	LOS_A	1	0.00	0.00
1	7200-10800	312-2475@44.5-2391@3.4	2475	2391	248	177	13	38	20	1.65	1.14	4.64	2.11	3.28	0.00	0.00	0.00	0.00	0.00	LOS_A	1	0.00	0.00
1	7200-10800	312-2475@44.5-2422@13.2	2475	2422	34	33	0	1	0	9.15	9.03		13.11		0.00	0.00		0.00		LOS_A	1	0.00	0.00
1	7200-10800	312-2527@16.1-2391@3.4	2527	2391	223	211	0	10	2	2.01	2.04		1.45	1.46	0.00	0.00		0.00	0.00	LOS_A	1	0.00	0.00
1	7200-10800	312-2527@16.1-24810@22.1	2527	24810	122	118	0	4	0	24.19	24.17		24.94		3.26	3.22		4.46		LOS_C	3	0.00	0.00
1	7200-10800	312			1503	1339	16	115	33	26.82	27.37	9.41	27.88	9.38	2.76	2.89	0.39	2.27	0.38	LOS_D	4	3.08	166.32
1	7200-10800	313-2394@59.8-2414@34.7	2394	2414	419	397	0	16	6	4.63	4.54		6.06	6.76	0.01	0.02		0.00	0.00	LOS_A	1	0.00	0.00
1	7200-10800	313-2394@59.8-2418@36.3	2394	2418	150	144	0	6	0	2.61	2.60		2.74		0.00	0.00		0.00		LOS_A	1	0.00	0.00
1	7200-10800	313-2401@29.1-2389@16.1	2401	2389	427	409	2	13	3	6.28	6.29	7.83	6.12	4.62	0.40	0.42	0.00	0.00	0.00	LOS_A	1	0.28	20.82
1	7200-10800	313-2401@29.1-2418@36.3	2401	2418	726	656	3	56	11	2.00	2.00	1.87	2.13	1.58	0.03	0.03	0.00	0.00	0.00	LOS_A	1	0.00	0.00
1	7200-10800	313-2416@14.9-2389@16.1	2416	2389	34	23	0	9	2	4.30	5.22		2.36	2.53	0.21	0.31		0.00	0.00	LOS_A	1	0.00	0.00
1	7200-10800	313-2416@14.9-2414@34.7	2416	2414	437	365	13	39	20	1.28	1.11	4.49	1.26	2.34	0.00	0.00	0.00	0.00	0.00	LOS_A	1	0.00	0.00
1	7200-10800	313			2193	1994	18	139	42	3.27	3.30	4.42	2.75	2.95	0.09	0.10	0.00	0.00	0.00	LOS_A	1	0.06	20.82
1	7200-10800	314-2403: Middle Rd WA@220.3-2402@17.0	2403	2402	41	40	0	1	0	1.09	1.03		3.56		0.00	0.00		0.00		LOS_A	1	0.00	0.00
1	7200-10800	314-2403: Middle Rd WA@220.3-2424@24.2	2403	2424	18	18	0	0	0	1.04	1.04				0.00	0.00				LOS_A	1	0.00	0.00
1	7200-10800	314-2409@18.3-2410@13.9	2409	2410	67	67	0	0	0	4.78	4.78				0.00	0.00				LOS_A	1	0.00	0.00
1	7200-10800	314-2409@18.3-2424@24.2	2409	2424	789	695	13	55	26	1.36	1.06	5.25	2.98	3.91	0.00	0.00	0.00	0.00	0.00	LOS_A	1	0.00	0.00
1	7200-10800	314-2413@40.6-2402@17.0	2413	2402	1112	1025	5	68	14	1.13	1.11	1.32	1.39	1.39	0.10	0.11	0.00	0.00	0.00	LOS_A	1	0.00	0.00
1	7200-10800	314-2413@40.6-2410@13.9	2413	2410	25	25	0	0	0	0.27	0.27				0.00	0.00				LOS_A	1	0.78	35.88
1	7200-10800	314-2517@5.7-2517@54.4	2517	2517	2	0	0	0	0	0.00					0.00					LOS_A	1	0.00	0.00
1	7200-10800	314			2054	1870	18	124	40	1.33	1.21	4.16	2.12	3.03	0.05	0.06	0.00	0.00	0.00	LOS_A	1	0.13	35.88
1	7200-10800	315-2424@32.6-2426@30.8	2424	2426	751	689	7	38	17	0.40	0.35	1.56	0.64	1.09	0.00	0.00	0.00	0.00	0.00	LOS_A	1	0.00	0.00
1	7200-10800	315-2424@32.6-2434@37.0	2424	2434	9	9	0	0	0	2.74	2.74				0.00	0.00				LOS_A	1	0.00	0.00
1	7200-10800	315-2424@32.6-2439@33.6	2424	2439	47	15	6	17	9	5.31	4.13	6.68	5.48	6.03	0.00	0.00	0.00	0.00	0.00	LOS_A	1	0.00	0.00
1	7200-10800	315-2430@18.6-2413@31.6	2430	2413	141	118	1	17	5	4.54	4.29	5.73	5.84	5.73	0.00	0.00	0.00	0.00	0.00	LOS_A	1	0.00	0.00
1	7200-10800	315-2430@18.6-2426@30.8	2430	2426	26	25	0	0	1	0.93	0.88			2.30	0.00	0.00			0.00	LOS_A	1	0.00	0.00
1	7200-10800	315-2430@18.6-2439@33.6	2430	2439	1	1	0	0	0	6.05	6.05				0.00	0.00				LOS_A	1	0.00	0.00
1	7200-10800	315-2438@12.4-2413@31.6	2438	2413	75	38	2	29	6	0.75	1.04	0.59	0.41	0.62	0.00	0.00	0.00	0.00	0.00	LOS_A	1	0.00	0.00
1	7200-10800	315-2438@12.4-2426@30.8	2438	2426	0	0	0	0	0											LOS_A		0.00	0.00
1	7200-10800	315-2438@12.4-2434@37.0	2438	2434	21	20	0	1	0	5.44	5.37		6.82		0.00	0.00		0.00		LOS_A	1	0.00	0.00
1	7200-10800	315-2442@2.5-2413@31.6	2442	2413	923	896	2	22	3	0.40	0.41	0.02	0.06	0.30	0.23	0.23	0.00	0.00	0.00	LOS_A	1	0.00	0.00
1	7200-10800	315-2442@2.5-2434@37.0	2442	2434	8	5	0	2	1	1.53	0.03		5.88	0.27	0.06	0.00		0.25	0.00	LOS_A	1	0.00	0.00
1	7200-10800	315-2442@2.5-2439@33.6	2442	2439	2	2	0	0	0	0.06	0.06				0.00	0.00				LOS_A	1	0.00	0.00
1	7200-10800	315			2004	1818	18	126	42	0.89	0.76	3.22	1.97	2.59	0.10	0.12	0.00	0.00	0.00	LOS_A	1	0.00	0.00
1	7200-10800	316			0	0	0	0	0											LOS_A			
1	7200-10800	317			0	0	0	0	0											LOS_A			
1	7200-10800	318			0	0	0	0	0											LOS_A			
1	7200-10800	319			0	0	0	0	0											LOS_A			
1	7200-10800	320			0	0	0	0	0											LOS_A			
1	7200-10800	322-2388@109.5-2387: Western Fwy  Deer Park Byp@24.8	2388	2387	461	432	2	22	5	0.75	0.74	1.37	0.85	0.95	0.00	0.00	0.00	0.00	0.00	LOS_A	1	0.00	0.00
1	7200-10800	322-2397: Western Fwy  Deer Park Byp@856.0-2387: Western Fwy  Deer Park Byp@24.8	2397	2387	1235	1148	6	69	12	0.80	0.78	1.85	0.94	1.42	0.00	0.00	0.00	0.00	0.00	LOS_A	1	0.00	0.00
1	7200-10800	322			1696	1580	8	91	17	0.79	0.77	1.73	0.92	1.28	0.00	0.00	0.00	0.00	0.00	LOS_A	1	0.00	0.00
1	7200-10800	323-2479: Western Fwy  Deer Park Byp@45.2-2477@22.4	2479	2477	282	210	13	39	20	3.86	3.58	5.27	4.34	4.94	0.00	0.00	0.00	0.00	0.00	LOS_A	1	0.00	0.00
1	7200-10800	323-2479: Western Fwy  Deer Park Byp@45.2-2478: Western Fwy  Deer Park Byp@23.8	2479	2478	1373	1150	15	125	83	1.35	1.40	0.80	1.06	1.16	0.00	0.00	0.00	0.00	0.00	LOS_A	1	0.00	0.00
1	7200-10800	323			1655	1360	28	164	103	1.78	1.74	2.88	1.84	1.90	0.00	0.00	0.00	0.00	0.00	LOS_A	1	0.00	0.00
1	7200-10800	324-2478: Western Fwy  Deer Park Byp@815.7-2483: Western Fwy  Deer Park Byp@32.3	2478	2483	1373	1150	15	125	83	2.82	2.97	2.35	1.95	2.17	0.00	0.00	0.04	0.00	0.00	LOS_A	1	0.00	0.00
1	7200-10800	324-2485@71.7-2483: Western Fwy  Deer Park Byp@32.3	2485	2483	560	513	3	39	5	4.60	4.53	6.62	5.27	5.70	0.00	0.00	0.00	0.00	0.00	LOS_A	1	0.00	0.00
1	7200-10800	324			1933	1663	18	164	88	3.34	3.45	3.06	2.74	2.37	0.00	0.00	0.03	0.00	0.00	LOS_A	1	0.00	0.00
1	7200-10800	325-2398: Western Fwy  Deer Park Byp@30.6-2385@22.8	2398	2385	569	541	0	22	6	4.72	4.67		5.71	6.15	0.00	0.00		0.00	0.00	LOS_A	1	0.00	0.00
1	7200-10800	325-2398: Western Fwy  Deer Park Byp@30.6-2397: Western Fwy  Deer Park Byp@22.6	2398	2397	1235	1148	6	69	12	1.44	1.46	1.26	1.11	1.07	0.00	0.00	0.00	0.00	0.00	LOS_A	1	0.00	0.00
1	7200-10800	325			1804	1689	6	91	18	2.48	2.49	1.26	2.22	2.76	0.00	0.00	0.00	0.00	0.00	LOS_A	1	0.00	0.00
1	7200-10800	326-2502: Western Fwy  Deer Park Byp EA@2131.3-2513: Western Fwy  Deer Park Byp@18.8	2502	2513	1111	1035	4	58	14	1.12	1.09	0.13	1.61	1.69	0.00	0.00	0.00	0.00	0.00	LOS_A	1	0.00	0.00
1	7200-10800	326-2514: Western Fwy  Deer Park Byp@123.8-2513: Western Fwy  Deer Park Byp@18.8	2514	2513	693	654	2	33	4	3.92	3.91	0.79	4.55	3.30	0.00	0.00	0.00	0.00	0.00	LOS_A	1	0.01	9.41
1	7200-10800	326			1804	1689	6	91	18	2.20	2.18	0.35	2.67	2.04	0.00	0.00	0.00	0.00	0.00	LOS_A	1	0.00	9.41
1	7200-10800	327-2505: Western Fwy  Deer Park Byp@33.7-2506: Western Fwy  Deer Park Byp@21.2	2505	2506	1152	957	16	111	68	1.91	2.02	1.26	1.45	1.26	0.01	0.01	0.00	0.00	0.00	LOS_A	1	0.00	0.00
1	7200-10800	327-2505: Western Fwy  Deer Park Byp@33.7-2508: Western Fwy  Deer Park Byp@13.2	2505	2508	780	705	2	53	20	4.44	4.40	5.12	4.93	4.60	0.08	0.09	0.00	0.00	0.00	LOS_A	1	0.00	0.00
1	7200-10800	327			1932	1662	18	164	88	2.93	3.03	1.69	2.57	2.02	0.04	0.04	0.00	0.00	0.00	LOS_A	1	0.00	0.00
1	7200-10800	338			0	0	0	0	0											LOS_A			
1	10800-14400	43-28: Troups Rd N@6.9-13: Western Hwy@23.8	28	13	120	113	2	5	0	0.27	0.26	0.29	0.66		0.00	0.00	0.00	0.00		LOS_A	1	0.00	0.00
1	10800-14400	43-609: Western Hwy@95.9-13: Western Hwy@23.8	609	13	2121	2035	10	48	26	3.96	3.96	3.67	4.03	3.63	0.00	0.00	0.00	0.00	0.00	LOS_A	1	0.00	0.00
1	10800-14400	43-609: Western Hwy@95.9-27: Troups Rd N@5.6	609	27	383	379	0	2	2	4.94	4.92		6.46	8.02	0.02	0.02		0.00	0.00	LOS_A	1	0.00	0.00
1	10800-14400	43-944: Western Hwy@45.8-73: Western Hwy@23.3	944	73	1291	1166	12	66	45	0.68	0.70	0.91	0.36	0.48	0.00	0.00	0.00	0.00	0.00	LOS_A	1	0.00	0.00
1	10800-14400	43			3915	3693	24	121	73	2.86	2.92	2.01	1.93	1.81	0.00	0.00	0.00	0.00	0.00	LOS_A	1	0.00	0.00
1	10800-14400	44-15@3.2-243: Ferris Rd  Melton Hwy@24.7	15	243	398	362	2	19	13	1.44	1.02	21.21	3.90	6.26	0.13	0.00	8.44	0.46	1.74	LOS_A	1	0.00	0.00
1	10800-14400	44-421: Ferris Rd@65.5-20@13.7	421	20	83	81	0	2	0	3.78	3.75		5.13		0.00	0.00		0.00		LOS_A	1	0.00	0.00
1	10800-14400	44-421: Ferris Rd@65.5-243: Ferris Rd  Melton Hwy@24.7	421	243	460	439	0	8	11	1.11	1.13		1.01	0.39	0.00	0.00		0.00	0.00	LOS_A	1	0.00	0.00
1	10800-14400	44-682@3.6-420: Ferris Rd@19.2	682	420	125	120	0	3	2	0.94	0.93		1.00	1.53	0.00	0.00		0.00	0.00	LOS_A	1	0.00	0.00
1	10800-14400	44-10393@15.0-19@37.7	10393	19	170	170	0	0	0	3.25	3.25				0.00	0.00				LOS_A	1	0.00	0.00
1	10800-14400	44-10393@15.0-420: Ferris Rd@19.2	10393	420	406	397	0	4	3	1.64	1.66		0.70	1.60	0.00	0.00		0.00	0.00	LOS_A	1	0.00	0.00
1	10800-14400	44			1642	1569	2	36	29	1.66	1.59	21.21	2.73	3.22	0.03	0.00	8.44	0.24	0.78	LOS_A	1	0.00	0.00
1	10800-14400	45-680: Melton Hwy@89.9-95: Melton Hwy@34.6	680	95	542	520	2	15	5	0.47	0.44	2.37	1.21	0.65	0.00	0.00	0.00	0.00	0.00	LOS_A	1	0.00	0.00
1	10800-14400	45-680: Melton Hwy@89.9-363: Gateway Dr@6.2	680	363	0	0	0	0	0											LOS_A		0.00	0.00
1	10800-14400	45-680: Melton Hwy@89.9-500: Zone connector@15.5	680	500	78	76	0	0	2	3.67	3.57			7.53	0.00	0.00			0.00	LOS_A	1	0.00	0.00
1	10800-14400	45-271472: Melton Hwy@23.5-307: Melton Hwy@23.4	271472	307	365	361	0	3	1	0.27	0.28		0.01	0.00	0.00	0.00		0.00	0.00	LOS_A	1	0.00	0.00
1	10800-14400	45-271472: Melton Hwy@23.5-363: Gateway Dr@6.2	271472	363	0	0	0	0	0											LOS_A		0.00	0.00
1	10800-14400	45-271472: Melton Hwy@23.5-500: Zone connector@15.5	271472	500	45	45	0	0	0	8.65	8.65				0.00	0.00				LOS_A	1	0.00	0.00
1	10800-14400	45-271481: Gateway Dr@28.0-95: Melton Hwy@34.6	271481	95	0	0	0	0	0											LOS_A		0.00	0.00
1	10800-14400	45-271481: Gateway Dr@28.0-307: Melton Hwy@23.4	271481	307	12	12	0	0	0	2.66	2.66				0.00	0.00				LOS_A	1	0.00	0.00
1	10800-14400	45-271481: Gateway Dr@28.0-500: Zone connector@15.5	271481	500	0	0	0	0	0											LOS_A		0.00	0.00
1	10800-14400	45-271486: Zone connector@56.9-95: Melton Hwy@34.6	271486	95	72	72	0	0	0	0.23	0.23				0.00	0.00				LOS_A	1	0.00	0.00
1	10800-14400	45-271486: Zone connector@56.9-307: Melton Hwy@23.4	271486	307	73	71	0	1	1	1.25	1.19		3.48	3.41	0.00	0.00		0.00	0.00	LOS_A	1	0.00	0.00
1	10800-14400	45-271486: Zone connector@56.9-363: Gateway Dr@6.2	271486	363	0	0	0	0	0											LOS_A		0.00	0.00
1	10800-14400	45			1187	1157	2	19	9	0.99	0.97	2.37	1.14	2.41	0.00	0.00	0.00	0.00	0.00	LOS_A	1	0.00	0.00
1	10800-14400	46-12: Hopkins Rd@68.9-44: Hopkins Rd@23.1	12	44	677	596	2	39	27	1.84	1.95	0.89	1.18	1.06	0.09	0.11	0.00	0.00	0.00	LOS_A	1	0.01	6.79
1	10800-14400	46-12: Hopkins Rd@68.9-104@37.0	12	104	128	121	0	1	6	0.86	0.88		0.60	0.48	0.00	0.00		0.00	0.00	LOS_A	1	0.01	6.79
1	10800-14400	46-12: Hopkins Rd@68.9-428@34.4	12	428	9	9	0	0	0	2.58	2.58				0.57	0.57				LOS_A	1	0.01	6.79
1	10800-14400	46-12: Hopkins Rd@68.9-1243: Hopkins Rd@4.3	12	1243	0	0	0	0	0											LOS_A		0.01	6.79
1	10800-14400	46-255: Hopkins Rd@17.0-44: Hopkins Rd@23.1	255	44	0	0	0	0	0											LOS_A		0.00	0.00
1	10800-14400	46-255: Hopkins Rd@17.0-104@37.0	255	104	184	177	0	4	1	1.49	1.52		1.01	0.60	0.00	0.00		0.00	0.00	LOS_A	1	0.00	0.00
1	10800-14400	46-255: Hopkins Rd@17.0-428@34.4	255	428	14	14	0	0	0	3.70	3.70				0.00	0.00				LOS_A	1	0.00	0.00
1	10800-14400	46-255: Hopkins Rd@17.0-1243: Hopkins Rd@4.3	255	1243	572	524	1	18	16	1.36	1.32	1.80	1.92	1.74	0.00	0.00	0.00	0.00	0.00	LOS_A	1	0.00	0.00
1	10800-14400	46-257@11.2-44: Hopkins Rd@23.1	257	44	70	64	0	4	2	0.99	0.83		2.82	2.35	0.00	0.00		0.00	0.00	LOS_A	1	0.00	0.00
1	10800-14400	46-257@11.2-104@37.0	257	104	0	0	0	0	0											LOS_A		0.00	0.00
1	10800-14400	46-257@11.2-428@34.4	257	428	0	0	0	0	0											LOS_A		0.00	0.00
1	10800-14400	46-257@11.2-1243: Hopkins Rd@4.3	257	1243	147	145	0	2	0	0.77	0.75		2.31		0.00	0.00		0.00		LOS_A	1	0.00	0.00
1	10800-14400	46-429: 7-Eleven NA@91.6-44: Hopkins Rd@23.1	429	44	23	23	0	0	0	0.75	0.75				0.00	0.00				LOS_A	1	0.00	0.00
1	10800-14400	46-429: 7-Eleven NA@91.6-104@37.0	429	104	11	11	0	0	0	0.05	0.05				0.00	0.00				LOS_A	1	0.00	0.00
1	10800-14400	46-429: 7-Eleven NA@91.6-428@34.4	429	428	0	0	0	0	0											LOS_A		0.00	0.00
1	10800-14400	46-429: 7-Eleven NA@91.6-1243: Hopkins Rd@4.3	429	1243	16	16	0	0	0	0.11	0.11				0.00	0.00				LOS_A	1	0.00	0.00
1	10800-14400	46			1851	1700	3	68	52	1.45	1.46	1.19	1.49	1.24	0.04	0.04	0.00	0.00	0.00	LOS_A	1	0.00	6.79
1	10800-14400	47-4: Caroline Springs Blvd@6.8-212: Caroline Springs Blvd@4.6	4	212	462	420	0	14	11	2.58	1.95		1.78	0.95	0.06	0.06		0.00	0.00	LOS_A	1	0.00	0.00
1	10800-14400	47-4: Caroline Springs Blvd@6.8-446@6.0	4	446	1	1	0	0	0	0.08	0.08				0.00	0.00				LOS_A	1	0.00	0.00
1	10800-14400	47-447: Caroline Spring Blvd NA@32.5-212: Caroline Springs Blvd@4.6	447	212	0	0	0	0	0											LOS_A		0.00	0.00
1	10800-14400	47-887: Caroline Springs Blvd@16.4-212: Caroline Springs Blvd@4.6	887	212	0	0	0	0	0											LOS_A		0.00	0.00
1	10800-14400	47-887: Caroline Springs Blvd@16.4-448@12.1	887	448	838	785	0	21	15	0.83	0.80		1.07	1.18	0.01	0.01		0.00	0.00	LOS_A	1	0.00	0.00
1	10800-14400	47			1301	1206	0	35	26	1.45	1.20		1.35	1.08	0.03	0.03		0.00	0.00	LOS_A	1	0.00	0.00
1	10800-14400	48-271519: Meskos Rd@47.0-12: Hopkins Rd@26.0	271519	12	84	72	1	2	2	1.11	0.72	2.39	2.30	2.63	0.00	0.00	0.00	0.00	0.00	LOS_A	1	0.00	0.00
1	10800-14400	48-271519: Meskos Rd@47.0-55: Hopkins Rd@15.4	271519	55	33	33	0	0	0	0.15	0.15				0.00	0.00				LOS_A	1	0.00	0.00
1	10800-14400	48-271519: Meskos Rd@47.0-82: Sheahan Rd@36.7	271519	82	0	0	0	0	0											LOS_A		0.00	0.00
1	10800-14400	48-271522: Hopkins Rd@23.9-55: Hopkins Rd@15.4	271522	55	657	624	1	13	13	0.89	0.91	0.73	0.94	0.54	0.14	0.15	0.00	0.00	0.00	LOS_A	1	0.00	0.00
1	10800-14400	48-271522: Hopkins Rd@23.9-66: Meskos Rd@27.7	271522	66	57	45	0	3	2	6.45	5.39		22.88	7.02	0.78	0.00		14.83	0.00	LOS_A	1	0.00	0.00
1	10800-14400	48-271522: Hopkins Rd@23.9-82: Sheahan Rd@36.7	271522	82	21	16	0	4	1	4.88	4.56		5.70	6.70	0.00	0.00		0.00	0.00	LOS_A	1	0.00	0.00
1	10800-14400	48-271526: Sheahan Rd@62.5-12: Hopkins Rd@26.0	271526	12	42	37	0	3	2	0.03	0.04		0.00	0.01	0.00	0.00		0.00	0.00	LOS_A	1	0.00	0.00
1	10800-14400	48-271526: Sheahan Rd@62.5-55: Hopkins Rd@15.4	271526	55	33	33	0	0	0	0.03	0.03				0.00	0.00				LOS_A	1	0.00	0.00
1	10800-14400	48-271526: Sheahan Rd@62.5-66: Meskos Rd@27.7	271526	66	1	1	0	0	0	0.03	0.03				0.00	0.00				LOS_A	1	0.00	0.00
1	10800-14400	48-271531: Hopkins Rd@5.3-12: Hopkins Rd@26.0	271531	12	689	618	1	35	29	1.02	1.10	0.00	0.38	0.40	0.00	0.00	0.00	0.00	0.00	LOS_A	1	0.16	35.80
1	10800-14400	48-271531: Hopkins Rd@5.3-66: Meskos Rd@27.7	271531	66	21	17	0	2	2	11.40	11.08		12.74	12.72	0.00	0.00		0.00	0.00	LOS_B	2	0.16	35.80
1	10800-14400	48-271531: Hopkins Rd@5.3-82: Sheahan Rd@36.7	271531	82	9	6	1	1	1	5.62	5.54	12.37	2.57	2.42	0.00	0.00	0.00	0.00	0.00	LOS_A	1	0.16	35.80
1	10800-14400	48-271556@6.9-271556@52.0	271556	271556	5	0	0	0	0	0.00					0.00					LOS_A	1	0.06	17.31
1	10800-14400	48-271558@2.8-271558@48.4	271558	271558	6	0	0	0	0	0.00					0.00					LOS_A	1	0.04	18.88
1	10800-14400	48-271560@6.3-271560@50.2	271560	271560	6	0	0	0	0	0.00					0.00					LOS_A	1	0.12	18.51
1	10800-14400	48-271566@22.9-271566@62.3	271566	271566	3	0	0	0	0	0.00					0.00					LOS_A	1	0.00	0.00
1	10800-14400	48			1667	1502	4	63	52	1.29	1.23	3.87	2.37	1.39	0.08	0.06	0.00	0.71	0.00	LOS_A	1	0.05	35.80
1	10800-14400	49-351: Delma Rd@85.2-352: Eucumbene Dr@37.8	351	352	0	0	0	0	0											LOS_A		0.00	0.00
1	10800-14400	49-351: Delma Rd@85.2-506: Zone connector@80.7	351	506	12	12	0	0	0	2.61	2.61				0.00	0.00				LOS_A	1	0.00	0.00
1	10800-14400	49-353: Eucumbene Dr@275.9-350: Delma Rd@23.2	353	350	0	0	0	0	0											LOS_A		0.00	0.00
1	10800-14400	49-353: Eucumbene Dr@275.9-506: Zone connector@80.7	353	506	24	24	0	0	0	1.22	1.22				0.00	0.00				LOS_A	1	0.00	0.00
1	10800-14400	49-505: Eucumbene Dr SA@77.8-350: Delma Rd@23.2	505	350	2	2	0	0	0	0.00	0.00				0.00	0.00				LOS_A	1	0.00	0.00
1	10800-14400	49-505: Eucumbene Dr SA@77.8-352: Eucumbene Dr@37.8	505	352	0	0	0	0	0											LOS_A		0.00	0.00
1	10800-14400	49			38	38	0	0	0	1.59	1.59				0.00	0.00				LOS_A	1	0.00	0.00
1	10800-14400	50-115: Western Hwy@22.9-209: Ballarat Rd  Western Hwy@28.7	115	209	209	188	0	9	12	0.31	0.30		0.18	0.57	0.00	0.00		0.00	0.00	LOS_A	1	0.00	0.00
1	10800-14400	50-115: Western Hwy@22.9-283: Christies Rd@7.9	115	283	15	14	0	1	0	5.67	5.59		6.67		0.00	0.00		0.00		LOS_A	1	0.00	0.00
1	10800-14400	50-461: Ballarat Rd  Western Hwy@7.1-114: Western Hwy@17.3	461	114	831	806	1	14	10	0.86	0.86	0.44	0.70	1.12	0.00	0.00	0.00	0.00	0.00	LOS_A	1	0.00	0.00
1	10800-14400	50-461: Ballarat Rd  Western Hwy@7.1-215: Caroline Springs Blvd@5.8	461	215	277	271	0	2	4	2.80	2.77		3.03	4.75	0.00	0.00		0.00	0.00	LOS_A	1	0.00	0.00
1	10800-14400	50-648: Christies Rd@37.8-114: Western Hwy@17.3	648	114	41	41	0	0	0	1.81	1.81				0.00	0.00				LOS_A	1	0.00	0.00
1	10800-14400	50-648: Christies Rd@37.8-209: Ballarat Rd  Western Hwy@28.7	648	209	38	36	0	1	1	8.39	8.25		11.06	10.98	0.00	0.00		0.00	0.00	LOS_A	1	0.00	0.00
1	10800-14400	50-648: Christies Rd@37.8-215: Caroline Springs Blvd@5.8	648	215	408	374	0	10	7	1.42	1.45		1.56	2.28	0.00	0.00		0.00	0.00	LOS_A	1	0.00	0.00
1	10800-14400	50-649@8.2-283: Christies Rd@7.9	649	283	118	103	1	9	5	1.52	1.37	2.77	2.50	2.67	0.00	0.00	0.00	0.00	0.00	LOS_A	1	0.00	0.00
1	10800-14400	50-651@22.8-215: Caroline Springs Blvd@5.8	651	215	153	140	0	9	4	1.68	1.58		2.92	2.51	0.00	0.00		0.00	0.00	LOS_A	1	0.00	0.00
1	10800-14400	50-652: Caroline Springs Blvd@21.4-114: Western Hwy@17.3	652	114	82	80	0	1	1	7.02	7.00		8.34	7.38	0.02	0.02		0.00	0.00	LOS_A	1	0.00	0.00
1	10800-14400	50-652: Caroline Springs Blvd@21.4-209: Ballarat Rd  Western Hwy@28.7	652	209	95	93	0	1	1	8.07	8.05		9.49	8.75	0.00	0.00		0.00	0.00	LOS_A	1	0.03	22.37
1	10800-14400	50-652: Caroline Springs Blvd@21.4-283: Christies Rd@7.9	652	283	285	247	0	12	9	1.61	1.42		1.44	1.42	0.00	0.00		0.00	0.00	LOS_A	1	0.00	0.00
1	10800-14400	50			2552	2393	2	69	54	1.90	1.88	1.60	1.95	2.15	0.00	0.00	0.00	0.00	0.00	LOS_A	1	0.00	22.37
1	10800-14400	51-7: Ballarat Rd  Western Hwy@16.6-10: Ballarat Rd  Western Hwy@18.5	7	10	36	35	0	0	1	0.25	0.26			0.07	0.00	0.00			0.00	LOS_A	1	0.00	0.00
1	10800-14400	51-7: Ballarat Rd  Western Hwy@16.6-385: Chisholm Dr@11.7	7	385	23	23	0	0	0	1.86	1.86				0.00	0.00				LOS_A	1	0.00	0.00
1	10800-14400	51-7: Ballarat Rd  Western Hwy@16.6-670: Ballarat Rd  Western Hwy@1.4	7	670	49	49	0	0	0	4.22	4.22				0.00	0.00				LOS_A	1	0.00	0.00
1	10800-14400	51-7: Ballarat Rd  Western Hwy@16.6-671: Panamax Rd@7.5	7	671	0	0	0	0	0											LOS_A		0.00	0.00
1	10800-14400	51-347: Panamax Rd@4.8-10: Ballarat Rd  Western Hwy@18.5	347	10	269	266	0	2	1	1.98	1.93		9.13	0.00	0.01	0.01		0.00	0.00	LOS_A	1	0.00	0.00
1	10800-14400	51-347: Panamax Rd@4.8-385: Chisholm Dr@11.7	347	385	44	44	0	0	0	6.94	6.94				0.00	0.00				LOS_A	1	0.00	0.00
1	10800-14400	51-347: Panamax Rd@4.8-670: Ballarat Rd  Western Hwy@1.4	347	670	177	172	0	3	2	7.80	7.79		7.75	8.79	0.19	0.19		0.00	0.00	LOS_A	1	0.20	25.62
1	10800-14400	51-360: Ballarat Rd  Western Hwy@55.2-10: Ballarat Rd  Western Hwy@18.5	360	10	274	253	0	11	10	0.48	0.44		0.92	0.94	0.00	0.00		0.00	0.00	LOS_A	1	0.00	0.00
1	10800-14400	51-360: Ballarat Rd  Western Hwy@55.2-385: Chisholm Dr@11.7	360	385	39	39	0	0	0	5.13	5.13				0.00	0.00				LOS_A	1	0.00	0.00
1	10800-14400	51-360: Ballarat Rd  Western Hwy@55.2-671: Panamax Rd@7.5	360	671	29	25	0	0	4	3.71	3.56			4.69	0.00	0.00			0.00	LOS_A	1	0.00	0.00
1	10800-14400	51-673: Chisholm Dr@12.9-10: Ballarat Rd  Western Hwy@18.5	673	10	54	54	0	0	0	0.31	0.31				0.00	0.00				LOS_A	1	0.00	0.00
1	10800-14400	51-673: Chisholm Dr@12.9-670: Ballarat Rd  Western Hwy@1.4	673	670	20	20	0	0	0	3.91	3.91				0.00	0.00				LOS_A	1	0.00	0.00
1	10800-14400	51-673: Chisholm Dr@12.9-671: Panamax Rd@7.5	673	671	31	31	0	0	0	14.54	14.54				1.22	1.22				LOS_B	2	0.00	0.00
1	10800-14400	51-885: Ballarat Rd  Western Hwy@6.9-10: Ballarat Rd  Western Hwy@18.5	885	10	0	0	0	0	0											LOS_A		0.00	0.00
1	10800-14400	51-885: Ballarat Rd  Western Hwy@6.9-385: Chisholm Dr@11.7	885	385	84	82	0	1	1	3.84	3.86		2.91	3.60	0.06	0.06		0.00	0.00	LOS_A	1	0.00	0.00
1	10800-14400	51-885: Ballarat Rd  Western Hwy@6.9-670: Ballarat Rd  Western Hwy@1.4	885	670	990	949	2	22	17	2.62	2.59	1.22	2.75	4.44	0.03	0.03	0.00	0.00	0.00	LOS_A	1	0.00	0.00
1	10800-14400	51-885: Ballarat Rd  Western Hwy@6.9-671: Panamax Rd@7.5	885	671	177	172	0	3	2	5.86	5.81		7.08	8.07	0.06	0.06		0.00	0.00	LOS_A	1	0.00	0.00
1	10800-14400	51			2296	2214	2	42	38	3.23	3.22	1.22	3.24	3.71	0.05	0.05	0.00	0.00	0.00	LOS_A	1	0.03	25.62
1	10800-14400	52-198: Melton Hwy@69.6-182@11.5	198	182	113	107	0	3	1	6.51	6.40		8.37	11.58	0.46	0.48		0.00	0.00	LOS_A	1	0.00	0.00
1	10800-14400	52-198: Melton Hwy@69.6-308: Ferris Rd  Melton Hwy@20.5	198	308	576	567	0	4	3	2.30	2.31		1.24	3.97	0.13	0.13		0.00	0.00	LOS_A	1	0.00	0.00
1	10800-14400	52-339@366.5-200: Melton Hwy@21.7	339	200	339	330	0	6	3	1.33	1.31		2.24	2.10	0.00	0.00		0.00	0.00	LOS_A	1	0.00	0.00
1	10800-14400	52-339@366.5-308: Ferris Rd  Melton Hwy@20.5	339	308	0	0	0	0	0											LOS_A		0.00	0.00
1	10800-14400	52-956: Ferris Rd  Melton Hwy@55.3-182@11.5	956	182	171	149	0	10	12	4.27	4.05		5.64	5.84	0.00	0.00		0.00	0.00	LOS_A	1	0.00	0.00
1	10800-14400	52-956: Ferris Rd  Melton Hwy@55.3-200: Melton Hwy@21.7	956	200	687	652	2	17	12	3.03	3.00	5.71	3.56	3.00	0.00	0.00	0.00	0.00	0.00	LOS_A	1	0.00	0.00
1	10800-14400	52			1886	1805	2	40	31	2.82	2.76	5.71	4.01	4.38	0.07	0.07	0.00	0.00	0.00	LOS_A	1	0.00	0.00
1	10800-14400	53-899: Melton Hwy@13.5-199: Melton Hwy@15.7	899	199	132	130	0	1	1	4.49	4.51		2.12	3.81	0.02	0.02		0.00	0.00	LOS_A	1	0.44	47.26
1	10800-14400	53-899: Melton Hwy@13.5-301: High St@21.5	899	301	33	33	0	0	0	5.24	5.24				0.00	0.00				LOS_A	1	0.44	47.26
1	10800-14400	53-899: Melton Hwy@13.5-305: Melton Hwy@15.2	899	305	517	493	2	15	7	3.58	3.62	3.91	2.97	2.29	0.11	0.11	0.00	0.00	0.00	LOS_A	1	0.44	47.26
1	10800-14400	53-899: Melton Hwy@13.5-376: High St@36.1	899	376	344	326	0	7	7	7.97	7.87		10.62	9.38	0.22	0.23		0.06	0.00	LOS_A	1	0.44	47.26
1	10800-14400	53-900: High St@7.7-199: Melton Hwy@15.7	900	199	131	124	0	2	1	0.16	0.11		0.11	0.00	0.00	0.00		0.00	0.00	LOS_A	1	0.00	0.00
1	10800-14400	53-900: High St@7.7-301: High St@21.5	900	301	40	40	0	0	0	0.03	0.03				0.00	0.00				LOS_A	1	0.00	0.00
1	10800-14400	53-900: High St@7.7-305: Melton Hwy@15.2	900	305	91	91	0	0	0	5.03	5.03				0.00	0.00				LOS_A	1	0.00	0.00
1	10800-14400	53-900: High St@7.7-376: High St@36.1	900	376	0	0	0	0	0											LOS_A		0.00	0.00
1	10800-14400	53-901: Melton Hwy@7.6-199: Melton Hwy@15.7	901	199	391	385	0	4	2	0.60	0.59		0.57	1.83	0.00	0.00		0.00	0.00	LOS_A	1	0.00	0.00
1	10800-14400	53-901: Melton Hwy@7.6-301: High St@21.5	901	301	8	8	0	0	0	0.33	0.33				0.00	0.00				LOS_A	1	0.00	0.00
1	10800-14400	53-901: Melton Hwy@7.6-305: Melton Hwy@15.2	901	305	0	0	0	0	0											LOS_A		0.00	0.00
1	10800-14400	53-901: Melton Hwy@7.6-376: High St@36.1	901	376	51	51	0	0	0	0.62	0.62				0.00	0.00				LOS_A	1	0.00	0.00
1	10800-14400	53-1241: High St@3.1-199: Melton Hwy@15.7	1241	199	35	35	0	0	0	0.17	0.17				0.00	0.00				LOS_A	1	0.00	0.00
1	10800-14400	53-1241: High St@3.1-301: High St@21.5	1241	301	0	0	0	0	0											LOS_A		0.00	0.00
1	10800-14400	53-1241: High St@3.1-305: Melton Hwy@15.2	1241	305	12	12	0	0	0	0.49	0.49				0.00	0.00				LOS_A	1	0.00	0.00
1	10800-14400	53-1241: High St@3.1-376: High St@36.1	1241	376	31	31	0	0	0	0.34	0.34				0.00	0.00				LOS_A	1	0.00	0.00
1	10800-14400	53			1816	1759	2	29	18	3.38	3.34	3.91	4.26	4.96	0.07	0.08	0.00	0.01	0.00	LOS_A	1	0.11	47.26
1	10800-14400	54-526: Ferris Rd@22.5-310@35.3	526	310	16	16	0	0	0	6.54	6.54				0.00	0.00				LOS_A	1	0.00	0.00
1	10800-14400	54-526: Ferris Rd@22.5-421: Ferris Rd@15.4	526	421	0	0	0	0	0											LOS_A		0.00	0.00
1	10800-14400	54-526: Ferris Rd@22.5-525: Ferris Rd@18.9	526	525	515	501	0	7	5	0.45	0.45		0.32	0.66	0.00	0.00		0.00	0.00	LOS_A	1	0.00	0.00
1	10800-14400	54-527: Zone connector@58.2-310@35.3	527	310	0	0	0	0	0											LOS_A		0.00	0.00
1	10800-14400	54-527: Zone connector@58.2-421: Ferris Rd@15.4	527	421	534	511	0	10	11	0.19	0.19		0.08	0.28	0.00	0.00		0.00	0.00	LOS_A	1	0.00	0.00
1	10800-14400	54-528@5.7-421: Ferris Rd@15.4	528	421	9	9	0	0	0	4.44	4.44				0.00	0.00				LOS_A	1	0.00	0.00
1	10800-14400	54-528@5.7-525: Ferris Rd@18.9	528	525	2	2	0	0	0	0.03	0.03				0.00	0.00				LOS_A	1	0.00	0.00
1	10800-14400	54			1076	1039	0	17	16	0.44	0.45		0.18	0.40	0.00	0.00		0.00	0.00	LOS_A	1	0.00	0.00
1	10800-14400	55-68: Mount Cottrell Rd SA@390.9-320: Western Fwy@25.9	68	320	148	134	0	7	7	0.12	0.13		0.01	0.01	0.00	0.00		0.00	0.00	LOS_A	1	0.00	0.00
1	10800-14400	55-942: Western Hwy@75.8-69: Mount Cottrell Rd@25.4	942	69	407	379	1	20	7	3.22	3.10	6.73	4.86	4.63	0.01	0.01	0.00	0.00	0.00	LOS_A	1	0.00	0.00
1	10800-14400	55-942: Western Hwy@75.8-320: Western Fwy@25.9	942	320	1860	1773	11	45	29	3.37	3.37	1.85	4.04	3.02	0.00	0.00	0.00	0.00	0.00	LOS_A	1	0.00	0.00
1	10800-14400	55			2415	2286	12	72	43	3.15	3.14	2.26	3.87	2.79	0.00	0.00	0.00	0.00	0.00	LOS_A	1	0.00	0.00
1	10800-14400	56-24: Paynes Rd SA@384.9-537: Western Hwy@24.0	24	537	120	105	0	9	6	0.35	0.38		0.08	0.10	0.00	0.00		0.00	0.00	LOS_A	1	0.00	0.00
1	10800-14400	56-536: Western Hwy@83.6-23: Paynes Rd@34.1	536	23	256	254	0	1	1	7.15	7.12		10.46	9.51	0.00	0.00		0.00	0.00	LOS_A	1	0.00	0.00
1	10800-14400	56-536: Western Hwy@83.6-537: Western Hwy@24.0	536	537	2146	2046	12	56	30	6.06	6.06	4.47	6.14	7.31	0.00	0.00	0.00	0.00	0.00	LOS_A	1	0.00	0.00
1	10800-14400	56			2522	2405	12	66	37	5.90	5.92	4.47	5.38	6.20	0.00	0.00	0.00	0.00	0.00	LOS_A	1	0.00	0.00
1	10800-14400	57-169: Western Hwy@71.3-168: Western Hwy@12.5	169	168	1233	1112	11	63	45	0.68	0.70	0.84	0.47	0.41	0.00	0.00	0.00	0.00	0.00	LOS_A	1	0.00	0.00
1	10800-14400	57-511: Western Freeway service Rd SA@97.7-172: Western Hwy@0.2	511	172	0	0	0	0	0											LOS_A		0.00	0.00
1	10800-14400	57-936: Western Hwy@71.3-172: Western Hwy@0.2	936	172	2402	2300	12	57	31	0.76	0.73	1.77	1.20	1.40	0.00	0.00	0.00	0.00	0.00	LOS_A	1	0.00	0.00
1	10800-14400	57-936: Western Hwy@71.3-512: Zone connector@4.0	936	512	0	0	0	0	0											LOS_A		0.00	0.00
1	10800-14400	57			3635	3412	23	120	76	0.73	0.72	1.33	0.82	0.81	0.00	0.00	0.00	0.00	0.00	LOS_A	1	0.00	0.00
1	10800-14400	58-436@136.8-271: Leakes Rd@61.4	436	271	67	62	0	2	3	2.82	2.52		5.94	6.91	0.00	0.00		0.00	0.00	LOS_A	1	0.00	0.00
1	10800-14400	58-436@136.8-437: Leakes Rd@45.3	436	437	48	46	0	1	1	1.15	1.06		4.19	2.42	0.00	0.00		0.00	0.00	LOS_A	1	0.00	0.00
1	10800-14400	58-600: Leakes Rd@6.4-273@26.5	600	273	148	140	1	4	3	5.85	5.72	8.56	8.25	7.93	0.00	0.00	0.00	0.00	0.00	LOS_A	1	0.00	0.00
1	10800-14400	58-600: Leakes Rd@6.4-437: Leakes Rd@45.3	600	437	253	220	0	8	8	2.78	2.91		2.01	1.77	0.00	0.00		0.00	0.00	LOS_A	1	0.00	0.00
1	10800-14400	58-1263: Leakes Rd@41.8-271: Leakes Rd@61.4	1263	271	198	172	0	5	4	0.54	0.59		0.45	0.54	0.00	0.00		0.00	0.00	LOS_A	1	0.00	0.00
1	10800-14400	58-1263: Leakes Rd@41.8-273@26.5	1263	273	25	22	0	2	1	1.89	1.81		2.79	1.95	0.00	0.00		0.00	0.00	LOS_A	1	0.00	0.00
1	10800-14400	58			739	662	1	22	20	2.66	2.70	8.56	3.32	3.26	0.00	0.00	0.00	0.00	0.00	LOS_A	1	0.00	0.00
1	10800-14400	59-271: Leakes Rd@243.4-602: Leakes Rd@8.6	271	602	265	234	0	7	7	0.79	0.77		0.94	1.41	0.00	0.00		0.00	0.00	LOS_A	1	0.00	0.00
1	10800-14400	59-443: Woodlea Blvd EA@92.7-270: Leakes Rd@21.8	443	270	5	5	0	0	0	1.21	1.21				0.00	0.00				LOS_A	1	0.00	0.00
1	10800-14400	59-443: Woodlea Blvd EA@92.7-442@13.5	443	442	0	0	0	0	0											LOS_A		0.00	0.00
1	10800-14400	59-605: Leakes Rd@48.1-270: Leakes Rd@21.8	605	270	396	355	1	12	11	2.01	1.11	0.14	1.69	1.96	0.00	0.00	0.00	0.00	0.00	LOS_A	1	0.00	0.00
1	10800-14400	59-605: Leakes Rd@48.1-442@13.5	605	442	25	25	0	0	0	1.32	1.32				0.00	0.00				LOS_A	1	0.00	0.00
1	10800-14400	59			691	619	1	19	18	1.51	0.99	0.14	1.42	1.75	0.00	0.00	0.00	0.00	0.00	LOS_A	1	0.00	0.00
1	10800-14400	60-938: Leakes Rd@68.7-398: Taylors Rd@37.8	938	398	227	198	0	6	6	3.76	2.57		3.85	4.68	0.00	0.00		0.00	0.00	LOS_A	1	0.00	0.00
1	10800-14400	60-938: Leakes Rd@68.7-400: Leakes Rd@62.1	938	400	27	25	0	1	1	0.75	0.72		0.04	2.01	0.00	0.00		0.00	0.00	LOS_A	1	0.00	0.00
1	10800-14400	60-938: Leakes Rd@68.7-402: Leakes Rd@53.8	938	402	0	0	0	0	0											LOS_A		0.00	0.00
1	10800-14400	60-938: Leakes Rd@68.7-271502: Taylors Rd@46.1	938	271502	11	11	0	0	0	2.73	2.73				0.00	0.00				LOS_A	1	0.00	0.00
1	10800-14400	60-271509: Taylors Rd@32.2-400: Leakes Rd@62.1	271509	400	72	72	0	0	0	1.47	1.47				0.00	0.00				LOS_A	1	0.00	0.00
1	10800-14400	60-271509: Taylors Rd@32.2-402: Leakes Rd@53.8	271509	402	132	107	0	4	4	4.36	3.63		5.74	5.78	0.00	0.00		0.00	0.00	LOS_A	1	0.00	0.00
1	10800-14400	60-271509: Taylors Rd@32.2-271502: Taylors Rd@46.1	271509	271502	96	95	0	1	0	0.17	0.17		0.00		0.00	0.00		0.00		LOS_A	1	0.00	0.00
1	10800-14400	60-271574: Taylors Rd@30.9-398: Taylors Rd@37.8	271574	398	20	20	0	0	0	0.09	0.09				0.00	0.00				LOS_A	1	0.00	0.00
1	10800-14400	60-271574: Taylors Rd@30.9-402: Leakes Rd@53.8	271574	402	20	20	0	0	0	0.09	0.09				0.00	0.00				LOS_A	1	0.00	0.00
1	10800-14400	60-271576: Taylors Rd@30.3-400: Leakes Rd@62.1	271576	400	27	27	0	0	0	10.71	10.71				0.00	0.00				LOS_B	2	0.00	0.00
1	10800-14400	60-271581: Leakes Rd@28.6-398: Taylors Rd@37.8	271581	398	89	89	0	0	0	0.53	0.53				0.00	0.00				LOS_A	1	0.00	0.00
1	10800-14400	60-271581: Leakes Rd@28.6-402: Leakes Rd@53.8	271581	402	269	253	1	8	7	0.55	0.56	0.27	0.62	0.14	0.00	0.00	0.00	0.00	0.00	LOS_A	1	0.00	0.00
1	10800-14400	60-271581: Leakes Rd@28.6-271502: Taylors Rd@46.1	271581	271502	43	42	0	1	0	3.97	3.96		4.29		0.00	0.00		0.00		LOS_A	1	0.00	0.00
1	10800-14400	60			1033	959	1	21	18	2.19	1.79	0.27	2.63	3.01	0.00	0.00	0.00	0.00	0.00	LOS_A	1	0.00	0.00
1	10800-14400	61-540@22.7-435: Leakes Rd@19.5	540	435	31	31	0	0	0	0.53	0.53				0.00	0.00				LOS_A	1	0.00	0.00
1	10800-14400	61-540@22.7-438: Leakes Rd@14.4	540	438	32	32	0	0	0	0.42	0.42				0.00	0.00				LOS_A	1	0.00	0.00
1	10800-14400	61-863: Leakes Rd@86.5-265@27.3	863	265	155	147	0	3	5	4.37	4.33		5.24	5.07	0.00	0.00		0.00	0.00	LOS_A	1	0.00	0.00
1	10800-14400	61-863: Leakes Rd@86.5-435: Leakes Rd@19.5	863	435	146	119	0	6	4	1.29	1.47		1.23	0.88	0.00	0.00		0.00	0.00	LOS_A	1	0.00	0.00
1	10800-14400	61-941: Leakes Rd@8.5-265@27.3	941	265	69	68	0	1	0	6.77	6.74		8.57		0.00	0.00		0.00		LOS_A	1	0.00	0.00
1	10800-14400	61-941: Leakes Rd@8.5-438: Leakes Rd@14.4	941	438	191	162	0	7	5	1.31	1.40		1.49	0.77	0.00	0.00		0.00	0.00	LOS_A	1	0.00	0.00
1	10800-14400	61			624	559	0	17	14	2.59	2.73		2.47	2.34	0.00	0.00		0.00	0.00	LOS_A	1	0.00	0.00
1	10800-14400	62-267: Ian Cowie Way EA@65.6-264: Leakes Rd@15.6	267	264	1	1	0	0	0	0.17	0.17				0.00	0.00				LOS_A	1	0.00	0.00
1	10800-14400	62-267: Ian Cowie Way EA@65.6-434: Leakes Rd@14.9	267	434	22	22	0	0	0	0.05	0.05				0.00	0.00				LOS_A	1	0.00	0.00
1	10800-14400	62-267: Ian Cowie Way EA@65.6-271596@27.9	267	271596	0	0	0	0	0											LOS_A		0.00	0.00
1	10800-14400	62-538: Leakes Rd@42.7-264: Leakes Rd@15.6	538	264	152	126	0	5	4	1.25	1.33		0.30	0.69	0.00	0.00		0.00	0.00	LOS_A	1	0.00	0.00
1	10800-14400	62-538: Leakes Rd@42.7-268: Ian Cowie Way@17.3	538	268	25	24	0	1	0	5.96	5.86		8.19		0.00	0.00		0.00		LOS_A	1	0.00	0.00
1	10800-14400	62-538: Leakes Rd@42.7-271596@27.9	538	271596	0	0	0	0	0											LOS_A		0.00	0.00
1	10800-14400	62-864: Leakes Rd@42.2-268: Ian Cowie Way@17.3	864	268	0	0	0	0	0											LOS_A		0.00	0.00
1	10800-14400	62-864: Leakes Rd@42.2-434: Leakes Rd@14.9	864	434	238	208	0	8	5	0.31	0.33		0.47	0.03	0.00	0.00		0.00	0.00	LOS_A	1	0.00	0.00
1	10800-14400	62-864: Leakes Rd@42.2-271596@27.9	864	271596	15	0	0	0	0	0.24					0.00					LOS_A	1	0.00	0.00
1	10800-14400	62-271595: Ian Cowie Way WA@105.8-264: Leakes Rd@15.6	271595	264	15	0	0	0	0	1.81					0.00					LOS_A	1	0.00	0.00
1	10800-14400	62-271595: Ian Cowie Way WA@105.8-268: Ian Cowie Way@17.3	271595	268	0	0	0	0	0											LOS_A		0.00	0.00
1	10800-14400	62-271595: Ian Cowie Way WA@105.8-434: Leakes Rd@14.9	271595	434	0	0	0	0	0											LOS_A		0.00	0.00
1	10800-14400	62			468	381	0	14	9	0.95	0.99		0.96	0.32	0.00	0.00		0.00	0.00	LOS_A	1	0.00	0.00
1	10800-14400	63-374: Westcott Pde EA@100.7-263: Leakes Rd@9.1	374	263	63	31	0	0	0	0.04	0.07				0.00	0.00				LOS_A	1	0.00	0.00
1	10800-14400	63-374: Westcott Pde EA@100.7-372: Leakes Rd@14.9	374	372	0	0	0	0	0											LOS_A		0.00	0.00
1	10800-14400	63-542: Leakes Rd@34.5-372: Leakes Rd@14.9	542	372	134	125	0	5	4	1.33	1.40		0.19	0.47	0.00	0.00		0.00	0.00	LOS_A	1	0.00	0.00
1	10800-14400	63-542: Leakes Rd@34.5-375: Westcott Pde@26.6	542	375	34	2	0	0	0	9.24	6.70				0.00	0.00				LOS_A	1	0.00	0.00
1	10800-14400	63-543: Leakes Rd@6.7-263: Leakes Rd@9.1	543	263	190	177	0	8	5	0.06	0.06		0.11	0.00	0.00	0.00		0.00	0.00	LOS_A	1	0.00	0.00
1	10800-14400	63-543: Leakes Rd@6.7-375: Westcott Pde@26.6	543	375	0	0	0	0	0											LOS_A		0.00	0.00
1	10800-14400	63			421	335	0	13	9	1.20	0.60		0.14	0.21	0.00	0.00		0.00	0.00	LOS_A	1	0.00	0.00
1	10800-14400	64-484: Western Hwy SA@157.6-78: Western Hwy@14.0	484	78	0	0	0	0	0											LOS_A		0.00	0.00
1	10800-14400	64-484: Western Hwy SA@157.6-324: Western Hwy@20.9	484	324	0	0	0	0	0											LOS_A		0.00	0.00
1	10800-14400	64-943: Western Hwy@38.1-78: Western Hwy@14.0	943	78	1291	1166	12	66	45	0.58	0.58	0.90	0.53	0.81	0.00	0.00	0.00	0.00	0.00	LOS_A	1	0.00	0.00
1	10800-14400	64-943: Western Hwy@38.1-324: Western Hwy@20.9	943	324	0	0	0	0	0											LOS_A		0.00	0.00
1	10800-14400	64-943: Western Hwy@38.1-483@8.4	943	483	0	0	0	0	0											LOS_A		0.00	0.00
1	10800-14400	64-1265: Western Hwy@45.2-78: Western Hwy@14.0	1265	78	0	0	0	0	0											LOS_A		0.00	0.00
1	10800-14400	64-1265: Western Hwy@45.2-324: Western Hwy@20.9	1265	324	2240	2147	12	53	26	0.64	0.63	1.05	0.73	0.82	0.00	0.00	0.00	0.00	0.00	LOS_A	1	0.00	0.00
1	10800-14400	64-1265: Western Hwy@45.2-483@8.4	1265	483	0	0	0	0	0											LOS_A		0.00	0.00
1	10800-14400	64			3531	3313	24	119	71	0.62	0.61	0.97	0.62	0.81	0.00	0.00	0.00	0.00	0.00	LOS_A	1	0.00	0.00
1	10800-14400	65-27: Troups Rd N@8.8-29: Western Hwy@8.5	27	29	316	312	0	2	2	0.39	0.39		0.59	0.83	0.00	0.00		0.00	0.00	LOS_A	1	0.00	0.00
1	10800-14400	65-27: Troups Rd N@8.8-31: Troups Rd N@5.3	27	31	67	67	0	0	0	0.38	0.38				0.00	0.00				LOS_A	1	0.00	0.00
1	10800-14400	65-30: Western Hwy WA@242.6-28: Troups Rd N@3.2	30	28	119	112	2	5	0	0.07	0.07	0.00	0.09		0.00	0.00	0.00	0.00		LOS_A	1	0.00	0.00
1	10800-14400	65-30: Western Hwy WA@242.6-31: Troups Rd N@5.3	30	31	0	0	0	0	0											LOS_A		0.00	0.00
1	10800-14400	65-32: Troups Rd N SA@98.1-28: Troups Rd N@3.2	32	28	1	1	0	0	0	0.00	0.00				0.00	0.00				LOS_A	1	0.00	0.00
1	10800-14400	65-32: Troups Rd N SA@98.1-29: Western Hwy@8.5	32	29	0	0	0	0	0											LOS_A		0.00	0.00
1	10800-14400	65			503	492	2	7	2	0.31	0.31	0.00	0.23	0.83	0.00	0.00	0.00	0.00	0.00	LOS_A	1	0.00	0.00
1	10800-14400	66-33: Neales Rd W WA@612.0-35: Neales Rd W@48.6	33	35	0	0	0	0	0											LOS_A		0.83	55.06
1	10800-14400	66-33: Neales Rd W WA@612.0-232: Hopkins Rd@6.4	33	232	188	176	1	8	3	20.39	20.91	6.27	11.74	17.51	2.36	2.47	0.00	0.64	1.25	LOS_C	3	0.83	55.06
1	10800-14400	66-33: Neales Rd W WA@612.0-910: Melton Hwy@16.5	33	910	6	6	0	0	0	0.58	0.58				0.00	0.00				LOS_A	1	0.83	55.06
1	10800-14400	66-622: Neales Rd W@45.9-34: Neales Rd W@23.0	622	34	168	167	0	0	1	7.14	7.18			0.00	2.32	2.34			0.00	LOS_A	1	0.00	0.00
1	10800-14400	66-622: Neales Rd W@45.9-232: Hopkins Rd@6.4	622	232	248	223	0	14	9	49.01	49.18		47.44	52.19	7.89	8.17		4.82	7.49	LOS_E	5	3.00	114.29
1	10800-14400	66-622: Neales Rd W@45.9-910: Melton Hwy@16.5	622	910	8	8	0	0	0	1.68	1.68				0.00	0.00				LOS_A	1	0.00	0.00
1	10800-14400	66-897: Hopkins Rd@12.7-34: Neales Rd W@23.0	897	34	104	97	1	4	2	3.16	3.20	3.34	2.38	2.45	0.00	0.00	0.00	0.00	0.00	LOS_A	1	0.00	0.00
1	10800-14400	66-897: Hopkins Rd@12.7-35: Neales Rd W@48.6	897	35	217	204	0	6	7	5.89	5.76		8.00	8.06	0.00	0.00		0.00	0.00	LOS_A	1	0.00	0.00
1	10800-14400	66-897: Hopkins Rd@12.7-910: Melton Hwy@16.5	897	910	257	228	0	11	5	3.36	2.95		2.95	0.99	0.00	0.00		0.00	0.00	LOS_A	1	0.00	0.00
1	10800-14400	66-908: Melton Hwy@9.5-34: Neales Rd W@23.0	908	34	0	0	0	0	0											LOS_A		18.72	85.67
1	10800-14400	66-908: Melton Hwy@9.5-35: Neales Rd W@48.6	908	35	2	2	0	0	0	23.19	23.19				3.21	3.21				LOS_C	3	18.72	85.67
1	10800-14400	66-908: Melton Hwy@9.5-232: Hopkins Rd@6.4	908	232	388	360	0	6	9	43.77	43.63		57.06	52.78	4.97	5.09		3.09	4.40	LOS_E	5	18.72	85.67
1	10800-14400	66			1586	1471	2	49	36	23.14	22.96	4.80	24.29	29.54	2.98	3.05	0.00	1.86	3.08	LOS_C	3	4.51	114.29
1	10800-14400	67-230: Hopkins Rd@28.1-37@43.8	230	37	114	98	0	8	8	8.88	8.89		8.90	8.66	0.00	0.00		0.00	0.00	LOS_A	1	0.00	0.00
1	10800-14400	67-230: Hopkins Rd@28.1-426: Hopkins Rd@4.3	230	426	710	661	1	20	13	6.34	6.21	6.52	5.45	5.16	0.01	0.00	0.00	0.00	0.00	LOS_A	1	0.00	0.00
1	10800-14400	67-427: Hopkins Rd@87.2-231: Hopkins Rd@8.3	427	231	537	493	1	18	12	2.30	2.34	0.78	1.88	1.79	0.00	0.00	0.00	0.00	0.00	LOS_A	1	0.00	0.00
1	10800-14400	67-946@14.4-231: Hopkins Rd@8.3	946	231	43	36	0	3	2	1.20	0.96		2.84	2.42	0.00	0.00		0.00	0.00	LOS_A	1	0.00	0.00
1	10800-14400	67-946@14.4-426: Hopkins Rd@4.3	946	426	60	54	0	2	4	0.67	0.57		0.90	1.82	0.00	0.00		0.00	0.00	LOS_A	1	0.00	0.00
1	10800-14400	67			1464	1342	2	51	39	4.67	4.61	3.65	4.40	4.36	0.01	0.00	0.00	0.00	0.00	LOS_A	1	0.00	0.00
1	10800-14400	69-290: Caroline Springs Blvd@7.8-60: Caroline Springs Blvd@15.2	290	60	0	0	0	0	0											LOS_A		0.00	0.00
1	10800-14400	69-290: Caroline Springs Blvd@7.8-291: Caroline Springs Blvd@13.9	290	291	750	699	0	19	15	1.25	1.09		2.06	1.70	0.00	0.00		0.00	0.00	LOS_A	1	0.00	0.00
1	10800-14400	69-290: Caroline Springs Blvd@7.8-293: Chisholm Dr@13.5	290	293	54	52	0	2	0	1.09	1.08		1.33		0.00	0.00		0.00		LOS_A	1	0.00	0.00
1	10800-14400	69-290: Caroline Springs Blvd@7.8-431: Springlake Ave@15.9	290	431	34	34	0	0	0	0.80	0.80				0.00	0.00				LOS_A	1	0.00	0.00
1	10800-14400	69-292: Caroline Springs Blvd NA@169.6-60: Caroline Springs Blvd@15.2	292	60	431	389	0	14	11	1.38	0.68		1.05	1.33	0.00	0.00		0.00	0.00	LOS_A	1	0.00	0.00
1	10800-14400	69-292: Caroline Springs Blvd NA@169.6-291: Caroline Springs Blvd@13.9	292	291	0	0	0	0	0											LOS_A		0.00	0.00
1	10800-14400	69-292: Caroline Springs Blvd NA@169.6-293: Chisholm Dr@13.5	292	293	10	10	0	0	0	1.84	1.84				0.00	0.00				LOS_A	1	0.00	0.00
1	10800-14400	69-292: Caroline Springs Blvd NA@169.6-431: Springlake Ave@15.9	292	431	62	62	0	0	0	0.87	0.87				0.00	0.00				LOS_A	1	0.00	0.00
1	10800-14400	69-294: Chisholm Dr EA@69.6-60: Caroline Springs Blvd@15.2	294	60	19	19	0	0	0	0.02	0.02				0.00	0.00				LOS_A	1	0.00	0.00
1	10800-14400	69-294: Chisholm Dr EA@69.6-291: Caroline Springs Blvd@13.9	294	291	0	0	0	0	0											LOS_A		0.00	0.00
1	10800-14400	69-294: Chisholm Dr EA@69.6-293: Chisholm Dr@13.5	294	293	0	0	0	0	0											LOS_A		0.00	0.00
1	10800-14400	69-294: Chisholm Dr EA@69.6-431: Springlake Ave@15.9	294	431	0	0	0	0	0											LOS_A		0.00	0.00
1	10800-14400	69-430: Springlake Ave WA@96.3-60: Caroline Springs Blvd@15.2	430	60	13	13	0	0	0	0.01	0.01				0.00	0.00				LOS_A	1	0.00	0.00
1	10800-14400	69-430: Springlake Ave WA@96.3-291: Caroline Springs Blvd@13.9	430	291	20	20	0	0	0	0.06	0.06				0.00	0.00				LOS_A	1	0.00	0.00
1	10800-14400	69-430: Springlake Ave WA@96.3-293: Chisholm Dr@13.5	430	293	0	0	0	0	0											LOS_A		0.00	0.00
1	10800-14400	69-430: Springlake Ave WA@96.3-431: Springlake Ave@15.9	430	431	0	0	0	0	0											LOS_A		0.00	0.00
1	10800-14400	69			1393	1298	0	35	26	1.21	0.91		1.62	1.55	0.00	0.00		0.00	0.00	LOS_A	1	0.00	0.00
1	10800-14400	70-352: Eucumbene Dr@292.6-111: Christies Rd@15.7	352	111	0	0	0	0	0											LOS_A		0.00	0.00
1	10800-14400	70-647: Christies Rd@1.5-111: Christies Rd@15.7	647	111	401	347	1	22	14	0.99	0.94	2.08	1.34	1.32	0.00	0.00	0.00	0.00	0.00	LOS_A	1	0.00	0.00
1	10800-14400	70-647: Christies Rd@1.5-353: Eucumbene Dr@18.2	647	353	17	17	0	0	0	5.41	5.41				0.00	0.00				LOS_A	1	0.00	0.00
1	10800-14400	70-647: Christies Rd@1.5-271551@28.2	647	271551	0	0	0	0	0											LOS_A		0.00	0.00
1	10800-14400	70-891: Christies Rd@8.5-287: Christies Rd@6.6	891	287	487	451	0	11	8	1.59	1.64		1.28	2.17	0.00	0.00		0.00	0.00	LOS_A	1	0.00	0.00
1	10800-14400	70-891: Christies Rd@8.5-353: Eucumbene Dr@18.2	891	353	7	7	0	0	0	3.50	3.50				0.00	0.00				LOS_A	1	0.00	0.00
1	10800-14400	70-891: Christies Rd@8.5-271549@21.0	891	271549	0	0	0	0	0											LOS_A		0.00	0.00
1	10800-14400	70-271550@4.0-287: Christies Rd@6.6	271550	287	0	0	0	0	0											LOS_A		0.00	0.00
1	10800-14400	70			912	822	1	33	22	1.41	1.44	2.08	1.32	1.63	0.00	0.00	0.00	0.00	0.00	LOS_A	1	0.00	0.00
1	10800-14400	71-111: Christies Rd@84.9-129@9.8	111	129	257	247	0	6	4	0.50	0.49		0.40	1.04	0.00	0.00		0.00	0.00	LOS_A	1	0.00	0.00
1	10800-14400	71-111: Christies Rd@84.9-282: Christies Rd@12.4	111	282	144	100	1	16	10	0.53	0.50	1.24	0.92	0.47	0.00	0.00	0.00	0.00	0.00	LOS_A	1	0.00	0.00
1	10800-14400	71-274: Christies Rd@5.8-112: Christies Rd@20.6	274	112	494	458	0	11	8	3.80	3.92		2.44	4.92	0.00	0.00		0.00	0.00	LOS_A	1	0.00	0.00
1	10800-14400	71-274: Christies Rd@5.8-129@9.8	274	129	163	131	0	25	7	8.14	8.03		8.54	8.70	0.00	0.00		0.00	0.00	LOS_A	1	0.00	0.00
1	10800-14400	71			1058	936	1	58	29	3.22	3.23	1.24	4.44	3.76	0.00	0.00	0.00	0.00	0.00	LOS_A	1	0.00	0.00
1	10800-14400	72-126@294.6-280: Christies Rd@41.9	126	280	270	265	0	5	0	1.73	1.71		2.60		0.00	0.00		0.00		LOS_A	1	0.00	0.00
1	10800-14400	72-126@294.6-394: Christies Rd@15.7	126	394	37	24	0	11	2	1.99	1.29		3.23	3.54	0.00	0.00		0.00	0.00	LOS_A	1	0.00	0.00
1	10800-14400	72-126@294.6-626: Palm Springs Rd@75.1	126	626	30	28	0	2	0	1.48	1.43		2.26		0.00	0.00		0.00		LOS_A	1	0.00	0.00
1	10800-14400	72-279: Christies Rd@96.9-280: Christies Rd@41.9	279	280	0	0	0	0	0											LOS_A		0.00	0.00
1	10800-14400	72-279: Christies Rd@96.9-394: Christies Rd@15.7	279	394	93	56	1	12	7	0.61	0.74	1.40	0.76	0.49	0.00	0.00	0.00	0.00	0.00	LOS_A	1	0.00	0.00
1	10800-14400	72-279: Christies Rd@96.9-626: Palm Springs Rd@75.1	279	626	51	44	0	4	3	0.85	0.89		0.44	0.82	0.00	0.00		0.00	0.00	LOS_A	1	0.00	0.00
1	10800-14400	72-393: Christies Rd SA@348.6-280: Christies Rd@41.9	393	280	177	127	0	27	6	0.60	0.73		0.31	0.25	0.00	0.00		0.00	0.00	LOS_A	1	0.00	0.00
1	10800-14400	72-393: Christies Rd SA@348.6-394: Christies Rd@15.7	393	394	0	0	0	0	0											LOS_A		0.00	0.00
1	10800-14400	72-393: Christies Rd SA@348.6-626: Palm Springs Rd@75.1	393	626	1	1	0	0	0	1.22	1.22				0.00	0.00				LOS_A	1	0.00	0.00
1	10800-14400	72-625: Palm Springs Rd WA@88.9-280: Christies Rd@41.9	625	280	210	197	0	4	9	0.29	0.30		0.04	0.09	0.00	0.00		0.00	0.00	LOS_A	1	0.00	0.00
1	10800-14400	72-625: Palm Springs Rd WA@88.9-394: Christies Rd@15.7	625	394	33	32	0	0	1	0.22	0.23			0.00	0.00	0.00			0.00	LOS_A	1	0.00	0.00
1	10800-14400	72-625: Palm Springs Rd WA@88.9-626: Palm Springs Rd@75.1	625	626	0	0	0	0	0											LOS_A		0.00	0.00
1	10800-14400	72			902	774	1	65	28	0.95	0.99	1.40	1.11	0.55	0.00	0.00	0.00	0.00	0.00	LOS_A	1	0.00	0.00
1	10800-14400	73-350: Delma Rd@97.2-464: Ballarat Rd  Western Hwy@8.8	350	464	2	2	0	0	0	0.00	0.00				0.00	0.00				LOS_A	1	0.00	0.00
1	10800-14400	73-663: Ballarat Rd  Western Hwy@46.8-351: Delma Rd@11.2	663	351	12	12	0	0	0	6.54	6.54				0.00	0.00				LOS_A	1	0.00	0.00
1	10800-14400	73-663: Ballarat Rd  Western Hwy@46.8-464: Ballarat Rd  Western Hwy@8.8	663	464	1224	1178	2	25	19	1.38	1.37	0.51	1.34	1.70	0.00	0.00	0.00	0.00	0.00	LOS_A	1	0.00	0.00
1	10800-14400	73			1238	1192	2	25	19	1.43	1.42	0.51	1.34	1.70	0.00	0.00	0.00	0.00	0.00	LOS_A	1	0.00	0.00
1	10800-14400	76-911: Grand Blvd WA@130.2-404: Hopkins Rd@29.7	911	404	44	44	0	0	0	0.43	0.43				0.00	0.00				LOS_A	1	0.00	0.00
1	10800-14400	76-911: Grand Blvd WA@130.2-408: Hopkins Rd@16.0	911	408	82	82	0	0	0	0.37	0.37				0.00	0.00				LOS_A	1	0.00	0.00
1	10800-14400	76-913: Hopkins Rd@4.0-408: Hopkins Rd@16.0	913	408	641	563	2	38	32	0.39	0.42	0.16	0.14	0.15	0.00	0.00	0.00	0.00	0.00	LOS_A	1	0.00	0.00
1	10800-14400	76-913: Hopkins Rd@4.0-912@27.4	913	912	27	26	0	1	0	3.21	3.13		5.45		0.00	0.00		0.00		LOS_A	1	0.00	0.00
1	10800-14400	76-948: Hopkins Rd@33.1-404: Hopkins Rd@29.7	948	404	514	482	1	13	12	2.14	2.25	0.33	0.57	0.72	0.00	0.00	0.00	0.00	0.00	LOS_A	1	0.00	0.00
1	10800-14400	76-948: Hopkins Rd@33.1-912@27.4	948	912	206	205	0	0	1	8.48	8.48			9.41	0.01	0.01			0.00	LOS_A	1	0.00	0.00
1	10800-14400	76			1514	1402	3	52	45	2.13	2.27	0.22	0.35	0.51	0.00	0.00	0.00	0.00	0.00	LOS_A	1	0.00	0.00
1	10800-14400	77-208: Western Fwy@25.5-84: Western Fwy@15.9	208	84	940	847	11	50	32	2.44	2.57	2.02	1.27	0.98	0.00	0.00	0.00	0.00	0.00	LOS_A	1	0.00	0.00
1	10800-14400	77-208: Western Fwy@25.5-180@16.3	208	180	339	330	0	6	3	7.29	7.29		7.34	7.27	0.00	0.00		0.00	0.00	LOS_A	1	0.00	0.00
1	10800-14400	77			1279	1177	11	56	35	3.73	3.89	2.02	1.92	1.52	0.00	0.00	0.00	0.00	0.00	LOS_A	1	0.00	0.00
1	10800-14400	78-84: Western Fwy@896.5-203: Western Fwy@19.3	84	203	940	847	11	50	32	0.46	0.47	1.05	0.25	0.28	0.00	0.00	0.00	0.00	0.00	LOS_A	1	0.00	0.00
1	10800-14400	78-529@58.8-203: Western Fwy@19.3	529	203	284	256	0	13	13	0.83	0.75		1.96	1.48	0.00	0.00		0.00	0.00	LOS_A	1	0.00	0.00
1	10800-14400	78			1224	1103	11	63	45	0.55	0.54	1.05	0.60	0.63	0.00	0.00	0.00	0.00	0.00	LOS_A	1	0.00	0.00
1	10800-14400	79-184: Western Fwy@928.7-205: Western Fwy@68.7	184	205	1484	1424	9	30	21	0.91	0.87	2.76	1.56	1.79	0.00	0.00	0.00	0.00	0.00	LOS_A	1	0.00	0.00
1	10800-14400	79-333@86.1-205: Western Fwy@68.7	333	205	253	251	0	2	0	1.48	1.48		1.58		0.00	0.00		0.00		LOS_A	1	0.00	0.00
1	10800-14400	79			1737	1675	9	32	21	0.99	0.96	2.76	1.56	1.79	0.00	0.00	0.00	0.00	0.00	LOS_A	1	0.00	0.00
1	10800-14400	80-424: Western Fwy@14.2-184: Western Fwy@85.3	424	184	1483	1423	9	30	21	3.08	3.08	4.03	3.49	2.53	0.00	0.00	0.00	0.00	0.00	LOS_A	1	0.00	0.00
1	10800-14400	80-424: Western Fwy@14.2-337@9.9	424	337	523	482	2	22	15	7.55	7.38	11.77	9.50	9.66	0.00	0.00	0.00	0.00	0.00	LOS_A	1	0.00	0.00
1	10800-14400	80			2006	1905	11	52	36	4.25	4.16	5.44	6.03	5.50	0.00	0.00	0.00	0.00	0.00	LOS_A	1	0.00	0.00
1	10800-14400	81-532: Western Hwy@54.0-334: Western Hwy@32.2	532	334	1215	1094	11	63	45	0.65	0.68	0.72	0.40	0.38	0.00	0.00	0.00	0.00	0.00	LOS_A	1	0.00	0.00
1	10800-14400	81-532: Western Hwy@54.0-481@38.6	532	481	8	8	0	0	0	5.80	5.80				0.00	0.00				LOS_A	1	0.00	0.00
1	10800-14400	81			1223	1102	11	63	45	0.69	0.72	0.72	0.40	0.38	0.00	0.00	0.00	0.00	0.00	LOS_A	1	0.00	0.00
1	10800-14400	82-334: Western Hwy@654.9-72: Western Hwy@13.0	334	72	1215	1094	11	63	45	1.00	1.03	1.19	0.63	0.74	0.00	0.00	0.00	0.00	0.00	LOS_A	1	0.00	0.00
1	10800-14400	82-482@267.1-72: Western Hwy@13.0	482	72	18	18	0	0	0	0.05	0.05				0.00	0.00				LOS_A	1	0.00	0.00
1	10800-14400	82			1233	1112	11	63	45	0.98	1.01	1.19	0.63	0.74	0.00	0.00	0.00	0.00	0.00	LOS_A	1	0.00	0.00
1	10800-14400	83-313: Western Hwy@39.7-103: Western Hwy@23.4	313	103	1118	1004	11	60	41	1.22	1.25	0.78	0.96	1.08	0.00	0.00	0.00	0.00	0.00	LOS_A	1	0.00	0.00
1	10800-14400	83-313: Western Hwy@39.7-174@14.4	313	174	115	108	0	3	4	5.01	4.93		6.24	6.32	0.00	0.00		0.00	0.00	LOS_A	1	0.00	0.00
1	10800-14400	83			1233	1112	11	63	45	1.57	1.60	0.78	1.22	1.55	0.00	0.00	0.00	0.00	0.00	LOS_A	1	0.00	0.00
1	10800-14400	84-161@132.7-99: Western Hwy@10.0	161	99	224	215	0	4	5	0.88	0.85		1.64	1.53	0.00	0.00		0.00	0.00	LOS_A	1	0.00	0.00
1	10800-14400	84-187: Western Hwy@838.0-99: Western Hwy@10.0	187	99	2177	2084	12	53	26	3.69	3.70	2.17	3.93	3.36	0.00	0.00	0.00	0.00	0.00	LOS_A	1	0.13	55.85
1	10800-14400	84			2401	2299	12	57	31	3.43	3.43	2.17	3.77	3.06	0.00	0.00	0.00	0.00	0.00	LOS_A	1	0.07	55.85
1	10800-14400	85-103: Western Hwy@829.6-89: Western Hwy@49.7	103	89	1118	1004	11	60	41	1.26	1.31	0.87	0.71	1.09	0.00	0.00	0.00	0.00	0.00	LOS_A	1	0.00	0.00
1	10800-14400	85-175@113.1-89: Western Hwy@49.7	175	89	173	162	1	6	4	0.59	0.53	2.28	1.30	1.24	0.00	0.00	0.00	0.00	0.00	LOS_A	1	0.00	0.00
1	10800-14400	85			1291	1166	12	66	45	1.17	1.20	0.99	0.77	1.11	0.00	0.00	0.00	0.00	0.00	LOS_A	1	0.00	0.00
1	10800-14400	86-323: Western Hwy@20.0-159@12.1	323	159	63	63	0	0	0	3.40	3.40				0.00	0.00				LOS_A	1	0.00	18.42
1	10800-14400	86-323: Western Hwy@20.0-187: Western Hwy@33.1	323	187	2177	2084	12	53	26	1.55	1.57	1.16	1.31	1.04	0.00	0.00	0.00	0.00	0.00	LOS_A	1	0.00	18.42
1	10800-14400	86			2240	2147	12	53	26	1.60	1.62	1.16	1.31	1.04	0.00	0.00	0.00	0.00	0.00	LOS_A	1	0.00	18.42
1	10800-14400	87-343: Western Hwy@756.9-154: Western Hwy@6.1	343	154	2382	2292	10	50	28	2.14	2.15	1.30	1.90	1.64	0.00	0.00	0.00	0.00	0.00	LOS_A	1	0.00	0.00
1	10800-14400	87-480@343.6-154: Western Hwy@6.1	480	154	121	121	0	0	0	0.09	0.09				0.00	0.00				LOS_A	1	0.00	0.00
1	10800-14400	87			2503	2413	10	50	28	2.04	2.05	1.30	1.90	1.64	0.00	0.00	0.00	0.00	0.00	LOS_A	1	0.00	0.00
1	10800-14400	88-955: Western Fwy@13.7-343: Western Hwy@21.2	955	343	2382	2292	10	50	28	1.61	1.58	2.11	2.19	2.11	0.00	0.00	0.00	0.00	0.00	LOS_A	1	0.00	0.00
1	10800-14400	88-955: Western Fwy@13.7-479@7.3	955	479	0	0	0	0	0											LOS_A		0.00	0.00
1	10800-14400	88			2382	2292	10	50	28	1.61	1.58	2.11	2.19	2.11	0.00	0.00	0.00	0.00	0.00	LOS_A	1	0.00	0.00
1	10800-14400	89-228: Western Fwy@25.8-108@38.1	228	108	103	90	0	5	6	7.39	7.27		8.06	8.41	0.09	0.10		0.00	0.00	LOS_A	1	0.31	91.14
1	10800-14400	89-228: Western Fwy@25.8-194: Western Fwy@23.2	228	194	1188	1076	12	61	39	1.66	1.67	1.15	1.68	1.55	0.02	0.02	0.00	0.00	0.00	LOS_A	1	0.31	91.14
1	10800-14400	89			1291	1166	12	66	45	2.12	2.10	1.15	2.17	2.46	0.03	0.03	0.00	0.00	0.00	LOS_A	1	0.31	91.14
1	10800-14400	90-104@749.4-417: Western Fwy@11.1	104	417	323	309	0	5	7	0.57	0.59		0.30	0.26	0.00	0.00		0.00	0.00	LOS_A	1	0.00	0.00
1	10800-14400	90-196: Western Fwy@1281.0-417: Western Fwy@11.1	196	417	2059	1983	10	45	21	2.07	2.08	1.46	2.03	1.31	0.00	0.00	0.00	0.00	0.00	LOS_A	1	0.00	0.00
1	10800-14400	90			2382	2292	10	50	28	1.87	1.88	1.46	1.86	1.05	0.00	0.00	0.00	0.00	0.00	LOS_A	1	0.00	0.00
1	10800-14400	91-260: Hopkins Rd@38.0-419@15.1	260	419	233	190	1	25	17	6.04	5.84	7.38	6.93	6.83	0.00	0.00	0.00	0.00	0.00	LOS_A	1	0.00	0.00
1	10800-14400	91-260: Hopkins Rd@38.0-427: Hopkins Rd@14.4	260	427	537	493	1	18	12	3.98	4.15	0.07	3.07	2.21	0.00	0.00	0.00	0.00	0.00	LOS_A	1	0.00	0.00
1	10800-14400	91-426: Hopkins Rd@77.5-43: Hopkins Rd@14.4	426	43	770	715	1	22	17	1.59	1.61	2.38	1.60	1.58	0.00	0.00	0.00	0.00	0.00	LOS_A	1	0.00	0.00
1	10800-14400	91			1540	1398	3	65	46	3.09	3.08	3.28	4.06	3.69	0.00	0.00	0.00	0.00	0.00	LOS_A	1	0.00	0.00
1	10800-14400	92-107@313.1-8: Western Fwy@5.3	107	8	347	288	1	33	25	1.02	0.97	1.64	1.24	1.30	0.00	0.00	0.00	0.00	0.00	LOS_A	1	0.00	0.00
1	10800-14400	92-194: Western Fwy@609.6-8: Western Fwy@5.3	194	8	1188	1076	12	61	39	0.64	0.65	0.66	0.57	0.66	0.00	0.00	0.00	0.00	0.00	LOS_A	1	0.00	0.00
1	10800-14400	92			1535	1364	13	94	64	0.73	0.72	0.73	0.80	0.91	0.00	0.00	0.00	0.00	0.00	LOS_A	1	0.00	0.00
1	10800-14400	93-224: Western Fwy@24.6-149@12.9	224	149	217	209	0	6	2	4.90	4.81		7.21	7.85	0.00	0.00		0.00	0.00	LOS_A	1	0.00	0.00
1	10800-14400	93-224: Western Fwy@24.6-196: Western Fwy@9.8	224	196	2059	1983	10	45	21	2.06	2.05	3.01	2.06	2.12	0.00	0.00	0.00	0.00	0.00	LOS_A	1	0.00	0.00
1	10800-14400	93			2276	2192	10	51	23	2.33	2.31	3.01	2.67	2.62	0.00	0.00	0.00	0.00	0.00	LOS_A	1	0.00	0.00
1	10800-14400	94-949: Western Fwy@23.3-136@6.8	949	136	377	342	0	19	16	0.62	0.64		0.22	0.61	0.00	0.00		0.00	0.00	LOS_A	1	0.00	0.00
1	10800-14400	94-949: Western Fwy@23.3-389: Western Fwy  Deer Park Byp@4.2	949	389	1159	1023	13	75	48	0.76	0.81	0.57	0.39	0.44	0.00	0.00	0.00	0.00	0.00	LOS_A	1	0.00	0.00
1	10800-14400	94			1536	1365	13	94	64	0.73	0.77	0.57	0.35	0.48	0.00	0.00	0.00	0.00	0.00	LOS_A	1	0.00	0.00
1	10800-14400	95-952: Western Hwy@80.5-1039: Western Fwy@10.4	952	1039	954	927	1	15	11	45.21	45.25	23.01	40.73	50.05	2.55	2.54	0.00	2.72	3.51	LOS_E	5	77.25	504.70
1	10800-14400	95-1038: Western Fwy  Deer Park Byp@73.0-1039: Western Fwy@10.4	1038	1039	1322	1265	9	36	12	59.60	59.41	64.08	60.37	74.15	3.66	3.65	3.66	3.60	5.78	LOS_F	6	178.22	514.67
1	10800-14400	95			2276	2192	10	51	23	53.57	53.42	59.98	54.59	62.62	3.20	3.18	3.29	3.34	4.69	LOS_F	6	127.74	514.67
1	10800-14400	96-125@88.9-147: Western Fwy  Deer Park Byp@16.2	125	147	420	378	0	31	11	3.32	3.23		4.07	4.41	0.00	0.00		0.00	0.00	LOS_A	1	0.00	0.00
1	10800-14400	96-389: Western Fwy  Deer Park Byp@1708.1-147: Western Fwy  Deer Park Byp@16.2	389	147	1159	1023	13	75	48	0.67	0.70	0.60	0.39	0.43	0.00	0.00	0.00	0.00	0.00	LOS_A	1	0.00	0.00
1	10800-14400	96			1579	1401	13	106	59	1.37	1.38	0.60	1.47	1.17	0.00	0.00	0.00	0.00	0.00	LOS_A	1	0.00	0.00
1	10800-14400	97-240: Western Fwy  Deer Park Byp@38.1-126@16.7	240	126	337	317	0	18	2	4.78	4.71		5.80	7.81	0.05	0.05		0.00	0.00	LOS_A	1	0.82	118.73
1	10800-14400	97-240: Western Fwy  Deer Park Byp@38.1-189: Western Fwy  Deer Park Byp@17.7	240	189	1322	1265	9	36	12	3.24	3.29	1.14	2.54	1.40	0.10	0.11	0.00	0.00	0.00	LOS_A	1	0.82	118.73
1	10800-14400	97			1659	1582	9	54	14	3.55	3.58	1.14	3.62	2.31	0.09	0.09	0.00	0.00	0.00	LOS_A	1	0.82	118.73
1	10800-14400	98-91: Ballarat Rd  Western Hwy@67.3-362: Ballarat Rd  Western Hwy@13.4	91	362	342	317	0	11	14	0.58	0.58		0.53	0.52	0.00	0.00		0.00	0.00	LOS_A	1	0.00	0.00
1	10800-14400	98-92: Ballarat Rd  Western Hwy@8.7-362: Ballarat Rd  Western Hwy@13.4	92	362	0	0	0	0	0											LOS_A		0.00	0.00
1	10800-14400	98			342	317	0	11	14	0.58	0.58		0.53	0.52	0.00	0.00		0.00	0.00	LOS_A	1	0.00	0.00
1	10800-14400	99-209: Ballarat Rd  Western Hwy@46.4-1: Ballarat Rd  Western Hwy@6.6	209	1	342	317	0	11	14	0.32	0.33		0.22	0.21	0.00	0.00		0.00	0.00	LOS_A	1	0.00	0.00
1	10800-14400	99-209: Ballarat Rd  Western Hwy@46.4-2: Ballarat Rd  Western Hwy@6.5	209	2	0	0	0	0	0											LOS_A		0.00	0.00
1	10800-14400	99			342	317	0	11	14	0.32	0.33		0.22	0.21	0.00	0.00		0.00	0.00	LOS_A	1	0.00	0.00
1	10800-14400	100-1141@18.3-1143@28.5	1141	1143	0	0	0	0	0											LOS_A		0.00	0.00
1	10800-14400	100-1141@18.3-1147@16.5	1141	1147	181	179	0	1	1	0.82	0.83		0.05	0.07	0.00	0.00		0.00	0.00	LOS_A	1	0.00	0.00
1	10800-14400	100-1141@18.3-1152@26.0	1141	1152	142	138	0	4	0	0.63	0.64		0.01		0.00	0.00		0.00		LOS_A	1	0.00	0.00
1	10800-14400	100-1141@18.3-1158@25.0	1141	1158	305	304	0	1	0	0.59	0.59		0.00		0.00	0.00		0.00		LOS_A	1	0.00	0.00
1	10800-14400	100-1146: High Street WA@382.0-1143@28.5	1146	1143	137	137	0	0	0	0.36	0.36				0.00	0.00				LOS_A	1	0.00	0.00
1	10800-14400	100-1146: High Street WA@382.0-1147@16.5	1146	1147	0	0	0	0	0											LOS_A		0.00	0.00
1	10800-14400	100-1146: High Street WA@382.0-1152@26.0	1146	1152	202	196	0	3	3	0.36	0.37		0.00	0.05	0.00	0.00		0.00	0.00	LOS_A	1	0.00	0.00
1	10800-14400	100-1146: High Street WA@382.0-1158@25.0	1146	1158	96	93	0	2	1	0.41	0.42		0.00	0.16	0.00	0.00		0.00	0.00	LOS_A	1	0.00	0.00
1	10800-14400	100-1159: Bulmans Rd NA@120.5-1143@28.5	1159	1143	249	244	0	2	3	0.21	0.21		0.52	0.18	0.00	0.00		0.00	0.00	LOS_A	1	0.00	0.00
1	10800-14400	100-1159: Bulmans Rd NA@120.5-1147@16.5	1159	1147	19	15	0	2	2	0.14	0.17		0.05	0.00	0.00	0.00		0.00	0.00	LOS_A	1	0.00	0.00
1	10800-14400	100-1159: Bulmans Rd NA@120.5-1152@26.0	1159	1152	107	107	0	0	0	0.19	0.19				0.00	0.00				LOS_A	1	0.00	0.00
1	10800-14400	100-1159: Bulmans Rd NA@120.5-1158@25.0	1159	1158	0	0	0	0	0											LOS_A		0.00	0.00
1	10800-14400	100-1234@184.1-1143@28.5	1234	1143	203	198	0	2	3	1.08	1.10		0.77	0.40	0.00	0.00		0.00	0.00	LOS_A	1	0.00	0.00
1	10800-14400	100-1234@184.1-1147@16.5	1234	1147	165	156	0	5	4	1.00	1.02		0.44	0.93	0.00	0.00		0.00	0.00	LOS_A	1	0.00	0.00
1	10800-14400	100-1234@184.1-1152@26.0	1234	1152	0	0	0	0	0											LOS_A		0.00	0.00
1	10800-14400	100-1234@184.1-1158@25.0	1234	1158	86	86	0	0	0	0.79	0.79				0.00	0.00				LOS_A	1	0.00	0.00
1	10800-14400	100			1892	1853	0	22	17	0.59	0.59		0.23	0.34	0.00	0.00		0.00	0.00	LOS_A	1	0.00	0.00
1	10800-14400	101-1144@12.5-1140@37.3	1144	1140	0	0	0	0	0											LOS_A		0.00	0.00
1	10800-14400	101-1144@12.5-1168@28.2	1144	1168	26	26	0	0	0	0.68	0.68				0.00	0.00				LOS_A	1	0.00	0.00
1	10800-14400	101-1144@12.5-1170@29.6	1144	1170	307	303	0	1	3	0.73	0.74		0.20	0.07	0.00	0.00		0.00	0.00	LOS_A	1	0.00	0.00
1	10800-14400	101-1144@12.5-1171@32.9	1144	1171	256	250	0	3	3	0.65	0.66		0.73	0.11	0.00	0.00		0.00	0.00	LOS_A	1	0.00	0.00
1	10800-14400	101-1167: Botanica Spring Blvd WA@141.4-1140@37.3	1167	1140	25	25	0	0	0	0.22	0.22				0.00	0.00				LOS_A	1	0.00	0.00
1	10800-14400	101-1167: Botanica Spring Blvd WA@141.4-1168@28.2	1167	1168	0	0	0	0	0											LOS_A		0.00	0.00
1	10800-14400	101-1167: Botanica Spring Blvd WA@141.4-1170@29.6	1167	1170	22	22	0	0	0	0.04	0.04				0.00	0.00				LOS_A	1	0.00	0.00
1	10800-14400	101-1167: Botanica Spring Blvd WA@141.4-1171@32.9	1167	1171	28	28	0	0	0	0.06	0.06				0.00	0.00				LOS_A	1	0.00	0.00
1	10800-14400	101-1169: Clarkes Rd SA@143.9-1140@37.3	1169	1140	158	156	0	1	1	0.34	0.34		0.02	0.00	0.00	0.00		0.00	0.00	LOS_A	1	0.00	0.00
1	10800-14400	101-1169: Clarkes Rd SA@143.9-1168@28.2	1169	1168	17	17	0	0	0	0.01	0.01				0.00	0.00				LOS_A	1	0.00	0.00
1	10800-14400	101-1169: Clarkes Rd SA@143.9-1170@29.6	1169	1170	0	0	0	0	0											LOS_A		0.00	0.00
1	10800-14400	101-1169: Clarkes Rd SA@143.9-1171@32.9	1169	1171	15	15	0	0	0	0.20	0.20				0.00	0.00				LOS_A	1	0.00	0.00
1	10800-14400	101-1172: Botanica Spring Blvd EA@137.6-1140@37.3	1172	1140	445	440	0	5	0	0.32	0.32		0.08		0.00	0.00		0.00		LOS_A	1	0.00	0.00
1	10800-14400	101-1172: Botanica Spring Blvd EA@137.6-1168@28.2	1172	1168	64	64	0	0	0	0.20	0.20				0.00	0.00				LOS_A	1	0.00	0.00
1	10800-14400	101-1172: Botanica Spring Blvd EA@137.6-1170@29.6	1172	1170	56	56	0	0	0	0.15	0.15				0.00	0.00				LOS_A	1	0.00	0.00
1	10800-14400	101-1172: Botanica Spring Blvd EA@137.6-1171@32.9	1172	1171	0	0	0	0	0											LOS_A		0.00	0.00
1	10800-14400	101			1419	1402	0	10	7	0.45	0.45		0.28	0.07	0.00	0.00		0.00	0.00	LOS_A	1	0.00	0.00
1	10800-14400	102-1150@427.1-1155@20.3	1150	1155	55	55	0	0	0	0.42	0.42				0.00	0.00				LOS_A	1	0.00	0.00
1	10800-14400	102-1150@427.1-1156@9.2	1150	1156	243	234	0	5	4	0.36	0.37		0.00	0.25	0.00	0.00		0.00	0.00	LOS_A	1	0.00	0.00
1	10800-14400	102-1154@88.9-1153@11.3	1154	1153	251	247	0	2	2	2.10	2.13		0.00	0.30	0.00	0.00		0.00	0.00	LOS_A	1	0.00	0.00
1	10800-14400	102-1154@88.9-1155@20.3	1154	1155	136	130	0	5	1	4.43	4.38		5.42	6.58	0.00	0.00		0.00	0.00	LOS_A	1	0.00	0.00
1	10800-14400	102-1157: Harkness Rd NA@97.7-1153@11.3	1157	1153	28	28	0	0	0	0.08	0.08				0.00	0.00				LOS_A	1	0.00	0.00
1	10800-14400	102-1157: Harkness Rd NA@97.7-1156@9.2	1157	1156	127	122	0	2	3	0.06	0.06		0.00	0.00	0.00	0.00		0.00	0.00	LOS_A	1	0.00	0.00
1	10800-14400	102			840	816	0	14	10	1.49	1.49		1.94	0.82	0.00	0.00		0.00	0.00	LOS_A	1	0.00	0.00
1	10800-14400	103			0	0	0	0	0											LOS_A			
1	10800-14400	104			0	0	0	0	0											LOS_A			
1	10800-14400	105			0	0	0	0	0											LOS_A			
1	10800-14400	106			0	0	0	0	0											LOS_A			
1	10800-14400	107			0	0	0	0	0											LOS_A			
1	10800-14400	108			0	0	0	0	0											LOS_A			
1	10800-14400	109			0	0	0	0	0											LOS_A			
1	10800-14400	113			0	0	0	0	0											LOS_A			
1	10800-14400	114-1081: Coburns Rd SA@150.5-1125@21.0	1081	1125	341	297	2	3	8	3.05	1.78	1.48	2.38	0.25	0.03	0.01	0.00	0.00	0.00	LOS_A	1	0.00	0.00
1	10800-14400	114-1081: Coburns Rd SA@150.5-1128@12.2	1081	1128	174	164	0	5	5	6.38	6.26		6.50	9.95	0.04	0.01		0.00	1.09	LOS_A	1	0.00	0.00
1	10800-14400	114-1129@3.3-1130@26.0	1129	1130	328	319	0	5	4	6.72	6.63		8.83	10.79	0.00	0.00		0.00	0.00	LOS_A	1	0.00	0.00
1	10800-14400	114-1132@5.3-1125@21.0	1132	1125	231	231	0	0	0	0.60	0.60				0.00	0.00				LOS_A	1	0.00	0.00
1	10800-14400	114-1240: Western Fwy@6.0-1128@12.2	1240	1128	170	163	0	4	3	2.13	2.15		1.49	2.31	0.01	0.01		0.00	0.00	LOS_A	1	0.00	0.00
1	10800-14400	114-1240: Western Fwy@6.0-1130@26.0	1240	1130	324	281	0	6	6	0.69	0.66		1.45	1.85	0.00	0.00		0.00	0.00	LOS_A	1	0.00	0.00
1	10800-14400	114			1568	1455	2	23	26	3.24	2.99	1.48	4.28	4.34	0.01	0.01	0.00	0.00	0.21	LOS_A	1	0.00	0.00
1	10800-14400	115-1092: Western Fwy@41.4-1091@18.2	1092	1091	267	253	0	5	9	3.81	3.74		4.72	5.41	0.00	0.00		0.00	0.00	LOS_A	1	0.00	0.00
1	10800-14400	115-1092: Western Fwy@41.4-1093: Western Fwy@20.0	1092	1093	756	677	9	44	26	1.87	1.96	1.25	1.15	1.11	0.00	0.00	0.00	0.00	0.00	LOS_A	1	0.00	0.00
1	10800-14400	115			1023	930	9	49	35	2.38	2.44	1.25	1.52	2.22	0.00	0.00	0.00	0.00	0.00	LOS_A	1	0.00	0.00
1	10800-14400	116-1134: Western Fwy@853.1-1137: Western Fwy@29.6	1134	1137	1178	1125	9	27	17	0.38	0.35	0.97	0.77	0.92	0.00	0.00	0.00	0.00	0.00	LOS_A	1	0.00	0.00
1	10800-14400	116-1139@39.2-1137: Western Fwy@29.6	1139	1137	344	327	0	9	8	1.17	1.12		2.62	1.84	0.00	0.00		0.00	0.00	LOS_A	1	0.00	0.00
1	10800-14400	116			1522	1452	9	36	25	0.56	0.53	0.97	1.23	1.21	0.00	0.00	0.00	0.00	0.00	LOS_A	1	0.00	0.00
1	10800-14400	117-1093: Western Fwy@887.1-1118: Western Fwy@20.0	1093	1118	756	677	9	44	26	0.73	0.77	1.01	0.28	0.38	0.00	0.00	0.00	0.00	0.00	LOS_A	1	0.00	0.00
1	10800-14400	117-1117@115.1-1118: Western Fwy@20.0	1117	1118	524	501	2	12	9	1.08	1.08	1.70	0.90	1.44	0.00	0.00	0.00	0.00	0.00	LOS_A	1	0.00	0.00
1	10800-14400	117			1280	1178	11	56	35	0.87	0.90	1.13	0.41	0.65	0.00	0.00	0.00	0.00	0.00	LOS_A	1	0.00	0.00
1	10800-14400	118-1135: Western Fwy@35.7-1134: Western Fwy@6.5	1135	1134	1177	1124	9	27	17	1.74	1.72	1.20	1.92	2.45	0.00	0.00	0.00	0.00	0.00	LOS_A	1	0.00	0.00
1	10800-14400	118-1135: Western Fwy@35.7-1136: Western Fwy@4.3	1135	1136	559	550	0	5	4	4.68	4.66		5.72	6.15	0.00	0.00		0.00	0.00	LOS_A	1	0.00	0.00
1	10800-14400	118			1736	1674	9	32	21	2.68	2.69	1.20	2.51	3.15	0.00	0.00	0.00	0.00	0.00	LOS_A	1	0.00	0.00
1	10800-14400	119-1090@228.7-1098@20.0	1090	1098	111	103	0	3	5	0.91	0.73		2.99	3.48	0.00	0.00		0.00	0.00	LOS_A	1	0.00	0.00
1	10800-14400	119-1090@228.7-1100@8.0	1090	1100	156	150	0	2	4	4.33	4.17		6.82	8.97	0.00	0.00		0.00	0.00	LOS_A	1	0.00	0.00
1	10800-14400	119-1114@10.9-1098@20.0	1114	1098	383	341	0	7	4	0.81	0.90		0.35	0.09	0.00	0.00		0.00	0.00	LOS_A	1	0.00	0.00
1	10800-14400	119-1114@10.9-1116@15.9	1114	1116	319	308	0	9	2	4.10	4.09		4.53	4.65	0.00	0.00		0.00	0.00	LOS_A	1	0.03	23.81
1	10800-14400	119-1237@6.9-1100@8.0	1237	1100	367	335	0	0	1	2.33	2.46			0.00	0.04	0.05			0.00	LOS_A	1	0.00	0.00
1	10800-14400	119-1237@6.9-1116@15.9	1237	1116	205	193	2	3	7	5.72	5.61	8.13	6.98	7.47	0.00	0.00	0.00	0.00	0.00	LOS_A	1	0.00	0.00
1	10800-14400	119			1541	1430	2	24	23	2.87	2.92	8.13	3.61	5.01	0.01	0.01	0.00	0.00	0.00	LOS_A	1	0.01	23.81
1	10800-14400	120-1100@12.7-1099@27.3	1100	1099	338	300	0	2	5	1.47	1.21		2.46	2.55	0.02	0.02		0.00	0.00	LOS_A	1	0.00	0.00
1	10800-14400	120-1100@12.7-1103@19.5	1100	1103	134	134	0	0	0	3.96	3.96				0.34	0.34				LOS_A	1	0.17	14.43
1	10800-14400	120-1100@12.7-1107@21.1	1100	1107	51	51	0	0	0	3.43	3.43				0.00	0.00				LOS_A	1	0.00	0.00
1	10800-14400	120-1106@32.8-1099@27.3	1106	1099	0	0	0	0	0											LOS_A		0.00	0.00
1	10800-14400	120-1106@32.8-1103@19.5	1106	1103	0	0	0	0	0											LOS_A		0.00	0.00
1	10800-14400	120-1106@32.8-1112@5.6	1106	1112	392	380	0	9	3	1.48	1.44		3.15	1.98	0.00	0.00		0.00	0.00	LOS_A	1	0.00	0.00
1	10800-14400	120-1184@12.8-1184@46.5	1184	1184	3	3	0	0	0	0.00	0.00				0.00	0.00				LOS_A	1	0.00	0.00
1	10800-14400	120-1186@9.2-1186@61.3	1186	1186	1	0	0	0	0	0.00					0.00					LOS_A	1	0.02	14.83
1	10800-14400	120-1189@5.6-1189@50.7	1189	1189	3	0	0	0	0	0.00					0.00					LOS_A	1	0.04	20.27
1	10800-14400	120-1190@11.3-1190@56.8	1190	1190	8	0	0	0	0	0.00					0.00					LOS_A	1	0.10	15.47
1	10800-14400	120-1191@12.4-1191@46.2	1191	1191	3	3	0	0	0	0.00	0.00				0.00	0.00				LOS_A	1	0.00	0.00
1	10800-14400	120-1192@6.0-1192@58.2	1192	1192	0	0	0	0	0											LOS_A		0.00	0.00
1	10800-14400	120-1193@13.6-1193@42.6	1193	1193	0	0	0	0	0											LOS_A		0.00	0.00
1	10800-14400	120-1194@0.7-1194@34.7	1194	1194	0	0	0	0	0											LOS_A		0.00	0.00
1	10800-14400	120-1236@14.1-1103@19.5	1236	1103	0	0	0	0	0											LOS_A		0.00	0.00
1	10800-14400	120-1236@14.1-1107@21.1	1236	1107	0	0	0	0	0											LOS_A		0.00	0.00
1	10800-14400	120-1236@14.1-1112@5.6	1236	1112	311	269	0	7	3	1.26	1.44		0.65	0.00	0.01	0.02		0.00	0.00	LOS_A	1	0.00	0.00
1	10800-14400	120-1239@4.2-1099@27.3	1239	1099	0	0	0	0	0											LOS_A		0.00	0.00
1	10800-14400	120-1239@4.2-1107@21.1	1239	1107	0	0	0	0	0											LOS_A		0.00	0.00
1	10800-14400	120-1239@4.2-11576@36.8	1239	11576	0	0	0	0	0											LOS_A		0.00	0.00
1	10800-14400	120			1244	1140	0	18	11	1.75	1.75		2.10	1.70	0.05	0.05		0.00	0.00	LOS_A	1	0.03	20.27
1	10800-14400	121			0	0	0	0	0											LOS_A			
1	10800-14400	122			0	0	0	0	0											LOS_A			
1	10800-14400	123			0	0	0	0	0											LOS_A			
1	10800-14400	124-1123: Kamil St EA@88.6-1122@4.7	1123	1122	5	5	0	0	0	0.00	0.00				0.00	0.00				LOS_A	1	0.00	0.00
1	10800-14400	124-271468@25.6-1122@4.7	271468	1122	635	583	0	11	10	2.22	1.56		2.47	2.33	0.02	0.02		0.00	0.00	LOS_A	1	4.76	37.00
1	10800-14400	124-271468@25.6-1180@8.5	271468	1180	17	17	0	0	0	4.04	4.04				0.00	0.00				LOS_A	1	4.76	37.00
1	10800-14400	124			657	605	0	11	10	2.25	1.62		2.47	2.33	0.02	0.02		0.00	0.00	LOS_A	1	2.38	37.00
1	10800-14400	125			0	0	0	0	0											LOS_A			
1	10800-14400	244-1156@962.0-1223@12.7	1156	1223	0	0	0	0	0											LOS_A		0.00	0.00
1	10800-14400	244-1156@962.0-1224@15.7	1156	1224	370	356	0	7	7	0.49	0.50		0.13	0.20	0.00	0.00		0.00	0.00	LOS_A	1	0.00	0.00
1	10800-14400	244-1221: One school Melton SA@50.0-1224@15.7	1221	1224	0	0	0	0	0											LOS_A		0.00	0.00
1	10800-14400	244-1221: One school Melton SA@50.0-1225@11.6	1221	1225	0	0	0	0	0											LOS_A		0.00	0.00
1	10800-14400	244-1227@99.3-1223@12.7	1227	1223	0	0	0	0	0											LOS_A		0.00	0.00
1	10800-14400	244-1227@99.3-1225@11.6	1227	1225	387	377	0	7	3	0.31	0.32		0.00	0.07	0.00	0.00		0.00	0.00	LOS_A	1	0.00	0.00
1	10800-14400	244			757	733	0	14	10	0.40	0.41		0.07	0.16	0.00	0.00		0.00	0.00	LOS_A	1	0.00	0.00
1	10800-14400	245			0	0	0	0	0											LOS_A			
1	10800-14400	246-1224@100.1-1229@17.2	1224	1229	37	37	0	0	0	0.19	0.19				0.00	0.00				LOS_A	1	0.00	0.00
1	10800-14400	246-1224@100.1-1230@17.9	1224	1230	333	319	0	7	7	0.53	0.54		0.17	0.28	0.00	0.00		0.00	0.00	LOS_A	1	0.00	0.00
1	10800-14400	246-1228: Gleneagles Dr NA@93.7-1227@14.9	1228	1227	28	28	0	0	0	0.05	0.05				0.00	0.00				LOS_A	1	0.00	0.00
1	10800-14400	246-1228: Gleneagles Dr NA@93.7-1230@17.9	1228	1230	103	103	0	0	0	0.07	0.07				0.00	0.00				LOS_A	1	0.00	0.00
1	10800-14400	246-1235@217.9-1227@14.9	1235	1227	359	349	0	7	3	0.35	0.36		0.00	0.04	0.00	0.00		0.00	0.00	LOS_A	1	0.00	0.00
1	10800-14400	246-1235@217.9-1229@17.2	1235	1229	69	69	0	0	0	0.32	0.32				0.00	0.00				LOS_A	1	0.00	0.00
1	10800-14400	246			929	905	0	14	10	0.37	0.37		0.09	0.20	0.00	0.00		0.00	0.00	LOS_A	1	0.00	0.00
1	10800-14400	247			0	0	0	0	0											LOS_A			
1	10800-14400	248-1152@193.7-1233@16.5	1152	1233	24	24	0	0	0	0.42	0.42				0.00	0.00				LOS_A	1	0.00	0.00
1	10800-14400	248-1152@193.7-1235@13.8	1152	1235	427	417	0	7	3	0.40	0.41		0.01	0.02	0.00	0.00		0.00	0.00	LOS_A	1	0.00	0.00
1	10800-14400	248-1230@222.2-1233@16.5	1230	1233	8	8	0	0	0	0.59	0.59				0.00	0.00				LOS_A	1	0.00	0.00
1	10800-14400	248-1230@222.2-1234@16.0	1230	1234	428	414	0	7	7	0.64	0.65		0.36	0.52	0.00	0.00		0.00	0.00	LOS_A	1	0.00	0.00
1	10800-14400	248-1232: John Batman Dr NA@78.7-1234@16.0	1232	1234	26	26	0	0	0	0.02	0.02				0.00	0.00				LOS_A	1	0.00	0.00
1	10800-14400	248-1232: John Batman Dr NA@78.7-1235@13.8	1232	1235	1	1	0	0	0	0.00	0.00				0.00	0.00				LOS_A	1	0.00	0.00
1	10800-14400	248			914	890	0	14	10	0.50	0.51		0.18	0.37	0.00	0.00		0.00	0.00	LOS_A	1	0.00	0.00
1	10800-14400	249			0	0	0	0	0											LOS_A			
1	10800-14400	298			0	0	0	0	0											LOS_A			
1	10800-14400	299			0	0	0	0	0											LOS_A			
1	10800-14400	312-2419@3.3-24810@22.1	2419	24810	419	374	0	36	9	37.42	36.83		46.17	26.75	4.33	4.33		4.59	3.27	LOS_E	5	4.83	86.08
1	10800-14400	312-2420@4.1-2422@13.2	2420	2422	422	384	1	29	8	1.17	1.18	0.00	1.14	0.73	0.00	0.00	0.00	0.00	0.00	LOS_A	1	0.00	0.00
1	10800-14400	312-2475@44.5-2391@3.4	2475	2391	231	187	6	28	10	1.38	1.07	4.59	2.18	3.04	0.00	0.00	0.00	0.00	0.00	LOS_A	1	0.00	0.00
1	10800-14400	312-2475@44.5-2422@13.2	2475	2422	38	36	0	1	1	9.24	9.02		12.79	13.42	0.00	0.00		0.00	0.00	LOS_A	1	0.00	0.00
1	10800-14400	312-2527@16.1-2391@3.4	2527	2391	222	215	0	5	2	1.84	1.83		2.51	1.63	0.00	0.00		0.00	0.00	LOS_A	1	0.00	0.00
1	10800-14400	312-2527@16.1-24810@22.1	2527	24810	123	116	1	4	2	21.03	20.70	9.94	24.87	37.70	3.25	3.11	0.00	3.02	13.20	LOS_C	3	0.00	0.00
1	10800-14400	312			1455	1312	8	103	32	13.63	13.37	4.68	18.26	11.54	1.52	1.51	0.00	1.72	1.74	LOS_B	2	0.80	86.08
1	10800-14400	313-2394@59.8-2414@34.7	2394	2414	368	352	0	15	1	4.51	4.44		6.03	6.69	0.00	0.00		0.00	0.00	LOS_A	1	0.00	0.00
1	10800-14400	313-2394@59.8-2418@36.3	2394	2418	149	142	0	5	2	2.72	2.72		2.85	2.56	0.00	0.00		0.00	0.00	LOS_A	1	0.00	0.00
1	10800-14400	313-2401@29.1-2389@16.1	2401	2389	411	396	3	8	4	5.63	5.59	6.41	7.68	4.94	0.12	0.13	0.00	0.06	0.00	LOS_A	1	0.12	16.41
1	10800-14400	313-2401@29.1-2418@36.3	2401	2418	692	616	1	60	15	1.32	1.28	0.00	1.64	1.46	0.00	0.00	0.00	0.00	0.00	LOS_A	1	0.00	0.00
1	10800-14400	313-2416@14.9-2389@16.1	2416	2389	33	27	0	4	2	2.57	2.54		2.65	2.77	0.00	0.00		0.00	0.00	LOS_A	1	0.00	0.00
1	10800-14400	313-2416@14.9-2414@34.7	2416	2414	420	375	6	29	10	1.14	1.08	3.25	1.23	1.93	0.00	0.00	0.00	0.00	0.00	LOS_A	1	0.00	0.00
1	10800-14400	313			2073	1908	10	121	34	2.82	2.84	3.87	2.57	2.31	0.02	0.03	0.00	0.00	0.00	LOS_A	1	0.02	16.41
1	10800-14400	314-2403: Middle Rd WA@220.3-2402@17.0	2403	2402	43	42	0	1	0	0.94	0.92		1.91		0.00	0.00		0.00		LOS_A	1	0.00	0.00
1	10800-14400	314-2403: Middle Rd WA@220.3-2424@24.2	2403	2424	14	14	0	0	0	0.03	0.03				0.00	0.00				LOS_A	1	0.00	0.00
1	10800-14400	314-2409@18.3-2410@13.9	2409	2410	69	69	0	0	0	4.57	4.57				0.00	0.00				LOS_A	1	0.00	0.00
1	10800-14400	314-2409@18.3-2424@24.2	2409	2424	719	658	6	44	11	1.21	1.03	5.00	2.80	4.03	0.00	0.00	0.00	0.00	0.00	LOS_A	1	0.00	0.00
1	10800-14400	314-2413@40.6-2402@17.0	2413	2402	1060	970	4	67	19	1.00	0.98	0.80	1.29	1.15	0.05	0.06	0.00	0.00	0.00	LOS_A	1	0.00	0.00
1	10800-14400	314-2413@40.6-2410@13.9	2413	2410	29	29	0	0	0	1.17	1.17				0.00	0.00				LOS_A	1	0.42	36.93
1	10800-14400	314-2517@5.7-2517@54.4	2517	2517	0	0	0	0	0											LOS_A		0.00	0.00
1	10800-14400	314			1934	1782	10	112	30	1.20	1.13	3.32	1.89	2.21	0.03	0.03	0.00	0.00	0.00	LOS_A	1	0.07	36.93
1	10800-14400	315-2424@32.6-2426@30.8	2424	2426	688	650	3	30	5	0.36	0.33	1.37	0.79	0.68	0.00	0.00	0.00	0.00	0.00	LOS_A	1	0.00	0.00
1	10800-14400	315-2424@32.6-2434@37.0	2424	2434	8	8	0	0	0	2.51	2.51				0.00	0.00				LOS_A	1	0.00	0.00
1	10800-14400	315-2424@32.6-2439@33.6	2424	2439	37	14	3	14	6	4.89	3.99	6.25	5.19	5.64	0.00	0.00	0.00	0.00	0.00	LOS_A	1	0.00	0.00
1	10800-14400	315-2430@18.6-2413@31.6	2430	2413	96	75	0	16	5	4.47	4.04		5.99	5.97	0.00	0.00		0.00	0.00	LOS_A	1	0.00	0.00
1	10800-14400	315-2430@18.6-2426@30.8	2430	2426	24	23	0	1	0	1.15	1.13		1.45		0.00	0.00		0.00		LOS_A	1	0.00	0.00
1	10800-14400	315-2430@18.6-2439@33.6	2430	2439	4	4	0	0	0	3.76	3.76				0.00	0.00				LOS_A	1	0.00	0.00
1	10800-14400	315-2438@12.4-2413@31.6	2438	2413	74	38	0	30	6	1.07	1.63		0.54	0.15	0.00	0.00		0.00	0.00	LOS_A	1	0.00	0.00
1	10800-14400	315-2438@12.4-2426@30.8	2438	2426	0	0	0	0	0											LOS_A		0.00	0.00
1	10800-14400	315-2438@12.4-2434@37.0	2438	2434	30	28	0	2	0	5.48	5.36		7.13		0.00	0.00		0.00		LOS_A	1	0.00	0.00
1	10800-14400	315-2442@2.5-2413@31.6	2442	2413	920	887	4	21	8	0.28	0.29	0.00	0.17	0.11	0.11	0.12	0.00	0.00	0.00	LOS_A	1	0.00	0.00
1	10800-14400	315-2442@2.5-2434@37.0	2442	2434	0	0	0	0	0											LOS_A		0.00	0.00
1	10800-14400	315-2442@2.5-2439@33.6	2442	2439	6	6	0	0	0	1.54	1.54				0.00	0.00				LOS_A	1	0.00	0.00
1	10800-14400	315			1887	1733	10	114	30	0.76	0.64	2.29	2.00	2.30	0.06	0.06	0.00	0.00	0.00	LOS_A	1	0.00	0.00
1	10800-14400	316			0	0	0	0	0											LOS_A			
1	10800-14400	317			0	0	0	0	0											LOS_A			
1	10800-14400	318			0	0	0	0	0											LOS_A			
1	10800-14400	319			0	0	0	0	0											LOS_A			
1	10800-14400	320			0	0	0	0	0											LOS_A			
1	10800-14400	322-2388@109.5-2387: Western Fwy  Deer Park Byp@24.8	2388	2387	444	423	3	12	6	0.77	0.76	1.19	0.88	0.90	0.00	0.00	0.00	0.00	0.00	LOS_A	1	0.00	0.00
1	10800-14400	322-2397: Western Fwy  Deer Park Byp@856.0-2387: Western Fwy  Deer Park Byp@24.8	2397	2387	1215	1159	6	42	8	0.64	0.61	1.84	1.09	0.48	0.00	0.00	0.00	0.00	0.00	LOS_A	1	0.00	0.00
1	10800-14400	322			1659	1582	9	54	14	0.67	0.65	1.62	1.04	0.66	0.00	0.00	0.00	0.00	0.00	LOS_A	1	0.00	0.00
1	10800-14400	323-2479: Western Fwy  Deer Park Byp@45.2-2477@22.4	2479	2477	269	223	6	29	11	3.70	3.47	5.30	4.54	5.33	0.02	0.02	0.00	0.00	0.12	LOS_A	1	0.15	67.37
1	10800-14400	323-2479: Western Fwy  Deer Park Byp@45.2-2478: Western Fwy  Deer Park Byp@23.8	2479	2478	1310	1178	7	77	48	1.36	1.39	0.68	1.33	0.80	0.00	0.00	0.00	0.00	0.00	LOS_A	1	0.15	67.37
1	10800-14400	323			1579	1401	13	106	59	1.76	1.72	2.81	2.21	1.64	0.01	0.01	0.00	0.00	0.02	LOS_A	1	0.15	67.37
1	10800-14400	324-2478: Western Fwy  Deer Park Byp@815.7-2483: Western Fwy  Deer Park Byp@32.3	2478	2483	1310	1178	7	77	48	3.94	4.04	1.92	3.60	2.53	0.09	0.10	0.00	0.00	0.02	LOS_A	1	0.18	38.80
1	10800-14400	324-2485@71.7-2483: Western Fwy  Deer Park Byp@32.3	2485	2483	541	489	1	40	11	4.76	4.68	7.32	5.47	5.59	0.00	0.00	0.00	0.00	0.00	LOS_A	1	0.00	0.00
1	10800-14400	324			1851	1667	8	117	59	4.18	4.22	2.59	4.24	3.10	0.06	0.07	0.00	0.00	0.02	LOS_A	1	0.09	38.80
1	10800-14400	325-2398: Western Fwy  Deer Park Byp@30.6-2385@22.8	2398	2385	517	494	0	20	3	4.74	4.69		5.59	6.29	0.04	0.05		0.00	0.00	LOS_A	1	0.37	71.25
1	10800-14400	325-2398: Western Fwy  Deer Park Byp@30.6-2397: Western Fwy  Deer Park Byp@22.6	2398	2397	1215	1159	6	42	8	1.72	1.76	0.88	0.90	0.80	0.10	0.11	0.00	0.00	0.00	LOS_A	1	0.37	71.25
1	10800-14400	325			1732	1653	6	62	11	2.62	2.63	0.88	2.41	2.30	0.08	0.09	0.00	0.00	0.00	LOS_A	1	0.37	71.25
1	10800-14400	326-2502: Western Fwy  Deer Park Byp EA@2131.3-2513: Western Fwy  Deer Park Byp@18.8	2502	2513	1041	992	2	40	7	0.41	0.41	0.27	0.26	0.21	0.00	0.00	0.00	0.00	0.00	LOS_A	1	0.00	0.00
1	10800-14400	326-2514: Western Fwy  Deer Park Byp@123.8-2513: Western Fwy  Deer Park Byp@18.8	2514	2513	691	661	4	22	4	3.14	3.16	3.38	2.69	2.16	0.00	0.00	0.00	0.00	0.00	LOS_A	1	0.00	0.00
1	10800-14400	326			1732	1653	6	62	11	1.50	1.51	2.35	1.13	0.92	0.00	0.00	0.00	0.00	0.00	LOS_A	1	0.00	0.00
1	10800-14400	327-2505: Western Fwy  Deer Park Byp@33.7-2506: Western Fwy  Deer Park Byp@21.2	2505	2506	1068	962	7	65	34	1.28	1.31	1.10	1.09	0.74	0.01	0.01	0.00	0.00	0.00	LOS_A	1	0.00	0.00
1	10800-14400	327-2505: Western Fwy  Deer Park Byp@33.7-2508: Western Fwy  Deer Park Byp@13.2	2505	2508	784	706	1	52	25	4.26	4.12	7.54	4.90	6.92	0.05	0.01	0.00	0.00	1.25	LOS_A	1	0.00	0.00
1	10800-14400	327			1852	1668	8	117	59	2.54	2.50	1.90	2.78	3.36	0.02	0.01	0.00	0.00	0.53	LOS_A	1	0.00	0.00
1	10800-14400	338			0	0	0	0	0											LOS_A			
1	14400-18000	43-28: Troups Rd N@6.9-13: Western Hwy@23.8	28	13	120	113	0	4	3	0.30	0.28		0.76	0.48	0.00	0.00		0.00	0.00	LOS_A	1	0.00	0.00
1	14400-18000	43-609: Western Hwy@95.9-13: Western Hwy@23.8	609	13	2067	1978	6	47	34	3.74	3.72	5.88	3.89	4.81	0.00	0.00	0.00	0.00	0.00	LOS_A	1	0.00	0.00
1	14400-18000	43-609: Western Hwy@95.9-27: Troups Rd N@5.6	609	27	420	415	0	2	3	4.93	4.91		7.02	6.50	0.00	0.00		0.00	0.00	LOS_A	1	0.00	0.00
1	14400-18000	43-944: Western Hwy@45.8-73: Western Hwy@23.3	944	73	1280	1189	7	50	32	0.72	0.75	0.65	0.27	0.54	0.00	0.00	0.00	0.00	0.00	LOS_A	1	0.00	0.00
1	14400-18000	43			3887	3695	13	103	72	2.77	2.79	3.07	2.07	2.80	0.00	0.00	0.00	0.00	0.00	LOS_A	1	0.00	0.00
1	14400-18000	44-15@3.2-243: Ferris Rd  Melton Hwy@24.7	15	243	327	300	0	13	12	1.13	0.94		2.53	4.08	0.13	0.14		0.00	0.00	LOS_A	1	0.00	0.00
1	14400-18000	44-421: Ferris Rd@65.5-20@13.7	421	20	79	79	0	0	0	4.04	4.04				0.16	0.16				LOS_A	1	0.00	0.00
1	14400-18000	44-421: Ferris Rd@65.5-243: Ferris Rd  Melton Hwy@24.7	421	243	411	403	0	4	2	0.88	0.88		0.96	0.23	0.03	0.03		0.00	0.00	LOS_A	1	0.00	0.00
1	14400-18000	44-682@3.6-420: Ferris Rd@19.2	682	420	73	72	0	0	1	0.75	0.76			0.00	0.00	0.00			0.00	LOS_A	1	0.00	0.00
1	14400-18000	44-10393@15.0-19@37.7	10393	19	151	150	0	0	1	3.16	3.15			4.67	0.00	0.00			0.00	LOS_A	1	0.00	0.00
1	14400-18000	44-10393@15.0-420: Ferris Rd@19.2	10393	420	451	437	0	7	5	1.63	1.64		1.60	1.69	0.00	0.00		0.00	0.00	LOS_A	1	0.00	0.00
1	14400-18000	44			1492	1441	0	24	21	1.55	1.53		2.00	2.98	0.04	0.05		0.00	0.00	LOS_A	1	0.00	0.00
1	14400-18000	45-680: Melton Hwy@89.9-95: Melton Hwy@34.6	680	95	505	484	0	12	9	0.42	0.39		1.06	1.28	0.00	0.00		0.00	0.00	LOS_A	1	0.00	0.00
1	14400-18000	45-680: Melton Hwy@89.9-363: Gateway Dr@6.2	680	363	0	0	0	0	0											LOS_A		0.00	0.00
1	14400-18000	45-680: Melton Hwy@89.9-500: Zone connector@15.5	680	500	55	55	0	0	0	3.29	3.29				0.00	0.00				LOS_A	1	0.00	0.00
1	14400-18000	45-271472: Melton Hwy@23.5-307: Melton Hwy@23.4	271472	307	371	366	0	2	3	0.33	0.33		0.00	0.00	0.00	0.00		0.00	0.00	LOS_A	1	0.00	0.00
1	14400-18000	45-271472: Melton Hwy@23.5-363: Gateway Dr@6.2	271472	363	0	0	0	0	0											LOS_A		0.00	0.00
1	14400-18000	45-271472: Melton Hwy@23.5-500: Zone connector@15.5	271472	500	38	38	0	0	0	8.74	8.74				0.00	0.00				LOS_A	1	0.00	0.00
1	14400-18000	45-271481: Gateway Dr@28.0-95: Melton Hwy@34.6	271481	95	0	0	0	0	0											LOS_A		0.00	0.00
1	14400-18000	45-271481: Gateway Dr@28.0-307: Melton Hwy@23.4	271481	307	6	6	0	0	0	2.55	2.55				0.00	0.00				LOS_A	1	0.00	0.00
1	14400-18000	45-271481: Gateway Dr@28.0-500: Zone connector@15.5	271481	500	0	0	0	0	0											LOS_A		0.00	0.00
1	14400-18000	45-271486: Zone connector@56.9-95: Melton Hwy@34.6	271486	95	61	61	0	0	0	0.25	0.25				0.00	0.00				LOS_A	1	0.00	0.00
1	14400-18000	45-271486: Zone connector@56.9-307: Melton Hwy@23.4	271486	307	58	57	0	1	0	1.24	1.21		3.09		0.00	0.00		0.00		LOS_A	1	0.00	0.00
1	14400-18000	45-271486: Zone connector@56.9-363: Gateway Dr@6.2	271486	363	0	0	0	0	0											LOS_A		0.00	0.00
1	14400-18000	45			1094	1067	0	15	12	0.87	0.86		1.05	0.96	0.00	0.00		0.00	0.00	LOS_A	1	0.00	0.00
1	14400-18000	46-12: Hopkins Rd@68.9-44: Hopkins Rd@23.1	12	44	691	621	5	30	22	1.75	1.80	1.20	1.51	1.36	0.00	0.00	0.00	0.00	0.00	LOS_A	1	0.00	0.00
1	14400-18000	46-12: Hopkins Rd@68.9-104@37.0	12	104	140	132	0	3	5	0.73	0.75		0.64	0.20	0.00	0.00		0.00	0.00	LOS_A	1	0.00	0.00
1	14400-18000	46-12: Hopkins Rd@68.9-428@34.4	12	428	16	16	0	0	0	2.44	2.44				0.10	0.10				LOS_A	1	0.00	0.00
1	14400-18000	46-12: Hopkins Rd@68.9-1243: Hopkins Rd@4.3	12	1243	0	0	0	0	0											LOS_A		0.00	0.00
1	14400-18000	46-255: Hopkins Rd@17.0-44: Hopkins Rd@23.1	255	44	0	0	0	0	0											LOS_A		0.00	0.00
1	14400-18000	46-255: Hopkins Rd@17.0-104@37.0	255	104	180	173	0	1	4	1.48	1.49		0.85	1.47	0.00	0.00		0.00	0.00	LOS_A	1	0.00	0.00
1	14400-18000	46-255: Hopkins Rd@17.0-428@34.4	255	428	10	10	0	0	0	4.29	4.29				0.00	0.00				LOS_A	1	0.00	0.00
1	14400-18000	46-255: Hopkins Rd@17.0-1243: Hopkins Rd@4.3	255	1243	584	545	3	14	9	1.37	1.32	3.66	2.20	1.77	0.00	0.00	0.00	0.00	0.00	LOS_A	1	0.00	0.00
1	14400-18000	46-257@11.2-44: Hopkins Rd@23.1	257	44	38	36	0	2	0	1.11	1.01		2.98		0.00	0.00		0.00		LOS_A	1	0.00	0.00
1	14400-18000	46-257@11.2-104@37.0	257	104	0	0	0	0	0											LOS_A		0.00	0.00
1	14400-18000	46-257@11.2-428@34.4	257	428	0	0	0	0	0											LOS_A		0.00	0.00
1	14400-18000	46-257@11.2-1243: Hopkins Rd@4.3	257	1243	199	192	0	5	2	0.89	0.78		3.85	3.17	0.00	0.00		0.00	0.00	LOS_A	1	0.00	0.00
1	14400-18000	46-429: 7-Eleven NA@91.6-44: Hopkins Rd@23.1	429	44	48	48	0	0	0	1.01	1.01				0.00	0.00				LOS_A	1	0.00	0.00
1	14400-18000	46-429: 7-Eleven NA@91.6-104@37.0	429	104	20	20	0	0	0	0.23	0.23				0.00	0.00				LOS_A	1	0.00	0.00
1	14400-18000	46-429: 7-Eleven NA@91.6-428@34.4	429	428	0	0	0	0	0											LOS_A		0.00	0.00
1	14400-18000	46-429: 7-Eleven NA@91.6-1243: Hopkins Rd@4.3	429	1243	15	15	0	0	0	0.13	0.13				0.00	0.00				LOS_A	1	0.00	0.00
1	14400-18000	46			1941	1808	8	55	42	1.41	1.39	2.12	1.89	1.41	0.00	0.00	0.00	0.00	0.00	LOS_A	1	0.00	0.00
1	14400-18000	47-4: Caroline Springs Blvd@6.8-212: Caroline Springs Blvd@4.6	4	212	440	400	1	12	11	2.03	1.37	1.32	1.20	1.43	0.00	0.00	0.00	0.00	0.00	LOS_A	1	0.00	0.00
1	14400-18000	47-4: Caroline Springs Blvd@6.8-446@6.0	4	446	1	1	0	0	0	0.04	0.04				0.00	0.00				LOS_A	1	0.00	0.00
1	14400-18000	47-447: Caroline Spring Blvd NA@32.5-212: Caroline Springs Blvd@4.6	447	212	0	0	0	0	0											LOS_A		0.00	0.00
1	14400-18000	47-887: Caroline Springs Blvd@16.4-212: Caroline Springs Blvd@4.6	887	212	45	41	0	2	2	6.53	6.35		7.30	9.48	0.00	0.00		0.00	0.00	LOS_A	1	0.00	0.00
1	14400-18000	47-887: Caroline Springs Blvd@16.4-448@12.1	887	448	897	851	0	16	14	1.12	1.09		1.12	1.43	0.01	0.01		0.00	0.00	LOS_A	1	0.00	0.00
1	14400-18000	47			1383	1293	1	30	27	1.59	1.35	1.32	1.56	2.03	0.01	0.01	0.00	0.00	0.00	LOS_A	1	0.00	0.00
1	14400-18000	48-271519: Meskos Rd@47.0-12: Hopkins Rd@26.0	271519	12	80	70	1	2	0	1.07	0.70	2.20	2.48		0.00	0.00	0.00	0.00		LOS_A	1	0.00	0.00
1	14400-18000	48-271519: Meskos Rd@47.0-55: Hopkins Rd@15.4	271519	55	31	31	0	0	0	0.16	0.16				0.00	0.00				LOS_A	1	0.00	0.00
1	14400-18000	48-271519: Meskos Rd@47.0-82: Sheahan Rd@36.7	271519	82	1	1	0	0	0	0.00	0.00				0.00	0.00				LOS_A	1	0.00	0.00
1	14400-18000	48-271522: Hopkins Rd@23.9-55: Hopkins Rd@15.4	271522	55	711	686	1	11	7	0.82	0.83	0.99	1.00	0.67	0.02	0.02	0.00	0.00	0.00	LOS_A	1	0.00	0.00
1	14400-18000	48-271522: Hopkins Rd@23.9-66: Meskos Rd@27.7	271522	66	62	48	0	4	3	5.87	5.76		6.80	6.58	0.20	0.26		0.00	0.00	LOS_A	1	0.00	0.00
1	14400-18000	48-271522: Hopkins Rd@23.9-82: Sheahan Rd@36.7	271522	82	25	18	2	4	1	4.62	4.08	7.27	5.71	4.62	0.00	0.00	0.00	0.00	0.00	LOS_A	1	0.00	0.00
1	14400-18000	48-271526: Sheahan Rd@62.5-12: Hopkins Rd@26.0	271526	12	42	39	0	2	1	0.03	0.04		0.01	0.00	0.00	0.00		0.00	0.00	LOS_A	1	0.00	0.00
1	14400-18000	48-271526: Sheahan Rd@62.5-55: Hopkins Rd@15.4	271526	55	29	29	0	0	0	0.03	0.03				0.00	0.00				LOS_A	1	0.00	0.00
1	14400-18000	48-271526: Sheahan Rd@62.5-66: Meskos Rd@27.7	271526	66	0	0	0	0	0											LOS_A		0.00	0.00
1	14400-18000	48-271531: Hopkins Rd@5.3-12: Hopkins Rd@26.0	271531	12	726	661	4	29	26	1.12	1.17	0.35	0.68	0.69	0.00	0.00	0.00	0.00	0.00	LOS_A	1	0.18	41.38
1	14400-18000	48-271531: Hopkins Rd@5.3-66: Meskos Rd@27.7	271531	66	22	17	1	2	2	11.49	10.89	14.48	12.11	14.46	0.00	0.00	0.00	0.00	0.00	LOS_B	2	0.18	41.38
1	14400-18000	48-271531: Hopkins Rd@5.3-82: Sheahan Rd@36.7	271531	82	9	7	0	0	2	5.63	6.03			4.24	0.00	0.00			0.00	LOS_A	1	0.18	41.38
1	14400-18000	48-271556@6.9-271556@52.0	271556	271556	8	0	0	0	0	0.00					0.00					LOS_A	1	0.16	17.29
1	14400-18000	48-271558@2.8-271558@48.4	271558	271558	7	0	0	0	0	0.00					0.00					LOS_A	1	0.20	18.99
1	14400-18000	48-271560@6.3-271560@50.2	271560	271560	5	0	0	0	0	0.00					0.00					LOS_A	1	0.07	18.55
1	14400-18000	48-271566@22.9-271566@62.3	271566	271566	7	0	0	0	0	0.00					0.00					LOS_A	1	0.26	28.72
1	14400-18000	48			1765	1607	9	54	42	1.29	1.23	3.73	2.03	2.01	0.01	0.02	0.00	0.00	0.00	LOS_A	1	0.11	41.38
1	14400-18000	49-351: Delma Rd@85.2-352: Eucumbene Dr@37.8	351	352	0	0	0	0	0											LOS_A		0.00	0.00
1	14400-18000	49-351: Delma Rd@85.2-506: Zone connector@80.7	351	506	0	0	0	0	0											LOS_A		0.00	0.00
1	14400-18000	49-353: Eucumbene Dr@275.9-350: Delma Rd@23.2	353	350	0	0	0	0	0											LOS_A		0.00	0.00
1	14400-18000	49-353: Eucumbene Dr@275.9-506: Zone connector@80.7	353	506	50	50	0	0	0	1.03	1.03				0.00	0.00				LOS_A	1	0.00	0.00
1	14400-18000	49-505: Eucumbene Dr SA@77.8-350: Delma Rd@23.2	505	350	99	95	0	2	2	0.02	0.02		0.00	0.01	0.00	0.00		0.00	0.00	LOS_A	1	0.00	0.00
1	14400-18000	49-505: Eucumbene Dr SA@77.8-352: Eucumbene Dr@37.8	505	352	7	7	0	0	0	0.00	0.00				0.00	0.00				LOS_A	1	0.00	0.00
1	14400-18000	49			156	152	0	2	2	0.34	0.35		0.00	0.01	0.00	0.00		0.00	0.00	LOS_A	1	0.00	0.00
1	14400-18000	50-115: Western Hwy@22.9-209: Ballarat Rd  Western Hwy@28.7	115	209	210	205	0	2	3	0.32	0.32		0.24	0.43	0.00	0.00		0.00	0.00	LOS_A	1	0.00	0.00
1	14400-18000	50-115: Western Hwy@22.9-283: Christies Rd@7.9	115	283	23	23	0	0	0	5.67	5.67				0.00	0.00				LOS_A	1	0.00	0.00
1	14400-18000	50-461: Ballarat Rd  Western Hwy@7.1-114: Western Hwy@17.3	461	114	852	820	0	18	14	1.33	1.34		1.01	1.43	0.00	0.00		0.00	0.00	LOS_A	1	0.00	0.00
1	14400-18000	50-461: Ballarat Rd  Western Hwy@7.1-215: Caroline Springs Blvd@5.8	461	215	344	339	0	3	2	3.03	3.00		5.16	5.76	0.00	0.00		0.00	0.00	LOS_A	1	0.00	0.00
1	14400-18000	50-648: Christies Rd@37.8-114: Western Hwy@17.3	648	114	42	40	0	1	1	1.88	1.86		3.06	1.71	0.00	0.00		0.00	0.00	LOS_A	1	0.00	0.00
1	14400-18000	50-648: Christies Rd@37.8-209: Ballarat Rd  Western Hwy@28.7	648	209	42	38	0	2	2	8.86	8.52		11.95	12.34	0.00	0.00		0.00	0.00	LOS_A	1	0.00	0.00
1	14400-18000	50-648: Christies Rd@37.8-215: Caroline Springs Blvd@5.8	648	215	449	419	0	7	7	1.93	1.95		3.04	1.58	0.00	0.00		0.00	0.00	LOS_A	1	0.00	0.00
1	14400-18000	50-649@8.2-283: Christies Rd@7.9	649	283	101	91	0	7	3	1.52	1.38		2.90	2.59	0.00	0.00		0.00	0.00	LOS_A	1	0.00	0.00
1	14400-18000	50-651@22.8-215: Caroline Springs Blvd@5.8	651	215	149	134	0	8	7	1.51	1.39		1.60	3.67	0.00	0.00		0.00	0.00	LOS_A	1	0.00	0.00
1	14400-18000	50-652: Caroline Springs Blvd@21.4-114: Western Hwy@17.3	652	114	86	79	1	4	2	7.29	7.22	8.50	7.92	8.46	0.02	0.03	0.00	0.00	0.00	LOS_A	1	0.00	0.00
1	14400-18000	50-652: Caroline Springs Blvd@21.4-209: Ballarat Rd  Western Hwy@28.7	652	209	91	85	0	3	3	8.85	8.83		9.10	9.06	0.00	0.00		0.00	0.00	LOS_A	1	0.03	22.88
1	14400-18000	50-652: Caroline Springs Blvd@21.4-283: Christies Rd@7.9	652	283	308	277	0	7	8	1.51	1.38		1.09	1.01	0.00	0.00		0.00	0.00	LOS_A	1	0.00	0.00
1	14400-18000	50			2697	2550	1	62	52	2.21	2.17	8.50	2.94	3.00	0.00	0.00	0.00	0.00	0.00	LOS_A	1	0.00	22.88
1	14400-18000	51-7: Ballarat Rd  Western Hwy@16.6-10: Ballarat Rd  Western Hwy@18.5	7	10	44	42	0	2	0	0.22	0.23		0.00		0.00	0.00		0.00		LOS_A	1	0.00	0.00
1	14400-18000	51-7: Ballarat Rd  Western Hwy@16.6-385: Chisholm Dr@11.7	7	385	26	26	0	0	0	1.70	1.70				0.00	0.00				LOS_A	1	0.00	0.00
1	14400-18000	51-7: Ballarat Rd  Western Hwy@16.6-670: Ballarat Rd  Western Hwy@1.4	7	670	61	61	0	0	0	3.74	3.74				0.00	0.00				LOS_A	1	0.00	0.00
1	14400-18000	51-7: Ballarat Rd  Western Hwy@16.6-671: Panamax Rd@7.5	7	671	0	0	0	0	0											LOS_A		0.00	0.00
1	14400-18000	51-347: Panamax Rd@4.8-10: Ballarat Rd  Western Hwy@18.5	347	10	238	233	0	3	2	1.36	1.38		1.09	0.02	0.02	0.02		0.00	0.00	LOS_A	1	0.00	0.00
1	14400-18000	51-347: Panamax Rd@4.8-385: Chisholm Dr@11.7	347	385	60	60	0	0	0	5.52	5.52				0.00	0.00				LOS_A	1	0.00	0.00
1	14400-18000	51-347: Panamax Rd@4.8-670: Ballarat Rd  Western Hwy@1.4	347	670	181	176	0	4	1	6.90	6.84		8.95	7.95	0.04	0.04		0.00	0.00	LOS_A	1	0.07	23.91
1	14400-18000	51-360: Ballarat Rd  Western Hwy@55.2-10: Ballarat Rd  Western Hwy@18.5	360	10	243	229	0	7	7	0.48	0.42		1.14	1.72	0.00	0.00		0.00	0.00	LOS_A	1	0.00	0.00
1	14400-18000	51-360: Ballarat Rd  Western Hwy@55.2-385: Chisholm Dr@11.7	360	385	34	34	0	0	0	5.14	5.14				0.00	0.00				LOS_A	1	0.00	0.00
1	14400-18000	51-360: Ballarat Rd  Western Hwy@55.2-671: Panamax Rd@7.5	360	671	66	65	0	0	1	4.06	4.04			5.47	0.00	0.00			0.00	LOS_A	1	0.00	0.00
1	14400-18000	51-673: Chisholm Dr@12.9-10: Ballarat Rd  Western Hwy@18.5	673	10	52	52	0	0	0	0.39	0.39				0.00	0.00				LOS_A	1	0.00	0.00
1	14400-18000	51-673: Chisholm Dr@12.9-670: Ballarat Rd  Western Hwy@1.4	673	670	17	17	0	0	0	7.75	7.75				1.49	1.49				LOS_A	1	0.00	0.00
1	14400-18000	51-673: Chisholm Dr@12.9-671: Panamax Rd@7.5	673	671	42	42	0	0	0	21.09	21.09				6.01	6.01				LOS_C	3	0.00	0.00
1	14400-18000	51-885: Ballarat Rd  Western Hwy@6.9-10: Ballarat Rd  Western Hwy@18.5	885	10	0	0	0	0	0											LOS_A		0.00	0.00
1	14400-18000	51-885: Ballarat Rd  Western Hwy@6.9-385: Chisholm Dr@11.7	885	385	128	126	0	1	1	4.47	4.48		3.20	3.29	0.04	0.04		0.00	0.00	LOS_A	1	0.00	0.00
1	14400-18000	51-885: Ballarat Rd  Western Hwy@6.9-670: Ballarat Rd  Western Hwy@1.4	885	670	939	901	0	22	16	4.85	4.89		5.07	1.96	0.81	0.85		0.16	0.00	LOS_A	1	0.00	0.00
1	14400-18000	51-885: Ballarat Rd  Western Hwy@6.9-671: Panamax Rd@7.5	885	671	175	167	0	4	4	7.43	7.24		8.90	13.84	0.50	0.48		0.00	1.69	LOS_A	1	0.00	0.00
1	14400-18000	51			2306	2231	0	43	32	4.43	4.43		4.59	3.61	0.50	0.51		0.08	0.21	LOS_A	1	0.01	23.91
1	14400-18000	52-198: Melton Hwy@69.6-182@11.5	198	182	133	124	0	4	3	6.28	6.18		7.49	7.95	0.20	0.21		0.00	0.00	LOS_A	1	0.08	28.70
1	14400-18000	52-198: Melton Hwy@69.6-308: Ferris Rd  Melton Hwy@20.5	198	308	602	587	0	7	6	4.30	4.35		2.98	2.83	0.08	0.08		0.00	0.00	LOS_A	1	0.08	28.70
1	14400-18000	52-339@366.5-200: Melton Hwy@21.7	339	200	330	318	0	8	4	1.33	1.30		1.70	2.86	0.00	0.00		0.00	0.00	LOS_A	1	0.00	0.00
1	14400-18000	52-339@366.5-308: Ferris Rd  Melton Hwy@20.5	339	308	0	0	0	0	0											LOS_A		0.00	0.00
1	14400-18000	52-956: Ferris Rd  Melton Hwy@55.3-182@11.5	956	182	168	160	0	5	3	3.96	3.91		4.75	5.34	0.00	0.00		0.00	0.00	LOS_A	1	0.00	0.00
1	14400-18000	52-956: Ferris Rd  Melton Hwy@55.3-200: Melton Hwy@21.7	956	200	570	543	0	12	11	2.42	2.40		2.81	3.26	0.00	0.00		0.00	0.00	LOS_A	1	0.00	0.00
1	14400-18000	52			1803	1732	0	36	27	3.28	3.27		3.39	3.86	0.04	0.04		0.00	0.00	LOS_A	1	0.02	28.70
1	14400-18000	53-899: Melton Hwy@13.5-199: Melton Hwy@15.7	899	199	129	124	0	3	2	3.87	3.84		2.54	8.03	0.12	0.13		0.00	0.00	LOS_A	1	0.35	53.37
1	14400-18000	53-899: Melton Hwy@13.5-301: High St@21.5	899	301	36	36	0	0	0	5.34	5.34				1.09	1.09				LOS_A	1	0.35	53.37
1	14400-18000	53-899: Melton Hwy@13.5-305: Melton Hwy@15.2	899	305	472	451	0	12	9	2.44	2.46		1.78	2.09	0.03	0.03		0.00	0.00	LOS_A	1	0.35	53.37
1	14400-18000	53-899: Melton Hwy@13.5-376: High St@36.1	899	376	263	250	0	5	4	6.85	6.54		14.81	15.24	0.40	0.29		5.50	1.59	LOS_A	1	0.35	53.37
1	14400-18000	53-900: High St@7.7-199: Melton Hwy@15.7	900	199	186	173	0	5	4	0.25	0.22		0.10	0.14	0.00	0.00		0.00	0.00	LOS_A	1	0.00	0.00
1	14400-18000	53-900: High St@7.7-301: High St@21.5	900	301	28	28	0	0	0	0.08	0.08				0.00	0.00				LOS_A	1	0.00	0.00
1	14400-18000	53-900: High St@7.7-305: Melton Hwy@15.2	900	305	79	79	0	0	0	5.25	5.25				0.00	0.00				LOS_A	1	0.00	0.00
1	14400-18000	53-900: High St@7.7-376: High St@36.1	900	376	0	0	0	0	0											LOS_A		0.00	0.00
1	14400-18000	53-901: Melton Hwy@7.6-199: Melton Hwy@15.7	901	199	392	386	0	3	3	0.84	0.85		0.35	0.11	0.00	0.00		0.00	0.00	LOS_A	1	0.00	0.00
1	14400-18000	53-901: Melton Hwy@7.6-301: High St@21.5	901	301	7	7	0	0	0	0.57	0.57				0.00	0.00				LOS_A	1	0.00	0.00
1	14400-18000	53-901: Melton Hwy@7.6-305: Melton Hwy@15.2	901	305	0	0	0	0	0											LOS_A		0.00	0.00
1	14400-18000	53-901: Melton Hwy@7.6-376: High St@36.1	901	376	36	36	0	0	0	0.65	0.65				0.00	0.00				LOS_A	1	0.00	0.00
1	14400-18000	53-1241: High St@3.1-199: Melton Hwy@15.7	1241	199	28	28	0	0	0	0.30	0.30				0.00	0.00				LOS_A	1	0.00	0.00
1	14400-18000	53-1241: High St@3.1-301: High St@21.5	1241	301	0	0	0	0	0											LOS_A		0.00	0.00
1	14400-18000	53-1241: High St@3.1-305: Melton Hwy@15.2	1241	305	9	9	0	0	0	0.48	0.48				0.00	0.00				LOS_A	1	0.00	0.00
1	14400-18000	53-1241: High St@3.1-376: High St@36.1	1241	376	19	19	0	0	0	0.19	0.19				0.00	0.00				LOS_A	1	0.00	0.00
1	14400-18000	53			1684	1626	0	28	22	2.66	2.61		3.74	4.39	0.10	0.09		0.98	0.29	LOS_A	1	0.09	53.37
1	14400-18000	54-526: Ferris Rd@22.5-310@35.3	526	310	14	14	0	0	0	6.47	6.47				0.00	0.00				LOS_A	1	0.00	0.00
1	14400-18000	54-526: Ferris Rd@22.5-421: Ferris Rd@15.4	526	421	0	0	0	0	0											LOS_A		0.00	0.00
1	14400-18000	54-526: Ferris Rd@22.5-525: Ferris Rd@18.9	526	525	510	495	0	7	6	0.44	0.43		0.64	0.56	0.00	0.00		0.00	0.00	LOS_A	1	0.00	0.00
1	14400-18000	54-527: Zone connector@58.2-310@35.3	527	310	0	0	0	0	0											LOS_A		0.00	0.00
1	14400-18000	54-527: Zone connector@58.2-421: Ferris Rd@15.4	527	421	482	474	0	4	2	0.18	0.17		0.08	0.17	0.00	0.00		0.00	0.00	LOS_A	1	0.00	0.00
1	14400-18000	54-528@5.7-421: Ferris Rd@15.4	528	421	8	8	0	0	0	4.63	4.63				0.00	0.00				LOS_A	1	0.00	0.00
1	14400-18000	54-528@5.7-525: Ferris Rd@18.9	528	525	2	2	0	0	0	0.04	0.04				0.00	0.00				LOS_A	1	0.00	0.00
1	14400-18000	54			1016	993	0	11	8	0.43	0.43		0.44	0.46	0.00	0.00		0.00	0.00	LOS_A	1	0.00	0.00
1	14400-18000	55-68: Mount Cottrell Rd SA@390.9-320: Western Fwy@25.9	68	320	128	121	0	3	4	0.12	0.13		0.00	0.00	0.00	0.00		0.00	0.00	LOS_A	1	0.00	0.00
1	14400-18000	55-942: Western Hwy@75.8-69: Mount Cottrell Rd@25.4	942	69	396	367	0	18	11	3.65	3.50		5.64	5.06	0.01	0.00		0.18	0.00	LOS_A	1	0.00	0.00
1	14400-18000	55-942: Western Hwy@75.8-320: Western Fwy@25.9	942	320	1719	1638	6	43	30	3.05	3.06	2.58	3.25	2.64	0.00	0.00	0.00	0.00	0.00	LOS_A	1	0.00	0.00
1	14400-18000	55			2243	2126	6	64	45	2.99	2.97	2.58	3.77	3.00	0.00	0.00	0.00	0.05	0.00	LOS_A	1	0.00	0.00
1	14400-18000	56-24: Paynes Rd SA@384.9-537: Western Hwy@24.0	24	537	119	110	0	7	2	0.14	0.15		0.10	0.07	0.00	0.00		0.00	0.00	LOS_A	1	0.00	0.00
1	14400-18000	56-536: Western Hwy@83.6-23: Paynes Rd@34.1	536	23	262	261	0	0	1	6.85	6.83			12.65	0.00	0.00			0.00	LOS_A	1	0.00	0.00
1	14400-18000	56-536: Western Hwy@83.6-537: Western Hwy@24.0	536	537	1996	1895	6	54	39	5.26	5.23	6.41	6.07	5.55	0.00	0.00	0.00	0.00	0.00	LOS_A	1	0.00	0.00
1	14400-18000	56			2377	2266	6	61	42	5.18	5.17	6.41	5.38	5.45	0.00	0.00	0.00	0.00	0.00	LOS_A	1	0.00	0.00
1	14400-18000	57-169: Western Hwy@71.3-168: Western Hwy@12.5	169	168	1231	1139	7	51	32	0.56	0.58	0.43	0.31	0.26	0.00	0.00	0.00	0.00	0.00	LOS_A	1	0.00	0.00
1	14400-18000	57-511: Western Freeway service Rd SA@97.7-172: Western Hwy@0.2	511	172	0	0	0	0	0											LOS_A		0.00	0.00
1	14400-18000	57-936: Western Hwy@71.3-172: Western Hwy@0.2	936	172	2258	2156	6	54	40	0.74	0.72	3.28	1.12	1.24	0.00	0.00	0.00	0.00	0.00	LOS_A	1	0.00	0.00
1	14400-18000	57-936: Western Hwy@71.3-512: Zone connector@4.0	936	512	0	0	0	0	0											LOS_A		0.00	0.00
1	14400-18000	57			3489	3295	13	105	72	0.68	0.67	1.75	0.73	0.80	0.00	0.00	0.00	0.00	0.00	LOS_A	1	0.00	0.00
1	14400-18000	58-436@136.8-271: Leakes Rd@61.4	436	271	59	55	0	3	1	2.17	1.87		5.84	7.94	0.00	0.00		0.00	0.00	LOS_A	1	0.00	0.00
1	14400-18000	58-436@136.8-437: Leakes Rd@45.3	436	437	48	46	0	1	1	0.97	0.92		1.59	2.55	0.00	0.00		0.00	0.00	LOS_A	1	0.00	0.00
1	14400-18000	58-600: Leakes Rd@6.4-273@26.5	600	273	141	136	0	3	2	5.83	5.75		7.26	8.67	0.00	0.00		0.00	0.00	LOS_A	1	0.00	0.00
1	14400-18000	58-600: Leakes Rd@6.4-437: Leakes Rd@45.3	600	437	228	207	0	2	3	1.91	1.96		0.28	1.42	0.00	0.00		0.00	0.00	LOS_A	1	0.00	0.00
1	14400-18000	58-1263: Leakes Rd@41.8-271: Leakes Rd@61.4	1263	271	200	178	0	2	4	0.42	0.44		0.00	0.77	0.00	0.00		0.00	0.00	LOS_A	1	0.00	0.00
1	14400-18000	58-1263: Leakes Rd@41.8-273@26.5	1263	273	14	14	0	0	0	1.50	1.50				0.00	0.00				LOS_A	1	0.00	0.00
1	14400-18000	58			690	636	0	11	11	2.23	2.25		3.77	3.20	0.00	0.00		0.00	0.00	LOS_A	1	0.00	0.00
1	14400-18000	59-271: Leakes Rd@243.4-602: Leakes Rd@8.6	271	602	259	233	0	5	5	0.68	0.65		1.35	1.35	0.00	0.00		0.00	0.00	LOS_A	1	0.00	0.00
1	14400-18000	59-443: Woodlea Blvd EA@92.7-270: Leakes Rd@21.8	443	270	6	6	0	0	0	1.18	1.18				0.00	0.00				LOS_A	1	0.00	0.00
1	14400-18000	59-443: Woodlea Blvd EA@92.7-442@13.5	443	442	0	0	0	0	0											LOS_A		0.00	0.00
1	14400-18000	59-605: Leakes Rd@48.1-270: Leakes Rd@21.8	605	270	363	337	0	5	5	1.77	0.92		0.48	0.90	0.00	0.00		0.00	0.00	LOS_A	1	0.00	0.00
1	14400-18000	59-605: Leakes Rd@48.1-442@13.5	605	442	25	25	0	0	0	0.91	0.91				0.00	0.00				LOS_A	1	0.00	0.00
1	14400-18000	59			653	601	0	10	10	1.30	0.82		0.91	1.12	0.00	0.00		0.00	0.00	LOS_A	1	0.00	0.00
1	14400-18000	60-938: Leakes Rd@68.7-398: Taylors Rd@37.8	938	398	221	195	0	5	5	3.66	2.53		4.19	4.60	0.00	0.00		0.00	0.00	LOS_A	1	0.00	0.00
1	14400-18000	60-938: Leakes Rd@68.7-400: Leakes Rd@62.1	938	400	30	30	0	0	0	0.16	0.16				0.00	0.00				LOS_A	1	0.00	0.00
1	14400-18000	60-938: Leakes Rd@68.7-402: Leakes Rd@53.8	938	402	0	0	0	0	0											LOS_A		0.00	0.00
1	14400-18000	60-938: Leakes Rd@68.7-271502: Taylors Rd@46.1	938	271502	8	8	0	0	0	3.21	3.21				0.00	0.00				LOS_A	1	0.00	0.00
1	14400-18000	60-271509: Taylors Rd@32.2-400: Leakes Rd@62.1	271509	400	72	72	0	0	0	1.16	1.16				0.00	0.00				LOS_A	1	0.00	0.00
1	14400-18000	60-271509: Taylors Rd@32.2-402: Leakes Rd@53.8	271509	402	136	118	0	1	1	4.14	3.57		5.60	5.15	0.00	0.00		0.00	0.00	LOS_A	1	0.00	0.00
1	14400-18000	60-271509: Taylors Rd@32.2-271502: Taylors Rd@46.1	271509	271502	94	94	0	0	0	0.24	0.24				0.00	0.00				LOS_A	1	0.00	0.00
1	14400-18000	60-271574: Taylors Rd@30.9-398: Taylors Rd@37.8	271574	398	19	19	0	0	0	0.15	0.15				0.00	0.00				LOS_A	1	0.00	0.00
1	14400-18000	60-271574: Taylors Rd@30.9-402: Leakes Rd@53.8	271574	402	17	17	0	0	0	0.40	0.40				0.00	0.00				LOS_A	1	0.00	0.00
1	14400-18000	60-271576: Taylors Rd@30.3-400: Leakes Rd@62.1	271576	400	25	25	0	0	0	10.64	10.64				0.00	0.00				LOS_B	2	0.00	0.00
1	14400-18000	60-271581: Leakes Rd@28.6-398: Taylors Rd@37.8	271581	398	94	93	0	0	1	0.56	0.56			0.29	0.00	0.00			0.00	LOS_A	1	0.00	0.00
1	14400-18000	60-271581: Leakes Rd@28.6-402: Leakes Rd@53.8	271581	402	235	227	0	4	4	0.68	0.70		0.18	0.26	0.00	0.00		0.00	0.00	LOS_A	1	0.00	0.00
1	14400-18000	60-271581: Leakes Rd@28.6-271502: Taylors Rd@46.1	271581	271502	44	42	0	1	1	4.04	4.03		4.90	3.70	0.00	0.00		0.00	0.00	LOS_A	1	0.00	0.00
1	14400-18000	60			995	940	0	11	12	2.19	1.81		2.92	2.76	0.00	0.00		0.00	0.00	LOS_A	1	0.00	0.00
1	14400-18000	61-540@22.7-435: Leakes Rd@19.5	540	435	31	31	0	0	0	0.50	0.50				0.00	0.00				LOS_A	1	0.00	0.00
1	14400-18000	61-540@22.7-438: Leakes Rd@14.4	540	438	60	60	0	0	0	0.53	0.53				0.00	0.00				LOS_A	1	0.00	0.00
1	14400-18000	61-863: Leakes Rd@86.5-265@27.3	863	265	120	117	0	1	2	4.03	4.00		4.47	5.80	0.00	0.00		0.00	0.00	LOS_A	1	0.00	0.00
1	14400-18000	61-863: Leakes Rd@86.5-435: Leakes Rd@19.5	863	435	156	136	0	2	2	0.93	1.05		0.26	0.13	0.00	0.00		0.00	0.00	LOS_A	1	0.00	0.00
1	14400-18000	61-941: Leakes Rd@8.5-265@27.3	941	265	45	42	0	2	1	6.65	6.52		8.31	8.85	0.00	0.00		0.00	0.00	LOS_A	1	0.00	0.00
1	14400-18000	61-941: Leakes Rd@8.5-438: Leakes Rd@14.4	941	438	154	132	0	2	4	1.09	1.06		0.00	2.76	0.00	0.00		0.00	0.00	LOS_A	1	0.00	0.00
1	14400-18000	61			566	518	0	7	9	2.02	2.07		3.09	3.53	0.00	0.00		0.00	0.00	LOS_A	1	0.00	0.00
1	14400-18000	62-267: Ian Cowie Way EA@65.6-264: Leakes Rd@15.6	267	264	0	0	0	0	0											LOS_A		0.00	0.00
1	14400-18000	62-267: Ian Cowie Way EA@65.6-434: Leakes Rd@14.9	267	434	19	19	0	0	0	0.03	0.03				0.00	0.00				LOS_A	1	0.00	0.00
1	14400-18000	62-267: Ian Cowie Way EA@65.6-271596@27.9	267	271596	0	0	0	0	0											LOS_A		0.00	0.00
1	14400-18000	62-538: Leakes Rd@42.7-264: Leakes Rd@15.6	538	264	159	139	0	2	2	0.94	0.95		0.17	0.08	0.00	0.00		0.00	0.00	LOS_A	1	0.00	0.00
1	14400-18000	62-538: Leakes Rd@42.7-268: Ian Cowie Way@17.3	538	268	28	28	0	0	0	5.79	5.79				0.00	0.00				LOS_A	1	0.00	0.00
1	14400-18000	62-538: Leakes Rd@42.7-271596@27.9	538	271596	0	0	0	0	0											LOS_A		0.00	0.00
1	14400-18000	62-864: Leakes Rd@42.2-268: Ian Cowie Way@17.3	864	268	0	0	0	0	0											LOS_A		0.00	0.00
1	14400-18000	62-864: Leakes Rd@42.2-434: Leakes Rd@14.9	864	434	180	155	0	4	5	0.20	0.21		0.17	0.12	0.00	0.00		0.00	0.00	LOS_A	1	0.00	0.00
1	14400-18000	62-864: Leakes Rd@42.2-271596@27.9	864	271596	14	0	0	0	0	0.02					0.00					LOS_A	1	0.00	0.00
1	14400-18000	62-271595: Ian Cowie Way WA@105.8-264: Leakes Rd@15.6	271595	264	14	0	0	0	0	1.80					0.00					LOS_A	1	0.00	0.00
1	14400-18000	62-271595: Ian Cowie Way WA@105.8-268: Ian Cowie Way@17.3	271595	268	0	0	0	0	0											LOS_A		0.00	0.00
1	14400-18000	62-271595: Ian Cowie Way WA@105.8-434: Leakes Rd@14.9	271595	434	0	0	0	0	0											LOS_A		0.00	0.00
1	14400-18000	62			414	341	0	6	7	0.90	0.96		0.17	0.11	0.00	0.00		0.00	0.00	LOS_A	1	0.00	0.00
1	14400-18000	63-374: Westcott Pde EA@100.7-263: Leakes Rd@9.1	374	263	59	29	0	0	0	0.00	0.01				0.00	0.00				LOS_A	1	0.00	0.00
1	14400-18000	63-374: Westcott Pde EA@100.7-372: Leakes Rd@14.9	374	372	0	0	0	0	0											LOS_A		0.00	0.00
1	14400-18000	63-542: Leakes Rd@34.5-372: Leakes Rd@14.9	542	372	141	137	0	2	2	1.18	1.22		0.12	0.06	0.00	0.00		0.00	0.00	LOS_A	1	0.00	0.00
1	14400-18000	63-542: Leakes Rd@34.5-375: Westcott Pde@26.6	542	375	32	2	0	0	0	9.29	9.46				0.00	0.00				LOS_A	1	0.00	0.00
1	14400-18000	63-543: Leakes Rd@6.7-263: Leakes Rd@9.1	543	263	135	126	0	4	5	0.08	0.08		0.00	0.04	0.00	0.00		0.00	0.00	LOS_A	1	0.00	0.00
1	14400-18000	63-543: Leakes Rd@6.7-375: Westcott Pde@26.6	543	375	0	0	0	0	0											LOS_A		0.00	0.00
1	14400-18000	63			367	294	0	6	7	1.29	0.67		0.04	0.04	0.00	0.00		0.00	0.00	LOS_A	1	0.00	0.00
1	14400-18000	64-484: Western Hwy SA@157.6-78: Western Hwy@14.0	484	78	0	0	0	0	0											LOS_A		0.00	0.00
1	14400-18000	64-484: Western Hwy SA@157.6-324: Western Hwy@20.9	484	324	0	0	0	0	0											LOS_A		0.00	0.00
1	14400-18000	64-943: Western Hwy@38.1-78: Western Hwy@14.0	943	78	1280	1189	7	50	32	0.62	0.63	1.07	0.42	0.68	0.00	0.00	0.00	0.00	0.00	LOS_A	1	0.00	0.00
1	14400-18000	64-943: Western Hwy@38.1-324: Western Hwy@20.9	943	324	0	0	0	0	0											LOS_A		0.00	0.00
1	14400-18000	64-943: Western Hwy@38.1-483@8.4	943	483	0	0	0	0	0											LOS_A		0.00	0.00
1	14400-18000	64-1265: Western Hwy@45.2-78: Western Hwy@14.0	1265	78	0	0	0	0	0											LOS_A		0.00	0.00
1	14400-18000	64-1265: Western Hwy@45.2-324: Western Hwy@20.9	1265	324	2188	2092	6	51	37	0.68	0.67	1.43	0.79	0.96	0.00	0.00	0.00	0.00	0.00	LOS_A	1	0.00	0.00
1	14400-18000	64-1265: Western Hwy@45.2-483@8.4	1265	483	0	0	0	0	0											LOS_A		0.00	0.00
1	14400-18000	64			3468	3281	13	101	69	0.66	0.66	1.24	0.61	0.83	0.00	0.00	0.00	0.00	0.00	LOS_A	1	0.00	0.00
1	14400-18000	65-27: Troups Rd N@8.8-29: Western Hwy@8.5	27	29	329	326	0	1	2	0.40	0.40		0.80	0.72	0.00	0.00		0.00	0.00	LOS_A	1	0.00	0.00
1	14400-18000	65-27: Troups Rd N@8.8-31: Troups Rd N@5.3	27	31	91	89	0	1	1	0.37	0.37		0.53	0.33	0.00	0.00		0.00	0.00	LOS_A	1	0.00	0.00
1	14400-18000	65-30: Western Hwy WA@242.6-28: Troups Rd N@3.2	30	28	120	113	0	4	3	0.07	0.07		0.14	0.02	0.00	0.00		0.00	0.00	LOS_A	1	0.00	0.00
1	14400-18000	65-30: Western Hwy WA@242.6-31: Troups Rd N@5.3	30	31	0	0	0	0	0											LOS_A		0.00	0.00
1	14400-18000	65-32: Troups Rd N SA@98.1-28: Troups Rd N@3.2	32	28	0	0	0	0	0											LOS_A		0.00	0.00
1	14400-18000	65-32: Troups Rd N SA@98.1-29: Western Hwy@8.5	32	29	0	0	0	0	0											LOS_A		0.00	0.00
1	14400-18000	65			540	528	0	6	6	0.32	0.32		0.31	0.30	0.00	0.00		0.00	0.00	LOS_A	1	0.00	0.00
1	14400-18000	66-33: Neales Rd W WA@612.0-35: Neales Rd W@48.6	33	35	0	0	0	0	0											LOS_A		0.47	33.76
1	14400-18000	66-33: Neales Rd W WA@612.0-232: Hopkins Rd@6.4	33	232	184	172	1	6	5	13.62	13.75	6.33	9.22	16.11	1.14	1.17	0.00	1.10	0.26	LOS_B	2	0.47	33.76
1	14400-18000	66-33: Neales Rd W WA@612.0-910: Melton Hwy@16.5	33	910	5	5	0	0	0	0.29	0.29				0.00	0.00				LOS_A	1	0.47	33.76
1	14400-18000	66-622: Neales Rd W@45.9-34: Neales Rd W@23.0	622	34	166	166	0	0	0	3.24	3.24				0.53	0.53				LOS_A	1	0.00	0.00
1	14400-18000	66-622: Neales Rd W@45.9-232: Hopkins Rd@6.4	622	232	231	218	2	6	3	28.54	28.74	34.74	30.15	5.16	3.39	3.54	0.24	1.24	0.00	LOS_D	4	0.50	41.68
1	14400-18000	66-622: Neales Rd W@45.9-910: Melton Hwy@16.5	622	910	10	10	0	0	0	3.82	3.82				0.51	0.51				LOS_A	1	0.00	0.00
1	14400-18000	66-897: Hopkins Rd@12.7-34: Neales Rd W@23.0	897	34	106	98	1	4	3	2.67	2.63	2.22	3.96	2.18	0.00	0.00	0.00	0.00	0.00	LOS_A	1	0.00	0.00
1	14400-18000	66-897: Hopkins Rd@12.7-35: Neales Rd W@48.6	897	35	179	177	0	2	0	5.81	5.78		8.48		0.00	0.00		0.00		LOS_A	1	0.00	0.00
1	14400-18000	66-897: Hopkins Rd@12.7-910: Melton Hwy@16.5	897	910	284	264	0	4	3	2.99	2.54		2.88	3.88	0.00	0.00		0.00	0.00	LOS_A	1	0.00	0.00
1	14400-18000	66-908: Melton Hwy@9.5-34: Neales Rd W@23.0	908	34	0	0	0	0	0											LOS_A		12.42	81.69
1	14400-18000	66-908: Melton Hwy@9.5-35: Neales Rd W@48.6	908	35	1	1	0	0	0	0.01	0.01				0.00	0.00				LOS_A	1	12.42	81.69
1	14400-18000	66-908: Melton Hwy@9.5-232: Hopkins Rd@6.4	908	232	408	385	0	5	5	31.41	31.26		68.81	38.55	2.58	2.57		6.14	3.18	LOS_D	4	12.42	81.69
1	14400-18000	66			1574	1496	4	27	19	15.67	15.50	19.51	23.13	16.16	1.36	1.38	0.12	1.66	0.90	LOS_C	3	2.68	81.69
1	14400-18000	67-230: Hopkins Rd@28.1-37@43.8	230	37	106	101	0	3	2	8.29	8.24		9.74	8.64	0.00	0.00		0.00	0.00	LOS_A	1	0.00	0.00
1	14400-18000	67-230: Hopkins Rd@28.1-426: Hopkins Rd@4.3	230	426	717	674	3	14	11	6.03	5.86	6.61	6.15	5.06	0.01	0.00	0.00	0.00	0.00	LOS_A	1	0.00	0.00
1	14400-18000	67-427: Hopkins Rd@87.2-231: Hopkins Rd@8.3	427	231	515	485	1	10	6	2.18	2.16	1.54	2.94	2.27	0.00	0.00	0.00	0.00	0.00	LOS_A	1	0.00	0.00
1	14400-18000	67-946@14.4-231: Hopkins Rd@8.3	946	231	56	54	0	0	0	0.85	0.81				0.00	0.00				LOS_A	1	0.00	0.00
1	14400-18000	67-946@14.4-426: Hopkins Rd@4.3	946	426	57	54	0	1	2	0.68	0.63		1.36	1.52	0.00	0.00		0.00	0.00	LOS_A	1	0.00	0.00
1	14400-18000	67			1451	1368	4	28	21	4.42	4.32	5.34	5.21	4.27	0.01	0.00	0.00	0.00	0.00	LOS_A	1	0.00	0.00
1	14400-18000	69-290: Caroline Springs Blvd@7.8-60: Caroline Springs Blvd@15.2	290	60	0	0	0	0	0											LOS_A		0.00	0.00
1	14400-18000	69-290: Caroline Springs Blvd@7.8-291: Caroline Springs Blvd@13.9	290	291	814	768	0	16	14	1.45	1.32		1.81	2.56	0.00	0.00		0.00	0.00	LOS_A	1	0.00	0.00
1	14400-18000	69-290: Caroline Springs Blvd@7.8-293: Chisholm Dr@13.5	290	293	45	45	0	0	0	1.36	1.36				0.00	0.00				LOS_A	1	0.00	0.00
1	14400-18000	69-290: Caroline Springs Blvd@7.8-431: Springlake Ave@15.9	290	431	38	38	0	0	0	1.33	1.33				0.00	0.00				LOS_A	1	0.00	0.00
1	14400-18000	69-292: Caroline Springs Blvd NA@169.6-60: Caroline Springs Blvd@15.2	292	60	410	370	1	12	11	1.12	0.40	0.00	0.56	2.06	0.00	0.00	0.00	0.00	0.00	LOS_A	1	0.00	0.00
1	14400-18000	69-292: Caroline Springs Blvd NA@169.6-291: Caroline Springs Blvd@13.9	292	291	0	0	0	0	0											LOS_A		0.00	0.00
1	14400-18000	69-292: Caroline Springs Blvd NA@169.6-293: Chisholm Dr@13.5	292	293	10	10	0	0	0	3.04	3.04				0.31	0.31				LOS_A	1	0.00	0.00
1	14400-18000	69-292: Caroline Springs Blvd NA@169.6-431: Springlake Ave@15.9	292	431	62	62	0	0	0	0.82	0.82				0.00	0.00				LOS_A	1	0.00	0.00
1	14400-18000	69-294: Chisholm Dr EA@69.6-60: Caroline Springs Blvd@15.2	294	60	19	19	0	0	0	0.01	0.01				0.00	0.00				LOS_A	1	0.00	0.00
1	14400-18000	69-294: Chisholm Dr EA@69.6-291: Caroline Springs Blvd@13.9	294	291	0	0	0	0	0											LOS_A		0.00	0.00
1	14400-18000	69-294: Chisholm Dr EA@69.6-293: Chisholm Dr@13.5	294	293	0	0	0	0	0											LOS_A		0.00	0.00
1	14400-18000	69-294: Chisholm Dr EA@69.6-431: Springlake Ave@15.9	294	431	0	0	0	0	0											LOS_A		0.00	0.00
1	14400-18000	69-430: Springlake Ave WA@96.3-60: Caroline Springs Blvd@15.2	430	60	12	12	0	0	0	0.11	0.11				0.00	0.00				LOS_A	1	0.00	0.00
1	14400-18000	69-430: Springlake Ave WA@96.3-291: Caroline Springs Blvd@13.9	430	291	23	23	0	0	0	0.12	0.12				0.00	0.00				LOS_A	1	0.00	0.00
1	14400-18000	69-430: Springlake Ave WA@96.3-293: Chisholm Dr@13.5	430	293	0	0	0	0	0											LOS_A		0.00	0.00
1	14400-18000	69-430: Springlake Ave WA@96.3-431: Springlake Ave@15.9	430	431	0	0	0	0	0											LOS_A		0.00	0.00
1	14400-18000	69			1433	1347	1	28	25	1.28	1.01	0.00	1.27	2.34	0.00	0.00	0.00	0.00	0.00	LOS_A	1	0.00	0.00
1	14400-18000	70-352: Eucumbene Dr@292.6-111: Christies Rd@15.7	352	111	7	7	0	0	0	0.34	0.34				0.00	0.00				LOS_A	1	0.00	0.00
1	14400-18000	70-647: Christies Rd@1.5-111: Christies Rd@15.7	647	111	422	381	0	14	11	0.77	0.72		1.84	0.89	0.00	0.00		0.00	0.00	LOS_A	1	0.00	0.00
1	14400-18000	70-647: Christies Rd@1.5-353: Eucumbene Dr@18.2	647	353	10	10	0	0	0	6.53	6.53				0.45	0.45				LOS_A	1	0.00	0.00
1	14400-18000	70-647: Christies Rd@1.5-271551@28.2	647	271551	0	0	0	0	0											LOS_A		0.00	0.00
1	14400-18000	70-891: Christies Rd@8.5-287: Christies Rd@6.6	891	287	533	497	0	10	10	2.01	2.07		2.17	1.13	0.00	0.00		0.00	0.00	LOS_A	1	0.00	0.00
1	14400-18000	70-891: Christies Rd@8.5-353: Eucumbene Dr@18.2	891	353	40	40	0	0	0	3.86	3.86				0.00	0.00				LOS_A	1	0.00	0.00
1	14400-18000	70-891: Christies Rd@8.5-271549@21.0	891	271549	0	0	0	0	0											LOS_A		0.00	0.00
1	14400-18000	70-271550@4.0-287: Christies Rd@6.6	271550	287	0	0	0	0	0											LOS_A		0.00	0.00
1	14400-18000	70			1012	935	0	24	21	1.60	1.63		1.98	1.00	0.00	0.00		0.00	0.00	LOS_A	1	0.00	0.00
1	14400-18000	71-111: Christies Rd@84.9-129@9.8	111	129	281	273	0	5	3	0.40	0.39		0.99	0.43	0.00	0.00		0.00	0.00	LOS_A	1	0.00	0.00
1	14400-18000	71-111: Christies Rd@84.9-282: Christies Rd@12.4	111	282	148	115	0	9	8	0.40	0.37		0.96	0.50	0.00	0.00		0.00	0.00	LOS_A	1	0.00	0.00
1	14400-18000	71-274: Christies Rd@5.8-112: Christies Rd@20.6	274	112	573	537	0	10	10	3.58	3.73		2.72	1.07	0.00	0.00		0.00	0.00	LOS_A	1	0.00	0.00
1	14400-18000	71-274: Christies Rd@5.8-129@9.8	274	129	120	109	1	3	7	7.23	7.20	7.98	6.80	7.78	0.00	0.00	0.00	0.00	0.00	LOS_A	1	0.00	0.00
1	14400-18000	71			1122	1034	1	27	28	2.75	2.84	7.98	2.26	2.52	0.00	0.00	0.00	0.00	0.00	LOS_A	1	0.00	0.00
1	14400-18000	72-126@294.6-280: Christies Rd@41.9	126	280	332	332	0	0	0	1.70	1.70				0.00	0.00				LOS_A	1	0.00	0.00
1	14400-18000	72-126@294.6-394: Christies Rd@15.7	126	394	31	22	0	6	3	1.93	1.38		3.33	3.22	0.00	0.00		0.00	0.00	LOS_A	1	0.00	0.00
1	14400-18000	72-126@294.6-626: Palm Springs Rd@75.1	126	626	29	26	0	3	0	1.67	1.30		4.86		0.00	0.00		0.00		LOS_A	1	0.00	0.00
1	14400-18000	72-279: Christies Rd@96.9-280: Christies Rd@41.9	279	280	0	0	0	0	0											LOS_A		0.00	0.00
1	14400-18000	72-279: Christies Rd@96.9-394: Christies Rd@15.7	279	394	101	69	0	8	8	0.41	0.43		0.90	0.46	0.00	0.00		0.00	0.00	LOS_A	1	0.00	0.00
1	14400-18000	72-279: Christies Rd@96.9-626: Palm Springs Rd@75.1	279	626	47	46	0	1	0	0.63	0.62		0.95		0.00	0.00		0.00		LOS_A	1	0.00	0.00
1	14400-18000	72-393: Christies Rd SA@348.6-280: Christies Rd@41.9	393	280	160	124	1	9	10	0.54	0.65	0.00	0.18	0.16	0.00	0.00	0.00	0.00	0.00	LOS_A	1	0.00	0.00
1	14400-18000	72-393: Christies Rd SA@348.6-394: Christies Rd@15.7	393	394	0	0	0	0	0											LOS_A		0.00	0.00
1	14400-18000	72-393: Christies Rd SA@348.6-626: Palm Springs Rd@75.1	393	626	1	1	0	0	0	0.41	0.41				0.00	0.00				LOS_A	1	0.00	0.00
1	14400-18000	72-625: Palm Springs Rd WA@88.9-280: Christies Rd@41.9	625	280	201	190	0	4	7	0.17	0.18		0.06	0.05	0.00	0.00		0.00	0.00	LOS_A	1	0.00	0.00
1	14400-18000	72-625: Palm Springs Rd WA@88.9-394: Christies Rd@15.7	625	394	30	30	0	0	0	0.07	0.07				0.00	0.00				LOS_A	1	0.00	0.00
1	14400-18000	72-625: Palm Springs Rd WA@88.9-626: Palm Springs Rd@75.1	625	626	0	0	0	0	0											LOS_A		0.00	0.00
1	14400-18000	72			932	840	1	31	28	0.93	0.96	0.00	1.44	0.54	0.00	0.00	0.00	0.00	0.00	LOS_A	1	0.00	0.00
1	14400-18000	73-350: Delma Rd@97.2-464: Ballarat Rd  Western Hwy@8.8	350	464	99	95	0	2	2	0.20	0.19		0.20	0.57	0.00	0.00		0.00	0.00	LOS_A	1	0.00	0.00
1	14400-18000	73-663: Ballarat Rd  Western Hwy@46.8-351: Delma Rd@11.2	663	351	0	0	0	0	0											LOS_A		0.00	0.00
1	14400-18000	73-663: Ballarat Rd  Western Hwy@46.8-464: Ballarat Rd  Western Hwy@8.8	663	464	1198	1155	0	26	17	1.38	1.39		1.31	1.35	0.00	0.00		0.00	0.00	LOS_A	1	0.00	0.00
1	14400-18000	73			1297	1250	0	28	19	1.29	1.30		1.23	1.26	0.00	0.00		0.00	0.00	LOS_A	1	0.00	0.00
1	14400-18000	76-911: Grand Blvd WA@130.2-404: Hopkins Rd@29.7	911	404	45	45	0	0	0	0.12	0.12				0.00	0.00				LOS_A	1	0.00	0.00
1	14400-18000	76-911: Grand Blvd WA@130.2-408: Hopkins Rd@16.0	911	408	91	91	0	0	0	0.97	0.97				0.00	0.00				LOS_A	1	0.00	0.00
1	14400-18000	76-913: Hopkins Rd@4.0-408: Hopkins Rd@16.0	913	408	667	595	5	31	30	0.56	0.59	0.49	0.31	0.29	0.00	0.00	0.00	0.00	0.00	LOS_A	1	0.00	0.00
1	14400-18000	76-913: Hopkins Rd@4.0-912@27.4	913	912	48	45	1	0	2	3.28	3.14	5.36		5.42	0.00	0.00	0.00		0.00	LOS_A	1	0.00	0.00
1	14400-18000	76-948: Hopkins Rd@33.1-404: Hopkins Rd@29.7	948	404	556	531	1	11	7	1.77	1.80	0.67	1.76	1.28	0.00	0.00	0.00	0.00	0.00	LOS_A	1	0.00	0.00
1	14400-18000	76-948: Hopkins Rd@33.1-912@27.4	948	912	211	211	0	0	0	8.90	8.90				0.00	0.00				LOS_A	1	0.00	0.00
1	14400-18000	76			1618	1518	7	42	39	2.15	2.25	1.21	0.69	0.73	0.00	0.00	0.00	0.00	0.00	LOS_A	1	0.00	0.00
1	14400-18000	77-208: Western Fwy@25.5-84: Western Fwy@15.9	208	84	933	858	7	42	26	1.78	1.84	1.48	0.82	1.49	0.00	0.00	0.00	0.00	0.00	LOS_A	1	0.00	0.00
1	14400-18000	77-208: Western Fwy@25.5-180@16.3	208	180	330	318	0	8	4	7.25	7.24		7.29	7.95	0.00	0.00		0.00	0.00	LOS_A	1	0.00	0.00
1	14400-18000	77			1263	1176	7	50	30	3.21	3.30	1.48	1.86	2.35	0.00	0.00	0.00	0.00	0.00	LOS_A	1	0.00	0.00
1	14400-18000	78-84: Western Fwy@896.5-203: Western Fwy@19.3	84	203	933	858	7	42	26	0.41	0.42	0.78	0.26	0.36	0.00	0.00	0.00	0.00	0.00	LOS_A	1	0.00	0.00
1	14400-18000	78-529@58.8-203: Western Fwy@19.3	529	203	301	284	0	9	6	0.50	0.49		0.40	1.10	0.00	0.00		0.00	0.00	LOS_A	1	0.00	0.00
1	14400-18000	78			1234	1142	7	51	32	0.43	0.43	0.78	0.29	0.50	0.00	0.00	0.00	0.00	0.00	LOS_A	1	0.00	0.00
1	14400-18000	79-184: Western Fwy@928.7-205: Western Fwy@68.7	184	205	1444	1384	6	33	21	0.93	0.89	3.81	1.40	1.93	0.00	0.00	0.00	0.00	0.00	LOS_A	1	0.00	0.00
1	14400-18000	79-333@86.1-205: Western Fwy@68.7	333	205	230	229	0	0	1	1.34	1.33			2.69	0.00	0.00			0.00	LOS_A	1	0.00	0.00
1	14400-18000	79			1674	1613	6	33	22	0.99	0.95	3.81	1.40	1.97	0.00	0.00	0.00	0.00	0.00	LOS_A	1	0.00	0.00
1	14400-18000	80-424: Western Fwy@14.2-184: Western Fwy@85.3	424	184	1445	1385	6	33	21	2.66	2.64	4.21	2.91	2.95	0.00	0.00	0.00	0.00	0.00	LOS_A	1	0.00	0.00
1	14400-18000	80-424: Western Fwy@14.2-337@9.9	424	337	400	372	0	13	13	7.17	6.97		9.47	10.35	0.00	0.00		0.00	0.00	LOS_A	1	0.00	0.00
1	14400-18000	80			1845	1757	6	46	34	3.64	3.56	4.21	4.77	5.78	0.00	0.00	0.00	0.00	0.00	LOS_A	1	0.00	0.00
1	14400-18000	81-532: Western Hwy@54.0-334: Western Hwy@32.2	532	334	1214	1122	7	51	32	0.65	0.67	0.70	0.42	0.27	0.00	0.00	0.00	0.00	0.00	LOS_A	1	0.00	0.00
1	14400-18000	81-532: Western Hwy@54.0-481@38.6	532	481	21	21	0	0	0	5.50	5.50				0.00	0.00				LOS_A	1	0.00	0.00
1	14400-18000	81			1235	1143	7	51	32	0.73	0.76	0.70	0.42	0.27	0.00	0.00	0.00	0.00	0.00	LOS_A	1	0.00	0.00
1	14400-18000	82-334: Western Hwy@654.9-72: Western Hwy@13.0	334	72	1214	1122	7	51	32	0.88	0.91	1.04	0.60	0.46	0.00	0.00	0.00	0.00	0.00	LOS_A	1	0.00	0.00
1	14400-18000	82-482@267.1-72: Western Hwy@13.0	482	72	17	17	0	0	0	0.04	0.04				0.00	0.00				LOS_A	1	0.00	0.00
1	14400-18000	82			1231	1139	7	51	32	0.87	0.89	1.04	0.60	0.46	0.00	0.00	0.00	0.00	0.00	LOS_A	1	0.00	0.00
1	14400-18000	83-313: Western Hwy@39.7-103: Western Hwy@23.4	313	103	1124	1038	7	47	30	1.15	1.18	1.47	0.74	0.78	0.00	0.00	0.00	0.00	0.00	LOS_A	1	0.00	0.00
1	14400-18000	83-313: Western Hwy@39.7-174@14.4	313	174	107	101	0	4	2	4.99	4.91		6.35	6.36	0.00	0.00		0.00	0.00	LOS_A	1	0.00	0.00
1	14400-18000	83			1231	1139	7	51	32	1.48	1.51	1.47	1.18	1.13	0.00	0.00	0.00	0.00	0.00	LOS_A	1	0.00	0.00
1	14400-18000	84-161@132.7-99: Western Hwy@10.0	161	99	165	159	0	3	3	0.73	0.70		0.91	1.95	0.00	0.00		0.00	0.00	LOS_A	1	0.00	0.00
1	14400-18000	84-187: Western Hwy@838.0-99: Western Hwy@10.0	187	99	2094	1998	6	51	37	1.49	1.48	3.47	1.84	1.56	0.00	0.00	0.00	0.00	0.00	LOS_A	1	0.00	0.00
1	14400-18000	84			2259	2157	6	54	40	1.44	1.42	3.47	1.79	1.59	0.00	0.00	0.00	0.00	0.00	LOS_A	1	0.00	0.00
1	14400-18000	85-103: Western Hwy@829.6-89: Western Hwy@49.7	103	89	1125	1039	7	47	30	1.11	1.15	1.23	0.63	0.60	0.00	0.00	0.00	0.00	0.00	LOS_A	1	0.00	0.00
1	14400-18000	85-175@113.1-89: Western Hwy@49.7	175	89	155	150	0	3	2	0.53	0.50		1.21	1.61	0.00	0.00		0.00	0.00	LOS_A	1	0.00	0.00
1	14400-18000	85			1280	1189	7	50	32	1.04	1.07	1.23	0.66	0.66	0.00	0.00	0.00	0.00	0.00	LOS_A	1	0.00	0.00
1	14400-18000	86-323: Western Hwy@20.0-159@12.1	323	159	91	91	0	0	0	3.63	3.63				0.00	0.00				LOS_A	1	0.00	0.00
1	14400-18000	86-323: Western Hwy@20.0-187: Western Hwy@33.1	323	187	2097	2001	6	51	37	2.22	2.22	1.59	2.28	1.99	0.00	0.00	0.00	0.00	0.00	LOS_A	1	0.00	0.00
1	14400-18000	86			2188	2092	6	51	37	2.28	2.29	1.59	2.28	1.99	0.00	0.00	0.00	0.00	0.00	LOS_A	1	0.00	0.00
1	14400-18000	87-343: Western Hwy@756.9-154: Western Hwy@6.1	343	154	2299	2205	6	49	37	2.33	2.35	1.44	2.01	1.67	0.00	0.00	0.00	0.00	0.00	LOS_A	1	0.00	0.00
1	14400-18000	87-480@343.6-154: Western Hwy@6.1	480	154	188	188	0	0	0	0.10	0.10				0.00	0.00				LOS_A	1	0.00	0.00
1	14400-18000	87			2487	2393	6	49	37	2.16	2.17	1.44	2.01	1.67	0.00	0.00	0.00	0.00	0.00	LOS_A	1	0.00	0.00
1	14400-18000	88-955: Western Fwy@13.7-343: Western Hwy@21.2	955	343	2299	2205	6	49	37	1.68	1.66	2.75	2.16	2.21	0.00	0.00	0.00	0.00	0.00	LOS_A	1	0.00	0.00
1	14400-18000	88-955: Western Fwy@13.7-479@7.3	955	479	0	0	0	0	0											LOS_A		0.00	0.00
1	14400-18000	88			2299	2205	6	49	37	1.68	1.66	2.75	2.16	2.21	0.00	0.00	0.00	0.00	0.00	LOS_A	1	0.00	0.00
1	14400-18000	89-228: Western Fwy@25.8-108@38.1	228	108	113	108	0	1	2	6.87	6.79		9.91	8.51	0.00	0.00		0.00	0.00	LOS_A	1	0.00	0.00
1	14400-18000	89-228: Western Fwy@25.8-194: Western Fwy@23.2	228	194	1167	1081	7	49	30	1.72	1.75	0.57	1.40	1.15	0.00	0.00	0.00	0.00	0.00	LOS_A	1	0.00	0.00
1	14400-18000	89			1280	1189	7	50	32	2.17	2.21	0.57	1.57	1.61	0.00	0.00	0.00	0.00	0.00	LOS_A	1	0.00	0.00
1	14400-18000	90-104@749.4-417: Western Fwy@11.1	104	417	340	325	0	4	9	0.70	0.71		0.24	0.32	0.00	0.00		0.00	0.00	LOS_A	1	0.00	0.00
1	14400-18000	90-196: Western Fwy@1281.0-417: Western Fwy@11.1	196	417	1959	1880	6	45	28	2.65	2.69	2.30	1.77	1.68	0.01	0.01	0.00	0.00	0.00	LOS_A	1	0.08	34.14
1	14400-18000	90			2299	2205	6	49	37	2.36	2.39	2.30	1.65	1.35	0.01	0.01	0.00	0.00	0.00	LOS_A	1	0.04	34.14
1	14400-18000	91-260: Hopkins Rd@38.0-419@15.1	260	419	262	220	4	22	16	6.26	6.13	7.04	6.90	6.96	0.00	0.00	0.00	0.00	0.00	LOS_A	1	0.00	0.00
1	14400-18000	91-260: Hopkins Rd@38.0-427: Hopkins Rd@14.4	260	427	515	485	1	10	6	4.45	4.56	1.96	4.83	2.57	0.00	0.00	0.00	0.00	0.00	LOS_A	1	0.00	0.00
1	14400-18000	91-426: Hopkins Rd@77.5-43: Hopkins Rd@14.4	426	43	774	728	3	15	13	1.67	1.69	2.33	1.88	1.53	0.00	0.00	0.00	0.00	0.00	LOS_A	1	0.00	0.00
1	14400-18000	91			1551	1433	8	47	35	3.37	3.34	4.64	4.86	4.19	0.00	0.00	0.00	0.00	0.00	LOS_A	1	0.00	0.00
1	14400-18000	92-107@313.1-8: Western Fwy@5.3	107	8	368	321	4	25	18	1.01	0.94	2.01	1.26	1.58	0.00	0.00	0.00	0.00	0.00	LOS_A	1	0.00	0.00
1	14400-18000	92-194: Western Fwy@609.6-8: Western Fwy@5.3	194	8	1167	1081	7	49	30	0.61	0.61	0.58	0.58	0.83	0.00	0.00	0.00	0.00	0.00	LOS_A	1	0.00	0.00
1	14400-18000	92			1535	1402	11	74	48	0.71	0.69	1.10	0.81	1.11	0.00	0.00	0.00	0.00	0.00	LOS_A	1	0.00	0.00
1	14400-18000	93-224: Western Fwy@24.6-149@12.9	224	149	237	228	0	7	2	5.09	5.00		7.37	7.63	0.00	0.00		0.00	0.00	LOS_A	1	0.00	0.00
1	14400-18000	93-224: Western Fwy@24.6-196: Western Fwy@9.8	224	196	1959	1880	6	45	28	2.18	2.18	3.01	1.96	2.35	0.00	0.00	0.00	0.00	0.00	LOS_A	1	0.00	0.00
1	14400-18000	93			2196	2108	6	52	30	2.50	2.49	3.01	2.69	2.71	0.00	0.00	0.00	0.00	0.00	LOS_A	1	0.00	0.00
1	14400-18000	94-949: Western Fwy@23.3-136@6.8	949	136	382	362	0	10	10	0.57	0.58		0.38	0.46	0.00	0.00		0.00	0.00	LOS_A	1	0.00	0.00
1	14400-18000	94-949: Western Fwy@23.3-389: Western Fwy  Deer Park Byp@4.2	949	389	1153	1040	11	64	38	0.98	1.03	0.64	0.54	0.43	0.00	0.00	0.00	0.00	0.00	LOS_A	1	0.00	0.00
1	14400-18000	94			1535	1402	11	74	48	0.88	0.92	0.64	0.52	0.44	0.00	0.00	0.00	0.00	0.00	LOS_A	1	0.00	0.00
1	14400-18000	95-952: Western Hwy@80.5-1039: Western Fwy@10.4	952	1039	980	939	1	23	17	44.01	43.94	24.62	43.31	49.65	2.64	2.67	1.16	1.84	2.62	LOS_E	5	54.77	504.64
1	14400-18000	95-1038: Western Fwy  Deer Park Byp@73.0-1039: Western Fwy@10.4	1038	1039	1216	1169	5	29	13	57.81	57.75	52.14	57.73	65.76	4.90	4.90	0.96	5.07	5.99	LOS_F	6	139.99	507.49
1	14400-18000	95			2196	2108	6	52	30	51.65	51.60	47.55	51.35	56.63	3.89	3.91	0.99	3.64	4.08	LOS_F	6	97.38	507.49
1	14400-18000	96-125@88.9-147: Western Fwy  Deer Park Byp@16.2	125	147	401	382	1	8	10	3.13	3.09	5.00	3.31	4.41	0.00	0.00	0.00	0.00	0.00	LOS_A	1	0.00	0.00
1	14400-18000	96-389: Western Fwy  Deer Park Byp@1708.1-147: Western Fwy  Deer Park Byp@16.2	389	147	1153	1040	11	64	38	0.72	0.73	1.34	0.55	0.49	0.00	0.00	0.00	0.00	0.00	LOS_A	1	0.00	0.00
1	14400-18000	96			1554	1422	12	72	48	1.34	1.37	1.64	0.86	1.31	0.00	0.00	0.00	0.00	0.00	LOS_A	1	0.00	0.00
1	14400-18000	97-240: Western Fwy  Deer Park Byp@38.1-126@16.7	240	126	392	380	0	9	3	4.68	4.62		6.57	6.95	0.02	0.02		0.00	0.00	LOS_A	1	0.13	44.33
1	14400-18000	97-240: Western Fwy  Deer Park Byp@38.1-189: Western Fwy  Deer Park Byp@17.7	240	189	1216	1169	5	29	13	2.81	2.86	3.12	1.66	1.49	0.01	0.01	0.00	0.00	0.00	LOS_A	1	0.13	44.33
1	14400-18000	97			1608	1549	5	38	16	3.27	3.29	3.12	2.82	2.51	0.01	0.01	0.00	0.00	0.00	LOS_A	1	0.13	44.33
1	14400-18000	98-91: Ballarat Rd  Western Hwy@67.3-362: Ballarat Rd  Western Hwy@13.4	91	362	343	328	0	7	8	0.66	0.63		1.47	1.34	0.00	0.00		0.00	0.00	LOS_A	1	0.00	0.00
1	14400-18000	98-92: Ballarat Rd  Western Hwy@8.7-362: Ballarat Rd  Western Hwy@13.4	92	362	0	0	0	0	0											LOS_A		0.00	0.00
1	14400-18000	98			343	328	0	7	8	0.66	0.63		1.47	1.34	0.00	0.00		0.00	0.00	LOS_A	1	0.00	0.00
1	14400-18000	99-209: Ballarat Rd  Western Hwy@46.4-1: Ballarat Rd  Western Hwy@6.6	209	1	343	328	0	7	8	0.36	0.34		0.71	0.66	0.00	0.00		0.00	0.00	LOS_A	1	0.00	0.00
1	14400-18000	99-209: Ballarat Rd  Western Hwy@46.4-2: Ballarat Rd  Western Hwy@6.5	209	2	0	0	0	0	0											LOS_A		0.00	0.00
1	14400-18000	99			343	328	0	7	8	0.36	0.34		0.71	0.66	0.00	0.00		0.00	0.00	LOS_A	1	0.00	0.00
1	14400-18000	100-1141@18.3-1143@28.5	1141	1143	0	0	0	0	0											LOS_A		0.00	0.00
1	14400-18000	100-1141@18.3-1147@16.5	1141	1147	179	176	0	1	2	0.85	0.86		0.15	0.06	0.00	0.00		0.00	0.00	LOS_A	1	0.00	0.00
1	14400-18000	100-1141@18.3-1152@26.0	1141	1152	140	139	0	0	1	0.74	0.74			0.11	0.00	0.00			0.00	LOS_A	1	0.00	0.00
1	14400-18000	100-1141@18.3-1158@25.0	1141	1158	316	314	0	2	0	0.88	0.88		0.27		0.00	0.00		0.00		LOS_A	1	0.00	0.00
1	14400-18000	100-1146: High Street WA@382.0-1143@28.5	1146	1143	124	122	0	1	1	0.30	0.30		0.06	0.00	0.00	0.00		0.00	0.00	LOS_A	1	0.00	0.00
1	14400-18000	100-1146: High Street WA@382.0-1147@16.5	1146	1147	0	0	0	0	0											LOS_A		0.00	0.00
1	14400-18000	100-1146: High Street WA@382.0-1152@26.0	1146	1152	192	190	0	1	1	0.42	0.43		0.00	0.01	0.00	0.00		0.00	0.00	LOS_A	1	0.00	0.00
1	14400-18000	100-1146: High Street WA@382.0-1158@25.0	1146	1158	70	66	0	1	3	0.33	0.34		0.00	0.04	0.00	0.00		0.00	0.00	LOS_A	1	0.00	0.00
1	14400-18000	100-1159: Bulmans Rd NA@120.5-1143@28.5	1159	1143	268	265	0	0	3	0.16	0.16			0.07	0.00	0.00			0.00	LOS_A	1	0.00	0.00
1	14400-18000	100-1159: Bulmans Rd NA@120.5-1147@16.5	1159	1147	6	6	0	0	0	0.16	0.16				0.00	0.00				LOS_A	1	0.00	0.00
1	14400-18000	100-1159: Bulmans Rd NA@120.5-1152@26.0	1159	1152	101	100	0	0	1	0.17	0.18			0.00	0.00	0.00			0.00	LOS_A	1	0.00	0.00
1	14400-18000	100-1159: Bulmans Rd NA@120.5-1158@25.0	1159	1158	0	0	0	0	0											LOS_A		0.00	0.00
1	14400-18000	100-1234@184.1-1143@28.5	1234	1143	207	201	0	3	3	0.93	0.94		0.49	0.41	0.00	0.00		0.00	0.00	LOS_A	1	0.00	0.00
1	14400-18000	100-1234@184.1-1147@16.5	1234	1147	145	137	0	5	3	0.65	0.68		0.20	0.00	0.00	0.00		0.00	0.00	LOS_A	1	0.00	0.00
1	14400-18000	100-1234@184.1-1152@26.0	1234	1152	0	0	0	0	0											LOS_A		0.00	0.00
1	14400-18000	100-1234@184.1-1158@25.0	1234	1158	79	79	0	0	0	0.67	0.67				0.00	0.00				LOS_A	1	0.00	0.00
1	14400-18000	100			1827	1795	0	14	18	0.59	0.60		0.23	0.10	0.00	0.00		0.00	0.00	LOS_A	1	0.00	0.00
1	14400-18000	101-1144@12.5-1140@37.3	1144	1140	0	0	0	0	0											LOS_A		0.00	0.00
1	14400-18000	101-1144@12.5-1168@28.2	1144	1168	16	16	0	0	0	0.41	0.41				0.00	0.00				LOS_A	1	0.00	0.00
1	14400-18000	101-1144@12.5-1170@29.6	1144	1170	322	315	0	2	5	0.73	0.74		0.22	0.21	0.00	0.00		0.00	0.00	LOS_A	1	0.00	0.00
1	14400-18000	101-1144@12.5-1171@32.9	1144	1171	261	257	0	2	2	0.64	0.64		0.32	0.17	0.00	0.00		0.00	0.00	LOS_A	1	0.00	0.00
1	14400-18000	101-1167: Botanica Spring Blvd WA@141.4-1140@37.3	1167	1140	23	22	0	0	1	0.07	0.07			0.00	0.00	0.00			0.00	LOS_A	1	0.00	0.00
1	14400-18000	101-1167: Botanica Spring Blvd WA@141.4-1168@28.2	1167	1168	0	0	0	0	0											LOS_A		0.00	0.00
1	14400-18000	101-1167: Botanica Spring Blvd WA@141.4-1170@29.6	1167	1170	21	21	0	0	0	0.09	0.09				0.00	0.00				LOS_A	1	0.00	0.00
1	14400-18000	101-1167: Botanica Spring Blvd WA@141.4-1171@32.9	1167	1171	32	32	0	0	0	0.03	0.03				0.00	0.00				LOS_A	1	0.00	0.00
1	14400-18000	101-1169: Clarkes Rd SA@143.9-1140@37.3	1169	1140	163	161	0	1	1	0.28	0.28		0.16	0.09	0.00	0.00		0.00	0.00	LOS_A	1	0.00	0.00
1	14400-18000	101-1169: Clarkes Rd SA@143.9-1168@28.2	1169	1168	13	13	0	0	0	0.11	0.11				0.00	0.00				LOS_A	1	0.00	0.00
1	14400-18000	101-1169: Clarkes Rd SA@143.9-1170@29.6	1169	1170	0	0	0	0	0											LOS_A		0.00	0.00
1	14400-18000	101-1169: Clarkes Rd SA@143.9-1171@32.9	1169	1171	15	15	0	0	0	0.23	0.23				0.00	0.00				LOS_A	1	0.00	0.00
1	14400-18000	101-1172: Botanica Spring Blvd EA@137.6-1140@37.3	1172	1140	449	446	0	2	1	0.33	0.33		0.03	0.10	0.00	0.00		0.00	0.00	LOS_A	1	0.00	0.00
1	14400-18000	101-1172: Botanica Spring Blvd EA@137.6-1168@28.2	1172	1168	59	59	0	0	0	0.17	0.17				0.00	0.00				LOS_A	1	0.00	0.00
1	14400-18000	101-1172: Botanica Spring Blvd EA@137.6-1170@29.6	1172	1170	55	55	0	0	0	0.10	0.10				0.00	0.00				LOS_A	1	0.00	0.00
1	14400-18000	101-1172: Botanica Spring Blvd EA@137.6-1171@32.9	1172	1171	0	0	0	0	0											LOS_A		0.00	0.00
1	14400-18000	101			1429	1412	0	7	10	0.44	0.44		0.18	0.16	0.00	0.00		0.00	0.00	LOS_A	1	0.00	0.00
1	14400-18000	102-1150@427.1-1155@20.3	1150	1155	62	62	0	0	0	0.24	0.24				0.00	0.00				LOS_A	1	0.00	0.00
1	14400-18000	102-1150@427.1-1156@9.2	1150	1156	217	212	0	3	2	0.23	0.23		0.00	0.00	0.00	0.00		0.00	0.00	LOS_A	1	0.00	0.00
1	14400-18000	102-1154@88.9-1153@11.3	1154	1153	218	216	0	1	1	2.19	2.19		0.00	4.51	0.00	0.00		0.00	0.00	LOS_A	1	0.00	0.00
1	14400-18000	102-1154@88.9-1155@20.3	1154	1155	124	122	0	0	2	4.25	4.23			5.36	0.00	0.00			0.00	LOS_A	1	0.00	0.00
1	14400-18000	102-1157: Harkness Rd NA@97.7-1153@11.3	1157	1153	28	28	0	0	0	0.12	0.12				0.00	0.00				LOS_A	1	0.00	0.00
1	14400-18000	102-1157: Harkness Rd NA@97.7-1156@9.2	1157	1156	125	117	0	4	4	0.04	0.04		0.00	0.00	0.00	0.00		0.00	0.00	LOS_A	1	0.00	0.00
1	14400-18000	102			774	757	0	8	9	1.39	1.40		0.00	1.69	0.00	0.00		0.00	0.00	LOS_A	1	0.00	0.00
1	14400-18000	103			0	0	0	0	0											LOS_A			
1	14400-18000	104			0	0	0	0	0											LOS_A			
1	14400-18000	105			0	0	0	0	0											LOS_A			
1	14400-18000	106			0	0	0	0	0											LOS_A			
1	14400-18000	107			0	0	0	0	0											LOS_A			
1	14400-18000	108			0	0	0	0	0											LOS_A			
1	14400-18000	109			0	0	0	0	0											LOS_A			
1	14400-18000	113			0	0	0	0	0											LOS_A			
1	14400-18000	114-1081: Coburns Rd SA@150.5-1125@21.0	1081	1125	326	282	2	4	7	3.17	1.87	2.36	0.69	0.09	0.00	0.00	0.00	0.00	0.00	LOS_A	1	0.00	0.00
1	14400-18000	114-1081: Coburns Rd SA@150.5-1128@12.2	1081	1128	160	153	0	3	4	7.44	7.41		7.25	8.76	0.10	0.11		0.00	0.00	LOS_A	1	0.00	0.00
1	14400-18000	114-1129@3.3-1130@26.0	1129	1130	300	290	0	7	3	6.60	6.49		9.33	10.48	0.00	0.00		0.00	0.00	LOS_A	1	0.00	0.00
1	14400-18000	114-1132@5.3-1125@21.0	1132	1125	225	225	0	0	0	0.55	0.55				0.00	0.00				LOS_A	1	0.00	0.00
1	14400-18000	114-1240: Western Fwy@6.0-1128@12.2	1240	1128	161	156	0	3	2	1.87	1.88		1.50	2.26	0.00	0.00		0.00	0.00	LOS_A	1	0.00	0.00
1	14400-18000	114-1240: Western Fwy@6.0-1130@26.0	1240	1130	323	287	0	1	4	0.60	0.59		0.37	0.97	0.00	0.00		0.00	0.00	LOS_A	1	0.00	0.00
1	14400-18000	114			1495	1393	2	18	20	3.22	2.96	2.36	5.26	3.77	0.01	0.01	0.00	0.00	0.00	LOS_A	1	0.00	0.00
1	14400-18000	115-1092: Western Fwy@41.4-1091@18.2	1092	1091	294	284	0	3	7	3.82	3.79		4.52	4.59	0.01	0.01		0.00	0.00	LOS_A	1	0.02	12.20
1	14400-18000	115-1092: Western Fwy@41.4-1093: Western Fwy@20.0	1092	1093	761	690	5	43	23	1.65	1.70	0.78	1.45	0.81	0.00	0.00	0.00	0.00	0.00	LOS_A	1	0.02	12.20
1	14400-18000	115			1055	974	5	46	30	2.25	2.31	0.78	1.65	1.69	0.00	0.00	0.00	0.00	0.00	LOS_A	1	0.02	12.20
1	14400-18000	116-1134: Western Fwy@853.1-1137: Western Fwy@29.6	1134	1137	1147	1096	6	26	19	0.43	0.41	1.76	0.83	0.74	0.00	0.00	0.00	0.00	0.00	LOS_A	1	0.00	0.00
1	14400-18000	116-1139@39.2-1137: Western Fwy@29.6	1139	1137	321	309	0	6	6	1.09	1.05		1.81	2.14	0.00	0.00		0.00	0.00	LOS_A	1	0.00	0.00
1	14400-18000	116			1468	1405	6	32	25	0.57	0.55	1.76	1.02	1.07	0.00	0.00	0.00	0.00	0.00	LOS_A	1	0.00	0.00
1	14400-18000	117-1093: Western Fwy@887.1-1118: Western Fwy@20.0	1093	1118	761	690	5	43	23	0.53	0.55	0.64	0.27	0.42	0.00	0.00	0.00	0.00	0.00	LOS_A	1	0.00	0.00
1	14400-18000	117-1117@115.1-1118: Western Fwy@20.0	1117	1118	501	485	2	7	7	0.95	0.94	1.97	1.04	1.43	0.00	0.00	0.00	0.00	0.00	LOS_A	1	0.00	0.00
1	14400-18000	117			1262	1175	7	50	30	0.70	0.71	1.02	0.38	0.65	0.00	0.00	0.00	0.00	0.00	LOS_A	1	0.00	0.00
1	14400-18000	118-1135: Western Fwy@35.7-1134: Western Fwy@6.5	1135	1134	1148	1097	6	26	19	1.74	1.73	2.36	1.91	1.99	0.00	0.00	0.00	0.00	0.00	LOS_A	1	0.00	0.00
1	14400-18000	118-1135: Western Fwy@35.7-1136: Western Fwy@4.3	1135	1136	525	515	0	7	3	4.62	4.59		6.11	6.55	0.00	0.00		0.00	0.00	LOS_A	1	0.00	0.00
1	14400-18000	118			1673	1612	6	33	22	2.65	2.64	2.36	2.80	2.61	0.00	0.00	0.00	0.00	0.00	LOS_A	1	0.00	0.00
1	14400-18000	119-1090@228.7-1098@20.0	1090	1098	113	109	0	1	3	0.89	0.85		0.07	2.75	0.00	0.00		0.00	0.00	LOS_A	1	0.00	0.00
1	14400-18000	119-1090@228.7-1100@8.0	1090	1100	181	175	0	2	4	4.38	4.30		6.42	6.79	0.00	0.00		0.00	0.00	LOS_A	1	0.00	0.00
1	14400-18000	119-1114@10.9-1098@20.0	1114	1098	372	334	0	3	3	0.94	1.03		0.27	0.58	0.00	0.00		0.00	0.00	LOS_A	1	0.00	0.00
1	14400-18000	119-1114@10.9-1116@15.9	1114	1116	314	309	0	4	1	4.01	4.00		4.46	4.80	0.01	0.01		0.00	0.00	LOS_A	1	0.08	40.54
1	14400-18000	119-1237@6.9-1100@8.0	1237	1100	364	331	0	1	1	1.81	1.90		0.25	3.10	0.00	0.00		0.00	0.00	LOS_A	1	0.00	0.00
1	14400-18000	119-1237@6.9-1116@15.9	1237	1116	187	176	2	3	6	5.47	5.35	7.89	7.11	7.45	0.00	0.00	0.00	0.00	0.00	LOS_A	1	0.00	0.00
1	14400-18000	119			1531	1434	2	14	18	2.73	2.79	7.89	3.79	4.99	0.00	0.00	0.00	0.00	0.00	LOS_A	1	0.02	40.54
1	14400-18000	120-1100@12.7-1099@27.3	1100	1099	399	360	0	3	5	1.24	1.02		1.45	2.10	0.00	0.00		0.00	0.00	LOS_A	1	0.00	0.00
1	14400-18000	120-1100@12.7-1103@19.5	1100	1103	107	107	0	0	0	3.76	3.76				0.13	0.13				LOS_A	1	0.05	9.06
1	14400-18000	120-1100@12.7-1107@21.1	1100	1107	39	39	0	0	0	3.04	3.04				0.00	0.00				LOS_A	1	0.00	0.00
1	14400-18000	120-1106@32.8-1099@27.3	1106	1099	0	0	0	0	0											LOS_A		0.04	19.09
1	14400-18000	120-1106@32.8-1103@19.5	1106	1103	0	0	0	0	0											LOS_A		0.04	19.09
1	14400-18000	120-1106@32.8-1112@5.6	1106	1112	382	377	0	4	1	1.66	1.64		3.00	2.57	0.02	0.02		0.00	0.00	LOS_A	1	0.04	19.09
1	14400-18000	120-1184@12.8-1184@46.5	1184	1184	1	1	0	0	0	0.00	0.00				0.00	0.00				LOS_A	1	0.00	0.00
1	14400-18000	120-1186@9.2-1186@61.3	1186	1186	1	0	0	0	0	0.00					0.00					LOS_A	1	0.02	14.76
1	14400-18000	120-1189@5.6-1189@50.7	1189	1189	1	0	0	0	0	0.00					0.00					LOS_A	1	0.00	0.00
1	14400-18000	120-1190@11.3-1190@56.8	1190	1190	0	0	0	0	0											LOS_A		0.00	0.00
1	14400-18000	120-1191@12.4-1191@46.2	1191	1191	2	2	0	0	0	0.00	0.00				0.00	0.00				LOS_A	1	0.00	0.00
1	14400-18000	120-1192@6.0-1192@58.2	1192	1192	0	0	0	0	0											LOS_A		0.00	0.00
1	14400-18000	120-1193@13.6-1193@42.6	1193	1193	0	0	0	0	0											LOS_A		0.00	0.00
1	14400-18000	120-1194@0.7-1194@34.7	1194	1194	0	0	0	0	0											LOS_A		0.00	0.00
1	14400-18000	120-1236@14.1-1103@19.5	1236	1103	0	0	0	0	0											LOS_A		0.00	0.00
1	14400-18000	120-1236@14.1-1107@21.1	1236	1107	2	1	0	0	1	5.15	4.37			5.94	0.00	0.00			0.00	LOS_A	1	0.00	0.00
1	14400-18000	120-1236@14.1-1112@5.6	1236	1112	303	266	0	3	3	1.13	1.25		1.23	0.46	0.00	0.00		0.00	0.00	LOS_A	1	0.00	0.00
1	14400-18000	120-1239@4.2-1099@27.3	1239	1099	1	1	0	0	0	0.00	0.00				0.00	0.00				LOS_A	1	0.00	0.00
1	14400-18000	120-1239@4.2-1107@21.1	1239	1107	0	0	0	0	0											LOS_A		0.00	0.00
1	14400-18000	120-1239@4.2-11576@36.8	1239	11576	0	0	0	0	0											LOS_A		0.00	0.00
1	14400-18000	120			1238	1154	0	10	10	1.62	1.60		2.01	2.04	0.02	0.02		0.00	0.00	LOS_A	1	0.01	19.09
1	14400-18000	121			0	0	0	0	0											LOS_A			
1	14400-18000	122			0	0	0	0	0											LOS_A			
1	14400-18000	123			0	0	0	0	0											LOS_A			
1	14400-18000	124-1123: Kamil St EA@88.6-1122@4.7	1123	1122	6	6	0	0	0	0.00	0.00				0.00	0.00				LOS_A	1	0.00	0.00
1	14400-18000	124-271468@25.6-1122@4.7	271468	1122	612	566	0	8	7	1.98	1.29		2.69	1.92	0.01	0.01		0.00	0.00	LOS_A	1	4.65	41.82
1	14400-18000	124-271468@25.6-1180@8.5	271468	1180	11	11	0	0	0	2.82	2.82				0.00	0.00				LOS_A	1	4.65	41.82
1	14400-18000	124			629	583	0	8	7	1.98	1.31		2.69	1.92	0.01	0.01		0.00	0.00	LOS_A	1	2.33	41.82
1	14400-18000	125			0	0	0	0	0											LOS_A			
1	14400-18000	244-1156@962.0-1223@12.7	1156	1223	0	0	0	0	0											LOS_A		0.00	0.00
1	14400-18000	244-1156@962.0-1224@15.7	1156	1224	342	329	0	7	6	0.39	0.41		0.13	0.00	0.00	0.00		0.00	0.00	LOS_A	1	0.00	0.00
1	14400-18000	244-1221: One school Melton SA@50.0-1224@15.7	1221	1224	0	0	0	0	0											LOS_A		0.00	0.00
1	14400-18000	244-1221: One school Melton SA@50.0-1225@11.6	1221	1225	0	0	0	0	0											LOS_A		0.00	0.00
1	14400-18000	244-1227@99.3-1223@12.7	1227	1223	0	0	0	0	0											LOS_A		0.00	0.00
1	14400-18000	244-1227@99.3-1225@11.6	1227	1225	342	338	0	1	3	0.30	0.30		0.00	0.26	0.00	0.00		0.00	0.00	LOS_A	1	0.00	0.00
1	14400-18000	244			684	667	0	8	9	0.35	0.35		0.11	0.09	0.00	0.00		0.00	0.00	LOS_A	1	0.00	0.00
1	14400-18000	245			0	0	0	0	0											LOS_A			
1	14400-18000	246-1224@100.1-1229@17.2	1224	1229	33	33	0	0	0	0.22	0.22				0.00	0.00				LOS_A	1	0.00	0.00
1	14400-18000	246-1224@100.1-1230@17.9	1224	1230	309	296	0	7	6	0.42	0.44		0.12	0.02	0.00	0.00		0.00	0.00	LOS_A	1	0.00	0.00
1	14400-18000	246-1228: Gleneagles Dr NA@93.7-1227@14.9	1228	1227	20	20	0	0	0	0.00	0.00				0.00	0.00				LOS_A	1	0.00	0.00
1	14400-18000	246-1228: Gleneagles Dr NA@93.7-1230@17.9	1228	1230	105	104	0	1	0	0.03	0.03		0.00		0.00	0.00		0.00		LOS_A	1	0.00	0.00
1	14400-18000	246-1235@217.9-1227@14.9	1235	1227	322	318	0	1	3	0.37	0.37		0.00	0.37	0.00	0.00		0.00	0.00	LOS_A	1	0.00	0.00
1	14400-18000	246-1235@217.9-1229@17.2	1235	1229	80	80	0	0	0	0.27	0.27				0.00	0.00				LOS_A	1	0.00	0.00
1	14400-18000	246			869	851	0	9	9	0.32	0.33		0.10	0.14	0.00	0.00		0.00	0.00	LOS_A	1	0.00	0.00
1	14400-18000	247			0	0	0	0	0											LOS_A			
1	14400-18000	248-1152@193.7-1233@16.5	1152	1233	31	31	0	0	0	0.37	0.37				0.00	0.00				LOS_A	1	0.00	0.00
1	14400-18000	248-1152@193.7-1235@13.8	1152	1235	402	398	0	1	3	0.35	0.36		0.00	0.29	0.00	0.00		0.00	0.00	LOS_A	1	0.00	0.00
1	14400-18000	248-1230@222.2-1233@16.5	1230	1233	6	6	0	0	0	0.54	0.54				0.00	0.00				LOS_A	1	0.00	0.00
1	14400-18000	248-1230@222.2-1234@16.0	1230	1234	408	394	0	8	6	0.54	0.56		0.20	0.09	0.00	0.00		0.00	0.00	LOS_A	1	0.00	0.00
1	14400-18000	248-1232: John Batman Dr NA@78.7-1234@16.0	1232	1234	23	23	0	0	0	0.00	0.00				0.00	0.00				LOS_A	1	0.00	0.00
1	14400-18000	248-1232: John Batman Dr NA@78.7-1235@13.8	1232	1235	0	0	0	0	0											LOS_A		0.00	0.00
1	14400-18000	248			870	852	0	9	9	0.44	0.44		0.18	0.16	0.00	0.00		0.00	0.00	LOS_A	1	0.00	0.00
1	14400-18000	249			0	0	0	0	0											LOS_A			
1	14400-18000	298			0	0	0	0	0											LOS_A			
1	14400-18000	299			0	0	0	0	0											LOS_A			
1	14400-18000	312-2419@3.3-24810@22.1	2419	24810	367	330	0	28	9	0.72	0.66		1.18	1.51	0.00	0.00		0.00	0.00	LOS_A	1	0.00	0.00
1	14400-18000	312-2420@4.1-2422@13.2	2420	2422	333	307	0	24	2	0.94	0.93		1.06	1.05	0.00	0.00		0.00	0.00	LOS_A	1	0.00	0.00
1	14400-18000	312-2475@44.5-2391@3.4	2475	2391	220	190	3	17	10	1.03	0.80	5.04	1.81	2.79	0.00	0.00	0.00	0.00	0.00	LOS_A	1	0.00	0.00
1	14400-18000	312-2475@44.5-2422@13.2	2475	2422	36	35	0	1	0	9.10	8.97		13.72		0.00	0.00		0.00		LOS_A	1	0.00	0.00
1	14400-18000	312-2527@16.1-2391@3.4	2527	2391	194	192	1	1	0	2.05	2.04	4.81	1.28		0.00	0.00	0.00	0.00		LOS_A	1	0.00	0.00
1	14400-18000	312-2527@16.1-24810@22.1	2527	24810	105	99	1	4	1	4.33	4.27	7.04	5.09	4.41	0.00	0.00	0.00	0.00	0.00	LOS_A	1	0.00	0.00
1	14400-18000	312			1255	1153	5	75	22	1.58	1.55	5.39	1.66	2.18	0.00	0.00	0.00	0.00	0.00	LOS_A	1	0.00	0.00
1	14400-18000	313-2394@59.8-2414@34.7	2394	2414	365	346	0	13	6	4.55	4.46		6.03	6.46	0.00	0.00		0.00	0.00	LOS_A	1	0.00	0.00
1	14400-18000	313-2394@59.8-2418@36.3	2394	2418	140	134	0	5	1	2.39	2.38		2.84	2.49	0.00	0.00		0.00	0.00	LOS_A	1	0.00	0.00
1	14400-18000	313-2401@29.1-2389@16.1	2401	2389	412	396	2	10	4	5.34	5.33	7.03	5.36	5.85	0.11	0.12	0.00	0.00	0.00	LOS_A	1	0.06	13.35
1	14400-18000	313-2401@29.1-2418@36.3	2401	2418	560	503	0	47	10	0.99	0.98		1.04	1.69	0.00	0.00		0.00	0.00	LOS_A	1	0.00	0.00
1	14400-18000	313-2416@14.9-2389@16.1	2416	2389	25	24	1	0	0	2.19	2.02	6.25			0.00	0.00	0.00			LOS_A	1	0.00	0.00
1	14400-18000	313-2416@14.9-2414@34.7	2416	2414	389	358	3	18	10	0.94	0.89	3.81	0.97	1.84	0.00	0.00	0.00	0.00	0.00	LOS_A	1	0.00	0.00
1	14400-18000	313			1891	1761	6	93	31	2.74	2.74	5.29	2.28	3.22	0.03	0.03	0.00	0.00	0.00	LOS_A	1	0.01	13.35
1	14400-18000	314-2403: Middle Rd WA@220.3-2402@17.0	2403	2402	28	28	0	0	0	0.68	0.68				0.00	0.00				LOS_A	1	0.00	0.00
1	14400-18000	314-2403: Middle Rd WA@220.3-2424@24.2	2403	2424	14	14	0	0	0	1.38	1.38				0.00	0.00				LOS_A	1	0.00	0.00
1	14400-18000	314-2409@18.3-2410@13.9	2409	2410	61	61	0	0	0	4.36	4.36				0.00	0.00				LOS_A	1	0.00	0.00
1	14400-18000	314-2409@18.3-2424@24.2	2409	2424	693	643	3	31	16	1.18	1.02	7.91	3.00	3.15	0.00	0.00	0.00	0.00	0.00	LOS_A	1	0.00	0.00
1	14400-18000	314-2413@40.6-2402@17.0	2413	2402	944	871	2	57	14	0.86	0.83	1.44	1.01	1.56	0.06	0.07	0.00	0.00	0.00	LOS_A	1	0.00	0.00
1	14400-18000	314-2413@40.6-2410@13.9	2413	2410	28	28	0	0	0	1.53	1.53				0.00	0.00				LOS_A	1	0.65	43.78
1	14400-18000	314-2517@5.7-2517@54.4	2517	2517	0	0	0	0	0											LOS_A		0.00	0.00
1	14400-18000	314			1768	1645	5	88	30	1.12	1.05	5.33	1.71	2.41	0.03	0.03	0.00	0.00	0.00	LOS_A	1	0.11	43.78
1	14400-18000	315-2424@32.6-2426@30.8	2424	2426	661	629	0	20	12	0.34	0.32		0.70	1.14	0.00	0.00		0.00	0.00	LOS_A	1	0.00	0.00
1	14400-18000	315-2424@32.6-2434@37.0	2424	2434	10	10	0	0	0	2.67	2.67				0.00	0.00				LOS_A	1	0.00	0.00
1	14400-18000	315-2424@32.6-2439@33.6	2424	2439	36	18	3	11	4	4.98	4.37	6.68	5.40	5.28	0.00	0.00	0.00	0.00	0.00	LOS_A	1	0.00	0.00
1	14400-18000	315-2430@18.6-2413@31.6	2430	2413	85	64	0	16	5	4.48	4.00		6.02	5.70	0.00	0.00		0.00	0.00	LOS_A	1	0.00	0.00
1	14400-18000	315-2430@18.6-2426@30.8	2430	2426	17	16	0	0	1	1.16	1.24			0.00	0.00	0.00			0.00	LOS_A	1	0.00	0.00
1	14400-18000	315-2430@18.6-2439@33.6	2430	2439	2	2	0	0	0	5.72	5.72				0.00	0.00				LOS_A	1	0.00	0.00
1	14400-18000	315-2438@12.4-2413@31.6	2438	2413	53	26	2	21	4	0.73	1.27	0.11	0.18	0.34	0.00	0.00	0.00	0.00	0.00	LOS_A	1	0.00	0.00
1	14400-18000	315-2438@12.4-2426@30.8	2438	2426	0	0	0	0	0											LOS_A		0.00	0.00
1	14400-18000	315-2438@12.4-2434@37.0	2438	2434	12	12	0	0	0	5.25	5.25				0.00	0.00				LOS_A	1	0.00	0.00
1	14400-18000	315-2442@2.5-2413@31.6	2442	2413	835	810	0	20	5	0.43	0.44		0.04	0.17	0.27	0.28		0.00	0.00	LOS_A	1	0.00	0.00
1	14400-18000	315-2442@2.5-2434@37.0	2442	2434	9	6	0	2	1	0.28	0.01		0.70	1.08	0.00	0.00		0.00	0.00	LOS_A	1	0.00	0.00
1	14400-18000	315-2442@2.5-2439@33.6	2442	2439	1	1	0	0	0	0.03	0.03				0.00	0.00				LOS_A	1	0.00	0.00
1	14400-18000	315			1721	1594	5	90	32	0.76	0.65	4.05	1.95	2.08	0.13	0.14	0.00	0.00	0.00	LOS_A	1	0.00	0.00
1	14400-18000	316			0	0	0	0	0											LOS_A			
1	14400-18000	317			0	0	0	0	0											LOS_A			
1	14400-18000	318			0	0	0	0	0											LOS_A			
1	14400-18000	319			0	0	0	0	0											LOS_A			
1	14400-18000	320			0	0	0	0	0											LOS_A			
1	14400-18000	322-2388@109.5-2387: Western Fwy  Deer Park Byp@24.8	2388	2387	437	420	3	10	4	0.64	0.63	1.68	0.76	1.05	0.00	0.00	0.00	0.00	0.00	LOS_A	1	0.00	0.00
1	14400-18000	322-2397: Western Fwy  Deer Park Byp@856.0-2387: Western Fwy  Deer Park Byp@24.8	2397	2387	1171	1129	2	28	12	0.78	0.76	2.19	1.18	1.35	0.00	0.00	0.00	0.00	0.00	LOS_A	1	0.00	0.00
1	14400-18000	322			1608	1549	5	38	16	0.74	0.72	1.88	1.07	1.28	0.00	0.00	0.00	0.00	0.00	LOS_A	1	0.00	0.00
1	14400-18000	323-2479: Western Fwy  Deer Park Byp@45.2-2477@22.4	2479	2477	256	225	3	18	10	3.35	3.22	5.38	4.03	4.43	0.00	0.00	0.00	0.00	0.00	LOS_A	1	0.00	0.00
1	14400-18000	323-2479: Western Fwy  Deer Park Byp@45.2-2478: Western Fwy  Deer Park Byp@23.8	2479	2478	1297	1196	9	54	38	0.95	0.97	1.11	0.73	0.58	0.00	0.00	0.00	0.00	0.00	LOS_A	1	0.00	0.00
1	14400-18000	323			1553	1421	12	72	48	1.35	1.33	2.17	1.55	1.39	0.00	0.00	0.00	0.00	0.00	LOS_A	1	0.00	0.00
1	14400-18000	324-2478: Western Fwy  Deer Park Byp@815.7-2483: Western Fwy  Deer Park Byp@32.3	2478	2483	1297	1196	9	54	38	1.41	1.44	0.80	1.29	0.82	0.00	0.00	0.00	0.00	0.00	LOS_A	1	0.00	0.00
1	14400-18000	324-2485@71.7-2483: Western Fwy  Deer Park Byp@32.3	2485	2483	472	429	1	32	10	4.57	4.48	6.83	5.35	5.62	0.00	0.00	0.00	0.00	0.00	LOS_A	1	0.00	0.00
1	14400-18000	324			1769	1625	10	86	48	2.26	2.24	1.41	2.80	1.82	0.00	0.00	0.00	0.00	0.00	LOS_A	1	0.00	0.00
1	14400-18000	325-2398: Western Fwy  Deer Park Byp@30.6-2385@22.8	2398	2385	505	480	0	18	7	4.73	4.68		5.66	5.97	0.00	0.00		0.00	0.00	LOS_A	1	0.00	10.25
1	14400-18000	325-2398: Western Fwy  Deer Park Byp@30.6-2397: Western Fwy  Deer Park Byp@22.6	2398	2397	1171	1129	2	28	12	1.62	1.64	0.86	1.11	1.54	0.00	0.00	0.00	0.00	0.00	LOS_A	1	0.00	10.25
1	14400-18000	325			1676	1609	2	46	19	2.56	2.55	0.86	2.89	3.17	0.00	0.00	0.00	0.00	0.00	LOS_A	1	0.00	10.25
1	14400-18000	326-2502: Western Fwy  Deer Park Byp EA@2131.3-2513: Western Fwy  Deer Park Byp@18.8	2502	2513	1030	987	1	28	14	0.43	0.43	0.26	0.58	0.21	0.00	0.00	0.00	0.00	0.00	LOS_A	1	0.00	0.00
1	14400-18000	326-2514: Western Fwy  Deer Park Byp@123.8-2513: Western Fwy  Deer Park Byp@18.8	2514	2513	646	622	1	18	5	3.02	3.01	1.49	3.26	3.73	0.00	0.00	0.00	0.00	0.00	LOS_A	1	0.00	0.00
1	14400-18000	326			1676	1609	2	46	19	1.43	1.43	0.88	1.63	1.14	0.00	0.00	0.00	0.00	0.00	LOS_A	1	0.00	0.00
1	14400-18000	327-2505: Western Fwy  Deer Park Byp@33.7-2506: Western Fwy  Deer Park Byp@21.2	2505	2506	1006	924	7	47	28	1.35	1.36	1.34	1.20	1.24	0.00	0.00	0.00	0.00	0.00	LOS_A	1	0.01	11.61
1	14400-18000	327-2505: Western Fwy  Deer Park Byp@33.7-2508: Western Fwy  Deer Park Byp@13.2	2505	2508	763	701	3	39	20	3.96	3.88	5.16	4.81	4.97	0.03	0.02	0.00	0.08	0.00	LOS_A	1	0.01	11.61
1	14400-18000	327			1769	1625	10	86	48	2.47	2.45	2.49	2.84	2.80	0.01	0.01	0.00	0.04	0.00	LOS_A	1	0.01	11.61
1	14400-18000	338			0	0	0	0	0											LOS_A			
1	18000-21600	43-28: Troups Rd N@6.9-13: Western Hwy@23.8	28	13	128	119	0	5	4	0.36	0.33		0.71	0.68	0.00	0.00		0.00	0.00	LOS_A	1	0.00	0.00
1	18000-21600	43-609: Western Hwy@95.9-13: Western Hwy@23.8	609	13	1700	1619	7	45	27	3.50	3.49	5.95	3.58	3.44	0.00	0.00	0.00	0.00	0.00	LOS_A	1	0.00	0.00
1	18000-21600	43-609: Western Hwy@95.9-27: Troups Rd N@5.6	609	27	314	314	0	0	0	4.89	4.89				0.00	0.00				LOS_A	1	0.00	0.00
1	18000-21600	43-944: Western Hwy@45.8-73: Western Hwy@23.3	944	73	995	914	17	33	29	0.52	0.53	0.55	0.45	0.27	0.00	0.00	0.00	0.00	0.00	LOS_A	1	0.00	0.00
1	18000-21600	43			3137	2966	24	83	60	2.56	2.60	2.12	2.16	1.73	0.00	0.00	0.00	0.00	0.00	LOS_A	1	0.00	0.00
1	18000-21600	44-15@3.2-243: Ferris Rd  Melton Hwy@24.7	15	243	279	268	0	3	6	0.72	0.64		1.88	3.37	0.00	0.00		0.00	0.00	LOS_A	1	0.00	0.00
1	18000-21600	44-421: Ferris Rd@65.5-20@13.7	421	20	89	86	1	1	1	3.88	3.83	5.62	5.52	5.20	0.06	0.06	0.00	0.00	0.00	LOS_A	1	0.00	0.00
1	18000-21600	44-421: Ferris Rd@65.5-243: Ferris Rd  Melton Hwy@24.7	421	243	359	346	0	6	5	0.65	0.66		0.76	0.27	0.01	0.01		0.00	0.00	LOS_A	1	0.00	0.00
1	18000-21600	44-682@3.6-420: Ferris Rd@19.2	682	420	108	104	0	3	1	0.81	0.75		1.71	4.19	0.00	0.00		0.00	0.00	LOS_A	1	0.00	0.00
1	18000-21600	44-10393@15.0-19@37.7	10393	19	118	118	0	0	0	3.21	3.21				0.00	0.00				LOS_A	1	0.00	0.00
1	18000-21600	44-10393@15.0-420: Ferris Rd@19.2	10393	420	380	373	0	2	3	1.29	1.30		0.40	0.91	0.00	0.00		0.00	0.00	LOS_A	1	0.00	0.00
1	18000-21600	44			1333	1295	1	15	16	1.30	1.29	5.62	1.45	2.11	0.01	0.01	0.00	0.00	0.00	LOS_A	1	0.00	0.00
1	18000-21600	45-680: Melton Hwy@89.9-95: Melton Hwy@34.6	680	95	378	369	0	4	5	0.28	0.25		1.54	1.15	0.00	0.00		0.00	0.00	LOS_A	1	0.00	0.00
1	18000-21600	45-680: Melton Hwy@89.9-363: Gateway Dr@6.2	680	363	0	0	0	0	0											LOS_A		0.00	0.00
1	18000-21600	45-680: Melton Hwy@89.9-500: Zone connector@15.5	680	500	32	32	0	0	0	3.70	3.70				0.00	0.00				LOS_A	1	0.00	0.00
1	18000-21600	45-271472: Melton Hwy@23.5-307: Melton Hwy@23.4	271472	307	285	279	0	3	3	0.07	0.07		0.00	0.29	0.00	0.00		0.00	0.00	LOS_A	1	0.00	0.00
1	18000-21600	45-271472: Melton Hwy@23.5-363: Gateway Dr@6.2	271472	363	0	0	0	0	0											LOS_A		0.00	0.00
1	18000-21600	45-271472: Melton Hwy@23.5-500: Zone connector@15.5	271472	500	38	38	0	0	0	8.57	8.57				0.00	0.00				LOS_A	1	0.00	0.00
1	18000-21600	45-271481: Gateway Dr@28.0-95: Melton Hwy@34.6	271481	95	0	0	0	0	0											LOS_A		0.00	0.00
1	18000-21600	45-271481: Gateway Dr@28.0-307: Melton Hwy@23.4	271481	307	8	8	0	0	0	2.55	2.55				0.00	0.00				LOS_A	1	0.00	0.00
1	18000-21600	45-271481: Gateway Dr@28.0-500: Zone connector@15.5	271481	500	0	0	0	0	0											LOS_A		0.00	0.00
1	18000-21600	45-271486: Zone connector@56.9-95: Melton Hwy@34.6	271486	95	70	70	0	0	0	0.08	0.08				0.00	0.00				LOS_A	1	0.00	0.00
1	18000-21600	45-271486: Zone connector@56.9-307: Melton Hwy@23.4	271486	307	31	31	0	0	0	1.19	1.19				0.00	0.00				LOS_A	1	0.00	0.00
1	18000-21600	45-271486: Zone connector@56.9-363: Gateway Dr@6.2	271486	363	0	0	0	0	0											LOS_A		0.00	0.00
1	18000-21600	45			842	827	0	7	8	0.75	0.75		0.88	0.83	0.00	0.00		0.00	0.00	LOS_A	1	0.00	0.00
1	18000-21600	46-12: Hopkins Rd@68.9-44: Hopkins Rd@23.1	12	44	599	531	1	36	20	1.36	1.41	0.00	1.01	0.90	0.00	0.00	0.00	0.00	0.00	LOS_A	1	0.00	0.00
1	18000-21600	46-12: Hopkins Rd@68.9-104@37.0	12	104	85	81	0	2	2	0.67	0.68		0.27	0.35	0.00	0.00		0.00	0.00	LOS_A	1	0.00	0.00
1	18000-21600	46-12: Hopkins Rd@68.9-428@34.4	12	428	10	10	0	0	0	2.46	2.46				0.00	0.00				LOS_A	1	0.00	0.00
1	18000-21600	46-12: Hopkins Rd@68.9-1243: Hopkins Rd@4.3	12	1243	0	0	0	0	0											LOS_A		0.00	0.00
1	18000-21600	46-255: Hopkins Rd@17.0-44: Hopkins Rd@23.1	255	44	0	0	0	0	0											LOS_A		0.00	0.00
1	18000-21600	46-255: Hopkins Rd@17.0-104@37.0	255	104	172	168	0	0	2	1.38	1.40			1.12	0.00	0.00			0.00	LOS_A	1	0.00	0.00
1	18000-21600	46-255: Hopkins Rd@17.0-428@34.4	255	428	15	15	0	0	0	4.15	4.15				0.00	0.00				LOS_A	1	0.00	0.00
1	18000-21600	46-255: Hopkins Rd@17.0-1243: Hopkins Rd@4.3	255	1243	513	478	0	12	12	1.47	1.43		1.75	2.69	0.00	0.00		0.00	0.00	LOS_A	1	0.00	0.00
1	18000-21600	46-257@11.2-44: Hopkins Rd@23.1	257	44	63	63	0	0	0	1.54	1.54				0.37	0.37				LOS_A	1	0.00	0.00
1	18000-21600	46-257@11.2-104@37.0	257	104	0	0	0	0	0											LOS_A		0.00	0.00
1	18000-21600	46-257@11.2-428@34.4	257	428	0	0	0	0	0											LOS_A		0.00	0.00
1	18000-21600	46-257@11.2-1243: Hopkins Rd@4.3	257	1243	170	165	0	3	2	1.12	1.01		4.51	5.67	0.00	0.00		0.00	0.00	LOS_A	1	0.00	0.00
1	18000-21600	46-429: 7-Eleven NA@91.6-44: Hopkins Rd@23.1	429	44	27	27	0	0	0	0.76	0.76				0.00	0.00				LOS_A	1	0.00	0.00
1	18000-21600	46-429: 7-Eleven NA@91.6-104@37.0	429	104	6	6	0	0	0	0.03	0.03				0.00	0.00				LOS_A	1	0.00	0.00
1	18000-21600	46-429: 7-Eleven NA@91.6-428@34.4	429	428	0	0	0	0	0											LOS_A		0.00	0.00
1	18000-21600	46-429: 7-Eleven NA@91.6-1243: Hopkins Rd@4.3	429	1243	17	17	0	0	0	0.25	0.25				0.00	0.00				LOS_A	1	0.00	0.00
1	18000-21600	46			1677	1561	1	53	38	1.35	1.34	0.00	1.35	1.70	0.01	0.02	0.00	0.00	0.00	LOS_A	1	0.00	0.00
1	18000-21600	47-4: Caroline Springs Blvd@6.8-212: Caroline Springs Blvd@4.6	4	212	391	349	2	14	11	1.88	1.18	1.39	0.62	0.95	0.00	0.00	0.00	0.00	0.00	LOS_A	1	0.00	0.00
1	18000-21600	47-4: Caroline Springs Blvd@6.8-446@6.0	4	446	4	4	0	0	0	1.38	1.38				0.00	0.00				LOS_A	1	0.00	0.00
1	18000-21600	47-447: Caroline Spring Blvd NA@32.5-212: Caroline Springs Blvd@4.6	447	212	1	1	0	0	0	0.14	0.14				0.00	0.00				LOS_A	1	0.00	0.00
1	18000-21600	47-887: Caroline Springs Blvd@16.4-212: Caroline Springs Blvd@4.6	887	212	15	15	0	0	0	6.25	6.25				0.00	0.00				LOS_A	1	0.00	0.00
1	18000-21600	47-887: Caroline Springs Blvd@16.4-448@12.1	887	448	796	749	1	19	12	0.73	0.70	3.56	0.83	0.98	0.00	0.00	0.00	0.00	0.00	LOS_A	1	0.00	0.00
1	18000-21600	47			1207	1118	3	33	23	1.17	0.92	2.11	0.74	0.96	0.00	0.00	0.00	0.00	0.00	LOS_A	1	0.00	0.00
1	18000-21600	48-271519: Meskos Rd@47.0-12: Hopkins Rd@26.0	271519	12	93	78	0	6	3	1.08	0.67		2.52	2.71	0.00	0.00		0.00	0.00	LOS_A	1	0.00	0.00
1	18000-21600	48-271519: Meskos Rd@47.0-55: Hopkins Rd@15.4	271519	55	30	30	0	0	0	0.34	0.34				0.00	0.00				LOS_A	1	0.00	0.00
1	18000-21600	48-271519: Meskos Rd@47.0-82: Sheahan Rd@36.7	271519	82	0	0	0	0	0											LOS_A		0.00	0.00
1	18000-21600	48-271522: Hopkins Rd@23.9-55: Hopkins Rd@15.4	271522	55	616	596	0	8	7	1.04	1.06		0.47	0.89	0.00	0.00		0.00	0.00	LOS_A	1	0.00	0.00
1	18000-21600	48-271522: Hopkins Rd@23.9-66: Meskos Rd@27.7	271522	66	63	47	0	5	5	6.10	5.96		6.52	7.19	0.17	0.22		0.00	0.00	LOS_A	1	0.00	0.00
1	18000-21600	48-271522: Hopkins Rd@23.9-82: Sheahan Rd@36.7	271522	82	21	17	0	2	2	5.06	4.82		5.67	6.47	0.00	0.00		0.00	0.00	LOS_A	1	0.00	0.00
1	18000-21600	48-271526: Sheahan Rd@62.5-12: Hopkins Rd@26.0	271526	12	42	36	0	4	2	0.01	0.01		0.00	0.04	0.00	0.00		0.00	0.00	LOS_A	1	0.00	0.00
1	18000-21600	48-271526: Sheahan Rd@62.5-55: Hopkins Rd@15.4	271526	55	35	31	2	2	0	0.12	0.03	0.94	0.74		0.00	0.00	0.00	0.00		LOS_A	1	0.00	0.00
1	18000-21600	48-271526: Sheahan Rd@62.5-66: Meskos Rd@27.7	271526	66	1	1	0	0	0	0.04	0.04				0.00	0.00				LOS_A	1	0.00	0.00
1	18000-21600	48-271531: Hopkins Rd@5.3-12: Hopkins Rd@26.0	271531	12	559	508	1	28	17	0.79	0.84	0.00	0.25	0.43	0.00	0.00	0.00	0.00	0.00	LOS_A	1	0.12	26.31
1	18000-21600	48-271531: Hopkins Rd@5.3-66: Meskos Rd@27.7	271531	66	18	16	0	2	0	10.89	10.74		12.08		0.00	0.00		0.00		LOS_B	2	0.12	26.31
1	18000-21600	48-271531: Hopkins Rd@5.3-82: Sheahan Rd@36.7	271531	82	5	5	0	0	0	6.68	6.68				0.00	0.00				LOS_A	1	0.12	26.31
1	18000-21600	48-271556@6.9-271556@52.0	271556	271556	4	0	0	0	0	0.00					0.00					LOS_A	1	0.12	17.29
1	18000-21600	48-271558@2.8-271558@48.4	271558	271558	3	0	0	0	0	0.00					0.00					LOS_A	1	0.08	18.94
1	18000-21600	48-271560@6.3-271560@50.2	271560	271560	4	0	0	0	0	0.00					0.00					LOS_A	1	0.04	18.44
1	18000-21600	48-271566@22.9-271566@62.3	271566	271566	10	0	0	0	0	0.00					0.00					LOS_A	1	0.22	20.28
1	18000-21600	48			1504	1365	3	57	36	1.28	1.24	0.63	1.68	1.96	0.01	0.01	0.00	0.00	0.00	LOS_A	1	0.07	26.31
1	18000-21600	49-351: Delma Rd@85.2-352: Eucumbene Dr@37.8	351	352	0	0	0	0	0											LOS_A		0.00	0.00
1	18000-21600	49-351: Delma Rd@85.2-506: Zone connector@80.7	351	506	13	13	0	0	0	2.62	2.62				0.00	0.00				LOS_A	1	0.00	0.00
1	18000-21600	49-353: Eucumbene Dr@275.9-350: Delma Rd@23.2	353	350	0	0	0	0	0											LOS_A		0.00	0.00
1	18000-21600	49-353: Eucumbene Dr@275.9-506: Zone connector@80.7	353	506	30	30	0	0	0	1.25	1.25				0.00	0.00				LOS_A	1	0.00	0.00
1	18000-21600	49-505: Eucumbene Dr SA@77.8-350: Delma Rd@23.2	505	350	40	40	0	0	0	0.00	0.00				0.00	0.00				LOS_A	1	0.00	0.00
1	18000-21600	49-505: Eucumbene Dr SA@77.8-352: Eucumbene Dr@37.8	505	352	2	2	0	0	0	0.00	0.00				0.00	0.00				LOS_A	1	0.00	0.00
1	18000-21600	49			85	85	0	0	0	0.84	0.84				0.00	0.00				LOS_A	1	0.00	0.00
1	18000-21600	50-115: Western Hwy@22.9-209: Ballarat Rd  Western Hwy@28.7	115	209	113	112	0	1	0	0.24	0.24		0.08		0.00	0.00		0.00		LOS_A	1	0.00	0.00
1	18000-21600	50-115: Western Hwy@22.9-283: Christies Rd@7.9	115	283	25	23	0	1	1	6.39	6.27		7.60	7.94	0.00	0.00		0.00	0.00	LOS_A	1	0.00	0.00
1	18000-21600	50-461: Ballarat Rd  Western Hwy@7.1-114: Western Hwy@17.3	461	114	713	695	0	10	8	1.01	1.00		1.07	0.99	0.00	0.00		0.00	0.00	LOS_A	1	0.00	0.00
1	18000-21600	50-461: Ballarat Rd  Western Hwy@7.1-215: Caroline Springs Blvd@5.8	461	215	302	301	0	1	0	2.78	2.77		3.99		0.00	0.00		0.00		LOS_A	1	0.00	0.00
1	18000-21600	50-648: Christies Rd@37.8-114: Western Hwy@17.3	648	114	48	47	0	1	0	1.69	1.64		3.90		0.00	0.00		0.00		LOS_A	1	0.00	0.00
1	18000-21600	50-648: Christies Rd@37.8-209: Ballarat Rd  Western Hwy@28.7	648	209	32	32	0	0	0	8.54	8.54				0.00	0.00				LOS_A	1	0.00	0.00
1	18000-21600	50-648: Christies Rd@37.8-215: Caroline Springs Blvd@5.8	648	215	367	342	0	5	5	1.33	1.35		1.45	2.30	0.00	0.00		0.00	0.00	LOS_A	1	0.00	0.00
1	18000-21600	50-649@8.2-283: Christies Rd@7.9	649	283	102	99	0	2	1	1.39	1.35		2.64	2.68	0.00	0.00		0.00	0.00	LOS_A	1	0.00	0.00
1	18000-21600	50-651@22.8-215: Caroline Springs Blvd@5.8	651	215	142	121	1	13	7	1.59	1.40	18.72	1.89	1.81	0.01	0.00	2.00	0.00	0.00	LOS_A	1	0.00	0.00
1	18000-21600	50-652: Caroline Springs Blvd@21.4-114: Western Hwy@17.3	652	114	82	75	0	5	2	6.98	6.96		6.87	8.36	0.00	0.00		0.00	0.00	LOS_A	1	0.00	0.00
1	18000-21600	50-652: Caroline Springs Blvd@21.4-209: Ballarat Rd  Western Hwy@28.7	652	209	49	49	0	0	0	8.44	8.44				0.00	0.00				LOS_A	1	0.02	22.98
1	18000-21600	50-652: Caroline Springs Blvd@21.4-283: Christies Rd@7.9	652	283	276	241	2	9	9	1.21	1.05	1.42	0.60	1.46	0.01	0.01	0.00	0.00	0.00	LOS_A	1	0.00	0.00
1	18000-21600	50			2251	2137	3	48	33	1.90	1.88	7.18	2.15	2.20	0.00	0.00	0.67	0.00	0.00	LOS_A	1	0.00	22.98
1	18000-21600	51-7: Ballarat Rd  Western Hwy@16.6-10: Ballarat Rd  Western Hwy@18.5	7	10	11	11	0	0	0	0.21	0.21				0.00	0.00				LOS_A	1	0.00	0.00
1	18000-21600	51-7: Ballarat Rd  Western Hwy@16.6-385: Chisholm Dr@11.7	7	385	13	13	0	0	0	1.62	1.62				0.00	0.00				LOS_A	1	0.00	0.00
1	18000-21600	51-7: Ballarat Rd  Western Hwy@16.6-670: Ballarat Rd  Western Hwy@1.4	7	670	17	17	0	0	0	3.02	3.02				0.00	0.00				LOS_A	1	0.00	0.00
1	18000-21600	51-7: Ballarat Rd  Western Hwy@16.6-671: Panamax Rd@7.5	7	671	0	0	0	0	0											LOS_A		0.00	0.00
1	18000-21600	51-347: Panamax Rd@4.8-10: Ballarat Rd  Western Hwy@18.5	347	10	233	232	0	1	0	1.88	1.89		0.00		0.04	0.04		0.00		LOS_A	1	0.00	0.00
1	18000-21600	51-347: Panamax Rd@4.8-385: Chisholm Dr@11.7	347	385	54	54	0	0	0	6.95	6.95				0.02	0.02				LOS_A	1	0.00	0.00
1	18000-21600	51-347: Panamax Rd@4.8-670: Ballarat Rd  Western Hwy@1.4	347	670	191	190	0	1	0	7.03	7.03		8.34		0.16	0.16		0.00		LOS_A	1	0.19	35.37
1	18000-21600	51-360: Ballarat Rd  Western Hwy@55.2-10: Ballarat Rd  Western Hwy@18.5	360	10	105	105	0	0	0	0.31	0.31				0.00	0.00				LOS_A	1	0.00	0.00
1	18000-21600	51-360: Ballarat Rd  Western Hwy@55.2-385: Chisholm Dr@11.7	360	385	36	36	0	0	0	5.33	5.33				0.11	0.11				LOS_A	1	0.00	0.00
1	18000-21600	51-360: Ballarat Rd  Western Hwy@55.2-671: Panamax Rd@7.5	360	671	53	52	0	1	0	4.08	4.07		4.48		0.01	0.01		0.00		LOS_A	1	0.00	0.00
1	18000-21600	51-673: Chisholm Dr@12.9-10: Ballarat Rd  Western Hwy@18.5	673	10	51	51	0	0	0	0.88	0.88				0.00	0.00				LOS_A	1	0.00	0.00
1	18000-21600	51-673: Chisholm Dr@12.9-670: Ballarat Rd  Western Hwy@1.4	673	670	34	34	0	0	0	4.22	4.22				0.00	0.00				LOS_A	1	0.00	0.00
1	18000-21600	51-673: Chisholm Dr@12.9-671: Panamax Rd@7.5	673	671	26	26	0	0	0	13.77	13.77				0.41	0.41				LOS_B	2	0.00	0.00
1	18000-21600	51-885: Ballarat Rd  Western Hwy@6.9-10: Ballarat Rd  Western Hwy@18.5	885	10	0	0	0	0	0											LOS_A		0.00	0.00
1	18000-21600	51-885: Ballarat Rd  Western Hwy@6.9-385: Chisholm Dr@11.7	885	385	68	68	0	0	0	4.26	4.26				0.24	0.24				LOS_A	1	0.00	0.00
1	18000-21600	51-885: Ballarat Rd  Western Hwy@6.9-670: Ballarat Rd  Western Hwy@1.4	885	670	848	827	0	12	9	2.44	2.43		2.99	2.71	0.05	0.05		0.00	0.00	LOS_A	1	0.00	0.00
1	18000-21600	51-885: Ballarat Rd  Western Hwy@6.9-671: Panamax Rd@7.5	885	671	180	180	0	0	0	6.41	6.41				0.03	0.03				LOS_A	1	0.00	0.00
1	18000-21600	51			1920	1896	0	15	9	3.51	3.51		3.24	2.71	0.06	0.06		0.00	0.00	LOS_A	1	0.03	35.37
1	18000-21600	52-198: Melton Hwy@69.6-182@11.5	198	182	73	65	0	3	3	6.33	6.04		9.49	8.95	0.00	0.00		0.00	0.00	LOS_A	1	0.00	0.00
1	18000-21600	52-198: Melton Hwy@69.6-308: Ferris Rd  Melton Hwy@20.5	198	308	498	491	0	2	3	1.39	1.40		0.71	2.07	0.00	0.00		0.00	0.00	LOS_A	1	0.00	0.00
1	18000-21600	52-339@366.5-200: Melton Hwy@21.7	339	200	286	282	0	2	2	1.14	1.12		1.71	3.04	0.00	0.00		0.00	0.00	LOS_A	1	0.00	0.00
1	18000-21600	52-339@366.5-308: Ferris Rd  Melton Hwy@20.5	339	308	0	0	0	0	0											LOS_A		0.00	0.00
1	18000-21600	52-956: Ferris Rd  Melton Hwy@55.3-182@11.5	956	182	138	129	0	5	4	3.76	3.65		5.51	5.14	0.00	0.00		0.00	0.00	LOS_A	1	0.00	0.00
1	18000-21600	52-956: Ferris Rd  Melton Hwy@55.3-200: Melton Hwy@21.7	956	200	500	485	0	4	7	2.47	2.46		2.81	2.46	0.00	0.00		0.00	0.00	LOS_A	1	0.00	0.00
1	18000-21600	52			1495	1452	0	16	19	2.16	2.11		4.51	4.05	0.00	0.00		0.00	0.00	LOS_A	1	0.00	0.00
1	18000-21600	53-899: Melton Hwy@13.5-199: Melton Hwy@15.7	899	199	147	144	0	1	2	2.31	2.29		3.24	3.51	0.00	0.00		0.00	0.00	LOS_A	1	0.19	53.55
1	18000-21600	53-899: Melton Hwy@13.5-301: High St@21.5	899	301	30	30	0	0	0	3.38	3.38				0.07	0.07				LOS_A	1	0.19	53.55
1	18000-21600	53-899: Melton Hwy@13.5-305: Melton Hwy@15.2	899	305	376	367	0	4	5	1.95	1.93		3.52	1.74	0.06	0.06		0.00	0.00	LOS_A	1	0.19	53.55
1	18000-21600	53-899: Melton Hwy@13.5-376: High St@36.1	899	376	233	226	0	1	2	7.11	7.02		19.64	8.43	0.47	0.49		0.20	0.00	LOS_A	1	0.19	53.55
1	18000-21600	53-900: High St@7.7-199: Melton Hwy@15.7	900	199	71	65	0	1	1	0.15	0.05		0.04	0.03	0.00	0.00		0.00	0.00	LOS_A	1	0.00	0.00
1	18000-21600	53-900: High St@7.7-301: High St@21.5	900	301	22	22	0	0	0	0.01	0.01				0.00	0.00				LOS_A	1	0.00	0.00
1	18000-21600	53-900: High St@7.7-305: Melton Hwy@15.2	900	305	24	24	0	0	0	4.96	4.96				0.00	0.00				LOS_A	1	0.00	0.00
1	18000-21600	53-900: High St@7.7-376: High St@36.1	900	376	0	0	0	0	0											LOS_A		0.00	0.00
1	18000-21600	53-901: Melton Hwy@7.6-199: Melton Hwy@15.7	901	199	315	309	0	3	3	0.35	0.34		0.57	0.23	0.00	0.00		0.00	0.00	LOS_A	1	0.00	0.00
1	18000-21600	53-901: Melton Hwy@7.6-301: High St@21.5	901	301	5	5	0	0	0	0.10	0.10				0.00	0.00				LOS_A	1	0.00	0.00
1	18000-21600	53-901: Melton Hwy@7.6-305: Melton Hwy@15.2	901	305	0	0	0	0	0											LOS_A		0.00	0.00
1	18000-21600	53-901: Melton Hwy@7.6-376: High St@36.1	901	376	4	4	0	0	0	0.10	0.10				0.00	0.00				LOS_A	1	0.00	0.00
1	18000-21600	53-1241: High St@3.1-199: Melton Hwy@15.7	1241	199	38	38	0	0	0	0.08	0.08				0.00	0.00				LOS_A	1	0.00	0.00
1	18000-21600	53-1241: High St@3.1-301: High St@21.5	1241	301	0	0	0	0	0											LOS_A		0.00	0.00
1	18000-21600	53-1241: High St@3.1-305: Melton Hwy@15.2	1241	305	10	10	0	0	0	0.15	0.15				0.00	0.00				LOS_A	1	0.00	0.00
1	18000-21600	53-1241: High St@3.1-376: High St@36.1	1241	376	20	20	0	0	0	0.10	0.10				0.00	0.00				LOS_A	1	0.00	0.00
1	18000-21600	53			1295	1264	0	10	13	2.38	2.34		3.87	2.56	0.10	0.11		0.02	0.00	LOS_A	1	0.05	53.55
1	18000-21600	54-526: Ferris Rd@22.5-310@35.3	526	310	6	5	0	1	0	8.64	9.05		6.58		1.32	1.59		0.00		LOS_A	1	0.01	23.85
1	18000-21600	54-526: Ferris Rd@22.5-421: Ferris Rd@15.4	526	421	0	0	0	0	0											LOS_A		0.01	23.85
1	18000-21600	54-526: Ferris Rd@22.5-525: Ferris Rd@18.9	526	525	482	472	0	4	4	0.36	0.36		0.43	0.93	0.00	0.00		0.00	0.00	LOS_A	1	0.01	23.85
1	18000-21600	54-527: Zone connector@58.2-310@35.3	527	310	0	0	0	0	0											LOS_A		0.00	0.00
1	18000-21600	54-527: Zone connector@58.2-421: Ferris Rd@15.4	527	421	440	424	1	7	6	0.20	0.20	0.39	0.28	0.14	0.00	0.00	0.00	0.00	0.00	LOS_A	1	0.00	0.00
1	18000-21600	54-528@5.7-421: Ferris Rd@15.4	528	421	8	8	0	0	0	4.62	4.62				0.00	0.00				LOS_A	1	0.00	0.00
1	18000-21600	54-528@5.7-525: Ferris Rd@18.9	528	525	2	2	0	0	0	0.44	0.44				0.00	0.00				LOS_A	1	0.00	0.00
1	18000-21600	54			938	911	1	12	10	0.38	0.37	0.39	0.85	0.45	0.01	0.01	0.00	0.00	0.00	LOS_A	1	0.00	23.85
1	18000-21600	55-68: Mount Cottrell Rd SA@390.9-320: Western Fwy@25.9	68	320	177	176	0	0	1	0.23	0.23			0.00	0.00	0.00			0.00	LOS_A	1	0.00	0.00
1	18000-21600	55-942: Western Hwy@75.8-69: Mount Cottrell Rd@25.4	942	69	366	340	0	18	8	3.50	3.37		5.09	5.58	0.01	0.01		0.06	0.00	LOS_A	1	0.00	0.00
1	18000-21600	55-942: Western Hwy@75.8-320: Western Fwy@25.9	942	320	1424	1349	7	37	29	3.06	3.07	3.75	2.72	2.86	0.00	0.00	0.00	0.00	0.00	LOS_A	1	0.00	0.00
1	18000-21600	55			1967	1865	7	55	38	2.89	2.86	3.75	3.50	3.36	0.00	0.00	0.00	0.02	0.00	LOS_A	1	0.00	0.00
1	18000-21600	56-24: Paynes Rd SA@384.9-537: Western Hwy@24.0	24	537	132	127	0	4	1	0.22	0.23		0.09	0.12	0.00	0.00		0.00	0.00	LOS_A	1	0.00	0.00
1	18000-21600	56-536: Western Hwy@83.6-23: Paynes Rd@34.1	536	23	202	202	0	0	0	6.59	6.59				0.00	0.00				LOS_A	1	0.00	0.00
1	18000-21600	56-536: Western Hwy@83.6-537: Western Hwy@24.0	536	537	1663	1567	7	51	36	4.12	4.10	3.10	4.42	4.82	0.00	0.00	0.00	0.00	0.00	LOS_A	1	0.00	0.00
1	18000-21600	56			1997	1896	7	55	37	4.12	4.11	3.10	4.11	4.69	0.00	0.00	0.00	0.00	0.00	LOS_A	1	0.00	0.00
1	18000-21600	57-169: Western Hwy@71.3-168: Western Hwy@12.5	169	168	966	887	17	32	28	0.37	0.37	0.45	0.23	0.36	0.00	0.00	0.00	0.00	0.00	LOS_A	1	0.00	0.00
1	18000-21600	57-511: Western Freeway service Rd SA@97.7-172: Western Hwy@0.2	511	172	0	0	0	0	0											LOS_A		0.00	0.00
1	18000-21600	57-936: Western Hwy@71.3-172: Western Hwy@0.2	936	172	1865	1769	7	51	36	0.59	0.56	1.76	0.97	1.24	0.00	0.00	0.00	0.00	0.00	LOS_A	1	0.00	0.00
1	18000-21600	57-936: Western Hwy@71.3-512: Zone connector@4.0	936	512	0	0	0	0	0											LOS_A		0.00	0.00
1	18000-21600	57			2831	2656	24	83	64	0.51	0.50	0.84	0.69	0.85	0.00	0.00	0.00	0.00	0.00	LOS_A	1	0.00	0.00
1	18000-21600	58-436@136.8-271: Leakes Rd@61.4	436	271	47	44	0	1	2	2.43	2.24		4.90	5.36	0.00	0.00		0.00	0.00	LOS_A	1	0.00	0.00
1	18000-21600	58-436@136.8-437: Leakes Rd@45.3	436	437	67	63	0	3	1	1.02	0.93		1.97	4.09	0.00	0.00		0.00	0.00	LOS_A	1	0.00	0.00
1	18000-21600	58-600: Leakes Rd@6.4-273@26.5	600	273	117	109	0	4	4	5.73	5.61		7.13	7.69	0.00	0.00		0.00	0.00	LOS_A	1	0.00	0.00
1	18000-21600	58-600: Leakes Rd@6.4-437: Leakes Rd@45.3	600	437	169	151	0	0	3	2.12	2.19			1.70	0.00	0.00			0.00	LOS_A	1	0.00	0.00
1	18000-21600	58-1263: Leakes Rd@41.8-271: Leakes Rd@61.4	1263	271	173	155	0	1	2	0.44	0.48		0.00	0.02	0.00	0.00		0.00	0.00	LOS_A	1	0.00	0.00
1	18000-21600	58-1263: Leakes Rd@41.8-273@26.5	1263	273	27	26	0	1	0	1.84	1.76		3.78		0.00	0.00		0.00		LOS_A	1	0.00	0.00
1	18000-21600	58			600	548	0	10	12	2.23	2.23		4.31	4.23	0.00	0.00		0.00	0.00	LOS_A	1	0.00	0.00
1	18000-21600	59-271: Leakes Rd@243.4-602: Leakes Rd@8.6	271	602	220	199	0	2	4	0.60	0.58		0.91	0.99	0.00	0.00		0.00	0.00	LOS_A	1	0.00	0.00
1	18000-21600	59-443: Woodlea Blvd EA@92.7-270: Leakes Rd@21.8	443	270	8	8	0	0	0	1.05	1.05				0.00	0.00				LOS_A	1	0.00	0.00
1	18000-21600	59-443: Woodlea Blvd EA@92.7-442@13.5	443	442	0	0	0	0	0											LOS_A		0.00	0.00
1	18000-21600	59-605: Leakes Rd@48.1-270: Leakes Rd@21.8	605	270	278	252	0	4	7	1.95	0.85		0.75	1.34	0.00	0.00		0.00	0.00	LOS_A	1	0.00	0.00
1	18000-21600	59-605: Leakes Rd@48.1-442@13.5	605	442	29	29	0	0	0	0.66	0.66				0.00	0.00				LOS_A	1	0.00	0.00
1	18000-21600	59			535	488	0	6	11	1.31	0.73		0.80	1.21	0.00	0.00		0.00	0.00	LOS_A	1	0.00	0.00
1	18000-21600	60-938: Leakes Rd@68.7-398: Taylors Rd@37.8	938	398	184	164	0	2	3	3.88	2.65		3.90	4.74	0.00	0.00		0.00	0.00	LOS_A	1	0.00	0.00
1	18000-21600	60-938: Leakes Rd@68.7-400: Leakes Rd@62.1	938	400	23	22	0	0	1	0.21	0.22			0.00	0.00	0.00			0.00	LOS_A	1	0.00	0.00
1	18000-21600	60-938: Leakes Rd@68.7-402: Leakes Rd@53.8	938	402	0	0	0	0	0											LOS_A		0.00	0.00
1	18000-21600	60-938: Leakes Rd@68.7-271502: Taylors Rd@46.1	938	271502	13	13	0	0	0	3.40	3.40				0.00	0.00				LOS_A	1	0.00	0.00
1	18000-21600	60-271509: Taylors Rd@32.2-400: Leakes Rd@62.1	271509	400	71	71	0	0	0	1.23	1.23				0.00	0.00				LOS_A	1	0.00	0.00
1	18000-21600	60-271509: Taylors Rd@32.2-402: Leakes Rd@53.8	271509	402	109	89	0	2	3	4.17	3.42		5.54	5.65	0.00	0.00		0.00	0.00	LOS_A	1	0.00	0.00
1	18000-21600	60-271509: Taylors Rd@32.2-271502: Taylors Rd@46.1	271509	271502	96	96	0	0	0	0.22	0.22				0.00	0.00				LOS_A	1	0.00	0.00
1	18000-21600	60-271574: Taylors Rd@30.9-398: Taylors Rd@37.8	271574	398	18	18	0	0	0	0.18	0.18				0.00	0.00				LOS_A	1	0.00	0.00
1	18000-21600	60-271574: Taylors Rd@30.9-402: Leakes Rd@53.8	271574	402	20	20	0	0	0	0.11	0.11				0.00	0.00				LOS_A	1	0.00	0.00
1	18000-21600	60-271576: Taylors Rd@30.3-400: Leakes Rd@62.1	271576	400	25	25	0	0	0	10.56	10.56				0.00	0.00				LOS_B	2	0.00	0.00
1	18000-21600	60-271581: Leakes Rd@28.6-398: Taylors Rd@37.8	271581	398	78	78	0	0	0	0.59	0.59				0.07	0.07				LOS_A	1	0.16	16.27
1	18000-21600	60-271581: Leakes Rd@28.6-402: Leakes Rd@53.8	271581	402	178	172	0	2	4	0.32	0.33		0.00	0.00	0.00	0.00		0.00	0.00	LOS_A	1	0.00	0.00
1	18000-21600	60-271581: Leakes Rd@28.6-271502: Taylors Rd@46.1	271581	271502	42	41	0	0	1	4.12	4.14			3.54	0.00	0.00			0.00	LOS_A	1	0.00	0.00
1	18000-21600	60			857	809	0	6	12	2.18	1.78		3.15	2.89	0.01	0.01		0.00	0.00	LOS_A	1	0.02	16.27
1	18000-21600	61-540@22.7-435: Leakes Rd@19.5	540	435	35	34	0	1	0	0.73	0.65		3.61		0.00	0.00		0.00		LOS_A	1	0.00	0.00
1	18000-21600	61-540@22.7-438: Leakes Rd@14.4	540	438	79	79	0	0	0	0.65	0.65				0.00	0.00				LOS_A	1	0.00	0.00
1	18000-21600	61-863: Leakes Rd@86.5-265@27.3	863	265	98	94	0	1	3	4.16	4.08		6.22	5.86	0.00	0.00		0.00	0.00	LOS_A	1	0.00	0.00
1	18000-21600	61-863: Leakes Rd@86.5-435: Leakes Rd@19.5	863	435	138	120	0	2	1	0.90	1.02		0.21	0.67	0.00	0.00		0.00	0.00	LOS_A	1	0.00	0.00
1	18000-21600	61-941: Leakes Rd@8.5-265@27.3	941	265	50	47	0	1	2	7.09	6.96		8.97	9.16	0.00	0.00		0.00	0.00	LOS_A	1	0.00	0.00
1	18000-21600	61-941: Leakes Rd@8.5-438: Leakes Rd@14.4	941	438	121	102	0	2	2	1.00	1.11		0.72	0.03	0.00	0.00		0.00	0.00	LOS_A	1	0.00	0.00
1	18000-21600	61			521	476	0	7	8	2.08	2.14		2.95	4.58	0.00	0.00		0.00	0.00	LOS_A	1	0.00	0.00
1	18000-21600	62-267: Ian Cowie Way EA@65.6-264: Leakes Rd@15.6	267	264	1	1	0	0	0	0.16	0.16				0.00	0.00				LOS_A	1	0.00	0.00
1	18000-21600	62-267: Ian Cowie Way EA@65.6-434: Leakes Rd@14.9	267	434	20	20	0	0	0	0.07	0.07				0.00	0.00				LOS_A	1	0.00	0.00
1	18000-21600	62-267: Ian Cowie Way EA@65.6-271596@27.9	267	271596	0	0	0	0	0											LOS_A		0.00	0.00
1	18000-21600	62-538: Leakes Rd@42.7-264: Leakes Rd@15.6	538	264	148	129	0	3	1	0.75	0.72		0.96	0.50	0.00	0.00		0.00	0.00	LOS_A	1	0.00	0.00
1	18000-21600	62-538: Leakes Rd@42.7-268: Ian Cowie Way@17.3	538	268	25	25	0	0	0	5.83	5.83				0.00	0.00				LOS_A	1	0.00	0.00
1	18000-21600	62-538: Leakes Rd@42.7-271596@27.9	538	271596	0	0	0	0	0											LOS_A		0.00	0.00
1	18000-21600	62-864: Leakes Rd@42.2-268: Ian Cowie Way@17.3	864	268	0	0	0	0	0											LOS_A		0.00	0.00
1	18000-21600	62-864: Leakes Rd@42.2-434: Leakes Rd@14.9	864	434	151	129	0	3	4	0.24	0.26		0.15	0.19	0.00	0.00		0.00	0.00	LOS_A	1	0.00	0.00
1	18000-21600	62-864: Leakes Rd@42.2-271596@27.9	864	271596	13	0	0	0	0	0.00					0.00					LOS_A	1	0.00	0.00
1	18000-21600	62-271595: Ian Cowie Way WA@105.8-264: Leakes Rd@15.6	271595	264	13	0	0	0	0	1.75					0.00					LOS_A	1	0.00	0.00
1	18000-21600	62-271595: Ian Cowie Way WA@105.8-268: Ian Cowie Way@17.3	271595	268	0	0	0	0	0											LOS_A		0.00	0.00
1	18000-21600	62-271595: Ian Cowie Way WA@105.8-434: Leakes Rd@14.9	271595	434	0	0	0	0	0											LOS_A		0.00	0.00
1	18000-21600	62			371	304	0	6	5	0.85	0.90		0.55	0.25	0.00	0.00		0.00	0.00	LOS_A	1	0.00	0.00
1	18000-21600	63-374: Westcott Pde EA@100.7-263: Leakes Rd@9.1	374	263	55	27	0	0	0	0.01	0.01				0.00	0.00				LOS_A	1	0.00	0.00
1	18000-21600	63-374: Westcott Pde EA@100.7-372: Leakes Rd@14.9	374	372	0	0	0	0	0											LOS_A		0.00	0.00
1	18000-21600	63-542: Leakes Rd@34.5-372: Leakes Rd@14.9	542	372	129	125	0	3	1	0.93	0.94		0.70	0.35	0.00	0.00		0.00	0.00	LOS_A	1	0.00	0.00
1	18000-21600	63-542: Leakes Rd@34.5-375: Westcott Pde@26.6	542	375	33	5	0	0	0	8.96	7.26				0.00	0.00				LOS_A	1	0.00	0.00
1	18000-21600	63-543: Leakes Rd@6.7-263: Leakes Rd@9.1	543	263	109	102	0	3	4	0.07	0.08		0.02	0.07	0.00	0.00		0.00	0.00	LOS_A	1	0.00	0.00
1	18000-21600	63-543: Leakes Rd@6.7-375: Westcott Pde@26.6	543	375	0	0	0	0	0											LOS_A		0.00	0.00
1	18000-21600	63			326	259	0	6	5	1.30	0.62		0.36	0.13	0.00	0.00		0.00	0.00	LOS_A	1	0.00	0.00
1	18000-21600	64-484: Western Hwy SA@157.6-78: Western Hwy@14.0	484	78	0	0	0	0	0											LOS_A		0.00	0.00
1	18000-21600	64-484: Western Hwy SA@157.6-324: Western Hwy@20.9	484	324	0	0	0	0	0											LOS_A		0.00	0.00
1	18000-21600	64-943: Western Hwy@38.1-78: Western Hwy@14.0	943	78	996	915	17	33	29	0.40	0.39	0.58	0.44	0.47	0.00	0.00	0.00	0.00	0.00	LOS_A	1	0.00	0.00
1	18000-21600	64-943: Western Hwy@38.1-324: Western Hwy@20.9	943	324	0	0	0	0	0											LOS_A		0.00	0.00
1	18000-21600	64-943: Western Hwy@38.1-483@8.4	943	483	0	0	0	0	0											LOS_A		0.00	0.00
1	18000-21600	64-1265: Western Hwy@45.2-78: Western Hwy@14.0	1265	78	1	1	0	0	0	0.00	0.00				0.00	0.00				LOS_A	1	0.00	0.00
1	18000-21600	64-1265: Western Hwy@45.2-324: Western Hwy@20.9	1265	324	1827	1737	7	50	31	0.71	0.70	1.76	0.74	0.84	0.00	0.00	0.00	0.00	0.00	LOS_A	1	0.00	0.00
1	18000-21600	64-1265: Western Hwy@45.2-483@8.4	1265	483	0	0	0	0	0											LOS_A		0.00	0.00
1	18000-21600	64			2824	2653	24	83	60	0.60	0.59	0.92	0.62	0.66	0.00	0.00	0.00	0.00	0.00	LOS_A	1	0.00	0.00
1	18000-21600	65-27: Troups Rd N@8.8-29: Western Hwy@8.5	27	29	288	288	0	0	0	0.39	0.39				0.00	0.00				LOS_A	1	0.00	0.00
1	18000-21600	65-27: Troups Rd N@8.8-31: Troups Rd N@5.3	27	31	26	26	0	0	0	0.39	0.39				0.00	0.00				LOS_A	1	0.00	0.00
1	18000-21600	65-30: Western Hwy WA@242.6-28: Troups Rd N@3.2	30	28	126	117	0	5	4	0.13	0.13		0.08	0.09	0.00	0.00		0.00	0.00	LOS_A	1	0.00	0.00
1	18000-21600	65-30: Western Hwy WA@242.6-31: Troups Rd N@5.3	30	31	0	0	0	0	0											LOS_A		0.00	0.00
1	18000-21600	65-32: Troups Rd N SA@98.1-28: Troups Rd N@3.2	32	28	2	2	0	0	0	0.00	0.00				0.00	0.00				LOS_A	1	0.00	0.00
1	18000-21600	65-32: Troups Rd N SA@98.1-29: Western Hwy@8.5	32	29	0	0	0	0	0											LOS_A		0.00	0.00
1	18000-21600	65			442	433	0	5	4	0.31	0.32		0.08	0.09	0.00	0.00		0.00	0.00	LOS_A	1	0.00	0.00
1	18000-21600	66-33: Neales Rd W WA@612.0-35: Neales Rd W@48.6	33	35	0	0	0	0	0											LOS_A		0.00	0.00
1	18000-21600	66-33: Neales Rd W WA@612.0-232: Hopkins Rd@6.4	33	232	189	179	0	5	5	3.36	3.45		1.00	2.55	0.12	0.13		0.00	0.00	LOS_A	1	0.00	0.00
1	18000-21600	66-33: Neales Rd W WA@612.0-910: Melton Hwy@16.5	33	910	4	4	0	0	0	0.07	0.07				0.00	0.00				LOS_A	1	0.00	0.00
1	18000-21600	66-622: Neales Rd W@45.9-34: Neales Rd W@23.0	622	34	157	156	0	1	0	1.33	1.32		2.75		0.00	0.00		0.00		LOS_A	1	0.00	0.00
1	18000-21600	66-622: Neales Rd W@45.9-232: Hopkins Rd@6.4	622	232	206	192	0	5	7	6.58	6.60		5.99	5.87	0.36	0.39		0.00	0.00	LOS_A	1	0.00	0.00
1	18000-21600	66-622: Neales Rd W@45.9-910: Melton Hwy@16.5	622	910	10	10	0	0	0	0.84	0.84				0.00	0.00				LOS_A	1	0.00	0.00
1	18000-21600	66-897: Hopkins Rd@12.7-34: Neales Rd W@23.0	897	34	104	97	0	4	3	2.92	2.99		2.28	1.64	0.00	0.00		0.00	0.00	LOS_A	1	0.00	0.00
1	18000-21600	66-897: Hopkins Rd@12.7-35: Neales Rd W@48.6	897	35	154	147	0	4	3	5.90	5.78		8.77	7.88	0.00	0.00		0.00	0.00	LOS_A	1	0.00	0.00
1	18000-21600	66-897: Hopkins Rd@12.7-910: Melton Hwy@16.5	897	910	246	228	0	3	4	3.43	2.82		2.39	2.30	0.18	0.00		0.00	0.00	LOS_A	1	0.00	0.00
1	18000-21600	66-908: Melton Hwy@9.5-34: Neales Rd W@23.0	908	34	0	0	0	0	0											LOS_A		0.12	47.87
1	18000-21600	66-908: Melton Hwy@9.5-35: Neales Rd W@48.6	908	35	11	11	0	0	0	0.46	0.46				0.00	0.00				LOS_A	1	0.12	47.87
1	18000-21600	66-908: Melton Hwy@9.5-232: Hopkins Rd@6.4	908	232	365	345	0	5	4	3.53	3.58		0.95	1.01	0.23	0.25		0.00	0.00	LOS_A	1	0.12	47.87
1	18000-21600	66			1446	1369	0	27	26	3.84	3.74		3.48	3.68	0.16	0.13		0.00	0.00	LOS_A	1	0.02	47.87
1	18000-21600	67-230: Hopkins Rd@28.1-37@43.8	230	37	107	102	0	3	2	8.85	8.93		6.88	7.85	0.00	0.00		0.00	0.00	LOS_A	1	0.00	0.00
1	18000-21600	67-230: Hopkins Rd@28.1-426: Hopkins Rd@4.3	230	426	653	614	0	12	14	6.18	5.99		4.69	7.06	0.01	0.00		0.00	0.00	LOS_A	1	0.00	0.00
1	18000-21600	67-427: Hopkins Rd@87.2-231: Hopkins Rd@8.3	427	231	473	446	0	8	8	2.28	2.28		2.50	1.99	0.00	0.00		0.00	0.00	LOS_A	1	0.01	10.63
1	18000-21600	67-946@14.4-231: Hopkins Rd@8.3	946	231	33	26	0	3	2	1.55	1.23		3.07	2.91	0.00	0.00		0.00	0.00	LOS_A	1	0.00	0.00
1	18000-21600	67-946@14.4-426: Hopkins Rd@4.3	946	426	47	47	0	0	0	0.58	0.58				0.00	0.00				LOS_A	1	0.00	0.00
1	18000-21600	67			1313	1235	0	26	26	4.67	4.59		4.08	5.24	0.01	0.00		0.00	0.00	LOS_A	1	0.00	10.63
1	18000-21600	69-290: Caroline Springs Blvd@7.8-60: Caroline Springs Blvd@15.2	290	60	0	0	0	0	0											LOS_A		0.00	0.00
1	18000-21600	69-290: Caroline Springs Blvd@7.8-291: Caroline Springs Blvd@13.9	290	291	732	685	1	19	12	1.00	0.87	4.07	1.05	1.18	0.00	0.00	0.00	0.00	0.00	LOS_A	1	0.00	0.00
1	18000-21600	69-290: Caroline Springs Blvd@7.8-293: Chisholm Dr@13.5	290	293	39	39	0	0	0	0.84	0.84				0.00	0.00				LOS_A	1	0.00	0.00
1	18000-21600	69-290: Caroline Springs Blvd@7.8-431: Springlake Ave@15.9	290	431	25	25	0	0	0	1.18	1.18				0.00	0.00				LOS_A	1	0.00	0.00
1	18000-21600	69-292: Caroline Springs Blvd NA@169.6-60: Caroline Springs Blvd@15.2	292	60	372	330	2	14	11	1.36	0.64	6.70	0.97	0.00	0.00	0.00	0.00	0.00	0.00	LOS_A	1	0.00	0.00
1	18000-21600	69-292: Caroline Springs Blvd NA@169.6-291: Caroline Springs Blvd@13.9	292	291	0	0	0	0	0											LOS_A		0.00	0.00
1	18000-21600	69-292: Caroline Springs Blvd NA@169.6-293: Chisholm Dr@13.5	292	293	10	10	0	0	0	1.17	1.17				0.00	0.00				LOS_A	1	0.00	0.00
1	18000-21600	69-292: Caroline Springs Blvd NA@169.6-431: Springlake Ave@15.9	292	431	63	63	0	0	0	0.68	0.68				0.00	0.00				LOS_A	1	0.00	0.00
1	18000-21600	69-294: Chisholm Dr EA@69.6-60: Caroline Springs Blvd@15.2	294	60	13	13	0	0	0	0.02	0.02				0.00	0.00				LOS_A	1	0.00	0.00
1	18000-21600	69-294: Chisholm Dr EA@69.6-291: Caroline Springs Blvd@13.9	294	291	0	0	0	0	0											LOS_A		0.00	0.00
1	18000-21600	69-294: Chisholm Dr EA@69.6-293: Chisholm Dr@13.5	294	293	0	0	0	0	0											LOS_A		0.00	0.00
1	18000-21600	69-294: Chisholm Dr EA@69.6-431: Springlake Ave@15.9	294	431	0	0	0	0	0											LOS_A		0.00	0.00
1	18000-21600	69-430: Springlake Ave WA@96.3-60: Caroline Springs Blvd@15.2	430	60	10	10	0	0	0	0.11	0.11				0.00	0.00				LOS_A	1	0.00	0.00
1	18000-21600	69-430: Springlake Ave WA@96.3-291: Caroline Springs Blvd@13.9	430	291	22	22	0	0	0	0.12	0.12				0.00	0.00				LOS_A	1	0.00	0.00
1	18000-21600	69-430: Springlake Ave WA@96.3-293: Chisholm Dr@13.5	430	293	0	0	0	0	0											LOS_A		0.00	0.00
1	18000-21600	69-430: Springlake Ave WA@96.3-431: Springlake Ave@15.9	430	431	0	0	0	0	0											LOS_A		0.00	0.00
1	18000-21600	69			1286	1197	3	33	23	1.06	0.78	5.82	1.01	0.62	0.00	0.00	0.00	0.00	0.00	LOS_A	1	0.00	0.00
1	18000-21600	70-352: Eucumbene Dr@292.6-111: Christies Rd@15.7	352	111	2	2	0	0	0	1.95	1.95				0.00	0.00				LOS_A	1	0.00	0.00
1	18000-21600	70-647: Christies Rd@1.5-111: Christies Rd@15.7	647	111	378	338	2	12	11	0.76	0.74	0.87	0.73	1.02	0.00	0.00	0.00	0.00	0.00	LOS_A	1	0.00	0.00
1	18000-21600	70-647: Christies Rd@1.5-353: Eucumbene Dr@18.2	647	353	25	25	0	0	0	5.02	5.02				0.00	0.00				LOS_A	1	0.00	0.00
1	18000-21600	70-647: Christies Rd@1.5-271551@28.2	647	271551	0	0	0	0	0											LOS_A		0.00	0.00
1	18000-21600	70-891: Christies Rd@8.5-287: Christies Rd@6.6	891	287	447	421	0	6	5	1.44	1.48		1.27	1.81	0.00	0.00		0.00	0.00	LOS_A	1	0.00	0.00
1	18000-21600	70-891: Christies Rd@8.5-353: Eucumbene Dr@18.2	891	353	5	5	0	0	0	3.42	3.42				0.00	0.00				LOS_A	1	0.00	0.00
1	18000-21600	70-891: Christies Rd@8.5-271549@21.0	891	271549	0	0	0	0	0											LOS_A		0.00	0.00
1	18000-21600	70-271550@4.0-287: Christies Rd@6.6	271550	287	0	0	0	0	0											LOS_A		0.00	0.00
1	18000-21600	70			857	791	2	18	16	1.26	1.29	0.87	0.91	1.27	0.00	0.00	0.00	0.00	0.00	LOS_A	1	0.00	0.00
1	18000-21600	71-111: Christies Rd@84.9-129@9.8	111	129	236	230	0	3	3	0.39	0.39		0.20	0.32	0.00	0.00		0.00	0.00	LOS_A	1	0.00	0.00
1	18000-21600	71-111: Christies Rd@84.9-282: Christies Rd@12.4	111	282	144	110	2	9	8	0.37	0.36	0.51	0.41	0.64	0.00	0.00	0.00	0.00	0.00	LOS_A	1	0.00	0.00
1	18000-21600	71-274: Christies Rd@5.8-112: Christies Rd@20.6	274	112	452	426	0	6	5	3.14	3.25		1.94	2.84	0.00	0.00		0.00	0.00	LOS_A	1	0.00	0.00
1	18000-21600	71-274: Christies Rd@5.8-129@9.8	274	129	113	100	0	7	6	6.88	6.73		7.94	8.11	0.00	0.00		0.00	0.00	LOS_A	1	0.00	0.00
1	18000-21600	71			945	866	2	25	22	2.48	2.53	0.51	2.86	3.13	0.00	0.00	0.00	0.00	0.00	LOS_A	1	0.00	0.00
1	18000-21600	72-126@294.6-280: Christies Rd@41.9	126	280	223	223	0	0	0	1.65	1.65				0.00	0.00				LOS_A	1	0.00	0.00
1	18000-21600	72-126@294.6-394: Christies Rd@15.7	126	394	28	21	0	5	2	1.53	1.09		2.67	3.28	0.00	0.00		0.00	0.00	LOS_A	1	0.00	0.00
1	18000-21600	72-126@294.6-626: Palm Springs Rd@75.1	126	626	30	27	0	2	1	1.33	1.03		2.67	6.83	0.00	0.00		0.00	0.00	LOS_A	1	0.00	0.00
1	18000-21600	72-279: Christies Rd@96.9-280: Christies Rd@41.9	279	280	0	0	0	0	0											LOS_A		0.00	0.00
1	18000-21600	72-279: Christies Rd@96.9-394: Christies Rd@15.7	279	394	100	68	2	9	6	0.44	0.52	0.62	0.33	0.69	0.00	0.00	0.00	0.00	0.00	LOS_A	1	0.00	0.00
1	18000-21600	72-279: Christies Rd@96.9-626: Palm Springs Rd@75.1	279	626	44	42	0	0	2	0.45	0.41			1.26	0.00	0.00			0.00	LOS_A	1	0.00	0.00
1	18000-21600	72-393: Christies Rd SA@348.6-280: Christies Rd@41.9	393	280	152	120	0	9	8	0.42	0.51		0.22	0.12	0.00	0.00		0.00	0.00	LOS_A	1	0.00	0.00
1	18000-21600	72-393: Christies Rd SA@348.6-394: Christies Rd@15.7	393	394	0	0	0	0	0											LOS_A		0.00	0.00
1	18000-21600	72-393: Christies Rd SA@348.6-626: Palm Springs Rd@75.1	393	626	4	4	0	0	0	0.42	0.42				0.00	0.00				LOS_A	1	0.00	0.00
1	18000-21600	72-625: Palm Springs Rd WA@88.9-280: Christies Rd@41.9	625	280	190	183	0	4	3	0.14	0.14		0.02	0.11	0.00	0.00		0.00	0.00	LOS_A	1	0.00	0.00
1	18000-21600	72-625: Palm Springs Rd WA@88.9-394: Christies Rd@15.7	625	394	30	30	0	0	0	0.12	0.12				0.00	0.00				LOS_A	1	0.00	0.00
1	18000-21600	72-625: Palm Springs Rd WA@88.9-626: Palm Springs Rd@75.1	625	626	0	0	0	0	0											LOS_A		0.00	0.00
1	18000-21600	72			801	718	2	29	22	0.76	0.78	0.62	0.82	0.97	0.00	0.00	0.00	0.00	0.00	LOS_A	1	0.00	0.00
1	18000-21600	73-350: Delma Rd@97.2-464: Ballarat Rd  Western Hwy@8.8	350	464	40	40	0	0	0	0.06	0.06				0.00	0.00				LOS_A	1	0.00	0.00
1	18000-21600	73-663: Ballarat Rd  Western Hwy@46.8-351: Delma Rd@11.2	663	351	13	13	0	0	0	6.48	6.48				0.00	0.00				LOS_A	1	0.00	0.00
1	18000-21600	73-663: Ballarat Rd  Western Hwy@46.8-464: Ballarat Rd  Western Hwy@8.8	663	464	1077	1055	0	13	9	1.19	1.20		1.22	0.90	0.00	0.00		0.00	0.00	LOS_A	1	0.00	0.00
1	18000-21600	73			1130	1108	0	13	9	1.21	1.22		1.22	0.90	0.00	0.00		0.00	0.00	LOS_A	1	0.00	0.00
1	18000-21600	76-911: Grand Blvd WA@130.2-404: Hopkins Rd@29.7	911	404	10	10	0	0	0	0.35	0.35				0.00	0.00				LOS_A	1	0.00	0.00
1	18000-21600	76-911: Grand Blvd WA@130.2-408: Hopkins Rd@16.0	911	408	52	52	0	0	0	0.55	0.55				0.00	0.00				LOS_A	1	0.00	0.00
1	18000-21600	76-913: Hopkins Rd@4.0-408: Hopkins Rd@16.0	913	408	530	477	1	30	17	0.33	0.35	0.02	0.11	0.19	0.00	0.00	0.00	0.00	0.00	LOS_A	1	0.00	0.00
1	18000-21600	76-913: Hopkins Rd@4.0-912@27.4	913	912	15	14	0	1	0	3.13	2.99		5.04		0.00	0.00		0.00		LOS_A	1	0.00	0.00
1	18000-21600	76-948: Hopkins Rd@33.1-404: Hopkins Rd@29.7	948	404	488	464	2	10	7	1.97	2.04	0.85	0.80	0.58	0.00	0.00	0.00	0.00	0.00	LOS_A	1	0.00	0.00
1	18000-21600	76-948: Hopkins Rd@33.1-912@27.4	948	912	191	191	0	0	0	8.50	8.50				0.00	0.00				LOS_A	1	0.00	0.00
1	18000-21600	76			1286	1208	3	41	24	2.20	2.33	0.57	0.40	0.30	0.00	0.00	0.00	0.00	0.00	LOS_A	1	0.00	0.00
1	18000-21600	77-208: Western Fwy@25.5-84: Western Fwy@15.9	208	84	752	690	17	24	21	1.35	1.39	0.84	1.18	0.78	0.00	0.00	0.00	0.00	0.00	LOS_A	1	0.00	0.00
1	18000-21600	77-208: Western Fwy@25.5-180@16.3	208	180	286	282	0	2	2	6.54	6.54		6.63	7.03	0.00	0.00		0.00	0.00	LOS_A	1	0.00	0.00
1	18000-21600	77			1038	972	17	26	23	2.78	2.88	0.84	1.60	1.32	0.00	0.00	0.00	0.00	0.00	LOS_A	1	0.00	0.00
1	18000-21600	78-84: Western Fwy@896.5-203: Western Fwy@19.3	84	203	752	690	17	24	21	0.40	0.40	0.54	0.23	0.24	0.00	0.00	0.00	0.00	0.00	LOS_A	1	0.00	0.00
1	18000-21600	78-529@58.8-203: Western Fwy@19.3	529	203	211	194	0	8	7	0.55	0.49		1.14	1.42	0.00	0.00		0.00	0.00	LOS_A	1	0.00	0.00
1	18000-21600	78			963	884	17	32	28	0.43	0.42	0.54	0.46	0.54	0.00	0.00	0.00	0.00	0.00	LOS_A	1	0.00	0.00
1	18000-21600	79-184: Western Fwy@928.7-205: Western Fwy@68.7	184	205	1217	1156	7	31	23	0.78	0.74	2.76	1.25	1.65	0.00	0.00	0.00	0.00	0.00	LOS_A	1	0.00	0.00
1	18000-21600	79-333@86.1-205: Western Fwy@68.7	333	205	207	204	1	1	1	1.35	1.34	3.23	1.16	2.38	0.00	0.00	0.00	0.00	0.00	LOS_A	1	0.00	0.00
1	18000-21600	79			1424	1360	8	32	24	0.86	0.83	2.82	1.24	1.68	0.00	0.00	0.00	0.00	0.00	LOS_A	1	0.00	0.00
1	18000-21600	80-424: Western Fwy@14.2-184: Western Fwy@85.3	424	184	1217	1156	7	31	23	2.95	2.96	2.99	3.07	2.64	0.00	0.00	0.00	0.00	0.00	LOS_A	1	0.00	0.00
1	18000-21600	80-424: Western Fwy@14.2-337@9.9	424	337	387	372	0	6	7	7.08	6.97		9.36	10.04	0.00	0.00		0.00	0.00	LOS_A	1	0.00	0.00
1	18000-21600	80			1604	1528	7	37	30	3.95	3.93	2.99	4.09	4.36	0.00	0.00	0.00	0.00	0.00	LOS_A	1	0.00	0.00
1	18000-21600	81-532: Western Hwy@54.0-334: Western Hwy@32.2	532	334	946	867	17	32	28	0.53	0.55	0.58	0.45	0.28	0.00	0.00	0.00	0.00	0.00	LOS_A	1	0.00	0.00
1	18000-21600	81-532: Western Hwy@54.0-481@38.6	532	481	17	17	0	0	0	5.54	5.54				0.00	0.00				LOS_A	1	0.00	0.00
1	18000-21600	81			963	884	17	32	28	0.62	0.64	0.58	0.45	0.28	0.00	0.00	0.00	0.00	0.00	LOS_A	1	0.00	0.00
1	18000-21600	82-334: Western Hwy@654.9-72: Western Hwy@13.0	334	72	946	867	17	32	28	0.68	0.69	0.80	0.49	0.45	0.00	0.00	0.00	0.00	0.00	LOS_A	1	0.00	0.00
1	18000-21600	82-482@267.1-72: Western Hwy@13.0	482	72	20	20	0	0	0	0.04	0.04				0.00	0.00				LOS_A	1	0.00	0.00
1	18000-21600	82			966	887	17	32	28	0.67	0.68	0.80	0.49	0.45	0.00	0.00	0.00	0.00	0.00	LOS_A	1	0.00	0.00
1	18000-21600	83-313: Western Hwy@39.7-103: Western Hwy@23.4	313	103	852	780	17	28	25	0.96	0.99	0.88	0.75	0.38	0.01	0.01	0.00	0.00	0.00	LOS_A	1	0.23	68.47
1	18000-21600	83-313: Western Hwy@39.7-174@14.4	313	174	114	107	0	4	3	5.11	4.90		5.83	11.59	0.08	0.03		0.00	1.84	LOS_A	1	0.23	68.47
1	18000-21600	83			966	887	17	32	28	1.45	1.46	0.88	1.38	1.58	0.02	0.01	0.00	0.00	0.20	LOS_A	1	0.23	68.47
1	18000-21600	84-161@132.7-99: Western Hwy@10.0	161	99	148	141	0	2	5	0.84	0.79		1.79	1.77	0.00	0.00		0.00	0.00	LOS_A	1	0.00	0.00
1	18000-21600	84-187: Western Hwy@838.0-99: Western Hwy@10.0	187	99	1716	1627	7	49	31	1.17	1.16	1.62	1.19	1.35	0.00	0.00	0.00	0.00	0.00	LOS_A	1	0.00	0.00
1	18000-21600	84			1864	1768	7	51	36	1.14	1.13	1.62	1.22	1.41	0.00	0.00	0.00	0.00	0.00	LOS_A	1	0.00	0.00
1	18000-21600	85-103: Western Hwy@829.6-89: Western Hwy@49.7	103	89	852	780	17	28	25	0.78	0.80	0.60	0.45	0.48	0.00	0.00	0.00	0.00	0.00	LOS_A	1	0.00	0.00
1	18000-21600	85-175@113.1-89: Western Hwy@49.7	175	89	144	135	0	5	4	0.57	0.51		1.32	1.54	0.00	0.00		0.00	0.00	LOS_A	1	0.00	0.00
1	18000-21600	85			996	915	17	33	29	0.75	0.76	0.60	0.58	0.63	0.00	0.00	0.00	0.00	0.00	LOS_A	1	0.00	0.00
1	18000-21600	86-323: Western Hwy@20.0-159@12.1	323	159	114	113	0	1	0	3.84	3.81		7.00		0.00	0.00		0.00		LOS_A	1	0.00	0.00
1	18000-21600	86-323: Western Hwy@20.0-187: Western Hwy@33.1	323	187	1713	1624	7	49	31	1.85	1.88	1.74	1.35	1.08	0.00	0.00	0.00	0.00	0.00	LOS_A	1	0.00	0.00
1	18000-21600	86			1827	1737	7	50	31	1.98	2.01	1.74	1.46	1.08	0.00	0.00	0.00	0.00	0.00	LOS_A	1	0.00	0.00
1	18000-21600	87-343: Western Hwy@756.9-154: Western Hwy@6.1	343	154	1863	1782	7	45	27	1.34	1.34	1.43	1.02	1.30	0.00	0.00	0.00	0.00	0.00	LOS_A	1	0.00	0.00
1	18000-21600	87-480@343.6-154: Western Hwy@6.1	480	154	152	152	0	0	0	0.13	0.13				0.00	0.00				LOS_A	1	0.00	0.00
1	18000-21600	87			2015	1934	7	45	27	1.24	1.25	1.43	1.02	1.30	0.00	0.00	0.00	0.00	0.00	LOS_A	1	0.00	0.00
1	18000-21600	88-955: Western Fwy@13.7-343: Western Hwy@21.2	955	343	1863	1782	7	45	27	1.29	1.28	2.23	1.22	1.88	0.00	0.00	0.00	0.00	0.00	LOS_A	1	0.00	0.00
1	18000-21600	88-955: Western Fwy@13.7-479@7.3	955	479	0	0	0	0	0											LOS_A		0.00	0.00
1	18000-21600	88			1863	1782	7	45	27	1.29	1.28	2.23	1.22	1.88	0.00	0.00	0.00	0.00	0.00	LOS_A	1	0.00	0.00
1	18000-21600	89-228: Western Fwy@25.8-108@38.1	228	108	80	73	0	3	2	6.81	6.68		8.76	7.50	0.00	0.00		0.00	0.00	LOS_A	1	0.00	0.00
1	18000-21600	89-228: Western Fwy@25.8-194: Western Fwy@23.2	228	194	914	840	17	30	27	1.22	1.25	1.34	0.79	0.49	0.00	0.00	0.00	0.00	0.00	LOS_A	1	0.00	0.00
1	18000-21600	89			994	913	17	33	29	1.67	1.69	1.34	1.52	0.97	0.00	0.00	0.00	0.00	0.00	LOS_A	1	0.00	0.00
1	18000-21600	90-104@749.4-417: Western Fwy@11.1	104	417	263	255	0	2	4	0.72	0.73		0.19	0.13	0.00	0.00		0.00	0.00	LOS_A	1	0.00	0.00
1	18000-21600	90-196: Western Fwy@1281.0-417: Western Fwy@11.1	196	417	1600	1527	7	43	23	1.23	1.23	1.77	1.07	1.28	0.00	0.00	0.00	0.00	0.00	LOS_A	1	0.00	0.00
1	18000-21600	90			1863	1782	7	45	27	1.16	1.16	1.77	1.03	1.11	0.00	0.00	0.00	0.00	0.00	LOS_A	1	0.00	0.00
1	18000-21600	91-260: Hopkins Rd@38.0-419@15.1	260	419	216	175	1	28	12	5.80	5.63	6.57	6.63	6.30	0.00	0.00	0.00	0.00	0.00	LOS_A	1	0.00	0.00
1	18000-21600	91-260: Hopkins Rd@38.0-427: Hopkins Rd@14.4	260	427	473	446	0	8	8	4.01	4.08		4.94	2.49	0.00	0.00		0.00	0.00	LOS_A	1	0.00	0.00
1	18000-21600	91-426: Hopkins Rd@77.5-43: Hopkins Rd@14.4	426	43	700	661	0	12	14	1.73	1.75		1.54	2.18	0.00	0.00		0.00	0.00	LOS_A	1	0.00	0.00
1	18000-21600	91			1389	1282	1	48	34	3.14	3.09	6.57	5.08	3.71	0.00	0.00	0.00	0.00	0.00	LOS_A	1	0.00	0.00
1	18000-21600	92-107@313.1-8: Western Fwy@5.3	107	8	323	277	1	31	14	0.79	0.71	2.06	1.20	1.46	0.00	0.00	0.00	0.00	0.00	LOS_A	1	0.00	0.00
1	18000-21600	92-194: Western Fwy@609.6-8: Western Fwy@5.3	194	8	914	840	17	30	27	0.40	0.40	0.63	0.23	0.31	0.00	0.00	0.00	0.00	0.00	LOS_A	1	0.00	0.00
1	18000-21600	92			1237	1117	18	61	41	0.50	0.48	0.71	0.72	0.70	0.00	0.00	0.00	0.00	0.00	LOS_A	1	0.00	0.00
1	18000-21600	93-224: Western Fwy@24.6-149@12.9	224	149	235	230	0	3	2	4.89	4.82		7.31	8.67	0.00	0.00		0.00	0.00	LOS_A	1	0.00	0.00
1	18000-21600	93-224: Western Fwy@24.6-196: Western Fwy@9.8	224	196	1600	1527	7	43	23	1.95	1.93	3.47	2.00	2.54	0.00	0.00	0.00	0.00	0.00	LOS_A	1	0.00	0.00
1	18000-21600	93			1835	1757	7	46	25	2.32	2.31	3.47	2.35	3.03	0.00	0.00	0.00	0.00	0.00	LOS_A	1	0.00	0.00
1	18000-21600	94-949: Western Fwy@23.3-136@6.8	949	136	280	256	1	15	8	0.50	0.52	0.35	0.39	0.11	0.00	0.00	0.00	0.00	0.00	LOS_A	1	0.00	0.00
1	18000-21600	94-949: Western Fwy@23.3-389: Western Fwy  Deer Park Byp@4.2	949	389	957	861	17	46	33	0.62	0.65	0.44	0.29	0.31	0.00	0.00	0.00	0.00	0.00	LOS_A	1	0.00	0.00
1	18000-21600	94			1237	1117	18	61	41	0.59	0.62	0.44	0.32	0.27	0.00	0.00	0.00	0.00	0.00	LOS_A	1	0.00	0.00
1	18000-21600	95-952: Western Hwy@80.5-1039: Western Fwy@10.4	952	1039	843	817	0	16	10	4.89	4.88		4.64	6.01	0.00	0.00		0.00	0.00	LOS_A	1	0.00	0.00
1	18000-21600	95-1038: Western Fwy  Deer Park Byp@73.0-1039: Western Fwy@10.4	1038	1039	992	940	7	30	15	7.57	7.67	4.28	6.24	5.52	0.01	0.01	0.00	0.00	0.00	LOS_A	1	0.00	0.00
1	18000-21600	95			1835	1757	7	46	25	6.34	6.37	4.28	5.68	5.71	0.00	0.00	0.00	0.00	0.00	LOS_A	1	0.00	0.00
1	18000-21600	96-125@88.9-147: Western Fwy  Deer Park Byp@16.2	125	147	349	330	0	10	9	3.05	3.00		3.44	4.39	0.00	0.00		0.00	0.00	LOS_A	1	0.00	0.00
1	18000-21600	96-389: Western Fwy  Deer Park Byp@1708.1-147: Western Fwy  Deer Park Byp@16.2	389	147	957	861	17	46	33	0.57	0.59	0.53	0.35	0.23	0.00	0.00	0.00	0.00	0.00	LOS_A	1	0.00	0.00
1	18000-21600	96			1306	1191	17	56	42	1.23	1.26	0.53	0.90	1.12	0.00	0.00	0.00	0.00	0.00	LOS_A	1	0.00	0.00
1	18000-21600	97-240: Western Fwy  Deer Park Byp@38.1-126@16.7	240	126	281	271	0	7	3	4.03	3.98		5.21	5.75	0.00	0.00		0.00	0.00	LOS_A	1	0.00	0.00
1	18000-21600	97-240: Western Fwy  Deer Park Byp@38.1-189: Western Fwy  Deer Park Byp@17.7	240	189	992	940	7	30	15	1.59	1.62	1.42	0.87	1.31	0.00	0.00	0.00	0.00	0.00	LOS_A	1	0.00	0.00
1	18000-21600	97			1273	1211	7	37	18	2.13	2.15	1.42	1.69	2.05	0.00	0.00	0.00	0.00	0.00	LOS_A	1	0.00	0.00
1	18000-21600	98-91: Ballarat Rd  Western Hwy@67.3-362: Ballarat Rd  Western Hwy@13.4	91	362	194	193	0	1	0	0.61	0.61		0.03		0.00	0.00		0.00		LOS_A	1	0.00	0.00
1	18000-21600	98-92: Ballarat Rd  Western Hwy@8.7-362: Ballarat Rd  Western Hwy@13.4	92	362	0	0	0	0	0											LOS_A		0.00	0.00
1	18000-21600	98			194	193	0	1	0	0.61	0.61		0.03		0.00	0.00		0.00		LOS_A	1	0.00	0.00
1	18000-21600	99-209: Ballarat Rd  Western Hwy@46.4-1: Ballarat Rd  Western Hwy@6.6	209	1	194	193	0	1	0	0.35	0.35		0.01		0.00	0.00		0.00		LOS_A	1	0.00	0.00
1	18000-21600	99-209: Ballarat Rd  Western Hwy@46.4-2: Ballarat Rd  Western Hwy@6.5	209	2	0	0	0	0	0											LOS_A		0.00	0.00
1	18000-21600	99			194	193	0	1	0	0.35	0.35		0.01		0.00	0.00		0.00		LOS_A	1	0.00	0.00
1	18000-21600	100-1141@18.3-1143@28.5	1141	1143	0	0	0	0	0											LOS_A		0.00	0.00
1	18000-21600	100-1141@18.3-1147@16.5	1141	1147	179	177	0	1	1	0.70	0.71		0.08	0.00	0.00	0.00		0.00	0.00	LOS_A	1	0.00	0.00
1	18000-21600	100-1141@18.3-1152@26.0	1141	1152	142	140	0	1	1	0.60	0.61		0.00	0.01	0.00	0.00		0.00	0.00	LOS_A	1	0.00	0.00
1	18000-21600	100-1141@18.3-1158@25.0	1141	1158	320	316	0	3	1	0.65	0.65		0.44	0.03	0.00	0.00		0.00	0.00	LOS_A	1	0.00	0.00
1	18000-21600	100-1146: High Street WA@382.0-1143@28.5	1146	1143	126	126	0	0	0	0.35	0.35				0.00	0.00				LOS_A	1	0.00	0.00
1	18000-21600	100-1146: High Street WA@382.0-1147@16.5	1146	1147	0	0	0	0	0											LOS_A		0.00	0.00
1	18000-21600	100-1146: High Street WA@382.0-1152@26.0	1146	1152	199	193	0	2	4	0.40	0.41		0.10	0.04	0.00	0.00		0.00	0.00	LOS_A	1	0.00	0.00
1	18000-21600	100-1146: High Street WA@382.0-1158@25.0	1146	1158	71	67	0	2	2	0.35	0.35		0.00	0.68	0.00	0.00		0.00	0.00	LOS_A	1	0.00	0.00
1	18000-21600	100-1159: Bulmans Rd NA@120.5-1143@28.5	1159	1143	267	265	0	2	0	0.17	0.17		0.08		0.00	0.00		0.00		LOS_A	1	0.00	0.00
1	18000-21600	100-1159: Bulmans Rd NA@120.5-1147@16.5	1159	1147	6	6	0	0	0	0.10	0.10				0.00	0.00				LOS_A	1	0.00	0.00
1	18000-21600	100-1159: Bulmans Rd NA@120.5-1152@26.0	1159	1152	98	98	0	0	0	0.23	0.23				0.00	0.00				LOS_A	1	0.00	0.00
1	18000-21600	100-1159: Bulmans Rd NA@120.5-1158@25.0	1159	1158	0	0	0	0	0											LOS_A		0.00	0.00
1	18000-21600	100-1234@184.1-1143@28.5	1234	1143	214	208	0	4	2	1.00	1.00		1.50	0.48	0.00	0.00		0.00	0.00	LOS_A	1	0.00	0.00
1	18000-21600	100-1234@184.1-1147@16.5	1234	1147	140	136	0	1	3	0.88	0.90		0.00	0.14	0.00	0.00		0.00	0.00	LOS_A	1	0.00	0.00
1	18000-21600	100-1234@184.1-1152@26.0	1234	1152	0	0	0	0	0											LOS_A		0.00	0.00
1	18000-21600	100-1234@184.1-1158@25.0	1234	1158	84	82	0	0	2	0.79	0.81			0.01	0.00	0.00			0.00	LOS_A	1	0.00	0.00
1	18000-21600	100			1846	1814	0	16	16	0.56	0.57		0.48	0.19	0.00	0.00		0.00	0.00	LOS_A	1	0.00	0.00
1	18000-21600	101-1144@12.5-1140@37.3	1144	1140	0	0	0	0	0											LOS_A		0.00	0.00
1	18000-21600	101-1144@12.5-1168@28.2	1144	1168	18	18	0	0	0	1.15	1.15				0.00	0.00				LOS_A	1	0.00	0.00
1	18000-21600	101-1144@12.5-1170@29.6	1144	1170	319	317	0	2	0	0.65	0.65		0.25		0.00	0.00		0.00		LOS_A	1	0.00	0.00
1	18000-21600	101-1144@12.5-1171@32.9	1144	1171	270	264	0	4	2	0.64	0.64		0.44	0.23	0.00	0.00		0.00	0.00	LOS_A	1	0.00	0.00
1	18000-21600	101-1167: Botanica Spring Blvd WA@141.4-1140@37.3	1167	1140	25	25	0	0	0	0.14	0.14				0.00	0.00				LOS_A	1	0.00	0.00
1	18000-21600	101-1167: Botanica Spring Blvd WA@141.4-1168@28.2	1167	1168	0	0	0	0	0											LOS_A		0.00	0.00
1	18000-21600	101-1167: Botanica Spring Blvd WA@141.4-1170@29.6	1167	1170	20	20	0	0	0	0.04	0.04				0.00	0.00				LOS_A	1	0.00	0.00
1	18000-21600	101-1167: Botanica Spring Blvd WA@141.4-1171@32.9	1167	1171	30	30	0	0	0	0.04	0.04				0.00	0.00				LOS_A	1	0.00	0.00
1	18000-21600	101-1169: Clarkes Rd SA@143.9-1140@37.3	1169	1140	165	162	0	2	1	0.28	0.28		0.05	0.00	0.00	0.00		0.00	0.00	LOS_A	1	0.00	0.00
1	18000-21600	101-1169: Clarkes Rd SA@143.9-1168@28.2	1169	1168	15	15	0	0	0	0.02	0.02				0.00	0.00				LOS_A	1	0.00	0.00
1	18000-21600	101-1169: Clarkes Rd SA@143.9-1170@29.6	1169	1170	0	0	0	0	0											LOS_A		0.00	0.00
1	18000-21600	101-1169: Clarkes Rd SA@143.9-1171@32.9	1169	1171	16	16	0	0	0	0.13	0.13				0.00	0.00				LOS_A	1	0.00	0.00
1	18000-21600	101-1172: Botanica Spring Blvd EA@137.6-1140@37.3	1172	1140	451	446	0	3	2	0.32	0.32		0.03	0.00	0.00	0.00		0.00	0.00	LOS_A	1	0.00	0.00
1	18000-21600	101-1172: Botanica Spring Blvd EA@137.6-1168@28.2	1172	1168	59	59	0	0	0	0.19	0.19				0.00	0.00				LOS_A	1	0.00	0.00
1	18000-21600	101-1172: Botanica Spring Blvd EA@137.6-1170@29.6	1172	1170	54	54	0	0	0	0.15	0.15				0.00	0.00				LOS_A	1	0.00	0.00
1	18000-21600	101-1172: Botanica Spring Blvd EA@137.6-1171@32.9	1172	1171	0	0	0	0	0											LOS_A		0.00	0.00
1	18000-21600	101			1442	1426	0	11	5	0.43	0.43		0.22	0.09	0.00	0.00		0.00	0.00	LOS_A	1	0.00	0.00
1	18000-21600	102-1150@427.1-1155@20.3	1150	1155	63	63	0	0	0	0.32	0.32				0.00	0.00				LOS_A	1	0.00	0.00
1	18000-21600	102-1150@427.1-1156@9.2	1150	1156	216	214	0	1	1	0.34	0.35		0.00	0.02	0.00	0.00		0.00	0.00	LOS_A	1	0.00	0.00
1	18000-21600	102-1154@88.9-1153@11.3	1154	1153	227	222	0	2	3	1.96	2.00		0.25	0.13	0.00	0.00		0.00	0.00	LOS_A	1	0.00	0.00
1	18000-21600	102-1154@88.9-1155@20.3	1154	1155	131	128	0	1	2	4.27	4.24		4.66	5.88	0.00	0.00		0.00	0.00	LOS_A	1	0.00	0.00
1	18000-21600	102-1157: Harkness Rd NA@97.7-1153@11.3	1157	1153	29	28	0	1	0	0.05	0.05		0.00		0.00	0.00		0.00		LOS_A	1	0.00	0.00
1	18000-21600	102-1157: Harkness Rd NA@97.7-1156@9.2	1157	1156	131	123	0	4	4	0.06	0.06		0.04	0.02	0.00	0.00		0.00	0.00	LOS_A	1	0.00	0.00
1	18000-21600	102			797	778	0	9	10	1.39	1.40		0.59	1.23	0.00	0.00		0.00	0.00	LOS_A	1	0.00	0.00
1	18000-21600	103			0	0	0	0	0											LOS_A			
1	18000-21600	104			0	0	0	0	0											LOS_A			
1	18000-21600	105			0	0	0	0	0											LOS_A			
1	18000-21600	106			0	0	0	0	0											LOS_A			
1	18000-21600	107			0	0	0	0	0											LOS_A			
1	18000-21600	108			0	0	0	0	0											LOS_A			
1	18000-21600	109			0	0	0	0	0											LOS_A			
1	18000-21600	113			0	0	0	0	0											LOS_A			
1	18000-21600	114-1081: Coburns Rd SA@150.5-1125@21.0	1081	1125	320	276	5	4	4	3.00	1.57	3.37	1.06	2.02	0.00	0.00	0.00	0.00	0.00	LOS_A	1	0.00	0.00
1	18000-21600	114-1081: Coburns Rd SA@150.5-1128@12.2	1081	1128	169	159	0	5	5	6.69	6.69		6.62	6.70	0.09	0.10		0.00	0.00	LOS_A	1	0.00	0.00
1	18000-21600	114-1129@3.3-1130@26.0	1129	1130	269	259	0	7	3	6.66	6.55		9.34	9.51	0.00	0.00		0.00	0.00	LOS_A	1	0.00	0.00
1	18000-21600	114-1132@5.3-1125@21.0	1132	1125	174	174	0	0	0	0.62	0.62				0.00	0.00				LOS_A	1	0.00	0.00
1	18000-21600	114-1240: Western Fwy@6.0-1128@12.2	1240	1128	168	164	0	2	2	2.00	2.00		2.20	1.52	0.00	0.00		0.00	0.00	LOS_A	1	0.00	0.00
1	18000-21600	114-1240: Western Fwy@6.0-1130@26.0	1240	1130	345	309	0	3	2	0.61	0.58		0.68	2.68	0.00	0.00		0.00	0.00	LOS_A	1	0.00	0.00
1	18000-21600	114			1445	1341	5	21	16	3.14	2.84	3.37	5.20	4.91	0.01	0.01	0.00	0.00	0.00	LOS_A	1	0.00	0.00
1	18000-21600	115-1092: Western Fwy@41.4-1091@18.2	1092	1091	295	285	0	5	5	3.84	3.79		5.06	5.51	0.02	0.03		0.00	0.00	LOS_A	1	0.02	11.16
1	18000-21600	115-1092: Western Fwy@41.4-1093: Western Fwy@20.0	1092	1093	626	577	11	20	18	1.64	1.68	1.24	1.45	0.61	0.00	0.00	0.00	0.00	0.00	LOS_A	1	0.02	11.16
1	18000-21600	115			921	862	11	25	23	2.34	2.38	1.24	2.17	1.68	0.01	0.01	0.00	0.00	0.00	LOS_A	1	0.02	11.16
1	18000-21600	116-1134: Western Fwy@853.1-1137: Western Fwy@29.6	1134	1137	983	929	8	25	21	0.45	0.42	1.26	0.56	1.05	0.00	0.00	0.00	0.00	0.00	LOS_A	1	0.00	0.00
1	18000-21600	116-1139@39.2-1137: Western Fwy@29.6	1139	1137	337	323	0	7	7	1.14	1.11		1.97	1.58	0.00	0.00		0.00	0.00	LOS_A	1	0.00	0.00
1	18000-21600	116			1320	1252	8	32	28	0.62	0.60	1.26	0.86	1.18	0.00	0.00	0.00	0.00	0.00	LOS_A	1	0.00	0.00
1	18000-21600	117-1093: Western Fwy@887.1-1118: Western Fwy@20.0	1093	1118	626	577	11	20	18	0.45	0.45	0.74	0.22	0.25	0.00	0.00	0.00	0.00	0.00	LOS_A	1	0.00	0.00
1	18000-21600	117-1117@115.1-1118: Western Fwy@20.0	1117	1118	412	395	6	6	5	0.95	0.93	1.66	1.40	1.21	0.00	0.00	0.00	0.00	0.00	LOS_A	1	0.00	0.00
1	18000-21600	117			1038	972	17	26	23	0.64	0.65	1.06	0.49	0.46	0.00	0.00	0.00	0.00	0.00	LOS_A	1	0.00	0.00
1	18000-21600	118-1135: Western Fwy@35.7-1134: Western Fwy@6.5	1135	1134	982	928	8	25	21	1.64	1.62	1.60	1.54	2.66	0.00	0.00	0.00	0.00	0.00	LOS_A	1	0.00	0.00
1	18000-21600	118-1135: Western Fwy@35.7-1136: Western Fwy@4.3	1135	1136	443	433	0	7	3	4.44	4.42		5.50	5.28	0.00	0.00		0.00	0.00	LOS_A	1	0.00	0.00
1	18000-21600	118			1425	1361	8	32	24	2.51	2.51	1.60	2.41	2.99	0.00	0.00	0.00	0.00	0.00	LOS_A	1	0.00	0.00
1	18000-21600	119-1090@228.7-1098@20.0	1090	1098	114	110	0	2	2	0.80	0.73		2.28	3.17	0.00	0.00		0.00	0.00	LOS_A	1	0.00	0.00
1	18000-21600	119-1090@228.7-1100@8.0	1090	1100	181	175	0	3	3	4.54	4.45		6.21	8.28	0.03	0.03		0.00	0.00	LOS_A	1	0.00	0.00
1	18000-21600	119-1114@10.9-1098@20.0	1114	1098	399	363	0	3	2	0.78	0.84		0.00	0.00	0.00	0.00		0.00	0.00	LOS_A	1	0.00	0.00
1	18000-21600	119-1114@10.9-1116@15.9	1114	1116	255	250	1	3	1	3.88	3.86	5.35	4.73	4.96	0.02	0.02	0.00	0.00	0.00	LOS_A	1	0.02	20.62
1	18000-21600	119-1237@6.9-1100@8.0	1237	1100	337	305	0	1	0	1.84	1.93		2.42		0.00	0.01		0.00		LOS_A	1	0.00	0.00
1	18000-21600	119-1237@6.9-1116@15.9	1237	1116	157	145	5	3	4	5.70	5.54	8.13	7.27	7.16	0.00	0.00	0.00	0.00	0.00	LOS_A	1	0.00	0.00
1	18000-21600	119			1443	1348	6	15	12	2.58	2.61	7.67	4.11	5.40	0.01	0.01	0.00	0.00	0.00	LOS_A	1	0.00	20.62
1	18000-21600	120-1100@12.7-1099@27.3	1100	1099	378	340	0	4	3	1.33	1.10		1.83	2.63	0.00	0.00		0.00	0.00	LOS_A	1	0.00	0.00
1	18000-21600	120-1100@12.7-1103@19.5	1100	1103	109	109	0	0	0	3.61	3.61				0.15	0.15				LOS_A	1	0.08	14.32
1	18000-21600	120-1100@12.7-1107@21.1	1100	1107	31	31	0	0	0	3.28	3.28				0.00	0.00				LOS_A	1	0.00	0.00
1	18000-21600	120-1106@32.8-1099@27.3	1106	1099	0	0	0	0	0											LOS_A		0.00	0.00
1	18000-21600	120-1106@32.8-1103@19.5	1106	1103	0	0	0	0	0											LOS_A		0.00	0.00
1	18000-21600	120-1106@32.8-1112@5.6	1106	1112	342	339	1	1	1	1.24	1.22	2.71	3.85	2.71	0.00	0.00	0.00	0.00	0.00	LOS_A	1	0.00	0.00
1	18000-21600	120-1184@12.8-1184@46.5	1184	1184	0	0	0	0	0											LOS_A		0.00	0.00
1	18000-21600	120-1186@9.2-1186@61.3	1186	1186	2	0	0	0	0	0.00					0.00					LOS_A	1	0.05	14.87
1	18000-21600	120-1189@5.6-1189@50.7	1189	1189	0	0	0	0	0											LOS_A		0.00	0.00
1	18000-21600	120-1190@11.3-1190@56.8	1190	1190	6	0	0	0	0	0.00					0.00					LOS_A	1	0.08	15.44
1	18000-21600	120-1191@12.4-1191@46.2	1191	1191	1	1	0	0	0	0.00	0.00				0.00	0.00				LOS_A	1	0.00	0.00
1	18000-21600	120-1192@6.0-1192@58.2	1192	1192	6	0	0	0	0	0.00					0.00					LOS_A	1	0.23	20.33
1	18000-21600	120-1193@13.6-1193@42.6	1193	1193	3	0	0	0	0	0.00					0.00					LOS_A	1	0.03	15.64
1	18000-21600	120-1194@0.7-1194@34.7	1194	1194	3	0	0	0	0	0.00					0.00					LOS_A	1	0.04	13.48
1	18000-21600	120-1236@14.1-1103@19.5	1236	1103	0	0	0	0	0											LOS_A		0.00	0.00
1	18000-21600	120-1236@14.1-1107@21.1	1236	1107	2	2	0	0	0	4.42	4.42				0.00	0.00				LOS_A	1	0.00	0.00
1	18000-21600	120-1236@14.1-1112@5.6	1236	1112	312	274	0	5	2	1.10	1.20		1.38	0.00	0.00	0.00		0.00	0.00	LOS_A	1	0.00	0.00
1	18000-21600	120-1239@4.2-1099@27.3	1239	1099	2	2	0	0	0	0.00	0.00				0.00	0.00				LOS_A	1	0.00	0.00
1	18000-21600	120-1239@4.2-1107@21.1	1239	1107	0	0	0	0	0											LOS_A		0.00	0.00
1	18000-21600	120-1239@4.2-11576@36.8	1239	11576	0	0	0	0	0											LOS_A		0.00	0.00
1	18000-21600	120			1197	1098	1	10	6	1.48	1.48	2.71	1.80	1.77	0.01	0.01	0.00	0.00	0.00	LOS_A	1	0.04	20.33
1	18000-21600	121			0	0	0	0	0											LOS_A			
1	18000-21600	122			0	0	0	0	0											LOS_A			
1	18000-21600	123			0	0	0	0	0											LOS_A			
1	18000-21600	124-1123: Kamil St EA@88.6-1122@4.7	1123	1122	6	6	0	0	0	0.02	0.02				0.00	0.00				LOS_A	1	0.00	0.00
1	18000-21600	124-271468@25.6-1122@4.7	271468	1122	599	553	0	10	5	2.06	1.36		2.09	2.48	0.01	0.01		0.00	0.00	LOS_A	1	4.72	35.44
1	18000-21600	124-271468@25.6-1180@8.5	271468	1180	15	15	0	0	0	1.76	1.76				0.10	0.10				LOS_A	1	4.72	35.44
1	18000-21600	124			620	574	0	10	5	2.03	1.35		2.09	2.48	0.01	0.01		0.00	0.00	LOS_A	1	2.36	35.44
1	18000-21600	125			0	0	0	0	0											LOS_A			
1	18000-21600	244-1156@962.0-1223@12.7	1156	1223	0	0	0	0	0											LOS_A		0.00	0.00
1	18000-21600	244-1156@962.0-1224@15.7	1156	1224	347	337	0	5	5	0.51	0.52		0.27	0.06	0.00	0.00		0.00	0.00	LOS_A	1	0.00	0.00
1	18000-21600	244-1221: One school Melton SA@50.0-1224@15.7	1221	1224	0	0	0	0	0											LOS_A		0.00	0.00
1	18000-21600	244-1221: One school Melton SA@50.0-1225@11.6	1221	1225	0	0	0	0	0											LOS_A		0.00	0.00
1	18000-21600	244-1227@99.3-1223@12.7	1227	1223	0	0	0	0	0											LOS_A		0.00	0.00
1	18000-21600	244-1227@99.3-1225@11.6	1227	1225	358	350	0	3	5	0.38	0.38		0.12	0.12	0.00	0.00		0.00	0.00	LOS_A	1	0.00	0.00
1	18000-21600	244			705	687	0	8	10	0.44	0.45		0.21	0.09	0.00	0.00		0.00	0.00	LOS_A	1	0.00	0.00
1	18000-21600	245			0	0	0	0	0											LOS_A			
1	18000-21600	246-1224@100.1-1229@17.2	1224	1229	34	34	0	0	0	0.47	0.47				0.00	0.00				LOS_A	1	0.00	0.00
1	18000-21600	246-1224@100.1-1230@17.9	1224	1230	313	303	0	5	5	0.52	0.53		0.29	0.10	0.00	0.00		0.00	0.00	LOS_A	1	0.00	0.00
1	18000-21600	246-1228: Gleneagles Dr NA@93.7-1227@14.9	1228	1227	25	25	0	0	0	0.03	0.03				0.00	0.00				LOS_A	1	0.00	0.00
1	18000-21600	246-1228: Gleneagles Dr NA@93.7-1230@17.9	1228	1230	109	107	0	0	2	0.03	0.03			0.01	0.00	0.00			0.00	LOS_A	1	0.00	0.00
1	18000-21600	246-1235@217.9-1227@14.9	1235	1227	333	325	0	3	5	0.43	0.44		0.15	0.20	0.00	0.00		0.00	0.00	LOS_A	1	0.00	0.00
1	18000-21600	246-1235@217.9-1229@17.2	1235	1229	76	76	0	0	0	0.47	0.47				0.00	0.00				LOS_A	1	0.00	0.00
1	18000-21600	246			890	870	0	8	12	0.41	0.41		0.24	0.13	0.00	0.00		0.00	0.00	LOS_A	1	0.00	0.00
1	18000-21600	247			0	0	0	0	0											LOS_A			
1	18000-21600	248-1152@193.7-1233@16.5	1152	1233	33	33	0	0	0	0.35	0.35				0.00	0.00				LOS_A	1	0.00	0.00
1	18000-21600	248-1152@193.7-1235@13.8	1152	1235	406	398	0	3	5	0.45	0.46		0.24	0.17	0.00	0.00		0.00	0.00	LOS_A	1	0.00	0.00
1	18000-21600	248-1230@222.2-1233@16.5	1230	1233	8	8	0	0	0	1.64	1.64				0.00	0.00				LOS_A	1	0.00	0.00
1	18000-21600	248-1230@222.2-1234@16.0	1230	1234	414	402	0	5	7	0.62	0.62		0.47	0.20	0.00	0.00		0.00	0.00	LOS_A	1	0.00	0.00
1	18000-21600	248-1232: John Batman Dr NA@78.7-1234@16.0	1232	1234	24	24	0	0	0	0.01	0.01				0.00	0.00				LOS_A	1	0.00	0.00
1	18000-21600	248-1232: John Batman Dr NA@78.7-1235@13.8	1232	1235	3	3	0	0	0	0.00	0.00				0.00	0.00				LOS_A	1	0.00	0.00
1	18000-21600	248			888	868	0	8	12	0.52	0.53		0.38	0.19	0.00	0.00		0.00	0.00	LOS_A	1	0.00	0.00
1	18000-21600	249			0	0	0	0	0											LOS_A			
1	18000-21600	298			0	0	0	0	0											LOS_A			
1	18000-21600	299			0	0	0	0	0											LOS_A			
1	18000-21600	312-2419@3.3-24810@22.1	2419	24810	192	180	0	11	1	0.25	0.21		0.89	0.87	0.00	0.00		0.00	0.00	LOS_A	1	0.00	0.00
1	18000-21600	312-2420@4.1-2422@13.2	2420	2422	224	207	0	14	3	0.75	0.70		0.98	3.48	0.00	0.00		0.00	0.00	LOS_A	1	0.00	0.00
1	18000-21600	312-2475@44.5-2391@3.4	2475	2391	163	140	6	7	10	1.12	0.81	4.80	1.60	2.84	0.00	0.00	0.00	0.00	0.00	LOS_A	1	0.00	0.00
1	18000-21600	312-2475@44.5-2422@13.2	2475	2422	25	25	0	0	0	8.80	8.80				0.00	0.00				LOS_A	1	0.00	0.00
1	18000-21600	312-2527@16.1-2391@3.4	2527	2391	108	103	2	2	1	1.01	1.05	0.30	0.12	0.17	0.00	0.00	0.00	0.00	0.00	LOS_A	1	0.00	0.00
1	18000-21600	312-2527@16.1-24810@22.1	2527	24810	69	67	0	2	0	4.19	4.18		4.35		0.00	0.00		0.00		LOS_A	1	0.00	0.00
1	18000-21600	312			781	722	8	36	15	1.30	1.25	3.68	1.21	2.66	0.00	0.00	0.00	0.00	0.00	LOS_A	1	0.00	0.00
1	18000-21600	313-2394@59.8-2414@34.7	2394	2414	331	314	0	12	5	4.64	4.55		6.30	6.15	0.00	0.00		0.00	0.00	LOS_A	1	0.00	0.00
1	18000-21600	313-2394@59.8-2418@36.3	2394	2418	124	115	0	6	3	2.73	2.70		2.99	3.29	0.00	0.00		0.00	0.00	LOS_A	1	0.00	0.00
1	18000-21600	313-2401@29.1-2389@16.1	2401	2389	304	293	0	9	2	4.56	4.54		5.29	4.38	0.01	0.01		0.00	0.00	LOS_A	1	0.01	10.44
1	18000-21600	313-2401@29.1-2418@36.3	2401	2418	292	272	0	19	1	0.49	0.46		0.88	1.16	0.00	0.00		0.00	0.00	LOS_A	1	0.00	0.00
1	18000-21600	313-2416@14.9-2389@16.1	2416	2389	22	17	2	2	1	1.46	1.55	1.61	0.61	1.42	0.00	0.00	0.00	0.00	0.00	LOS_A	1	0.00	0.00
1	18000-21600	313-2416@14.9-2414@34.7	2416	2414	249	226	6	7	10	1.13	1.04	3.63	1.19	1.73	0.00	0.00	0.00	0.00	0.00	LOS_A	1	0.00	0.00
1	18000-21600	313			1322	1237	8	55	22	2.81	2.79	3.12	3.04	3.15	0.00	0.00	0.00	0.00	0.00	LOS_A	1	0.00	10.44
1	18000-21600	314-2403: Middle Rd WA@220.3-2402@17.0	2403	2402	38	38	0	0	0	0.60	0.60				0.00	0.00				LOS_A	1	0.00	0.00
1	18000-21600	314-2403: Middle Rd WA@220.3-2424@24.2	2403	2424	4	4	0	0	0	3.61	3.61				0.00	0.00				LOS_A	1	0.00	0.00
1	18000-21600	314-2409@18.3-2410@13.9	2409	2410	62	62	0	0	0	4.66	4.66				0.00	0.00				LOS_A	1	0.00	0.00
1	18000-21600	314-2409@18.3-2424@24.2	2409	2424	518	478	6	19	15	1.25	1.09	5.26	2.71	2.82	0.00	0.00	0.00	0.00	0.00	LOS_A	1	0.00	0.00
1	18000-21600	314-2413@40.6-2402@17.0	2413	2402	558	527	0	28	3	0.59	0.56		1.24	1.34	0.00	0.00		0.00	0.00	LOS_A	1	0.00	0.00
1	18000-21600	314-2413@40.6-2410@13.9	2413	2410	26	26	0	0	0	0.56	0.56				0.00	0.00				LOS_A	1	0.00	0.00
1	18000-21600	314-2517@5.7-2517@54.4	2517	2517	0	0	0	0	0											LOS_A		0.00	0.00
1	18000-21600	314			1206	1135	6	47	18	1.10	1.02	5.26	1.83	2.58	0.00	0.00	0.00	0.00	0.00	LOS_A	1	0.00	0.00
1	18000-21600	315-2424@32.6-2426@30.8	2424	2426	492	462	3	16	11	0.40	0.37	1.16	1.04	0.71	0.00	0.00	0.00	0.00	0.00	LOS_A	1	0.00	0.00
1	18000-21600	315-2424@32.6-2434@37.0	2424	2434	8	8	0	0	0	2.60	2.60				0.00	0.00				LOS_A	1	0.00	0.00
1	18000-21600	315-2424@32.6-2439@33.6	2424	2439	22	12	3	3	4	4.86	4.00	6.92	5.45	5.44	0.00	0.00	0.00	0.00	0.00	LOS_A	1	0.00	0.00
1	18000-21600	315-2430@18.6-2413@31.6	2430	2413	43	34	0	8	1	4.15	3.70		5.87	5.49	0.00	0.00		0.00	0.00	LOS_A	1	0.00	0.00
1	18000-21600	315-2430@18.6-2426@30.8	2430	2426	21	20	0	1	0	0.16	0.16		0.00		0.00	0.00		0.00		LOS_A	1	0.00	0.00
1	18000-21600	315-2430@18.6-2439@33.6	2430	2439	0	0	0	0	0											LOS_A		0.00	0.00
1	18000-21600	315-2438@12.4-2413@31.6	2438	2413	12	8	0	4	0	0.41	0.40		0.43		0.00	0.00		0.00		LOS_A	1	0.00	0.00
1	18000-21600	315-2438@12.4-2426@30.8	2438	2426	0	0	0	0	0											LOS_A		0.00	0.00
1	18000-21600	315-2438@12.4-2434@37.0	2438	2434	1	1	0	0	0	5.30	5.30				0.00	0.00				LOS_A	1	0.00	0.00
1	18000-21600	315-2442@2.5-2413@31.6	2442	2413	529	511	0	16	2	0.08	0.08		0.02	0.00	0.00	0.00		0.00	0.00	LOS_A	1	0.00	0.00
1	18000-21600	315-2442@2.5-2434@37.0	2442	2434	5	5	0	0	0	0.72	0.72				0.00	0.00				LOS_A	1	0.00	0.00
1	18000-21600	315-2442@2.5-2439@33.6	2442	2439	0	0	0	0	0											LOS_A		0.00	0.00
1	18000-21600	315			1133	1061	6	48	18	0.50	0.40	4.04	1.71	1.95	0.00	0.00	0.00	0.00	0.00	LOS_A	1	0.00	0.00
1	18000-21600	316			0	0	0	0	0											LOS_A			
1	18000-21600	317			0	0	0	0	0											LOS_A			
1	18000-21600	318			0	0	0	0	0											LOS_A			
1	18000-21600	319			0	0	0	0	0											LOS_A			
1	18000-21600	320			0	0	0	0	0											LOS_A			
1	18000-21600	322-2388@109.5-2387: Western Fwy  Deer Park Byp@24.8	2388	2387	326	310	2	11	3	0.50	0.49	1.15	0.69	0.78	0.00	0.00	0.00	0.00	0.00	LOS_A	1	0.00	0.00
1	18000-21600	322-2397: Western Fwy  Deer Park Byp@856.0-2387: Western Fwy  Deer Park Byp@24.8	2397	2387	947	901	5	26	15	0.47	0.45	1.91	0.64	0.88	0.00	0.00	0.00	0.00	0.00	LOS_A	1	0.00	0.00
1	18000-21600	322			1273	1211	7	37	18	0.48	0.46	1.69	0.65	0.86	0.00	0.00	0.00	0.00	0.00	LOS_A	1	0.00	0.00
1	18000-21600	323-2479: Western Fwy  Deer Park Byp@45.2-2477@22.4	2479	2477	188	165	6	7	10	3.43	3.17	5.02	4.32	6.17	0.04	0.00	0.00	0.00	0.74	LOS_A	1	0.19	61.72
1	18000-21600	323-2479: Western Fwy  Deer Park Byp@45.2-2478: Western Fwy  Deer Park Byp@23.8	2479	2478	1118	1026	11	49	32	1.06	1.09	0.52	0.83	0.60	0.01	0.01	0.00	0.00	0.00	LOS_A	1	0.19	61.72
1	18000-21600	323			1306	1191	17	56	42	1.40	1.38	2.11	1.26	1.93	0.02	0.01	0.00	0.00	0.18	LOS_A	1	0.19	61.72
1	18000-21600	324-2478: Western Fwy  Deer Park Byp@815.7-2483: Western Fwy  Deer Park Byp@32.3	2478	2483	1118	1026	11	49	32	0.66	0.67	0.54	0.58	0.55	0.00	0.00	0.00	0.00	0.00	LOS_A	1	0.00	0.00
1	18000-21600	324-2485@71.7-2483: Western Fwy  Deer Park Byp@32.3	2485	2483	252	238	0	13	1	3.44	3.36		4.75	5.60	0.00	0.00		0.00	0.00	LOS_A	1	0.00	0.00
1	18000-21600	324			1370	1264	11	62	33	1.17	1.18	0.54	1.45	0.71	0.00	0.00	0.00	0.00	0.00	LOS_A	1	0.00	0.00
1	18000-21600	325-2398: Western Fwy  Deer Park Byp@30.6-2385@22.8	2398	2385	455	429	0	18	8	4.64	4.58		5.56	5.64	0.00	0.00		0.00	0.00	LOS_A	1	0.00	0.00
1	18000-21600	325-2398: Western Fwy  Deer Park Byp@30.6-2397: Western Fwy  Deer Park Byp@22.6	2398	2397	947	901	5	26	15	1.16	1.19	0.52	0.51	0.75	0.00	0.00	0.00	0.00	0.00	LOS_A	1	0.00	0.00
1	18000-21600	325			1402	1330	5	44	23	2.29	2.29	0.52	2.57	2.45	0.00	0.00	0.00	0.00	0.00	LOS_A	1	0.00	0.00
1	18000-21600	326-2502: Western Fwy  Deer Park Byp EA@2131.3-2513: Western Fwy  Deer Park Byp@18.8	2502	2513	918	868	4	29	17	0.12	0.12	0.12	0.15	0.18	0.00	0.00	0.00	0.00	0.00	LOS_A	1	0.00	0.00
1	18000-21600	326-2514: Western Fwy  Deer Park Byp@123.8-2513: Western Fwy  Deer Park Byp@18.8	2514	2513	486	464	1	15	6	1.45	1.47	0.48	1.06	0.89	0.00	0.00	0.00	0.00	0.00	LOS_A	1	0.00	0.00
1	18000-21600	326			1404	1332	5	44	23	0.58	0.59	0.19	0.46	0.36	0.00	0.00	0.00	0.00	0.00	LOS_A	1	0.00	0.00
1	18000-21600	327-2505: Western Fwy  Deer Park Byp@33.7-2506: Western Fwy  Deer Park Byp@21.2	2505	2506	776	715	9	31	21	1.02	1.06	0.92	0.53	0.59	0.00	0.00	0.00	0.00	0.00	LOS_A	1	0.00	4.57
1	18000-21600	327-2505: Western Fwy  Deer Park Byp@33.7-2508: Western Fwy  Deer Park Byp@13.2	2505	2508	594	549	2	31	12	3.91	3.82	4.21	4.95	5.03	0.02	0.02	0.00	0.00	0.00	LOS_A	1	0.00	4.57
1	18000-21600	327			1370	1264	11	62	33	2.27	2.26	1.51	2.74	2.20	0.01	0.01	0.00	0.00	0.00	LOS_A	1	0.00	4.57
1	18000-21600	338			0	0	0	0	0											LOS_A			

