$MOVEMENTEVALUATION:SIMRUN	TIMEINT	MOVEMENT	MOVEMENT\FROMLINK	MOVEMENT\TOLINK	VEHS(ALL)	VEHS(10)	VEHS(20)	VEHS(30)	VEHS(40)	VEHDELAY(ALL)	VEHDELAY(10)	VEHDELAY(20)	VEHDELAY(30)	VEHDELAY(40)	STOPDELAY(ALL)	STOPDELAY(10)	STOPDELAY(20)	STOPDELAY(30)	STOPDELAY(40)	LOS(ALL)	LOSVAL(ALL)	QLEN	QLENMAX
1	3600-7200	43-28: Troups Rd N@6.9-13: Western Hwy@23.8	28	13	6	6	0	0	0	0.07	0.07				0.00	0.00				LOS_A	1	0.00	0.00
1	3600-7200	43-609: Western Hwy@95.9-13: Western Hwy@23.8	609	13	1693	1600	7	68	18	1.54	1.53	1.45	1.82	1.10	0.00	0.00	0.00	0.00	0.00	LOS_A	1	0.00	0.00
1	3600-7200	43-609: Western Hwy@95.9-27: Troups Rd N@5.6	609	27	123	113	0	6	2	1.73	1.62		2.95	3.06	0.00	0.00		0.00	0.00	LOS_A	1	0.00	0.00
1	3600-7200	43-944: Western Hwy@45.8-73: Western Hwy@23.3	944	73	1200	1029	27	87	56	0.08	0.08	0.04	0.06	0.09	0.00	0.00	0.00	0.00	0.00	LOS_A	1	0.00	0.00
1	3600-7200	43			3022	2748	34	161	76	0.96	0.99	0.33	0.91	0.41	0.00	0.00	0.00	0.00	0.00	LOS_A	1	0.00	0.00
1	3600-7200	44-15@3.2-243: Ferris Rd  Melton Hwy@24.7	15	243	424	395	0	22	6	23.21	22.97		24.95	32.61	14.68	14.71		12.56	22.75	LOS_C	3	9.28	59.19
1	3600-7200	44-421: Ferris Rd@65.5-20@13.7	421	20	34	31	0	1	2	1.67	1.55		3.11	2.92	0.00	0.00		0.00	0.00	LOS_A	1	0.00	0.00
1	3600-7200	44-421: Ferris Rd@65.5-243: Ferris Rd  Melton Hwy@24.7	421	243	333	295	0	24	14	22.77	22.77		20.95	25.89	13.44	13.55		12.52	12.66	LOS_C	3	8.03	69.40
1	3600-7200	44-682@3.6-420: Ferris Rd@19.2	682	420	224	200	0	20	4	0.29	0.30		0.21	0.14	0.00	0.00		0.00	0.00	LOS_A	1	1.65	47.25
1	3600-7200	44-10393@15.0-19@37.7	10393	19	105	101	0	4	0	35.13	34.97		39.16		26.24	26.21		26.96		LOS_D	4	7.44	66.58
1	3600-7200	44-10393@15.0-420: Ferris Rd@19.2	10393	420	213	199	0	8	6	10.14	10.21		10.69	6.80	4.62	4.74		3.95	1.62	LOS_B	2	7.44	66.58
1	3600-7200	44			1333	1221	0	79	32	17.55	17.58		16.47	18.92	10.83	10.97		9.06	10.11	LOS_B	2	5.28	69.40
1	3600-7200	45-499: Zone connector@162.8-95: Melton Hwy@35.1	499	95	103	103	0	0	0	26.56	26.56				18.81	18.81				LOS_C	3	3.97	44.70
1	3600-7200	45-499: Zone connector@162.8-307: Melton Hwy@9.5	499	307	81	71	0	8	2	1.46	1.53		0.97	0.83	0.13	0.15		0.00	0.00	LOS_A	1	0.01	6.03
1	3600-7200	45-677: Melton Hwy@21.4-307: Melton Hwy@9.5	677	307	301	275	0	19	7	7.81	7.64		7.96	14.30	3.25	3.22		2.04	7.38	LOS_A	1	1.79	43.58
1	3600-7200	45-677: Melton Hwy@21.4-500: Zone connector@16.0	677	500	66	66	0	0	0	1.39	1.39				0.00	0.00				LOS_A	1	0.00	0.00
1	3600-7200	45-680: Melton Hwy@11.3-95: Melton Hwy@35.1	680	95	378	357	0	15	6	3.67	3.60		4.76	4.87	1.09	1.12		0.57	0.37	LOS_A	1	6.03	48.98
1	3600-7200	45-680: Melton Hwy@11.3-363: Gateway Dr@7.0	680	363	2	2	0	0	0	1.92	1.92				0.00	0.00				LOS_A	1	0.00	0.00
1	3600-7200	45-680: Melton Hwy@11.3-500: Zone connector@16.0	680	500	75	71	0	4	0	48.24	48.30		47.19		37.56	37.81		32.99		LOS_D	4	6.03	48.98
1	3600-7200	45-681: Gateway Dr@258.9-95: Melton Hwy@35.1	681	95	1	1	0	0	0	58.94	58.94				51.93	51.93				LOS_E	5	0.07	5.40
1	3600-7200	45			1007	946	0	46	15	10.29	10.38		9.11	8.73	6.16	6.31		3.90	3.59	LOS_B	2	1.70	48.98
1	3600-7200	46-12: Hopkins Rd@73.6-44: Hopkins Rd@23.1	12	44	341	296	2	25	18	3.65	3.50	0.51	3.38	6.69	0.33	0.38	0.00	0.00	0.01	LOS_A	1	0.75	33.80
1	3600-7200	46-12: Hopkins Rd@73.6-104@37.0	12	104	120	108	0	4	8	1.87	1.83		3.98	1.47	0.03	0.03		0.00	0.00	LOS_A	1	0.37	33.80
1	3600-7200	46-12: Hopkins Rd@73.6-428@34.4	12	428	13	13	0	0	0	3.55	3.55				0.03	0.03				LOS_A	1	0.75	33.80
1	3600-7200	46-12: Hopkins Rd@73.6-1243: Hopkins Rd@4.3	12	1243	0	0	0	0	0											LOS_A		0.75	33.80
1	3600-7200	46-255: Hopkins Rd@17.0-44: Hopkins Rd@23.1	255	44	0	0	0	0	0											LOS_A		0.01	8.56
1	3600-7200	46-255: Hopkins Rd@17.0-104@37.0	255	104	46	43	0	1	0	1.04	1.04		1.26		0.00	0.00		0.00		LOS_A	1	0.01	8.56
1	3600-7200	46-255: Hopkins Rd@17.0-428@34.4	255	428	12	12	0	0	0	0.64	0.64				0.00	0.00				LOS_A	1	0.01	8.56
1	3600-7200	46-255: Hopkins Rd@17.0-1243: Hopkins Rd@4.3	255	1243	223	201	1	13	8	0.84	0.80	1.67	0.87	1.79	0.00	0.00	0.00	0.00	0.00	LOS_A	1	0.01	8.56
1	3600-7200	46-257@11.2-44: Hopkins Rd@23.1	257	44	73	58	0	15	0	5.29	4.88		6.89		1.05	1.10		0.86		LOS_A	1	0.17	25.59
1	3600-7200	46-257@11.2-104@37.0	257	104	0	0	0	0	0											LOS_A		0.17	25.59
1	3600-7200	46-257@11.2-428@34.4	257	428	0	0	0	0	0											LOS_A		0.17	25.59
1	3600-7200	46-257@11.2-1243: Hopkins Rd@4.3	257	1243	107	104	0	3	0	3.04	2.97		5.53		0.65	0.67		0.01		LOS_A	1	0.22	28.38
1	3600-7200	46-429@91.6-44: Hopkins Rd@23.1	429	44	57	57	0	0	0	4.18	4.18				1.10	1.10				LOS_A	1	0.10	13.01
1	3600-7200	46-429@91.6-104@37.0	429	104	9	9	0	0	0	1.59	1.59				0.00	0.00				LOS_A	1	0.10	13.01
1	3600-7200	46-429@91.6-428@34.4	429	428	0	0	0	0	0											LOS_A		0.10	13.01
1	3600-7200	46-429@91.6-1243: Hopkins Rd@4.3	429	1243	7	7	0	0	0	2.47	2.47				0.35	0.35				LOS_A	1	0.10	13.01
1	3600-7200	46			1008	908	3	61	34	2.72	2.59	0.90	3.82	4.31	0.33	0.35	0.00	0.21	0.01	LOS_A	1	0.20	33.80
1	3600-7200	47-4: Caroline Springs Blvd@6.8-212: Caroline Springs Blvd@4.6	4	212	327	293	0	18	14	0.56	0.36		0.63	2.24	0.03	0.00		0.00	0.76	LOS_A	1	0.00	0.00
1	3600-7200	47-4: Caroline Springs Blvd@6.8-446@6.0	4	446	0	0	0	0	0											LOS_A		0.00	0.00
1	3600-7200	47-447@32.5-212: Caroline Springs Blvd@4.6	447	212	0	0	0	0	0											LOS_A		0.00	0.00
1	3600-7200	47-887: Caroline Springs Blvd@16.4-212: Caroline Springs Blvd@4.6	887	212	11	11	0	0	0	4.25	4.25				0.00	0.00				LOS_A	1	0.00	0.00
1	3600-7200	47-887: Caroline Springs Blvd@16.4-448@12.1	887	448	670	645	0	17	6	0.36	0.36		0.15	0.10	0.00	0.00		0.00	0.00	LOS_A	1	0.00	0.00
1	3600-7200	47			1008	949	0	35	20	0.47	0.41		0.40	1.60	0.01	0.00		0.00	0.53	LOS_A	1	0.00	0.00
1	3600-7200	48-67: Meskos Rd@199.5-12: Hopkins Rd@2.0	67	12	0	0	0	0	0											LOS_A		0.00	0.00
1	3600-7200	48-67: Meskos Rd@199.5-252: Hopkins Rd@3.1	67	252	0	0	0	0	0											LOS_A		0.00	0.00
1	3600-7200	48-251: Hopkins Rd@11.8-12: Hopkins Rd@2.0	251	12	474	417	2	29	26	0.05	0.04	0.07	0.15	0.10	0.00	0.00	0.00	0.00	0.00	LOS_A	1	0.00	0.00
1	3600-7200	48-251: Hopkins Rd@11.8-66: Meskos Rd@6.0	251	66	0	0	0	0	0											LOS_A		0.00	0.00
1	3600-7200	48-1243: Hopkins Rd@76.3-66: Meskos Rd@6.0	1243	66	0	0	0	0	0											LOS_A		0.00	0.00
1	3600-7200	48-1243: Hopkins Rd@76.3-252: Hopkins Rd@3.1	1243	252	337	312	1	16	8	0.14	0.14	0.00	0.06	0.14	0.00	0.00	0.00	0.00	0.00	LOS_A	1	0.00	0.00
1	3600-7200	48			811	729	3	45	34	0.09	0.08	0.05	0.12	0.11	0.00	0.00	0.00	0.00	0.00	LOS_A	1	0.00	0.00
1	3600-7200	49-351: Delma Rd@85.2-352: Eucumbene Dr@37.8	351	352	0	0	0	0	0											LOS_A		0.00	0.00
1	3600-7200	49-351: Delma Rd@85.2-506: Zone connector@80.7	351	506	1	1	0	0	0	0.12	0.12				0.00	0.00				LOS_A	1	0.00	0.00
1	3600-7200	49-353: Eucumbene Dr@275.9-350: Delma Rd@23.2	353	350	0	0	0	0	0											LOS_A		0.00	0.00
1	3600-7200	49-353: Eucumbene Dr@275.9-506: Zone connector@80.7	353	506	63	60	0	3	0	0.00	0.00		0.00		0.00	0.00		0.00		LOS_A	1	0.00	0.00
1	3600-7200	49-505: Zone connector@77.8-350: Delma Rd@23.2	505	350	28	28	0	0	0	0.11	0.11				0.00	0.00				LOS_A	1	0.00	0.00
1	3600-7200	49-505: Zone connector@77.8-352: Eucumbene Dr@37.8	505	352	6	6	0	0	0	0.00	0.00				0.00	0.00				LOS_A	1	0.00	0.00
1	3600-7200	49			98	95	0	3	0	0.03	0.03		0.00		0.00	0.00		0.00		LOS_A	1	0.00	0.00
1	3600-7200	50-115: Western Hwy@22.9-209: Ballarat Rd  Western Hwy@28.7	115	209	335	313	0	13	9	30.81	30.75		38.67	21.56	23.01	23.17		26.73	12.23	LOS_C	3	11.14	106.62
1	3600-7200	50-115: Western Hwy@22.9-283: Christies Rd@7.9	115	283	28	20	0	4	4	67.20	57.39		93.26	90.22	55.86	47.55		77.66	75.61	LOS_E	5	11.14	106.62
1	3600-7200	50-461: Ballarat Rd  Western Hwy@7.1-114: Western Hwy@17.3	461	114	383	364	0	10	9	22.77	22.69		22.07	26.83	16.94	16.95		15.12	18.78	LOS_C	3	14.55	99.23
1	3600-7200	50-461: Ballarat Rd  Western Hwy@7.1-215: Caroline Springs Blvd@5.8	461	215	299	290	0	5	4	43.52	42.90		59.90	68.15	29.58	29.07		43.58	48.66	LOS_D	4	14.55	99.23
1	3600-7200	50-648: Christies Rd@37.8-114: Western Hwy@17.3	648	114	29	24	0	3	2	52.58	52.09		67.54	36.04	43.92	44.11		56.96	22.08	LOS_D	4	28.19	127.42
1	3600-7200	50-648: Christies Rd@37.8-209: Ballarat Rd  Western Hwy@28.7	648	209	64	52	0	5	7	98.21	105.06		97.07	48.13	83.92	90.74		81.10	35.29	LOS_F	6	28.19	127.42
1	3600-7200	50-648: Christies Rd@37.8-215: Caroline Springs Blvd@5.8	648	215	342	326	0	12	2	71.16	71.23		68.44	101.46	58.81	59.00		53.45	84.57	LOS_E	5	28.19	127.42
1	3600-7200	50-649@8.2-283: Christies Rd@7.9	649	283	84	59	0	16	9	2.70	1.35		5.63	6.35	0.38	0.14		0.64	1.52	LOS_A	1	0.20	24.53
1	3600-7200	50-651@22.8-215: Caroline Springs Blvd@5.8	651	215	40	40	0	0	0	0.38	0.38				0.00	0.00				LOS_A	1	0.00	0.00
1	3600-7200	50-652: Caroline Springs Blvd@21.4-114: Western Hwy@17.3	652	114	28	28	0	0	0	69.01	69.01				59.60	59.60				LOS_E	5	10.18	110.26
1	3600-7200	50-652: Caroline Springs Blvd@21.4-209: Ballarat Rd  Western Hwy@28.7	652	209	144	139	0	2	3	5.54	5.45		10.12	6.85	0.50	0.49		2.08	0.00	LOS_A	1	0.00	0.00
1	3600-7200	50-652: Caroline Springs Blvd@21.4-283: Christies Rd@7.9	652	283	166	137	0	16	11	53.23	52.55		52.95	62.83	43.51	43.72		39.69	48.84	LOS_D	4	10.18	110.26
1	3600-7200	50			1942	1792	0	86	60	40.11	39.84		44.91	40.83	31.08	31.00		33.65	29.79	LOS_D	4	9.18	127.42
1	3600-7200	51-7: Ballarat Rd  Western Hwy@16.6-10: Ballarat Rd  Western Hwy@18.5	7	10	27	26	0	1	0	63.34	61.72		105.53		56.10	54.62		94.63		LOS_E	5	6.54	50.67
1	3600-7200	51-7: Ballarat Rd  Western Hwy@16.6-385: Chisholm Dr@11.7	7	385	3	3	0	0	0	86.07	86.07				76.68	76.68				LOS_F	6	6.54	50.67
1	3600-7200	51-7: Ballarat Rd  Western Hwy@16.6-670: Ballarat Rd  Western Hwy@1.4	7	670	44	42	0	1	1	114.43	114.07		95.06	148.80	95.72	95.52		73.77	126.21	LOS_F	6	6.54	50.67
1	3600-7200	51-7: Ballarat Rd  Western Hwy@16.6-671: Panamax Rd@7.5	7	671	0	0	0	0	0											LOS_A		6.54	50.67
1	3600-7200	51-347: Panamax Rd@4.8-10: Ballarat Rd  Western Hwy@18.5	347	10	171	164	0	4	3	100.88	100.22		103.20	134.17	83.37	82.98		78.11	111.82	LOS_F	6	9.79	101.84
1	3600-7200	51-347: Panamax Rd@4.8-385: Chisholm Dr@11.7	347	385	23	23	0	0	0	36.65	36.65				29.09	29.09				LOS_D	4	9.79	101.84
1	3600-7200	51-347: Panamax Rd@4.8-670: Ballarat Rd  Western Hwy@1.4	347	670	85	79	0	4	2	7.47	7.43		8.98	6.17	2.55	2.65		1.87	0.00	LOS_A	1	0.00	0.00
1	3600-7200	51-360: Ballarat Rd  Western Hwy@55.2-10: Ballarat Rd  Western Hwy@18.5	360	10	459	426	0	17	16	15.43	15.30		14.22	20.06	10.26	10.35		7.71	10.48	LOS_B	2	8.50	84.98
1	3600-7200	51-360: Ballarat Rd  Western Hwy@55.2-385: Chisholm Dr@11.7	360	385	45	41	0	2	2	28.98	29.02		25.13	32.05	17.19	17.86		7.63	12.85	LOS_C	3	8.50	84.98
1	3600-7200	51-360: Ballarat Rd  Western Hwy@55.2-671: Panamax Rd@7.5	360	671	39	37	0	1	1	59.31	58.87		4.56	130.33	51.11	50.72		0.00	116.78	LOS_E	5	8.50	84.98
1	3600-7200	51-673: Chisholm Dr@12.9-10: Ballarat Rd  Western Hwy@18.5	673	10	66	65	0	1	0	4.20	4.26		0.11		1.82	1.85		0.00		LOS_A	1	2.96	42.52
1	3600-7200	51-673: Chisholm Dr@12.9-670: Ballarat Rd  Western Hwy@1.4	673	670	43	42	0	0	1	94.34	94.69			79.27	75.33	75.81			55.06	LOS_F	6	5.27	43.21
1	3600-7200	51-673: Chisholm Dr@12.9-671: Panamax Rd@7.5	673	671	15	15	0	0	0	56.46	56.46				42.37	42.37				LOS_E	5	5.27	43.21
1	3600-7200	51-885: Ballarat Rd  Western Hwy@6.9-10: Ballarat Rd  Western Hwy@18.5	885	10	0	0	0	0	0											LOS_A		12.03	90.30
1	3600-7200	51-885: Ballarat Rd  Western Hwy@6.9-385: Chisholm Dr@11.7	885	385	62	61	0	1	0	67.91	67.78		75.26		57.14	57.07		61.74		LOS_E	5	12.03	90.30
1	3600-7200	51-885: Ballarat Rd  Western Hwy@6.9-670: Ballarat Rd  Western Hwy@1.4	885	670	567	523	0	26	18	21.66	21.93		17.79	19.59	12.29	12.56		8.22	10.28	LOS_C	3	12.03	90.30
1	3600-7200	51-885: Ballarat Rd  Western Hwy@6.9-671: Panamax Rd@7.5	885	671	131	120	0	7	4	20.27	19.20		32.14	31.60	10.65	10.06		18.31	15.20	LOS_C	3	12.03	90.30
1	3600-7200	51			1780	1667	0	65	48	34.13	34.44		26.29	34.11	24.99	25.41		15.97	22.35	LOS_C	3	6.44	101.84
1	3600-7200	52-198: Melton Hwy@69.6-182@11.5	198	182	208	180	0	18	8	2.55	2.36		3.66	3.73	0.00	0.00		0.00	0.00	LOS_A	1	0.00	0.00
1	3600-7200	52-198: Melton Hwy@69.6-308: Ferris Rd  Melton Hwy@20.5	198	308	314	297	0	12	5	0.56	0.56		0.44	0.85	0.00	0.00		0.00	0.00	LOS_A	1	0.00	0.00
1	3600-7200	52-339@366.5-200: Melton Hwy@21.7	339	200	150	144	0	3	3	0.26	0.26		0.31	0.28	0.00	0.00		0.00	0.00	LOS_A	1	0.00	0.00
1	3600-7200	52-339@366.5-308: Ferris Rd  Melton Hwy@20.5	339	308	4	3	0	0	1	21.29	23.00			16.17	13.74	17.12			3.57	LOS_C	3	0.03	5.62
1	3600-7200	52-956: Ferris Rd  Melton Hwy@55.3-182@11.5	956	182	225	201	0	14	10	10.46	10.73		7.17	9.73	3.71	3.89		2.25	2.29	LOS_B	2	6.19	265.85
1	3600-7200	52-956: Ferris Rd  Melton Hwy@55.3-200: Melton Hwy@21.7	956	200	532	489	0	32	10	1.09	1.15		0.22	0.75	0.44	0.48		0.00	0.00	LOS_A	1	2.94	237.00
1	3600-7200	52			1433	1314	0	79	37	2.63	2.60		2.27	4.21	0.79	0.81		0.40	0.72	LOS_A	1	1.83	265.85
1	3600-7200	53-899: Melton Hwy@13.5-199: Melton Hwy@15.7	899	199	0	0	0	0	0											LOS_A		0.23	29.14
1	3600-7200	53-899: Melton Hwy@13.5-301: High St@21.5	899	301	50	49	0	1	0	3.29	3.33		1.53		0.55	0.56		0.00		LOS_A	1	0.23	29.14
1	3600-7200	53-899: Melton Hwy@13.5-305: Melton Hwy@15.3	899	305	357	332	0	19	6	1.76	1.65		2.66	5.03	0.16	0.16		0.14	0.44	LOS_A	1	0.23	29.14
1	3600-7200	53-899: Melton Hwy@13.5-376: High St@36.1	899	376	275	252	0	15	7	3.25	2.98		4.74	9.43	0.17	0.14		0.00	1.63	LOS_A	1	0.23	29.14
1	3600-7200	53-900: High St@7.7-199: Melton Hwy@15.7	900	199	223	217	0	1	3	5.34	5.29		6.18	10.22	1.52	1.49		0.00	5.52	LOS_A	1	1.41	62.12
1	3600-7200	53-900: High St@7.7-301: High St@21.5	900	301	47	47	0	0	0	7.65	7.65				2.82	2.82				LOS_A	1	1.41	62.12
1	3600-7200	53-900: High St@7.7-305: Melton Hwy@15.3	900	305	91	91	0	0	0	8.87	8.87				1.30	1.30				LOS_A	1	1.24	63.40
1	3600-7200	53-900: High St@7.7-376: High St@36.1	900	376	0	0	0	0	0											LOS_A		1.41	62.12
1	3600-7200	53-901: Melton Hwy@7.6-199: Melton Hwy@15.7	901	199	261	225	0	27	9	4.70	4.58		4.97	6.68	0.86	0.87		0.72	1.08	LOS_A	1	1.28	43.26
1	3600-7200	53-901: Melton Hwy@7.6-301: High St@21.5	901	301	6	6	0	0	0	6.54	6.54				0.61	0.61				LOS_A	1	1.28	43.26
1	3600-7200	53-901: Melton Hwy@7.6-305: Melton Hwy@15.3	901	305	0	0	0	0	0											LOS_A		1.28	43.26
1	3600-7200	53-901: Melton Hwy@7.6-376: High St@36.1	901	376	115	115	0	0	0	5.50	5.50				0.91	0.91				LOS_A	1	1.28	43.26
1	3600-7200	53-1241: High St@3.1-199: Melton Hwy@15.7	1241	199	38	35	0	2	1	14.35	14.09		21.74	8.73	7.34	7.57		6.99	0.00	LOS_B	2	0.87	24.22
1	3600-7200	53-1241: High St@3.1-301: High St@21.5	1241	301	0	0	0	0	0											LOS_A		0.87	24.22
1	3600-7200	53-1241: High St@3.1-305: Melton Hwy@15.3	1241	305	7	7	0	0	0	12.59	12.59				6.64	6.64				LOS_B	2	0.87	24.22
1	3600-7200	53-1241: High St@3.1-376: High St@36.1	1241	376	31	31	0	0	0	4.94	4.94				1.61	1.61				LOS_A	1	0.87	24.22
1	3600-7200	53			1501	1407	0	65	26	4.48	4.42		4.73	7.53	0.95	0.96		0.55	1.55	LOS_A	1	0.97	63.40
1	3600-7200	54-526: Ferris Rd@22.5-310@35.3	526	310	19	17	0	2	0	6.60	6.93		3.81		1.81	2.02		0.00		LOS_A	1	0.07	11.86
1	3600-7200	54-526: Ferris Rd@22.5-421: Ferris Rd@15.4	526	421	0	0	0	0	0											LOS_A		0.00	0.00
1	3600-7200	54-526: Ferris Rd@22.5-525: Ferris Rd@18.9	526	525	418	382	0	26	10	0.11	0.12		0.07	0.09	0.00	0.00		0.00	0.00	LOS_A	1	0.00	0.00
1	3600-7200	54-527: Zone connector@58.2-310@35.3	527	310	0	0	0	0	0											LOS_A		0.00	0.00
1	3600-7200	54-527: Zone connector@58.2-421: Ferris Rd@15.4	527	421	357	319	0	23	15	0.17	0.16		0.26	0.21	0.00	0.00		0.00	0.00	LOS_A	1	0.00	0.00
1	3600-7200	54-528@5.7-421: Ferris Rd@15.4	528	421	10	7	0	2	1	3.90	4.28		3.07	2.89	0.11	0.16		0.00	0.00	LOS_A	1	0.01	6.07
1	3600-7200	54-528@5.7-525: Ferris Rd@18.9	528	525	0	0	0	0	0											LOS_A		0.00	0.00
1	3600-7200	54			804	725	0	53	26	0.34	0.33		0.41	0.27	0.04	0.05		0.00	0.00	LOS_A	1	0.01	11.86
1	3600-7200	55-68: Mount Cottrell Rd@390.9-320: Western Fwy@25.9	68	320	98	89	0	5	4	0.46	0.46		0.35	0.59	0.00	0.00		0.00	0.00	LOS_A	1	0.00	0.00
1	3600-7200	55-942: Western Hwy@75.8-69: Mount Cottrell Rd@25.4	942	69	59	56	0	1	2	0.31	0.26		1.19	1.26	0.00	0.00		0.00	0.00	LOS_A	1	0.00	0.00
1	3600-7200	55-942: Western Hwy@75.8-320: Western Fwy@25.9	942	320	1593	1501	7	65	18	1.15	1.16	0.19	1.24	0.65	0.00	0.00	0.00	0.00	0.00	LOS_A	1	0.00	0.00
1	3600-7200	55			1750	1646	7	71	24	1.08	1.09	0.19	1.18	0.69	0.00	0.00	0.00	0.00	0.00	LOS_A	1	0.00	0.00
1	3600-7200	56-24: Paynes Rd@384.9-537: Western Hwy@24.0	24	537	19	19	0	0	0	0.18	0.18				0.00	0.00				LOS_A	1	0.00	0.00
1	3600-7200	56-536: Western Hwy@83.6-23: Paynes Rd@34.1	536	23	67	67	0	0	0	2.84	2.84				0.00	0.00				LOS_A	1	0.00	0.00
1	3600-7200	56-536: Western Hwy@83.6-537: Western Hwy@24.0	536	537	1634	1539	7	66	20	1.42	1.43	3.07	1.19	1.32	0.00	0.00	0.00	0.00	0.00	LOS_A	1	0.00	0.00
1	3600-7200	56			1720	1625	7	66	20	1.46	1.47	3.07	1.19	1.32	0.00	0.00	0.00	0.00	0.00	LOS_A	1	0.00	0.00
1	3600-7200	57-169: Western Hwy@71.3-168: Western Hwy@12.5	169	168	1195	1024	27	88	54	0.08	0.09	0.03	0.05	0.07	0.00	0.00	0.00	0.00	0.00	LOS_A	1	0.00	0.00
1	3600-7200	57-511: Zone connector@97.7-172: Western Hwy@0.2	511	172	0	0	0	0	0											LOS_A		0.00	0.00
1	3600-7200	57-936: Western Hwy@71.3-172: Western Hwy@0.2	936	172	1701	1606	7	66	20	0.08	0.08	0.15	0.04	0.06	0.00	0.00	0.00	0.00	0.00	LOS_A	1	0.00	0.00
1	3600-7200	57-936: Western Hwy@71.3-512: Zone connector@4.0	936	512	0	0	0	0	0											LOS_A		0.00	0.00
1	3600-7200	57			2896	2630	34	154	74	0.08	0.08	0.05	0.05	0.07	0.00	0.00	0.00	0.00	0.00	LOS_A	1	0.00	0.00
1	3600-7200	58-436@136.8-271: Leakes Rd@61.4	436	271	107	100	0	4	3	3.08	2.97		4.15	5.39	0.50	0.52		0.10	0.45	LOS_A	1	0.24	24.54
1	3600-7200	58-436@136.8-437: Leakes Rd@45.3	436	437	64	56	0	6	2	5.79	6.45		1.45	0.24	1.39	1.59		0.00	0.00	LOS_A	1	0.25	16.81
1	3600-7200	58-600: Leakes Rd@6.4-273@26.5	600	273	94	87	0	5	2	0.96	0.86		2.21	2.12	0.00	0.00		0.00	0.00	LOS_A	1	0.00	0.00
1	3600-7200	58-600: Leakes Rd@6.4-437: Leakes Rd@45.3	600	437	156	140	0	6	9	0.27	0.28		0.25	0.07	0.00	0.00		0.00	0.00	LOS_A	1	0.00	0.00
1	3600-7200	58-1263: Leakes Rd@41.8-271: Leakes Rd@61.4	1263	271	244	221	1	11	10	0.13	0.14	0.00	0.14	0.00	0.00	0.00	0.00	0.00	0.00	LOS_A	1	0.05	11.88
1	3600-7200	58-1263: Leakes Rd@41.8-273@26.5	1263	273	80	71	0	4	5	1.73	1.80		0.95	1.36	0.11	0.13		0.00	0.00	LOS_A	1	0.05	11.88
1	3600-7200	58			745	675	1	36	31	1.35	1.38	0.00	1.20	0.91	0.20	0.22	0.00	0.01	0.04	LOS_A	1	0.13	24.54
1	3600-7200	59-271: Leakes Rd@243.2-401: Leakes Rd@29.0	271	401	351	321	1	15	13	0.04	0.04	0.00	0.10	0.00	0.00	0.00	0.00	0.00	0.00	LOS_A	1	0.00	0.00
1	3600-7200	59-443@92.7-270: Leakes Rd@21.8	443	270	0	0	0	0	0											LOS_A		0.00	0.00
1	3600-7200	59-443@92.7-442@13.5	443	442	0	0	0	0	0											LOS_A		0.00	0.00
1	3600-7200	59-605: Leakes Rd@50.0-270: Leakes Rd@21.8	605	270	250	227	0	11	11	0.22	0.11		0.40	0.76	0.00	0.00		0.00	0.00	LOS_A	1	0.00	0.00
1	3600-7200	59-605: Leakes Rd@50.0-442@13.5	605	442	0	0	0	0	0											LOS_A		0.00	0.00
1	3600-7200	59			601	548	1	26	24	0.12	0.07	0.00	0.22	0.35	0.00	0.00	0.00	0.00	0.00	LOS_A	1	0.00	0.00
1	3600-7200	60-604: Leakes Rd@15.4-398: Taylors Rd@22.2	604	398	43	43	0	0	0	2.58	2.58				0.12	0.12				LOS_A	1	0.00	0.00
1	3600-7200	60-604: Leakes Rd@15.4-402: Leakes Rd@24.4	604	402	70	60	0	4	6	24.90	25.49		21.69	21.15	15.22	15.90		12.68	10.14	LOS_C	3	2.01	26.21
1	3600-7200	60-606: Leakes Rd@69.8-402: Leakes Rd@24.4	606	402	180	167	0	7	5	0.38	0.37		0.45	0.41	0.00	0.01		0.00	0.00	LOS_A	1	0.00	0.00
1	3600-7200	60-607: Taylors Rd@70.4-400: Leakes Rd@76.7	607	400	22	22	0	0	0	57.26	57.26				49.11	49.11				LOS_E	5	1.92	19.40
1	3600-7200	60-938: Leakes Rd@26.8-398: Taylors Rd@22.2	938	398	293	272	0	13	7	10.71	10.53		10.70	18.97	6.05	6.10		3.53	9.48	LOS_B	2	3.50	45.28
1	3600-7200	60-938: Leakes Rd@26.8-400: Leakes Rd@76.7	938	400	58	49	1	2	6	1.80	1.64	0.00	0.00	4.00	0.75	0.65	0.00	0.00	1.96	LOS_A	1	3.50	45.28
1	3600-7200	60			666	613	1	26	24	9.65	9.63	0.00	8.81	11.91	5.96	6.09	0.00	3.72	5.79	LOS_A	1	1.49	45.28
1	3600-7200	61-540@22.7-435: Leakes Rd@19.5	540	435	48	46	0	1	1	0.94	0.88		0.49	4.13	0.13	0.13		0.00	0.00	LOS_A	1	0.02	10.93
1	3600-7200	61-540@22.7-438: Leakes Rd@14.4	540	438	114	103	0	7	4	2.11	2.09		2.98	1.00	0.29	0.26		0.88	0.00	LOS_A	1	0.12	11.63
1	3600-7200	61-863: Leakes Rd@86.5-265@27.3	863	265	123	119	0	1	3	3.93	3.86		6.81	5.50	0.30	0.31		0.00	0.00	LOS_A	1	0.16	23.31
1	3600-7200	61-863: Leakes Rd@86.5-435: Leakes Rd@19.5	863	435	97	77	0	11	8	0.07	0.09		0.00	0.05	0.00	0.00		0.00	0.00	LOS_A	1	0.00	0.00
1	3600-7200	61-941: Leakes Rd@8.5-265@27.3	941	265	48	37	0	5	4	2.66	2.17		3.75	3.95	0.00	0.00		0.00	0.00	LOS_A	1	0.00	0.00
1	3600-7200	61-941: Leakes Rd@8.5-438: Leakes Rd@14.4	941	438	210	189	1	8	11	0.79	0.78	0.00	0.95	0.97	0.00	0.00	0.00	0.00	0.00	LOS_A	1	0.00	0.00
1	3600-7200	61			640	571	1	33	31	1.67	1.66	0.00	1.65	1.66	0.12	0.12	0.00	0.19	0.00	LOS_A	1	0.06	23.31
1	3600-7200	62-267: Ian Cowie Way@65.6-264: Leakes Rd@15.6	267	264	0	0	0	0	0											LOS_A		0.00	0.00
1	3600-7200	62-267: Ian Cowie Way@65.6-434: Leakes Rd@14.9	267	434	3	3	0	0	0	2.35	2.35				0.02	0.02				LOS_A	1	0.00	0.00
1	3600-7200	62-538: Leakes Rd@42.7-264: Leakes Rd@15.6	538	264	145	123	0	12	9	0.03	0.03		0.00	0.03	0.00	0.00		0.00	0.00	LOS_A	1	0.00	0.00
1	3600-7200	62-538: Leakes Rd@42.7-268: Ian Cowie Way@17.3	538	268	0	0	0	0	0											LOS_A		0.00	0.00
1	3600-7200	62-864: Leakes Rd@42.2-268: Ian Cowie Way@17.3	864	268	0	0	0	0	0											LOS_A		0.00	0.00
1	3600-7200	62-864: Leakes Rd@42.2-434: Leakes Rd@14.9	864	434	255	223	1	13	15	0.06	0.06	0.00	0.03	0.05	0.00	0.00	0.00	0.00	0.00	LOS_A	1	0.00	0.00
1	3600-7200	62			403	349	1	25	24	0.06	0.07	0.00	0.02	0.04	0.00	0.00	0.00	0.00	0.00	LOS_A	1	0.00	0.00
1	3600-7200	63-374: Westcott Pde@100.7-263: Leakes Rd@9.1	374	263	8	6	0	0	0	6.25	3.07				0.25	0.33				LOS_A	1	0.01	6.26
1	3600-7200	63-374: Westcott Pde@100.7-372: Leakes Rd@14.9	374	372	0	0	0	0	0											LOS_A		0.00	0.00
1	3600-7200	63-542: Leakes Rd@34.5-372: Leakes Rd@14.9	542	372	145	123	0	12	9	0.02	0.01		0.00	0.00	0.00	0.00		0.00	0.00	LOS_A	1	0.00	0.00
1	3600-7200	63-542: Leakes Rd@34.5-375: Westcott Pde@26.6	542	375	0	0	0	0	0											LOS_A		0.00	0.00
1	3600-7200	63-543: Leakes Rd@6.7-263: Leakes Rd@9.1	543	263	247	217	1	13	15	0.04	0.04	0.00	0.02	0.02	0.00	0.00	0.00	0.00	0.00	LOS_A	1	0.00	0.00
1	3600-7200	63-543: Leakes Rd@6.7-375: Westcott Pde@26.6	543	375	0	0	0	0	0											LOS_A		0.00	0.00
1	3600-7200	63			400	346	1	25	24	0.16	0.08	0.00	0.01	0.01	0.01	0.01	0.00	0.00	0.00	LOS_A	1	0.00	6.26
1	3600-7200	64-484@157.6-78: Western Hwy@14.0	484	78	0	0	0	0	0											LOS_A		0.00	0.00
1	3600-7200	64-484@157.6-324: Western Hwy@20.9	484	324	0	0	0	0	0											LOS_A		0.00	0.00
1	3600-7200	64-943: Western Hwy@38.1-78: Western Hwy@14.0	943	78	1197	1026	27	87	56	0.06	0.06	0.09	0.03	0.15	0.00	0.00	0.00	0.00	0.00	LOS_A	1	0.00	0.00
1	3600-7200	64-943: Western Hwy@38.1-324: Western Hwy@20.9	943	324	0	0	0	0	0											LOS_A		0.00	0.00
1	3600-7200	64-943: Western Hwy@38.1-483@8.4	943	483	0	0	0	0	0											LOS_A		0.00	0.00
1	3600-7200	64-1265: Western Hwy@45.2-78: Western Hwy@14.0	1265	78	3	3	0	0	0	1.46	1.46				0.00	0.00				LOS_A	1	0.00	0.00
1	3600-7200	64-1265: Western Hwy@45.2-324: Western Hwy@20.9	1265	324	1695	1602	7	68	18	0.07	0.07	0.02	0.06	0.13	0.00	0.00	0.00	0.00	0.00	LOS_A	1	0.00	0.00
1	3600-7200	64-1265: Western Hwy@45.2-483@8.4	1265	483	0	0	0	0	0											LOS_A		0.00	0.00
1	3600-7200	64			2895	2631	34	155	74	0.07	0.07	0.08	0.04	0.14	0.00	0.00	0.00	0.00	0.00	LOS_A	1	0.00	0.00
1	3600-7200	65-27: Troups Rd N@8.8-29: Western Hwy@8.5	27	29	62	57	0	4	1	0.01	0.01		0.01	0.01	0.00	0.00		0.00	0.00	LOS_A	1	0.00	0.00
1	3600-7200	65-27: Troups Rd N@8.8-31: Troups Rd N@5.3	27	31	61	56	0	2	1	0.02	0.02		0.00	0.00	0.00	0.00		0.00	0.00	LOS_A	1	0.00	0.00
1	3600-7200	65-30: Western Hwy@242.6-28: Troups Rd N@3.2	30	28	4	4	0	0	0	0.04	0.04				0.00	0.00				LOS_A	1	0.00	0.00
1	3600-7200	65-30: Western Hwy@242.6-31: Troups Rd N@5.3	30	31	0	0	0	0	0											LOS_A		0.00	0.00
1	3600-7200	65-32: Troups Rd N@98.1-28: Troups Rd N@3.2	32	28	2	2	0	0	0	0.18	0.18				0.00	0.00				LOS_A	1	0.00	0.00
1	3600-7200	65-32: Troups Rd N@98.1-29: Western Hwy@8.5	32	29	0	0	0	0	0											LOS_A		0.00	0.00
1	3600-7200	65			129	119	0	6	2	0.02	0.02		0.01	0.00	0.00	0.00		0.00	0.00	LOS_A	1	0.00	0.00
1	3600-7200	66-33: Neales Rd W@612.0-35: Neales Rd W@48.6	33	35	5	5	0	0	0	22.00	22.00				14.91	14.91				LOS_C	3	0.44	13.26
1	3600-7200	66-33: Neales Rd W@612.0-232: Hopkins Rd@6.4	33	232	0	0	0	0	0											LOS_A		0.44	13.26
1	3600-7200	66-33: Neales Rd W@612.0-910: Melton Hwy@16.5	33	910	10	10	0	0	0	22.85	22.85				16.90	16.90				LOS_C	3	0.44	13.26
1	3600-7200	66-622: Neales Rd W@45.9-34: Neales Rd W@23.0	622	34	24	24	0	0	0	19.99	19.99				13.34	13.34				LOS_B	2	0.60	26.02
1	3600-7200	66-622: Neales Rd W@45.9-232: Hopkins Rd@6.4	622	232	147	119	0	15	11	1.06	0.81		1.90	1.87	0.07	0.09		0.00	0.00	LOS_A	1	0.01	5.98
1	3600-7200	66-622: Neales Rd W@45.9-910: Melton Hwy@16.5	622	910	0	0	0	0	0											LOS_A		0.60	26.02
1	3600-7200	66-897: Hopkins Rd@12.7-34: Neales Rd W@23.0	897	34	0	0	0	0	0											LOS_A		5.73	55.97
1	3600-7200	66-897: Hopkins Rd@12.7-35: Neales Rd W@48.6	897	35	200	184	0	14	1	28.85	28.23		32.97	42.49	18.75	18.44		19.34	31.31	LOS_C	3	5.73	55.97
1	3600-7200	66-897: Hopkins Rd@12.7-910: Melton Hwy@16.5	897	910	143	131	2	6	4	5.28	5.44	0.40	3.54	4.95	2.02	2.16	0.00	0.32	0.99	LOS_A	1	5.73	55.97
1	3600-7200	66-908: Melton Hwy@9.5-34: Neales Rd W@23.0	908	34	0	0	0	0	0											LOS_A		1.99	43.65
1	3600-7200	66-908: Melton Hwy@9.5-35: Neales Rd W@48.6	908	35	4	4	0	0	0	11.99	11.99				5.09	5.09				LOS_B	2	1.99	43.65
1	3600-7200	66-908: Melton Hwy@9.5-232: Hopkins Rd@6.4	908	232	124	113	0	6	5	13.01	13.22		10.16	11.72	6.27	6.51		4.21	3.41	LOS_B	2	1.99	43.65
1	3600-7200	66			657	590	2	41	21	13.94	14.17	0.40	13.96	6.74	8.24	8.48	0.00	7.27	2.49	LOS_B	2	1.75	55.97
1	3600-7200	67-230: Hopkins Rd@28.1-37@43.8	230	37	102	78	0	13	11	5.23	5.18		5.29	5.54	0.80	1.04		0.00	0.00	LOS_A	1	0.17	28.23
1	3600-7200	67-230: Hopkins Rd@28.1-426: Hopkins Rd@4.3	230	426	169	154	0	8	5	1.42	1.33		0.53	0.29	0.14	0.15		0.00	0.00	LOS_A	1	0.00	0.00
1	3600-7200	67-427: Hopkins Rd@87.2-231: Hopkins Rd@8.3	427	231	285	259	2	20	4	0.17	0.13	0.77	0.58	0.53	0.00	0.00	0.00	0.00	0.00	LOS_A	1	0.00	0.00
1	3600-7200	67-946@14.4-231: Hopkins Rd@8.3	946	231	58	56	0	0	1	2.89	2.65			0.76	0.46	0.39			0.00	LOS_A	1	0.15	24.88
1	3600-7200	67-946@14.4-426: Hopkins Rd@4.3	946	426	112	102	1	6	3	4.44	4.47	4.08	4.95	2.52	1.44	1.52	0.00	1.09	0.00	LOS_A	1	0.49	23.67
1	3600-7200	67			726	649	3	47	24	2.05	1.92	1.88	2.43	3.04	0.40	0.43	0.00	0.14	0.00	LOS_A	1	0.16	28.23
1	3600-7200	68-83: Sheahan Rd@168.5-55: Hopkins Rd@3.3	83	55	0	0	0	0	0											LOS_A		0.00	0.00
1	3600-7200	68-83: Sheahan Rd@168.5-251: Hopkins Rd@6.5	83	251	0	0	0	0	0											LOS_A		0.00	0.00
1	3600-7200	68-252: Hopkins Rd@8.4-55: Hopkins Rd@3.3	252	55	337	312	1	16	8	0.02	0.02	0.00	0.01	0.02	0.00	0.00	0.00	0.00	0.00	LOS_A	1	0.00	0.00
1	3600-7200	68-252: Hopkins Rd@8.4-82: Sheahan Rd@6.2	252	82	0	0	0	0	0											LOS_A		0.00	0.00
1	3600-7200	68-895: Hopkins Rd@30.3-82: Sheahan Rd@6.2	895	82	0	0	0	0	0											LOS_A		0.00	0.00
1	3600-7200	68-895: Hopkins Rd@30.3-251: Hopkins Rd@6.5	895	251	474	417	2	29	26	0.11	0.10	0.66	0.16	0.14	0.00	0.00	0.00	0.00	0.00	LOS_A	1	0.00	0.00
1	3600-7200	68			811	729	3	45	34	0.07	0.07	0.44	0.10	0.11	0.00	0.00	0.00	0.00	0.00	LOS_A	1	0.00	0.00
1	3600-7200	69-290: Caroline Springs Blvd@7.8-60: Caroline Springs Blvd@15.2	290	60	0	0	0	0	0											LOS_A		0.00	0.00
1	3600-7200	69-290: Caroline Springs Blvd@7.8-291: Caroline Springs Blvd@13.9	290	291	582	559	0	15	6	0.89	0.90		0.86	0.97	0.00	0.00		0.00	0.00	LOS_A	1	0.00	0.00
1	3600-7200	69-290: Caroline Springs Blvd@7.8-293: Chisholm Dr@13.5	290	293	42	41	0	1	0	1.02	1.04		0.20		0.00	0.00		0.00		LOS_A	1	0.00	0.00
1	3600-7200	69-290: Caroline Springs Blvd@7.8-431: Springlake Ave@15.9	290	431	46	45	0	1	0	0.97	0.99		0.05		0.00	0.00		0.00		LOS_A	1	0.00	0.00
1	3600-7200	69-292: Caroline Springs Blvd@169.6-60: Caroline Springs Blvd@15.2	292	60	301	271	0	16	12	2.39	2.32		2.61	1.83	0.30	0.32		0.21	0.00	LOS_A	1	0.33	36.92
1	3600-7200	69-292: Caroline Springs Blvd@169.6-291: Caroline Springs Blvd@13.9	292	291	0	0	0	0	0											LOS_A		0.33	36.92
1	3600-7200	69-292: Caroline Springs Blvd@169.6-293: Chisholm Dr@13.5	292	293	0	0	0	0	0											LOS_A		0.33	36.92
1	3600-7200	69-292: Caroline Springs Blvd@169.6-431: Springlake Ave@15.9	292	431	0	0	0	0	0											LOS_A		0.33	36.92
1	3600-7200	69-294: Chisholm Dr@69.6-60: Caroline Springs Blvd@15.2	294	60	14	12	0	1	1	2.66	3.09		0.08	0.13	0.81	0.95		0.00	0.00	LOS_A	1	0.02	5.98
1	3600-7200	69-294: Chisholm Dr@69.6-291: Caroline Springs Blvd@13.9	294	291	0	0	0	0	0											LOS_A		0.02	5.98
1	3600-7200	69-294: Chisholm Dr@69.6-293: Chisholm Dr@13.5	294	293	0	0	0	0	0											LOS_A		0.02	5.98
1	3600-7200	69-294: Chisholm Dr@69.6-431: Springlake Ave@15.9	294	431	0	0	0	0	0											LOS_A		0.02	5.98
1	3600-7200	69-430: Springlake Ave@96.3-60: Caroline Springs Blvd@15.2	430	60	12	10	0	1	1	10.66	12.57		1.88	0.25	7.55	9.06		0.00	0.00	LOS_B	2	0.14	5.88
1	3600-7200	69-430: Springlake Ave@96.3-291: Caroline Springs Blvd@13.9	430	291	0	0	0	0	0											LOS_A		0.07	5.88
1	3600-7200	69-430: Springlake Ave@96.3-293: Chisholm Dr@13.5	430	293	0	0	0	0	0											LOS_A		0.14	5.88
1	3600-7200	69-430: Springlake Ave@96.3-431: Springlake Ave@15.9	430	431	0	0	0	0	0											LOS_A		0.14	5.88
1	3600-7200	69			997	938	0	35	20	1.50	1.47		1.63	1.41	0.19	0.20		0.10	0.00	LOS_A	1	0.10	36.92
1	3600-7200	70-352: Eucumbene Dr@292.6-111: Christies Rd@15.7	352	111	6	6	0	0	0	1.89	1.89				0.23	0.23				LOS_A	1	0.01	5.32
1	3600-7200	70-647: Christies Rd@1.7-111: Christies Rd@15.7	647	111	272	210	0	36	24	1.68	1.63		1.57	2.48	0.15	0.16		0.18	0.00	LOS_A	1	0.00	0.00
1	3600-7200	70-647: Christies Rd@1.7-353: Eucumbene Dr@18.2	647	353	0	0	0	0	0											LOS_A		0.00	0.00
1	3600-7200	70-891: Christies Rd@8.6-287: Christies Rd@18.9	891	287	429	396	0	20	11	0.65	0.67		0.55	0.29	0.00	0.00		0.00	0.00	LOS_A	1	0.00	0.00
1	3600-7200	70-891: Christies Rd@8.6-353: Eucumbene Dr@18.2	891	353	63	60	0	3	0	4.42	4.39		4.93		1.62	1.70		0.00		LOS_A	1	0.25	18.44
1	3600-7200	70			770	672	0	59	35	1.33	1.31		1.39	1.79	0.19	0.20		0.11	0.00	LOS_A	1	0.06	18.44
1	3600-7200	71-111: Christies Rd@84.9-129@9.8	111	129	210	180	0	18	12	0.51	0.45		0.82	0.87	0.00	0.00		0.00	0.00	LOS_A	1	0.00	0.00
1	3600-7200	71-111: Christies Rd@84.9-282: Christies Rd@12.4	111	282	68	36	0	18	12	0.09	0.10		0.00	0.23	0.00	0.00		0.00	0.00	LOS_A	1	0.00	0.00
1	3600-7200	71-274: Christies Rd@5.8-112: Christies Rd@20.6	274	112	492	456	0	23	11	1.70	1.74		1.42	1.25	0.00	0.00		0.00	0.00	LOS_A	1	0.06	27.97
1	3600-7200	71-274: Christies Rd@5.8-129@9.8	274	129	149	64	4	54	27	4.62	4.09	5.00	5.08	4.92	0.04	0.01	0.00	0.11	0.00	LOS_A	1	0.06	27.97
1	3600-7200	71			919	736	4	113	62	1.78	1.55	5.00	2.85	2.58	0.01	0.00	0.00	0.05	0.00	LOS_A	1	0.03	27.97
1	3600-7200	72-126@294.6-280: Christies Rd@41.9	126	280	386	375	0	11	0	2.08	2.11		1.01		0.03	0.04		0.00		LOS_A	1	0.07	18.14
1	3600-7200	72-126@294.6-394: Christies Rd@15.7	126	394	32	11	0	21	0	1.51	1.45		1.55		0.07	0.00		0.11		LOS_A	1	0.07	18.14
1	3600-7200	72-126@294.6-626: Palm Springs Rd@75.1	126	626	23	19	0	4	0	2.32	1.76		5.00		0.05	0.00		0.27		LOS_A	1	0.07	18.14
1	3600-7200	72-279: Christies Rd@96.9-280: Christies Rd@41.9	279	280	0	0	0	0	0											LOS_A		0.01	7.81
1	3600-7200	72-279: Christies Rd@96.9-394: Christies Rd@15.7	279	394	47	15	0	18	12	3.87	2.04		4.04	6.27	0.11	0.00		0.06	0.35	LOS_A	1	0.01	7.81
1	3600-7200	72-279: Christies Rd@96.9-626: Palm Springs Rd@75.1	279	626	21	21	0	0	0	3.11	3.11				0.00	0.00				LOS_A	1	0.01	7.81
1	3600-7200	72-393: Christies Rd@348.6-280: Christies Rd@41.9	393	280	137	43	1	64	27	16.20	18.45	14.15	13.70	19.72	6.26	8.17	0.40	4.33	8.49	LOS_B	2	4.79	79.53
1	3600-7200	72-393: Christies Rd@348.6-394: Christies Rd@15.7	393	394	0	0	0	0	0											LOS_A		4.79	79.53
1	3600-7200	72-393: Christies Rd@348.6-626: Palm Springs Rd@75.1	393	626	0	0	0	0	0											LOS_A		4.79	79.53
1	3600-7200	72-625: Palm Springs Rd@88.9-280: Christies Rd@41.9	625	280	118	102	3	2	11	37.22	34.03	93.78	55.84	48.07	18.05	16.91	44.08	23.89	20.44	LOS_D	4	10.52	110.47
1	3600-7200	72-625: Palm Springs Rd@88.9-394: Christies Rd@15.7	625	394	1	1	0	0	0	88.39	88.39				41.35	41.35				LOS_F	6	10.52	110.47
1	3600-7200	72-625: Palm Springs Rd@88.9-626: Palm Springs Rd@75.1	625	626	0	0	0	0	0											LOS_A		10.52	110.47
1	3600-7200	72			765	587	4	120	50	10.26	9.01	73.87	9.37	22.73	3.99	3.63	33.16	2.75	9.16	LOS_B	2	3.85	110.47
1	3600-7200	73-350: Delma Rd@97.2-464: Ballarat Rd  Western Hwy@8.8	350	464	28	28	0	0	0	1.74	1.74				0.61	0.61				LOS_A	1	0.05	12.21
1	3600-7200	73-663: Ballarat Rd  Western Hwy@46.8-351: Delma Rd@11.2	663	351	1	1	0	0	0	2.76	2.76				0.00	0.00				LOS_A	1	0.00	0.00
1	3600-7200	73-663: Ballarat Rd  Western Hwy@46.8-464: Ballarat Rd  Western Hwy@8.8	663	464	738	685	0	31	22	0.30	0.30		0.34	0.53	0.00	0.00		0.00	0.00	LOS_A	1	0.00	0.00
1	3600-7200	73			767	714	0	31	22	0.36	0.36		0.34	0.53	0.02	0.02		0.00	0.00	LOS_A	1	0.02	12.21
1	3600-7200	76-911@130.2-404: Hopkins Rd@29.7	911	404	91	91	0	0	0	22.75	22.75				16.43	16.43				LOS_C	3	2.50	31.53
1	3600-7200	76-911@130.2-408: Hopkins Rd@16.0	911	408	67	67	0	0	0	2.03	2.03				0.50	0.50				LOS_A	1	0.07	5.97
1	3600-7200	76-913: Hopkins Rd@4.0-408: Hopkins Rd@16.0	913	408	407	350	2	29	26	12.46	12.36	0.00	10.54	16.82	4.93	5.10	0.00	2.14	6.03	LOS_B	2	4.34	75.54
1	3600-7200	76-913: Hopkins Rd@4.0-912@27.4	913	912	83	83	0	0	0	2.21	2.21				0.01	0.01				LOS_A	1	0.00	0.00
1	3600-7200	76-948: Hopkins Rd@33.1-404: Hopkins Rd@29.7	948	404	264	239	1	16	8	5.44	5.55	0.00	4.59	4.71	1.57	1.64	0.00	0.80	1.18	LOS_A	1	6.01	64.45
1	3600-7200	76-948: Hopkins Rd@33.1-912@27.4	948	912	73	73	0	0	0	47.17	47.17				34.75	34.75				LOS_D	4	6.01	64.45
1	3600-7200	76			985	903	3	45	34	12.53	12.72	0.00	8.43	13.97	6.59	6.92	0.00	1.66	4.89	LOS_B	2	2.58	75.54
1	3600-7200	77-208: Western Fwy@25.5-84: Western Fwy@15.9	208	84	776	657	27	56	36	0.46	0.51	0.35	0.27	0.03	0.00	0.00	0.00	0.00	0.00	LOS_A	1	0.00	0.00
1	3600-7200	77-208: Western Fwy@25.5-180@16.3	208	180	154	147	0	3	4	3.60	3.50		5.77	5.75	0.00	0.00		0.00	0.00	LOS_A	1	0.00	0.00
1	3600-7200	77			930	804	27	59	40	0.98	1.05	0.35	0.55	0.60	0.00	0.00	0.00	0.00	0.00	LOS_A	1	0.00	0.00
1	3600-7200	78-84: Western Fwy@896.5-203: Western Fwy@19.3	84	203	775	656	27	56	36	0.08	0.09	0.09	0.05	0.01	0.00	0.00	0.00	0.00	0.00	LOS_A	1	0.00	0.00
1	3600-7200	78-529@58.8-203: Western Fwy@19.3	529	203	433	381	0	32	18	0.47	0.50		0.29	0.31	0.03	0.04		0.00	0.00	LOS_A	1	0.00	0.00
1	3600-7200	78			1208	1037	27	88	54	0.22	0.24	0.09	0.14	0.11	0.01	0.01	0.00	0.00	0.00	LOS_A	1	0.00	0.00
1	3600-7200	79-184: Western Fwy@928.7-205: Western Fwy@68.7	184	205	1039	992	7	28	12	0.13	0.12	1.01	0.22	0.05	0.00	0.00	0.00	0.00	0.00	LOS_A	1	0.00	0.00
1	3600-7200	79-333@86.1-205: Western Fwy@68.7	333	205	139	132	0	5	2	0.84	0.81		1.31	1.59	0.00	0.00		0.00	0.00	LOS_A	1	0.00	0.00
1	3600-7200	79			1178	1124	7	33	14	0.22	0.20	1.01	0.39	0.27	0.00	0.00	0.00	0.00	0.00	LOS_A	1	0.00	0.00
1	3600-7200	80-424: Western Fwy@14.2-184: Western Fwy@85.3	424	184	1039	992	7	28	12	1.69	1.70	1.18	1.94	1.12	0.00	0.00	0.00	0.00	0.00	LOS_A	1	0.00	0.00
1	3600-7200	80-424: Western Fwy@14.2-337@9.9	424	337	648	595	0	42	10	5.76	5.55		8.30	7.91	0.00	0.00		0.04	0.00	LOS_A	1	0.00	0.00
1	3600-7200	80			1687	1587	7	70	22	3.26	3.14	1.18	5.76	4.21	0.00	0.00	0.00	0.02	0.00	LOS_A	1	0.00	0.00
1	3600-7200	81-532: Western Hwy@54.0-334: Western Hwy@32.2	532	334	1185	1014	27	88	54	0.14	0.15	0.01	0.11	0.01	0.00	0.00	0.00	0.00	0.00	LOS_A	1	0.00	0.00
1	3600-7200	81-532: Western Hwy@54.0-481@38.6	532	481	23	23	0	0	0	4.89	4.89				0.00	0.00				LOS_A	1	0.00	0.00
1	3600-7200	81			1208	1037	27	88	54	0.23	0.26	0.01	0.11	0.01	0.00	0.00	0.00	0.00	0.00	LOS_A	1	0.00	0.00
1	3600-7200	82-334: Western Hwy@654.9-72: Western Hwy@13.0	334	72	1185	1014	27	88	54	0.16	0.17	0.01	0.15	0.02	0.00	0.00	0.00	0.00	0.00	LOS_A	1	0.00	0.00
1	3600-7200	82-482@267.1-72: Western Hwy@13.0	482	72	10	10	0	0	0	0.04	0.04				0.00	0.00				LOS_A	1	0.00	0.00
1	3600-7200	82			1195	1024	27	88	54	0.16	0.17	0.01	0.15	0.02	0.00	0.00	0.00	0.00	0.00	LOS_A	1	0.00	0.00
1	3600-7200	83-313: Western Hwy@39.7-103: Western Hwy@23.4	313	103	1023	868	27	78	49	0.44	0.43	0.38	0.41	0.75	0.00	0.00	0.00	0.00	0.00	LOS_A	1	0.00	0.00
1	3600-7200	83-313: Western Hwy@39.7-174@14.4	313	174	171	156	0	10	5	3.44	3.18		6.23	6.16	0.00	0.00		0.00	0.00	LOS_A	1	0.00	0.00
1	3600-7200	83			1194	1024	27	88	54	0.87	0.85	0.38	1.07	1.25	0.00	0.00	0.00	0.00	0.00	LOS_A	1	0.00	0.00
1	3600-7200	84-161@132.7-99: Western Hwy@10.0	161	99	171	156	0	6	7	0.08	0.04		0.52	0.52	0.00	0.00		0.00	0.00	LOS_A	1	0.00	0.00
1	3600-7200	84-187: Western Hwy@838.0-99: Western Hwy@10.0	187	99	1530	1450	7	60	13	0.12	0.12	0.16	0.11	0.06	0.00	0.00	0.00	0.00	0.00	LOS_A	1	0.00	0.00
1	3600-7200	84			1701	1606	7	66	20	0.12	0.12	0.16	0.15	0.22	0.00	0.00	0.00	0.00	0.00	LOS_A	1	0.00	0.00
1	3600-7200	85-103: Western Hwy@829.6-89: Western Hwy@49.7	103	89	1023	868	27	78	49	0.15	0.16	0.12	0.10	0.08	0.00	0.00	0.00	0.00	0.00	LOS_A	1	0.00	0.00
1	3600-7200	85-175@113.1-89: Western Hwy@49.7	175	89	174	158	0	9	7	0.07	0.07		0.03	0.06	0.00	0.00		0.00	0.00	LOS_A	1	0.00	0.00
1	3600-7200	85			1197	1026	27	87	56	0.14	0.15	0.12	0.09	0.07	0.00	0.00	0.00	0.00	0.00	LOS_A	1	0.00	0.00
1	3600-7200	86-323: Western Hwy@20.0-159@12.1	323	159	162	149	0	8	5	1.53	1.24		4.79	5.09	0.00	0.00		0.00	0.00	LOS_A	1	0.00	0.00
1	3600-7200	86-323: Western Hwy@20.0-187: Western Hwy@33.1	323	187	1532	1452	7	60	13	0.58	0.59	0.52	0.57	0.21	0.00	0.00	0.00	0.00	0.00	LOS_A	1	0.00	0.00
1	3600-7200	86			1694	1601	7	68	18	0.67	0.65	0.52	1.07	1.57	0.00	0.00	0.00	0.00	0.00	LOS_A	1	0.00	0.00
1	3600-7200	87-343: Western Hwy@756.9-154: Western Hwy@6.1	343	154	1704	1601	7	74	20	0.21	0.21	0.00	0.17	0.29	0.00	0.00	0.00	0.00	0.00	LOS_A	1	0.00	0.00
1	3600-7200	87-480@343.6-154: Western Hwy@6.1	480	154	113	113	0	0	0	0.00	0.00				0.00	0.00				LOS_A	1	0.00	0.00
1	3600-7200	87			1817	1714	7	74	20	0.20	0.20	0.00	0.17	0.29	0.00	0.00	0.00	0.00	0.00	LOS_A	1	0.00	0.00
1	3600-7200	88-955: Western Fwy@13.7-343: Western Hwy@21.2	955	343	1704	1601	7	74	20	0.23	0.22	0.29	0.36	0.74	0.00	0.00	0.00	0.00	0.00	LOS_A	1	0.00	0.00
1	3600-7200	88-955: Western Fwy@13.7-479@7.3	955	479	0	0	0	0	0											LOS_A		0.00	0.00
1	3600-7200	88			1704	1601	7	74	20	0.23	0.22	0.29	0.36	0.74	0.00	0.00	0.00	0.00	0.00	LOS_A	1	0.00	0.00
1	3600-7200	89-228: Western Fwy@25.8-108@38.1	228	108	170	158	1	6	4	5.33	5.10	10.03	8.25	8.19	0.00	0.00	0.00	0.00	0.00	LOS_A	1	0.00	0.00
1	3600-7200	89-228: Western Fwy@25.8-194: Western Fwy@23.2	228	194	1029	870	26	81	52	0.71	0.71	0.27	0.91	0.61	0.00	0.00	0.00	0.00	0.00	LOS_A	1	0.00	0.00
1	3600-7200	89			1199	1028	27	87	56	1.37	1.39	0.63	1.42	1.15	0.00	0.00	0.00	0.00	0.00	LOS_A	1	0.00	0.00
1	3600-7200	90-104@749.4-417: Western Fwy@11.1	104	417	175	160	0	5	8	0.11	0.10		0.12	0.31	0.00	0.00		0.00	0.00	LOS_A	1	0.00	0.00
1	3600-7200	90-196: Western Fwy@1281.0-417: Western Fwy@11.1	196	417	1529	1441	7	69	12	0.14	0.15	0.23	0.08	0.04	0.00	0.00	0.00	0.00	0.00	LOS_A	1	0.00	0.00
1	3600-7200	90			1704	1601	7	74	20	0.14	0.14	0.23	0.08	0.15	0.00	0.00	0.00	0.00	0.00	LOS_A	1	0.00	0.00
1	3600-7200	91-260: Hopkins Rd@38.0-419@15.1	260	419	186	152	0	20	14	2.95	2.62		4.25	4.63	0.00	0.00		0.00	0.00	LOS_A	1	0.00	0.00
1	3600-7200	91-260: Hopkins Rd@38.0-427: Hopkins Rd@14.4	260	427	285	259	2	20	4	1.01	1.04	1.32	0.46	1.96	0.00	0.00	0.00	0.00	0.00	LOS_A	1	0.00	0.00
1	3600-7200	91-426: Hopkins Rd@77.5-43: Hopkins Rd@14.4	426	43	281	256	1	14	8	0.22	0.22	1.38	0.16	0.15	0.00	0.00	0.00	0.00	0.00	LOS_A	1	0.00	0.00
1	3600-7200	91			752	667	3	54	26	1.20	1.09	1.34	1.79	2.84	0.00	0.00	0.00	0.00	0.00	LOS_A	1	0.00	0.00
1	3600-7200	92-107@313.1-8: Western Fwy@5.3	107	8	288	230	0	33	25	0.09	0.10		0.02	0.05	0.00	0.00		0.00	0.00	LOS_A	1	0.00	0.00
1	3600-7200	92-194: Western Fwy@609.6-8: Western Fwy@5.3	194	8	1029	870	26	81	52	0.06	0.06	0.06	0.06	0.08	0.00	0.00	0.00	0.00	0.00	LOS_A	1	0.00	0.00
1	3600-7200	92			1317	1100	26	114	77	0.07	0.07	0.06	0.05	0.07	0.00	0.00	0.00	0.00	0.00	LOS_A	1	0.00	0.00
1	3600-7200	93-224: Western Fwy@24.6-149@12.9	224	149	180	162	0	18	0	3.69	3.37		6.52		0.00	0.00		0.00		LOS_A	1	0.00	0.00
1	3600-7200	93-224: Western Fwy@24.6-196: Western Fwy@9.8	224	196	1529	1441	7	69	12	0.86	0.87	1.37	0.70	0.57	0.00	0.00	0.00	0.00	0.00	LOS_A	1	0.00	0.00
1	3600-7200	93			1709	1603	7	87	12	1.16	1.12	1.37	1.90	0.57	0.00	0.00	0.00	0.00	0.00	LOS_A	1	0.00	0.00
1	3600-7200	94-949: Western Fwy@23.3-136@6.8	949	136	403	373	0	17	13	0.15	0.16		0.08	0.05	0.01	0.01		0.00	0.00	LOS_A	1	0.06	43.43
1	3600-7200	94-949: Western Fwy@23.3-389: Western Fwy  Deer Park Byp@4.2	949	389	914	727	26	97	64	0.20	0.21	0.05	0.18	0.26	0.00	0.00	0.00	0.00	0.00	LOS_A	1	0.06	43.43
1	3600-7200	94			1317	1100	26	114	77	0.19	0.19	0.05	0.16	0.23	0.00	0.00	0.00	0.00	0.00	LOS_A	1	0.06	43.43
1	3600-7200	95-952: Western Hwy@80.5-1039: Western Fwy@10.4	952	1039	440	416	0	13	11	3.90	3.83		5.80	3.96	0.02	0.02		0.00	0.00	LOS_A	1	0.00	0.00
1	3600-7200	95-1038: Western Fwy  Deer Park Byp@73.0-1039: Western Fwy@10.4	1038	1039	1269	1187	7	74	1	4.81	4.85	1.32	4.22	32.55	0.01	0.00	0.00	0.01	0.00	LOS_A	1	0.00	0.00
1	3600-7200	95			1709	1603	7	87	12	4.58	4.58	1.32	4.46	6.34	0.01	0.01	0.00	0.01	0.00	LOS_A	1	0.00	0.00
1	3600-7200	96-125@88.9-147: Western Fwy  Deer Park Byp@16.2	125	147	359	244	4	72	39	0.98	1.29	0.03	0.38	0.31	0.00	0.00	0.00	0.00	0.00	LOS_A	1	0.00	0.00
1	3600-7200	96-389: Western Fwy  Deer Park Byp@1708.1-147: Western Fwy  Deer Park Byp@16.2	389	147	914	727	26	97	64	0.10	0.10	0.13	0.06	0.08	0.00	0.00	0.00	0.00	0.00	LOS_A	1	0.00	0.00
1	3600-7200	96			1273	971	30	169	103	0.35	0.40	0.12	0.19	0.17	0.00	0.00	0.00	0.00	0.00	LOS_A	1	0.00	0.00
1	3600-7200	97-240: Western Fwy  Deer Park Byp@38.1-126@16.7	240	126	441	405	0	36	0	3.25	3.09		5.12		0.01	0.01		0.00		LOS_A	1	0.01	9.64
1	3600-7200	97-240: Western Fwy  Deer Park Byp@38.1-189: Western Fwy  Deer Park Byp@17.7	240	189	1269	1187	7	74	1	1.24	1.25	1.68	1.10	0.00	0.00	0.00	0.00	0.00	0.00	LOS_A	1	0.01	9.64
1	3600-7200	97			1710	1592	7	110	1	1.76	1.72	1.68	2.41	0.00	0.00	0.00	0.00	0.00	0.00	LOS_A	1	0.01	9.64
1	3600-7200	98-91: Ballarat Rd  Western Hwy@67.3-362: Ballarat Rd  Western Hwy@13.4	91	362	543	504	0	20	19	0.11	0.10		0.25	0.13	0.00	0.00		0.00	0.00	LOS_A	1	0.00	0.00
1	3600-7200	98-92: Ballarat Rd  Western Hwy@8.7-362: Ballarat Rd  Western Hwy@13.4	92	362	0	0	0	0	0											LOS_A		0.00	0.00
1	3600-7200	98			543	504	0	20	19	0.11	0.10		0.25	0.13	0.00	0.00		0.00	0.00	LOS_A	1	0.00	0.00
1	3600-7200	99-209: Ballarat Rd  Western Hwy@46.4-1: Ballarat Rd  Western Hwy@6.6	209	1	543	504	0	20	19	0.14	0.14		0.28	0.14	0.00	0.00		0.00	0.00	LOS_A	1	0.00	0.00
1	3600-7200	99-209: Ballarat Rd  Western Hwy@46.4-2: Ballarat Rd  Western Hwy@6.5	209	2	0	0	0	0	0											LOS_A		0.00	0.00
1	3600-7200	99			543	504	0	20	19	0.14	0.14		0.28	0.14	0.00	0.00		0.00	0.00	LOS_A	1	0.00	0.00
1	3600-7200	100-1141@18.3-1143@28.5	1141	1143	0	0	0	0	0											LOS_A		0.90	43.02
1	3600-7200	100-1141@18.3-1147@16.5	1141	1147	76	71	0	2	3	5.08	4.77		5.93	12.05	1.32	1.18		0.00	5.57	LOS_A	1	0.90	43.02
1	3600-7200	100-1141@18.3-1152@26.0	1141	1152	31	31	0	0	0	5.89	5.89				1.42	1.42				LOS_A	1	0.82	43.33
1	3600-7200	100-1141@18.3-1158@25.0	1141	1158	67	67	0	0	0	5.31	5.31				0.99	0.99				LOS_A	1	0.90	43.02
1	3600-7200	100-1146@382.0-1143@28.5	1146	1143	79	78	0	0	1	3.06	3.09			0.90	0.24	0.24			0.00	LOS_A	1	1.27	72.52
1	3600-7200	100-1146@382.0-1147@16.5	1146	1147	0	0	0	0	0											LOS_A		1.32	72.42
1	3600-7200	100-1146@382.0-1152@26.0	1146	1152	122	115	0	3	4	4.89	4.73		8.55	6.67	0.55	0.54		0.78	0.46	LOS_A	1	1.32	72.42
1	3600-7200	100-1146@382.0-1158@25.0	1146	1158	138	136	0	1	1	4.19	4.24		0.42	1.39	0.67	0.68		0.00	0.00	LOS_A	1	1.32	72.42
1	3600-7200	100-1159@120.5-1143@28.5	1159	1143	51	50	0	1	0	4.32	4.38		1.11		0.47	0.47		0.00		LOS_A	1	0.24	35.09
1	3600-7200	100-1159@120.5-1147@16.5	1159	1147	107	100	0	4	3	3.48	3.39		7.17	1.61	0.42	0.45		0.00	0.00	LOS_A	1	0.29	37.73
1	3600-7200	100-1159@120.5-1152@26.0	1159	1152	11	11	0	0	0	5.48	5.48				1.16	1.16				LOS_A	1	0.24	35.09
1	3600-7200	100-1159@120.5-1158@25.0	1159	1158	0	0	0	0	0											LOS_A		0.24	35.09
1	3600-7200	100-1234@184.1-1143@28.5	1234	1143	28	26	0	1	1	6.07	6.41		1.96	1.20	0.88	0.95		0.00	0.00	LOS_A	1	0.64	25.92
1	3600-7200	100-1234@184.1-1147@16.5	1234	1147	114	104	0	4	6	5.54	5.41		9.73	4.98	1.04	1.06		2.15	0.00	LOS_A	1	0.64	25.92
1	3600-7200	100-1234@184.1-1152@26.0	1234	1152	0	0	0	0	0											LOS_A		0.64	25.92
1	3600-7200	100-1234@184.1-1158@25.0	1234	1158	31	31	0	0	0	4.65	4.65				1.46	1.46				LOS_A	1	0.50	25.92
1	3600-7200	100			855	820	0	16	19	4.61	4.55		6.79	5.31	0.77	0.77		0.69	0.98	LOS_A	1	0.72	72.52
1	3600-7200	101-1144@12.5-1140@37.3	1144	1140	0	0	0	0	0											LOS_A		0.01	11.03
1	3600-7200	101-1144@12.5-1168@28.2	1144	1168	30	29	0	0	1	0.73	0.64			3.23	0.00	0.00			0.00	LOS_A	1	0.01	11.03
1	3600-7200	101-1144@12.5-1170@29.6	1144	1170	67	67	0	0	0	0.60	0.60				0.00	0.00				LOS_A	1	0.01	11.03
1	3600-7200	101-1144@12.5-1171@32.9	1144	1171	61	58	0	2	1	1.15	1.11		2.41	0.74	0.00	0.00		0.00	0.00	LOS_A	1	0.01	11.19
1	3600-7200	101-1167@141.4-1140@37.3	1167	1140	43	41	0	1	1	1.57	1.64		0.17	0.19	0.24	0.25		0.00	0.00	LOS_A	1	0.12	17.61
1	3600-7200	101-1167@141.4-1168@28.2	1167	1168	0	0	0	0	0											LOS_A		0.14	17.61
1	3600-7200	101-1167@141.4-1170@29.6	1167	1170	3	3	0	0	0	1.63	1.63				0.00	0.00				LOS_A	1	0.14	17.61
1	3600-7200	101-1167@141.4-1171@32.9	1167	1171	23	23	0	0	0	3.73	3.73				0.72	0.72				LOS_A	1	0.14	17.61
1	3600-7200	101-1169@143.9-1140@37.3	1169	1140	67	65	0	1	1	1.34	1.23		9.91	0.09	0.01	0.00		0.74	0.00	LOS_A	1	0.02	8.47
1	3600-7200	101-1169@143.9-1168@28.2	1169	1168	6	6	0	0	0	0.10	0.10				0.00	0.00				LOS_A	1	0.02	8.82
1	3600-7200	101-1169@143.9-1170@29.6	1169	1170	0	0	0	0	0											LOS_A		0.02	8.47
1	3600-7200	101-1169@143.9-1171@32.9	1169	1171	2	2	0	0	0	8.87	8.87				2.93	2.93				LOS_A	1	0.02	8.47
1	3600-7200	101-1172@137.6-1140@37.3	1172	1140	64	63	0	0	1	1.22	1.21			1.71	0.05	0.06			0.00	LOS_A	1	0.04	11.52
1	3600-7200	101-1172@137.6-1168@28.2	1172	1168	18	17	0	0	1	1.25	1.27			0.94	0.00	0.00			0.00	LOS_A	1	0.04	11.52
1	3600-7200	101-1172@137.6-1170@29.6	1172	1170	0	0	0	0	0											LOS_A		0.02	11.52
1	3600-7200	101-1172@137.6-1171@32.9	1172	1171	0	0	0	0	0											LOS_A		0.04	11.52
1	3600-7200	101			384	374	0	4	6	1.30	1.28		3.73	1.15	0.10	0.10		0.19	0.00	LOS_A	1	0.04	17.61
1	3600-7200	102-1150@427.0-1155@20.3	1150	1155	0	0	0	0	0											LOS_A		0.00	0.00
1	3600-7200	102-1150@427.0-1156@9.2	1150	1156	125	120	0	2	3	0.03	0.03		0.00	0.00	0.00	0.00		0.00	0.00	LOS_A	1	0.00	0.00
1	3600-7200	102-1154@88.9-1153@11.3	1154	1153	66	61	0	2	3	0.04	0.02		0.45	0.00	0.00	0.00		0.00	0.00	LOS_A	1	0.00	0.00
1	3600-7200	102-1154@88.9-1155@20.3	1154	1155	39	37	0	1	1	1.51	1.44		2.56	2.88	0.01	0.01		0.00	0.00	LOS_A	1	0.01	6.29
1	3600-7200	102-1157@97.7-1153@11.3	1157	1153	0	0	0	0	0											LOS_A		0.00	0.00
1	3600-7200	102-1157@97.7-1156@9.2	1157	1156	27	20	0	3	4	1.08	0.98		0.31	2.13	0.00	0.00		0.00	0.00	LOS_A	1	0.00	0.00
1	3600-7200	102			257	238	0	8	11	0.37	0.33		0.55	1.04	0.00	0.00		0.00	0.00	LOS_A	1	0.00	6.29
1	3600-7200	103			0	0	0	0	0											LOS_A			
1	3600-7200	104			0	0	0	0	0											LOS_A			
1	3600-7200	105			0	0	0	0	0											LOS_A			
1	3600-7200	106			0	0	0	0	0											LOS_A			
1	3600-7200	107			0	0	0	0	0											LOS_A			
1	3600-7200	108			0	0	0	0	0											LOS_A			
1	3600-7200	109			0	0	0	0	0											LOS_A			
1	3600-7200	113			0	0	0	0	0											LOS_A			
1	3600-7200	114-1081@150.5-1125@21.0	1081	1125	320	291	6	8	9	11.71	11.70	12.93	10.31	12.50	6.94	7.19	6.77	4.09	6.27	LOS_B	2	4.30	76.18
1	3600-7200	114-1081@150.5-1128@12.2	1081	1128	52	39	0	6	7	2.31	2.06		3.54	2.64	0.06	0.08		0.00	0.00	LOS_A	1	0.00	0.00
1	3600-7200	114-1129@3.3-1130@26.0	1129	1130	191	181	0	6	4	3.17	3.00		7.09	4.68	0.02	0.00		0.42	0.00	LOS_A	1	0.03	15.51
1	3600-7200	114-1132@5.3-1125@21.0	1132	1125	245	241	0	4	0	37.00	36.83		47.63		29.01	28.92		34.84		LOS_D	4	8.76	51.93
1	3600-7200	114-1240: Western Fwy@6.0-1128@12.2	1240	1128	63	57	0	3	3	49.99	51.03		34.80	45.39	41.47	42.88		22.47	33.76	LOS_D	4	5.59	63.72
1	3600-7200	114-1240: Western Fwy@6.0-1130@26.0	1240	1130	224	211	0	5	2	6.63	6.49		10.32	25.93	2.81	2.73		5.68	12.53	LOS_A	1	5.59	63.72
1	3600-7200	114			1095	1020	6	32	25	16.60	16.85	12.93	15.40	13.51	11.49	11.85	6.77	8.45	7.31	LOS_B	2	3.74	76.18
1	3600-7200	115-1092: Western Fwy@41.4-1091@18.2	1092	1091	205	189	0	10	6	2.64	2.49		4.27	4.88	0.00	0.00		0.00	0.00	LOS_A	1	0.00	0.00
1	3600-7200	115-1092: Western Fwy@41.4-1093: Western Fwy@20.0	1092	1093	529	431	20	47	31	0.22	0.21	0.35	0.29	0.10	0.00	0.00	0.00	0.00	0.00	LOS_A	1	0.00	0.00
1	3600-7200	115			734	620	20	57	37	0.90	0.91	0.35	0.99	0.88	0.00	0.00	0.00	0.00	0.00	LOS_A	1	0.00	0.00
1	3600-7200	116-1134: Western Fwy@853.1-1137: Western Fwy@29.6	1134	1137	737	697	7	23	10	0.03	0.03	0.00	0.03	0.00	0.00	0.00	0.00	0.00	0.00	LOS_A	1	0.00	0.00
1	3600-7200	116-1139@39.2-1137: Western Fwy@29.6	1139	1137	115	96	0	9	10	0.53	0.45		1.28	0.65	0.00	0.00		0.00	0.00	LOS_A	1	0.00	0.00
1	3600-7200	116			852	793	7	32	20	0.10	0.08	0.00	0.38	0.33	0.00	0.00	0.00	0.00	0.00	LOS_A	1	0.00	0.00
1	3600-7200	117-1093: Western Fwy@887.1-1118: Western Fwy@20.0	1093	1118	529	431	20	47	31	0.04	0.04	0.10	0.08	0.00	0.00	0.00	0.00	0.00	0.00	LOS_A	1	0.00	0.00
1	3600-7200	117-1117@115.1-1118: Western Fwy@20.0	1117	1118	401	373	7	12	9	0.62	0.62	0.32	0.94	0.44	0.00	0.00	0.00	0.00	0.00	LOS_A	1	0.00	0.00
1	3600-7200	117			930	804	27	59	40	0.29	0.31	0.15	0.25	0.10	0.00	0.00	0.00	0.00	0.00	LOS_A	1	0.00	0.00
1	3600-7200	118-1135: Western Fwy@35.7-1134: Western Fwy@6.5	1135	1134	737	697	7	23	10	0.79	0.79	0.86	0.85	0.56	0.00	0.00	0.00	0.00	0.00	LOS_A	1	0.02	10.92
1	3600-7200	118-1135: Western Fwy@35.7-1136: Western Fwy@4.3	1135	1136	436	422	0	10	4	3.59	3.54		5.08	5.14	0.00	0.00		0.00	0.00	LOS_A	1	0.02	10.92
1	3600-7200	118			1173	1119	7	33	14	1.83	1.83	0.86	2.13	1.87	0.00	0.00	0.00	0.00	0.00	LOS_A	1	0.02	10.92
1	3600-7200	119-1090@228.7-1098@20.0	1090	1098	61	56	0	3	2	45.89	45.15		46.44	65.86	37.94	37.77		33.54	49.29	LOS_D	4	4.08	32.31
1	3600-7200	119-1090@228.7-1100@8.0	1090	1100	144	133	0	7	4	3.36	3.13		5.98	6.43	0.80	0.80		0.31	1.63	LOS_A	1	0.31	37.98
1	3600-7200	119-1114@10.9-1098@20.0	1114	1098	226	212	0	5	3	16.86	16.79		35.87	23.59	12.30	12.33		24.31	14.74	LOS_B	2	4.16	85.93
1	3600-7200	119-1114@10.9-1116@15.9	1114	1116	243	235	1	4	3	1.29	1.29	2.04	1.21	1.22	0.06	0.06	0.00	0.00	0.00	LOS_A	1	0.00	0.00
1	3600-7200	119-1237@6.9-1100@8.0	1237	1100	406	394	0	4	3	2.67	2.64		2.15	2.32	0.52	0.54		0.00	0.00	LOS_A	1	12.42	108.44
1	3600-7200	119-1237@6.9-1116@15.9	1237	1116	158	138	6	8	6	41.53	41.50	29.97	42.74	52.27	32.72	32.91	19.65	33.31	40.64	LOS_D	4	12.42	108.44
1	3600-7200	119			1238	1168	7	31	21	12.16	11.62	25.98	23.09	26.31	8.57	8.22	16.85	15.83	18.72	LOS_B	2	4.19	108.44
1	3600-7200	120-1100@12.7-1099@27.3	1100	1099	373	357	0	7	6	7.23	7.16		10.01	3.60	4.76	4.76		7.02	1.30	LOS_A	1	8.98	73.73
1	3600-7200	120-1100@12.7-1103@19.5	1100	1103	103	101	0	0	0	1.31	1.30				0.05	0.05				LOS_A	1	0.00	5.77
1	3600-7200	120-1100@12.7-1107@21.1	1100	1107	73	68	0	4	1	61.35	60.20		96.18	0.32	53.74	52.70		84.73	0.00	LOS_E	5	8.98	73.73
1	3600-7200	120-1106@32.8-1099@27.3	1106	1099	0	0	0	0	0											LOS_A		13.22	169.01
1	3600-7200	120-1106@32.8-1103@19.5	1106	1103	0	0	0	0	0											LOS_A		13.22	169.01
1	3600-7200	120-1106@32.8-1112@5.6	1106	1112	211	201	1	5	4	32.98	33.41	0.66	27.06	26.53	24.85	25.31	0.00	17.41	17.45	LOS_C	3	13.22	169.01
1	3600-7200	120-1184@12.8-1184@46.5	1184	1184	4	4	0	0	0	0.00	0.00				0.00	0.00				LOS_A	1	0.00	0.00
1	3600-7200	120-1186@9.2-1186@61.3	1186	1186	4	0	0	0	0	21.84					20.35					LOS_C	3	0.08	14.83
1	3600-7200	120-1189@5.6-1189@50.7	1189	1189	6	0	0	0	0	145.80					144.39					LOS_F	6	0.49	20.33
1	3600-7200	120-1190@11.3-1190@56.8	1190	1190	4	0	0	0	0	52.70					51.20					LOS_D	4	0.14	15.46
1	3600-7200	120-1191@12.4-1191@46.2	1191	1191	2	2	0	0	0	0.50	0.50				0.00	0.00				LOS_A	1	0.00	0.00
1	3600-7200	120-1192@6.0-1192@58.2	1192	1192	0	0	0	0	0											LOS_A		0.00	0.00
1	3600-7200	120-1193@13.6-1193@42.6	1193	1193	0	0	0	0	0											LOS_A		0.00	0.00
1	3600-7200	120-1194@0.7-1194@34.7	1194	1194	1	0	0	0	0	26.95					25.50					LOS_C	3	0.01	2.37
1	3600-7200	120-1236@14.1-1103@19.5	1236	1103	0	0	0	0	0											LOS_A		6.27	54.42
1	3600-7200	120-1236@14.1-1107@21.1	1236	1107	30	30	0	0	0	25.62	25.62				18.56	18.56				LOS_C	3	6.27	54.42
1	3600-7200	120-1236@14.1-1112@5.6	1236	1112	256	246	0	4	2	23.45	24.03		12.75	14.64	16.48	16.99		6.52	6.67	LOS_C	3	6.27	54.42
1	3600-7200	120-1239@4.2-1099@27.3	1239	1099	7	7	0	0	0	66.68	66.68				59.18	59.18				LOS_E	5	1.15	14.93
1	3600-7200	120-1239@4.2-1107@21.1	1239	1107	0	0	0	0	0											LOS_A		1.15	14.93
1	3600-7200	120-1239@4.2-11576@36.8	1239	11576	2	0	0	0	0	84.78					67.28					LOS_F	6	1.15	14.93
1	3600-7200	120			1076	1016	1	20	13	21.26	20.32	0.66	32.05	12.10	16.22	15.28	0.00	25.06	6.99	LOS_C	3	2.34	169.01
1	3600-7200	121			0	0	0	0	0											LOS_A			
1	3600-7200	122			0	0	0	0	0											LOS_A			
1	3600-7200	123			0	0	0	0	0											LOS_A			
1	3600-7200	124-1123@88.6-1122@4.7	1123	1122	5	5	0	0	0	3.43	3.43				0.58	0.58				LOS_A	1	0.01	5.60
1	3600-7200	124-1130@109.7-1122@4.7	1130	1122	395	373	0	11	6	0.30	0.09		0.15	0.36	0.00	0.00		0.00	0.00	LOS_A	1	1.30	29.05
1	3600-7200	124-1130@109.7-1180@8.5	1130	1180	19	19	0	0	0	0.30	0.30				0.00	0.00				LOS_A	1	1.30	29.05
1	3600-7200	124			419	397	0	11	6	0.34	0.14		0.15	0.36	0.01	0.01		0.00	0.00	LOS_A	1	0.65	29.05
1	3600-7200	125			0	0	0	0	0											LOS_A			
1	3600-7200	244-1156@962.0-1223@12.7	1156	1223	0	0	0	0	0											LOS_A		0.00	0.00
1	3600-7200	244-1156@962.0-1224@15.7	1156	1224	152	140	0	5	7	0.03	0.03		0.00	0.00	0.00	0.00		0.00	0.00	LOS_A	1	0.00	0.00
1	3600-7200	244-1221@50.0-1224@15.7	1221	1224	0	0	0	0	0											LOS_A		0.00	0.00
1	3600-7200	244-1221@50.0-1225@11.6	1221	1225	0	0	0	0	0											LOS_A		0.00	0.00
1	3600-7200	244-1227@99.3-1223@12.7	1227	1223	0	0	0	0	0											LOS_A		0.00	0.00
1	3600-7200	244-1227@99.3-1225@11.6	1227	1225	105	98	0	3	4	0.01	0.01		0.00	0.00	0.00	0.00		0.00	0.00	LOS_A	1	0.00	0.00
1	3600-7200	244			257	238	0	8	11	0.02	0.02		0.00	0.00	0.00	0.00		0.00	0.00	LOS_A	1	0.00	0.00
1	3600-7200	245			0	0	0	0	0											LOS_A			
1	3600-7200	246-1224@100.1-1229@17.2	1224	1229	15	15	0	0	0	0.16	0.16				0.00	0.00				LOS_A	1	0.00	0.00
1	3600-7200	246-1224@100.1-1230@17.9	1224	1230	137	125	0	5	7	0.08	0.07		0.00	0.37	0.00	0.00		0.00	0.00	LOS_A	1	0.00	0.00
1	3600-7200	246-1228@93.7-1227@14.9	1228	1227	4	4	0	0	0	0.14	0.14				0.00	0.00				LOS_A	1	0.00	0.00
1	3600-7200	246-1228@93.7-1230@17.9	1228	1230	22	22	0	0	0	1.26	1.26				0.00	0.00				LOS_A	1	0.01	6.07
1	3600-7200	246-1235@217.9-1227@14.9	1235	1227	101	94	0	3	4	0.06	0.06		0.00	0.00	0.00	0.00		0.00	0.00	LOS_A	1	0.00	0.00
1	3600-7200	246-1235@217.9-1229@17.2	1235	1229	32	32	0	0	0	0.41	0.41				0.00	0.00				LOS_A	1	0.00	5.25
1	3600-7200	246			311	292	0	8	11	0.19	0.20		0.00	0.23	0.00	0.00		0.00	0.00	LOS_A	1	0.00	6.07
1	3600-7200	247			0	0	0	0	0											LOS_A			
1	3600-7200	248-1152@193.7-1233@16.5	1152	1233	31	31	0	0	0	1.98	1.98				0.21	0.21				LOS_A	1	0.06	23.71
1	3600-7200	248-1152@193.7-1235@13.8	1152	1235	133	126	0	3	4	0.48	0.49		0.67	0.02	0.00	0.00		0.00	0.00	LOS_A	1	0.00	0.00
1	3600-7200	248-1230@222.2-1233@16.5	1230	1233	2	2	0	0	0	0.16	0.16				0.00	0.00				LOS_A	1	0.00	0.00
1	3600-7200	248-1230@222.2-1234@16.0	1230	1234	157	145	0	5	7	0.02	0.02		0.00	0.00	0.00	0.00		0.00	0.00	LOS_A	1	0.00	0.00
1	3600-7200	248-1232@78.7-1234@16.0	1232	1234	16	16	0	0	0	0.93	0.93				0.00	0.00				LOS_A	1	0.00	0.00
1	3600-7200	248-1232@78.7-1235@13.8	1232	1235	0	0	0	0	0											LOS_A		0.00	0.00
1	3600-7200	248			339	320	0	8	11	0.42	0.44		0.25	0.01	0.02	0.02		0.00	0.00	LOS_A	1	0.01	23.71
1	3600-7200	249			0	0	0	0	0											LOS_A			
1	3600-7200	312-2419@3.3-24810@22.1	2419	24810	589	534	3	42	10	40.36	39.84	22.27	48.55	39.12	29.47	29.18	13.36	34.91	26.78	LOS_D	4	35.76	220.34
1	3600-7200	312-2420@4.1-2422@13.2	2420	2422	476	441	1	29	5	17.43	17.32	2.68	20.86	9.92	9.81	9.73	0.00	12.59	2.66	LOS_B	2	24.61	238.09
1	3600-7200	312-2475@44.5-2391@3.4	2475	2391	269	183	11	51	24	45.06	43.04	48.12	47.15	54.58	32.94	31.84	32.36	33.61	40.15	LOS_D	4	16.03	120.15
1	3600-7200	312-2475@44.5-2422@13.2	2475	2422	23	23	0	0	0	5.01	5.01				0.00	0.00				LOS_A	1	0.00	0.00
1	3600-7200	312-2527@16.1-2391@3.4	2527	2391	306	285	2	18	1	28.95	28.72	24.69	33.59	17.94	20.39	20.44	12.43	21.48	1.05	LOS_C	3	6.37	53.92
1	3600-7200	312-2527@16.1-24810@22.1	2527	24810	151	146	0	5	0	12.44	12.78		2.49		8.08	8.36		0.00		LOS_B	2	1.84	19.84
1	3600-7200	312			1814	1612	17	145	40	30.34	29.13	38.13	39.08	44.22	21.14	20.32	24.76	27.12	31.15	LOS_C	3	14.10	238.09
1	3600-7200	313-2394@59.8-2414@34.7	2394	2414	421	411	0	9	1	20.05	19.80		31.53	19.40	12.98	12.86		19.67	4.74	LOS_C	3	7.31	79.09
1	3600-7200	313-2394@59.8-2418@36.3	2394	2418	104	100	0	4	0	50.06	49.42		66.01		41.16	40.69		52.93		LOS_D	4	8.26	79.28
1	3600-7200	313-2401@29.1-2389@16.1	2401	2389	504	479	2	23	0	9.59	9.83	1.09	5.28		1.83	1.90	0.00	0.36		LOS_A	1	2.59	118.37
1	3600-7200	313-2401@29.1-2418@36.3	2401	2418	961	875	4	67	15	23.98	24.01	23.69	22.70	27.63	12.88	12.92	10.98	12.50	13.04	LOS_C	3	18.80	159.15
1	3600-7200	313-2416@14.9-2389@16.1	2416	2389	73	54	2	16	1	49.37	49.13	53.57	48.64	65.43	39.26	40.17	39.95	35.28	52.86	LOS_D	4	5.39	78.23
1	3600-7200	313-2416@14.9-2414@34.7	2416	2414	502	414	11	53	24	7.38	8.16	2.33	4.24	3.01	4.24	5.12	0.01	0.15	0.20	LOS_A	1	5.39	78.23
1	3600-7200	313			2565	2333	19	172	41	19.04	19.22	12.09	18.57	13.94	10.93	11.08	6.52	10.51	6.29	LOS_B	2	8.47	159.15
1	3600-7200	314-2403@220.3-2402@17.0	2403	2402	20	18	1	1	0	22.53	24.51	0.33	9.15		13.41	14.90	0.00	0.00		LOS_C	3	0.33	19.58
1	3600-7200	314-2403@220.3-2424@24.2	2403	2424	18	16	0	2	0	62.77	63.80		54.55		56.03	57.41		44.95		LOS_E	5	1.75	19.93
1	3600-7200	314-2409@18.3-2410@13.9	2409	2410	25	25	0	0	0	63.89	63.89				57.17	57.17				LOS_E	5	3.73	66.22
1	3600-7200	314-2409@18.3-2424@24.2	2409	2424	898	800	11	62	25	3.66	3.63	2.85	4.27	3.34	1.25	1.31	0.00	0.89	0.89	LOS_A	1	3.73	66.22
1	3600-7200	314-2413@40.6-2402@17.0	2413	2402	1445	1336	5	89	15	9.38	9.27	19.93	10.15	10.77	3.79	3.78	9.61	3.65	3.21	LOS_A	1	10.82	147.35
1	3600-7200	314-2413@40.6-2410@13.9	2413	2410	4	4	0	0	0	1.90	1.90				0.00	0.00				LOS_A	1	0.00	0.00
1	3600-7200	314-2517@5.7-2517@54.4	2517	2517	0	0	0	0	0											LOS_A		0.00	0.00
1	3600-7200	314			2410	2199	17	154	40	8.31	8.35	7.73	8.36	6.13	3.86	3.96	2.83	3.06	1.76	LOS_A	1	2.77	147.35
1	3600-7200	315-2424@32.6-2426@30.8	2424	2426	866	799	5	46	16	4.75	4.65	13.23	6.16	2.91	2.38	2.43	3.46	2.03	0.52	LOS_A	1	3.57	91.20
1	3600-7200	315-2424@32.6-2434@37.0	2424	2434	9	9	0	0	0	78.79	78.79				72.68	72.68				LOS_E	5	3.57	91.20
1	3600-7200	315-2424@32.6-2439@33.6	2424	2439	41	8	6	18	9	5.97	5.26	7.80	5.64	6.06	2.39	2.65	3.40	1.77	2.74	LOS_A	1	3.57	91.20
1	3600-7200	315-2430@18.6-2413@31.6	2430	2413	179	158	2	15	4	16.17	16.29	20.49	12.37	23.42	7.14	7.26	11.43	4.39	10.57	LOS_B	2	3.95	95.92
1	3600-7200	315-2430@18.6-2426@30.8	2430	2426	19	19	0	0	0	51.68	51.68				41.12	41.12				LOS_D	4	1.93	95.04
1	3600-7200	315-2430@18.6-2439@33.6	2430	2439	3	3	0	0	0	55.46	55.46				47.52	47.52				LOS_E	5	1.93	95.04
1	3600-7200	315-2438@12.4-2413@31.6	2438	2413	106	56	3	43	4	286.66	277.01	203.16	306.33	273.07	256.37	249.53	177.09	271.94	244.14	LOS_F	6	130.29	270.60
1	3600-7200	315-2438@12.4-2426@30.8	2438	2426	1	0	0	1	0	41.59			41.59		28.87			28.87		LOS_D	4	130.29	270.60
1	3600-7200	315-2438@12.4-2434@37.0	2438	2434	32	30	0	2	0	154.59	151.91		194.82		135.29	133.34		164.43		LOS_F	6	130.29	270.60
1	3600-7200	315-2442@2.5-2413@31.6	2442	2413	1164	1126	0	31	7	11.84	11.74		15.25	13.56	5.92	5.87		6.87	8.87	LOS_B	2	8.47	189.74
1	3600-7200	315-2442@2.5-2434@37.0	2442	2434	8	7	0	1	0	0.74	0.74		0.73		0.00	0.00		0.00		LOS_A	1	8.47	189.74
1	3600-7200	315-2442@2.5-2439@33.6	2442	2439	4	4	0	0	0	38.67	38.67				30.11	30.11				LOS_D	4	8.47	189.74
1	3600-7200	315			2432	2219	16	157	40	24.03	18.77	47.71	93.29	34.55	17.91	13.25	36.99	79.33	27.85	LOS_C	3	29.64	270.60
1	3600-7200	316			0	0	0	0	0											LOS_A			
1	3600-7200	317			0	0	0	0	0											LOS_A			
1	3600-7200	318			0	0	0	0	0											LOS_A			
1	3600-7200	319			0	0	0	0	0											LOS_A			
1	3600-7200	320			0	0	0	0	0											LOS_A			
1	3600-7200	322-2388@109.5-2387: Western Fwy  Deer Park Byp@24.8	2388	2387	577	533	4	39	1	0.14	0.14	0.02	0.23	0.00	0.00	0.00	0.00	0.00	0.00	LOS_A	1	0.00	0.00
1	3600-7200	322-2397: Western Fwy  Deer Park Byp@856.0-2387: Western Fwy  Deer Park Byp@24.8	2397	2387	1133	1059	3	71	0	0.11	0.10	0.11	0.13		0.00	0.00	0.00	0.00		LOS_A	1	0.00	0.00
1	3600-7200	322			1710	1592	7	110	1	0.12	0.12	0.06	0.17	0.00	0.00	0.00	0.00	0.00	0.00	LOS_A	1	0.00	0.00
1	3600-7200	323-2479: Western Fwy  Deer Park Byp@45.2-2477@22.4	2479	2477	292	206	11	51	24	2.79	2.13	4.85	4.26	4.42	0.00	0.00	0.00	0.00	0.00	LOS_A	1	0.00	0.00
1	3600-7200	323-2479: Western Fwy  Deer Park Byp@45.2-2478: Western Fwy  Deer Park Byp@23.8	2479	2478	981	765	19	118	79	0.36	0.34	0.38	0.38	0.55	0.00	0.00	0.00	0.00	0.00	LOS_A	1	0.00	0.00
1	3600-7200	323			1273	971	30	169	103	0.92	0.72	2.02	1.55	1.45	0.00	0.00	0.00	0.00	0.00	LOS_A	1	0.00	0.00
1	3600-7200	324-2478: Western Fwy  Deer Park Byp@815.7-2483: Western Fwy  Deer Park Byp@32.3	2478	2483	980	764	19	118	79	0.52	0.52	0.44	0.52	0.52	0.00	0.00	0.00	0.00	0.00	LOS_A	1	0.00	0.00
1	3600-7200	324-2485@71.7-2483: Western Fwy  Deer Park Byp@32.3	2485	2483	740	680	3	47	10	7.75	7.81	10.52	6.34	9.32	0.08	0.07	0.63	0.10	0.39	LOS_A	1	0.00	0.00
1	3600-7200	324			1720	1444	22	165	89	3.63	3.95	1.81	2.18	1.51	0.04	0.04	0.09	0.03	0.04	LOS_A	1	0.00	0.00
1	3600-7200	325-2398: Western Fwy  Deer Park Byp@30.6-2385@22.8	2398	2385	525	511	0	13	1	2.76	2.70		5.00	5.26	0.00	0.00		0.00	0.00	LOS_A	1	0.00	0.00
1	3600-7200	325-2398: Western Fwy  Deer Park Byp@30.6-2397: Western Fwy  Deer Park Byp@22.6	2398	2397	1133	1059	3	71	0	0.48	0.49	0.00	0.27		0.00	0.00	0.00	0.00		LOS_A	1	0.00	0.00
1	3600-7200	325			1658	1570	3	84	1	1.20	1.21	0.00	1.00	5.26	0.00	0.00	0.00	0.00	0.00	LOS_A	1	0.00	0.00
1	3600-7200	326-2502: Western Fwy  Deer Park Byp@2131.3-2513: Western Fwy  Deer Park Byp@18.8	2502	2513	814	758	2	53	1	0.22	0.22	0.02	0.14	0.03	0.00	0.00	0.00	0.00	0.00	LOS_A	1	0.00	0.00
1	3600-7200	326-2514: Western Fwy  Deer Park Byp@123.8-2513: Western Fwy  Deer Park Byp@18.8	2514	2513	844	812	1	31	0	1.32	1.28	0.58	2.23		0.00	0.00	0.00	0.00		LOS_A	1	0.00	0.00
1	3600-7200	326			1658	1570	3	84	1	0.78	0.77	0.21	0.91	0.03	0.00	0.00	0.00	0.00	0.00	LOS_A	1	0.00	0.00
1	3600-7200	327-2505: Western Fwy  Deer Park Byp@33.7-2506: Western Fwy  Deer Park Byp@21.2	2505	2506	1024	815	17	120	72	0.45	0.46	0.33	0.43	0.45	0.01	0.01	0.00	0.00	0.00	LOS_A	1	0.06	19.32
1	3600-7200	327-2505: Western Fwy  Deer Park Byp@33.7-2508: Western Fwy  Deer Park Byp@13.2	2505	2508	696	629	5	45	17	2.40	2.15	4.71	4.20	6.16	0.03	0.02	0.00	0.00	0.50	LOS_A	1	0.06	19.32
1	3600-7200	327			1720	1444	22	165	89	1.24	1.20	1.33	1.46	1.54	0.02	0.02	0.00	0.00	0.09	LOS_A	1	0.06	19.32
1	7200-10800	43-28: Troups Rd N@6.9-13: Western Hwy@23.8	28	13	11	5	0	4	2	0.11	0.12		0.11	0.09	0.00	0.00		0.00	0.00	LOS_A	1	0.00	0.00
1	7200-10800	43-609: Western Hwy@95.9-13: Western Hwy@23.8	609	13	1840	1751	7	67	15	1.69	1.66	2.10	2.28	2.23	0.00	0.00	0.00	0.00	0.00	LOS_A	1	0.00	0.00
1	7200-10800	43-609: Western Hwy@95.9-27: Troups Rd N@5.6	609	27	172	156	0	9	6	1.77	1.60		3.23	3.64	0.00	0.00		0.00	0.00	LOS_A	1	0.00	0.00
1	7200-10800	43-944: Western Hwy@45.8-73: Western Hwy@23.3	944	73	1115	936	28	86	63	0.08	0.08	0.07	0.07	0.05	0.00	0.00	0.00	0.00	0.00	LOS_A	1	0.00	0.00
1	7200-10800	43			3138	2848	35	166	86	1.12	1.13	0.48	1.13	0.68	0.00	0.00	0.00	0.00	0.00	LOS_A	1	0.00	0.00
1	7200-10800	44-15@3.2-243: Ferris Rd  Melton Hwy@24.7	15	243	426	398	0	21	5	28.72	28.28		31.29	51.42	19.90	19.72		19.13	38.66	LOS_C	3	11.68	72.27
1	7200-10800	44-421: Ferris Rd@65.5-20@13.7	421	20	53	50	0	0	3	1.68	1.55			3.74	0.00	0.00			0.00	LOS_A	1	0.00	0.00
1	7200-10800	44-421: Ferris Rd@65.5-243: Ferris Rd  Melton Hwy@24.7	421	243	346	319	0	18	9	23.31	23.33		23.00	23.01	13.24	13.40		10.95	11.97	LOS_C	3	7.80	64.82
1	7200-10800	44-682@3.6-420: Ferris Rd@19.2	682	420	233	222	0	9	2	0.26	0.26		0.20	0.13	0.00	0.00		0.00	0.00	LOS_A	1	2.65	60.33
1	7200-10800	44-10393@15.0-19@37.7	10393	19	139	136	0	2	1	43.92	43.71		54.49	51.24	34.57	34.52		37.85	34.67	LOS_D	4	13.66	117.79
1	7200-10800	44-10393@15.0-420: Ferris Rd@19.2	10393	420	259	248	0	6	5	16.45	16.71		6.28	15.33	8.34	8.60		0.81	4.08	LOS_B	2	13.66	117.79
1	7200-10800	44			1456	1373	0	56	25	21.16	21.07		21.78	24.14	13.75	13.81		12.13	14.24	LOS_C	3	7.16	117.79
1	7200-10800	45-499: Zone connector@162.8-95: Melton Hwy@35.1	499	95	65	65	0	0	0	28.27	28.27				20.81	20.81				LOS_C	3	2.58	38.45
1	7200-10800	45-499: Zone connector@162.8-307: Melton Hwy@9.5	499	307	98	89	0	3	6	2.11	1.80		3.70	6.01	0.39	0.33		0.00	1.46	LOS_A	1	0.08	18.90
1	7200-10800	45-677: Melton Hwy@21.4-307: Melton Hwy@9.5	677	307	388	356	0	19	13	9.97	10.07		8.09	9.81	4.54	4.73		2.70	2.23	LOS_A	1	2.85	50.44
1	7200-10800	45-677: Melton Hwy@21.4-500: Zone connector@16.0	677	500	66	66	0	0	0	1.57	1.57				0.02	0.02				LOS_A	1	0.00	0.00
1	7200-10800	45-680: Melton Hwy@11.3-95: Melton Hwy@35.1	680	95	454	434	0	17	3	3.51	3.54		2.26	6.56	0.99	1.01		0.23	1.72	LOS_A	1	4.96	32.40
1	7200-10800	45-680: Melton Hwy@11.3-363: Gateway Dr@7.0	680	363	2	2	0	0	0	1.88	1.88				0.00	0.00				LOS_A	1	0.00	0.00
1	7200-10800	45-680: Melton Hwy@11.3-500: Zone connector@16.0	680	500	81	76	0	4	1	37.87	37.96		32.35	53.54	28.48	28.78		19.82	39.75	LOS_D	4	4.96	32.40
1	7200-10800	45-681: Gateway Dr@258.9-95: Melton Hwy@35.1	681	95	0	0	0	0	0											LOS_A		0.00	0.00
1	7200-10800	45			1154	1088	0	43	23	9.25	9.29		7.74	10.30	5.12	5.23		3.13	3.60	LOS_A	1	1.50	50.44
1	7200-10800	46-12: Hopkins Rd@73.6-44: Hopkins Rd@23.1	12	44	354	305	0	25	24	3.45	3.07		5.04	6.57	0.34	0.35		0.24	0.33	LOS_A	1	1.26	75.38
1	7200-10800	46-12: Hopkins Rd@73.6-104@37.0	12	104	143	129	0	8	6	3.48	3.50		4.75	1.39	0.18	0.18		0.27	0.00	LOS_A	1	0.78	75.38
1	7200-10800	46-12: Hopkins Rd@73.6-428@34.4	12	428	16	16	0	0	0	3.84	3.84				0.47	0.47				LOS_A	1	1.26	75.38
1	7200-10800	46-12: Hopkins Rd@73.6-1243: Hopkins Rd@4.3	12	1243	0	0	0	0	0											LOS_A		1.26	75.38
1	7200-10800	46-255: Hopkins Rd@17.0-44: Hopkins Rd@23.1	255	44	0	0	0	0	0											LOS_A		0.03	12.96
1	7200-10800	46-255: Hopkins Rd@17.0-104@37.0	255	104	83	74	0	6	2	1.25	1.11		1.92	4.68	0.00	0.00		0.00	0.00	LOS_A	1	0.03	12.96
1	7200-10800	46-255: Hopkins Rd@17.0-428@34.4	255	428	18	18	0	0	0	0.79	0.79				0.00	0.00				LOS_A	1	0.03	12.96
1	7200-10800	46-255: Hopkins Rd@17.0-1243: Hopkins Rd@4.3	255	1243	314	281	0	15	18	1.20	1.17		1.06	1.82	0.01	0.02		0.00	0.00	LOS_A	1	0.03	12.96
1	7200-10800	46-257@11.2-44: Hopkins Rd@23.1	257	44	101	93	0	8	0	9.37	9.37		9.42		2.81	2.95		1.15		LOS_A	1	2.69	59.31
1	7200-10800	46-257@11.2-104@37.0	257	104	0	0	0	0	0											LOS_A		2.69	59.31
1	7200-10800	46-257@11.2-428@34.4	257	428	0	0	0	0	0											LOS_A		2.69	59.31
1	7200-10800	46-257@11.2-1243: Hopkins Rd@4.3	257	1243	152	142	0	7	3	12.66	12.33		16.51	19.43	4.33	4.15		8.58	2.65	LOS_B	2	2.99	62.10
1	7200-10800	46-429@91.6-44: Hopkins Rd@23.1	429	44	26	26	0	0	0	6.03	6.03				1.82	1.82				LOS_A	1	0.21	18.59
1	7200-10800	46-429@91.6-104@37.0	429	104	18	18	0	0	0	6.67	6.67				1.84	1.84				LOS_A	1	0.21	18.59
1	7200-10800	46-429@91.6-428@34.4	429	428	0	0	0	0	0											LOS_A		0.21	18.59
1	7200-10800	46-429@91.6-1243: Hopkins Rd@4.3	429	1243	28	28	0	0	0	5.26	5.26				1.28	1.28				LOS_A	1	0.21	18.59
1	7200-10800	46			1253	1130	0	69	53	4.45	4.35		5.54	5.03	0.97	0.99		1.12	0.30	LOS_A	1	1.14	75.38
1	7200-10800	47-4: Caroline Springs Blvd@6.8-212: Caroline Springs Blvd@4.6	4	212	428	394	1	14	12	1.35	1.09	1.90	0.73	1.09	0.07	0.08	0.00	0.00	0.00	LOS_A	1	0.03	12.81
1	7200-10800	47-4: Caroline Springs Blvd@6.8-446@6.0	4	446	0	0	0	0	0											LOS_A		0.00	0.00
1	7200-10800	47-447@32.5-212: Caroline Springs Blvd@4.6	447	212	0	0	0	0	0											LOS_A		0.00	0.00
1	7200-10800	47-887: Caroline Springs Blvd@16.4-212: Caroline Springs Blvd@4.6	887	212	5	5	0	0	0	5.04	5.04				0.00	0.00				LOS_A	1	0.00	0.00
1	7200-10800	47-887: Caroline Springs Blvd@16.4-448@12.1	887	448	707	676	0	12	12	0.35	0.34		0.64	0.10	0.00	0.00		0.00	0.00	LOS_A	1	0.00	0.00
1	7200-10800	47			1140	1075	1	26	24	0.74	0.64	1.90	0.69	0.60	0.03	0.03	0.00	0.00	0.00	LOS_A	1	0.01	12.81
1	7200-10800	48-67: Meskos Rd@199.5-12: Hopkins Rd@2.0	67	12	4	4	0	0	0	0.85	0.85				0.00	0.00				LOS_A	1	0.00	0.00
1	7200-10800	48-67: Meskos Rd@199.5-252: Hopkins Rd@3.1	67	252	0	0	0	0	0											LOS_A		0.00	0.00
1	7200-10800	48-251: Hopkins Rd@11.8-12: Hopkins Rd@2.0	251	12	509	446	0	33	30	0.06	0.04		0.18	0.12	0.00	0.00		0.00	0.00	LOS_A	1	0.00	0.00
1	7200-10800	48-251: Hopkins Rd@11.8-66: Meskos Rd@6.0	251	66	0	0	0	0	0											LOS_A		0.00	0.00
1	7200-10800	48-1243: Hopkins Rd@76.3-66: Meskos Rd@6.0	1243	66	0	0	0	0	0											LOS_A		0.00	0.00
1	7200-10800	48-1243: Hopkins Rd@76.3-252: Hopkins Rd@3.1	1243	252	494	451	0	22	21	0.23	0.23		0.09	0.49	0.00	0.00		0.00	0.00	LOS_A	1	0.00	0.00
1	7200-10800	48			1007	901	0	55	51	0.15	0.14		0.14	0.27	0.00	0.00		0.00	0.00	LOS_A	1	0.00	0.00
1	7200-10800	49-351: Delma Rd@85.2-352: Eucumbene Dr@37.8	351	352	0	0	0	0	0											LOS_A		0.00	0.00
1	7200-10800	49-351: Delma Rd@85.2-506: Zone connector@80.7	351	506	7	7	0	0	0	1.31	1.31				0.20	0.20				LOS_A	1	0.01	6.14
1	7200-10800	49-353: Eucumbene Dr@275.9-350: Delma Rd@23.2	353	350	0	0	0	0	0											LOS_A		0.00	0.00
1	7200-10800	49-353: Eucumbene Dr@275.9-506: Zone connector@80.7	353	506	67	65	0	1	1	0.04	0.04		0.00	0.00	0.00	0.00		0.00	0.00	LOS_A	1	0.00	0.00
1	7200-10800	49-505: Zone connector@77.8-350: Delma Rd@23.2	505	350	6	6	0	0	0	0.10	0.10				0.00	0.00				LOS_A	1	0.00	0.00
1	7200-10800	49-505: Zone connector@77.8-352: Eucumbene Dr@37.8	505	352	0	0	0	0	0											LOS_A		0.00	0.00
1	7200-10800	49			80	78	0	1	1	0.15	0.16		0.00	0.00	0.02	0.02		0.00	0.00	LOS_A	1	0.00	6.14
1	7200-10800	50-115: Western Hwy@22.9-209: Ballarat Rd  Western Hwy@28.7	115	209	315	280	0	19	16	35.19	34.55		43.23	36.95	27.02	26.81		31.40	25.43	LOS_D	4	13.52	104.90
1	7200-10800	50-115: Western Hwy@22.9-283: Christies Rd@7.9	115	283	33	21	0	7	5	82.85	87.60		68.48	83.00	71.48	77.99		55.22	66.88	LOS_F	6	13.52	104.90
1	7200-10800	50-461: Ballarat Rd  Western Hwy@7.1-114: Western Hwy@17.3	461	114	507	491	0	8	8	39.20	38.87		49.32	49.45	30.03	29.83		37.59	34.15	LOS_D	4	32.64	360.85
1	7200-10800	50-461: Ballarat Rd  Western Hwy@7.1-215: Caroline Springs Blvd@5.8	461	215	313	301	0	6	6	53.14	52.25		74.00	76.85	36.97	36.39		50.98	52.23	LOS_D	4	32.64	360.85
1	7200-10800	50-648: Christies Rd@37.8-114: Western Hwy@17.3	648	114	48	39	0	5	4	54.31	56.65		61.15	22.93	44.87	47.40		51.53	11.88	LOS_D	4	28.54	156.66
1	7200-10800	50-648: Christies Rd@37.8-209: Ballarat Rd  Western Hwy@28.7	648	209	73	62	0	6	5	76.32	76.40		108.14	37.12	62.43	63.21		88.64	21.32	LOS_E	5	28.54	156.66
1	7200-10800	50-648: Christies Rd@37.8-215: Caroline Springs Blvd@5.8	648	215	360	344	0	5	4	65.03	65.15		64.10	46.16	53.17	53.46		50.25	35.58	LOS_E	5	28.54	156.66
1	7200-10800	50-649@8.2-283: Christies Rd@7.9	649	283	61	40	1	12	8	2.29	1.30	14.57	3.39	4.00	0.17	0.17	0.48	0.25	0.00	LOS_A	1	0.05	24.57
1	7200-10800	50-651@22.8-215: Caroline Springs Blvd@5.8	651	215	39	36	0	1	2	0.94	0.76		1.67	3.76	0.00	0.00		0.00	0.00	LOS_A	1	0.00	5.64
1	7200-10800	50-652: Caroline Springs Blvd@21.4-114: Western Hwy@17.3	652	114	38	38	0	0	0	61.10	61.10				51.35	51.35				LOS_E	5	10.58	107.96
1	7200-10800	50-652: Caroline Springs Blvd@21.4-209: Ballarat Rd  Western Hwy@28.7	652	209	213	205	0	4	4	6.99	6.95		5.41	10.39	1.09	1.08		0.00	2.57	LOS_A	1	0.39	61.70
1	7200-10800	50-652: Caroline Springs Blvd@21.4-283: Christies Rd@7.9	652	283	182	156	1	10	8	49.21	48.24	1.17	54.21	46.15	39.70	39.30	0.00	41.98	35.18	LOS_D	4	10.58	107.96
1	7200-10800	50			2182	2013	2	83	70	43.47	43.24	7.87	48.44	39.64	33.43	33.39	0.24	36.78	27.37	LOS_D	4	12.25	360.85
1	7200-10800	51-7: Ballarat Rd  Western Hwy@16.6-10: Ballarat Rd  Western Hwy@18.5	7	10	22	19	0	2	1	61.97	64.73		53.27	27.03	54.39	57.61		43.28	15.24	LOS_E	5	5.81	69.76
1	7200-10800	51-7: Ballarat Rd  Western Hwy@16.6-385: Chisholm Dr@11.7	7	385	12	12	0	0	0	81.07	81.07				71.16	71.16				LOS_F	6	5.81	69.76
1	7200-10800	51-7: Ballarat Rd  Western Hwy@16.6-670: Ballarat Rd  Western Hwy@1.4	7	670	39	39	0	0	0	135.26	135.26				115.74	115.74				LOS_F	6	5.81	69.76
1	7200-10800	51-7: Ballarat Rd  Western Hwy@16.6-671: Panamax Rd@7.5	7	671	0	0	0	0	0											LOS_A		5.81	69.76
1	7200-10800	51-347: Panamax Rd@4.8-10: Ballarat Rd  Western Hwy@18.5	347	10	152	143	0	5	4	98.82	97.53		107.04	134.66	81.59	80.66		85.95	109.22	LOS_F	6	9.23	89.39
1	7200-10800	51-347: Panamax Rd@4.8-385: Chisholm Dr@11.7	347	385	33	32	0	0	1	58.80	60.60			1.06	49.25	50.79			0.00	LOS_E	5	9.23	89.39
1	7200-10800	51-347: Panamax Rd@4.8-670: Ballarat Rd  Western Hwy@1.4	347	670	94	83	0	7	4	6.36	6.48		5.78	4.97	1.88	2.13		0.00	0.00	LOS_A	1	0.01	6.30
1	7200-10800	51-360: Ballarat Rd  Western Hwy@55.2-10: Ballarat Rd  Western Hwy@18.5	360	10	485	440	0	24	21	25.65	25.60		27.91	24.09	17.33	17.52		18.59	11.92	LOS_C	3	13.50	102.60
1	7200-10800	51-360: Ballarat Rd  Western Hwy@55.2-385: Chisholm Dr@11.7	360	385	61	56	0	3	2	35.14	35.39		25.63	42.53	22.21	22.25		16.83	29.16	LOS_D	4	13.50	102.60
1	7200-10800	51-360: Ballarat Rd  Western Hwy@55.2-671: Panamax Rd@7.5	360	671	55	51	0	2	2	48.92	46.55		66.64	91.60	39.38	37.35		52.89	77.57	LOS_D	4	13.50	102.60
1	7200-10800	51-673: Chisholm Dr@12.9-10: Ballarat Rd  Western Hwy@18.5	673	10	55	54	0	1	0	8.04	8.18		0.05		4.96	5.05		0.00		LOS_A	1	2.04	44.80
1	7200-10800	51-673: Chisholm Dr@12.9-670: Ballarat Rd  Western Hwy@1.4	673	670	40	37	0	1	2	112.03	111.11		107.61	131.31	92.89	92.26		85.02	108.45	LOS_F	6	6.04	46.00
1	7200-10800	51-673: Chisholm Dr@12.9-671: Panamax Rd@7.5	673	671	13	13	0	0	0	53.89	53.89				39.01	39.01				LOS_D	4	6.04	46.00
1	7200-10800	51-885: Ballarat Rd  Western Hwy@6.9-10: Ballarat Rd  Western Hwy@18.5	885	10	0	0	0	0	0											LOS_A		19.99	136.85
1	7200-10800	51-885: Ballarat Rd  Western Hwy@6.9-385: Chisholm Dr@11.7	885	385	81	78	0	2	1	76.25	75.70		69.91	131.67	64.19	63.76		55.40	115.88	LOS_E	5	19.99	136.85
1	7200-10800	51-885: Ballarat Rd  Western Hwy@6.9-670: Ballarat Rd  Western Hwy@1.4	885	670	709	674	1	18	16	32.76	33.04	2.18	29.72	26.14	19.75	20.02	0.00	14.82	15.33	LOS_C	3	19.99	136.85
1	7200-10800	51-885: Ballarat Rd  Western Hwy@6.9-671: Panamax Rd@7.5	885	671	130	120	0	5	5	33.15	33.07		36.31	31.97	18.95	18.85		24.49	15.69	LOS_C	3	19.99	136.85
1	7200-10800	51			1981	1851	1	70	59	41.28	41.55	2.18	36.09	39.54	29.71	30.03	0.00	24.34	26.65	LOS_D	4	8.09	136.85
1	7200-10800	52-198: Melton Hwy@69.6-182@11.5	198	182	216	182	0	17	16	2.92	2.76		3.85	3.53	0.04	0.04		0.00	0.00	LOS_A	1	0.00	0.00
1	7200-10800	52-198: Melton Hwy@69.6-308: Ferris Rd  Melton Hwy@20.5	198	308	393	381	0	7	5	1.01	1.01		1.49	0.30	0.05	0.05		0.00	0.00	LOS_A	1	0.00	0.00
1	7200-10800	52-339@366.5-200: Melton Hwy@21.7	339	200	211	199	0	7	5	0.31	0.32		0.17	0.17	0.00	0.00		0.00	0.00	LOS_A	1	0.00	0.00
1	7200-10800	52-339@366.5-308: Ferris Rd  Melton Hwy@20.5	339	308	5	3	0	1	1	16.02	15.36		5.10	28.90	10.82	11.43		0.00	19.81	LOS_C	3	0.02	5.75
1	7200-10800	52-956: Ferris Rd  Melton Hwy@55.3-182@11.5	956	182	211	186	0	12	13	15.57	15.40		18.00	15.78	4.87	4.95		5.09	3.47	LOS_C	3	13.41	449.53
1	7200-10800	52-956: Ferris Rd  Melton Hwy@55.3-200: Melton Hwy@21.7	956	200	561	531	0	27	1	1.28	1.27		1.39	0.00	0.39	0.40		0.28	0.00	LOS_A	1	8.58	420.68
1	7200-10800	52			1597	1482	0	71	41	3.24	3.06		4.73	7.15	0.83	0.81		0.97	1.58	LOS_A	1	4.40	449.53
1	7200-10800	53-899: Melton Hwy@13.5-199: Melton Hwy@15.7	899	199	0	0	0	0	0											LOS_A		0.13	20.20
1	7200-10800	53-899: Melton Hwy@13.5-301: High St@21.5	899	301	43	42	0	1	0	2.26	2.15		6.73		0.16	0.16		0.00		LOS_A	1	0.13	20.20
1	7200-10800	53-899: Melton Hwy@13.5-305: Melton Hwy@15.3	899	305	427	402	0	21	4	1.59	1.56		2.16	1.94	0.06	0.07		0.00	0.00	LOS_A	1	0.13	20.20
1	7200-10800	53-899: Melton Hwy@13.5-376: High St@36.1	899	376	302	286	0	12	2	3.10	2.96		5.80	3.96	0.07	0.07		0.00	0.00	LOS_A	1	0.13	20.20
1	7200-10800	53-900: High St@7.7-199: Melton Hwy@15.7	900	199	232	227	0	2	2	5.88	5.94		2.54	2.02	1.93	1.97		0.00	0.00	LOS_A	1	1.45	32.26
1	7200-10800	53-900: High St@7.7-301: High St@21.5	900	301	33	33	0	0	0	6.19	6.19				1.68	1.68				LOS_A	1	1.45	32.26
1	7200-10800	53-900: High St@7.7-305: Melton Hwy@15.3	900	305	104	104	0	0	0	8.07	8.07				0.80	0.80				LOS_A	1	1.09	33.54
1	7200-10800	53-900: High St@7.7-376: High St@36.1	900	376	0	0	0	0	0											LOS_A		1.45	32.26
1	7200-10800	53-901: Melton Hwy@7.6-199: Melton Hwy@15.7	901	199	338	297	0	22	19	5.03	5.07		5.25	4.16	0.66	0.70		0.29	0.36	LOS_A	1	1.87	48.13
1	7200-10800	53-901: Melton Hwy@7.6-301: High St@21.5	901	301	7	7	0	0	0	8.49	8.49				1.01	1.01				LOS_A	1	1.87	48.13
1	7200-10800	53-901: Melton Hwy@7.6-305: Melton Hwy@15.3	901	305	0	0	0	0	0											LOS_A		1.87	48.13
1	7200-10800	53-901: Melton Hwy@7.6-376: High St@36.1	901	376	141	141	0	0	0	6.24	6.24				1.29	1.29				LOS_A	1	1.87	48.13
1	7200-10800	53-1241: High St@3.1-199: Melton Hwy@15.7	1241	199	39	39	0	0	0	13.32	13.32				7.63	7.63				LOS_B	2	1.04	25.79
1	7200-10800	53-1241: High St@3.1-301: High St@21.5	1241	301	0	0	0	0	0											LOS_A		1.04	25.79
1	7200-10800	53-1241: High St@3.1-305: Melton Hwy@15.3	1241	305	6	6	0	0	0	19.85	19.85				12.23	12.23				LOS_C	3	1.04	25.79
1	7200-10800	53-1241: High St@3.1-376: High St@36.1	1241	376	30	30	0	0	0	10.18	10.18				4.45	4.45				LOS_B	2	1.04	25.79
1	7200-10800	53			1702	1614	0	58	27	4.53	4.55		4.18	3.66	0.91	0.96		0.11	0.25	LOS_A	1	1.04	48.13
1	7200-10800	54-526: Ferris Rd@22.5-310@35.3	526	310	23	22	0	1	0	5.15	5.12		5.71		0.24	0.25		0.00		LOS_A	1	0.02	6.31
1	7200-10800	54-526: Ferris Rd@22.5-421: Ferris Rd@15.4	526	421	0	0	0	0	0											LOS_A		0.00	0.00
1	7200-10800	54-526: Ferris Rd@22.5-525: Ferris Rd@18.9	526	525	469	448	0	14	7	0.08	0.07		0.23	0.41	0.00	0.00		0.00	0.00	LOS_A	1	0.00	0.00
1	7200-10800	54-527: Zone connector@58.2-310@35.3	527	310	0	0	0	0	0											LOS_A		0.00	0.00
1	7200-10800	54-527: Zone connector@58.2-421: Ferris Rd@15.4	527	421	384	354	0	18	12	0.20	0.20		0.26	0.29	0.00	0.00		0.00	0.00	LOS_A	1	0.00	0.00
1	7200-10800	54-528@5.7-421: Ferris Rd@15.4	528	421	15	15	0	0	0	1.99	1.99				0.00	0.00				LOS_A	1	0.00	0.00
1	7200-10800	54-528@5.7-525: Ferris Rd@18.9	528	525	0	0	0	0	0											LOS_A		0.00	0.00
1	7200-10800	54			891	839	0	33	19	0.30	0.29		0.41	0.33	0.01	0.01		0.00	0.00	LOS_A	1	0.00	6.31
1	7200-10800	55-68: Mount Cottrell Rd@390.9-320: Western Fwy@25.9	68	320	121	111	0	6	4	0.44	0.43		0.60	0.35	0.00	0.00		0.00	0.00	LOS_A	1	0.00	0.00
1	7200-10800	55-942: Western Hwy@75.8-69: Mount Cottrell Rd@25.4	942	69	123	116	0	5	2	0.40	0.36		0.95	1.36	0.00	0.00		0.00	0.00	LOS_A	1	0.00	0.00
1	7200-10800	55-942: Western Hwy@75.8-320: Western Fwy@25.9	942	320	1701	1617	7	57	19	0.97	0.96	0.06	1.22	1.01	0.00	0.00	0.00	0.00	0.00	LOS_A	1	0.00	0.00
1	7200-10800	55			1945	1844	7	68	25	0.90	0.89	0.06	1.14	0.93	0.00	0.00	0.00	0.00	0.00	LOS_A	1	0.00	0.00
1	7200-10800	56-24: Paynes Rd@384.9-537: Western Hwy@24.0	24	537	16	16	0	0	0	0.17	0.17				0.00	0.00				LOS_A	1	0.00	0.00
1	7200-10800	56-536: Western Hwy@83.6-23: Paynes Rd@34.1	536	23	126	123	0	2	1	2.93	2.88		5.19	4.46	0.00	0.00		0.00	0.00	LOS_A	1	0.00	0.00
1	7200-10800	56-536: Western Hwy@83.6-537: Western Hwy@24.0	536	537	1808	1717	7	62	21	2.13	2.12	1.79	2.59	1.53	0.00	0.00	0.00	0.00	0.00	LOS_A	1	0.00	0.00
1	7200-10800	56			1950	1856	7	64	22	2.17	2.16	1.79	2.67	1.67	0.00	0.00	0.00	0.00	0.00	LOS_A	1	0.00	0.00
1	7200-10800	57-169: Western Hwy@71.3-168: Western Hwy@12.5	169	168	1128	971	28	74	54	0.11	0.11	0.10	0.10	0.05	0.00	0.00	0.00	0.00	0.00	LOS_A	1	0.00	0.00
1	7200-10800	57-511: Zone connector@97.7-172: Western Hwy@0.2	511	172	0	0	0	0	0											LOS_A		0.00	0.00
1	7200-10800	57-936: Western Hwy@71.3-172: Western Hwy@0.2	936	172	1934	1840	7	64	22	0.10	0.10	0.44	0.06	0.11	0.00	0.00	0.00	0.00	0.00	LOS_A	1	0.00	0.00
1	7200-10800	57-936: Western Hwy@71.3-512: Zone connector@4.0	936	512	0	0	0	0	0											LOS_A		0.00	0.00
1	7200-10800	57			3062	2811	35	138	76	0.10	0.11	0.17	0.08	0.06	0.00	0.00	0.00	0.00	0.00	LOS_A	1	0.00	0.00
1	7200-10800	58-436@136.8-271: Leakes Rd@61.4	436	271	140	136	0	2	2	3.39	3.37		0.89	6.99	0.70	0.70		0.00	1.19	LOS_A	1	0.41	30.79
1	7200-10800	58-436@136.8-437: Leakes Rd@45.3	436	437	99	95	0	2	2	5.75	5.74		4.50	7.17	0.83	0.84		0.00	1.43	LOS_A	1	0.18	22.33
1	7200-10800	58-600: Leakes Rd@6.4-273@26.5	600	273	153	136	0	9	8	1.23	1.11		2.27	2.11	0.00	0.00		0.00	0.00	LOS_A	1	0.00	0.00
1	7200-10800	58-600: Leakes Rd@6.4-437: Leakes Rd@45.3	600	437	341	311	0	11	17	0.76	0.75		1.22	0.72	0.00	0.00		0.00	0.00	LOS_A	1	0.00	0.00
1	7200-10800	58-1263: Leakes Rd@41.8-271: Leakes Rd@61.4	1263	271	290	268	1	11	8	0.11	0.11	0.00	0.00	0.19	0.00	0.00	0.00	0.00	0.00	LOS_A	1	0.15	23.06
1	7200-10800	58-1263: Leakes Rd@41.8-273@26.5	1263	273	64	57	0	4	3	3.50	3.49		1.87	6.00	1.01	1.05		0.00	1.43	LOS_A	1	0.15	23.06
1	7200-10800	58			1087	1003	1	39	40	1.60	1.61	0.00	1.34	1.92	0.22	0.23	0.00	0.00	0.24	LOS_A	1	0.18	30.79
1	7200-10800	59-271: Leakes Rd@243.2-401: Leakes Rd@29.0	271	401	430	404	1	13	10	0.04	0.04	0.00	0.06	0.01	0.00	0.00	0.00	0.00	0.00	LOS_A	1	0.00	0.00
1	7200-10800	59-443@92.7-270: Leakes Rd@21.8	443	270	0	0	0	0	0											LOS_A		0.00	0.00
1	7200-10800	59-443@92.7-442@13.5	443	442	0	0	0	0	0											LOS_A		0.00	0.00
1	7200-10800	59-605: Leakes Rd@50.0-270: Leakes Rd@21.8	605	270	494	447	0	20	25	0.52	0.41		0.84	0.80	0.00	0.00		0.00	0.00	LOS_A	1	0.00	0.00
1	7200-10800	59-605: Leakes Rd@50.0-442@13.5	605	442	0	0	0	0	0											LOS_A		0.00	0.00
1	7200-10800	59			924	851	1	33	35	0.29	0.23	0.00	0.53	0.57	0.00	0.00	0.00	0.00	0.00	LOS_A	1	0.00	0.00
1	7200-10800	60-604: Leakes Rd@15.4-398: Taylors Rd@22.2	604	398	29	29	0	0	0	1.97	1.97				0.00	0.00				LOS_A	1	0.00	0.00
1	7200-10800	60-604: Leakes Rd@15.4-402: Leakes Rd@24.4	604	402	132	116	0	4	12	18.39	17.80		28.83	20.60	9.49	9.29		12.76	10.36	LOS_B	2	2.75	44.08
1	7200-10800	60-606: Leakes Rd@69.8-402: Leakes Rd@24.4	606	402	362	331	0	16	13	1.42	1.38		2.03	1.26	0.08	0.09		0.00	0.00	LOS_A	1	0.13	41.45
1	7200-10800	60-607: Taylors Rd@70.4-400: Leakes Rd@76.7	607	400	17	17	0	0	0	51.87	51.87				43.97	43.97				LOS_D	4	1.34	19.75
1	7200-10800	60-938: Leakes Rd@26.8-398: Taylors Rd@22.2	938	398	357	337	0	11	7	9.08	9.11		7.35	11.04	4.40	4.48		3.19	3.59	LOS_A	1	2.99	44.70
1	7200-10800	60-938: Leakes Rd@26.8-400: Leakes Rd@76.7	938	400	73	67	1	2	3	1.70	1.74	0.00	2.55	0.86	0.32	0.34	0.00	0.00	0.00	LOS_A	1	2.99	44.70
1	7200-10800	60			970	897	1	33	35	7.47	7.41	0.00	7.08	9.81	3.73	3.78	0.00	2.61	4.27	LOS_A	1	1.44	44.70
1	7200-10800	61-540@22.7-435: Leakes Rd@19.5	540	435	116	106	0	7	3	3.34	2.97		8.35	4.61	0.99	0.91		2.55	0.00	LOS_A	1	0.35	26.21
1	7200-10800	61-540@22.7-438: Leakes Rd@14.4	540	438	69	64	0	4	1	12.39	11.92		22.44	2.03	5.80	5.74		8.15	0.00	LOS_B	2	1.28	50.34
1	7200-10800	61-863: Leakes Rd@86.5-265@27.3	863	265	224	211	0	5	8	9.33	9.10		7.18	16.68	1.88	1.75		0.94	6.01	LOS_A	1	2.51	66.32
1	7200-10800	61-863: Leakes Rd@86.5-435: Leakes Rd@19.5	863	435	216	195	0	8	11	0.21	0.21		0.36	0.17	0.00	0.00		0.00	0.00	LOS_A	1	0.92	46.76
1	7200-10800	61-941: Leakes Rd@8.5-265@27.3	941	265	52	46	0	2	3	2.41	2.07		4.17	4.79	0.00	0.00		0.00	0.00	LOS_A	1	0.00	0.00
1	7200-10800	61-941: Leakes Rd@8.5-438: Leakes Rd@14.4	941	438	285	261	1	11	10	0.42	0.43	0.00	0.25	0.65	0.00	0.00	0.00	0.00	0.00	LOS_A	1	0.00	0.00
1	7200-10800	61			962	883	1	37	36	3.77	3.68	0.00	5.35	4.78	0.97	0.94	0.00	1.49	1.34	LOS_A	1	1.01	66.32
1	7200-10800	62-267: Ian Cowie Way@65.6-264: Leakes Rd@15.6	267	264	0	0	0	0	0											LOS_A		0.00	0.00
1	7200-10800	62-267: Ian Cowie Way@65.6-434: Leakes Rd@14.9	267	434	7	7	0	0	0	6.14	6.14				2.86	2.86				LOS_A	1	0.02	5.75
1	7200-10800	62-538: Leakes Rd@42.7-264: Leakes Rd@15.6	538	264	326	295	0	15	14	0.11	0.10		0.20	0.31	0.00	0.00		0.00	0.00	LOS_A	1	0.00	0.00
1	7200-10800	62-538: Leakes Rd@42.7-268: Ian Cowie Way@17.3	538	268	6	6	0	0	0	2.38	2.38				0.00	0.00				LOS_A	1	0.00	0.00
1	7200-10800	62-864: Leakes Rd@42.2-268: Ian Cowie Way@17.3	864	268	0	0	0	0	0											LOS_A		0.00	0.00
1	7200-10800	62-864: Leakes Rd@42.2-434: Leakes Rd@14.9	864	434	330	300	1	13	13	0.06	0.06	0.00	0.01	0.08	0.00	0.00	0.00	0.00	0.00	LOS_A	1	0.00	0.00
1	7200-10800	62			669	608	1	28	27	0.17	0.17	0.00	0.11	0.20	0.03	0.03	0.00	0.00	0.00	LOS_A	1	0.00	5.75
1	7200-10800	63-374: Westcott Pde@100.7-263: Leakes Rd@9.1	374	263	6	5	0	0	0	10.01	5.24				2.70	2.07				LOS_B	2	0.06	14.40
1	7200-10800	63-374: Westcott Pde@100.7-372: Leakes Rd@14.9	374	372	0	0	0	0	0											LOS_A		0.00	0.00
1	7200-10800	63-542: Leakes Rd@34.5-372: Leakes Rd@14.9	542	372	320	289	0	15	14	0.05	0.03		0.29	0.05	0.00	0.00		0.00	0.00	LOS_A	1	0.00	0.00
1	7200-10800	63-542: Leakes Rd@34.5-375: Westcott Pde@26.6	542	375	6	6	0	0	0	3.46	3.46				0.00	0.00				LOS_A	1	0.00	0.00
1	7200-10800	63-543: Leakes Rd@6.7-263: Leakes Rd@9.1	543	263	324	295	1	13	13	0.04	0.04	0.00	0.02	0.07	0.00	0.00	0.00	0.00	0.00	LOS_A	1	0.00	0.00
1	7200-10800	63-543: Leakes Rd@6.7-375: Westcott Pde@26.6	543	375	0	0	0	0	0											LOS_A		0.00	0.00
1	7200-10800	63			656	595	1	28	27	0.17	0.11	0.00	0.17	0.06	0.02	0.02	0.00	0.00	0.00	LOS_A	1	0.01	14.40
1	7200-10800	64-484@157.6-78: Western Hwy@14.0	484	78	0	0	0	0	0											LOS_A		0.00	0.00
1	7200-10800	64-484@157.6-324: Western Hwy@20.9	484	324	0	0	0	0	0											LOS_A		0.00	0.00
1	7200-10800	64-943: Western Hwy@38.1-78: Western Hwy@14.0	943	78	1106	932	28	83	61	0.06	0.06	0.15	0.05	0.07	0.00	0.00	0.00	0.00	0.00	LOS_A	1	0.00	0.00
1	7200-10800	64-943: Western Hwy@38.1-324: Western Hwy@20.9	943	324	0	0	0	0	0											LOS_A		0.00	0.00
1	7200-10800	64-943: Western Hwy@38.1-483@8.4	943	483	0	0	0	0	0											LOS_A		0.00	0.00
1	7200-10800	64-1265: Western Hwy@45.2-78: Western Hwy@14.0	1265	78	9	4	0	3	2	4.86	10.12		0.25	1.26	2.27	5.11		0.00	0.00	LOS_A	1	0.04	6.02
1	7200-10800	64-1265: Western Hwy@45.2-324: Western Hwy@20.9	1265	324	1843	1753	7	68	15	0.13	0.13	0.19	0.11	0.01	0.00	0.00	0.00	0.00	0.00	LOS_A	1	0.00	0.00
1	7200-10800	64-1265: Western Hwy@45.2-483@8.4	1265	483	0	0	0	0	0											LOS_A		0.00	0.00
1	7200-10800	64			2958	2689	35	154	78	0.12	0.12	0.16	0.08	0.09	0.01	0.01	0.00	0.00	0.00	LOS_A	1	0.01	6.02
1	7200-10800	65-27: Troups Rd N@8.8-29: Western Hwy@8.5	27	29	87	80	0	4	3	0.05	0.05		0.01	0.01	0.00	0.00		0.00	0.00	LOS_A	1	0.00	4.99
1	7200-10800	65-27: Troups Rd N@8.8-31: Troups Rd N@5.3	27	31	85	76	0	5	3	0.00	0.00		0.00	0.00	0.00	0.00		0.00	0.00	LOS_A	1	0.00	0.00
1	7200-10800	65-30: Western Hwy@242.6-28: Troups Rd N@3.2	30	28	7	3	0	3	1	0.04	0.04		0.04	0.04	0.00	0.00		0.00	0.00	LOS_A	1	0.00	0.00
1	7200-10800	65-30: Western Hwy@242.6-31: Troups Rd N@5.3	30	31	0	0	0	0	0											LOS_A		0.00	0.00
1	7200-10800	65-32: Troups Rd N@98.1-28: Troups Rd N@3.2	32	28	4	2	0	1	1	0.21	0.20		0.23	0.21	0.00	0.00		0.00	0.00	LOS_A	1	0.00	0.00
1	7200-10800	65-32: Troups Rd N@98.1-29: Western Hwy@8.5	32	29	0	0	0	0	0											LOS_A		0.00	0.00
1	7200-10800	65			183	161	0	13	8	0.03	0.03		0.03	0.04	0.00	0.00		0.00	0.00	LOS_A	1	0.00	4.99
1	7200-10800	66-33: Neales Rd W@612.0-35: Neales Rd W@48.6	33	35	4	4	0	0	0	30.10	30.10				22.57	22.57				LOS_C	3	0.34	17.79
1	7200-10800	66-33: Neales Rd W@612.0-232: Hopkins Rd@6.4	33	232	0	0	0	0	0											LOS_A		0.34	17.79
1	7200-10800	66-33: Neales Rd W@612.0-910: Melton Hwy@16.5	33	910	9	9	0	0	0	16.02	16.02				9.67	9.67				LOS_B	2	0.34	17.79
1	7200-10800	66-622: Neales Rd W@45.9-34: Neales Rd W@23.0	622	34	28	28	0	0	0	18.23	18.23				10.50	10.50				LOS_B	2	0.57	17.86
1	7200-10800	66-622: Neales Rd W@45.9-232: Hopkins Rd@6.4	622	232	232	200	0	17	14	3.57	3.81		1.80	2.19	1.16	1.34		0.00	0.00	LOS_A	1	0.94	75.22
1	7200-10800	66-622: Neales Rd W@45.9-910: Melton Hwy@16.5	622	910	0	0	0	0	0											LOS_A		0.57	17.86
1	7200-10800	66-897: Hopkins Rd@12.7-34: Neales Rd W@23.0	897	34	0	0	0	0	0											LOS_A		8.08	59.45
1	7200-10800	66-897: Hopkins Rd@12.7-35: Neales Rd W@48.6	897	35	253	233	0	11	7	32.92	32.92		33.30	30.85	21.74	22.02		18.43	17.88	LOS_C	3	8.08	59.45
1	7200-10800	66-897: Hopkins Rd@12.7-910: Melton Hwy@16.5	897	910	131	119	0	7	5	2.65	2.59		5.33	0.23	0.90	0.91		1.40	0.00	LOS_A	1	8.08	59.45
1	7200-10800	66-908: Melton Hwy@9.5-34: Neales Rd W@23.0	908	34	0	0	0	0	0											LOS_A		2.89	57.22
1	7200-10800	66-908: Melton Hwy@9.5-35: Neales Rd W@48.6	908	35	1	1	0	0	0	2.28	2.28				0.00	0.00				LOS_A	1	2.89	57.22
1	7200-10800	66-908: Melton Hwy@9.5-232: Hopkins Rd@6.4	908	232	185	171	0	8	6	13.75	14.20		9.15	6.99	6.34	6.63		2.94	2.58	LOS_B	2	2.89	57.22
1	7200-10800	66			843	765	0	43	32	15.21	15.62		11.80	9.05	8.93	9.30		5.49	4.40	LOS_B	2	2.57	75.22
1	7200-10800	67-230: Hopkins Rd@28.1-37@43.8	230	37	103	86	0	9	8	5.49	5.47		4.57	6.77	0.50	0.59		0.00	0.00	LOS_A	1	0.22	24.25
1	7200-10800	67-230: Hopkins Rd@28.1-426: Hopkins Rd@4.3	230	426	314	285	0	16	12	1.75	1.76		1.23	1.07	0.14	0.16		0.00	0.00	LOS_A	1	0.00	0.00
1	7200-10800	67-427: Hopkins Rd@87.2-231: Hopkins Rd@8.3	427	231	291	275	0	11	5	0.12	0.10		0.40	0.45	0.00	0.00		0.00	0.00	LOS_A	1	0.00	0.00
1	7200-10800	67-946@14.4-231: Hopkins Rd@8.3	946	231	93	77	0	7	7	1.48	1.25		2.44	2.91	0.11	0.09		0.43	0.08	LOS_A	1	0.08	18.43
1	7200-10800	67-946@14.4-426: Hopkins Rd@4.3	946	426	101	88	0	5	8	5.29	5.25		4.39	6.26	1.74	1.83		0.00	1.87	LOS_A	1	0.53	31.20
1	7200-10800	67			902	811	0	48	40	2.02	1.92		2.17	3.49	0.31	0.32		0.06	0.39	LOS_A	1	0.16	31.20
1	7200-10800	68-83: Sheahan Rd@168.5-55: Hopkins Rd@3.3	83	55	0	0	0	0	0											LOS_A		0.00	0.00
1	7200-10800	68-83: Sheahan Rd@168.5-251: Hopkins Rd@6.5	83	251	4	1	0	1	2	9.47	1.25		2.42	17.11	3.14	0.00		0.00	6.27	LOS_A	1	0.09	18.64
1	7200-10800	68-252: Hopkins Rd@8.4-55: Hopkins Rd@3.3	252	55	494	451	0	22	21	0.08	0.08		0.02	0.15	0.00	0.00		0.00	0.00	LOS_A	1	0.00	0.00
1	7200-10800	68-252: Hopkins Rd@8.4-82: Sheahan Rd@6.2	252	82	0	0	0	0	0											LOS_A		0.00	0.00
1	7200-10800	68-895: Hopkins Rd@30.3-82: Sheahan Rd@6.2	895	82	0	0	0	0	0											LOS_A		0.00	0.00
1	7200-10800	68-895: Hopkins Rd@30.3-251: Hopkins Rd@6.5	895	251	505	445	0	32	28	0.09	0.09		0.13	0.08	0.00	0.00		0.00	0.00	LOS_A	1	0.00	0.00
1	7200-10800	68			1003	897	0	55	51	0.12	0.09		0.13	0.78	0.01	0.00		0.00	0.25	LOS_A	1	0.02	18.64
1	7200-10800	69-290: Caroline Springs Blvd@7.8-60: Caroline Springs Blvd@15.2	290	60	0	0	0	0	0											LOS_A		0.08	25.17
1	7200-10800	69-290: Caroline Springs Blvd@7.8-291: Caroline Springs Blvd@13.9	290	291	614	585	0	11	11	0.97	0.97		0.96	1.22	0.00	0.00		0.00	0.00	LOS_A	1	0.08	25.17
1	7200-10800	69-290: Caroline Springs Blvd@7.8-293: Chisholm Dr@13.5	290	293	44	44	0	0	0	0.77	0.77				0.00	0.00				LOS_A	1	0.08	25.17
1	7200-10800	69-290: Caroline Springs Blvd@7.8-431: Springlake Ave@15.9	290	431	49	47	0	1	1	1.32	1.32		1.79	0.68	0.00	0.00		0.00	0.00	LOS_A	1	0.08	25.17
1	7200-10800	69-292: Caroline Springs Blvd@169.6-60: Caroline Springs Blvd@15.2	292	60	393	360	1	13	12	4.91	4.65	1.82	5.14	4.75	1.04	1.06	0.00	1.31	0.09	LOS_A	1	1.30	53.95
1	7200-10800	69-292: Caroline Springs Blvd@169.6-291: Caroline Springs Blvd@13.9	292	291	0	0	0	0	0											LOS_A		1.30	53.95
1	7200-10800	69-292: Caroline Springs Blvd@169.6-293: Chisholm Dr@13.5	292	293	0	0	0	0	0											LOS_A		1.30	53.95
1	7200-10800	69-292: Caroline Springs Blvd@169.6-431: Springlake Ave@15.9	292	431	0	0	0	0	0											LOS_A		1.30	53.95
1	7200-10800	69-294: Chisholm Dr@69.6-60: Caroline Springs Blvd@15.2	294	60	19	18	0	1	0	7.07	7.32		2.61		2.18	2.30		0.00		LOS_A	1	0.09	11.43
1	7200-10800	69-294: Chisholm Dr@69.6-291: Caroline Springs Blvd@13.9	294	291	0	0	0	0	0											LOS_A		0.09	11.43
1	7200-10800	69-294: Chisholm Dr@69.6-293: Chisholm Dr@13.5	294	293	0	0	0	0	0											LOS_A		0.09	11.43
1	7200-10800	69-294: Chisholm Dr@69.6-431: Springlake Ave@15.9	294	431	0	0	0	0	0											LOS_A		0.09	11.43
1	7200-10800	69-430: Springlake Ave@96.3-60: Caroline Springs Blvd@15.2	430	60	16	16	0	0	0	6.36	6.36				3.41	3.41				LOS_A	1	0.09	12.11
1	7200-10800	69-430: Springlake Ave@96.3-291: Caroline Springs Blvd@13.9	430	291	0	0	0	0	0											LOS_A		0.05	12.11
1	7200-10800	69-430: Springlake Ave@96.3-293: Chisholm Dr@13.5	430	293	0	0	0	0	0											LOS_A		0.09	12.11
1	7200-10800	69-430: Springlake Ave@96.3-431: Springlake Ave@15.9	430	431	0	0	0	0	0											LOS_A		0.09	12.11
1	7200-10800	69			1135	1070	1	26	24	2.52	2.40	1.82	3.15	2.96	0.45	0.45	0.00	0.66	0.05	LOS_A	1	0.31	53.95
1	7200-10800	70-352: Eucumbene Dr@292.6-111: Christies Rd@15.7	352	111	0	0	0	0	0											LOS_A		0.00	0.00
1	7200-10800	70-647: Christies Rd@1.7-111: Christies Rd@15.7	647	111	258	201	2	28	20	1.44	1.62	1.62	0.87	0.97	0.00	0.00	0.00	0.00	0.00	LOS_A	1	0.00	0.00
1	7200-10800	70-647: Christies Rd@1.7-353: Eucumbene Dr@18.2	647	353	18	16	0	1	1	2.23	2.18		2.23	2.97	0.00	0.00		0.00	0.00	LOS_A	1	0.00	0.00
1	7200-10800	70-891: Christies Rd@8.6-287: Christies Rd@18.9	891	287	481	445	0	16	13	0.72	0.75		0.43	0.31	0.07	0.07		0.00	0.00	LOS_A	1	0.00	0.00
1	7200-10800	70-891: Christies Rd@8.6-353: Eucumbene Dr@18.2	891	353	49	49	0	0	0	2.00	2.00				0.57	0.57				LOS_A	1	0.06	11.68
1	7200-10800	70			806	711	2	45	34	1.06	1.11	1.62	0.74	0.77	0.07	0.08	0.00	0.00	0.00	LOS_A	1	0.01	11.68
1	7200-10800	71-111: Christies Rd@84.9-129@9.8	111	129	198	165	1	18	14	0.50	0.46	0.38	0.33	1.16	0.00	0.00	0.00	0.00	0.00	LOS_A	1	0.01	19.25
1	7200-10800	71-111: Christies Rd@84.9-282: Christies Rd@12.4	111	282	60	36	1	10	6	0.02	0.01	0.33	0.00	0.06	0.00	0.00	0.00	0.00	0.00	LOS_A	1	0.01	19.25
1	7200-10800	71-274: Christies Rd@5.8-112: Christies Rd@20.6	274	112	530	494	0	16	13	1.61	1.65		1.59	0.89	0.00	0.00		0.00	0.00	LOS_A	1	0.06	9.15
1	7200-10800	71-274: Christies Rd@5.8-129@9.8	274	129	123	62	2	42	17	4.69	4.70	4.86	4.73	4.57	0.18	0.29	0.00	0.11	0.00	LOS_A	1	0.06	9.15
1	7200-10800	71			911	757	4	86	50	1.68	1.56	2.61	2.68	2.12	0.02	0.02	0.00	0.05	0.00	LOS_A	1	0.04	19.25
1	7200-10800	72-126@294.6-280: Christies Rd@41.9	126	280	378	378	0	0	0	1.59	1.59				0.02	0.02				LOS_A	1	0.03	19.30
1	7200-10800	72-126@294.6-394: Christies Rd@15.7	126	394	19	4	0	15	0	1.25	2.23		0.99		0.00	0.01		0.00		LOS_A	1	0.03	19.30
1	7200-10800	72-126@294.6-626: Palm Springs Rd@75.1	126	626	12	10	0	2	0	2.09	1.95		2.81		0.12	0.14		0.00		LOS_A	1	0.03	19.30
1	7200-10800	72-279: Christies Rd@96.9-280: Christies Rd@41.9	279	280	0	0	0	0	0											LOS_A		0.08	24.86
1	7200-10800	72-279: Christies Rd@96.9-394: Christies Rd@15.7	279	394	46	24	1	9	6	3.01	1.56	18.69	2.60	6.46	0.32	0.00	6.12	0.00	1.43	LOS_A	1	0.08	24.86
1	7200-10800	72-279: Christies Rd@96.9-626: Palm Springs Rd@75.1	279	626	13	12	0	1	0	1.76	1.81		1.21		0.00	0.00		0.00		LOS_A	1	0.08	24.86
1	7200-10800	72-393: Christies Rd@348.6-280: Christies Rd@41.9	393	280	142	59	1	53	22	12.27	12.31	30.95	11.64	12.10	4.33	4.81	18.20	3.81	3.12	LOS_B	2	3.08	96.65
1	7200-10800	72-393: Christies Rd@348.6-394: Christies Rd@15.7	393	394	0	0	0	0	0											LOS_A		3.08	96.65
1	7200-10800	72-393: Christies Rd@348.6-626: Palm Springs Rd@75.1	393	626	0	0	0	0	0											LOS_A		3.08	96.65
1	7200-10800	72-625: Palm Springs Rd@88.9-280: Christies Rd@41.9	625	280	133	119	1	5	8	25.09	24.58	41.26	15.73	36.40	11.48	11.04	19.05	6.34	20.23	LOS_C	3	6.57	90.81
1	7200-10800	72-625: Palm Springs Rd@88.9-394: Christies Rd@15.7	625	394	4	4	0	0	0	27.37	27.37				14.93	14.93				LOS_C	3	6.57	90.81
1	7200-10800	72-625: Palm Springs Rd@88.9-626: Palm Springs Rd@75.1	625	626	0	0	0	0	0											LOS_A		6.57	90.81
1	7200-10800	72			747	610	3	85	36	8.03	7.30	30.30	8.72	16.56	2.98	2.73	14.46	2.75	6.64	LOS_A	1	2.44	96.65
1	7200-10800	73-350: Delma Rd@97.2-464: Ballarat Rd  Western Hwy@8.8	350	464	6	6	0	0	0	0.07	0.07				0.00	0.00				LOS_A	1	0.00	0.00
1	7200-10800	73-663: Ballarat Rd  Western Hwy@46.8-351: Delma Rd@11.2	663	351	7	7	0	0	0	3.02	3.02				0.00	0.00				LOS_A	1	0.00	0.00
1	7200-10800	73-663: Ballarat Rd  Western Hwy@46.8-464: Ballarat Rd  Western Hwy@8.8	663	464	875	826	1	26	22	0.65	0.64	2.47	0.53	0.78	0.01	0.01	0.00	0.00	0.00	LOS_A	1	0.00	0.00
1	7200-10800	73			888	839	1	26	22	0.66	0.66	2.47	0.53	0.78	0.01	0.01	0.00	0.00	0.00	LOS_A	1	0.00	0.00
1	7200-10800	76-911@130.2-404: Hopkins Rd@29.7	911	404	72	72	0	0	0	27.86	27.86				20.97	20.97				LOS_C	3	2.36	30.69
1	7200-10800	76-911@130.2-408: Hopkins Rd@16.0	911	408	70	70	0	0	0	2.61	2.61				0.59	0.59				LOS_A	1	0.12	12.81
1	7200-10800	76-913: Hopkins Rd@4.0-408: Hopkins Rd@16.0	913	408	435	375	0	32	28	12.17	12.32		10.80	11.76	4.86	5.01		4.13	3.67	LOS_B	2	4.60	63.83
1	7200-10800	76-913: Hopkins Rd@4.0-912@27.4	913	912	86	86	0	0	0	2.18	2.18				0.12	0.12				LOS_A	1	0.00	0.00
1	7200-10800	76-948: Hopkins Rd@33.1-404: Hopkins Rd@29.7	948	404	398	355	0	22	21	5.03	5.19		3.83	3.48	1.40	1.53		0.31	0.45	LOS_A	1	6.74	73.77
1	7200-10800	76-948: Hopkins Rd@33.1-912@27.4	948	912	96	96	0	0	0	43.20	43.20				30.38	30.38				LOS_D	4	6.74	73.77
1	7200-10800	76			1157	1054	0	54	49	11.94	12.32		7.96	8.21	6.18	6.54		2.58	2.29	LOS_B	2	2.77	73.77
1	7200-10800	77-208: Western Fwy@25.5-84: Western Fwy@15.9	208	84	705	607	28	45	25	0.34	0.35	0.53	0.31	0.09	0.00	0.00	0.00	0.00	0.00	LOS_A	1	0.00	0.00
1	7200-10800	77-208: Western Fwy@25.5-180@16.3	208	180	216	202	0	8	6	3.89	3.75		5.87	5.94	0.00	0.00		0.00	0.00	LOS_A	1	0.00	0.00
1	7200-10800	77			921	809	28	53	31	1.18	1.20	0.53	1.15	1.22	0.00	0.00	0.00	0.00	0.00	LOS_A	1	0.00	0.00
1	7200-10800	78-84: Western Fwy@896.5-203: Western Fwy@19.3	84	203	706	608	28	45	25	0.05	0.05	0.06	0.05	0.00	0.00	0.00	0.00	0.00	0.00	LOS_A	1	0.00	0.00
1	7200-10800	78-529@58.8-203: Western Fwy@19.3	529	203	427	368	0	29	29	0.94	0.92		1.64	0.45	0.15	0.16		0.30	0.00	LOS_A	1	0.00	0.00
1	7200-10800	78			1133	976	28	74	54	0.39	0.38	0.06	0.67	0.24	0.06	0.06	0.00	0.12	0.00	LOS_A	1	0.00	0.00
1	7200-10800	79-184: Western Fwy@928.7-205: Western Fwy@68.7	184	205	1166	1110	7	33	16	0.17	0.16	0.70	0.37	0.23	0.00	0.00	0.00	0.00	0.00	LOS_A	1	0.00	0.00
1	7200-10800	79-333@86.1-205: Western Fwy@68.7	333	205	192	186	0	2	4	0.87	0.86		1.93	0.98	0.00	0.00		0.00	0.00	LOS_A	1	0.00	0.00
1	7200-10800	79			1358	1296	7	35	20	0.27	0.26	0.70	0.46	0.38	0.00	0.00	0.00	0.00	0.00	LOS_A	1	0.00	0.00
1	7200-10800	80-424: Western Fwy@14.2-184: Western Fwy@85.3	424	184	1166	1110	7	33	16	1.98	1.97	0.39	2.55	2.23	0.00	0.00	0.00	0.00	0.00	LOS_A	1	0.00	0.00
1	7200-10800	80-424: Western Fwy@14.2-337@9.9	424	337	659	620	0	30	7	6.06	5.91		8.28	9.15	0.00	0.00		0.00	0.00	LOS_A	1	0.00	0.00
1	7200-10800	80			1825	1730	7	63	23	3.45	3.38	0.39	5.28	4.34	0.00	0.00	0.00	0.00	0.00	LOS_A	1	0.00	0.00
1	7200-10800	81-532: Western Hwy@54.0-334: Western Hwy@32.2	532	334	1114	957	28	74	54	0.13	0.13	0.04	0.18	0.01	0.00	0.00	0.00	0.00	0.00	LOS_A	1	0.00	0.00
1	7200-10800	81-532: Western Hwy@54.0-481@38.6	532	481	19	19	0	0	0	4.86	4.86				0.00	0.00				LOS_A	1	0.00	0.00
1	7200-10800	81			1133	976	28	74	54	0.21	0.22	0.04	0.18	0.01	0.00	0.00	0.00	0.00	0.00	LOS_A	1	0.00	0.00
1	7200-10800	82-334: Western Hwy@654.9-72: Western Hwy@13.0	334	72	1114	957	28	74	54	0.17	0.19	0.05	0.17	0.02	0.00	0.00	0.00	0.00	0.00	LOS_A	1	0.00	0.00
1	7200-10800	82-482@267.1-72: Western Hwy@13.0	482	72	14	14	0	0	0	0.03	0.03				0.00	0.00				LOS_A	1	0.00	0.00
1	7200-10800	82			1128	971	28	74	54	0.17	0.18	0.05	0.17	0.02	0.00	0.00	0.00	0.00	0.00	LOS_A	1	0.00	0.00
1	7200-10800	83-313: Western Hwy@39.7-103: Western Hwy@23.4	313	103	889	739	28	70	50	0.49	0.48	0.37	0.55	0.58	0.00	0.00	0.00	0.00	0.00	LOS_A	1	0.00	0.00
1	7200-10800	83-313: Western Hwy@39.7-174@14.4	313	174	239	231	0	4	4	3.59	3.49		6.27	6.70	0.00	0.00		0.00	0.00	LOS_A	1	0.00	0.00
1	7200-10800	83			1128	970	28	74	54	1.15	1.20	0.37	0.86	1.03	0.00	0.00	0.00	0.00	0.00	LOS_A	1	0.00	0.00
1	7200-10800	84-161@132.7-99: Western Hwy@10.0	161	99	276	257	0	7	11	0.12	0.09		0.53	0.59	0.00	0.00		0.00	0.00	LOS_A	1	0.00	0.00
1	7200-10800	84-187: Western Hwy@838.0-99: Western Hwy@10.0	187	99	1659	1584	7	57	11	0.17	0.17	0.11	0.13	0.03	0.00	0.00	0.00	0.00	0.00	LOS_A	1	0.00	0.00
1	7200-10800	84			1935	1841	7	64	22	0.16	0.16	0.11	0.17	0.31	0.00	0.00	0.00	0.00	0.00	LOS_A	1	0.00	0.00
1	7200-10800	85-103: Western Hwy@829.6-89: Western Hwy@49.7	103	89	889	739	28	70	50	0.11	0.11	0.14	0.10	0.08	0.00	0.00	0.00	0.00	0.00	LOS_A	1	0.00	0.00
1	7200-10800	85-175@113.1-89: Western Hwy@49.7	175	89	217	193	0	13	11	0.09	0.10		0.03	0.04	0.00	0.00		0.00	0.00	LOS_A	1	0.00	0.00
1	7200-10800	85			1106	932	28	83	61	0.10	0.11	0.14	0.09	0.07	0.00	0.00	0.00	0.00	0.00	LOS_A	1	0.00	0.00
1	7200-10800	86-323: Western Hwy@20.0-159@12.1	323	159	185	170	0	11	4	1.66	1.39		4.94	4.48	0.04	0.04		0.00	0.00	LOS_A	1	0.00	6.46
1	7200-10800	86-323: Western Hwy@20.0-187: Western Hwy@33.1	323	187	1659	1584	7	57	11	0.55	0.56	0.37	0.45	0.24	0.00	0.00	0.00	0.00	0.00	LOS_A	1	0.00	6.46
1	7200-10800	86			1844	1754	7	68	15	0.67	0.64	0.37	1.18	1.37	0.01	0.01	0.00	0.00	0.00	LOS_A	1	0.00	6.46
1	7200-10800	87-343: Western Hwy@756.9-154: Western Hwy@6.1	343	154	1899	1794	7	76	21	0.13	0.13	0.17	0.07	0.03	0.00	0.00	0.00	0.00	0.00	LOS_A	1	0.00	0.00
1	7200-10800	87-480@343.6-154: Western Hwy@6.1	480	154	113	113	0	0	0	0.01	0.01				0.00	0.00				LOS_A	1	0.00	0.00
1	7200-10800	87			2012	1907	7	76	21	0.12	0.12	0.17	0.07	0.03	0.00	0.00	0.00	0.00	0.00	LOS_A	1	0.00	0.00
1	7200-10800	88-955: Western Fwy@13.7-343: Western Hwy@21.2	955	343	1899	1794	7	76	21	0.15	0.15	0.66	0.23	0.08	0.00	0.00	0.00	0.00	0.00	LOS_A	1	0.00	0.00
1	7200-10800	88-955: Western Fwy@13.7-479@7.3	955	479	0	0	0	0	0											LOS_A		0.00	0.00
1	7200-10800	88			1899	1794	7	76	21	0.15	0.15	0.66	0.23	0.08	0.00	0.00	0.00	0.00	0.00	LOS_A	1	0.00	0.00
1	7200-10800	89-228: Western Fwy@25.8-108@38.1	228	108	194	165	0	12	15	5.65	5.20		7.87	8.48	0.00	0.00		0.00	0.00	LOS_A	1	0.00	0.00
1	7200-10800	89-228: Western Fwy@25.8-194: Western Fwy@23.2	228	194	922	772	28	74	48	0.72	0.69	0.74	1.01	0.61	0.00	0.00	0.00	0.00	0.00	LOS_A	1	0.00	0.00
1	7200-10800	89			1116	937	28	86	63	1.57	1.49	0.74	1.96	2.49	0.00	0.00	0.00	0.00	0.00	LOS_A	1	0.00	0.00
1	7200-10800	90-104@749.4-417: Western Fwy@11.1	104	417	244	221	0	14	8	0.10	0.10		0.15	0.14	0.00	0.00		0.00	0.00	LOS_A	1	0.00	0.00
1	7200-10800	90-196: Western Fwy@1281.0-417: Western Fwy@11.1	196	417	1655	1573	7	62	13	0.20	0.20	0.39	0.16	0.01	0.00	0.00	0.00	0.00	0.00	LOS_A	1	0.00	0.00
1	7200-10800	90			1899	1794	7	76	21	0.18	0.19	0.39	0.16	0.06	0.00	0.00	0.00	0.00	0.00	LOS_A	1	0.00	0.00
1	7200-10800	91-260: Hopkins Rd@38.0-419@15.1	260	419	190	149	0	22	19	2.86	2.43		4.19	4.65	0.00	0.00		0.00	0.00	LOS_A	1	0.00	0.00
1	7200-10800	91-260: Hopkins Rd@38.0-427: Hopkins Rd@14.4	260	427	291	275	0	11	5	0.91	0.92		0.42	1.45	0.00	0.00		0.00	0.00	LOS_A	1	0.00	0.00
1	7200-10800	91-426: Hopkins Rd@77.5-43: Hopkins Rd@14.4	426	43	415	373	0	21	20	0.20	0.19		0.28	0.38	0.00	0.00		0.00	0.00	LOS_A	1	0.00	0.00
1	7200-10800	91			896	797	0	54	44	1.00	0.86		1.90	2.35	0.00	0.00		0.00	0.00	LOS_A	1	0.00	0.00
1	7200-10800	92-107@313.1-8: Western Fwy@5.3	107	8	293	235	0	31	27	0.13	0.15		0.04	0.03	0.00	0.00		0.00	0.00	LOS_A	1	0.00	0.00
1	7200-10800	92-194: Western Fwy@609.6-8: Western Fwy@5.3	194	8	922	772	28	74	48	0.10	0.10	0.19	0.08	0.08	0.00	0.00	0.00	0.00	0.00	LOS_A	1	0.00	0.00
1	7200-10800	92			1215	1007	28	105	75	0.11	0.11	0.19	0.07	0.06	0.00	0.00	0.00	0.00	0.00	LOS_A	1	0.00	0.00
1	7200-10800	93-224: Western Fwy@24.6-149@12.9	224	149	253	235	0	15	3	3.72	3.51		6.42	7.02	0.00	0.00		0.00	0.00	LOS_A	1	0.00	0.00
1	7200-10800	93-224: Western Fwy@24.6-196: Western Fwy@9.8	224	196	1655	1573	7	62	13	0.85	0.85	2.27	0.57	1.52	0.00	0.00	0.00	0.00	0.00	LOS_A	1	0.00	0.00
1	7200-10800	93			1908	1808	7	77	16	1.23	1.19	2.27	1.71	2.55	0.00	0.00	0.00	0.00	0.00	LOS_A	1	0.00	0.00
1	7200-10800	94-949: Western Fwy@23.3-136@6.8	949	136	387	337	0	27	23	0.08	0.08		0.10	0.04	0.00	0.00		0.00	0.00	LOS_A	1	0.00	0.00
1	7200-10800	94-949: Western Fwy@23.3-389: Western Fwy  Deer Park Byp@4.2	949	389	827	669	28	78	52	0.09	0.09	0.04	0.05	0.05	0.00	0.00	0.00	0.00	0.00	LOS_A	1	0.00	0.00
1	7200-10800	94			1214	1006	28	105	75	0.08	0.09	0.04	0.06	0.05	0.00	0.00	0.00	0.00	0.00	LOS_A	1	0.00	0.00
1	7200-10800	95-952: Western Hwy@80.5-1039: Western Fwy@10.4	952	1039	593	568	0	13	12	12.69	12.84		6.03	12.73	0.12	0.12		0.00	0.06	LOS_B	2	0.34	53.37
1	7200-10800	95-1038: Western Fwy  Deer Park Byp@73.0-1039: Western Fwy@10.4	1038	1039	1315	1240	7	64	4	25.36	25.52	28.10	20.26	51.79	0.84	0.84	2.57	0.51	1.11	LOS_D	4	14.11	242.71
1	7200-10800	95			1908	1808	7	77	16	21.42	21.54	28.10	17.86	22.49	0.61	0.62	2.57	0.42	0.32	LOS_C	3	7.23	242.71
1	7200-10800	96-125@88.9-147: Western Fwy  Deer Park Byp@16.2	125	147	321	227	3	60	31	0.72	0.90	0.03	0.30	0.36	0.00	0.00	0.00	0.00	0.00	LOS_A	1	0.00	0.00
1	7200-10800	96-389: Western Fwy  Deer Park Byp@1708.1-147: Western Fwy  Deer Park Byp@16.2	389	147	827	669	28	78	52	0.07	0.08	0.05	0.05	0.06	0.00	0.00	0.00	0.00	0.00	LOS_A	1	0.00	0.00
1	7200-10800	96			1148	896	31	138	83	0.26	0.29	0.05	0.16	0.17	0.00	0.00	0.00	0.00	0.00	LOS_A	1	0.00	0.00
1	7200-10800	97-240: Western Fwy  Deer Park Byp@38.1-126@16.7	240	126	409	392	0	17	0	2.71	2.60		5.12		0.00	0.00		0.00		LOS_A	1	0.00	0.00
1	7200-10800	97-240: Western Fwy  Deer Park Byp@38.1-189: Western Fwy  Deer Park Byp@17.7	240	189	1315	1240	7	64	4	0.93	0.93	1.40	0.86	0.28	0.00	0.00	0.00	0.00	0.00	LOS_A	1	0.00	0.00
1	7200-10800	97			1724	1632	7	81	4	1.35	1.33	1.40	1.75	0.28	0.00	0.00	0.00	0.00	0.00	LOS_A	1	0.00	0.00
1	7200-10800	98-91: Ballarat Rd  Western Hwy@67.3-362: Ballarat Rd  Western Hwy@13.4	91	362	601	547	0	29	25	0.23	0.20		0.53	0.53	0.00	0.00		0.00	0.00	LOS_A	1	0.00	0.00
1	7200-10800	98-92: Ballarat Rd  Western Hwy@8.7-362: Ballarat Rd  Western Hwy@13.4	92	362	0	0	0	0	0											LOS_A		0.00	0.00
1	7200-10800	98			601	547	0	29	25	0.23	0.20		0.53	0.53	0.00	0.00		0.00	0.00	LOS_A	1	0.00	0.00
1	7200-10800	99-209: Ballarat Rd  Western Hwy@46.4-1: Ballarat Rd  Western Hwy@6.6	209	1	601	547	0	29	25	0.19	0.17		0.34	0.36	0.00	0.00		0.00	0.00	LOS_A	1	0.00	0.00
1	7200-10800	99-209: Ballarat Rd  Western Hwy@46.4-2: Ballarat Rd  Western Hwy@6.5	209	2	0	0	0	0	0											LOS_A		0.00	0.00
1	7200-10800	99			601	547	0	29	25	0.19	0.17		0.34	0.36	0.00	0.00		0.00	0.00	LOS_A	1	0.00	0.00
1	7200-10800	100-1141@18.3-1143@28.5	1141	1143	0	0	0	0	0											LOS_A		1.56	41.35
1	7200-10800	100-1141@18.3-1147@16.5	1141	1147	80	77	0	2	1	7.48	7.67		3.66	0.42	1.49	1.55		0.00	0.00	LOS_A	1	1.56	41.35
1	7200-10800	100-1141@18.3-1152@26.0	1141	1152	29	29	0	0	0	5.65	5.65				0.67	0.67				LOS_A	1	1.48	41.66
1	7200-10800	100-1141@18.3-1158@25.0	1141	1158	125	125	0	0	0	6.68	6.68				1.30	1.30				LOS_A	1	1.56	41.35
1	7200-10800	100-1146@382.0-1143@28.5	1146	1143	114	112	0	1	1	17.05	17.14		10.97	13.05	2.29	2.33		0.00	0.00	LOS_C	3	13.88	177.90
1	7200-10800	100-1146@382.0-1147@16.5	1146	1147	0	0	0	0	0											LOS_A		14.01	177.79
1	7200-10800	100-1146@382.0-1152@26.0	1146	1152	130	120	0	4	6	20.82	21.25		15.95	15.43	4.06	4.16		1.87	3.62	LOS_C	3	14.01	177.79
1	7200-10800	100-1146@382.0-1158@25.0	1146	1158	139	136	0	2	1	17.25	17.33		8.00	24.29	2.91	2.97		0.00	0.08	LOS_C	3	14.01	177.79
1	7200-10800	100-1159@120.5-1143@28.5	1159	1143	138	132	0	5	1	8.49	8.29		11.82	18.27	1.96	1.82		5.33	4.01	LOS_A	1	1.77	46.08
1	7200-10800	100-1159@120.5-1147@16.5	1159	1147	126	126	0	0	0	7.48	7.48				1.50	1.50				LOS_A	1	1.85	48.72
1	7200-10800	100-1159@120.5-1152@26.0	1159	1152	22	22	0	0	0	5.44	5.44				0.43	0.43				LOS_A	1	1.77	46.08
1	7200-10800	100-1159@120.5-1158@25.0	1159	1158	0	0	0	0	0											LOS_A		1.77	46.08
1	7200-10800	100-1234@184.1-1143@28.5	1234	1143	45	45	0	0	0	25.52	25.52				6.74	6.74				LOS_D	4	13.16	143.59
1	7200-10800	100-1234@184.1-1147@16.5	1234	1147	191	176	0	7	8	26.51	26.79		25.13	21.61	6.57	6.67		7.57	3.38	LOS_D	4	13.16	143.59
1	7200-10800	100-1234@184.1-1152@26.0	1234	1152	0	0	0	0	0											LOS_A		13.16	143.59
1	7200-10800	100-1234@184.1-1158@25.0	1234	1158	28	28	0	0	0	23.57	23.57				5.42	5.42				LOS_C	3	13.17	145.52
1	7200-10800	100			1167	1128	0	21	18	15.21	15.16		15.86	17.86	3.15	3.13		4.15	2.94	LOS_C	3	7.59	177.90
1	7200-10800	101-1144@12.5-1140@37.3	1144	1140	0	0	0	0	0											LOS_A		0.05	11.88
1	7200-10800	101-1144@12.5-1168@28.2	1144	1168	69	67	0	1	1	1.30	1.30		0.87	2.10	0.00	0.00		0.00	0.00	LOS_A	1	0.05	11.88
1	7200-10800	101-1144@12.5-1170@29.6	1144	1170	115	113	0	2	0	1.15	1.14		1.62		0.01	0.01		0.00		LOS_A	1	0.05	11.88
1	7200-10800	101-1144@12.5-1171@32.9	1144	1171	113	109	0	3	1	1.10	1.04		2.84	2.99	0.00	0.00		0.00	0.00	LOS_A	1	0.04	12.04
1	7200-10800	101-1167@141.4-1140@37.3	1167	1140	45	45	0	0	0	2.61	2.61				0.27	0.27				LOS_A	1	0.09	13.33
1	7200-10800	101-1167@141.4-1168@28.2	1167	1168	0	0	0	0	0											LOS_A		0.11	13.33
1	7200-10800	101-1167@141.4-1170@29.6	1167	1170	3	3	0	0	0	2.90	2.90				0.37	0.37				LOS_A	1	0.11	13.33
1	7200-10800	101-1167@141.4-1171@32.9	1167	1171	16	16	0	0	0	2.54	2.54				0.45	0.45				LOS_A	1	0.11	13.33
1	7200-10800	101-1169@143.9-1140@37.3	1169	1140	101	99	0	1	1	2.67	2.70		2.27	0.10	0.21	0.21		0.00	0.00	LOS_A	1	0.13	17.13
1	7200-10800	101-1169@143.9-1168@28.2	1169	1168	7	7	0	0	0	1.50	1.50				0.00	0.00				LOS_A	1	0.13	17.48
1	7200-10800	101-1169@143.9-1170@29.6	1169	1170	0	0	0	0	0											LOS_A		0.13	17.13
1	7200-10800	101-1169@143.9-1171@32.9	1169	1171	2	2	0	0	0	1.67	1.67				0.00	0.00				LOS_A	1	0.13	17.13
1	7200-10800	101-1172@137.6-1140@37.3	1172	1140	88	87	0	1	0	5.63	5.68		1.40		1.55	1.56		0.00		LOS_A	1	0.86	29.56
1	7200-10800	101-1172@137.6-1168@28.2	1172	1168	40	38	0	1	1	8.03	8.29		0.14	5.84	2.24	2.35		0.00	0.00	LOS_A	1	0.86	29.56
1	7200-10800	101-1172@137.6-1170@29.6	1172	1170	1	1	0	0	0	2.86	2.86				0.00	0.00				LOS_A	1	0.43	29.56
1	7200-10800	101-1172@137.6-1171@32.9	1172	1171	0	0	0	0	0											LOS_A		0.86	29.56
1	7200-10800	101			600	587	0	9	4	2.69	2.71		1.83	2.76	0.45	0.46		0.00	0.00	LOS_A	1	0.17	29.56
1	7200-10800	102-1150@427.0-1155@20.3	1150	1155	3	3	0	0	0	0.26	0.26				0.00	0.00				LOS_A	1	0.00	0.00
1	7200-10800	102-1150@427.0-1156@9.2	1150	1156	180	172	0	4	4	0.06	0.06		0.04	0.00	0.00	0.00		0.00	0.00	LOS_A	1	0.00	0.00
1	7200-10800	102-1154@88.9-1153@11.3	1154	1153	100	92	0	3	5	0.03	0.03		0.00	0.18	0.00	0.00		0.00	0.00	LOS_A	1	0.00	0.00
1	7200-10800	102-1154@88.9-1155@20.3	1154	1155	41	39	0	1	1	2.34	1.95		9.47	10.31	0.02	0.02		0.00	0.00	LOS_A	1	0.01	5.86
1	7200-10800	102-1157@97.7-1153@11.3	1157	1153	0	0	0	0	0											LOS_A		0.00	0.00
1	7200-10800	102-1157@97.7-1156@9.2	1157	1156	40	33	0	3	4	1.18	0.97		2.57	1.87	0.00	0.00		0.00	0.00	LOS_A	1	0.01	18.40
1	7200-10800	102			364	339	0	11	14	0.44	0.36		1.58	1.33	0.00	0.00		0.00	0.00	LOS_A	1	0.00	18.40
1	7200-10800	103			0	0	0	0	0											LOS_A			
1	7200-10800	104			0	0	0	0	0											LOS_A			
1	7200-10800	105			0	0	0	0	0											LOS_A			
1	7200-10800	106			0	0	0	0	0											LOS_A			
1	7200-10800	107			0	0	0	0	0											LOS_A			
1	7200-10800	108			0	0	0	0	0											LOS_A			
1	7200-10800	109			0	0	0	0	0											LOS_A			
1	7200-10800	113			0	0	0	0	0											LOS_A			
1	7200-10800	114-1081@150.5-1125@21.0	1081	1125	390	377	5	1	3	11.07	10.88	9.38	0.68	19.48	6.58	6.56	0.93	0.00	16.45	LOS_B	2	4.50	107.32
1	7200-10800	114-1081@150.5-1128@12.2	1081	1128	72	60	0	6	6	2.64	2.42		4.21	3.18	0.06	0.07		0.00	0.00	LOS_A	1	0.10	32.15
1	7200-10800	114-1129@3.3-1130@26.0	1129	1130	279	266	0	8	5	4.53	4.40		7.39	7.27	0.21	0.22		0.00	0.00	LOS_A	1	0.41	55.19
1	7200-10800	114-1132@5.3-1125@21.0	1132	1125	256	252	0	3	1	47.94	47.77		76.70	5.44	40.30	40.17		64.49	0.00	LOS_D	4	12.04	67.86
1	7200-10800	114-1240: Western Fwy@6.0-1128@12.2	1240	1128	87	75	0	6	6	43.03	43.62		30.63	48.05	33.54	34.39		19.26	37.22	LOS_D	4	7.17	73.45
1	7200-10800	114-1240: Western Fwy@6.0-1130@26.0	1240	1130	344	328	0	6	6	7.00	6.91		3.58	9.79	2.82	2.82		0.70	3.17	LOS_A	1	7.17	73.45
1	7200-10800	114			1428	1358	5	30	27	16.94	16.93	9.38	17.35	17.27	11.79	11.90	0.93	10.44	10.80	LOS_B	2	4.84	107.32
1	7200-10800	115-1092: Western Fwy@41.4-1091@18.2	1092	1091	270	253	0	8	9	2.67	2.53		4.53	4.93	0.00	0.00		0.00	0.00	LOS_A	1	0.00	0.00
1	7200-10800	115-1092: Western Fwy@41.4-1093: Western Fwy@20.0	1092	1093	514	427	21	39	27	0.16	0.16	0.18	0.17	0.12	0.00	0.00	0.00	0.00	0.00	LOS_A	1	0.00	0.00
1	7200-10800	115			784	680	21	47	36	1.02	1.04	0.18	0.91	1.32	0.00	0.00	0.00	0.00	0.00	LOS_A	1	0.00	0.00
1	7200-10800	116-1134: Western Fwy@853.1-1137: Western Fwy@29.6	1134	1137	821	776	7	24	14	0.03	0.03	0.13	0.01	0.00	0.00	0.00	0.00	0.00	0.00	LOS_A	1	0.00	0.00
1	7200-10800	116-1139@39.2-1137: Western Fwy@29.6	1139	1137	159	135	0	12	12	0.63	0.54		1.22	1.01	0.00	0.00		0.00	0.00	LOS_A	1	0.00	0.00
1	7200-10800	116			980	911	7	36	26	0.13	0.10	0.13	0.41	0.47	0.00	0.00	0.00	0.00	0.00	LOS_A	1	0.00	0.00
1	7200-10800	117-1093: Western Fwy@887.1-1118: Western Fwy@20.0	1093	1118	514	427	21	39	27	0.03	0.03	0.02	0.03	0.00	0.00	0.00	0.00	0.00	0.00	LOS_A	1	0.00	0.00
1	7200-10800	117-1117@115.1-1118: Western Fwy@20.0	1117	1118	407	382	7	14	4	0.71	0.72	0.34	0.68	0.98	0.00	0.00	0.00	0.00	0.00	LOS_A	1	0.00	0.00
1	7200-10800	117			921	809	28	53	31	0.33	0.35	0.10	0.20	0.13	0.00	0.00	0.00	0.00	0.00	LOS_A	1	0.00	0.00
1	7200-10800	118-1135: Western Fwy@35.7-1134: Western Fwy@6.5	1135	1134	824	779	7	24	14	0.78	0.77	0.57	1.04	0.76	0.00	0.00	0.00	0.00	0.00	LOS_A	1	0.00	0.00
1	7200-10800	118-1135: Western Fwy@35.7-1136: Western Fwy@4.3	1135	1136	535	518	0	11	6	3.74	3.69		5.37	5.36	0.00	0.00		0.00	0.00	LOS_A	1	0.00	0.00
1	7200-10800	118			1359	1297	7	35	20	1.94	1.94	0.57	2.40	2.14	0.00	0.00	0.00	0.00	0.00	LOS_A	1	0.00	0.00
1	7200-10800	119-1090@228.7-1098@20.0	1090	1098	97	90	0	4	3	45.29	46.14		50.94	12.35	37.45	38.63		37.58	1.90	LOS_D	4	5.24	45.55
1	7200-10800	119-1090@228.7-1100@8.0	1090	1100	173	163	0	4	6	6.62	6.56		6.68	8.13	1.80	1.86		1.80	0.14	LOS_A	1	0.94	43.25
1	7200-10800	119-1114@10.9-1098@20.0	1114	1098	334	313	0	8	9	14.96	15.01		20.74	11.90	10.64	10.74		14.46	7.71	LOS_B	2	6.00	106.61
1	7200-10800	119-1114@10.9-1116@15.9	1114	1116	246	229	2	13	2	1.37	1.37	1.93	1.29	1.08	0.11	0.12	0.00	0.00	0.00	LOS_A	1	0.00	0.00
1	7200-10800	119-1237@6.9-1100@8.0	1237	1100	485	475	0	3	2	5.65	5.63		1.53	7.50	1.53	1.56		0.00	0.00	LOS_A	1	19.19	113.76
1	7200-10800	119-1237@6.9-1116@15.9	1237	1116	161	153	5	1	2	61.32	61.06	72.88	38.31	63.63	52.28	52.23	59.37	25.36	51.37	LOS_E	5	19.19	113.76
1	7200-10800	119			1496	1423	7	33	24	15.70	15.64	52.61	13.82	14.06	11.15	11.17	42.41	9.05	7.45	LOS_B	2	6.27	113.76
1	7200-10800	120-1100@12.7-1099@27.3	1100	1099	434	420	0	6	5	9.86	9.89		14.74	0.77	6.83	6.90		9.37	0.00	LOS_A	1	13.01	78.09
1	7200-10800	120-1100@12.7-1103@19.5	1100	1103	134	132	0	0	0	1.52	1.52				0.04	0.04				LOS_A	1	0.02	11.69
1	7200-10800	120-1100@12.7-1107@21.1	1100	1107	90	86	0	1	3	70.52	69.86		79.08	86.57	63.63	63.16		64.23	76.98	LOS_E	5	13.01	78.09
1	7200-10800	120-1106@32.8-1099@27.3	1106	1099	0	0	0	0	0											LOS_A		17.51	170.45
1	7200-10800	120-1106@32.8-1103@19.5	1106	1103	0	0	0	0	0											LOS_A		17.51	170.45
1	7200-10800	120-1106@32.8-1112@5.6	1106	1112	262	244	2	13	3	34.42	34.08	48.79	37.84	37.80	25.76	25.55	39.93	26.33	30.87	LOS_C	3	17.51	170.45
1	7200-10800	120-1184@12.8-1184@46.5	1184	1184	5	5	0	0	0	0.00	0.00				0.00	0.00				LOS_A	1	0.00	0.00
1	7200-10800	120-1186@9.2-1186@61.3	1186	1186	1	0	0	0	0	31.23					29.75					LOS_C	3	0.04	14.78
1	7200-10800	120-1189@5.6-1189@50.7	1189	1189	4	0	0	0	0	34.13					32.64					LOS_C	3	0.32	20.33
1	7200-10800	120-1190@11.3-1190@56.8	1190	1190	8	0	0	0	0	63.76					62.82					LOS_E	5	0.37	15.41
1	7200-10800	120-1191@12.4-1191@46.2	1191	1191	3	3	0	0	0	0.00	0.00				0.00	0.00				LOS_A	1	0.00	0.00
1	7200-10800	120-1192@6.0-1192@58.2	1192	1192	1	0	0	0	0	84.35					82.89					LOS_F	6	0.08	20.26
1	7200-10800	120-1193@13.6-1193@42.6	1193	1193	3	0	0	0	0	58.17					56.68					LOS_E	5	0.12	15.60
1	7200-10800	120-1194@0.7-1194@34.7	1194	1194	1	0	0	0	0	72.01					70.51					LOS_E	5	0.03	2.41
1	7200-10800	120-1236@14.1-1103@19.5	1236	1103	0	0	0	0	0											LOS_A		9.83	99.88
1	7200-10800	120-1236@14.1-1107@21.1	1236	1107	43	40	0	1	2	27.61	28.57		3.38	20.53	20.32	21.35		0.00	9.93	LOS_C	3	9.83	99.88
1	7200-10800	120-1236@14.1-1112@5.6	1236	1112	316	298	0	8	8	29.83	30.29		25.67	18.37	22.40	22.87		17.93	10.86	LOS_C	3	9.83	99.88
1	7200-10800	120-1239@4.2-1099@27.3	1239	1099	8	8	0	0	0	59.41	59.41				52.88	52.88				LOS_E	5	0.90	14.65
1	7200-10800	120-1239@4.2-1107@21.1	1239	1107	0	0	0	0	0											LOS_A		0.90	14.65
1	7200-10800	120-1239@4.2-11576@36.8	1239	11576	2	0	0	0	0	54.41					37.52					LOS_D	4	0.90	14.65
1	7200-10800	120			1315	1236	2	29	21	24.38	23.72	48.79	29.94	26.90	18.92	18.34	39.93	20.90	20.49	LOS_C	3	3.25	170.45
1	7200-10800	121			0	0	0	0	0											LOS_A			
1	7200-10800	122			0	0	0	0	0											LOS_A			
1	7200-10800	123			0	0	0	0	0											LOS_A			
1	7200-10800	124-1123@88.6-1122@4.7	1123	1122	6	6	0	0	0	2.18	2.18				1.12	1.12				LOS_A	1	0.01	5.92
1	7200-10800	124-1130@109.7-1122@4.7	1130	1122	596	566	0	14	11	0.34	0.20		0.43	0.38	0.00	0.00		0.00	0.00	LOS_A	1	0.94	35.25
1	7200-10800	124-1130@109.7-1180@8.5	1130	1180	28	28	0	0	0	0.89	0.89				0.10	0.10				LOS_A	1	0.94	35.25
1	7200-10800	124			630	600	0	14	11	0.39	0.26		0.43	0.38	0.01	0.02		0.00	0.00	LOS_A	1	0.48	35.25
1	7200-10800	125			0	0	0	0	0											LOS_A			
1	7200-10800	244-1156@962.0-1223@12.7	1156	1223	0	0	0	0	0											LOS_A		0.00	0.00
1	7200-10800	244-1156@962.0-1224@15.7	1156	1224	220	205	0	7	8	0.04	0.04		0.09	0.00	0.00	0.00		0.00	0.00	LOS_A	1	0.00	0.00
1	7200-10800	244-1221@50.0-1224@15.7	1221	1224	0	0	0	0	0											LOS_A		0.00	0.00
1	7200-10800	244-1221@50.0-1225@11.6	1221	1225	0	0	0	0	0											LOS_A		0.00	0.00
1	7200-10800	244-1227@99.3-1223@12.7	1227	1223	0	0	0	0	0											LOS_A		0.00	0.00
1	7200-10800	244-1227@99.3-1225@11.6	1227	1225	141	131	0	4	6	0.04	0.04		0.00	0.00	0.00	0.00		0.00	0.00	LOS_A	1	0.00	0.00
1	7200-10800	244			361	336	0	11	14	0.04	0.04		0.05	0.00	0.00	0.00		0.00	0.00	LOS_A	1	0.00	0.00
1	7200-10800	245			0	0	0	0	0											LOS_A			
1	7200-10800	246-1224@100.1-1229@17.2	1224	1229	21	21	0	0	0	0.27	0.27				0.00	0.00				LOS_A	1	0.00	0.00
1	7200-10800	246-1224@100.1-1230@17.9	1224	1230	199	184	0	7	8	0.11	0.12		0.03	0.00	0.00	0.00		0.00	0.00	LOS_A	1	0.00	0.00
1	7200-10800	246-1228@93.7-1227@14.9	1228	1227	8	8	0	0	0	3.86	3.86				0.43	0.43				LOS_A	1	0.06	17.31
1	7200-10800	246-1228@93.7-1230@17.9	1228	1230	36	36	0	0	0	3.20	3.20				0.30	0.30				LOS_A	1	0.07	17.36
1	7200-10800	246-1235@217.9-1227@14.9	1235	1227	133	123	0	4	6	0.54	0.58		0.01	0.00	0.10	0.11		0.00	0.00	LOS_A	1	0.00	0.00
1	7200-10800	246-1235@217.9-1229@17.2	1235	1229	25	25	0	0	0	2.84	2.84				1.01	1.01				LOS_A	1	0.11	18.03
1	7200-10800	246			422	397	0	11	14	0.75	0.80		0.02	0.00	0.13	0.13		0.00	0.00	LOS_A	1	0.05	18.03
1	7200-10800	247			0	0	0	0	0											LOS_A			
1	7200-10800	248-1152@193.7-1233@16.5	1152	1233	24	24	0	0	0	4.64	4.64				1.72	1.72				LOS_A	1	0.15	18.72
1	7200-10800	248-1152@193.7-1235@13.8	1152	1235	157	147	0	4	6	0.75	0.80		0.02	0.06	0.18	0.19		0.00	0.00	LOS_A	1	0.00	0.00
1	7200-10800	248-1230@222.2-1233@16.5	1230	1233	3	3	0	0	0	0.16	0.16				0.00	0.00				LOS_A	1	0.00	0.00
1	7200-10800	248-1230@222.2-1234@16.0	1230	1234	232	217	0	7	8	0.05	0.05		0.06	0.02	0.00	0.00		0.00	0.00	LOS_A	1	0.00	0.00
1	7200-10800	248-1232@78.7-1234@16.0	1232	1234	32	32	0	0	0	1.08	1.08				0.07	0.07				LOS_A	1	0.01	5.46
1	7200-10800	248-1232@78.7-1235@13.8	1232	1235	1	1	0	0	0	3.83	3.83				0.00	0.00				LOS_A	1	0.00	0.00
1	7200-10800	248			449	424	0	11	14	0.62	0.66		0.05	0.04	0.16	0.17		0.00	0.00	LOS_A	1	0.03	18.72
1	7200-10800	249			0	0	0	0	0											LOS_A			
1	7200-10800	312-2419@3.3-24810@22.1	2419	24810	576	527	0	42	7	38.52	38.38		41.59	31.18	28.23	28.25		29.19	21.27	LOS_D	4	25.98	174.83
1	7200-10800	312-2420@4.1-2422@13.2	2420	2422	476	439	2	31	4	9.65	9.23	30.48	12.86	19.73	3.73	3.49	20.43	6.00	4.36	LOS_A	1	8.61	167.22
1	7200-10800	312-2475@44.5-2391@3.4	2475	2391	236	161	12	42	21	45.63	44.03	55.37	43.93	55.75	34.46	33.81	40.42	31.74	41.50	LOS_D	4	14.96	97.43
1	7200-10800	312-2475@44.5-2422@13.2	2475	2422	21	21	0	0	0	4.53	4.53				0.00	0.00				LOS_A	1	0.00	0.00
1	7200-10800	312-2527@16.1-2391@3.4	2527	2391	332	316	2	13	1	25.94	25.64	34.23	29.52	58.27	18.11	18.12	11.12	17.23	41.47	LOS_C	3	6.17	79.47
1	7200-10800	312-2527@16.1-24810@22.1	2527	24810	165	159	0	4	2	10.37	10.56		2.19	11.00	6.52	6.72		0.00	3.69	LOS_B	2	1.63	31.06
1	7200-10800	312			1806	1623	16	132	35	26.56	25.41	49.62	33.21	44.24	18.42	17.66	34.26	22.49	31.05	LOS_C	3	9.56	174.83
1	7200-10800	313-2394@59.8-2414@34.7	2394	2414	417	407	0	9	1	19.18	19.29		13.09	26.45	12.28	12.43		5.64	12.39	LOS_B	2	6.90	77.14
1	7200-10800	313-2394@59.8-2418@36.3	2394	2418	123	118	0	4	1	49.28	50.01		24.04	64.40	41.10	42.13		8.77	49.43	LOS_D	4	8.52	77.34
1	7200-10800	313-2401@29.1-2389@16.1	2401	2389	519	504	2	13	0	10.36	10.46	1.63	8.04		2.01	2.03	0.00	1.67		LOS_B	2	1.76	107.64
1	7200-10800	313-2401@29.1-2418@36.3	2401	2418	929	848	2	69	10	16.43	16.31	29.01	17.62	16.56	6.23	6.15	21.07	6.97	4.41	LOS_B	2	14.23	141.07
1	7200-10800	313-2416@14.9-2389@16.1	2416	2389	63	48	2	12	1	57.57	56.07	65.17	62.62	53.83	46.95	46.32	51.35	49.22	41.20	LOS_E	5	5.23	67.95
1	7200-10800	313-2416@14.9-2414@34.7	2416	2414	505	429	12	43	21	5.22	5.28	3.54	5.31	4.97	1.92	2.18	0.15	0.56	0.41	LOS_A	1	5.23	67.95
1	7200-10800	313			2556	2354	18	150	34	16.03	16.06	13.01	16.76	12.19	8.19	8.25	8.14	8.02	4.58	LOS_B	2	7.33	141.07
1	7200-10800	314-2403@220.3-2402@17.0	2403	2402	35	35	0	0	0	14.71	14.71				8.75	8.75				LOS_B	2	0.38	17.23
1	7200-10800	314-2403@220.3-2424@24.2	2403	2424	18	18	0	0	0	51.88	51.88				45.23	45.23				LOS_D	4	1.34	18.48
1	7200-10800	314-2409@18.3-2410@13.9	2409	2410	20	20	0	0	0	67.17	67.17				60.52	60.52				LOS_E	5	3.21	55.97
1	7200-10800	314-2409@18.3-2424@24.2	2409	2424	902	816	12	52	22	3.73	3.86	2.92	2.26	2.54	1.32	1.43	0.00	0.24	0.47	LOS_A	1	3.21	55.97
1	7200-10800	314-2413@40.6-2402@17.0	2413	2402	1413	1317	4	82	10	9.55	9.66	0.94	7.85	13.10	3.57	3.64	0.00	2.42	5.29	LOS_A	1	11.45	147.87
1	7200-10800	314-2413@40.6-2410@13.9	2413	2410	0	0	0	0	0											LOS_A		0.00	0.00
1	7200-10800	314-2517@5.7-2517@54.4	2517	2517	2	0	0	0	0	0.00					0.00					LOS_A	1	0.00	2.58
1	7200-10800	314			2390	2206	16	134	32	8.22	8.46	2.43	5.68	5.84	3.59	3.76	0.00	1.57	1.98	LOS_A	1	2.73	147.87
1	7200-10800	315-2424@32.6-2426@30.8	2424	2426	874	816	5	37	16	7.21	6.90	9.97	11.51	12.21	4.19	4.06	3.34	6.25	5.95	LOS_A	1	5.09	101.41
1	7200-10800	315-2424@32.6-2434@37.0	2424	2434	10	10	0	0	0	67.51	67.51				61.28	61.28				LOS_E	5	5.09	101.41
1	7200-10800	315-2424@32.6-2439@33.6	2424	2439	36	8	7	15	6	11.62	17.19	5.57	11.77	10.89	6.98	11.49	1.52	7.25	6.67	LOS_B	2	5.09	101.41
1	7200-10800	315-2430@18.6-2413@31.6	2430	2413	148	127	0	17	4	14.90	14.44		19.21	11.20	5.98	5.93		7.13	2.46	LOS_B	2	2.37	47.00
1	7200-10800	315-2430@18.6-2426@30.8	2430	2426	16	16	0	0	0	46.21	46.21				36.53	36.53				LOS_D	4	1.07	43.03
1	7200-10800	315-2430@18.6-2439@33.6	2430	2439	0	0	0	0	0											LOS_A		1.07	43.03
1	7200-10800	315-2438@12.4-2413@31.6	2438	2413	104	57	4	39	4	192.85	195.65	231.96	190.21	139.72	171.19	174.94	204.72	167.39	121.26	LOS_F	6	64.33	270.51
1	7200-10800	315-2438@12.4-2426@30.8	2438	2426	0	0	0	0	0											LOS_A		64.33	270.51
1	7200-10800	315-2438@12.4-2434@37.0	2438	2434	25	22	0	1	2	123.67	124.05		126.70	118.03	106.08	106.92		114.07	92.82	LOS_F	6	64.33	270.51
1	7200-10800	315-2442@2.5-2413@31.6	2442	2413	1161	1133	0	26	2	13.20	13.07		16.48	42.95	6.73	6.66		7.87	29.11	LOS_B	2	8.73	160.11
1	7200-10800	315-2442@2.5-2434@37.0	2442	2434	10	7	0	2	1	5.39	3.75		6.21	15.16	2.22	2.30		1.53	3.01	LOS_A	1	8.73	160.11
1	7200-10800	315-2442@2.5-2439@33.6	2442	2439	4	4	0	0	0	91.21	91.21				84.99	84.99				LOS_F	6	8.73	160.11
1	7200-10800	315			2388	2200	16	137	35	20.61	17.31	63.54	65.07	34.33	14.50	11.63	52.89	53.37	25.06	LOS_C	3	16.32	270.51
1	7200-10800	316			0	0	0	0	0											LOS_A			
1	7200-10800	317			0	0	0	0	0											LOS_A			
1	7200-10800	318			0	0	0	0	0											LOS_A			
1	7200-10800	319			0	0	0	0	0											LOS_A			
1	7200-10800	320			0	0	0	0	0											LOS_A			
1	7200-10800	322-2388@109.5-2387: Western Fwy  Deer Park Byp@24.8	2388	2387	582	552	4	25	1	0.11	0.11	0.20	0.14	0.08	0.00	0.00	0.00	0.00	0.00	LOS_A	1	0.00	0.00
1	7200-10800	322-2397: Western Fwy  Deer Park Byp@856.0-2387: Western Fwy  Deer Park Byp@24.8	2397	2387	1142	1080	3	56	3	0.10	0.10	0.27	0.09	0.02	0.00	0.00	0.00	0.00	0.00	LOS_A	1	0.00	0.00
1	7200-10800	322			1724	1632	7	81	4	0.10	0.10	0.23	0.11	0.03	0.00	0.00	0.00	0.00	0.00	LOS_A	1	0.00	0.00
1	7200-10800	323-2479: Western Fwy  Deer Park Byp@45.2-2477@22.4	2479	2477	257	182	12	42	21	2.66	1.94	4.76	4.31	4.34	0.00	0.00	0.00	0.00	0.00	LOS_A	1	0.00	0.00
1	7200-10800	323-2479: Western Fwy  Deer Park Byp@45.2-2478: Western Fwy  Deer Park Byp@23.8	2479	2478	890	713	19	96	62	0.27	0.27	0.17	0.31	0.24	0.00	0.00	0.00	0.00	0.00	LOS_A	1	0.00	0.00
1	7200-10800	323			1147	895	31	138	83	0.81	0.61	1.95	1.53	1.27	0.00	0.00	0.00	0.00	0.00	LOS_A	1	0.00	0.00
1	7200-10800	324-2478: Western Fwy  Deer Park Byp@815.7-2483: Western Fwy  Deer Park Byp@32.3	2478	2483	891	714	19	96	62	0.42	0.41	0.41	0.44	0.45	0.00	0.00	0.00	0.00	0.00	LOS_A	1	0.00	0.00
1	7200-10800	324-2485@71.7-2483: Western Fwy  Deer Park Byp@32.3	2485	2483	741	686	0	46	9	7.95	7.98		7.05	9.69	0.05	0.05		0.02	0.22	LOS_A	1	0.00	0.00
1	7200-10800	324			1632	1400	19	142	71	3.83	4.12	0.41	2.58	1.62	0.02	0.02	0.00	0.01	0.03	LOS_A	1	0.00	0.00
1	7200-10800	325-2398: Western Fwy  Deer Park Byp@30.6-2385@22.8	2398	2385	540	525	0	13	2	3.24	3.16		5.79	6.25	0.09	0.09		0.00	0.00	LOS_A	1	0.50	59.36
1	7200-10800	325-2398: Western Fwy  Deer Park Byp@30.6-2397: Western Fwy  Deer Park Byp@22.6	2398	2397	1142	1080	3	56	3	1.05	1.06	0.08	0.84	0.05	0.16	0.17	0.00	0.00	0.00	LOS_A	1	0.50	59.36
1	7200-10800	325			1682	1605	3	69	5	1.75	1.75	0.08	1.77	2.53	0.14	0.14	0.00	0.00	0.00	LOS_A	1	0.50	59.36
1	7200-10800	326-2502: Western Fwy  Deer Park Byp@2131.3-2513: Western Fwy  Deer Park Byp@18.8	2502	2513	812	762	3	44	3	0.23	0.23	0.08	0.22	0.35	0.00	0.00	0.00	0.00	0.00	LOS_A	1	0.00	0.00
1	7200-10800	326-2514: Western Fwy  Deer Park Byp@123.8-2513: Western Fwy  Deer Park Byp@18.8	2514	2513	870	843	0	25	2	1.24	1.21		2.16	1.73	0.00	0.00		0.00	0.00	LOS_A	1	0.00	0.00
1	7200-10800	326			1682	1605	3	69	5	0.75	0.74	0.08	0.92	0.90	0.00	0.00	0.00	0.00	0.00	LOS_A	1	0.00	0.00
1	7200-10800	327-2505: Western Fwy  Deer Park Byp@33.7-2506: Western Fwy  Deer Park Byp@21.2	2505	2506	984	810	15	99	60	1.13	1.12	1.42	1.27	1.05	0.08	0.09	0.12	0.06	0.00	LOS_A	1	0.22	26.84
1	7200-10800	327-2505: Western Fwy  Deer Park Byp@33.7-2508: Western Fwy  Deer Park Byp@13.2	2505	2508	647	589	4	43	11	2.55	2.27	4.86	4.25	9.92	0.09	0.03	0.00	0.00	3.42	LOS_A	1	0.22	26.84
1	7200-10800	327			1631	1399	19	142	71	1.69	1.60	2.14	2.17	2.42	0.08	0.06	0.09	0.04	0.53	LOS_A	1	0.22	26.84
1	10800-14400	43-28: Troups Rd N@6.9-13: Western Hwy@23.8	28	13	7	7	0	0	0	0.10	0.10				0.00	0.00				LOS_A	1	0.00	0.00
1	10800-14400	43-609: Western Hwy@95.9-13: Western Hwy@23.8	609	13	1772	1712	5	37	18	1.25	1.25	1.32	1.44	0.94	0.00	0.00	0.00	0.00	0.00	LOS_A	1	0.00	0.00
1	10800-14400	43-609: Western Hwy@95.9-27: Troups Rd N@5.6	609	27	156	154	0	0	0	1.57	1.55				0.00	0.00				LOS_A	1	0.00	0.00
1	10800-14400	43-944: Western Hwy@45.8-73: Western Hwy@23.3	944	73	1177	1064	12	58	41	0.08	0.08	0.02	0.07	0.08	0.00	0.00	0.00	0.00	0.00	LOS_A	1	0.00	0.00
1	10800-14400	43			3112	2937	17	95	59	0.82	0.84	0.40	0.61	0.35	0.00	0.00	0.00	0.00	0.00	LOS_A	1	0.00	0.00
1	10800-14400	44-15@3.2-243: Ferris Rd  Melton Hwy@24.7	15	243	450	416	0	18	14	30.66	30.45		32.52	30.27	21.32	21.34		20.89	18.42	LOS_C	3	13.62	76.55
1	10800-14400	44-421: Ferris Rd@65.5-20@13.7	421	20	32	30	0	2	0	1.89	1.79		3.44		0.00	0.00		0.00		LOS_A	1	0.05	14.16
1	10800-14400	44-421: Ferris Rd@65.5-243: Ferris Rd  Melton Hwy@24.7	421	243	362	340	0	12	10	37.96	38.39		30.46	32.46	24.14	24.58		16.75	18.13	LOS_D	4	12.98	99.93
1	10800-14400	44-682@3.6-420: Ferris Rd@19.2	682	420	234	227	0	5	2	0.26	0.26		0.16	0.13	0.00	0.00		0.00	0.00	LOS_A	1	3.08	64.60
1	10800-14400	44-10393@15.0-19@37.7	10393	19	202	200	0	2	0	46.75	46.60		61.68		34.83	34.71		46.30		LOS_D	4	26.30	226.25
1	10800-14400	44-10393@15.0-420: Ferris Rd@19.2	10393	420	252	245	0	5	2	26.30	26.49		23.73	9.01	15.45	15.67		10.72	0.50	LOS_C	3	26.30	226.25
1	10800-14400	44			1532	1458	0	44	28	28.54	28.56		27.29	27.38	19.10	19.21		16.43	15.72	LOS_C	3	11.21	226.25
1	10800-14400	45-499: Zone connector@162.8-95: Melton Hwy@35.1	499	95	61	61	0	0	0	26.73	26.73				19.80	19.80				LOS_C	3	2.25	32.64
1	10800-14400	45-499: Zone connector@162.8-307: Melton Hwy@9.5	499	307	80	77	0	2	1	2.27	2.32		1.09	1.19	0.39	0.40		0.00	0.00	LOS_A	1	0.02	5.89
1	10800-14400	45-677: Melton Hwy@21.4-307: Melton Hwy@9.5	677	307	416	407	0	6	3	9.40	9.33		8.78	19.93	4.28	4.31		1.52	5.87	LOS_A	1	2.72	47.03
1	10800-14400	45-677: Melton Hwy@21.4-500: Zone connector@16.0	677	500	45	45	0	0	0	1.76	1.76				0.04	0.04				LOS_A	1	0.00	6.38
1	10800-14400	45-680: Melton Hwy@11.3-95: Melton Hwy@35.1	680	95	483	463	0	11	9	3.06	3.10		2.83	1.40	0.95	0.99		0.00	0.00	LOS_A	1	5.76	42.42
1	10800-14400	45-680: Melton Hwy@11.3-363: Gateway Dr@7.0	680	363	3	3	0	0	0	2.00	2.00				0.00	0.00				LOS_A	1	0.00	0.00
1	10800-14400	45-680: Melton Hwy@11.3-500: Zone connector@16.0	680	500	97	92	0	5	0	37.10	37.17		35.78		28.01	28.28		23.07		LOS_D	4	5.76	42.42
1	10800-14400	45-681: Gateway Dr@258.9-95: Melton Hwy@35.1	681	95	0	0	0	0	0											LOS_A		0.00	0.00
1	10800-14400	45			1185	1148	0	24	13	9.19	9.19		11.04	5.66	5.23	5.27		5.19	1.35	LOS_A	1	1.54	47.03
1	10800-14400	46-12: Hopkins Rd@73.6-44: Hopkins Rd@23.1	12	44	374	353	0	10	11	2.37	2.34		1.89	4.05	0.14	0.14		0.00	0.00	LOS_A	1	0.23	26.72
1	10800-14400	46-12: Hopkins Rd@73.6-104@37.0	12	104	157	145	0	5	7	1.52	1.45		0.48	3.57	0.00	0.00		0.00	0.00	LOS_A	1	0.12	26.72
1	10800-14400	46-12: Hopkins Rd@73.6-428@34.4	12	428	8	8	0	0	0	1.65	1.65				0.00	0.00				LOS_A	1	0.23	26.72
1	10800-14400	46-12: Hopkins Rd@73.6-1243: Hopkins Rd@4.3	12	1243	0	0	0	0	0											LOS_A		0.23	26.72
1	10800-14400	46-255: Hopkins Rd@17.0-44: Hopkins Rd@23.1	255	44	0	0	0	0	0											LOS_A		0.03	12.36
1	10800-14400	46-255: Hopkins Rd@17.0-104@37.0	255	104	58	54	0	0	2	1.59	1.37			8.73	0.03	0.03			0.00	LOS_A	1	0.03	12.36
1	10800-14400	46-255: Hopkins Rd@17.0-428@34.4	255	428	12	12	0	0	0	1.61	1.61				0.00	0.00				LOS_A	1	0.03	12.36
1	10800-14400	46-255: Hopkins Rd@17.0-1243: Hopkins Rd@4.3	255	1243	296	277	1	8	10	0.91	0.88	0.29	0.89	1.94	0.03	0.03	0.00	0.00	0.00	LOS_A	1	0.03	12.36
1	10800-14400	46-257@11.2-44: Hopkins Rd@23.1	257	44	86	85	0	1	0	5.78	5.82		2.67		1.25	1.26		0.00		LOS_A	1	1.58	60.21
1	10800-14400	46-257@11.2-104@37.0	257	104	0	0	0	0	0											LOS_A		1.58	60.21
1	10800-14400	46-257@11.2-428@34.4	257	428	0	0	0	0	0											LOS_A		1.58	60.21
1	10800-14400	46-257@11.2-1243: Hopkins Rd@4.3	257	1243	149	144	0	4	1	8.90	9.00		7.47	0.00	3.29	3.33		2.48	0.00	LOS_A	1	1.73	63.00
1	10800-14400	46-429@91.6-44: Hopkins Rd@23.1	429	44	23	23	0	0	0	4.77	4.77				1.62	1.62				LOS_A	1	0.09	11.80
1	10800-14400	46-429@91.6-104@37.0	429	104	14	14	0	0	0	3.25	3.25				1.73	1.73				LOS_A	1	0.09	11.80
1	10800-14400	46-429@91.6-428@34.4	429	428	0	0	0	0	0											LOS_A		0.09	11.80
1	10800-14400	46-429@91.6-1243: Hopkins Rd@4.3	429	1243	17	17	0	0	0	4.21	4.21				1.60	1.60				LOS_A	1	0.09	11.80
1	10800-14400	46			1194	1132	1	28	31	2.99	3.01	0.29	2.18	3.43	0.63	0.65	0.00	0.36	0.00	LOS_A	1	0.56	63.00
1	10800-14400	47-4: Caroline Springs Blvd@6.8-212: Caroline Springs Blvd@4.6	4	212	422	396	0	12	8	2.06	1.84		1.95	0.90	0.31	0.33		0.00	0.00	LOS_A	1	0.15	24.16
1	10800-14400	47-4: Caroline Springs Blvd@6.8-446@6.0	4	446	0	0	0	0	0											LOS_A		0.00	0.00
1	10800-14400	47-447@32.5-212: Caroline Springs Blvd@4.6	447	212	0	0	0	0	0											LOS_A		0.00	0.00
1	10800-14400	47-887: Caroline Springs Blvd@16.4-212: Caroline Springs Blvd@4.6	887	212	3	3	0	0	0	7.78	7.78				0.98	0.98				LOS_A	1	0.01	6.17
1	10800-14400	47-887: Caroline Springs Blvd@16.4-448@12.1	887	448	846	822	0	12	6	0.41	0.41		0.24	0.51	0.00	0.00		0.00	0.00	LOS_A	1	0.00	0.00
1	10800-14400	47			1271	1221	0	24	14	0.98	0.89		1.09	0.74	0.11	0.11		0.00	0.00	LOS_A	1	0.03	24.16
1	10800-14400	48-67: Meskos Rd@199.5-12: Hopkins Rd@2.0	67	12	2	2	0	0	0	2.58	2.58				0.00	0.00				LOS_A	1	0.00	5.97
1	10800-14400	48-67: Meskos Rd@199.5-252: Hopkins Rd@3.1	67	252	0	0	0	0	0											LOS_A		0.00	0.00
1	10800-14400	48-251: Hopkins Rd@11.8-12: Hopkins Rd@2.0	251	12	537	504	0	15	18	0.04	0.03		0.12	0.09	0.00	0.00		0.00	0.00	LOS_A	1	0.00	0.00
1	10800-14400	48-251: Hopkins Rd@11.8-66: Meskos Rd@6.0	251	66	0	0	0	0	0											LOS_A		0.00	0.00
1	10800-14400	48-1243: Hopkins Rd@76.3-66: Meskos Rd@6.0	1243	66	0	0	0	0	0											LOS_A		0.32	56.99
1	10800-14400	48-1243: Hopkins Rd@76.3-252: Hopkins Rd@3.1	1243	252	462	438	1	12	11	0.73	0.75	0.03	0.11	0.56	0.28	0.29	0.00	0.00	0.00	LOS_A	1	0.27	50.05
1	10800-14400	48			1001	944	1	27	29	0.36	0.37	0.03	0.11	0.27	0.13	0.14	0.00	0.00	0.00	LOS_A	1	0.12	56.99
1	10800-14400	49-351: Delma Rd@85.2-352: Eucumbene Dr@37.8	351	352	0	0	0	0	0											LOS_A		0.00	0.00
1	10800-14400	49-351: Delma Rd@85.2-506: Zone connector@80.7	351	506	16	16	0	0	0	1.10	1.10				0.00	0.00				LOS_A	1	0.00	6.08
1	10800-14400	49-353: Eucumbene Dr@275.9-350: Delma Rd@23.2	353	350	0	0	0	0	0											LOS_A		0.00	0.00
1	10800-14400	49-353: Eucumbene Dr@275.9-506: Zone connector@80.7	353	506	41	41	0	0	0	0.00	0.00				0.00	0.00				LOS_A	1	0.00	0.00
1	10800-14400	49-505: Zone connector@77.8-350: Delma Rd@23.2	505	350	35	35	0	0	0	0.17	0.17				0.00	0.00				LOS_A	1	0.00	0.00
1	10800-14400	49-505: Zone connector@77.8-352: Eucumbene Dr@37.8	505	352	5	5	0	0	0	0.00	0.00				0.00	0.00				LOS_A	1	0.00	0.00
1	10800-14400	49			97	97	0	0	0	0.24	0.24				0.00	0.00				LOS_A	1	0.00	6.08
1	10800-14400	50-115: Western Hwy@22.9-209: Ballarat Rd  Western Hwy@28.7	115	209	334	310	1	12	11	39.89	38.68	66.08	64.07	45.32	31.27	30.50	45.87	49.57	31.60	LOS_D	4	13.96	110.05
1	10800-14400	50-115: Western Hwy@22.9-283: Christies Rd@7.9	115	283	22	22	0	0	0	64.34	64.34				55.34	55.34				LOS_E	5	13.96	110.05
1	10800-14400	50-461: Ballarat Rd  Western Hwy@7.1-114: Western Hwy@17.3	461	114	532	518	0	6	8	23.27	23.13		11.75	41.02	15.85	15.72		7.09	30.30	LOS_C	3	18.37	157.35
1	10800-14400	50-461: Ballarat Rd  Western Hwy@7.1-215: Caroline Springs Blvd@5.8	461	215	313	310	0	2	1	41.54	41.38		59.22	55.59	27.56	27.42		43.86	37.91	LOS_D	4	18.37	157.35
1	10800-14400	50-648: Christies Rd@37.8-114: Western Hwy@17.3	648	114	19	19	0	0	0	72.04	72.04				63.21	63.21				LOS_E	5	45.12	208.67
1	10800-14400	50-648: Christies Rd@37.8-209: Ballarat Rd  Western Hwy@28.7	648	209	64	55	1	4	4	94.63	97.33	9.86	90.35	82.89	79.68	82.60	0.00	74.95	64.28	LOS_F	6	45.12	208.67
1	10800-14400	50-648: Christies Rd@37.8-215: Caroline Springs Blvd@5.8	648	215	488	469	0	9	4	66.46	66.74		44.04	61.01	55.13	55.46		33.25	49.62	LOS_E	5	45.12	208.67
1	10800-14400	50-649@8.2-283: Christies Rd@7.9	649	283	49	38	0	6	5	2.00	1.98		2.07	2.10	0.40	0.52		0.00	0.00	LOS_A	1	0.04	6.03
1	10800-14400	50-651@22.8-215: Caroline Springs Blvd@5.8	651	215	48	46	0	1	1	0.85	0.82		1.08	1.82	0.00	0.00		0.00	0.00	LOS_A	1	0.00	6.06
1	10800-14400	50-652: Caroline Springs Blvd@21.4-114: Western Hwy@17.3	652	114	24	22	0	1	1	76.70	74.70		151.02	46.22	65.64	64.25		130.20	31.68	LOS_E	5	13.67	107.90
1	10800-14400	50-652: Caroline Springs Blvd@21.4-209: Ballarat Rd  Western Hwy@28.7	652	209	178	177	0	1	0	7.47	7.41		18.18		1.43	1.44		0.00		LOS_A	1	0.94	74.56
1	10800-14400	50-652: Caroline Springs Blvd@21.4-283: Christies Rd@7.9	652	283	223	200	0	10	7	57.54	57.10		58.95	55.55	47.12	47.15		45.43	40.40	LOS_E	5	13.67	107.90
1	10800-14400	50			2294	2186	2	52	42	41.90	41.50	37.97	47.84	45.37	32.38	32.11	22.94	36.71	33.29	LOS_D	4	13.16	208.67
1	10800-14400	51-7: Ballarat Rd  Western Hwy@16.6-10: Ballarat Rd  Western Hwy@18.5	7	10	34	33	0	0	1	213.65	212.55			250.13	196.09	195.08			229.36	LOS_F	6	52.09	164.50
1	10800-14400	51-7: Ballarat Rd  Western Hwy@16.6-385: Chisholm Dr@11.7	7	385	23	23	0	0	0	238.38	238.38				216.69	216.69				LOS_F	6	52.09	164.50
1	10800-14400	51-7: Ballarat Rd  Western Hwy@16.6-670: Ballarat Rd  Western Hwy@1.4	7	670	60	59	0	1	0	256.87	257.53		218.10		227.34	228.15		179.11		LOS_F	6	52.09	164.50
1	10800-14400	51-7: Ballarat Rd  Western Hwy@16.6-671: Panamax Rd@7.5	7	671	0	0	0	0	0											LOS_A		52.09	164.50
1	10800-14400	51-347: Panamax Rd@4.8-10: Ballarat Rd  Western Hwy@18.5	347	10	201	196	0	2	3	100.38	99.81		98.69	138.83	82.88	82.48		81.58	109.76	LOS_F	6	11.38	108.98
1	10800-14400	51-347: Panamax Rd@4.8-385: Chisholm Dr@11.7	347	385	43	43	0	0	0	54.73	54.73				43.77	43.77				LOS_D	4	11.38	108.98
1	10800-14400	51-347: Panamax Rd@4.8-670: Ballarat Rd  Western Hwy@1.4	347	670	98	94	0	2	2	8.55	8.33		6.93	20.64	2.85	2.83		0.00	6.72	LOS_A	1	0.04	25.32
1	10800-14400	51-360: Ballarat Rd  Western Hwy@55.2-10: Ballarat Rd  Western Hwy@18.5	360	10	466	435	2	15	14	29.45	29.51	27.71	27.19	30.28	17.88	18.18	0.15	13.65	15.57	LOS_C	3	14.32	159.63
1	10800-14400	51-360: Ballarat Rd  Western Hwy@55.2-385: Chisholm Dr@11.7	360	385	71	68	0	2	1	23.65	23.76		13.90	36.06	12.84	13.12		1.59	16.66	LOS_C	3	14.32	159.63
1	10800-14400	51-360: Ballarat Rd  Western Hwy@55.2-671: Panamax Rd@7.5	360	671	39	39	0	0	0	61.39	61.39				51.47	51.47				LOS_E	5	14.32	159.63
1	10800-14400	51-673: Chisholm Dr@12.9-10: Ballarat Rd  Western Hwy@18.5	673	10	67	67	0	0	0	7.92	7.92				4.33	4.33				LOS_A	1	2.40	44.06
1	10800-14400	51-673: Chisholm Dr@12.9-670: Ballarat Rd  Western Hwy@1.4	673	670	34	34	0	0	0	86.58	86.58				67.51	67.51				LOS_F	6	5.99	44.75
1	10800-14400	51-673: Chisholm Dr@12.9-671: Panamax Rd@7.5	673	671	32	32	0	0	0	71.80	71.80				57.44	57.44				LOS_E	5	5.99	44.75
1	10800-14400	51-885: Ballarat Rd  Western Hwy@6.9-10: Ballarat Rd  Western Hwy@18.5	885	10	0	0	0	0	0											LOS_A		19.04	134.33
1	10800-14400	51-885: Ballarat Rd  Western Hwy@6.9-385: Chisholm Dr@11.7	885	385	101	99	0	1	1	70.62	70.98		11.70	94.10	58.52	58.90		0.00	79.40	LOS_E	5	19.04	134.33
1	10800-14400	51-885: Ballarat Rd  Western Hwy@6.9-670: Ballarat Rd  Western Hwy@1.4	885	670	683	660	0	11	12	30.60	30.43		42.86	28.52	17.85	17.81		28.00	10.58	LOS_C	3	19.04	134.33
1	10800-14400	51-885: Ballarat Rd  Western Hwy@6.9-671: Panamax Rd@7.5	885	671	183	174	0	4	5	28.02	27.88		21.27	38.41	14.86	14.99		7.53	16.13	LOS_C	3	19.04	134.33
1	10800-14400	51			2135	2056	2	38	39	50.70	51.05	27.71	37.71	46.06	37.75	38.24	0.15	23.38	28.04	LOS_D	4	15.04	164.50
1	10800-14400	52-198: Melton Hwy@69.6-182@11.5	198	182	235	227	0	3	3	2.83	2.76		3.58	5.63	0.03	0.03		0.00	0.00	LOS_A	1	0.00	0.00
1	10800-14400	52-198: Melton Hwy@69.6-308: Ferris Rd  Melton Hwy@20.5	198	308	448	439	0	7	2	1.08	1.06		2.57	0.11	0.01	0.01		0.00	0.00	LOS_A	1	0.00	0.00
1	10800-14400	52-339@366.5-200: Melton Hwy@21.7	339	200	192	188	0	2	2	0.28	0.29		0.20	0.17	0.00	0.00		0.00	0.00	LOS_A	1	0.00	0.00
1	10800-14400	52-339@366.5-308: Ferris Rd  Melton Hwy@20.5	339	308	6	6	0	0	0	24.17	24.17				13.02	13.02				LOS_C	3	0.11	12.06
1	10800-14400	52-956: Ferris Rd  Melton Hwy@55.3-182@11.5	956	182	186	166	0	9	11	12.31	12.45		13.42	9.37	4.91	5.09		5.17	1.98	LOS_B	2	3.45	61.60
1	10800-14400	52-956: Ferris Rd  Melton Hwy@55.3-200: Melton Hwy@21.7	956	200	626	590	0	21	13	1.08	1.01		2.53	1.78	0.11	0.12		0.00	0.00	LOS_A	1	0.27	32.76
1	10800-14400	52			1693	1616	0	42	31	2.55	2.45		4.84	4.63	0.63	0.62		1.11	0.70	LOS_A	1	0.77	61.60
1	10800-14400	53-899: Melton Hwy@13.5-199: Melton Hwy@15.7	899	199	0	0	0	0	0											LOS_A		0.23	21.33
1	10800-14400	53-899: Melton Hwy@13.5-301: High St@21.5	899	301	39	39	0	0	0	3.46	3.46				0.46	0.46				LOS_A	1	0.23	21.33
1	10800-14400	53-899: Melton Hwy@13.5-305: Melton Hwy@15.3	899	305	451	426	0	16	9	1.98	1.99		1.80	1.52	0.16	0.16		0.09	0.00	LOS_A	1	0.23	21.33
1	10800-14400	53-899: Melton Hwy@13.5-376: High St@36.1	899	376	328	313	0	7	6	3.99	3.85		5.45	8.21	0.16	0.17		0.00	0.00	LOS_A	1	0.23	21.33
1	10800-14400	53-900: High St@7.7-199: Melton Hwy@15.7	900	199	291	286	0	2	1	5.87	5.90		0.90	19.32	1.36	1.38		0.00	2.19	LOS_A	1	1.77	42.90
1	10800-14400	53-900: High St@7.7-301: High St@21.5	900	301	43	43	0	0	0	6.33	6.33				1.89	1.89				LOS_A	1	1.77	42.90
1	10800-14400	53-900: High St@7.7-305: Melton Hwy@15.3	900	305	121	121	0	0	0	8.45	8.45				1.14	1.14				LOS_A	1	1.49	44.18
1	10800-14400	53-900: High St@7.7-376: High St@36.1	900	376	0	0	0	0	0											LOS_A		1.77	42.90
1	10800-14400	53-901: Melton Hwy@7.6-199: Melton Hwy@15.7	901	199	353	341	0	8	4	7.40	7.32		9.59	9.79	1.36	1.32		1.96	3.93	LOS_A	1	3.32	53.16
1	10800-14400	53-901: Melton Hwy@7.6-301: High St@21.5	901	301	6	6	0	0	0	11.98	11.98				1.57	1.57				LOS_B	2	3.32	53.16
1	10800-14400	53-901: Melton Hwy@7.6-305: Melton Hwy@15.3	901	305	0	0	0	0	0											LOS_A		3.32	53.16
1	10800-14400	53-901: Melton Hwy@7.6-376: High St@36.1	901	376	136	136	0	0	0	9.53	9.53				2.48	2.48				LOS_A	1	3.32	53.16
1	10800-14400	53-1241: High St@3.1-199: Melton Hwy@15.7	1241	199	39	39	0	0	0	16.82	16.82				9.64	9.64				LOS_C	3	1.49	19.36
1	10800-14400	53-1241: High St@3.1-301: High St@21.5	1241	301	0	0	0	0	0											LOS_A		1.49	19.36
1	10800-14400	53-1241: High St@3.1-305: Melton Hwy@15.3	1241	305	11	11	0	0	0	11.73	11.73				7.24	7.24				LOS_B	2	1.49	19.36
1	10800-14400	53-1241: High St@3.1-376: High St@36.1	1241	376	31	31	0	0	0	15.25	15.25				9.11	9.11				LOS_C	3	1.49	19.36
1	10800-14400	53			1849	1792	0	33	20	5.72	5.75		4.41	6.07	1.25	1.28		0.52	0.90	LOS_A	1	1.61	53.16
1	10800-14400	54-526: Ferris Rd@22.5-310@35.3	526	310	23	23	0	0	0	6.16	6.16				0.86	0.86				LOS_A	1	0.06	12.63
1	10800-14400	54-526: Ferris Rd@22.5-421: Ferris Rd@15.4	526	421	0	0	0	0	0											LOS_A		0.00	0.00
1	10800-14400	54-526: Ferris Rd@22.5-525: Ferris Rd@18.9	526	525	463	449	0	10	4	0.06	0.06		0.13	0.21	0.00	0.00		0.00	0.00	LOS_A	1	0.00	0.00
1	10800-14400	54-527: Zone connector@58.2-310@35.3	527	310	0	0	0	0	0											LOS_A		0.00	0.00
1	10800-14400	54-527: Zone connector@58.2-421: Ferris Rd@15.4	527	421	376	352	0	14	10	0.25	0.25		0.30	0.19	0.00	0.00		0.00	0.00	LOS_A	1	0.00	0.00
1	10800-14400	54-528@5.7-421: Ferris Rd@15.4	528	421	18	18	0	0	0	2.96	2.96				0.00	0.00				LOS_A	1	0.00	5.87
1	10800-14400	54-528@5.7-525: Ferris Rd@18.9	528	525	0	0	0	0	0											LOS_A		0.00	0.00
1	10800-14400	54			880	842	0	24	14	0.36	0.37		0.23	0.19	0.02	0.02		0.00	0.00	LOS_A	1	0.01	12.63
1	10800-14400	55-68: Mount Cottrell Rd@390.9-320: Western Fwy@25.9	68	320	128	116	0	6	6	0.42	0.43		0.38	0.41	0.00	0.00		0.00	0.00	LOS_A	1	0.00	0.00
1	10800-14400	55-942: Western Hwy@75.8-69: Mount Cottrell Rd@25.4	942	69	97	86	0	10	1	0.62	0.53		1.23	1.97	0.01	0.02		0.00	0.00	LOS_A	1	0.00	0.00
1	10800-14400	55-942: Western Hwy@75.8-320: Western Fwy@25.9	942	320	1758	1695	6	32	23	1.74	1.73	0.98	2.65	2.05	0.00	0.00	0.00	0.00	0.00	LOS_A	1	0.00	0.00
1	10800-14400	55			1983	1897	6	48	30	1.60	1.59	0.98	2.07	1.72	0.00	0.00	0.00	0.00	0.00	LOS_A	1	0.00	0.00
1	10800-14400	56-24: Paynes Rd@384.9-537: Western Hwy@24.0	24	537	24	18	0	3	3	0.19	0.21		0.08	0.21	0.00	0.00		0.00	0.00	LOS_A	1	0.00	0.00
1	10800-14400	56-536: Western Hwy@83.6-23: Paynes Rd@34.1	536	23	131	130	0	0	1	3.23	3.22			4.70	0.06	0.06			0.00	LOS_A	1	0.00	0.00
1	10800-14400	56-536: Western Hwy@83.6-537: Western Hwy@24.0	536	537	1833	1765	6	39	21	2.77	2.73	6.54	3.61	4.10	0.00	0.00	0.00	0.00	0.00	LOS_A	1	0.00	0.00
1	10800-14400	56			1988	1913	6	42	25	2.77	2.74	6.54	3.36	3.65	0.00	0.00	0.00	0.00	0.00	LOS_A	1	0.00	0.00
1	10800-14400	57-169: Western Hwy@71.3-168: Western Hwy@12.5	169	168	1221	1118	9	53	39	0.10	0.10	0.00	0.12	0.02	0.00	0.00	0.00	0.00	0.00	LOS_A	1	0.00	0.00
1	10800-14400	57-511: Zone connector@97.7-172: Western Hwy@0.2	511	172	0	0	0	0	0											LOS_A		0.00	0.00
1	10800-14400	57-936: Western Hwy@71.3-172: Western Hwy@0.2	936	172	1965	1896	6	39	22	0.08	0.08	0.31	0.03	0.15	0.00	0.00	0.00	0.00	0.00	LOS_A	1	0.00	0.00
1	10800-14400	57-936: Western Hwy@71.3-512: Zone connector@4.0	936	512	0	0	0	0	0											LOS_A		0.00	0.00
1	10800-14400	57			3186	3014	15	92	61	0.09	0.09	0.13	0.08	0.06	0.00	0.00	0.00	0.00	0.00	LOS_A	1	0.00	0.00
1	10800-14400	58-436@136.8-271: Leakes Rd@61.4	436	271	135	130	0	2	3	5.38	5.54		0.56	1.50	2.18	2.26		0.00	0.00	LOS_A	1	0.73	35.44
1	10800-14400	58-436@136.8-437: Leakes Rd@45.3	436	437	92	92	0	0	0	6.96	6.96				2.07	2.07				LOS_A	1	0.35	20.60
1	10800-14400	58-600: Leakes Rd@6.4-273@26.5	600	273	119	108	2	5	4	1.24	1.13	2.17	2.18	2.42	0.00	0.00	0.00	0.00	0.00	LOS_A	1	0.00	0.00
1	10800-14400	58-600: Leakes Rd@6.4-437: Leakes Rd@45.3	600	437	308	289	1	9	7	0.92	0.95	0.23	0.68	0.38	0.00	0.00	0.00	0.00	0.00	LOS_A	1	0.00	0.00
1	10800-14400	58-1263: Leakes Rd@41.8-271: Leakes Rd@61.4	1263	271	312	290	0	10	10	0.14	0.14		0.12	0.03	0.00	0.00		0.00	0.00	LOS_A	1	0.17	18.88
1	10800-14400	58-1263: Leakes Rd@41.8-273@26.5	1263	273	59	55	1	2	1	3.99	3.75	4.95	3.73	16.81	0.98	0.96	0.00	0.00	4.83	LOS_A	1	0.17	18.88
1	10800-14400	58			1025	964	4	28	25	2.02	2.08	2.38	0.96	1.36	0.53	0.56	0.00	0.00	0.19	LOS_A	1	0.31	35.44
1	10800-14400	59-271: Leakes Rd@243.2-401: Leakes Rd@29.0	271	401	447	420	0	12	13	0.04	0.04		0.00	0.00	0.00	0.00		0.00	0.00	LOS_A	1	0.00	0.00
1	10800-14400	59-443@92.7-270: Leakes Rd@21.8	443	270	0	0	0	0	0											LOS_A		0.00	0.00
1	10800-14400	59-443@92.7-442@13.5	443	442	0	0	0	0	0											LOS_A		0.00	0.00
1	10800-14400	59-605: Leakes Rd@50.0-270: Leakes Rd@21.8	605	270	427	397	3	14	11	0.90	0.78	3.91	1.17	1.06	0.00	0.00	0.00	0.00	0.00	LOS_A	1	0.00	0.00
1	10800-14400	59-605: Leakes Rd@50.0-442@13.5	605	442	0	0	0	0	0											LOS_A		0.00	0.00
1	10800-14400	59			874	817	3	26	24	0.46	0.40	3.91	0.63	0.48	0.00	0.00	0.00	0.00	0.00	LOS_A	1	0.00	0.00
1	10800-14400	60-604: Leakes Rd@15.4-398: Taylors Rd@22.2	604	398	29	29	0	0	0	3.99	3.99				0.75	0.75				LOS_A	1	0.01	6.16
1	10800-14400	60-604: Leakes Rd@15.4-402: Leakes Rd@24.4	604	402	279	257	3	9	10	19.23	19.31	26.91	11.25	21.99	9.88	10.11	10.26	3.04	10.10	LOS_B	2	5.07	58.10
1	10800-14400	60-606: Leakes Rd@69.8-402: Leakes Rd@24.4	606	402	148	140	0	5	1	1.97	1.85		2.28	0.09	0.30	0.29		0.24	0.00	LOS_A	1	0.14	46.53
1	10800-14400	60-607: Taylors Rd@70.4-400: Leakes Rd@76.7	607	400	16	16	0	0	0	38.41	38.41				30.31	30.31				LOS_D	4	0.88	24.94
1	10800-14400	60-938: Leakes Rd@26.8-398: Taylors Rd@22.2	938	398	391	370	0	10	9	12.51	12.43		12.51	17.11	6.43	6.52		3.96	6.79	LOS_B	2	4.81	45.79
1	10800-14400	60-938: Leakes Rd@26.8-400: Leakes Rd@76.7	938	400	56	50	0	2	4	1.20	1.35		0.00	0.00	0.40	0.45		0.00	0.00	LOS_A	1	4.81	45.79
1	10800-14400	60			919	862	3	26	24	12.35	12.32	26.91	9.15	15.58	6.36	6.47	10.26	2.62	6.75	LOS_B	2	2.18	58.10
1	10800-14400	61-540@22.7-435: Leakes Rd@19.5	540	435	78	76	0	2	0	1.18	1.02		7.01		0.06	0.06		0.00		LOS_A	1	0.03	10.62
1	10800-14400	61-540@22.7-438: Leakes Rd@14.4	540	438	47	42	0	2	3	4.15	3.15		16.09	10.20	1.30	0.92		6.19	3.28	LOS_A	1	0.21	18.98
1	10800-14400	61-863: Leakes Rd@86.5-265@27.3	863	265	235	224	1	5	5	13.38	13.06	43.27	14.33	20.43	3.58	3.55	25.91	1.93	2.11	LOS_B	2	4.99	100.16
1	10800-14400	61-863: Leakes Rd@86.5-435: Leakes Rd@19.5	863	435	165	157	0	4	2	0.26	0.27		0.15	0.02	0.00	0.00		0.00	0.00	LOS_A	1	2.41	80.60
1	10800-14400	61-941: Leakes Rd@8.5-265@27.3	941	265	79	74	0	1	2	3.05	2.91		4.07	4.20	0.00	0.00		0.00	0.00	LOS_A	1	0.00	0.00
1	10800-14400	61-941: Leakes Rd@8.5-438: Leakes Rd@14.4	941	438	324	303	1	10	8	0.99	1.01	0.00	0.15	1.50	0.00	0.00	0.00	0.00	0.00	LOS_A	1	0.00	0.00
1	10800-14400	61			928	876	2	24	20	4.35	4.22	21.63	5.17	7.66	0.98	0.96	12.96	0.92	1.02	LOS_A	1	1.53	100.16
1	10800-14400	62-267: Ian Cowie Way@65.6-264: Leakes Rd@15.6	267	264	0	0	0	0	0											LOS_A		0.00	0.00
1	10800-14400	62-267: Ian Cowie Way@65.6-434: Leakes Rd@14.9	267	434	6	6	0	0	0	6.22	6.22				3.07	3.07				LOS_A	1	0.03	6.07
1	10800-14400	62-538: Leakes Rd@42.7-264: Leakes Rd@15.6	538	264	240	230	0	6	2	0.08	0.08		0.22	0.00	0.00	0.00		0.00	0.00	LOS_A	1	0.00	0.00
1	10800-14400	62-538: Leakes Rd@42.7-268: Ian Cowie Way@17.3	538	268	3	3	0	0	0	2.64	2.64				0.00	0.00				LOS_A	1	0.00	0.00
1	10800-14400	62-864: Leakes Rd@42.2-268: Ian Cowie Way@17.3	864	268	0	0	0	0	0											LOS_A		0.00	0.00
1	10800-14400	62-864: Leakes Rd@42.2-434: Leakes Rd@14.9	864	434	397	371	1	11	10	0.09	0.09	0.00	0.07	0.01	0.00	0.00	0.00	0.00	0.00	LOS_A	1	0.00	0.00
1	10800-14400	62			646	610	1	17	12	0.15	0.16	0.00	0.12	0.00	0.03	0.03	0.00	0.00	0.00	LOS_A	1	0.01	6.07
1	10800-14400	63-374: Westcott Pde@100.7-263: Leakes Rd@9.1	374	263	8	6	0	0	0	9.76	8.00				2.64	3.52				LOS_A	1	0.04	5.77
1	10800-14400	63-374: Westcott Pde@100.7-372: Leakes Rd@14.9	374	372	0	0	0	0	0											LOS_A		0.00	0.00
1	10800-14400	63-542: Leakes Rd@34.5-372: Leakes Rd@14.9	542	372	238	228	0	6	2	0.08	0.07		0.03	0.00	0.00	0.00		0.00	0.00	LOS_A	1	0.00	0.00
1	10800-14400	63-542: Leakes Rd@34.5-375: Westcott Pde@26.6	542	375	2	2	0	0	0	3.53	3.53				0.00	0.00				LOS_A	1	0.00	0.00
1	10800-14400	63-543: Leakes Rd@6.7-263: Leakes Rd@9.1	543	263	389	365	1	11	10	0.07	0.07	0.00	0.09	0.04	0.00	0.00	0.00	0.00	0.00	LOS_A	1	0.00	0.00
1	10800-14400	63-543: Leakes Rd@6.7-375: Westcott Pde@26.6	543	375	0	0	0	0	0											LOS_A		0.00	0.00
1	10800-14400	63			637	601	1	17	12	0.21	0.16	0.00	0.07	0.03	0.03	0.04	0.00	0.00	0.00	LOS_A	1	0.01	5.77
1	10800-14400	64-484@157.6-78: Western Hwy@14.0	484	78	0	0	0	0	0											LOS_A		0.00	0.00
1	10800-14400	64-484@157.6-324: Western Hwy@20.9	484	324	0	0	0	0	0											LOS_A		0.00	0.00
1	10800-14400	64-943: Western Hwy@38.1-78: Western Hwy@14.0	943	78	1172	1059	12	58	41	0.05	0.05	0.03	0.06	0.08	0.00	0.00	0.00	0.00	0.00	LOS_A	1	0.00	0.00
1	10800-14400	64-943: Western Hwy@38.1-324: Western Hwy@20.9	943	324	0	0	0	0	0											LOS_A		0.00	0.00
1	10800-14400	64-943: Western Hwy@38.1-483@8.4	943	483	0	0	0	0	0											LOS_A		0.00	0.00
1	10800-14400	64-1265: Western Hwy@45.2-78: Western Hwy@14.0	1265	78	5	5	0	0	0	4.97	4.97				1.31	1.31				LOS_A	1	0.02	6.21
1	10800-14400	64-1265: Western Hwy@45.2-324: Western Hwy@20.9	1265	324	1774	1714	5	37	18	0.08	0.09	0.06	0.05	0.11	0.00	0.00	0.00	0.00	0.00	LOS_A	1	0.00	0.00
1	10800-14400	64-1265: Western Hwy@45.2-483@8.4	1265	483	0	0	0	0	0											LOS_A		0.00	0.00
1	10800-14400	64			2951	2778	17	95	59	0.08	0.08	0.04	0.05	0.09	0.00	0.00	0.00	0.00	0.00	LOS_A	1	0.00	6.21
1	10800-14400	65-27: Troups Rd N@8.8-29: Western Hwy@8.5	27	29	78	78	0	0	0	0.01	0.01				0.00	0.00				LOS_A	1	0.00	0.00
1	10800-14400	65-27: Troups Rd N@8.8-31: Troups Rd N@5.3	27	31	78	76	0	0	0	0.00	0.00				0.00	0.00				LOS_A	1	0.00	0.00
1	10800-14400	65-30: Western Hwy@242.6-28: Troups Rd N@3.2	30	28	3	3	0	0	0	0.06	0.06				0.00	0.00				LOS_A	1	0.00	0.00
1	10800-14400	65-30: Western Hwy@242.6-31: Troups Rd N@5.3	30	31	0	0	0	0	0											LOS_A		0.00	0.00
1	10800-14400	65-32: Troups Rd N@98.1-28: Troups Rd N@3.2	32	28	4	4	0	0	0	0.20	0.20				0.00	0.00				LOS_A	1	0.00	0.00
1	10800-14400	65-32: Troups Rd N@98.1-29: Western Hwy@8.5	32	29	0	0	0	0	0											LOS_A		0.00	0.00
1	10800-14400	65			163	161	0	0	0	0.01	0.01				0.00	0.00				LOS_A	1	0.00	0.00
1	10800-14400	66-33: Neales Rd W@612.0-35: Neales Rd W@48.6	33	35	4	4	0	0	0	13.18	13.18				9.37	9.37				LOS_B	2	0.22	6.67
1	10800-14400	66-33: Neales Rd W@612.0-232: Hopkins Rd@6.4	33	232	0	0	0	0	0											LOS_A		0.22	6.67
1	10800-14400	66-33: Neales Rd W@612.0-910: Melton Hwy@16.5	33	910	7	7	0	0	0	18.44	18.44				12.69	12.69				LOS_B	2	0.22	6.67
1	10800-14400	66-622: Neales Rd W@45.9-34: Neales Rd W@23.0	622	34	37	37	0	0	0	25.92	25.92				18.45	18.45				LOS_C	3	1.22	25.21
1	10800-14400	66-622: Neales Rd W@45.9-232: Hopkins Rd@6.4	622	232	165	147	0	8	8	1.35	1.11		1.92	3.85	0.12	0.13		0.00	0.12	LOS_A	1	0.04	20.89
1	10800-14400	66-622: Neales Rd W@45.9-910: Melton Hwy@16.5	622	910	0	0	0	0	0											LOS_A		1.22	25.21
1	10800-14400	66-897: Hopkins Rd@12.7-34: Neales Rd W@23.0	897	34	0	0	0	0	0											LOS_A		13.31	184.48
1	10800-14400	66-897: Hopkins Rd@12.7-35: Neales Rd W@48.6	897	35	262	246	0	7	7	46.23	46.32		38.15	47.02	32.45	32.72		23.39	31.86	LOS_D	4	13.31	184.48
1	10800-14400	66-897: Hopkins Rd@12.7-910: Melton Hwy@16.5	897	910	153	147	0	2	4	4.92	4.99		5.43	2.16	1.79	1.86		0.00	0.00	LOS_A	1	13.31	184.48
1	10800-14400	66-908: Melton Hwy@9.5-34: Neales Rd W@23.0	908	34	0	0	0	0	0											LOS_A		1.63	37.59
1	10800-14400	66-908: Melton Hwy@9.5-35: Neales Rd W@48.6	908	35	1	1	0	0	0	8.55	8.55				0.00	0.00				LOS_A	1	1.63	37.59
1	10800-14400	66-908: Melton Hwy@9.5-232: Hopkins Rd@6.4	908	232	161	151	1	4	5	10.26	10.75	0.23	2.56	3.63	4.54	4.84	0.00	0.00	0.00	LOS_B	2	1.63	37.59
1	10800-14400	66			790	740	1	21	24	20.11	20.36	0.23	14.45	16.11	13.08	13.35	0.00	7.80	9.33	LOS_C	3	3.28	184.48
1	10800-14400	67-230: Hopkins Rd@28.1-37@43.8	230	37	65	54	0	6	5	6.72	5.66		8.55	15.93	1.43	1.12		2.32	3.72	LOS_A	1	0.46	44.67
1	10800-14400	67-230: Hopkins Rd@28.1-426: Hopkins Rd@4.3	230	426	261	244	1	6	8	1.27	1.19	2.10	0.40	0.86	0.17	0.18	0.00	0.00	0.00	LOS_A	1	0.04	10.21
1	10800-14400	67-427: Hopkins Rd@87.2-231: Hopkins Rd@8.3	427	231	335	318	0	8	9	0.48	0.43		0.56	2.15	0.05	0.04		0.00	0.51	LOS_A	1	0.05	21.77
1	10800-14400	67-946@14.4-231: Hopkins Rd@8.3	946	231	80	75	0	1	2	2.42	2.51		0.18	0.80	0.67	0.71		0.00	0.00	LOS_A	1	0.14	17.57
1	10800-14400	67-946@14.4-426: Hopkins Rd@4.3	946	426	105	99	0	2	4	4.14	4.00		9.98	4.54	1.05	1.00		4.41	0.60	LOS_A	1	0.40	31.15
1	10800-14400	67			846	790	1	23	28	1.84	1.67	2.10	3.41	4.48	0.38	0.34	0.00	0.99	0.91	LOS_A	1	0.22	44.67
1	10800-14400	68-83: Sheahan Rd@168.5-55: Hopkins Rd@3.3	83	55	0	0	0	0	0											LOS_A		0.09	19.06
1	10800-14400	68-83: Sheahan Rd@168.5-251: Hopkins Rd@6.5	83	251	2	2	0	0	0	45.97	45.97				38.89	38.89				LOS_E	5	0.14	12.50
1	10800-14400	68-252: Hopkins Rd@8.4-55: Hopkins Rd@3.3	252	55	462	438	1	12	11	0.14	0.09	0.01	0.02	2.17	0.03	0.00	0.00	0.00	1.35	LOS_A	1	0.16	28.16
1	10800-14400	68-252: Hopkins Rd@8.4-82: Sheahan Rd@6.2	252	82	0	0	0	0	0											LOS_A		0.16	28.16
1	10800-14400	68-895: Hopkins Rd@30.3-82: Sheahan Rd@6.2	895	82	0	0	0	0	0											LOS_A		0.00	0.00
1	10800-14400	68-895: Hopkins Rd@30.3-251: Hopkins Rd@6.5	895	251	535	502	0	15	18	0.06	0.06		0.12	0.08	0.00	0.00		0.00	0.00	LOS_A	1	0.00	0.00
1	10800-14400	68			999	942	1	27	29	0.19	0.17	0.01	0.08	0.87	0.09	0.08	0.00	0.00	0.51	LOS_A	1	0.08	28.16
1	10800-14400	69-290: Caroline Springs Blvd@7.8-60: Caroline Springs Blvd@15.2	290	60	0	0	0	0	0											LOS_A		1.71	125.91
1	10800-14400	69-290: Caroline Springs Blvd@7.8-291: Caroline Springs Blvd@13.9	290	291	728	705	0	12	6	2.33	2.34		2.31	0.89	0.15	0.16		0.03	0.00	LOS_A	1	1.71	125.91
1	10800-14400	69-290: Caroline Springs Blvd@7.8-293: Chisholm Dr@13.5	290	293	59	59	0	0	0	2.75	2.75				0.07	0.07				LOS_A	1	1.71	125.91
1	10800-14400	69-290: Caroline Springs Blvd@7.8-431: Springlake Ave@15.9	290	431	58	58	0	0	0	1.71	1.71				0.07	0.07				LOS_A	1	1.71	125.91
1	10800-14400	69-292: Caroline Springs Blvd@169.6-60: Caroline Springs Blvd@15.2	292	60	382	356	0	12	8	5.32	5.01		6.01	10.46	1.29	1.25		1.84	3.44	LOS_A	1	1.67	47.66
1	10800-14400	69-292: Caroline Springs Blvd@169.6-291: Caroline Springs Blvd@13.9	292	291	0	0	0	0	0											LOS_A		1.67	47.66
1	10800-14400	69-292: Caroline Springs Blvd@169.6-293: Chisholm Dr@13.5	292	293	0	0	0	0	0											LOS_A		1.67	47.66
1	10800-14400	69-292: Caroline Springs Blvd@169.6-431: Springlake Ave@15.9	292	431	0	0	0	0	0											LOS_A		1.67	47.66
1	10800-14400	69-294: Chisholm Dr@69.6-60: Caroline Springs Blvd@15.2	294	60	21	21	0	0	0	3.89	3.89				1.17	1.17				LOS_A	1	0.05	11.22
1	10800-14400	69-294: Chisholm Dr@69.6-291: Caroline Springs Blvd@13.9	294	291	0	0	0	0	0											LOS_A		0.05	11.22
1	10800-14400	69-294: Chisholm Dr@69.6-293: Chisholm Dr@13.5	294	293	0	0	0	0	0											LOS_A		0.05	11.22
1	10800-14400	69-294: Chisholm Dr@69.6-431: Springlake Ave@15.9	294	431	0	0	0	0	0											LOS_A		0.05	11.22
1	10800-14400	69-430: Springlake Ave@96.3-60: Caroline Springs Blvd@15.2	430	60	19	19	0	0	0	8.61	8.61				5.08	5.08				LOS_A	1	0.17	17.86
1	10800-14400	69-430: Springlake Ave@96.3-291: Caroline Springs Blvd@13.9	430	291	0	0	0	0	0											LOS_A		0.09	17.86
1	10800-14400	69-430: Springlake Ave@96.3-293: Chisholm Dr@13.5	430	293	0	0	0	0	0											LOS_A		0.17	17.86
1	10800-14400	69-430: Springlake Ave@96.3-431: Springlake Ave@15.9	430	431	0	0	0	0	0											LOS_A		0.17	17.86
1	10800-14400	69			1267	1218	0	24	14	3.34	3.24		4.16	6.36	0.58	0.56		0.93	1.96	LOS_A	1	0.72	125.91
1	10800-14400	70-352: Eucumbene Dr@292.6-111: Christies Rd@15.7	352	111	5	5	0	0	0	2.27	2.27				0.91	0.91				LOS_A	1	0.01	5.21
1	10800-14400	70-647: Christies Rd@1.7-111: Christies Rd@15.7	647	111	261	227	0	16	12	1.87	1.98		0.72	1.82	0.01	0.01		0.00	0.05	LOS_A	1	0.18	11.74
1	10800-14400	70-647: Christies Rd@1.7-353: Eucumbene Dr@18.2	647	353	24	24	0	0	0	2.70	2.70				0.14	0.14				LOS_A	1	0.18	11.74
1	10800-14400	70-891: Christies Rd@8.6-287: Christies Rd@18.9	891	287	562	534	1	13	8	10.75	10.74	0.04	16.76	9.86	6.48	6.49	0.00	11.00	4.08	LOS_B	2	8.23	118.32
1	10800-14400	70-891: Christies Rd@8.6-353: Eucumbene Dr@18.2	891	353	17	17	0	0	0	3.22	3.22				1.06	1.06				LOS_A	1	12.08	152.57
1	10800-14400	70			869	807	1	29	20	7.66	7.82	0.04	7.91	5.04	4.23	4.33	0.00	4.93	1.66	LOS_A	1	5.13	152.57
1	10800-14400	71-111: Christies Rd@84.9-129@9.8	111	129	210	197	0	9	4	1.16	1.21		0.57	0.24	0.41	0.44		0.00	0.00	LOS_A	1	0.25	45.09
1	10800-14400	71-111: Christies Rd@84.9-282: Christies Rd@12.4	111	282	56	35	0	7	8	0.16	0.06		0.85	0.09	0.00	0.00		0.00	0.00	LOS_A	1	0.25	45.09
1	10800-14400	71-274: Christies Rd@5.8-112: Christies Rd@20.6	274	112	579	551	1	13	8	9.25	9.47	0.00	1.91	13.44	4.80	4.94	0.00	0.00	6.55	LOS_A	1	20.02	443.91
1	10800-14400	71-274: Christies Rd@5.8-129@9.8	274	129	78	45	0	27	6	5.45	5.46		5.65	4.50	1.05	1.56		0.42	0.00	LOS_A	1	20.02	443.91
1	10800-14400	71			923	828	1	56	26	6.54	6.89	0.00	3.37	5.24	3.19	3.48	0.00	0.20	2.02	LOS_A	1	10.13	443.91
1	10800-14400	72-126@294.6-280: Christies Rd@41.9	126	280	437	435	0	2	0	1.58	1.58		1.03		0.06	0.06		0.00		LOS_A	1	0.03	19.97
1	10800-14400	72-126@294.6-394: Christies Rd@15.7	126	394	13	4	0	9	0	1.60	2.15		1.35		0.00	0.00		0.00		LOS_A	1	0.03	19.97
1	10800-14400	72-126@294.6-626: Palm Springs Rd@75.1	126	626	7	5	0	2	0	0.66	0.41		1.29		0.00	0.00		0.00		LOS_A	1	0.03	19.97
1	10800-14400	72-279: Christies Rd@96.9-280: Christies Rd@41.9	279	280	0	0	0	0	0											LOS_A		0.00	0.00
1	10800-14400	72-279: Christies Rd@96.9-394: Christies Rd@15.7	279	394	45	26	0	7	6	4.50	3.60		5.79	4.92	0.21	0.17		0.10	0.00	LOS_A	1	0.00	0.00
1	10800-14400	72-279: Christies Rd@96.9-626: Palm Springs Rd@75.1	279	626	11	9	0	0	2	4.53	4.32			5.44	0.21	0.26			0.00	LOS_A	1	0.00	0.00
1	10800-14400	72-393: Christies Rd@348.6-280: Christies Rd@41.9	393	280	163	114	0	32	11	31.47	33.77		30.44	23.95	13.74	15.39		12.13	7.51	LOS_C	3	10.13	125.62
1	10800-14400	72-393: Christies Rd@348.6-394: Christies Rd@15.7	393	394	0	0	0	0	0											LOS_A		10.13	125.62
1	10800-14400	72-393: Christies Rd@348.6-626: Palm Springs Rd@75.1	393	626	0	0	0	0	0											LOS_A		10.13	125.62
1	10800-14400	72-625: Palm Springs Rd@88.9-280: Christies Rd@41.9	625	280	57	47	1	6	3	39.38	36.79	70.26	47.76	52.99	23.01	20.65	53.38	29.39	37.05	LOS_D	4	4.44	51.30
1	10800-14400	72-625: Palm Springs Rd@88.9-394: Christies Rd@15.7	625	394	4	4	0	0	0	30.46	30.46				19.98	19.98				LOS_C	3	4.44	51.30
1	10800-14400	72-625: Palm Springs Rd@88.9-626: Palm Springs Rd@75.1	625	626	0	0	0	0	0											LOS_A		4.44	51.30
1	10800-14400	72			737	644	1	58	22	11.48	10.14	70.26	22.72	21.04	4.98	4.40	53.38	9.75	8.81	LOS_B	2	3.65	125.62
1	10800-14400	73-350: Delma Rd@97.2-464: Ballarat Rd  Western Hwy@8.8	350	464	35	35	0	0	0	5.58	5.58				2.63	2.63				LOS_A	1	0.20	12.56
1	10800-14400	73-663: Ballarat Rd  Western Hwy@46.8-351: Delma Rd@11.2	663	351	16	16	0	0	0	2.66	2.66				0.00	0.00				LOS_A	1	0.00	0.00
1	10800-14400	73-663: Ballarat Rd  Western Hwy@46.8-464: Ballarat Rd  Western Hwy@8.8	663	464	859	831	0	14	14	0.53	0.51		1.21	0.68	0.00	0.00		0.00	0.00	LOS_A	1	0.00	0.00
1	10800-14400	73			910	882	0	14	14	0.76	0.75		1.21	0.68	0.10	0.10		0.00	0.00	LOS_A	1	0.10	12.56
1	10800-14400	76-911@130.2-404: Hopkins Rd@29.7	911	404	84	84	0	0	0	21.59	21.59				15.03	15.03				LOS_C	3	2.03	36.34
1	10800-14400	76-911@130.2-408: Hopkins Rd@16.0	911	408	72	72	0	0	0	1.31	1.31				0.10	0.10				LOS_A	1	0.03	11.20
1	10800-14400	76-913: Hopkins Rd@4.0-408: Hopkins Rd@16.0	913	408	463	430	0	15	18	12.76	12.50		15.69	16.65	5.19	5.12		4.70	7.21	LOS_B	2	4.81	63.45
1	10800-14400	76-913: Hopkins Rd@4.0-912@27.4	913	912	80	80	0	0	0	1.92	1.92				0.04	0.04				LOS_A	1	0.00	0.00
1	10800-14400	76-948: Hopkins Rd@33.1-404: Hopkins Rd@29.7	948	404	381	357	1	12	11	5.26	5.27	22.60	4.20	4.66	1.58	1.64	8.18	0.28	0.29	LOS_A	1	10.28	94.39
1	10800-14400	76-948: Hopkins Rd@33.1-912@27.4	948	912	81	81	0	0	0	69.43	69.43				52.05	52.05				LOS_E	5	10.28	94.39
1	10800-14400	76			1161	1104	1	27	29	13.44	13.53	22.60	10.58	12.10	7.31	7.50	8.18	2.74	4.58	LOS_B	2	3.43	94.39
1	10800-14400	77-208: Western Fwy@25.5-84: Western Fwy@15.9	208	84	790	715	9	41	25	0.47	0.50	0.21	0.31	0.20	0.00	0.00	0.00	0.00	0.00	LOS_A	1	0.00	0.00
1	10800-14400	77-208: Western Fwy@25.5-180@16.3	208	180	198	194	0	2	2	3.64	3.59		5.50	6.18	0.00	0.00		0.00	0.00	LOS_A	1	0.00	0.00
1	10800-14400	77			988	909	9	43	27	1.11	1.16	0.21	0.55	0.65	0.00	0.00	0.00	0.00	0.00	LOS_A	1	0.00	0.00
1	10800-14400	78-84: Western Fwy@896.5-203: Western Fwy@19.3	84	203	790	715	9	41	25	0.04	0.04	0.00	0.01	0.02	0.00	0.00	0.00	0.00	0.00	LOS_A	1	0.00	0.00
1	10800-14400	78-529@58.8-203: Western Fwy@19.3	529	203	421	393	0	12	14	0.30	0.29		0.51	0.42	0.00	0.00		0.00	0.00	LOS_A	1	0.00	0.00
1	10800-14400	78			1211	1108	9	53	39	0.13	0.13	0.00	0.12	0.17	0.00	0.00	0.00	0.00	0.00	LOS_A	1	0.00	0.00
1	10800-14400	79-184: Western Fwy@928.7-205: Western Fwy@68.7	184	205	1202	1168	6	15	13	0.60	0.59	0.98	0.97	0.27	0.00	0.00	0.00	0.00	0.00	LOS_A	1	0.00	0.00
1	10800-14400	79-333@86.1-205: Western Fwy@68.7	333	205	234	230	0	4	0	1.41	1.40		2.13		0.00	0.00		0.00		LOS_A	1	0.00	0.00
1	10800-14400	79			1436	1398	6	19	13	0.73	0.73	0.98	1.21	0.27	0.00	0.00	0.00	0.00	0.00	LOS_A	1	0.00	0.00
1	10800-14400	80-424: Western Fwy@14.2-184: Western Fwy@85.3	424	184	1202	1168	6	15	13	2.47	2.49	0.83	3.22	1.01	0.00	0.00	0.00	0.00	0.00	LOS_A	1	0.00	0.00
1	10800-14400	80-424: Western Fwy@14.2-337@9.9	424	337	684	643	0	23	16	5.85	5.71		8.17	7.80	0.01	0.01		0.00	0.00	LOS_A	1	0.00	0.00
1	10800-14400	80			1886	1811	6	38	29	3.70	3.63	0.83	6.21	4.76	0.00	0.00	0.00	0.00	0.00	LOS_A	1	0.00	0.00
1	10800-14400	81-532: Western Hwy@54.0-334: Western Hwy@32.2	532	334	1203	1100	9	53	39	0.09	0.09	0.42	0.07	0.01	0.00	0.00	0.00	0.00	0.00	LOS_A	1	0.00	0.00
1	10800-14400	81-532: Western Hwy@54.0-481@38.6	532	481	8	8	0	0	0	4.87	4.87				0.00	0.00				LOS_A	1	0.00	0.00
1	10800-14400	81			1211	1108	9	53	39	0.12	0.13	0.42	0.07	0.01	0.00	0.00	0.00	0.00	0.00	LOS_A	1	0.00	0.00
1	10800-14400	82-334: Western Hwy@654.9-72: Western Hwy@13.0	334	72	1203	1100	9	53	39	0.13	0.14	0.10	0.11	0.02	0.00	0.00	0.00	0.00	0.00	LOS_A	1	0.00	0.00
1	10800-14400	82-482@267.1-72: Western Hwy@13.0	482	72	18	18	0	0	0	0.04	0.04				0.00	0.00				LOS_A	1	0.00	0.00
1	10800-14400	82			1221	1118	9	53	39	0.13	0.14	0.10	0.11	0.02	0.00	0.00	0.00	0.00	0.00	LOS_A	1	0.00	0.00
1	10800-14400	83-313: Western Hwy@39.7-103: Western Hwy@23.4	313	103	994	896	9	51	36	0.39	0.39	0.14	0.57	0.34	0.00	0.00	0.00	0.00	0.00	LOS_A	1	0.00	0.00
1	10800-14400	83-313: Western Hwy@39.7-174@14.4	313	174	227	222	0	2	3	3.47	3.41		5.66	6.30	0.00	0.00		0.00	0.00	LOS_A	1	0.00	0.00
1	10800-14400	83			1221	1118	9	53	39	0.96	0.99	0.14	0.77	0.80	0.00	0.00	0.00	0.00	0.00	LOS_A	1	0.00	0.00
1	10800-14400	84-161@132.7-99: Western Hwy@10.0	161	99	314	298	1	6	7	0.19	0.17	0.47	0.49	0.77	0.00	0.00	0.00	0.00	0.00	LOS_A	1	0.00	0.00
1	10800-14400	84-187: Western Hwy@838.0-99: Western Hwy@10.0	187	99	1651	1598	5	33	15	0.67	0.66	0.51	1.23	0.18	0.00	0.00	0.00	0.00	0.00	LOS_A	1	0.00	0.00
1	10800-14400	84			1965	1896	6	39	22	0.59	0.58	0.50	1.11	0.37	0.00	0.00	0.00	0.00	0.00	LOS_A	1	0.00	0.00
1	10800-14400	85-103: Western Hwy@829.6-89: Western Hwy@49.7	103	89	994	896	9	51	36	0.10	0.10	0.06	0.09	0.06	0.00	0.00	0.00	0.00	0.00	LOS_A	1	0.00	0.00
1	10800-14400	85-175@113.1-89: Western Hwy@49.7	175	89	178	163	3	7	5	0.04	0.03	0.03	0.09	0.21	0.00	0.00	0.00	0.00	0.00	LOS_A	1	0.00	0.00
1	10800-14400	85			1172	1059	12	58	41	0.09	0.09	0.05	0.09	0.08	0.00	0.00	0.00	0.00	0.00	LOS_A	1	0.00	0.00
1	10800-14400	86-323: Western Hwy@20.0-159@12.1	323	159	125	118	0	4	3	1.33	1.12		4.87	4.97	0.00	0.00		0.00	0.00	LOS_A	1	0.00	0.00
1	10800-14400	86-323: Western Hwy@20.0-187: Western Hwy@33.1	323	187	1649	1596	5	33	15	0.30	0.30	0.08	0.21	0.17	0.00	0.00	0.00	0.00	0.00	LOS_A	1	0.00	0.00
1	10800-14400	86			1774	1714	5	37	18	0.37	0.36	0.08	0.72	0.97	0.00	0.00	0.00	0.00	0.00	LOS_A	1	0.00	0.00
1	10800-14400	87-343: Western Hwy@756.9-154: Western Hwy@6.1	343	154	1807	1745	5	37	18	0.12	0.12	0.01	0.05	0.05	0.00	0.00	0.00	0.00	0.00	LOS_A	1	0.00	0.00
1	10800-14400	87-480@343.6-154: Western Hwy@6.1	480	154	121	121	0	0	0	0.00	0.00				0.00	0.00				LOS_A	1	0.00	0.00
1	10800-14400	87			1928	1866	5	37	18	0.11	0.11	0.01	0.05	0.05	0.00	0.00	0.00	0.00	0.00	LOS_A	1	0.00	0.00
1	10800-14400	88-955: Western Fwy@13.7-343: Western Hwy@21.2	955	343	1807	1745	5	37	18	0.27	0.26	0.59	0.42	0.46	0.00	0.00	0.00	0.00	0.00	LOS_A	1	0.00	0.00
1	10800-14400	88-955: Western Fwy@13.7-479@7.3	955	479	0	0	0	0	0											LOS_A		0.00	0.00
1	10800-14400	88			1807	1745	5	37	18	0.27	0.26	0.59	0.42	0.46	0.00	0.00	0.00	0.00	0.00	LOS_A	1	0.00	0.00
1	10800-14400	89-228: Western Fwy@25.8-108@38.1	228	108	185	174	0	3	6	5.40	5.21		8.13	8.62	0.00	0.00		0.00	0.00	LOS_A	1	0.00	0.00
1	10800-14400	89-228: Western Fwy@25.8-194: Western Fwy@23.2	228	194	992	890	12	55	35	0.53	0.53	0.18	0.41	0.89	0.00	0.00	0.00	0.00	0.00	LOS_A	1	0.00	0.00
1	10800-14400	89			1177	1064	12	58	41	1.29	1.29	0.18	0.81	2.02	0.00	0.00	0.00	0.00	0.00	LOS_A	1	0.00	0.00
1	10800-14400	90-104@749.4-417: Western Fwy@11.1	104	417	229	213	0	5	9	0.11	0.11		0.13	0.16	0.00	0.00		0.00	0.00	LOS_A	1	0.00	0.00
1	10800-14400	90-196: Western Fwy@1281.0-417: Western Fwy@11.1	196	417	1578	1532	5	32	9	0.12	0.12	0.00	0.04	0.11	0.00	0.00	0.00	0.00	0.00	LOS_A	1	0.00	0.00
1	10800-14400	90			1807	1745	5	37	18	0.12	0.12	0.00	0.05	0.14	0.00	0.00	0.00	0.00	0.00	LOS_A	1	0.00	0.00
1	10800-14400	91-260: Hopkins Rd@38.0-419@15.1	260	419	148	143	0	3	2	1.83	1.72		5.07	4.80	0.00	0.00		0.00	0.00	LOS_A	1	0.00	0.00
1	10800-14400	91-260: Hopkins Rd@38.0-427: Hopkins Rd@14.4	260	427	335	318	0	8	9	0.41	0.41		0.26	0.60	0.00	0.00		0.00	0.00	LOS_A	1	0.00	0.00
1	10800-14400	91-426: Hopkins Rd@77.5-43: Hopkins Rd@14.4	426	43	366	343	1	8	12	0.16	0.16	0.61	0.16	0.20	0.00	0.00	0.00	0.00	0.00	LOS_A	1	0.00	0.00
1	10800-14400	91			849	804	1	19	23	0.55	0.53	0.61	0.98	0.75	0.00	0.00	0.00	0.00	0.00	LOS_A	1	0.00	0.00
1	10800-14400	92-107@313.1-8: Western Fwy@5.3	107	8	213	197	0	9	7	0.03	0.03		0.03	0.01	0.00	0.00		0.00	0.00	LOS_A	1	0.00	0.00
1	10800-14400	92-194: Western Fwy@609.6-8: Western Fwy@5.3	194	8	992	890	12	55	35	0.05	0.05	0.04	0.05	0.11	0.00	0.00	0.00	0.00	0.00	LOS_A	1	0.00	0.00
1	10800-14400	92			1205	1087	12	64	42	0.05	0.04	0.04	0.05	0.09	0.00	0.00	0.00	0.00	0.00	LOS_A	1	0.00	0.00
1	10800-14400	93-224: Western Fwy@24.6-149@12.9	224	149	235	229	0	5	1	3.27	3.18		6.34	7.73	0.00	0.00		0.00	0.00	LOS_A	1	0.00	0.00
1	10800-14400	93-224: Western Fwy@24.6-196: Western Fwy@9.8	224	196	1578	1532	5	32	9	0.68	0.68	1.35	0.54	0.46	0.00	0.00	0.00	0.00	0.00	LOS_A	1	0.00	0.00
1	10800-14400	93			1813	1761	5	37	10	1.02	1.01	1.35	1.32	1.19	0.00	0.00	0.00	0.00	0.00	LOS_A	1	0.00	0.00
1	10800-14400	94-949: Western Fwy@23.3-136@6.8	949	136	404	378	1	13	12	0.06	0.06	0.02	0.06	0.05	0.00	0.00	0.00	0.00	0.00	LOS_A	1	0.00	0.00
1	10800-14400	94-949: Western Fwy@23.3-389: Western Fwy  Deer Park Byp@4.2	949	389	802	710	11	51	30	0.08	0.09	0.00	0.10	0.05	0.00	0.00	0.00	0.00	0.00	LOS_A	1	0.00	0.00
1	10800-14400	94			1206	1088	12	64	42	0.08	0.08	0.00	0.09	0.05	0.00	0.00	0.00	0.00	0.00	LOS_A	1	0.00	0.00
1	10800-14400	95-952: Western Hwy@80.5-1039: Western Fwy@10.4	952	1039	575	559	0	7	9	5.09	5.06		5.35	7.01	0.02	0.02		0.04	0.00	LOS_A	1	0.00	0.00
1	10800-14400	95-1038: Western Fwy  Deer Park Byp@73.0-1039: Western Fwy@10.4	1038	1039	1238	1202	5	30	1	5.65	5.52	2.47	10.80	13.37	0.00	0.01	0.00	0.00	0.00	LOS_A	1	0.00	0.00
1	10800-14400	95			1813	1761	5	37	10	5.47	5.37	2.47	9.77	7.64	0.01	0.01	0.00	0.01	0.00	LOS_A	1	0.00	0.00
1	10800-14400	96-125@88.9-147: Western Fwy  Deer Park Byp@16.2	125	147	288	242	0	36	10	0.51	0.58		0.17	0.02	0.00	0.00		0.00	0.00	LOS_A	1	0.00	0.00
1	10800-14400	96-389: Western Fwy  Deer Park Byp@1708.1-147: Western Fwy  Deer Park Byp@16.2	389	147	802	710	11	51	30	0.07	0.07	0.05	0.07	0.05	0.00	0.00	0.00	0.00	0.00	LOS_A	1	0.00	0.00
1	10800-14400	96			1090	952	11	87	40	0.19	0.20	0.05	0.11	0.04	0.00	0.00	0.00	0.00	0.00	LOS_A	1	0.00	0.00
1	10800-14400	97-240: Western Fwy  Deer Park Byp@38.1-126@16.7	240	126	457	444	0	13	0	2.72	2.65		5.13		0.00	0.00		0.00		LOS_A	1	0.01	12.11
1	10800-14400	97-240: Western Fwy  Deer Park Byp@38.1-189: Western Fwy  Deer Park Byp@17.7	240	189	1238	1202	5	30	1	0.75	0.74	0.12	1.25	0.00	0.00	0.00	0.00	0.00	0.00	LOS_A	1	0.01	12.11
1	10800-14400	97			1695	1646	5	43	1	1.28	1.25	0.12	2.42	0.00	0.00	0.00	0.00	0.00	0.00	LOS_A	1	0.01	12.11
1	10800-14400	98-91: Ballarat Rd  Western Hwy@67.3-362: Ballarat Rd  Western Hwy@13.4	91	362	576	542	2	17	15	0.19	0.17	1.41	0.22	0.79	0.00	0.00	0.00	0.00	0.00	LOS_A	1	0.00	0.00
1	10800-14400	98-92: Ballarat Rd  Western Hwy@8.7-362: Ballarat Rd  Western Hwy@13.4	92	362	0	0	0	0	0											LOS_A		0.00	0.00
1	10800-14400	98			576	542	2	17	15	0.19	0.17	1.41	0.22	0.79	0.00	0.00	0.00	0.00	0.00	LOS_A	1	0.00	0.00
1	10800-14400	99-209: Ballarat Rd  Western Hwy@46.4-1: Ballarat Rd  Western Hwy@6.6	209	1	576	542	2	17	15	0.18	0.17	0.73	0.27	0.51	0.00	0.00	0.00	0.00	0.00	LOS_A	1	0.00	0.00
1	10800-14400	99-209: Ballarat Rd  Western Hwy@46.4-2: Ballarat Rd  Western Hwy@6.5	209	2	0	0	0	0	0											LOS_A		0.00	0.00
1	10800-14400	99			576	542	2	17	15	0.18	0.17	0.73	0.27	0.51	0.00	0.00	0.00	0.00	0.00	LOS_A	1	0.00	0.00
1	10800-14400	100-1141@18.3-1143@28.5	1141	1143	0	0	0	0	0											LOS_A		7.78	73.55
1	10800-14400	100-1141@18.3-1147@16.5	1141	1147	86	85	0	0	1	21.98	22.23			0.90	7.52	7.61			0.00	LOS_C	3	7.78	73.55
1	10800-14400	100-1141@18.3-1152@26.0	1141	1152	32	32	0	0	0	24.53	24.53				9.32	9.32				LOS_C	3	7.74	73.86
1	10800-14400	100-1141@18.3-1158@25.0	1141	1158	101	101	0	0	0	21.13	21.13				7.95	7.95				LOS_C	3	7.78	73.55
1	10800-14400	100-1146@382.0-1143@28.5	1146	1143	125	123	0	1	1	20.15	20.30		2.30	19.66	2.82	2.86		0.00	0.90	LOS_C	3	63.05	409.14
1	10800-14400	100-1146@382.0-1147@16.5	1146	1147	0	0	0	0	0											LOS_A		63.07	409.04
1	10800-14400	100-1146@382.0-1152@26.0	1146	1152	163	155	0	4	4	24.80	25.12		23.23	13.80	4.75	4.83		4.98	1.20	LOS_C	3	63.07	409.04
1	10800-14400	100-1146@382.0-1158@25.0	1146	1158	196	193	0	1	2	24.79	24.74		11.86	35.91	4.07	4.08		0.71	4.59	LOS_C	3	63.07	409.04
1	10800-14400	100-1159@120.5-1143@28.5	1159	1143	85	81	0	4	0	6.58	6.54		7.26		0.89	0.93		0.20		LOS_A	1	1.42	101.35
1	10800-14400	100-1159@120.5-1147@16.5	1159	1147	140	135	0	2	3	7.86	8.01		2.05	4.85	1.22	1.26		0.00	0.22	LOS_A	1	1.51	104.00
1	10800-14400	100-1159@120.5-1152@26.0	1159	1152	37	37	0	0	0	7.89	7.89				0.81	0.81				LOS_A	1	1.42	101.35
1	10800-14400	100-1159@120.5-1158@25.0	1159	1158	0	0	0	0	0											LOS_A		1.42	101.35
1	10800-14400	100-1234@184.1-1143@28.5	1234	1143	38	36	0	2	0	19.90	20.75		4.66		5.04	5.32		0.00		LOS_C	3	7.49	93.13
1	10800-14400	100-1234@184.1-1147@16.5	1234	1147	155	149	0	3	3	20.38	20.05		41.45	15.67	5.23	5.15		9.28	4.99	LOS_C	3	7.49	93.13
1	10800-14400	100-1234@184.1-1152@26.0	1234	1152	0	0	0	0	0											LOS_A		7.49	93.13
1	10800-14400	100-1234@184.1-1158@25.0	1234	1158	39	39	0	0	0	19.12	19.12				5.36	5.36				LOS_C	3	7.37	95.05
1	10800-14400	100			1197	1166	0	17	14	19.08	19.17		16.11	14.94	4.31	4.36		2.90	2.18	LOS_C	3	19.92	409.14
1	10800-14400	101-1144@12.5-1140@37.3	1144	1140	0	0	0	0	0											LOS_A		0.03	11.64
1	10800-14400	101-1144@12.5-1168@28.2	1144	1168	55	55	0	0	0	0.93	0.93				0.02	0.02				LOS_A	1	0.03	11.64
1	10800-14400	101-1144@12.5-1170@29.6	1144	1170	101	97	0	3	1	1.02	0.97		2.42	1.17	0.00	0.00		0.00	0.00	LOS_A	1	0.03	11.64
1	10800-14400	101-1144@12.5-1171@32.9	1144	1171	92	88	0	4	0	0.95	0.92		1.76		0.01	0.01		0.00		LOS_A	1	0.03	11.80
1	10800-14400	101-1167@141.4-1140@37.3	1167	1140	42	42	0	0	0	2.70	2.70				0.53	0.53				LOS_A	1	0.07	7.12
1	10800-14400	101-1167@141.4-1168@28.2	1167	1168	0	0	0	0	0											LOS_A		0.09	7.12
1	10800-14400	101-1167@141.4-1170@29.6	1167	1170	4	4	0	0	0	1.33	1.33				0.00	0.00				LOS_A	1	0.09	7.12
1	10800-14400	101-1167@141.4-1171@32.9	1167	1171	23	23	0	0	0	2.20	2.20				0.01	0.01				LOS_A	1	0.09	7.12
1	10800-14400	101-1169@143.9-1140@37.3	1169	1140	93	92	0	0	1	3.90	3.93			0.64	0.70	0.70			0.00	LOS_A	1	0.34	32.25
1	10800-14400	101-1169@143.9-1168@28.2	1169	1168	8	8	0	0	0	0.35	0.35				0.00	0.00				LOS_A	1	0.34	32.60
1	10800-14400	101-1169@143.9-1170@29.6	1169	1170	0	0	0	0	0											LOS_A		0.34	32.25
1	10800-14400	101-1169@143.9-1171@32.9	1169	1171	2	2	0	0	0	2.21	2.21				0.00	0.00				LOS_A	1	0.34	32.25
1	10800-14400	101-1172@137.6-1140@37.3	1172	1140	84	84	0	0	0	1.82	1.82				0.18	0.18				LOS_A	1	0.15	26.19
1	10800-14400	101-1172@137.6-1168@28.2	1172	1168	36	36	0	0	0	3.22	3.22				0.43	0.43				LOS_A	1	0.15	26.19
1	10800-14400	101-1172@137.6-1170@29.6	1172	1170	1	1	0	0	0	6.83	6.83				0.00	0.00				LOS_A	1	0.08	26.19
1	10800-14400	101-1172@137.6-1171@32.9	1172	1171	0	0	0	0	0											LOS_A		0.15	26.19
1	10800-14400	101			541	532	0	7	2	1.95	1.95		2.05	0.91	0.22	0.23		0.00	0.00	LOS_A	1	0.13	32.60
1	10800-14400	102-1150@427.0-1155@20.3	1150	1155	1	1	0	0	0	0.20	0.20				0.00	0.00				LOS_A	1	0.00	0.00
1	10800-14400	102-1150@427.0-1156@9.2	1150	1156	171	165	0	3	3	0.04	0.04		0.01	0.00	0.00	0.00		0.00	0.00	LOS_A	1	0.00	0.00
1	10800-14400	102-1154@88.9-1153@11.3	1154	1153	133	129	0	2	2	0.04	0.03		0.00	0.87	0.00	0.00		0.00	0.00	LOS_A	1	0.00	0.00
1	10800-14400	102-1154@88.9-1155@20.3	1154	1155	49	45	0	2	2	1.83	1.82		1.89	2.10	0.08	0.09		0.00	0.00	LOS_A	1	0.02	6.08
1	10800-14400	102-1157@97.7-1153@11.3	1157	1153	0	0	0	0	0											LOS_A		0.00	0.00
1	10800-14400	102-1157@97.7-1156@9.2	1157	1156	24	22	0	2	0	0.82	0.86		0.32		0.00	0.00		0.00		LOS_A	1	0.00	6.19
1	10800-14400	102			378	362	0	9	7	0.32	0.31		0.49	0.85	0.01	0.01		0.00	0.00	LOS_A	1	0.00	6.19
1	10800-14400	103			0	0	0	0	0											LOS_A			
1	10800-14400	104			0	0	0	0	0											LOS_A			
1	10800-14400	105			0	0	0	0	0											LOS_A			
1	10800-14400	106			0	0	0	0	0											LOS_A			
1	10800-14400	107			0	0	0	0	0											LOS_A			
1	10800-14400	108			0	0	0	0	0											LOS_A			
1	10800-14400	109			0	0	0	0	0											LOS_A			
1	10800-14400	113			0	0	0	0	0											LOS_A			
1	10800-14400	114-1081@150.5-1125@21.0	1081	1125	399	390	2	2	1	12.58	12.55	27.15	10.88	0.26	7.89	7.95	19.95	4.07	0.00	LOS_B	2	5.06	86.52
1	10800-14400	114-1081@150.5-1128@12.2	1081	1128	69	59	0	4	6	1.88	1.58		2.83	4.24	0.02	0.02		0.00	0.00	LOS_A	1	0.04	12.24
1	10800-14400	114-1129@3.3-1130@26.0	1129	1130	257	249	0	5	3	3.97	3.94		4.68	5.45	0.11	0.11		0.00	0.00	LOS_A	1	0.20	39.94
1	10800-14400	114-1132@5.3-1125@21.0	1132	1125	302	302	0	0	0	42.09	42.09				34.09	34.09				LOS_D	4	12.36	71.91
1	10800-14400	114-1240: Western Fwy@6.0-1128@12.2	1240	1128	86	79	0	4	3	48.67	49.65		34.10	42.20	39.57	41.02		19.86	27.64	LOS_D	4	7.34	63.97
1	10800-14400	114-1240: Western Fwy@6.0-1130@26.0	1240	1130	305	290	0	7	4	6.11	6.11		4.75	7.90	2.55	2.61		0.00	4.20	LOS_A	1	7.34	63.97
1	10800-14400	114			1418	1369	2	22	17	17.58	17.80	27.15	10.28	11.78	12.45	12.73	19.95	3.98	5.87	LOS_B	2	5.00	86.52
1	10800-14400	115-1092: Western Fwy@41.4-1091@18.2	1092	1091	250	234	0	9	7	2.79	2.66		4.40	4.87	0.00	0.00		0.00	0.00	LOS_A	1	0.00	0.00
1	10800-14400	115-1092: Western Fwy@41.4-1093: Western Fwy@20.0	1092	1093	538	476	7	34	21	0.31	0.31	0.04	0.36	0.27	0.00	0.00	0.00	0.00	0.00	LOS_A	1	0.00	0.00
1	10800-14400	115			788	710	7	43	28	1.09	1.08	0.04	1.21	1.42	0.00	0.00	0.00	0.00	0.00	LOS_A	1	0.00	0.00
1	10800-14400	116-1134: Western Fwy@853.1-1137: Western Fwy@29.6	1134	1137	880	850	6	14	10	0.03	0.02	0.11	0.12	0.00	0.00	0.00	0.00	0.00	0.00	LOS_A	1	0.00	0.00
1	10800-14400	116-1139@39.2-1137: Western Fwy@29.6	1139	1137	155	138	0	8	9	0.51	0.45		0.93	0.93	0.00	0.00		0.00	0.00	LOS_A	1	0.00	0.00
1	10800-14400	116			1035	988	6	22	19	0.10	0.08	0.11	0.42	0.44	0.00	0.00	0.00	0.00	0.00	LOS_A	1	0.00	0.00
1	10800-14400	117-1093: Western Fwy@887.1-1118: Western Fwy@20.0	1093	1118	538	476	7	34	21	0.04	0.04	0.00	0.03	0.04	0.00	0.00	0.00	0.00	0.00	LOS_A	1	0.00	0.00
1	10800-14400	117-1117@115.1-1118: Western Fwy@20.0	1117	1118	452	435	2	9	6	0.50	0.50	0.12	0.63	0.75	0.00	0.00	0.00	0.00	0.00	LOS_A	1	0.00	0.00
1	10800-14400	117			990	911	9	43	27	0.25	0.26	0.03	0.16	0.20	0.00	0.00	0.00	0.00	0.00	LOS_A	1	0.00	0.00
1	10800-14400	118-1135: Western Fwy@35.7-1134: Western Fwy@6.5	1135	1134	879	849	6	14	10	0.87	0.88	0.62	1.13	0.13	0.00	0.00	0.00	0.00	0.00	LOS_A	1	0.03	33.38
1	10800-14400	118-1135: Western Fwy@35.7-1136: Western Fwy@4.3	1135	1136	559	551	0	5	3	3.83	3.80		6.57	5.05	0.00	0.00		0.00	0.00	LOS_A	1	0.03	33.38
1	10800-14400	118			1438	1400	6	19	13	2.02	2.03	0.62	2.56	1.27	0.00	0.00	0.00	0.00	0.00	LOS_A	1	0.03	33.38
1	10800-14400	119-1090@228.7-1098@20.0	1090	1098	83	76	0	4	3	59.03	57.76		70.22	76.27	50.20	49.32		57.57	62.72	LOS_E	5	6.87	55.51
1	10800-14400	119-1090@228.7-1100@8.0	1090	1100	167	158	0	5	4	10.04	10.01		15.68	4.05	3.77	3.69		9.43	0.00	LOS_B	2	2.21	61.18
1	10800-14400	119-1114@10.9-1098@20.0	1114	1098	308	293	0	7	4	22.68	23.36		11.90	13.85	17.69	18.35		6.30	7.15	LOS_C	3	8.19	96.97
1	10800-14400	119-1114@10.9-1116@15.9	1114	1116	277	264	0	8	5	1.80	1.83		1.16	1.32	0.32	0.33		0.00	0.00	LOS_A	1	0.00	0.00
1	10800-14400	119-1237@6.9-1100@8.0	1237	1100	526	521	0	1	0	5.64	5.64		0.98		1.71	1.71		0.00		LOS_A	1	12.99	129.97
1	10800-14400	119-1237@6.9-1116@15.9	1237	1116	175	171	2	1	1	40.70	40.77	35.47	3.34	77.64	33.08	33.22	21.94	0.00	64.91	LOS_D	4	12.99	129.97
1	10800-14400	119			1536	1483	2	26	17	15.72	15.65	35.47	17.55	22.63	11.08	11.04	21.94	12.37	16.57	LOS_B	2	6.05	129.97
1	10800-14400	120-1100@12.7-1099@27.3	1100	1099	453	444	0	4	2	8.70	8.70		8.08	17.89	6.00	6.04		4.54	7.72	LOS_A	1	11.37	97.53
1	10800-14400	120-1100@12.7-1103@19.5	1100	1103	147	146	0	0	0	1.79	1.79				0.40	0.40				LOS_A	1	0.06	19.24
1	10800-14400	120-1100@12.7-1107@21.1	1100	1107	93	89	0	2	2	63.08	61.94		135.34	41.58	56.09	55.02		125.75	33.92	LOS_E	5	11.37	97.53
1	10800-14400	120-1106@32.8-1099@27.3	1106	1099	0	0	0	0	0											LOS_A		23.00	245.71
1	10800-14400	120-1106@32.8-1103@19.5	1106	1103	0	0	0	0	0											LOS_A		23.00	245.71
1	10800-14400	120-1106@32.8-1112@5.6	1106	1112	258	247	0	6	5	39.57	39.43		35.19	51.51	30.30	30.24		23.82	40.93	LOS_D	4	23.00	245.71
1	10800-14400	120-1184@12.8-1184@46.5	1184	1184	3	3	0	0	0	0.00	0.00				0.00	0.00				LOS_A	1	0.00	0.00
1	10800-14400	120-1186@9.2-1186@61.3	1186	1186	1	0	0	0	0	79.84					78.32					LOS_E	5	0.06	14.83
1	10800-14400	120-1189@5.6-1189@50.7	1189	1189	4	0	0	0	0	109.65					108.53					LOS_F	6	0.08	20.27
1	10800-14400	120-1190@11.3-1190@56.8	1190	1190	8	0	0	0	0	152.47					150.98					LOS_F	6	0.35	15.47
1	10800-14400	120-1191@12.4-1191@46.2	1191	1191	3	3	0	0	0	0.00	0.00				0.00	0.00				LOS_A	1	0.00	0.00
1	10800-14400	120-1192@6.0-1192@58.2	1192	1192	0	0	0	0	0											LOS_A		0.00	0.00
1	10800-14400	120-1193@13.6-1193@42.6	1193	1193	0	0	0	0	0											LOS_A		0.00	0.00
1	10800-14400	120-1194@0.7-1194@34.7	1194	1194	0	0	0	0	0											LOS_A		0.00	0.00
1	10800-14400	120-1236@14.1-1103@19.5	1236	1103	0	0	0	0	0											LOS_A		8.65	76.82
1	10800-14400	120-1236@14.1-1107@21.1	1236	1107	40	40	0	0	0	25.46	25.46				18.77	18.77				LOS_C	3	8.65	76.82
1	10800-14400	120-1236@14.1-1112@5.6	1236	1112	326	310	0	9	4	26.69	27.15		14.60	36.36	18.66	19.14		7.13	21.86	LOS_C	3	8.65	76.82
1	10800-14400	120-1239@4.2-1099@27.3	1239	1099	6	6	0	0	0	46.57	46.57				39.93	39.93				LOS_D	4	1.15	14.50
1	10800-14400	120-1239@4.2-1107@21.1	1239	1107	0	0	0	0	0											LOS_A		1.15	14.50
1	10800-14400	120-1239@4.2-11576@36.8	1239	11576	1	0	0	0	0	253.60					236.34					LOS_F	6	1.15	14.50
1	10800-14400	120			1343	1288	0	21	13	24.03	22.59		30.74	40.15	18.49	17.10		22.70	28.87	LOS_C	3	3.44	245.71
1	10800-14400	121			0	0	0	0	0											LOS_A			
1	10800-14400	122			0	0	0	0	0											LOS_A			
1	10800-14400	123			0	0	0	0	0											LOS_A			
1	10800-14400	124-1123@88.6-1122@4.7	1123	1122	6	6	0	0	0	4.41	4.41				1.68	1.68				LOS_A	1	0.02	5.87
1	10800-14400	124-1130@109.7-1122@4.7	1130	1122	539	515	0	12	7	0.42	0.25		1.07	0.71	0.00	0.00		0.00	0.00	LOS_A	1	1.10	48.80
1	10800-14400	124-1130@109.7-1180@8.5	1130	1180	24	24	0	0	0	0.79	0.79				0.13	0.13				LOS_A	1	1.10	48.80
1	10800-14400	124			569	545	0	12	7	0.48	0.32		1.07	0.71	0.03	0.03		0.00	0.00	LOS_A	1	0.56	48.80
1	10800-14400	125			0	0	0	0	0											LOS_A			
1	10800-14400	244-1156@962.0-1223@12.7	1156	1223	0	0	0	0	0											LOS_A		0.00	0.00
1	10800-14400	244-1156@962.0-1224@15.7	1156	1224	195	187	0	5	3	0.06	0.06		0.17	0.00	0.00	0.00		0.00	0.00	LOS_A	1	0.00	0.00
1	10800-14400	244-1221@50.0-1224@15.7	1221	1224	0	0	0	0	0											LOS_A		0.00	0.00
1	10800-14400	244-1221@50.0-1225@11.6	1221	1225	0	0	0	0	0											LOS_A		0.00	0.00
1	10800-14400	244-1227@99.3-1223@12.7	1227	1223	0	0	0	0	0											LOS_A		0.00	0.00
1	10800-14400	244-1227@99.3-1225@11.6	1227	1225	182	174	0	4	4	0.02	0.02		0.00	0.06	0.00	0.00		0.00	0.00	LOS_A	1	0.00	0.00
1	10800-14400	244			377	361	0	9	7	0.04	0.04		0.10	0.04	0.00	0.00		0.00	0.00	LOS_A	1	0.00	0.00
1	10800-14400	245			0	0	0	0	0											LOS_A			
1	10800-14400	246-1224@100.1-1229@17.2	1224	1229	18	18	0	0	0	0.20	0.20				0.00	0.00				LOS_A	1	0.00	0.00
1	10800-14400	246-1224@100.1-1230@17.9	1224	1230	177	169	0	5	3	0.15	0.15		0.15	0.00	0.00	0.00		0.00	0.00	LOS_A	1	0.00	0.00
1	10800-14400	246-1228@93.7-1227@14.9	1228	1227	9	9	0	0	0	3.99	3.99				0.77	0.77				LOS_A	1	0.02	5.81
1	10800-14400	246-1228@93.7-1230@17.9	1228	1230	32	32	0	0	0	1.27	1.27				0.00	0.00				LOS_A	1	0.00	5.98
1	10800-14400	246-1235@217.9-1227@14.9	1235	1227	173	165	0	4	4	0.03	0.02		0.00	0.07	0.00	0.00		0.00	0.00	LOS_A	1	0.00	0.00
1	10800-14400	246-1235@217.9-1229@17.2	1235	1229	31	31	0	0	0	0.79	0.79				0.00	0.00				LOS_A	1	0.00	5.60
1	10800-14400	246			440	424	0	9	7	0.31	0.32		0.08	0.04	0.02	0.02		0.00	0.00	LOS_A	1	0.00	5.98
1	10800-14400	247			0	0	0	0	0											LOS_A			
1	10800-14400	248-1152@193.7-1233@16.5	1152	1233	29	29	0	0	0	2.37	2.37				0.14	0.14				LOS_A	1	0.03	11.67
1	10800-14400	248-1152@193.7-1235@13.8	1152	1235	203	195	0	4	4	0.30	0.24		3.72	0.10	0.00	0.01		0.00	0.00	LOS_A	1	0.00	0.00
1	10800-14400	248-1230@222.2-1233@16.5	1230	1233	2	2	0	0	0	0.39	0.39				0.00	0.00				LOS_A	1	0.00	0.00
1	10800-14400	248-1230@222.2-1234@16.0	1230	1234	207	199	0	5	3	0.07	0.06		0.29	0.00	0.00	0.00		0.00	0.00	LOS_A	1	0.00	0.00
1	10800-14400	248-1232@78.7-1234@16.0	1232	1234	25	25	0	0	0	2.14	2.14				0.32	0.32				LOS_A	1	0.02	6.15
1	10800-14400	248-1232@78.7-1235@13.8	1232	1235	1	1	0	0	0	2.95	2.95				0.00	0.00				LOS_A	1	0.00	0.00
1	10800-14400	248			467	451	0	9	7	0.43	0.41		1.81	0.06	0.03	0.03		0.00	0.00	LOS_A	1	0.01	11.67
1	10800-14400	249			0	0	0	0	0											LOS_A			
1	10800-14400	312-2419@3.3-24810@22.1	2419	24810	551	505	1	37	8	39.76	39.87	30.59	37.19	46.40	29.49	29.66	18.55	26.66	33.24	LOS_D	4	26.28	180.52
1	10800-14400	312-2420@4.1-2422@13.2	2420	2422	455	417	2	30	6	8.92	8.98	22.19	6.79	10.78	3.40	3.40	15.15	2.07	6.03	LOS_A	1	4.79	180.75
1	10800-14400	312-2475@44.5-2391@3.4	2475	2391	222	176	4	31	11	48.77	50.01	34.14	44.52	46.12	38.22	40.19	24.13	31.12	31.92	LOS_D	4	11.64	58.13
1	10800-14400	312-2475@44.5-2422@13.2	2475	2422	22	22	0	0	0	5.02	5.02				0.04	0.04				LOS_A	1	0.00	0.00
1	10800-14400	312-2527@16.1-2391@3.4	2527	2391	323	313	1	9	0	25.68	25.97	3.85	17.98		17.53	17.81	0.00	9.91		LOS_C	3	5.44	57.01
1	10800-14400	312-2527@16.1-24810@22.1	2527	24810	161	157	0	4	0	12.48	12.52		10.75		8.21	8.34		3.29		LOS_B	2	1.92	26.03
1	10800-14400	312			1734	1590	8	111	25	27.22	26.97	26.92	28.51	37.73	19.18	19.09	18.17	19.06	26.13	LOS_C	3	8.35	180.75
1	10800-14400	313-2394@59.8-2414@34.7	2394	2414	377	362	0	12	3	20.97	20.62		28.27	34.57	13.88	13.64		18.65	24.77	LOS_C	3	7.32	73.44
1	10800-14400	313-2394@59.8-2418@36.3	2394	2418	119	114	0	5	0	47.27	46.73		59.71		38.28	37.81		49.20		LOS_D	4	8.33	73.63
1	10800-14400	313-2401@29.1-2389@16.1	2401	2389	526	516	1	9	0	8.75	8.85	1.88	3.75		1.29	1.32	0.00	0.00		LOS_A	1	1.32	93.35
1	10800-14400	313-2401@29.1-2418@36.3	2401	2418	887	808	3	62	14	15.78	15.91	2.36	13.43	21.76	6.23	6.27	0.00	4.62	12.24	LOS_B	2	10.74	146.36
1	10800-14400	313-2416@14.9-2389@16.1	2416	2389	58	49	1	8	0	53.43	55.08	31.34	46.07		43.95	46.15	19.78	33.43		LOS_D	4	3.76	27.39
1	10800-14400	313-2416@14.9-2414@34.7	2416	2414	487	440	4	32	11	4.58	4.86	0.01	1.99	2.87	2.02	2.24	0.00	0.00	0.00	LOS_A	1	3.76	27.39
1	10800-14400	313			2454	2289	9	128	28	15.27	15.31	4.48	15.13	15.71	7.96	7.97	2.20	8.00	8.77	LOS_B	2	6.29	146.36
1	10800-14400	314-2403@220.3-2402@17.0	2403	2402	41	39	0	2	0	11.12	10.59		21.49		4.94	4.63		10.98		LOS_B	2	0.33	24.74
1	10800-14400	314-2403@220.3-2424@24.2	2403	2424	16	16	0	0	0	48.67	48.67				42.07	42.07				LOS_D	4	1.22	26.28
1	10800-14400	314-2409@18.3-2410@13.9	2409	2410	20	20	0	0	0	64.19	64.19				57.66	57.66				LOS_E	5	2.40	32.63
1	10800-14400	314-2409@18.3-2424@24.2	2409	2424	844	782	4	44	14	1.75	1.69	2.31	2.26	3.47	0.54	0.55	0.00	0.21	0.95	LOS_A	1	2.40	32.63
1	10800-14400	314-2413@40.6-2402@17.0	2413	2402	1372	1285	4	69	14	9.52	9.73	9.37	5.76	8.53	3.79	3.94	4.31	1.32	2.65	LOS_A	1	10.43	147.97
1	10800-14400	314-2413@40.6-2410@13.9	2413	2410	3	3	0	0	0	1.06	1.06				0.00	0.00				LOS_A	1	0.00	0.00
1	10800-14400	314-2517@5.7-2517@54.4	2517	2517	0	0	0	0	0											LOS_A		0.00	0.00
1	10800-14400	314			2296	2145	8	115	28	7.43	7.60	5.84	4.70	6.00	3.35	3.50	2.15	1.06	1.80	LOS_A	1	2.39	147.97
1	10800-14400	315-2424@32.6-2426@30.8	2424	2426	820	776	2	33	9	6.73	6.50	18.89	11.86	5.19	3.63	3.54	4.88	6.07	2.18	LOS_A	1	3.70	69.13
1	10800-14400	315-2424@32.6-2434@37.0	2424	2434	8	8	0	0	0	62.26	62.26				56.11	56.11				LOS_E	5	3.70	69.13
1	10800-14400	315-2424@32.6-2439@33.6	2424	2439	32	14	2	11	5	9.03	11.00	17.22	5.04	9.02	3.89	6.01	6.67	1.81	1.43	LOS_A	1	3.70	69.13
1	10800-14400	315-2430@18.6-2413@31.6	2430	2413	106	90	0	14	2	10.97	10.46		12.06	26.60	4.29	4.27		3.27	12.26	LOS_B	2	1.09	52.98
1	10800-14400	315-2430@18.6-2426@30.8	2430	2426	16	16	0	0	0	37.75	37.75				31.33	31.33				LOS_D	4	1.15	18.76
1	10800-14400	315-2430@18.6-2439@33.6	2430	2439	4	4	0	0	0	56.29	56.29				48.07	48.07				LOS_E	5	1.15	18.76
1	10800-14400	315-2438@12.4-2413@31.6	2438	2413	100	58	3	33	6	272.81	276.13	216.01	282.24	217.23	243.66	248.00	190.78	250.46	190.80	LOS_F	6	105.96	270.50
1	10800-14400	315-2438@12.4-2426@30.8	2438	2426	0	0	0	0	0											LOS_A		105.96	270.50
1	10800-14400	315-2438@12.4-2434@37.0	2438	2434	30	29	0	1	0	149.54	148.79		171.29		131.34	130.93		143.18		LOS_F	6	105.96	270.50
1	10800-14400	315-2442@2.5-2413@31.6	2442	2413	1169	1140	1	22	6	8.11	8.10	0.52	8.57	10.08	3.46	3.46	0.00	3.58	4.10	LOS_A	1	4.89	120.34
1	10800-14400	315-2442@2.5-2434@37.0	2442	2434	4	2	0	1	1	0.92	0.44		2.12	0.68	0.00	0.00		0.00	0.00	LOS_A	1	4.89	120.34
1	10800-14400	315-2442@2.5-2439@33.6	2442	2439	5	5	0	0	0	57.79	57.79				50.76	50.76				LOS_E	5	4.89	120.34
1	10800-14400	315			2294	2142	8	115	29	21.73	17.42	90.09	89.49	52.05	16.26	12.48	74.43	76.11	42.09	LOS_C	3	23.36	270.50
1	10800-14400	316			0	0	0	0	0											LOS_A			
1	10800-14400	317			0	0	0	0	0											LOS_A			
1	10800-14400	318			0	0	0	0	0											LOS_A			
1	10800-14400	319			0	0	0	0	0											LOS_A			
1	10800-14400	320			0	0	0	0	0											LOS_A			
1	10800-14400	322-2388@109.5-2387: Western Fwy  Deer Park Byp@24.8	2388	2387	584	565	2	17	0	0.09	0.09	0.04	0.15		0.00	0.00	0.00	0.00		LOS_A	1	0.00	0.00
1	10800-14400	322-2397: Western Fwy  Deer Park Byp@856.0-2387: Western Fwy  Deer Park Byp@24.8	2397	2387	1111	1081	3	26	1	0.16	0.16	0.28	0.17	0.64	0.00	0.00	0.00	0.00	0.00	LOS_A	1	0.00	0.00
1	10800-14400	322			1695	1646	5	43	1	0.14	0.14	0.18	0.16	0.64	0.00	0.00	0.00	0.00	0.00	LOS_A	1	0.00	0.00
1	10800-14400	323-2479: Western Fwy  Deer Park Byp@45.2-2477@22.4	2479	2477	244	198	4	31	11	2.29	1.79	5.48	4.24	4.63	0.00	0.00	0.00	0.00	0.00	LOS_A	1	0.00	0.00
1	10800-14400	323-2479: Western Fwy  Deer Park Byp@45.2-2478: Western Fwy  Deer Park Byp@23.8	2479	2478	847	755	7	56	29	0.30	0.31	0.01	0.25	0.24	0.00	0.00	0.00	0.00	0.00	LOS_A	1	0.00	0.00
1	10800-14400	323			1091	953	11	87	40	0.74	0.61	2.00	1.67	1.45	0.00	0.00	0.00	0.00	0.00	LOS_A	1	0.00	0.00
1	10800-14400	324-2478: Western Fwy  Deer Park Byp@815.7-2483: Western Fwy  Deer Park Byp@32.3	2478	2483	847	755	7	56	29	0.28	0.29	0.02	0.21	0.25	0.00	0.00	0.00	0.00	0.00	LOS_A	1	0.00	0.00
1	10800-14400	324-2485@71.7-2483: Western Fwy  Deer Park Byp@32.3	2485	2483	712	662	1	41	8	7.63	7.68	0.16	6.80	7.97	0.06	0.07	0.00	0.04	0.11	LOS_A	1	0.00	0.00
1	10800-14400	324			1559	1417	8	97	37	3.63	3.74	0.03	2.99	1.92	0.03	0.03	0.00	0.02	0.02	LOS_A	1	0.00	0.00
1	10800-14400	325-2398: Western Fwy  Deer Park Byp@30.6-2385@22.8	2398	2385	496	476	0	17	3	2.78	2.69		4.95	5.21	0.00	0.00		0.00	0.00	LOS_A	1	0.00	0.00
1	10800-14400	325-2398: Western Fwy  Deer Park Byp@30.6-2397: Western Fwy  Deer Park Byp@22.6	2398	2397	1111	1081	3	26	1	0.47	0.47	0.35	0.56	1.98	0.00	0.00	0.00	0.00	0.00	LOS_A	1	0.00	0.00
1	10800-14400	325			1607	1557	3	43	4	1.18	1.15	0.35	2.29	4.40	0.00	0.00	0.00	0.00	0.00	LOS_A	1	0.00	0.00
1	10800-14400	326-2502: Western Fwy  Deer Park Byp@2131.3-2513: Western Fwy  Deer Park Byp@18.8	2502	2513	745	719	1	24	1	0.13	0.13	0.00	0.10	0.00	0.00	0.00	0.00	0.00	0.00	LOS_A	1	0.00	0.00
1	10800-14400	326-2514: Western Fwy  Deer Park Byp@123.8-2513: Western Fwy  Deer Park Byp@18.8	2514	2513	862	838	2	19	3	1.42	1.40	5.26	2.04	0.82	0.00	0.00	0.00	0.00	0.00	LOS_A	1	0.00	0.00
1	10800-14400	326			1607	1557	3	43	4	0.82	0.81	3.50	0.96	0.61	0.00	0.00	0.00	0.00	0.00	LOS_A	1	0.00	0.00
1	10800-14400	327-2505: Western Fwy  Deer Park Byp@33.7-2506: Western Fwy  Deer Park Byp@21.2	2505	2506	898	806	7	61	24	0.58	0.60	0.02	0.21	0.97	0.02	0.03	0.00	0.00	0.00	LOS_A	1	0.16	50.53
1	10800-14400	327-2505: Western Fwy  Deer Park Byp@33.7-2508: Western Fwy  Deer Park Byp@13.2	2505	2508	662	612	1	36	13	2.35	2.10	5.68	4.40	7.99	0.03	0.00	0.00	0.00	1.71	LOS_A	1	0.16	50.53
1	10800-14400	327			1560	1418	8	97	37	1.33	1.25	0.73	1.76	3.44	0.03	0.02	0.00	0.00	0.60	LOS_A	1	0.16	50.53
1	14400-18000	43-28: Troups Rd N@6.9-13: Western Hwy@23.8	28	13	6	6	0	0	0	0.09	0.09				0.00	0.00				LOS_A	1	0.00	0.00
1	14400-18000	43-609: Western Hwy@95.9-13: Western Hwy@23.8	609	13	1652	1612	3	23	14	1.32	1.31	0.26	1.78	1.99	0.00	0.00	0.00	0.00	0.00	LOS_A	1	0.00	0.00
1	14400-18000	43-609: Western Hwy@95.9-27: Troups Rd N@5.6	609	27	195	191	0	1	1	1.66	1.62		2.89	3.92	0.00	0.00		0.00	0.00	LOS_A	1	0.00	0.00
1	14400-18000	43-944: Western Hwy@45.8-73: Western Hwy@23.3	944	73	1157	1088	4	41	22	0.09	0.09	0.29	0.08	0.05	0.00	0.00	0.00	0.00	0.00	LOS_A	1	0.00	0.00
1	14400-18000	43			3010	2897	7	65	37	0.87	0.87	0.28	0.72	0.89	0.00	0.00	0.00	0.00	0.00	LOS_A	1	0.00	0.00
1	14400-18000	44-15@3.2-243: Ferris Rd  Melton Hwy@24.7	15	243	371	355	0	9	5	31.31	31.60		33.26	12.25	22.02	22.41		20.32	5.27	LOS_C	3	10.77	99.13
1	14400-18000	44-421: Ferris Rd@65.5-20@13.7	421	20	27	26	1	0	0	1.60	1.51	3.72			0.00	0.00	0.00			LOS_A	1	0.00	0.00
1	14400-18000	44-421: Ferris Rd@65.5-243: Ferris Rd  Melton Hwy@24.7	421	243	311	308	0	2	1	24.16	24.24		12.18	21.76	13.90	14.00		3.97	5.81	LOS_C	3	6.90	70.65
1	14400-18000	44-682@3.6-420: Ferris Rd@19.2	682	420	196	187	0	5	4	0.24	0.24		0.31	0.15	0.00	0.00		0.00	0.00	LOS_A	1	3.53	87.18
1	14400-18000	44-10393@15.0-19@37.7	10393	19	190	188	0	2	0	42.60	42.20		79.57		32.25	31.94		62.03		LOS_D	4	26.84	326.67
1	14400-18000	44-10393@15.0-420: Ferris Rd@19.2	10393	420	304	295	0	3	6	19.74	20.15		2.82	8.37	10.84	11.16		0.00	0.65	LOS_B	2	26.84	326.67
1	14400-18000	44			1399	1359	1	21	16	23.81	24.02	3.72	23.47	8.37	15.67	15.87	0.00	14.99	2.26	LOS_C	3	9.61	326.67
1	14400-18000	45-499: Zone connector@162.8-95: Melton Hwy@35.1	499	95	48	48	0	0	0	22.58	22.58				15.87	15.87				LOS_C	3	1.43	27.10
1	14400-18000	45-499: Zone connector@162.8-307: Melton Hwy@9.5	499	307	59	58	0	1	0	1.83	1.84		1.44		0.14	0.14		0.00		LOS_A	1	0.00	6.05
1	14400-18000	45-677: Melton Hwy@21.4-307: Melton Hwy@9.5	677	307	427	413	0	6	8	5.89	5.84		7.45	7.31	2.08	2.09		1.04	2.15	LOS_A	1	1.63	45.42
1	14400-18000	45-677: Melton Hwy@21.4-500: Zone connector@16.0	677	500	38	38	0	0	0	1.56	1.56				0.00	0.00				LOS_A	1	0.00	0.00
1	14400-18000	45-680: Melton Hwy@11.3-95: Melton Hwy@35.1	680	95	427	418	0	5	4	3.02	2.95		3.89	9.53	0.78	0.76		1.10	2.49	LOS_A	1	3.78	49.93
1	14400-18000	45-680: Melton Hwy@11.3-363: Gateway Dr@7.0	680	363	0	0	0	0	0											LOS_A		0.00	0.00
1	14400-18000	45-680: Melton Hwy@11.3-500: Zone connector@16.0	680	500	63	62	0	1	0	36.91	36.88		38.93		27.96	28.00		25.10		LOS_D	4	3.78	49.93
1	14400-18000	45-681: Gateway Dr@258.9-95: Melton Hwy@35.1	681	95	0	0	0	0	0											LOS_A		0.00	0.00
1	14400-18000	45			1062	1037	0	13	12	6.95	6.92		8.04	8.05	3.53	3.56		2.83	2.26	LOS_A	1	0.98	49.93
1	14400-18000	46-12: Hopkins Rd@73.6-44: Hopkins Rd@23.1	12	44	377	358	0	9	10	4.53	4.47		4.10	7.28	0.63	0.66		0.00	0.19	LOS_A	1	0.94	53.17
1	14400-18000	46-12: Hopkins Rd@73.6-104@37.0	12	104	161	153	0	5	3	2.35	2.32		4.18	0.59	0.06	0.03		0.86	0.00	LOS_A	1	0.51	53.17
1	14400-18000	46-12: Hopkins Rd@73.6-428@34.4	12	428	18	18	0	0	0	3.41	3.41				0.55	0.55				LOS_A	1	0.94	53.17
1	14400-18000	46-12: Hopkins Rd@73.6-1243: Hopkins Rd@4.3	12	1243	0	0	0	0	0											LOS_A		0.94	53.17
1	14400-18000	46-255: Hopkins Rd@17.0-44: Hopkins Rd@23.1	255	44	0	0	0	0	0											LOS_A		0.03	11.91
1	14400-18000	46-255: Hopkins Rd@17.0-104@37.0	255	104	64	59	0	1	2	1.23	0.99		0.33	5.74	0.00	0.00		0.00	0.00	LOS_A	1	0.03	11.91
1	14400-18000	46-255: Hopkins Rd@17.0-428@34.4	255	428	11	11	0	0	0	0.73	0.73				0.00	0.00				LOS_A	1	0.03	11.91
1	14400-18000	46-255: Hopkins Rd@17.0-1243: Hopkins Rd@4.3	255	1243	292	285	1	3	3	0.85	0.84	0.83	0.98	1.79	0.01	0.01	0.00	0.00	0.00	LOS_A	1	0.03	11.91
1	14400-18000	46-257@11.2-44: Hopkins Rd@23.1	257	44	67	64	0	3	0	7.64	7.40		12.61		2.48	2.27		6.81		LOS_A	1	2.68	65.42
1	14400-18000	46-257@11.2-104@37.0	257	104	0	0	0	0	0											LOS_A		2.68	65.42
1	14400-18000	46-257@11.2-428@34.4	257	428	0	0	0	0	0											LOS_A		2.68	65.42
1	14400-18000	46-257@11.2-1243: Hopkins Rd@4.3	257	1243	186	185	0	1	0	11.77	11.77		11.46		3.59	3.61		0.78		LOS_B	2	2.97	68.21
1	14400-18000	46-429@91.6-44: Hopkins Rd@23.1	429	44	47	47	0	0	0	4.64	4.64				0.76	0.76				LOS_A	1	0.18	35.85
1	14400-18000	46-429@91.6-104@37.0	429	104	25	25	0	0	0	3.41	3.41				0.92	0.92				LOS_A	1	0.18	35.85
1	14400-18000	46-429@91.6-428@34.4	429	428	0	0	0	0	0											LOS_A		0.18	35.85
1	14400-18000	46-429@91.6-1243: Hopkins Rd@4.3	429	1243	16	16	0	0	0	5.21	5.21				1.63	1.63				LOS_A	1	0.18	35.85
1	14400-18000	46			1264	1221	1	22	18	4.41	4.39	0.83	5.02	5.08	0.93	0.94	0.00	1.16	0.11	LOS_A	1	1.05	68.21
1	14400-18000	47-4: Caroline Springs Blvd@6.8-212: Caroline Springs Blvd@4.6	4	212	382	365	0	7	6	0.94	0.77		0.65	0.25	0.02	0.02		0.00	0.00	LOS_A	1	0.00	5.04
1	14400-18000	47-4: Caroline Springs Blvd@6.8-446@6.0	4	446	0	0	0	0	0											LOS_A		0.00	0.00
1	14400-18000	47-447@32.5-212: Caroline Springs Blvd@4.6	447	212	0	0	0	0	0											LOS_A		0.00	0.00
1	14400-18000	47-887: Caroline Springs Blvd@16.4-212: Caroline Springs Blvd@4.6	887	212	22	21	0	1	0	6.31	6.40		4.44		1.08	1.13		0.00		LOS_A	1	0.15	61.42
1	14400-18000	47-887: Caroline Springs Blvd@16.4-448@12.1	887	448	889	868	0	10	7	0.83	0.83		0.67	0.00	0.00	0.00		0.00	0.00	LOS_A	1	0.13	51.53
1	14400-18000	47			1293	1254	0	18	13	0.96	0.91		0.87	0.12	0.03	0.03		0.00	0.00	LOS_A	1	0.06	61.42
1	14400-18000	48-67: Meskos Rd@199.5-12: Hopkins Rd@2.0	67	12	1	1	0	0	0	0.08	0.08				0.00	0.00				LOS_A	1	0.00	0.00
1	14400-18000	48-67: Meskos Rd@199.5-252: Hopkins Rd@3.1	67	252	0	0	0	0	0											LOS_A		0.00	0.00
1	14400-18000	48-251: Hopkins Rd@11.8-12: Hopkins Rd@2.0	251	12	555	528	0	14	13	0.07	0.06		0.16	0.15	0.00	0.00		0.00	0.00	LOS_A	1	0.00	0.00
1	14400-18000	48-251: Hopkins Rd@11.8-66: Meskos Rd@6.0	251	66	0	0	0	0	0											LOS_A		0.00	0.00
1	14400-18000	48-1243: Hopkins Rd@76.3-66: Meskos Rd@6.0	1243	66	0	0	0	0	0											LOS_A		0.34	60.94
1	14400-18000	48-1243: Hopkins Rd@76.3-252: Hopkins Rd@3.1	1243	252	494	486	1	4	3	0.83	0.84	0.16	0.29	0.24	0.31	0.31	0.00	0.00	0.00	LOS_A	1	0.28	53.99
1	14400-18000	48			1050	1015	1	18	16	0.42	0.43	0.16	0.19	0.16	0.14	0.15	0.00	0.00	0.00	LOS_A	1	0.12	60.94
1	14400-18000	49-351: Delma Rd@85.2-352: Eucumbene Dr@37.8	351	352	0	0	0	0	0											LOS_A		0.00	0.00
1	14400-18000	49-351: Delma Rd@85.2-506: Zone connector@80.7	351	506	0	0	0	0	0											LOS_A		0.00	0.00
1	14400-18000	49-353: Eucumbene Dr@275.9-350: Delma Rd@23.2	353	350	0	0	0	0	0											LOS_A		0.00	0.00
1	14400-18000	49-353: Eucumbene Dr@275.9-506: Zone connector@80.7	353	506	60	60	0	0	0	0.01	0.01				0.00	0.00				LOS_A	1	0.00	0.00
1	14400-18000	49-505: Zone connector@77.8-350: Delma Rd@23.2	505	350	109	106	0	2	1	0.46	0.41		1.80	3.30	0.00	0.00		0.00	0.00	LOS_A	1	0.00	6.17
1	14400-18000	49-505: Zone connector@77.8-352: Eucumbene Dr@37.8	505	352	5	5	0	0	0	0.01	0.01				0.00	0.00				LOS_A	1	0.00	0.00
1	14400-18000	49			174	171	0	2	1	0.29	0.26		1.80	3.30	0.00	0.00		0.00	0.00	LOS_A	1	0.00	6.17
1	14400-18000	50-115: Western Hwy@22.9-209: Ballarat Rd  Western Hwy@28.7	115	209	333	325	0	4	4	38.74	39.00		27.30	28.97	30.71	30.95		20.76	20.47	LOS_D	4	13.17	101.15
1	14400-18000	50-115: Western Hwy@22.9-283: Christies Rd@7.9	115	283	26	26	0	0	0	70.04	70.04				61.93	61.93				LOS_E	5	13.17	101.15
1	14400-18000	50-461: Ballarat Rd  Western Hwy@7.1-114: Western Hwy@17.3	461	114	547	533	0	8	6	34.26	34.11		41.10	38.67	24.13	24.12		25.31	23.34	LOS_C	3	38.09	233.83
1	14400-18000	50-461: Ballarat Rd  Western Hwy@7.1-215: Caroline Springs Blvd@5.8	461	215	344	340	0	3	1	74.16	74.00		91.52	76.54	54.42	54.34		65.11	51.22	LOS_E	5	38.09	233.83
1	14400-18000	50-648: Christies Rd@37.8-114: Western Hwy@17.3	648	114	25	24	0	1	0	48.89	49.52		33.73		40.70	41.47		22.17		LOS_D	4	37.99	208.44
1	14400-18000	50-648: Christies Rd@37.8-209: Ballarat Rd  Western Hwy@28.7	648	209	65	57	0	4	4	137.29	135.58		175.79	123.11	120.37	119.25		153.72	102.95	LOS_F	6	37.99	208.44
1	14400-18000	50-648: Christies Rd@37.8-215: Caroline Springs Blvd@5.8	648	215	525	507	0	8	6	52.70	52.81		38.94	34.32	41.23	41.31		28.84	26.76	LOS_D	4	37.99	208.44
1	14400-18000	50-649@8.2-283: Christies Rd@7.9	649	283	49	39	0	6	4	2.34	2.31		2.53	2.34	0.17	0.22		0.00	0.00	LOS_A	1	0.03	9.50
1	14400-18000	50-651@22.8-215: Caroline Springs Blvd@5.8	651	215	42	42	0	0	0	0.78	0.78				0.00	0.00				LOS_A	1	0.00	12.87
1	14400-18000	50-652: Caroline Springs Blvd@21.4-114: Western Hwy@17.3	652	114	17	17	0	0	0	82.85	82.85				71.62	71.62				LOS_F	6	12.97	100.43
1	14400-18000	50-652: Caroline Springs Blvd@21.4-209: Ballarat Rd  Western Hwy@28.7	652	209	144	142	0	2	0	7.16	7.14		8.65		0.94	0.96		0.00		LOS_A	1	0.08	12.99
1	14400-18000	50-652: Caroline Springs Blvd@21.4-283: Christies Rd@7.9	652	283	243	227	0	6	6	48.29	47.61		56.17	61.52	38.26	37.83		44.18	48.11	LOS_D	4	12.97	100.43
1	14400-18000	50			2360	2279	0	42	31	47.08	46.90		50.73	48.43	35.98	35.84		38.42	36.58	LOS_D	4	14.62	233.83
1	14400-18000	51-7: Ballarat Rd  Western Hwy@16.6-10: Ballarat Rd  Western Hwy@18.5	7	10	45	43	0	0	2	240.08	239.24			258.08	221.57	220.90			236.05	LOS_F	6	76.75	164.59
1	14400-18000	51-7: Ballarat Rd  Western Hwy@16.6-385: Chisholm Dr@11.7	7	385	27	27	0	0	0	238.10	238.10				218.96	218.96				LOS_F	6	76.75	164.59
1	14400-18000	51-7: Ballarat Rd  Western Hwy@16.6-670: Ballarat Rd  Western Hwy@1.4	7	670	73	73	0	0	0	277.09	277.09				247.95	247.95				LOS_F	6	76.75	164.59
1	14400-18000	51-7: Ballarat Rd  Western Hwy@16.6-671: Panamax Rd@7.5	7	671	0	0	0	0	0											LOS_A		76.75	164.59
1	14400-18000	51-347: Panamax Rd@4.8-10: Ballarat Rd  Western Hwy@18.5	347	10	167	163	0	2	2	102.03	101.75		107.19	120.17	84.19	84.07		83.45	94.59	LOS_F	6	12.42	95.30
1	14400-18000	51-347: Panamax Rd@4.8-385: Chisholm Dr@11.7	347	385	59	59	0	0	0	52.43	52.43				41.92	41.92				LOS_D	4	12.42	95.30
1	14400-18000	51-347: Panamax Rd@4.8-670: Ballarat Rd  Western Hwy@1.4	347	670	92	89	0	3	0	11.64	11.70		9.92		5.63	5.80		0.33		LOS_B	2	0.00	0.00
1	14400-18000	51-360: Ballarat Rd  Western Hwy@55.2-10: Ballarat Rd  Western Hwy@18.5	360	10	424	406	0	10	8	19.46	19.58		17.72	15.62	9.15	9.25		8.67	5.00	LOS_B	2	14.14	157.37
1	14400-18000	51-360: Ballarat Rd  Western Hwy@55.2-385: Chisholm Dr@11.7	360	385	50	50	0	0	0	15.10	15.10				7.11	7.11				LOS_B	2	14.14	157.37
1	14400-18000	51-360: Ballarat Rd  Western Hwy@55.2-671: Panamax Rd@7.5	360	671	68	68	0	0	0	67.29	67.29				57.81	57.81				LOS_E	5	14.14	157.37
1	14400-18000	51-673: Chisholm Dr@12.9-10: Ballarat Rd  Western Hwy@18.5	673	10	66	66	0	0	0	12.34	12.34				8.40	8.40				LOS_B	2	6.07	59.01
1	14400-18000	51-673: Chisholm Dr@12.9-670: Ballarat Rd  Western Hwy@1.4	673	670	26	26	0	0	0	109.66	109.66				90.57	90.57				LOS_F	6	8.81	59.70
1	14400-18000	51-673: Chisholm Dr@12.9-671: Panamax Rd@7.5	673	671	42	42	0	0	0	85.10	85.10				68.69	68.69				LOS_F	6	8.81	59.70
1	14400-18000	51-885: Ballarat Rd  Western Hwy@6.9-10: Ballarat Rd  Western Hwy@18.5	885	10	0	0	0	0	0											LOS_A		22.31	125.66
1	14400-18000	51-885: Ballarat Rd  Western Hwy@6.9-385: Chisholm Dr@11.7	885	385	142	139	0	2	1	65.08	65.49		17.30	104.45	52.55	52.98		4.10	89.47	LOS_E	5	22.31	125.66
1	14400-18000	51-885: Ballarat Rd  Western Hwy@6.9-670: Ballarat Rd  Western Hwy@1.4	885	670	640	618	0	12	10	29.43	29.41		33.22	25.88	17.70	17.75		17.94	14.30	LOS_C	3	22.31	125.66
1	14400-18000	51-885: Ballarat Rd  Western Hwy@6.9-671: Panamax Rd@7.5	885	671	174	165	0	5	4	30.65	30.16		37.64	41.87	16.30	16.28		16.45	17.06	LOS_C	3	22.31	125.66
1	14400-18000	51			2095	2034	0	34	27	53.89	54.30		30.67	52.30	41.35	41.82		16.48	37.11	LOS_D	4	20.07	164.59
1	14400-18000	52-198: Melton Hwy@69.6-182@11.5	198	182	238	226	0	6	4	2.84	2.76		4.40	3.87	0.07	0.08		0.00	0.00	LOS_A	1	0.00	0.00
1	14400-18000	52-198: Melton Hwy@69.6-308: Ferris Rd  Melton Hwy@20.5	198	308	488	477	0	5	6	1.30	1.32		0.75	0.54	0.01	0.01		0.00	0.00	LOS_A	1	0.00	0.00
1	14400-18000	52-339@366.5-200: Melton Hwy@21.7	339	200	187	180	0	4	3	0.25	0.26		0.19	0.22	0.00	0.00		0.00	0.00	LOS_A	1	0.00	0.00
1	14400-18000	52-339@366.5-308: Ferris Rd  Melton Hwy@20.5	339	308	6	6	0	0	0	28.92	28.92				20.08	20.08				LOS_D	4	0.06	6.18
1	14400-18000	52-956: Ferris Rd  Melton Hwy@55.3-182@11.5	956	182	204	197	0	4	3	30.08	30.00		32.86	31.61	13.92	14.04		9.03	12.28	LOS_D	4	13.80	244.50
1	14400-18000	52-956: Ferris Rd  Melton Hwy@55.3-200: Melton Hwy@21.7	956	200	478	466	0	7	3	4.86	4.92		3.73	0.36	2.07	2.10		1.23	0.00	LOS_A	1	6.65	215.65
1	14400-18000	52			1601	1552	0	26	19	6.24	6.23		7.25	6.07	2.48	2.50		1.72	1.94	LOS_A	1	4.10	244.50
1	14400-18000	53-899: Melton Hwy@13.5-199: Melton Hwy@15.7	899	199	0	0	0	0	0											LOS_A		0.16	25.68
1	14400-18000	53-899: Melton Hwy@13.5-301: High St@21.5	899	301	51	51	0	0	0	1.83	1.83				0.05	0.05				LOS_A	1	0.16	25.68
1	14400-18000	53-899: Melton Hwy@13.5-305: Melton Hwy@15.3	899	305	371	361	0	6	4	1.66	1.66		1.31	2.47	0.07	0.08		0.00	0.03	LOS_A	1	0.16	25.68
1	14400-18000	53-899: Melton Hwy@13.5-376: High St@36.1	899	376	243	234	0	5	2	2.98	2.89		4.83	5.12	0.02	0.02		0.00	0.00	LOS_A	1	0.16	25.68
1	14400-18000	53-900: High St@7.7-199: Melton Hwy@15.7	900	199	335	327	0	4	2	5.47	5.47		1.27	11.18	1.52	1.51		0.00	6.35	LOS_A	1	1.62	38.44
1	14400-18000	53-900: High St@7.7-301: High St@21.5	900	301	30	30	0	0	0	3.85	3.85				0.76	0.76				LOS_A	1	1.62	38.44
1	14400-18000	53-900: High St@7.7-305: Melton Hwy@15.3	900	305	112	112	0	0	0	8.13	8.13				0.78	0.78				LOS_A	1	1.31	38.44
1	14400-18000	53-900: High St@7.7-376: High St@36.1	900	376	0	0	0	0	0											LOS_A		1.62	38.44
1	14400-18000	53-901: Melton Hwy@7.6-199: Melton Hwy@15.7	901	199	358	343	0	7	8	14.81	14.72		12.06	21.09	3.69	3.72		0.64	4.84	LOS_B	2	7.27	86.69
1	14400-18000	53-901: Melton Hwy@7.6-301: High St@21.5	901	301	7	7	0	0	0	11.22	11.22				2.37	2.37				LOS_B	2	7.27	86.69
1	14400-18000	53-901: Melton Hwy@7.6-305: Melton Hwy@15.3	901	305	0	0	0	0	0											LOS_A		7.27	86.69
1	14400-18000	53-901: Melton Hwy@7.6-376: High St@36.1	901	376	121	121	0	0	0	14.39	14.39				3.59	3.59				LOS_B	2	7.27	86.69
1	14400-18000	53-1241: High St@3.1-199: Melton Hwy@15.7	1241	199	33	33	0	0	0	50.28	50.28				38.86	38.86				LOS_F	6	3.38	54.37
1	14400-18000	53-1241: High St@3.1-301: High St@21.5	1241	301	0	0	0	0	0											LOS_A		3.38	54.37
1	14400-18000	53-1241: High St@3.1-305: Melton Hwy@15.3	1241	305	7	7	0	0	0	56.79	56.79				45.51	45.51				LOS_F	6	3.38	54.37
1	14400-18000	53-1241: High St@3.1-376: High St@36.1	1241	376	18	18	0	0	0	22.37	22.37				14.96	14.96				LOS_C	3	3.38	54.37
1	14400-18000	53			1686	1644	0	22	16	8.23	8.22		5.52	13.20	2.55	2.58		0.20	3.22	LOS_A	1	2.68	86.69
1	14400-18000	54-526: Ferris Rd@22.5-310@35.3	526	310	23	22	0	1	0	4.23	4.19		5.06		0.18	0.19		0.00		LOS_A	1	0.02	6.07
1	14400-18000	54-526: Ferris Rd@22.5-421: Ferris Rd@15.4	526	421	0	0	0	0	0											LOS_A		0.00	0.00
1	14400-18000	54-526: Ferris Rd@22.5-525: Ferris Rd@18.9	526	525	477	460	0	7	10	0.07	0.07		0.09	0.18	0.00	0.00		0.00	0.00	LOS_A	1	0.00	0.00
1	14400-18000	54-527: Zone connector@58.2-310@35.3	527	310	0	0	0	0	0											LOS_A		0.00	0.00
1	14400-18000	54-527: Zone connector@58.2-421: Ferris Rd@15.4	527	421	321	318	1	1	1	0.19	0.19	0.39	0.24	0.60	0.00	0.00	0.00	0.00	0.00	LOS_A	1	0.00	0.00
1	14400-18000	54-528@5.7-421: Ferris Rd@15.4	528	421	17	16	0	1	0	2.39	2.25		4.57		0.00	0.00		0.00		LOS_A	1	0.00	5.60
1	14400-18000	54-528@5.7-525: Ferris Rd@18.9	528	525	0	0	0	0	0											LOS_A		0.00	0.00
1	14400-18000	54			838	816	1	10	11	0.28	0.27	0.39	1.05	0.22	0.01	0.01	0.00	0.00	0.00	LOS_A	1	0.00	6.07
1	14400-18000	55-68: Mount Cottrell Rd@390.9-320: Western Fwy@25.9	68	320	127	122	0	3	2	0.50	0.50		0.38	0.41	0.00	0.00		0.00	0.00	LOS_A	1	0.00	0.00
1	14400-18000	55-942: Western Hwy@75.8-69: Mount Cottrell Rd@25.4	942	69	70	70	0	0	0	0.24	0.24				0.00	0.00				LOS_A	1	0.00	0.00
1	14400-18000	55-942: Western Hwy@75.8-320: Western Fwy@25.9	942	320	1613	1554	4	31	22	0.87	0.88	2.15	0.62	0.19	0.00	0.00	0.00	0.00	0.00	LOS_A	1	0.00	0.00
1	14400-18000	55			1810	1746	4	34	24	0.82	0.83	2.15	0.60	0.21	0.00	0.00	0.00	0.00	0.00	LOS_A	1	0.00	0.00
1	14400-18000	56-24: Paynes Rd@384.9-537: Western Hwy@24.0	24	537	27	20	0	4	3	0.15	0.17		0.13	0.10	0.00	0.00		0.00	0.00	LOS_A	1	0.00	0.00
1	14400-18000	56-536: Western Hwy@83.6-23: Paynes Rd@34.1	536	23	136	136	0	0	0	2.77	2.77				0.00	0.00				LOS_A	1	0.00	0.00
1	14400-18000	56-536: Western Hwy@83.6-537: Western Hwy@24.0	536	537	1658	1606	4	27	19	1.50	1.49	2.69	1.60	1.91	0.00	0.00	0.00	0.00	0.00	LOS_A	1	0.00	0.00
1	14400-18000	56			1821	1762	4	31	22	1.57	1.57	2.69	1.41	1.67	0.00	0.00	0.00	0.00	0.00	LOS_A	1	0.00	0.00
1	14400-18000	57-169: Western Hwy@71.3-168: Western Hwy@12.5	169	168	1226	1148	5	44	27	0.09	0.09	0.00	0.12	0.00	0.00	0.00	0.00	0.00	0.00	LOS_A	1	0.00	0.00
1	14400-18000	57-511: Zone connector@97.7-172: Western Hwy@0.2	511	172	0	0	0	0	0											LOS_A		0.00	0.00
1	14400-18000	57-936: Western Hwy@71.3-172: Western Hwy@0.2	936	172	1796	1744	4	27	19	0.07	0.07	0.12	0.04	0.04	0.00	0.00	0.00	0.00	0.00	LOS_A	1	0.00	0.00
1	14400-18000	57-936: Western Hwy@71.3-512: Zone connector@4.0	936	512	0	0	0	0	0											LOS_A		0.00	0.00
1	14400-18000	57			3022	2892	9	71	46	0.08	0.08	0.05	0.09	0.02	0.00	0.00	0.00	0.00	0.00	LOS_A	1	0.00	0.00
1	14400-18000	58-436@136.8-271: Leakes Rd@61.4	436	271	136	128	1	3	4	5.11	5.27	4.14	3.30	1.46	1.77	1.89	0.00	0.00	0.00	LOS_A	1	0.73	32.05
1	14400-18000	58-436@136.8-437: Leakes Rd@45.3	436	437	99	94	0	2	3	7.02	6.94		14.50	4.64	1.64	1.68		2.43	0.00	LOS_A	1	0.45	29.47
1	14400-18000	58-600: Leakes Rd@6.4-273@26.5	600	273	99	99	0	0	0	1.07	1.07				0.00	0.00				LOS_A	1	0.00	0.00
1	14400-18000	58-600: Leakes Rd@6.4-437: Leakes Rd@45.3	600	437	277	272	0	1	2	0.48	0.49		0.00	0.66	0.00	0.00		0.00	0.00	LOS_A	1	0.00	0.00
1	14400-18000	58-1263: Leakes Rd@41.8-271: Leakes Rd@61.4	1263	271	301	288	0	5	5	0.21	0.22		0.00	0.00	0.01	0.01		0.00	0.00	LOS_A	1	0.06	11.87
1	14400-18000	58-1263: Leakes Rd@41.8-273@26.5	1263	273	63	59	0	2	2	2.51	2.47		2.28	3.87	0.22	0.24		0.00	0.00	LOS_A	1	0.06	11.87
1	14400-18000	58			975	940	1	13	16	1.90	1.89	4.14	3.34	1.80	0.43	0.44	0.00	0.37	0.00	LOS_A	1	0.31	32.05
1	14400-18000	59-271: Leakes Rd@243.2-401: Leakes Rd@29.0	271	401	437	416	1	8	9	0.04	0.04	0.16	0.00	0.00	0.00	0.00	0.00	0.00	0.00	LOS_A	1	0.00	0.00
1	14400-18000	59-443@92.7-270: Leakes Rd@21.8	443	270	0	0	0	0	0											LOS_A		0.00	0.00
1	14400-18000	59-443@92.7-442@13.5	443	442	0	0	0	0	0											LOS_A		0.00	0.00
1	14400-18000	59-605: Leakes Rd@50.0-270: Leakes Rd@21.8	605	270	377	371	0	1	2	0.58	0.44		0.01	1.78	0.00	0.00		0.00	0.00	LOS_A	1	0.00	0.00
1	14400-18000	59-605: Leakes Rd@50.0-442@13.5	605	442	0	0	0	0	0											LOS_A		0.00	0.00
1	14400-18000	59			814	787	1	9	11	0.29	0.23	0.16	0.01	0.32	0.00	0.00	0.00	0.00	0.00	LOS_A	1	0.00	0.00
1	14400-18000	60-604: Leakes Rd@15.4-398: Taylors Rd@22.2	604	398	32	32	0	0	0	2.34	2.34				0.03	0.03				LOS_A	1	0.00	0.00
1	14400-18000	60-604: Leakes Rd@15.4-402: Leakes Rd@24.4	604	402	218	215	0	1	2	16.41	16.48		6.20	13.90	7.17	7.20		0.00	8.25	LOS_B	2	3.00	37.91
1	14400-18000	60-606: Leakes Rd@69.8-402: Leakes Rd@24.4	606	402	159	156	0	0	0	1.05	1.03				0.03	0.03				LOS_A	1	0.00	0.00
1	14400-18000	60-607: Taylors Rd@70.4-400: Leakes Rd@76.7	607	400	17	17	0	0	0	32.61	32.61				25.42	25.42				LOS_C	3	0.72	13.07
1	14400-18000	60-938: Leakes Rd@26.8-398: Taylors Rd@22.2	938	398	392	374	0	8	8	14.59	14.65		11.64	13.71	7.75	7.97		2.30	4.21	LOS_B	2	5.43	49.46
1	14400-18000	60-938: Leakes Rd@26.8-400: Leakes Rd@76.7	938	400	44	42	1	0	1	0.33	0.35	0.00		0.00	0.09	0.09	0.00		0.00	LOS_A	1	5.43	49.46
1	14400-18000	60			862	836	1	9	11	11.73	11.76	0.00	11.04	12.50	5.85	5.94	0.00	2.04	4.56	LOS_B	2	1.83	49.46
1	14400-18000	61-540@22.7-435: Leakes Rd@19.5	540	435	60	60	0	0	0	1.44	1.44				0.34	0.34				LOS_A	1	0.05	11.54
1	14400-18000	61-540@22.7-438: Leakes Rd@14.4	540	438	66	66	0	0	0	4.19	4.19				1.18	1.18				LOS_A	1	0.25	23.84
1	14400-18000	61-863: Leakes Rd@86.5-265@27.3	863	265	198	196	0	0	2	6.23	6.26			3.08	1.25	1.26			0.00	LOS_A	1	0.92	47.60
1	14400-18000	61-863: Leakes Rd@86.5-435: Leakes Rd@19.5	863	435	178	170	0	3	3	0.24	0.25		0.00	0.00	0.02	0.02		0.00	0.00	LOS_A	1	0.15	28.03
1	14400-18000	61-941: Leakes Rd@8.5-265@27.3	941	265	72	62	1	4	3	2.54	2.23	5.44	3.60	3.74	0.00	0.00	0.00	0.00	0.00	LOS_A	1	0.00	0.00
1	14400-18000	61-941: Leakes Rd@8.5-438: Leakes Rd@14.4	941	438	298	281	0	7	7	0.80	0.81		0.84	0.63	0.00	0.00		0.00	0.00	LOS_A	1	0.00	0.00
1	14400-18000	61			872	835	1	14	15	2.36	2.39	5.44	1.45	1.45	0.40	0.42	0.00	0.00	0.00	LOS_A	1	0.27	47.60
1	14400-18000	62-267: Ian Cowie Way@65.6-264: Leakes Rd@15.6	267	264	0	0	0	0	0											LOS_A		0.00	0.00
1	14400-18000	62-267: Ian Cowie Way@65.6-434: Leakes Rd@14.9	267	434	5	5	0	0	0	3.96	3.96				1.55	1.55				LOS_A	1	0.02	6.07
1	14400-18000	62-538: Leakes Rd@42.7-264: Leakes Rd@15.6	538	264	237	229	0	3	3	0.04	0.04		0.00	0.00	0.00	0.00		0.00	0.00	LOS_A	1	0.00	0.00
1	14400-18000	62-538: Leakes Rd@42.7-268: Ian Cowie Way@17.3	538	268	1	1	0	0	0	2.34	2.34				0.00	0.00				LOS_A	1	0.00	0.00
1	14400-18000	62-864: Leakes Rd@42.2-268: Ian Cowie Way@17.3	864	268	0	0	0	0	0											LOS_A		0.00	0.00
1	14400-18000	62-864: Leakes Rd@42.2-434: Leakes Rd@14.9	864	434	365	338	1	11	10	0.08	0.07	0.00	0.09	0.06	0.00	0.00	0.00	0.00	0.00	LOS_A	1	0.00	0.00
1	14400-18000	62			608	573	1	14	13	0.10	0.10	0.00	0.07	0.04	0.01	0.01	0.00	0.00	0.00	LOS_A	1	0.00	6.07
1	14400-18000	63-374: Westcott Pde@100.7-263: Leakes Rd@9.1	374	263	9	7	0	0	0	7.75	4.54				0.25	0.32				LOS_A	1	0.01	6.18
1	14400-18000	63-374: Westcott Pde@100.7-372: Leakes Rd@14.9	374	372	0	0	0	0	0											LOS_A		0.00	0.00
1	14400-18000	63-542: Leakes Rd@34.5-372: Leakes Rd@14.9	542	372	234	226	0	3	3	0.20	0.18		0.00	0.00	0.00	0.00		0.00	0.00	LOS_A	1	0.00	0.00
1	14400-18000	63-542: Leakes Rd@34.5-375: Westcott Pde@26.6	542	375	3	3	0	0	0	3.63	3.63				0.00	0.00				LOS_A	1	0.00	0.00
1	14400-18000	63-543: Leakes Rd@6.7-263: Leakes Rd@9.1	543	263	356	331	1	11	10	0.06	0.06	0.00	0.08	0.05	0.00	0.00	0.00	0.00	0.00	LOS_A	1	0.00	0.00
1	14400-18000	63-543: Leakes Rd@6.7-375: Westcott Pde@26.6	543	375	0	0	0	0	0											LOS_A		0.00	0.00
1	14400-18000	63			602	567	1	14	13	0.25	0.18	0.00	0.07	0.04	0.00	0.00	0.00	0.00	0.00	LOS_A	1	0.00	6.18
1	14400-18000	64-484@157.6-78: Western Hwy@14.0	484	78	0	0	0	0	0											LOS_A		0.00	0.00
1	14400-18000	64-484@157.6-324: Western Hwy@20.9	484	324	0	0	0	0	0											LOS_A		0.00	0.00
1	14400-18000	64-943: Western Hwy@38.1-78: Western Hwy@14.0	943	78	1154	1085	4	41	22	0.06	0.06	0.05	0.03	0.08	0.00	0.00	0.00	0.00	0.00	LOS_A	1	0.00	0.00
1	14400-18000	64-943: Western Hwy@38.1-324: Western Hwy@20.9	943	324	0	0	0	0	0											LOS_A		0.00	0.00
1	14400-18000	64-943: Western Hwy@38.1-483@8.4	943	483	0	0	0	0	0											LOS_A		0.00	0.00
1	14400-18000	64-1265: Western Hwy@45.2-78: Western Hwy@14.0	1265	78	3	3	0	0	0	2.13	2.13				0.00	0.00				LOS_A	1	0.00	5.40
1	14400-18000	64-1265: Western Hwy@45.2-324: Western Hwy@20.9	1265	324	1652	1612	3	23	14	0.07	0.07	0.00	0.06	0.03	0.00	0.00	0.00	0.00	0.00	LOS_A	1	0.00	0.00
1	14400-18000	64-1265: Western Hwy@45.2-483@8.4	1265	483	0	0	0	0	0											LOS_A		0.00	0.00
1	14400-18000	64			2809	2700	7	64	36	0.07	0.07	0.03	0.04	0.06	0.00	0.00	0.00	0.00	0.00	LOS_A	1	0.00	5.40
1	14400-18000	65-27: Troups Rd N@8.8-29: Western Hwy@8.5	27	29	99	97	0	1	1	0.01	0.01		0.01	0.01	0.00	0.00		0.00	0.00	LOS_A	1	0.00	0.00
1	14400-18000	65-27: Troups Rd N@8.8-31: Troups Rd N@5.3	27	31	96	94	0	0	0	0.01	0.01				0.00	0.00				LOS_A	1	0.00	0.00
1	14400-18000	65-30: Western Hwy@242.6-28: Troups Rd N@3.2	30	28	2	2	0	0	0	0.03	0.03				0.00	0.00				LOS_A	1	0.00	0.00
1	14400-18000	65-30: Western Hwy@242.6-31: Troups Rd N@5.3	30	31	0	0	0	0	0											LOS_A		0.00	0.00
1	14400-18000	65-32: Troups Rd N@98.1-28: Troups Rd N@3.2	32	28	4	4	0	0	0	0.21	0.21				0.00	0.00				LOS_A	1	0.00	0.00
1	14400-18000	65-32: Troups Rd N@98.1-29: Western Hwy@8.5	32	29	0	0	0	0	0											LOS_A		0.00	0.00
1	14400-18000	65			201	197	0	1	1	0.01	0.01		0.01	0.01	0.00	0.00		0.00	0.00	LOS_A	1	0.00	0.00
1	14400-18000	66-33: Neales Rd W@612.0-35: Neales Rd W@48.6	33	35	3	3	0	0	0	27.41	27.41				19.90	19.90				LOS_C	3	0.28	6.77
1	14400-18000	66-33: Neales Rd W@612.0-232: Hopkins Rd@6.4	33	232	0	0	0	0	0											LOS_A		0.28	6.77
1	14400-18000	66-33: Neales Rd W@612.0-910: Melton Hwy@16.5	33	910	6	6	0	0	0	23.50	23.50				16.90	16.90				LOS_C	3	0.28	6.77
1	14400-18000	66-622: Neales Rd W@45.9-34: Neales Rd W@23.0	622	34	36	36	0	0	0	24.27	24.27				16.37	16.37				LOS_C	3	1.17	31.45
1	14400-18000	66-622: Neales Rd W@45.9-232: Hopkins Rd@6.4	622	232	147	143	0	1	1	0.83	0.77		1.02	1.58	0.11	0.11		0.00	0.00	LOS_A	1	0.00	0.00
1	14400-18000	66-622: Neales Rd W@45.9-910: Melton Hwy@16.5	622	910	0	0	0	0	0											LOS_A		1.17	31.45
1	14400-18000	66-897: Hopkins Rd@12.7-34: Neales Rd W@23.0	897	34	0	0	0	0	0											LOS_A		6.82	57.16
1	14400-18000	66-897: Hopkins Rd@12.7-35: Neales Rd W@48.6	897	35	220	213	0	3	2	32.80	32.84		21.12	37.53	22.47	22.66		7.85	22.84	LOS_C	3	6.82	57.16
1	14400-18000	66-897: Hopkins Rd@12.7-910: Melton Hwy@16.5	897	910	175	173	0	2	0	2.40	2.42		0.58		0.61	0.62		0.00		LOS_A	1	6.82	57.16
1	14400-18000	66-908: Melton Hwy@9.5-34: Neales Rd W@23.0	908	34	0	0	0	0	0											LOS_A		1.80	64.31
1	14400-18000	66-908: Melton Hwy@9.5-35: Neales Rd W@48.6	908	35	2	2	0	0	0	12.34	12.34				7.67	7.67				LOS_B	2	1.80	64.31
1	14400-18000	66-908: Melton Hwy@9.5-232: Hopkins Rd@6.4	908	232	182	177	0	1	4	9.46	9.66		3.28	2.06	3.73	3.83		0.00	0.00	LOS_A	1	1.80	64.31
1	14400-18000	66			771	753	0	7	7	13.75	13.75		9.83	12.13	8.44	8.49		3.36	6.53	LOS_B	2	2.01	64.31
1	14400-18000	67-230: Hopkins Rd@28.1-37@43.8	230	37	66	65	0	0	1	6.10	6.14			3.60	1.03	1.04			0.00	LOS_A	1	0.16	18.66
1	14400-18000	67-230: Hopkins Rd@28.1-426: Hopkins Rd@4.3	230	426	263	255	0	2	4	1.63	1.51		4.54	1.11	0.11	0.12		0.00	0.00	LOS_A	1	0.00	0.00
1	14400-18000	67-427: Hopkins Rd@87.2-231: Hopkins Rd@8.3	427	231	316	309	0	5	2	0.09	0.09		0.31	0.75	0.00	0.00		0.00	0.00	LOS_A	1	0.00	0.00
1	14400-18000	67-946@14.4-231: Hopkins Rd@8.3	946	231	79	77	0	0	0	2.70	2.74				0.87	0.89				LOS_A	1	0.16	23.59
1	14400-18000	67-946@14.4-426: Hopkins Rd@4.3	946	426	104	100	1	2	1	6.99	7.09	0.87	3.36	9.86	2.32	2.41	0.00	0.00	0.00	LOS_A	1	0.87	30.68
1	14400-18000	67			828	806	1	9	8	2.17	2.15	0.87	1.93	2.43	0.49	0.51	0.00	0.00	0.00	LOS_A	1	0.24	30.68
1	14400-18000	68-83: Sheahan Rd@168.5-55: Hopkins Rd@3.3	83	55	0	0	0	0	0											LOS_A		0.00	0.00
1	14400-18000	68-83: Sheahan Rd@168.5-251: Hopkins Rd@6.5	83	251	0	0	0	0	0											LOS_A		0.00	0.00
1	14400-18000	68-252: Hopkins Rd@8.4-55: Hopkins Rd@3.3	252	55	494	486	1	4	3	0.40	0.41	0.03	0.06	0.01	0.17	0.18	0.00	0.00	0.00	LOS_A	1	0.26	30.57
1	14400-18000	68-252: Hopkins Rd@8.4-82: Sheahan Rd@6.2	252	82	0	0	0	0	0											LOS_A		0.26	30.57
1	14400-18000	68-895: Hopkins Rd@30.3-82: Sheahan Rd@6.2	895	82	0	0	0	0	0											LOS_A		0.00	0.00
1	14400-18000	68-895: Hopkins Rd@30.3-251: Hopkins Rd@6.5	895	251	555	528	0	14	13	0.11	0.11		0.07	0.06	0.00	0.00		0.00	0.00	LOS_A	1	0.00	0.00
1	14400-18000	68			1049	1014	1	18	16	0.25	0.25	0.03	0.07	0.05	0.08	0.08	0.00	0.00	0.00	LOS_A	1	0.05	30.57
1	14400-18000	69-290: Caroline Springs Blvd@7.8-60: Caroline Springs Blvd@15.2	290	60	0	0	0	0	0											LOS_A		1.40	125.77
1	14400-18000	69-290: Caroline Springs Blvd@7.8-291: Caroline Springs Blvd@13.9	290	291	774	753	0	9	7	1.97	1.96		4.76	0.50	0.18	0.18		1.03	0.00	LOS_A	1	1.40	125.77
1	14400-18000	69-290: Caroline Springs Blvd@7.8-293: Chisholm Dr@13.5	290	293	58	58	0	0	0	1.62	1.62				0.11	0.11				LOS_A	1	1.40	125.77
1	14400-18000	69-290: Caroline Springs Blvd@7.8-431: Springlake Ave@15.9	290	431	58	57	0	1	0	2.41	2.13		18.22		0.35	0.30		3.59		LOS_A	1	1.40	125.77
1	14400-18000	69-292: Caroline Springs Blvd@169.6-60: Caroline Springs Blvd@15.2	292	60	345	328	0	7	6	5.83	5.67		5.98	5.37	1.53	1.56		2.09	0.23	LOS_A	1	1.44	48.82
1	14400-18000	69-292: Caroline Springs Blvd@169.6-291: Caroline Springs Blvd@13.9	292	291	0	0	0	0	0											LOS_A		1.44	48.82
1	14400-18000	69-292: Caroline Springs Blvd@169.6-293: Chisholm Dr@13.5	292	293	0	0	0	0	0											LOS_A		1.44	48.82
1	14400-18000	69-292: Caroline Springs Blvd@169.6-431: Springlake Ave@15.9	292	431	0	0	0	0	0											LOS_A		1.44	48.82
1	14400-18000	69-294: Chisholm Dr@69.6-60: Caroline Springs Blvd@15.2	294	60	21	21	0	0	0	3.34	3.34				0.61	0.61				LOS_A	1	0.03	5.77
1	14400-18000	69-294: Chisholm Dr@69.6-291: Caroline Springs Blvd@13.9	294	291	0	0	0	0	0											LOS_A		0.03	5.77
1	14400-18000	69-294: Chisholm Dr@69.6-293: Chisholm Dr@13.5	294	293	0	0	0	0	0											LOS_A		0.03	5.77
1	14400-18000	69-294: Chisholm Dr@69.6-431: Springlake Ave@15.9	294	431	0	0	0	0	0											LOS_A		0.03	5.77
1	14400-18000	69-430: Springlake Ave@96.3-60: Caroline Springs Blvd@15.2	430	60	16	16	0	0	0	14.47	14.47				10.08	10.08				LOS_B	2	0.24	5.90
1	14400-18000	69-430: Springlake Ave@96.3-291: Caroline Springs Blvd@13.9	430	291	0	0	0	0	0											LOS_A		0.12	5.90
1	14400-18000	69-430: Springlake Ave@96.3-293: Chisholm Dr@13.5	430	293	0	0	0	0	0											LOS_A		0.24	5.90
1	14400-18000	69-430: Springlake Ave@96.3-431: Springlake Ave@15.9	430	431	0	0	0	0	0											LOS_A		0.24	5.90
1	14400-18000	69			1272	1233	0	17	13	3.20	3.13		6.05	2.75	0.69	0.68		1.62	0.11	LOS_A	1	0.62	125.77
1	14400-18000	70-352: Eucumbene Dr@292.6-111: Christies Rd@15.7	352	111	5	5	0	0	0	8.15	8.15				4.28	4.28				LOS_A	1	0.05	12.31
1	14400-18000	70-647: Christies Rd@1.7-111: Christies Rd@15.7	647	111	279	255	0	11	9	1.87	1.97		1.27	0.54	0.18	0.20		0.00	0.00	LOS_A	1	0.18	17.00
1	14400-18000	70-647: Christies Rd@1.7-353: Eucumbene Dr@18.2	647	353	18	18	0	0	0	2.03	2.03				0.00	0.00				LOS_A	1	0.18	17.00
1	14400-18000	70-891: Christies Rd@8.6-287: Christies Rd@18.9	891	287	596	571	0	12	9	4.33	4.34		1.30	6.80	1.48	1.52		0.00	1.95	LOS_A	1	2.94	115.51
1	14400-18000	70-891: Christies Rd@8.6-353: Eucumbene Dr@18.2	891	353	42	42	0	0	0	5.04	5.04				2.33	2.33				LOS_A	1	4.72	149.77
1	14400-18000	70			940	891	0	23	18	3.61	3.67		1.28	3.67	1.12	1.16		0.00	0.97	LOS_A	1	1.97	149.77
1	14400-18000	71-111: Christies Rd@84.9-129@9.8	111	129	217	209	0	5	3	0.44	0.44		0.41	0.47	0.00	0.00		0.00	0.00	LOS_A	1	0.00	0.00
1	14400-18000	71-111: Christies Rd@84.9-282: Christies Rd@12.4	111	282	67	51	0	6	6	0.05	0.06		0.00	0.00	0.00	0.00		0.00	0.00	LOS_A	1	0.00	0.00
1	14400-18000	71-274: Christies Rd@5.8-112: Christies Rd@20.6	274	112	638	613	0	12	9	3.25	3.36		0.31	0.86	1.14	1.19		0.00	0.00	LOS_A	1	4.63	239.24
1	14400-18000	71-274: Christies Rd@5.8-129@9.8	274	129	41	31	1	4	5	2.86	2.34	7.43	3.97	4.27	0.00	0.00	0.00	0.00	0.00	LOS_A	1	4.63	239.24
1	14400-18000	71			963	904	1	27	23	2.38	2.46	7.43	0.80	1.33	0.76	0.81	0.00	0.00	0.00	LOS_A	1	2.32	239.24
1	14400-18000	72-126@294.6-280: Christies Rd@41.9	126	280	486	486	0	0	0	1.97	1.97				0.04	0.04				LOS_A	1	0.08	35.23
1	14400-18000	72-126@294.6-394: Christies Rd@15.7	126	394	6	4	0	2	0	0.60	0.20		1.39		0.00	0.00		0.00		LOS_A	1	0.08	35.23
1	14400-18000	72-126@294.6-626: Palm Springs Rd@75.1	126	626	11	6	0	5	0	1.24	0.46		2.18		0.00	0.00		0.00		LOS_A	1	0.08	35.23
1	14400-18000	72-279: Christies Rd@96.9-280: Christies Rd@41.9	279	280	0	0	0	0	0											LOS_A		0.06	20.54
1	14400-18000	72-279: Christies Rd@96.9-394: Christies Rd@15.7	279	394	48	33	0	5	5	4.75	3.09		5.29	12.44	0.42	0.12		0.68	2.54	LOS_A	1	0.06	20.54
1	14400-18000	72-279: Christies Rd@96.9-626: Palm Springs Rd@75.1	279	626	20	18	0	1	1	4.69	4.74		7.23	1.38	0.49	0.54		0.00	0.00	LOS_A	1	0.06	20.54
1	14400-18000	72-393: Christies Rd@348.6-280: Christies Rd@41.9	393	280	143	117	1	11	10	33.79	35.62	62.32	26.28	21.33	17.34	18.40	49.42	12.39	8.94	LOS_C	3	9.40	76.28
1	14400-18000	72-393: Christies Rd@348.6-394: Christies Rd@15.7	393	394	0	0	0	0	0											LOS_A		9.40	76.28
1	14400-18000	72-393: Christies Rd@348.6-626: Palm Springs Rd@75.1	393	626	0	0	0	0	0											LOS_A		9.40	76.28
1	14400-18000	72-625: Palm Springs Rd@88.9-280: Christies Rd@41.9	625	280	50	41	0	5	4	62.06	64.84		33.02	69.82	38.60	40.19		18.09	47.92	LOS_E	5	6.14	83.92
1	14400-18000	72-625: Palm Springs Rd@88.9-394: Christies Rd@15.7	625	394	0	0	0	0	0											LOS_A		6.14	83.92
1	14400-18000	72-625: Palm Springs Rd@88.9-626: Palm Springs Rd@75.1	625	626	0	0	0	0	0											LOS_A		6.14	83.92
1	14400-18000	72			764	705	1	29	20	12.08	11.31	62.32	17.29	27.81	5.84	5.44	49.42	7.93	14.69	LOS_B	2	3.92	83.92
1	14400-18000	73-350: Delma Rd@97.2-464: Ballarat Rd  Western Hwy@8.8	350	464	109	106	0	2	1	3.71	3.65		0.39	16.06	1.52	1.50		0.00	6.97	LOS_A	1	0.45	18.75
1	14400-18000	73-663: Ballarat Rd  Western Hwy@46.8-351: Delma Rd@11.2	663	351	0	0	0	0	0											LOS_A		0.00	0.00
1	14400-18000	73-663: Ballarat Rd  Western Hwy@46.8-464: Ballarat Rd  Western Hwy@8.8	663	464	831	806	0	15	10	0.32	0.31		0.27	1.35	0.00	0.00		0.00	0.00	LOS_A	1	0.00	0.00
1	14400-18000	73			940	912	0	17	11	0.71	0.70		0.29	2.68	0.18	0.17		0.00	0.63	LOS_A	1	0.22	18.75
1	14400-18000	76-911@130.2-404: Hopkins Rd@29.7	911	404	88	88	0	0	0	25.34	25.34				18.49	18.49				LOS_C	3	2.38	27.12
1	14400-18000	76-911@130.2-408: Hopkins Rd@16.0	911	408	86	86	0	0	0	2.94	2.94				0.56	0.56				LOS_A	1	0.15	18.80
1	14400-18000	76-913: Hopkins Rd@4.0-408: Hopkins Rd@16.0	913	408	469	442	0	14	13	13.81	13.60		13.06	21.69	5.17	5.06		6.30	7.78	LOS_B	2	4.71	72.99
1	14400-18000	76-913: Hopkins Rd@4.0-912@27.4	913	912	100	100	0	0	0	2.34	2.34				0.04	0.04				LOS_A	1	0.00	0.00
1	14400-18000	76-948: Hopkins Rd@33.1-404: Hopkins Rd@29.7	948	404	402	394	1	4	3	4.81	4.90	0.00	0.30	1.90	1.29	1.32	0.00	0.00	0.00	LOS_A	1	8.19	62.53
1	14400-18000	76-948: Hopkins Rd@33.1-912@27.4	948	912	92	92	0	0	0	53.97	53.97				40.46	40.46				LOS_D	4	8.19	62.53
1	14400-18000	76			1237	1202	1	18	16	13.01	13.00	0.00	10.23	17.98	6.75	6.79	0.00	4.90	6.32	LOS_B	2	3.09	72.99
1	14400-18000	77-208: Western Fwy@25.5-84: Western Fwy@15.9	208	84	788	729	5	34	20	0.46	0.48	0.19	0.33	0.07	0.00	0.00	0.00	0.00	0.00	LOS_A	1	0.00	0.00
1	14400-18000	77-208: Western Fwy@25.5-180@16.3	208	180	193	186	0	4	3	3.72	3.64		5.87	5.93	0.00	0.00		0.00	0.00	LOS_A	1	0.00	0.00
1	14400-18000	77			981	915	5	38	23	1.10	1.12	0.19	0.91	0.84	0.00	0.00	0.00	0.00	0.00	LOS_A	1	0.00	0.00
1	14400-18000	78-84: Western Fwy@896.5-203: Western Fwy@19.3	84	203	788	729	5	34	20	0.05	0.06	0.00	0.02	0.00	0.00	0.00	0.00	0.00	0.00	LOS_A	1	0.00	0.00
1	14400-18000	78-529@58.8-203: Western Fwy@19.3	529	203	442	423	0	10	7	0.38	0.39		0.44	0.11	0.06	0.06		0.00	0.00	LOS_A	1	0.00	0.00
1	14400-18000	78			1230	1152	5	44	27	0.17	0.18	0.00	0.12	0.03	0.02	0.02	0.00	0.00	0.00	LOS_A	1	0.00	0.00
1	14400-18000	79-184: Western Fwy@928.7-205: Western Fwy@68.7	184	205	1170	1131	4	20	15	0.36	0.35	1.19	0.67	0.32	0.00	0.00	0.00	0.00	0.00	LOS_A	1	0.00	0.00
1	14400-18000	79-333@86.1-205: Western Fwy@68.7	333	205	217	214	1	2	0	1.10	1.10	1.04	0.76		0.00	0.00	0.00	0.00		LOS_A	1	0.00	0.00
1	14400-18000	79			1387	1345	5	22	15	0.48	0.47	1.16	0.68	0.32	0.00	0.00	0.00	0.00	0.00	LOS_A	1	0.00	0.00
1	14400-18000	80-424: Western Fwy@14.2-184: Western Fwy@85.3	424	184	1171	1132	4	20	15	1.85	1.85	3.33	2.09	0.67	0.00	0.00	0.00	0.00	0.00	LOS_A	1	0.00	0.00
1	14400-18000	80-424: Western Fwy@14.2-337@9.9	424	337	567	542	0	14	9	5.20	5.09		7.37	8.23	0.00	0.00		0.00	0.00	LOS_A	1	0.00	0.00
1	14400-18000	80			1738	1674	4	34	24	2.94	2.90	3.33	4.26	3.51	0.00	0.00	0.00	0.00	0.00	LOS_A	1	0.00	0.00
1	14400-18000	81-532: Western Hwy@54.0-334: Western Hwy@32.2	532	334	1209	1131	5	44	27	0.10	0.10	0.00	0.06	0.00	0.00	0.00	0.00	0.00	0.00	LOS_A	1	0.00	0.00
1	14400-18000	81-532: Western Hwy@54.0-481@38.6	532	481	21	21	0	0	0	4.77	4.77				0.00	0.00				LOS_A	1	0.00	0.00
1	14400-18000	81			1230	1152	5	44	27	0.18	0.19	0.00	0.06	0.00	0.00	0.00	0.00	0.00	0.00	LOS_A	1	0.00	0.00
1	14400-18000	82-334: Western Hwy@654.9-72: Western Hwy@13.0	334	72	1209	1131	5	44	27	0.11	0.11	0.00	0.08	0.00	0.00	0.00	0.00	0.00	0.00	LOS_A	1	0.00	0.00
1	14400-18000	82-482@267.1-72: Western Hwy@13.0	482	72	17	17	0	0	0	0.02	0.02				0.00	0.00				LOS_A	1	0.00	0.00
1	14400-18000	82			1226	1148	5	44	27	0.11	0.11	0.00	0.08	0.00	0.00	0.00	0.00	0.00	0.00	LOS_A	1	0.00	0.00
1	14400-18000	83-313: Western Hwy@39.7-103: Western Hwy@23.4	313	103	992	927	4	39	20	0.54	0.56	0.24	0.19	0.26	0.03	0.03	0.00	0.00	0.00	LOS_A	1	0.22	48.98
1	14400-18000	83-313: Western Hwy@39.7-174@14.4	313	174	235	222	1	5	7	3.61	3.44	7.21	6.37	6.63	0.09	0.10	0.00	0.00	0.00	LOS_A	1	0.22	48.98
1	14400-18000	83			1227	1149	5	44	27	1.13	1.12	1.63	0.89	1.91	0.04	0.04	0.00	0.00	0.00	LOS_A	1	0.22	48.98
1	14400-18000	84-161@132.7-99: Western Hwy@10.0	161	99	270	258	1	4	5	0.07	0.05	0.33	0.48	0.50	0.00	0.00	0.00	0.00	0.00	LOS_A	1	0.00	0.00
1	14400-18000	84-187: Western Hwy@838.0-99: Western Hwy@10.0	187	99	1525	1485	3	23	14	0.12	0.12	0.04	0.11	0.08	0.00	0.00	0.00	0.00	0.00	LOS_A	1	0.00	0.00
1	14400-18000	84			1795	1743	4	27	19	0.11	0.11	0.11	0.16	0.19	0.00	0.00	0.00	0.00	0.00	LOS_A	1	0.00	0.00
1	14400-18000	85-103: Western Hwy@829.6-89: Western Hwy@49.7	103	89	992	927	4	39	20	0.09	0.09	0.00	0.06	0.07	0.00	0.00	0.00	0.00	0.00	LOS_A	1	0.00	0.00
1	14400-18000	85-175@113.1-89: Western Hwy@49.7	175	89	162	158	0	2	2	0.04	0.03		0.15	0.05	0.00	0.00		0.00	0.00	LOS_A	1	0.00	0.00
1	14400-18000	85			1154	1085	4	41	22	0.08	0.08	0.00	0.07	0.07	0.00	0.00	0.00	0.00	0.00	LOS_A	1	0.00	0.00
1	14400-18000	86-323: Western Hwy@20.0-159@12.1	323	159	126	126	0	0	0	1.04	1.04				0.00	0.00				LOS_A	1	0.00	0.00
1	14400-18000	86-323: Western Hwy@20.0-187: Western Hwy@33.1	323	187	1525	1485	3	23	14	0.21	0.21	0.00	0.21	0.09	0.00	0.00	0.00	0.00	0.00	LOS_A	1	0.00	0.00
1	14400-18000	86			1651	1611	3	23	14	0.27	0.27	0.00	0.21	0.09	0.00	0.00	0.00	0.00	0.00	LOS_A	1	0.00	0.00
1	14400-18000	87-343: Western Hwy@756.9-154: Western Hwy@6.1	343	154	1658	1614	3	24	15	0.26	0.26	0.00	0.30	0.13	0.00	0.00	0.00	0.00	0.00	LOS_A	1	0.00	0.00
1	14400-18000	87-480@343.6-154: Western Hwy@6.1	480	154	188	188	0	0	0	0.00	0.00				0.00	0.00				LOS_A	1	0.00	0.00
1	14400-18000	87			1846	1802	3	24	15	0.23	0.23	0.00	0.30	0.13	0.00	0.00	0.00	0.00	0.00	LOS_A	1	0.00	0.00
1	14400-18000	88-955: Western Fwy@13.7-343: Western Hwy@21.2	955	343	1658	1614	3	24	15	0.17	0.17	0.10	0.19	0.46	0.00	0.00	0.00	0.00	0.00	LOS_A	1	0.00	0.00
1	14400-18000	88-955: Western Fwy@13.7-479@7.3	955	479	0	0	0	0	0											LOS_A		0.00	0.00
1	14400-18000	88			1658	1614	3	24	15	0.17	0.17	0.10	0.19	0.46	0.00	0.00	0.00	0.00	0.00	LOS_A	1	0.00	0.00
1	14400-18000	89-228: Western Fwy@25.8-108@38.1	228	108	183	177	1	2	1	5.17	5.05	9.13	7.77	8.74	0.00	0.00	0.00	0.00	0.00	LOS_A	1	0.00	0.00
1	14400-18000	89-228: Western Fwy@25.8-194: Western Fwy@23.2	228	194	974	911	3	39	21	0.56	0.57	0.02	0.55	0.48	0.00	0.00	0.00	0.00	0.00	LOS_A	1	0.00	0.00
1	14400-18000	89			1157	1088	4	41	22	1.29	1.30	2.30	0.90	0.86	0.00	0.00	0.00	0.00	0.00	LOS_A	1	0.00	0.00
1	14400-18000	90-104@749.4-417: Western Fwy@11.1	104	417	250	237	0	6	5	0.09	0.09		0.13	0.14	0.00	0.00		0.00	0.00	LOS_A	1	0.00	0.00
1	14400-18000	90-196: Western Fwy@1281.0-417: Western Fwy@11.1	196	417	1408	1377	3	18	10	0.18	0.18	0.04	0.19	0.38	0.00	0.00	0.00	0.00	0.00	LOS_A	1	0.00	0.00
1	14400-18000	90			1658	1614	3	24	15	0.17	0.16	0.04	0.18	0.30	0.00	0.00	0.00	0.00	0.00	LOS_A	1	0.00	0.00
1	14400-18000	91-260: Hopkins Rd@38.0-419@15.1	260	419	175	160	0	7	8	2.29	2.07		4.31	4.80	0.00	0.00		0.00	0.00	LOS_A	1	0.00	0.00
1	14400-18000	91-260: Hopkins Rd@38.0-427: Hopkins Rd@14.4	260	427	316	309	0	5	2	0.72	0.73		0.14	0.20	0.00	0.00		0.00	0.00	LOS_A	1	0.00	0.00
1	14400-18000	91-426: Hopkins Rd@77.5-43: Hopkins Rd@14.4	426	43	367	355	1	4	5	0.21	0.20	0.00	0.15	0.38	0.00	0.00	0.00	0.00	0.00	LOS_A	1	0.00	0.00
1	14400-18000	91			858	824	1	16	15	0.82	0.76	0.00	1.96	2.71	0.00	0.00	0.00	0.00	0.00	LOS_A	1	0.00	0.00
1	14400-18000	92-107@313.1-8: Western Fwy@5.3	107	8	241	225	0	7	9	0.08	0.09		0.02	0.00	0.00	0.00		0.00	0.00	LOS_A	1	0.00	0.00
1	14400-18000	92-194: Western Fwy@609.6-8: Western Fwy@5.3	194	8	974	911	3	39	21	0.06	0.05	0.03	0.08	0.09	0.00	0.00	0.00	0.00	0.00	LOS_A	1	0.00	0.00
1	14400-18000	92			1215	1136	3	46	30	0.06	0.06	0.03	0.07	0.06	0.00	0.00	0.00	0.00	0.00	LOS_A	1	0.00	0.00
1	14400-18000	93-224: Western Fwy@24.6-149@12.9	224	149	253	249	0	4	0	3.24	3.19		6.37		0.00	0.00		0.00		LOS_A	1	0.00	0.00
1	14400-18000	93-224: Western Fwy@24.6-196: Western Fwy@9.8	224	196	1408	1377	3	18	10	0.57	0.56	1.49	1.12	0.27	0.00	0.00	0.00	0.00	0.00	LOS_A	1	0.00	0.00
1	14400-18000	93			1661	1626	3	22	10	0.98	0.97	1.49	2.07	0.27	0.00	0.00	0.00	0.00	0.00	LOS_A	1	0.00	0.00
1	14400-18000	94-949: Western Fwy@23.3-136@6.8	949	136	401	393	0	4	4	0.08	0.08		0.00	0.00	0.00	0.00		0.00	0.00	LOS_A	1	0.00	0.00
1	14400-18000	94-949: Western Fwy@23.3-389: Western Fwy  Deer Park Byp@4.2	949	389	813	742	3	42	26	0.10	0.10	0.13	0.10	0.04	0.00	0.00	0.00	0.00	0.00	LOS_A	1	0.00	0.00
1	14400-18000	94			1214	1135	3	46	30	0.09	0.10	0.13	0.09	0.04	0.00	0.00	0.00	0.00	0.00	LOS_A	1	0.00	0.00
1	14400-18000	95-952: Western Hwy@80.5-1039: Western Fwy@10.4	952	1039	589	574	0	9	6	5.21	5.25		3.85	3.01	0.01	0.01		0.02	0.00	LOS_A	1	0.00	0.00
1	14400-18000	95-1038: Western Fwy  Deer Park Byp@73.0-1039: Western Fwy@10.4	1038	1039	1072	1052	3	13	4	4.32	4.31	1.26	3.97	10.54	0.00	0.00	0.00	0.00	0.15	LOS_A	1	0.00	0.00
1	14400-18000	95			1661	1626	3	22	10	4.63	4.64	1.26	3.92	6.02	0.01	0.00	0.00	0.01	0.06	LOS_A	1	0.00	0.00
1	14400-18000	96-125@88.9-147: Western Fwy  Deer Park Byp@16.2	125	147	258	240	1	9	8	0.52	0.55	0.00	0.11	0.18	0.00	0.00	0.00	0.00	0.00	LOS_A	1	0.00	0.00
1	14400-18000	96-389: Western Fwy  Deer Park Byp@1708.1-147: Western Fwy  Deer Park Byp@16.2	389	147	813	742	3	42	26	0.08	0.09	0.04	0.08	0.03	0.00	0.00	0.00	0.00	0.00	LOS_A	1	0.00	0.00
1	14400-18000	96			1071	982	4	51	34	0.19	0.20	0.03	0.08	0.06	0.00	0.00	0.00	0.00	0.00	LOS_A	1	0.00	0.00
1	14400-18000	97-240: Western Fwy  Deer Park Byp@38.1-126@16.7	240	126	503	496	0	7	0	2.67	2.64		5.05		0.00	0.00		0.00		LOS_A	1	0.00	0.00
1	14400-18000	97-240: Western Fwy  Deer Park Byp@38.1-189: Western Fwy  Deer Park Byp@17.7	240	189	1072	1052	3	13	4	0.65	0.64	0.43	0.79	1.57	0.00	0.00	0.00	0.00	0.00	LOS_A	1	0.00	0.00
1	14400-18000	97			1575	1548	3	20	4	1.29	1.28	0.43	2.28	1.57	0.00	0.00	0.00	0.00	0.00	LOS_A	1	0.00	0.00
1	14400-18000	98-91: Ballarat Rd  Western Hwy@67.3-362: Ballarat Rd  Western Hwy@13.4	91	362	542	524	0	10	8	0.19	0.18		0.25	0.51	0.00	0.00		0.00	0.00	LOS_A	1	0.00	0.00
1	14400-18000	98-92: Ballarat Rd  Western Hwy@8.7-362: Ballarat Rd  Western Hwy@13.4	92	362	0	0	0	0	0											LOS_A		0.00	0.00
1	14400-18000	98			542	524	0	10	8	0.19	0.18		0.25	0.51	0.00	0.00		0.00	0.00	LOS_A	1	0.00	0.00
1	14400-18000	99-209: Ballarat Rd  Western Hwy@46.4-1: Ballarat Rd  Western Hwy@6.6	209	1	542	524	0	10	8	0.16	0.16		0.18	0.31	0.00	0.00		0.00	0.00	LOS_A	1	0.00	0.00
1	14400-18000	99-209: Ballarat Rd  Western Hwy@46.4-2: Ballarat Rd  Western Hwy@6.5	209	2	0	0	0	0	0											LOS_A		0.00	0.00
1	14400-18000	99			542	524	0	10	8	0.16	0.16		0.18	0.31	0.00	0.00		0.00	0.00	LOS_A	1	0.00	0.00
1	14400-18000	100-1141@18.3-1143@28.5	1141	1143	0	0	0	0	0											LOS_A		5.07	90.70
1	14400-18000	100-1141@18.3-1147@16.5	1141	1147	81	77	0	2	2	15.71	16.02		3.59	15.87	3.46	3.53		0.00	4.32	LOS_C	3	5.07	90.70
1	14400-18000	100-1141@18.3-1152@26.0	1141	1152	31	31	0	0	0	10.87	10.87				2.27	2.27				LOS_B	2	4.97	91.01
1	14400-18000	100-1141@18.3-1158@25.0	1141	1158	113	113	0	0	0	14.22	14.22				2.67	2.67				LOS_B	2	5.07	90.70
1	14400-18000	100-1146@382.0-1143@28.5	1146	1143	113	113	0	0	0	10.41	10.41				0.98	0.98				LOS_B	2	5.95	110.38
1	14400-18000	100-1146@382.0-1147@16.5	1146	1147	0	0	0	0	0											LOS_A		6.07	110.27
1	14400-18000	100-1146@382.0-1152@26.0	1146	1152	149	145	0	1	3	11.16	11.10		32.66	7.03	1.34	1.37		0.42	0.00	LOS_B	2	6.07	110.27
1	14400-18000	100-1146@382.0-1158@25.0	1146	1158	171	169	0	2	0	10.11	10.05		14.67		1.72	1.74		0.00		LOS_B	2	6.07	110.27
1	14400-18000	100-1159@120.5-1143@28.5	1159	1143	100	100	0	0	0	5.12	5.12				0.75	0.75				LOS_A	1	0.73	45.99
1	14400-18000	100-1159@120.5-1147@16.5	1159	1147	124	124	0	0	0	5.48	5.48				0.97	0.97				LOS_A	1	0.71	48.63
1	14400-18000	100-1159@120.5-1152@26.0	1159	1152	21	21	0	0	0	5.25	5.25				0.46	0.46				LOS_A	1	0.73	45.99
1	14400-18000	100-1159@120.5-1158@25.0	1159	1158	0	0	0	0	0											LOS_A		0.73	45.99
1	14400-18000	100-1234@184.1-1143@28.5	1234	1143	44	43	0	1	0	15.13	15.44		1.59		2.83	2.89		0.00		LOS_C	3	4.71	66.54
1	14400-18000	100-1234@184.1-1147@16.5	1234	1147	133	126	0	3	4	16.10	15.16		26.25	38.00	4.13	4.11		1.64	6.58	LOS_C	3	4.71	66.54
1	14400-18000	100-1234@184.1-1152@26.0	1234	1152	0	0	0	0	0											LOS_A		4.71	66.54
1	14400-18000	100-1234@184.1-1158@25.0	1234	1158	32	32	0	0	0	10.62	10.62				1.89	1.89				LOS_B	2	4.60	68.46
1	14400-18000	100			1112	1094	0	9	9	11.00	10.86		16.61	22.76	1.98	1.97		0.59	3.88	LOS_B	2	4.06	110.38
1	14400-18000	101-1144@12.5-1140@37.3	1144	1140	0	0	0	0	0											LOS_A		0.01	5.97
1	14400-18000	101-1144@12.5-1168@28.2	1144	1168	45	45	0	0	0	0.94	0.94				0.02	0.02				LOS_A	1	0.01	5.97
1	14400-18000	101-1144@12.5-1170@29.6	1144	1170	112	112	0	0	0	0.82	0.82				0.01	0.01				LOS_A	1	0.01	5.97
1	14400-18000	101-1144@12.5-1171@32.9	1144	1171	100	99	0	1	0	0.85	0.85		0.97		0.00	0.00		0.00		LOS_A	1	0.01	5.97
1	14400-18000	101-1167@141.4-1140@37.3	1167	1140	40	38	0	1	1	3.37	3.48		1.07	1.39	0.41	0.43		0.00	0.00	LOS_A	1	0.17	26.62
1	14400-18000	101-1167@141.4-1168@28.2	1167	1168	0	0	0	0	0											LOS_A		0.19	26.62
1	14400-18000	101-1167@141.4-1170@29.6	1167	1170	4	4	0	0	0	2.35	2.35				0.43	0.43				LOS_A	1	0.19	26.62
1	14400-18000	101-1167@141.4-1171@32.9	1167	1171	23	23	0	0	0	3.25	3.25				0.75	0.75				LOS_A	1	0.19	26.62
1	14400-18000	101-1169@143.9-1140@37.3	1169	1140	96	94	0	1	1	2.39	2.30		8.42	4.18	0.22	0.22		0.00	0.00	LOS_A	1	0.11	12.41
1	14400-18000	101-1169@143.9-1168@28.2	1169	1168	5	5	0	0	0	1.53	1.53				0.00	0.00				LOS_A	1	0.12	12.76
1	14400-18000	101-1169@143.9-1170@29.6	1169	1170	0	0	0	0	0											LOS_A		0.11	12.41
1	14400-18000	101-1169@143.9-1171@32.9	1169	1171	1	1	0	0	0	0.44	0.44				0.00	0.00				LOS_A	1	0.11	12.41
1	14400-18000	101-1172@137.6-1140@37.3	1172	1140	89	89	0	0	0	2.89	2.89				0.47	0.47				LOS_A	1	0.18	17.60
1	14400-18000	101-1172@137.6-1168@28.2	1172	1168	30	30	0	0	0	2.76	2.76				0.34	0.34				LOS_A	1	0.18	17.60
1	14400-18000	101-1172@137.6-1170@29.6	1172	1170	0	0	0	0	0											LOS_A		0.09	17.60
1	14400-18000	101-1172@137.6-1171@32.9	1172	1171	0	0	0	0	0											LOS_A		0.18	17.60
1	14400-18000	101			545	540	0	3	2	1.86	1.85		3.49	2.79	0.20	0.20		0.00	0.00	LOS_A	1	0.10	26.62
1	14400-18000	102-1150@427.0-1155@20.3	1150	1155	8	8	0	0	0	0.25	0.25				0.00	0.00				LOS_A	1	0.00	0.00
1	14400-18000	102-1150@427.0-1156@9.2	1150	1156	150	147	0	2	1	0.04	0.05		0.00	0.00	0.00	0.00		0.00	0.00	LOS_A	1	0.00	0.00
1	14400-18000	102-1154@88.9-1153@11.3	1154	1153	99	95	0	1	3	0.02	0.02		0.00	0.00	0.00	0.00		0.00	0.00	LOS_A	1	0.00	0.00
1	14400-18000	102-1154@88.9-1155@20.3	1154	1155	37	37	0	0	0	1.81	1.81				0.00	0.00				LOS_A	1	0.01	5.96
1	14400-18000	102-1157@97.7-1153@11.3	1157	1153	0	0	0	0	0											LOS_A		0.00	0.00
1	14400-18000	102-1157@97.7-1156@9.2	1157	1156	26	21	0	2	3	1.11	1.22		0.81	0.61	0.00	0.00		0.00	0.00	LOS_A	1	0.00	0.00
1	14400-18000	102			320	308	0	5	7	0.33	0.34		0.32	0.26	0.00	0.00		0.00	0.00	LOS_A	1	0.00	5.96
1	14400-18000	103			0	0	0	0	0											LOS_A			
1	14400-18000	104			0	0	0	0	0											LOS_A			
1	14400-18000	105			0	0	0	0	0											LOS_A			
1	14400-18000	106			0	0	0	0	0											LOS_A			
1	14400-18000	107			0	0	0	0	0											LOS_A			
1	14400-18000	108			0	0	0	0	0											LOS_A			
1	14400-18000	109			0	0	0	0	0											LOS_A			
1	14400-18000	113			0	0	0	0	0											LOS_A			
1	14400-18000	114-1081@150.5-1125@21.0	1081	1125	366	357	0	2	2	13.63	13.37		23.24	17.57	8.79	8.73		16.29	9.02	LOS_B	2	5.10	103.35
1	14400-18000	114-1081@150.5-1128@12.2	1081	1128	54	48	0	3	3	2.58	1.80		14.85	2.78	0.51	0.00		9.18	0.00	LOS_A	1	0.16	29.07
1	14400-18000	114-1129@3.3-1130@26.0	1129	1130	232	225	0	6	1	4.37	4.24		8.31	8.69	0.40	0.40		0.46	0.00	LOS_A	1	0.34	36.43
1	14400-18000	114-1132@5.3-1125@21.0	1132	1125	299	298	0	1	0	39.75	39.65		71.02		32.07	31.98		58.83		LOS_D	4	11.77	67.75
1	14400-18000	114-1240: Western Fwy@6.0-1128@12.2	1240	1128	75	73	0	1	1	54.78	55.30		37.96	33.51	45.75	46.38		27.28	18.75	LOS_D	4	6.98	68.39
1	14400-18000	114-1240: Western Fwy@6.0-1130@26.0	1240	1130	317	306	0	2	4	8.20	8.12		0.05	0.04	3.87	3.86		0.00	0.00	LOS_A	1	6.98	68.39
1	14400-18000	114			1343	1307	0	15	11	18.42	18.48		16.67	7.80	13.09	13.24		9.93	3.34	LOS_B	2	4.87	103.35
1	14400-18000	115-1092: Western Fwy@41.4-1091@18.2	1092	1091	280	267	0	6	7	2.80	2.71		4.57	4.88	0.00	0.00		0.00	0.00	LOS_A	1	0.00	0.00
1	14400-18000	115-1092: Western Fwy@41.4-1093: Western Fwy@20.0	1092	1093	549	492	5	32	20	0.21	0.22	0.27	0.08	0.00	0.00	0.00	0.00	0.00	0.00	LOS_A	1	0.00	0.00
1	14400-18000	115			829	759	5	38	27	1.08	1.10	0.27	0.79	1.27	0.00	0.00	0.00	0.00	0.00	LOS_A	1	0.00	0.00
1	14400-18000	116-1134: Western Fwy@853.1-1137: Western Fwy@29.6	1134	1137	855	821	5	15	14	0.02	0.02	0.00	0.02	0.03	0.00	0.00	0.00	0.00	0.00	LOS_A	1	0.00	0.00
1	14400-18000	116-1139@39.2-1137: Western Fwy@29.6	1139	1137	129	121	0	4	4	0.28	0.23		1.12	0.94	0.00	0.00		0.00	0.00	LOS_A	1	0.00	0.00
1	14400-18000	116			984	942	5	19	18	0.06	0.05	0.00	0.25	0.23	0.00	0.00	0.00	0.00	0.00	LOS_A	1	0.00	0.00
1	14400-18000	117-1093: Western Fwy@887.1-1118: Western Fwy@20.0	1093	1118	549	492	5	32	20	0.04	0.05	0.03	0.04	0.00	0.00	0.00	0.00	0.00	0.00	LOS_A	1	0.00	0.00
1	14400-18000	117-1117@115.1-1118: Western Fwy@20.0	1117	1118	430	421	0	6	3	0.36	0.36		0.42	0.37	0.00	0.00		0.00	0.00	LOS_A	1	0.00	0.00
1	14400-18000	117			979	913	5	38	23	0.18	0.19	0.03	0.10	0.05	0.00	0.00	0.00	0.00	0.00	LOS_A	1	0.00	0.00
1	14400-18000	118-1135: Western Fwy@35.7-1134: Western Fwy@6.5	1135	1134	855	821	5	15	14	0.71	0.71	0.35	0.59	0.91	0.00	0.00	0.00	0.00	0.00	LOS_A	1	0.01	8.10
1	14400-18000	118-1135: Western Fwy@35.7-1136: Western Fwy@4.3	1135	1136	531	523	0	7	1	3.46	3.44		5.19	5.30	0.00	0.00		0.00	0.00	LOS_A	1	0.01	8.10
1	14400-18000	118			1386	1344	5	22	15	1.76	1.77	0.35	2.05	1.20	0.00	0.00	0.00	0.00	0.00	LOS_A	1	0.01	8.10
1	14400-18000	119-1090@228.7-1098@20.0	1090	1098	91	85	0	2	4	50.73	49.83		63.30	63.49	42.29	41.73		50.71	49.84	LOS_D	4	6.07	42.52
1	14400-18000	119-1090@228.7-1100@8.0	1090	1100	189	182	0	4	3	7.71	7.73		6.21	8.30	2.70	2.79		0.00	1.07	LOS_A	1	1.60	48.20
1	14400-18000	119-1114@10.9-1098@20.0	1114	1098	301	294	0	1	1	12.49	12.46		13.90	23.68	8.85	8.93		2.16	11.38	LOS_B	2	3.78	89.11
1	14400-18000	119-1114@10.9-1116@15.9	1114	1116	280	274	0	4	2	1.31	1.31		1.09	1.43	0.01	0.01		0.00	0.00	LOS_A	1	0.00	0.00
1	14400-18000	119-1237@6.9-1100@8.0	1237	1100	515	508	0	1	1	4.21	4.22		2.83	3.00	1.35	1.37		0.00	0.00	LOS_A	1	11.12	80.61
1	14400-18000	119-1237@6.9-1116@15.9	1237	1116	150	147	0	2	1	42.61	42.50		66.29	11.23	34.14	34.11		53.29	0.00	LOS_D	4	11.12	80.61
1	14400-18000	119			1526	1490	0	14	12	12.29	12.12		21.80	26.64	8.41	8.32		15.01	17.83	LOS_B	2	4.51	89.11
1	14400-18000	120-1100@12.7-1099@27.3	1100	1099	512	501	0	4	4	8.30	8.25		2.14	14.09	5.32	5.32		0.00	7.61	LOS_A	1	10.22	97.97
1	14400-18000	120-1100@12.7-1103@19.5	1100	1103	114	112	0	0	0	1.26	1.25				0.02	0.02				LOS_A	1	0.00	0.00
1	14400-18000	120-1100@12.7-1107@21.1	1100	1107	78	77	0	1	0	53.48	53.98		15.01		46.57	47.08		7.79		LOS_D	4	10.22	97.97
1	14400-18000	120-1106@32.8-1099@27.3	1106	1099	0	0	0	0	0											LOS_A		13.13	121.76
1	14400-18000	120-1106@32.8-1103@19.5	1106	1103	0	0	0	0	0											LOS_A		13.13	121.76
1	14400-18000	120-1106@32.8-1112@5.6	1106	1112	267	262	0	3	2	28.55	28.71		27.04	9.65	19.91	20.12		14.76	0.00	LOS_C	3	13.13	121.76
1	14400-18000	120-1184@12.8-1184@46.5	1184	1184	1	1	0	0	0	0.00	0.00				0.00	0.00				LOS_A	1	0.00	0.00
1	14400-18000	120-1186@9.2-1186@61.3	1186	1186	1	0	0	0	0	89.35					87.84					LOS_F	6	0.06	14.76
1	14400-18000	120-1189@5.6-1189@50.7	1189	1189	1	0	0	0	0	1.46					0.00					LOS_A	1	0.00	2.30
1	14400-18000	120-1190@11.3-1190@56.8	1190	1190	1	0	0	0	0	235.91					234.42					LOS_F	6	0.05	1.25
1	14400-18000	120-1191@12.4-1191@46.2	1191	1191	2	2	0	0	0	0.00	0.00				0.00	0.00				LOS_A	1	0.00	0.00
1	14400-18000	120-1192@6.0-1192@58.2	1192	1192	0	0	0	0	0											LOS_A		0.00	0.00
1	14400-18000	120-1193@13.6-1193@42.6	1193	1193	0	0	0	0	0											LOS_A		0.00	0.00
1	14400-18000	120-1194@0.7-1194@34.7	1194	1194	0	0	0	0	0											LOS_A		0.00	0.00
1	14400-18000	120-1236@14.1-1103@19.5	1236	1103	0	0	0	0	0											LOS_A		10.20	119.07
1	14400-18000	120-1236@14.1-1107@21.1	1236	1107	36	35	0	0	1	24.28	24.60			13.14	16.23	16.70			0.00	LOS_C	3	10.20	119.07
1	14400-18000	120-1236@14.1-1112@5.6	1236	1112	312	306	0	2	1	31.13	30.98		18.28	63.51	22.60	22.58		8.40	45.37	LOS_C	3	10.20	119.07
1	14400-18000	120-1239@4.2-1099@27.3	1239	1099	12	12	0	0	0	64.11	64.11				57.09	57.09				LOS_E	5	2.77	14.76
1	14400-18000	120-1239@4.2-1107@21.1	1239	1107	0	0	0	0	0											LOS_A		2.77	14.76
1	14400-18000	120-1239@4.2-11576@36.8	1239	11576	2	0	0	0	0	280.24					262.87					LOS_F	6	2.77	14.76
1	14400-18000	120			1339	1308	0	10	8	21.23	20.69		14.12	19.04	15.57	15.09		6.89	9.48	LOS_C	3	2.80	121.76
1	14400-18000	121			0	0	0	0	0											LOS_A			
1	14400-18000	122			0	0	0	0	0											LOS_A			
1	14400-18000	123			0	0	0	0	0											LOS_A			
1	14400-18000	124-1123@88.6-1122@4.7	1123	1122	5	5	0	0	0	0.59	0.59				0.00	0.00				LOS_A	1	0.00	0.00
1	14400-18000	124-1130@109.7-1122@4.7	1130	1122	526	508	0	8	5	0.59	0.45		0.27	0.45	0.05	0.05		0.00	0.00	LOS_A	1	1.33	72.69
1	14400-18000	124-1130@109.7-1180@8.5	1130	1180	23	23	0	0	0	2.70	2.70				0.33	0.33				LOS_A	1	1.33	72.69
1	14400-18000	124			554	536	0	8	5	0.67	0.54		0.27	0.45	0.06	0.06		0.00	0.00	LOS_A	1	0.67	72.69
1	14400-18000	125			0	0	0	0	0											LOS_A			
1	14400-18000	244-1156@962.0-1223@12.7	1156	1223	0	0	0	0	0											LOS_A		0.00	0.00
1	14400-18000	244-1156@962.0-1224@15.7	1156	1224	176	168	0	4	4	0.04	0.04		0.00	0.00	0.00	0.00		0.00	0.00	LOS_A	1	0.00	0.00
1	14400-18000	244-1221@50.0-1224@15.7	1221	1224	0	0	0	0	0											LOS_A		0.00	0.00
1	14400-18000	244-1221@50.0-1225@11.6	1221	1225	0	0	0	0	0											LOS_A		0.00	0.00
1	14400-18000	244-1227@99.3-1223@12.7	1227	1223	0	0	0	0	0											LOS_A		0.00	0.00
1	14400-18000	244-1227@99.3-1225@11.6	1227	1225	136	132	0	1	3	0.03	0.03		0.00	0.00	0.00	0.00		0.00	0.00	LOS_A	1	0.00	0.00
1	14400-18000	244			312	300	0	5	7	0.03	0.03		0.00	0.00	0.00	0.00		0.00	0.00	LOS_A	1	0.00	0.00
1	14400-18000	245			0	0	0	0	0											LOS_A			
1	14400-18000	246-1224@100.1-1229@17.2	1224	1229	16	16	0	0	0	0.18	0.18				0.00	0.00				LOS_A	1	0.00	0.00
1	14400-18000	246-1224@100.1-1230@17.9	1224	1230	160	152	0	4	4	0.10	0.09		0.09	0.18	0.00	0.00		0.00	0.00	LOS_A	1	0.00	0.00
1	14400-18000	246-1228@93.7-1227@14.9	1228	1227	4	4	0	0	0	4.10	4.10				1.31	1.31				LOS_A	1	0.01	5.92
1	14400-18000	246-1228@93.7-1230@17.9	1228	1230	28	28	0	0	0	0.90	0.90				0.16	0.16				LOS_A	1	0.01	5.56
1	14400-18000	246-1235@217.9-1227@14.9	1235	1227	132	128	0	1	3	0.19	0.20		0.00	0.00	0.00	0.00		0.00	0.00	LOS_A	1	0.00	0.00
1	14400-18000	246-1235@217.9-1229@17.2	1235	1229	33	33	0	0	0	1.63	1.63				0.25	0.25				LOS_A	1	0.05	23.47
1	14400-18000	246			373	361	0	5	7	0.37	0.38		0.07	0.11	0.05	0.05		0.00	0.00	LOS_A	1	0.02	23.47
1	14400-18000	247			0	0	0	0	0											LOS_A			
1	14400-18000	248-1152@193.7-1233@16.5	1152	1233	37	37	0	0	0	1.73	1.73				0.58	0.58				LOS_A	1	0.07	18.51
1	14400-18000	248-1152@193.7-1235@13.8	1152	1235	164	160	0	1	3	0.07	0.07		0.34	0.00	0.00	0.00		0.00	0.00	LOS_A	1	0.00	0.00
1	14400-18000	248-1230@222.2-1233@16.5	1230	1233	1	1	0	0	0	0.15	0.15				0.00	0.00				LOS_A	1	0.00	0.00
1	14400-18000	248-1230@222.2-1234@16.0	1230	1234	187	179	0	4	4	0.04	0.04		0.00	0.00	0.00	0.00		0.00	0.00	LOS_A	1	0.00	0.00
1	14400-18000	248-1232@78.7-1234@16.0	1232	1234	22	22	0	0	0	2.30	2.30				0.15	0.15				LOS_A	1	0.02	6.41
1	14400-18000	248-1232@78.7-1235@13.8	1232	1235	1	1	0	0	0	0.14	0.14				0.00	0.00				LOS_A	1	0.00	0.00
1	14400-18000	248			412	400	0	5	7	0.33	0.34		0.07	0.00	0.06	0.06		0.00	0.00	LOS_A	1	0.02	18.51
1	14400-18000	249			0	0	0	0	0											LOS_A			
1	14400-18000	312-2419@3.3-24810@22.1	2419	24810	504	458	4	32	10	76.92	77.06	88.71	79.03	59.13	63.90	64.23	72.90	63.56	45.94	LOS_E	5	53.49	208.06
1	14400-18000	312-2420@4.1-2422@13.2	2420	2422	369	342	1	22	4	11.79	12.28	20.52	4.88	6.35	5.60	5.93	5.18	1.28	1.51	LOS_B	2	23.08	199.51
1	14400-18000	312-2475@44.5-2391@3.4	2475	2391	211	184	1	16	10	47.28	47.38	73.14	49.70	39.07	37.11	37.76	59.06	34.54	27.01	LOS_D	4	10.39	51.19
1	14400-18000	312-2475@44.5-2422@13.2	2475	2422	25	25	0	0	0	4.51	4.51				0.00	0.00				LOS_A	1	0.00	0.00
1	14400-18000	312-2527@16.1-2391@3.4	2527	2391	292	286	1	5	0	24.08	24.08	27.90	23.31		16.48	16.55	11.50	13.75		LOS_C	3	4.68	54.69
1	14400-18000	312-2527@16.1-24810@22.1	2527	24810	144	138	1	4	1	10.17	9.99	25.33	11.59	14.18	6.24	6.32	11.90	3.00	1.66	LOS_B	2	1.58	32.36
1	14400-18000	312			1545	1433	8	79	25	39.94	39.49	62.72	45.50	40.86	30.95	30.70	47.40	34.12	29.49	LOS_D	4	15.54	208.06
1	14400-18000	313-2394@59.8-2414@34.7	2394	2414	362	353	0	9	0	25.01	24.96		26.64		17.13	17.16		15.74		LOS_C	3	7.56	66.16
1	14400-18000	313-2394@59.8-2418@36.3	2394	2418	111	106	0	3	2	42.47	41.78		60.41	52.22	34.90	34.36		52.76	36.59	LOS_D	4	8.65	66.35
1	14400-18000	313-2401@29.1-2389@16.1	2401	2389	468	466	0	1	1	8.12	8.13		1.46	6.84	1.07	1.08		0.00	0.00	LOS_A	1	0.08	19.62
1	14400-18000	313-2401@29.1-2418@36.3	2401	2418	762	694	5	51	12	32.90	32.72	50.63	31.41	41.82	19.65	19.59	33.03	17.53	26.64	LOS_C	3	18.91	142.96
1	14400-18000	313-2416@14.9-2389@16.1	2416	2389	49	43	1	5	0	56.21	55.91	51.32	59.84		46.55	46.87	31.16	46.88		LOS_E	5	3.14	47.07
1	14400-18000	313-2416@14.9-2414@34.7	2416	2414	454	427	1	16	10	4.76	4.92	0.00	2.60	1.96	2.36	2.51	0.00	0.00	0.00	LOS_A	1	3.14	47.07
1	14400-18000	313			2206	2089	7	85	25	21.55	21.18	43.49	27.83	25.31	13.10	12.87	28.05	16.81	15.71	LOS_C	3	7.67	142.96
1	14400-18000	314-2403@220.3-2402@17.0	2403	2402	15	15	0	0	0	3.92	3.92				1.63	1.63				LOS_A	1	0.01	6.22
1	14400-18000	314-2403@220.3-2424@24.2	2403	2424	16	16	0	0	0	61.94	61.94				54.38	54.38				LOS_E	5	1.46	19.27
1	14400-18000	314-2409@18.3-2410@13.9	2409	2410	19	19	0	0	0	71.73	71.73				66.14	66.14				LOS_E	5	2.60	55.71
1	14400-18000	314-2409@18.3-2424@24.2	2409	2424	797	761	1	25	10	2.04	2.02	3.87	2.83	1.85	0.41	0.42	0.00	0.29	0.00	LOS_A	1	2.60	55.71
1	14400-18000	314-2413@40.6-2402@17.0	2413	2402	1216	1146	5	52	13	7.25	7.29	10.98	6.31	6.13	2.71	2.77	3.09	1.58	2.24	LOS_A	1	6.10	147.25
1	14400-18000	314-2413@40.6-2410@13.9	2413	2410	2	2	0	0	0	0.98	0.98				0.00	0.00				LOS_A	1	0.00	0.00
1	14400-18000	314-2517@5.7-2517@54.4	2517	2517	0	0	0	0	0											LOS_A		0.00	0.00
1	14400-18000	314			2065	1959	6	77	23	6.23	6.28	9.80	5.18	4.26	2.80	2.88	2.58	1.16	1.27	LOS_A	1	1.69	147.25
1	14400-18000	315-2424@32.6-2426@30.8	2424	2426	774	754	0	14	6	7.88	7.81		5.87	22.39	4.74	4.70		2.35	14.31	LOS_A	1	4.04	68.72
1	14400-18000	315-2424@32.6-2434@37.0	2424	2434	8	8	0	0	0	67.43	67.43				61.19	61.19				LOS_E	5	4.04	68.72
1	14400-18000	315-2424@32.6-2439@33.6	2424	2439	31	15	1	11	4	13.24	13.51	1.52	14.43	11.92	7.83	8.26	0.00	8.49	6.32	LOS_B	2	4.04	68.72
1	14400-18000	315-2430@18.6-2413@31.6	2430	2413	101	78	1	17	5	9.45	7.43	10.63	15.51	20.06	3.97	2.80	0.00	7.50	11.06	LOS_A	1	1.42	47.24
1	14400-18000	315-2430@18.6-2426@30.8	2430	2426	8	8	0	0	0	42.32	42.32				32.90	32.90				LOS_D	4	0.47	12.94
1	14400-18000	315-2430@18.6-2439@33.6	2430	2439	0	0	0	0	0											LOS_A		0.47	12.94
1	14400-18000	315-2438@12.4-2413@31.6	2438	2413	59	36	2	17	4	76.22	68.27	77.95	90.26	87.21	66.76	60.57	67.08	77.96	74.69	LOS_E	5	10.91	75.63
1	14400-18000	315-2438@12.4-2426@30.8	2438	2426	0	0	0	0	0											LOS_A		10.91	75.63
1	14400-18000	315-2438@12.4-2434@37.0	2438	2434	13	11	0	2	0	52.22	46.99		80.94		44.48	40.21		67.97		LOS_D	4	10.91	75.63
1	14400-18000	315-2442@2.5-2413@31.6	2442	2413	1058	1034	2	18	4	11.47	11.56	0.79	8.44	6.79	5.92	5.98	0.00	3.47	2.59	LOS_B	2	7.36	116.67
1	14400-18000	315-2442@2.5-2434@37.0	2442	2434	9	7	0	1	1	8.37	10.56		0.68	0.73	5.97	7.68		0.00	0.00	LOS_A	1	7.36	116.67
1	14400-18000	315-2442@2.5-2439@33.6	2442	2439	3	3	0	0	0	49.37	49.37				43.32	43.32				LOS_D	4	7.36	116.67
1	14400-18000	315			2064	1954	6	80	24	12.54	11.61	28.27	29.42	27.46	7.76	6.98	22.36	22.22	19.82	LOS_B	2	4.84	116.67
1	14400-18000	316			0	0	0	0	0											LOS_A			
1	14400-18000	317			0	0	0	0	0											LOS_A			
1	14400-18000	318			0	0	0	0	0											LOS_A			
1	14400-18000	319			0	0	0	0	0											LOS_A			
1	14400-18000	320			0	0	0	0	0											LOS_A			
1	14400-18000	322-2388@109.5-2387: Western Fwy  Deer Park Byp@24.8	2388	2387	517	509	1	6	1	0.05	0.05	0.00	0.28	0.05	0.00	0.00	0.00	0.00	0.00	LOS_A	1	0.00	0.00
1	14400-18000	322-2397: Western Fwy  Deer Park Byp@856.0-2387: Western Fwy  Deer Park Byp@24.8	2397	2387	1058	1039	2	14	3	0.07	0.07	0.51	0.07	0.00	0.00	0.00	0.00	0.00	0.00	LOS_A	1	0.00	0.00
1	14400-18000	322			1575	1548	3	20	4	0.06	0.06	0.34	0.13	0.01	0.00	0.00	0.00	0.00	0.00	LOS_A	1	0.00	0.00
1	14400-18000	323-2479: Western Fwy  Deer Park Byp@45.2-2477@22.4	2479	2477	236	209	1	16	10	2.10	1.81	4.56	4.28	4.40	0.00	0.00	0.00	0.00	0.00	LOS_A	1	0.00	0.00
1	14400-18000	323-2479: Western Fwy  Deer Park Byp@45.2-2478: Western Fwy  Deer Park Byp@23.8	2479	2478	835	773	3	35	24	0.21	0.20	0.17	0.40	0.20	0.00	0.00	0.00	0.00	0.00	LOS_A	1	0.00	0.00
1	14400-18000	323			1071	982	4	51	34	0.63	0.54	1.27	1.62	1.43	0.00	0.00	0.00	0.00	0.00	LOS_A	1	0.00	0.00
1	14400-18000	324-2478: Western Fwy  Deer Park Byp@815.7-2483: Western Fwy  Deer Park Byp@32.3	2478	2483	835	773	3	35	24	0.15	0.15	0.01	0.09	0.21	0.00	0.00	0.00	0.00	0.00	LOS_A	1	0.00	0.00
1	14400-18000	324-2485@71.7-2483: Western Fwy  Deer Park Byp@32.3	2485	2483	648	596	5	36	11	7.51	7.44	11.34	8.08	7.54	0.10	0.10	0.27	0.08	0.00	LOS_A	1	0.00	0.00
1	14400-18000	324			1483	1369	8	71	35	3.36	3.32	7.09	4.14	2.51	0.04	0.04	0.17	0.04	0.00	LOS_A	1	0.00	0.00
1	14400-18000	325-2398: Western Fwy  Deer Park Byp@30.6-2385@22.8	2398	2385	473	459	0	12	2	2.90	2.82		5.53	5.45	0.01	0.01		0.00	0.00	LOS_A	1	0.00	0.00
1	14400-18000	325-2398: Western Fwy  Deer Park Byp@30.6-2397: Western Fwy  Deer Park Byp@22.6	2398	2397	1058	1039	2	14	3	0.55	0.55	0.56	0.37	1.36	0.00	0.00	0.00	0.00	0.00	LOS_A	1	0.00	0.00
1	14400-18000	325			1531	1498	2	26	5	1.27	1.24	0.56	2.75	3.00	0.00	0.00	0.00	0.00	0.00	LOS_A	1	0.00	0.00
1	14400-18000	326-2502: Western Fwy  Deer Park Byp@2131.3-2513: Western Fwy  Deer Park Byp@18.8	2502	2513	721	699	2	16	4	0.18	0.18	0.36	0.16	0.12	0.00	0.00	0.00	0.00	0.00	LOS_A	1	0.00	0.00
1	14400-18000	326-2514: Western Fwy  Deer Park Byp@123.8-2513: Western Fwy  Deer Park Byp@18.8	2514	2513	810	799	0	10	1	1.11	1.10		1.49	0.60	0.00	0.00		0.00	0.00	LOS_A	1	0.00	0.00
1	14400-18000	326			1531	1498	2	26	5	0.67	0.67	0.36	0.67	0.22	0.00	0.00	0.00	0.00	0.00	LOS_A	1	0.00	0.00
1	14400-18000	327-2505: Western Fwy  Deer Park Byp@33.7-2506: Western Fwy  Deer Park Byp@21.2	2505	2506	844	772	5	42	25	1.55	1.52	1.12	0.84	3.63	0.55	0.54	0.00	0.00	1.90	LOS_A	1	1.47	131.35
1	14400-18000	327-2505: Western Fwy  Deer Park Byp@33.7-2508: Western Fwy  Deer Park Byp@13.2	2505	2508	639	597	3	29	10	2.51	2.38	4.86	4.28	4.49	0.13	0.14	0.00	0.00	0.00	LOS_A	1	1.47	131.35
1	14400-18000	327			1483	1369	8	71	35	1.96	1.89	2.53	2.24	3.88	0.37	0.37	0.00	0.00	1.36	LOS_A	1	1.47	131.35
1	18000-21600	43-28: Troups Rd N@6.9-13: Western Hwy@23.8	28	13	11	11	0	0	0	0.08	0.08				0.00	0.00				LOS_A	1	0.00	0.00
1	18000-21600	43-609: Western Hwy@95.9-13: Western Hwy@23.8	609	13	1287	1251	8	20	8	0.47	0.46	0.31	0.67	0.77	0.00	0.00	0.00	0.00	0.00	LOS_A	1	0.00	0.00
1	18000-21600	43-609: Western Hwy@95.9-27: Troups Rd N@5.6	609	27	72	71	0	0	0	1.46	1.44				0.00	0.00				LOS_A	1	0.00	0.00
1	18000-21600	43-944: Western Hwy@45.8-73: Western Hwy@23.3	944	73	821	774	13	13	21	0.06	0.06	0.08	0.04	0.06	0.00	0.00	0.00	0.00	0.00	LOS_A	1	0.00	0.00
1	18000-21600	43			2191	2107	21	33	29	0.34	0.35	0.17	0.42	0.26	0.00	0.00	0.00	0.00	0.00	LOS_A	1	0.00	0.00
1	18000-21600	44-15@3.2-243: Ferris Rd  Melton Hwy@24.7	15	243	343	337	0	3	3	21.87	21.82		27.42	21.81	13.98	13.97		16.71	12.29	LOS_C	3	7.05	58.29
1	18000-21600	44-421: Ferris Rd@65.5-20@13.7	421	20	39	36	1	1	1	1.64	1.50	3.54	3.25	3.22	0.00	0.00	0.00	0.00	0.00	LOS_A	1	0.00	0.00
1	18000-21600	44-421: Ferris Rd@65.5-243: Ferris Rd  Melton Hwy@24.7	421	243	252	241	0	5	6	20.58	20.37		25.35	24.99	11.86	11.76		14.93	13.09	LOS_C	3	5.50	58.15
1	18000-21600	44-682@3.6-420: Ferris Rd@19.2	682	420	225	215	0	9	1	0.22	0.22		0.21	0.16	0.00	0.00		0.00	0.00	LOS_A	1	0.64	46.35
1	18000-21600	44-10393@15.0-19@37.7	10393	19	145	141	0	4	0	28.87	28.81		31.17		20.80	20.87		18.30		LOS_C	3	7.81	65.07
1	18000-21600	44-10393@15.0-420: Ferris Rd@19.2	10393	420	236	232	0	3	1	8.80	8.60		17.66	29.74	3.44	3.36		5.37	15.68	LOS_A	1	7.81	65.07
1	18000-21600	44			1240	1202	1	25	12	15.38	15.33	3.54	15.67	20.71	9.36	9.37	0.00	8.56	10.92	LOS_B	2	4.20	65.07
1	18000-21600	45-499: Zone connector@162.8-95: Melton Hwy@35.1	499	95	59	59	0	0	0	27.72	27.72				21.12	21.12				LOS_C	3	2.30	32.04
1	18000-21600	45-499: Zone connector@162.8-307: Melton Hwy@9.5	499	307	27	27	0	0	0	0.88	0.88				0.00	0.00				LOS_A	1	0.00	0.00
1	18000-21600	45-677: Melton Hwy@21.4-307: Melton Hwy@9.5	677	307	311	306	0	3	2	7.25	7.31		0.00	9.34	3.41	3.45		0.00	1.69	LOS_A	1	1.56	37.52
1	18000-21600	45-677: Melton Hwy@21.4-500: Zone connector@16.0	677	500	39	39	0	0	0	1.41	1.41				0.00	0.00				LOS_A	1	0.00	0.00
1	18000-21600	45-680: Melton Hwy@11.3-95: Melton Hwy@35.1	680	95	297	292	0	2	3	2.87	2.89		4.19	0.03	0.81	0.83		0.00	0.00	LOS_A	1	2.29	31.37
1	18000-21600	45-680: Melton Hwy@11.3-363: Gateway Dr@7.0	680	363	0	0	0	0	0											LOS_A		0.00	0.00
1	18000-21600	45-680: Melton Hwy@11.3-500: Zone connector@16.0	680	500	43	43	0	0	0	33.24	33.24				24.80	24.80				LOS_C	3	2.29	31.37
1	18000-21600	45-681: Gateway Dr@258.9-95: Melton Hwy@35.1	681	95	0	0	0	0	0											LOS_A		0.00	0.00
1	18000-21600	45			776	766	0	5	5	8.06	8.13		1.67	3.76	4.66	4.71		0.00	0.68	LOS_A	1	0.88	37.52
1	18000-21600	46-12: Hopkins Rd@73.6-44: Hopkins Rd@23.1	12	44	274	265	0	3	6	2.71	2.62		4.46	5.95	0.20	0.20		0.00	0.00	LOS_A	1	0.38	34.54
1	18000-21600	46-12: Hopkins Rd@73.6-104@37.0	12	104	92	86	0	3	3	1.46	1.32		1.02	6.20	0.00	0.00		0.00	0.00	LOS_A	1	0.19	34.54
1	18000-21600	46-12: Hopkins Rd@73.6-428@34.4	12	428	10	10	0	0	0	2.00	2.00				0.00	0.00				LOS_A	1	0.38	34.54
1	18000-21600	46-12: Hopkins Rd@73.6-1243: Hopkins Rd@4.3	12	1243	0	0	0	0	0											LOS_A		0.38	34.54
1	18000-21600	46-255: Hopkins Rd@17.0-44: Hopkins Rd@23.1	255	44	0	0	0	0	0											LOS_A		0.01	9.27
1	18000-21600	46-255: Hopkins Rd@17.0-104@37.0	255	104	57	52	0	2	2	0.88	0.79		0.78	2.19	0.00	0.00		0.00	0.00	LOS_A	1	0.01	9.27
1	18000-21600	46-255: Hopkins Rd@17.0-428@34.4	255	428	17	17	0	0	0	0.90	0.90				0.00	0.00				LOS_A	1	0.01	9.27
1	18000-21600	46-255: Hopkins Rd@17.0-1243: Hopkins Rd@4.3	255	1243	225	217	0	5	3	0.76	0.73		1.41	1.32	0.02	0.02		0.00	0.00	LOS_A	1	0.01	9.27
1	18000-21600	46-257@11.2-44: Hopkins Rd@23.1	257	44	75	75	0	0	0	5.16	5.16				0.70	0.70				LOS_A	1	1.26	55.88
1	18000-21600	46-257@11.2-104@37.0	257	104	0	0	0	0	0											LOS_A		1.26	55.88
1	18000-21600	46-257@11.2-428@34.4	257	428	0	0	0	0	0											LOS_A		1.26	55.88
1	18000-21600	46-257@11.2-1243: Hopkins Rd@4.3	257	1243	153	153	0	0	0	7.28	7.28				1.96	1.96				LOS_A	1	1.38	58.67
1	18000-21600	46-429@91.6-44: Hopkins Rd@23.1	429	44	27	27	0	0	0	2.19	2.19				0.24	0.24				LOS_A	1	0.05	11.52
1	18000-21600	46-429@91.6-104@37.0	429	104	11	11	0	0	0	5.11	5.11				1.85	1.85				LOS_A	1	0.05	11.52
1	18000-21600	46-429@91.6-428@34.4	429	428	0	0	0	0	0											LOS_A		0.05	11.52
1	18000-21600	46-429@91.6-1243: Hopkins Rd@4.3	429	1243	17	17	0	0	0	3.40	3.40				0.41	0.41				LOS_A	1	0.05	11.52
1	18000-21600	46			958	930	0	13	14	2.93	2.92		1.93	4.47	0.46	0.48		0.00	0.00	LOS_A	1	0.47	58.67
1	18000-21600	47-4: Caroline Springs Blvd@6.8-212: Caroline Springs Blvd@4.6	4	212	351	339	0	5	7	0.34	0.33		0.67	0.61	0.00	0.00		0.00	0.00	LOS_A	1	0.00	0.00
1	18000-21600	47-4: Caroline Springs Blvd@6.8-446@6.0	4	446	0	0	0	0	0											LOS_A		0.00	0.00
1	18000-21600	47-447@32.5-212: Caroline Springs Blvd@4.6	447	212	0	0	0	0	0											LOS_A		0.00	0.00
1	18000-21600	47-887: Caroline Springs Blvd@16.4-212: Caroline Springs Blvd@4.6	887	212	17	17	0	0	0	5.88	5.88				0.02	0.02				LOS_A	1	0.01	6.10
1	18000-21600	47-887: Caroline Springs Blvd@16.4-448@12.1	887	448	767	757	0	5	5	0.31	0.31		0.04	0.11	0.00	0.00		0.00	0.00	LOS_A	1	0.00	0.00
1	18000-21600	47			1135	1113	0	10	12	0.40	0.40		0.35	0.40	0.00	0.00		0.00	0.00	LOS_A	1	0.00	6.10
1	18000-21600	48-67: Meskos Rd@199.5-12: Hopkins Rd@2.0	67	12	0	0	0	0	0											LOS_A		0.00	0.00
1	18000-21600	48-67: Meskos Rd@199.5-252: Hopkins Rd@3.1	67	252	0	0	0	0	0											LOS_A		0.00	0.00
1	18000-21600	48-251: Hopkins Rd@11.8-12: Hopkins Rd@2.0	251	12	376	361	0	6	9	0.03	0.02		0.09	0.20	0.00	0.00		0.00	0.00	LOS_A	1	0.00	0.00
1	18000-21600	48-251: Hopkins Rd@11.8-66: Meskos Rd@6.0	251	66	0	0	0	0	0											LOS_A		0.00	0.00
1	18000-21600	48-1243: Hopkins Rd@76.3-66: Meskos Rd@6.0	1243	66	0	0	0	0	0											LOS_A		0.00	0.00
1	18000-21600	48-1243: Hopkins Rd@76.3-252: Hopkins Rd@3.1	1243	252	395	387	0	5	3	0.09	0.09		0.08	0.22	0.00	0.00		0.00	0.00	LOS_A	1	0.00	0.00
1	18000-21600	48			771	748	0	11	12	0.06	0.06		0.08	0.20	0.00	0.00		0.00	0.00	LOS_A	1	0.00	0.00
1	18000-21600	49-351: Delma Rd@85.2-352: Eucumbene Dr@37.8	351	352	0	0	0	0	0											LOS_A		0.00	0.00
1	18000-21600	49-351: Delma Rd@85.2-506: Zone connector@80.7	351	506	14	14	0	0	0	0.19	0.19				0.00	0.00				LOS_A	1	0.00	0.00
1	18000-21600	49-353: Eucumbene Dr@275.9-350: Delma Rd@23.2	353	350	0	0	0	0	0											LOS_A		0.00	0.00
1	18000-21600	49-353: Eucumbene Dr@275.9-506: Zone connector@80.7	353	506	31	31	0	0	0	0.01	0.01				0.00	0.00				LOS_A	1	0.00	0.00
1	18000-21600	49-505: Zone connector@77.8-350: Delma Rd@23.2	505	350	70	70	0	0	0	0.18	0.18				0.00	0.00				LOS_A	1	0.00	0.00
1	18000-21600	49-505: Zone connector@77.8-352: Eucumbene Dr@37.8	505	352	0	0	0	0	0											LOS_A		0.00	0.00
1	18000-21600	49			115	115	0	0	0	0.14	0.14				0.00	0.00				LOS_A	1	0.00	0.00
1	18000-21600	50-115: Western Hwy@22.9-209: Ballarat Rd  Western Hwy@28.7	115	209	217	215	0	0	2	43.69	43.34			81.00	34.76	34.48			65.20	LOS_D	4	9.22	87.81
1	18000-21600	50-115: Western Hwy@22.9-283: Christies Rd@7.9	115	283	21	21	0	0	0	48.31	48.31				40.96	40.96				LOS_D	4	9.22	87.81
1	18000-21600	50-461: Ballarat Rd  Western Hwy@7.1-114: Western Hwy@17.3	461	114	366	366	0	0	0	19.59	19.59				12.02	12.02				LOS_B	2	14.00	90.39
1	18000-21600	50-461: Ballarat Rd  Western Hwy@7.1-215: Caroline Springs Blvd@5.8	461	215	323	323	0	0	0	39.51	39.51				25.84	25.84				LOS_D	4	14.00	90.39
1	18000-21600	50-648: Christies Rd@37.8-114: Western Hwy@17.3	648	114	25	25	0	0	0	46.43	46.43				39.24	39.24				LOS_D	4	23.90	204.55
1	18000-21600	50-648: Christies Rd@37.8-209: Ballarat Rd  Western Hwy@28.7	648	209	59	57	0	0	2	64.34	65.01			45.10	52.64	53.32			33.25	LOS_E	5	23.90	204.55
1	18000-21600	50-648: Christies Rd@37.8-215: Caroline Springs Blvd@5.8	648	215	434	424	0	5	5	47.09	47.27		44.25	34.91	36.99	37.18		34.66	23.37	LOS_D	4	23.90	204.55
1	18000-21600	50-649@8.2-283: Christies Rd@7.9	649	283	49	47	0	0	2	1.42	1.26			5.09	0.13	0.14			0.00	LOS_A	1	0.01	5.72
1	18000-21600	50-651@22.8-215: Caroline Springs Blvd@5.8	651	215	27	27	0	0	0	0.49	0.49				0.00	0.00				LOS_A	1	0.00	0.00
1	18000-21600	50-652: Caroline Springs Blvd@21.4-114: Western Hwy@17.3	652	114	21	21	0	0	0	67.90	67.90				59.05	59.05				LOS_E	5	7.72	61.98
1	18000-21600	50-652: Caroline Springs Blvd@21.4-209: Ballarat Rd  Western Hwy@28.7	652	209	153	152	0	0	1	5.56	5.56			5.32	0.27	0.27			0.00	LOS_A	1	0.05	17.59
1	18000-21600	50-652: Caroline Springs Blvd@21.4-283: Christies Rd@7.9	652	283	194	183	0	5	6	41.49	41.90		29.68	39.07	32.37	33.04		16.70	25.05	LOS_D	4	7.72	61.98
1	18000-21600	50			1889	1861	0	10	18	35.06	35.03		36.97	37.59	25.86	25.86		25.68	25.78	LOS_D	4	7.84	204.55
1	18000-21600	51-7: Ballarat Rd  Western Hwy@16.6-10: Ballarat Rd  Western Hwy@18.5	7	10	12	12	0	0	0	114.11	114.11				105.42	105.42				LOS_F	6	5.47	38.24
1	18000-21600	51-7: Ballarat Rd  Western Hwy@16.6-385: Chisholm Dr@11.7	7	385	13	13	0	0	0	109.54	109.54				99.33	99.33				LOS_F	6	5.47	38.24
1	18000-21600	51-7: Ballarat Rd  Western Hwy@16.6-670: Ballarat Rd  Western Hwy@1.4	7	670	18	18	0	0	0	160.18	160.18				141.01	141.01				LOS_F	6	5.47	38.24
1	18000-21600	51-7: Ballarat Rd  Western Hwy@16.6-671: Panamax Rd@7.5	7	671	0	0	0	0	0											LOS_A		5.47	38.24
1	18000-21600	51-347: Panamax Rd@4.8-10: Ballarat Rd  Western Hwy@18.5	347	10	161	161	0	0	0	102.24	102.24				84.39	84.39				LOS_F	6	12.22	89.10
1	18000-21600	51-347: Panamax Rd@4.8-385: Chisholm Dr@11.7	347	385	52	52	0	0	0	54.40	54.40				44.49	44.49				LOS_D	4	12.22	89.10
1	18000-21600	51-347: Panamax Rd@4.8-670: Ballarat Rd  Western Hwy@1.4	347	670	97	96	0	0	1	9.11	9.12			7.54	4.34	4.38			0.00	LOS_A	1	0.00	0.00
1	18000-21600	51-360: Ballarat Rd  Western Hwy@55.2-10: Ballarat Rd  Western Hwy@18.5	360	10	311	307	0	0	4	21.10	21.21			12.35	11.81	11.91			4.52	LOS_C	3	9.81	95.36
1	18000-21600	51-360: Ballarat Rd  Western Hwy@55.2-385: Chisholm Dr@11.7	360	385	52	52	0	0	0	16.50	16.50				8.21	8.21				LOS_B	2	9.81	95.36
1	18000-21600	51-360: Ballarat Rd  Western Hwy@55.2-671: Panamax Rd@7.5	360	671	66	65	0	0	1	51.27	51.74			21.06	42.79	43.32			8.14	LOS_D	4	9.81	95.36
1	18000-21600	51-673: Chisholm Dr@12.9-10: Ballarat Rd  Western Hwy@18.5	673	10	66	66	0	0	0	3.70	3.70				1.86	1.86				LOS_A	1	3.50	35.76
1	18000-21600	51-673: Chisholm Dr@12.9-670: Ballarat Rd  Western Hwy@1.4	673	670	39	39	0	0	0	102.81	102.81				84.26	84.26				LOS_F	6	6.85	36.45
1	18000-21600	51-673: Chisholm Dr@12.9-671: Panamax Rd@7.5	673	671	25	25	0	0	0	79.63	79.63				64.79	64.79				LOS_E	5	6.85	36.45
1	18000-21600	51-885: Ballarat Rd  Western Hwy@6.9-10: Ballarat Rd  Western Hwy@18.5	885	10	0	0	0	0	0											LOS_A		13.69	90.74
1	18000-21600	51-885: Ballarat Rd  Western Hwy@6.9-385: Chisholm Dr@11.7	885	385	83	83	0	0	0	67.78	67.78				56.68	56.68				LOS_E	5	13.69	90.74
1	18000-21600	51-885: Ballarat Rd  Western Hwy@6.9-670: Ballarat Rd  Western Hwy@1.4	885	670	528	527	0	0	1	20.51	20.54			1.95	11.99	12.02			0.00	LOS_C	3	13.69	90.74
1	18000-21600	51-885: Ballarat Rd  Western Hwy@6.9-671: Panamax Rd@7.5	885	671	181	179	0	1	1	22.14	21.76		55.21	57.20	11.23	10.92		37.89	39.34	LOS_C	3	13.69	90.74
1	18000-21600	51			1704	1695	0	1	8	37.18	37.27		55.21	17.14	27.25	27.34		37.89	8.19	LOS_D	4	7.36	95.36
1	18000-21600	52-198: Melton Hwy@69.6-182@11.5	198	182	141	138	0	1	2	2.27	2.22		3.74	4.99	0.05	0.05		0.00	0.00	LOS_A	1	0.00	0.00
1	18000-21600	52-198: Melton Hwy@69.6-308: Ferris Rd  Melton Hwy@20.5	198	308	357	350	0	6	1	0.63	0.63		0.22	0.36	0.00	0.00		0.00	0.00	LOS_A	1	0.00	0.00
1	18000-21600	52-339@366.5-200: Melton Hwy@21.7	339	200	112	112	0	0	0	0.22	0.22				0.00	0.00				LOS_A	1	0.00	0.00
1	18000-21600	52-339@366.5-308: Ferris Rd  Melton Hwy@20.5	339	308	24	23	0	1	0	17.66	18.30		3.08		10.98	11.46		0.00		LOS_C	3	0.18	6.23
1	18000-21600	52-956: Ferris Rd  Melton Hwy@55.3-182@11.5	956	182	170	161	0	4	5	7.56	7.50		7.08	9.89	2.15	2.16		0.63	2.97	LOS_A	1	1.57	45.15
1	18000-21600	52-956: Ferris Rd  Melton Hwy@55.3-200: Melton Hwy@21.7	956	200	425	417	0	4	4	0.10	0.10		0.18	0.25	0.00	0.00		0.00	0.00	LOS_A	1	0.08	16.30
1	18000-21600	52			1229	1201	0	16	12	1.89	1.85		2.32	5.07	0.52	0.52		0.16	1.24	LOS_A	1	0.37	45.15
1	18000-21600	53-899: Melton Hwy@13.5-199: Melton Hwy@15.7	899	199	0	0	0	0	0											LOS_A		0.08	12.35
1	18000-21600	53-899: Melton Hwy@13.5-301: High St@21.5	899	301	35	35	0	0	0	1.09	1.09				0.00	0.00				LOS_A	1	0.08	12.35
1	18000-21600	53-899: Melton Hwy@13.5-305: Melton Hwy@15.3	899	305	278	273	0	2	3	1.07	1.03		7.43	0.58	0.07	0.05		2.59	0.00	LOS_A	1	0.08	12.35
1	18000-21600	53-899: Melton Hwy@13.5-376: High St@36.1	899	376	224	221	0	2	1	2.33	2.30		4.14	6.07	0.03	0.03		0.00	0.00	LOS_A	1	0.08	12.35
1	18000-21600	53-900: High St@7.7-199: Melton Hwy@15.7	900	199	203	198	0	4	1	4.03	4.06		2.98	2.73	0.80	0.82		0.10	0.00	LOS_A	1	0.73	30.36
1	18000-21600	53-900: High St@7.7-301: High St@21.5	900	301	24	24	0	0	0	2.79	2.79				0.22	0.22				LOS_A	1	0.73	30.36
1	18000-21600	53-900: High St@7.7-305: Melton Hwy@15.3	900	305	56	56	0	0	0	6.49	6.49				0.19	0.19				LOS_A	1	0.58	31.64
1	18000-21600	53-900: High St@7.7-376: High St@36.1	900	376	0	0	0	0	0											LOS_A		0.73	30.36
1	18000-21600	53-901: Melton Hwy@7.6-199: Melton Hwy@15.7	901	199	250	245	0	3	2	5.31	5.37		3.14	1.40	1.44	1.47		0.00	0.00	LOS_A	1	1.54	48.05
1	18000-21600	53-901: Melton Hwy@7.6-301: High St@21.5	901	301	4	4	0	0	0	6.33	6.33				1.44	1.44				LOS_A	1	1.54	48.05
1	18000-21600	53-901: Melton Hwy@7.6-305: Melton Hwy@15.3	901	305	0	0	0	0	0											LOS_A		1.54	48.05
1	18000-21600	53-901: Melton Hwy@7.6-376: High St@36.1	901	376	83	83	0	0	0	4.41	4.41				0.67	0.67				LOS_A	1	1.54	48.05
1	18000-21600	53-1241: High St@3.1-199: Melton Hwy@15.7	1241	199	45	45	0	0	0	6.32	6.32				2.42	2.42				LOS_A	1	0.50	19.21
1	18000-21600	53-1241: High St@3.1-301: High St@21.5	1241	301	0	0	0	0	0											LOS_A		0.50	19.21
1	18000-21600	53-1241: High St@3.1-305: Melton Hwy@15.3	1241	305	6	6	0	0	0	8.75	8.75				3.70	3.70				LOS_A	1	0.50	19.21
1	18000-21600	53-1241: High St@3.1-376: High St@36.1	1241	376	18	18	0	0	0	9.10	9.10				3.61	3.61				LOS_A	1	0.50	19.21
1	18000-21600	53			1226	1208	0	11	7	3.53	3.53		4.04	1.91	0.67	0.68		0.51	0.00	LOS_A	1	0.66	48.05
1	18000-21600	54-526: Ferris Rd@22.5-310@35.3	526	310	13	12	0	1	0	3.73	3.73		3.65		0.00	0.00		0.00		LOS_A	1	0.00	0.00
1	18000-21600	54-526: Ferris Rd@22.5-421: Ferris Rd@15.4	526	421	0	0	0	0	0											LOS_A		0.00	0.00
1	18000-21600	54-526: Ferris Rd@22.5-525: Ferris Rd@18.9	526	525	448	435	0	11	2	0.07	0.07		0.18	0.04	0.00	0.00		0.00	0.00	LOS_A	1	0.00	0.00
1	18000-21600	54-527: Zone connector@58.2-310@35.3	527	310	0	0	0	0	0											LOS_A		0.00	0.00
1	18000-21600	54-527: Zone connector@58.2-421: Ferris Rd@15.4	527	421	279	265	1	6	7	0.13	0.14	0.12	0.13	0.08	0.00	0.00	0.00	0.00	0.00	LOS_A	1	0.00	0.00
1	18000-21600	54-528@5.7-421: Ferris Rd@15.4	528	421	12	12	0	0	0	3.24	3.24				0.39	0.39				LOS_A	1	0.01	6.11
1	18000-21600	54-528@5.7-525: Ferris Rd@18.9	528	525	0	0	0	0	0											LOS_A		0.00	0.00
1	18000-21600	54			752	724	1	18	9	0.21	0.21	0.12	0.36	0.07	0.01	0.01	0.00	0.00	0.00	LOS_A	1	0.00	6.11
1	18000-21600	55-68: Mount Cottrell Rd@390.9-320: Western Fwy@25.9	68	320	176	175	0	0	1	0.55	0.55			0.50	0.00	0.00			0.00	LOS_A	1	0.00	0.00
1	18000-21600	55-942: Western Hwy@75.8-69: Mount Cottrell Rd@25.4	942	69	56	52	0	2	2	0.26	0.18		0.83	1.73	0.00	0.00		0.00	0.00	LOS_A	1	0.00	0.00
1	18000-21600	55-942: Western Hwy@75.8-320: Western Fwy@25.9	942	320	1303	1265	8	18	12	0.46	0.47	0.17	0.36	0.17	0.00	0.00	0.00	0.00	0.00	LOS_A	1	0.00	0.00
1	18000-21600	55			1535	1492	8	20	15	0.46	0.47	0.17	0.40	0.40	0.00	0.00	0.00	0.00	0.00	LOS_A	1	0.00	0.00
1	18000-21600	56-24: Paynes Rd@384.9-537: Western Hwy@24.0	24	537	48	46	0	0	2	0.19	0.19			0.19	0.00	0.00			0.00	LOS_A	1	0.00	0.00
1	18000-21600	56-536: Western Hwy@83.6-23: Paynes Rd@34.1	536	23	62	62	0	0	0	2.74	2.74				0.00	0.00				LOS_A	1	0.00	0.00
1	18000-21600	56-536: Western Hwy@83.6-537: Western Hwy@24.0	536	537	1310	1270	8	20	12	0.52	0.51	1.42	0.47	1.71	0.00	0.00	0.00	0.00	0.00	LOS_A	1	0.00	0.00
1	18000-21600	56			1420	1378	8	20	14	0.61	0.60	1.42	0.47	1.49	0.00	0.00	0.00	0.00	0.00	LOS_A	1	0.00	0.00
1	18000-21600	57-169: Western Hwy@71.3-168: Western Hwy@12.5	169	168	883	840	13	12	18	0.07	0.08	0.02	0.04	0.02	0.00	0.00	0.00	0.00	0.00	LOS_A	1	0.00	0.00
1	18000-21600	57-511: Zone connector@97.7-172: Western Hwy@0.2	511	172	0	0	0	0	0											LOS_A		0.00	0.00
1	18000-21600	57-936: Western Hwy@71.3-172: Western Hwy@0.2	936	172	1372	1332	8	20	12	0.06	0.07	0.17	0.01	0.06	0.00	0.00	0.00	0.00	0.00	LOS_A	1	0.00	0.00
1	18000-21600	57-936: Western Hwy@71.3-512: Zone connector@4.0	936	512	0	0	0	0	0											LOS_A		0.00	0.00
1	18000-21600	57			2255	2172	21	32	30	0.07	0.07	0.08	0.02	0.03	0.00	0.00	0.00	0.00	0.00	LOS_A	1	0.00	0.00
1	18000-21600	58-436@136.8-271: Leakes Rd@61.4	436	271	101	99	0	1	1	4.09	4.17		0.10	0.10	1.47	1.50		0.00	0.00	LOS_A	1	0.42	29.06
1	18000-21600	58-436@136.8-437: Leakes Rd@45.3	436	437	107	103	0	2	2	5.51	5.56		1.20	7.32	1.24	1.29		0.00	0.00	LOS_A	1	0.49	38.37
1	18000-21600	58-600: Leakes Rd@6.4-273@26.5	600	273	88	78	0	4	6	1.06	0.90		2.33	2.24	0.00	0.00		0.00	0.00	LOS_A	1	0.00	0.00
1	18000-21600	58-600: Leakes Rd@6.4-437: Leakes Rd@45.3	600	437	223	215	0	3	4	0.45	0.45		0.27	0.30	0.00	0.00		0.00	0.00	LOS_A	1	0.00	0.00
1	18000-21600	58-1263: Leakes Rd@41.8-271: Leakes Rd@61.4	1263	271	258	253	0	2	3	0.09	0.09		0.00	0.00	0.00	0.00		0.00	0.00	LOS_A	1	0.07	12.62
1	18000-21600	58-1263: Leakes Rd@41.8-273@26.5	1263	273	60	60	0	0	0	2.25	2.25				0.43	0.43				LOS_A	1	0.07	12.62
1	18000-21600	58			837	808	0	12	16	1.62	1.62		1.05	1.84	0.37	0.38		0.00	0.00	LOS_A	1	0.25	38.37
1	18000-21600	59-271: Leakes Rd@243.2-401: Leakes Rd@29.0	271	401	359	352	0	3	4	0.03	0.03		0.00	0.00	0.00	0.00		0.00	0.00	LOS_A	1	0.00	0.00
1	18000-21600	59-443@92.7-270: Leakes Rd@21.8	443	270	0	0	0	0	0											LOS_A		0.00	0.00
1	18000-21600	59-443@92.7-442@13.5	443	442	0	0	0	0	0											LOS_A		0.00	0.00
1	18000-21600	59-605: Leakes Rd@50.0-270: Leakes Rd@21.8	605	270	310	293	0	7	10	0.24	0.21		0.14	1.00	0.00	0.00		0.00	0.00	LOS_A	1	0.00	0.00
1	18000-21600	59-605: Leakes Rd@50.0-442@13.5	605	442	0	0	0	0	0											LOS_A		0.00	0.00
1	18000-21600	59			669	645	0	10	14	0.13	0.11		0.10	0.72	0.00	0.00		0.00	0.00	LOS_A	1	0.00	0.00
1	18000-21600	60-604: Leakes Rd@15.4-398: Taylors Rd@22.2	604	398	16	16	0	0	0	3.22	3.22				0.20	0.20				LOS_A	1	0.01	6.02
1	18000-21600	60-604: Leakes Rd@15.4-402: Leakes Rd@24.4	604	402	178	167	0	4	7	12.06	11.76		3.00	24.41	4.80	4.65		0.00	11.19	LOS_B	2	2.16	31.58
1	18000-21600	60-606: Leakes Rd@69.8-402: Leakes Rd@24.4	606	402	132	126	0	3	3	0.79	0.82		0.22	0.05	0.03	0.04		0.00	0.00	LOS_A	1	0.02	11.52
1	18000-21600	60-607: Taylors Rd@70.4-400: Leakes Rd@76.7	607	400	16	16	0	0	0	37.42	37.42				30.22	30.22				LOS_D	4	0.84	13.30
1	18000-21600	60-938: Leakes Rd@26.8-398: Taylors Rd@22.2	938	398	331	324	0	3	3	13.37	13.31		23.88	12.39	7.11	7.13		11.00	2.84	LOS_B	2	4.21	40.75
1	18000-21600	60-938: Leakes Rd@26.8-400: Leakes Rd@76.7	938	400	29	28	0	0	1	0.91	0.94			0.03	0.10	0.10			0.00	LOS_A	1	4.21	40.75
1	18000-21600	60			702	677	0	10	14	10.48	10.42		8.43	14.87	5.27	5.29		3.30	6.20	LOS_B	2	1.45	40.75
1	18000-21600	61-540@22.7-435: Leakes Rd@19.5	540	435	76	72	0	3	1	1.16	1.18		0.38	2.04	0.16	0.17		0.00	0.00	LOS_A	1	0.04	6.17
1	18000-21600	61-540@22.7-438: Leakes Rd@14.4	540	438	90	90	0	0	0	2.07	2.07				0.30	0.30				LOS_A	1	0.11	17.99
1	18000-21600	61-863: Leakes Rd@86.5-265@27.3	863	265	181	175	0	2	4	7.77	7.83		4.95	6.39	1.34	1.38		0.00	0.00	LOS_A	1	1.62	61.00
1	18000-21600	61-863: Leakes Rd@86.5-435: Leakes Rd@19.5	863	435	149	143	0	3	2	0.17	0.18		0.14	0.00	0.00	0.00		0.00	0.00	LOS_A	1	0.65	41.44
1	18000-21600	61-941: Leakes Rd@8.5-265@27.3	941	265	58	56	0	1	1	2.02	1.94		3.78	4.87	0.00	0.00		0.00	0.00	LOS_A	1	0.00	0.00
1	18000-21600	61-941: Leakes Rd@8.5-438: Leakes Rd@14.4	941	438	228	223	0	2	3	0.40	0.39		0.14	1.41	0.00	0.00		0.00	0.00	LOS_A	1	0.00	0.00
1	18000-21600	61			782	759	0	11	11	2.45	2.45		1.41	3.33	0.36	0.37		0.00	0.00	LOS_A	1	0.48	61.00
1	18000-21600	62-267: Ian Cowie Way@65.6-264: Leakes Rd@15.6	267	264	0	0	0	0	0											LOS_A		0.00	0.00
1	18000-21600	62-267: Ian Cowie Way@65.6-434: Leakes Rd@14.9	267	434	6	6	0	0	0	5.17	5.17				1.63	1.63				LOS_A	1	0.02	6.09
1	18000-21600	62-538: Leakes Rd@42.7-264: Leakes Rd@15.6	538	264	223	213	0	6	3	0.08	0.09		0.02	0.08	0.00	0.00		0.00	0.00	LOS_A	1	0.00	0.00
1	18000-21600	62-538: Leakes Rd@42.7-268: Ian Cowie Way@17.3	538	268	2	2	0	0	0	2.50	2.50				0.00	0.00				LOS_A	1	0.00	0.00
1	18000-21600	62-864: Leakes Rd@42.2-268: Ian Cowie Way@17.3	864	268	0	0	0	0	0											LOS_A		0.00	0.00
1	18000-21600	62-864: Leakes Rd@42.2-434: Leakes Rd@14.9	864	434	280	273	0	3	4	0.04	0.03		0.26	0.12	0.00	0.00		0.00	0.00	LOS_A	1	0.00	0.00
1	18000-21600	62			511	494	0	9	7	0.13	0.13		0.10	0.10	0.02	0.02		0.00	0.00	LOS_A	1	0.00	6.09
1	18000-21600	63-374: Westcott Pde@100.7-263: Leakes Rd@9.1	374	263	4	4	0	0	0	14.09	14.09				11.75	11.75				LOS_B	2	0.07	6.05
1	18000-21600	63-374: Westcott Pde@100.7-372: Leakes Rd@14.9	374	372	0	0	0	0	0											LOS_A		0.00	0.00
1	18000-21600	63-542: Leakes Rd@34.5-372: Leakes Rd@14.9	542	372	222	212	0	6	3	0.03	0.02		0.03	0.00	0.00	0.00		0.00	0.00	LOS_A	1	0.00	0.00
1	18000-21600	63-542: Leakes Rd@34.5-375: Westcott Pde@26.6	542	375	1	1	0	0	0	3.53	3.53				0.00	0.00				LOS_A	1	0.00	0.00
1	18000-21600	63-543: Leakes Rd@6.7-263: Leakes Rd@9.1	543	263	276	269	0	3	4	0.03	0.03		0.00	0.14	0.00	0.00		0.00	0.00	LOS_A	1	0.00	0.00
1	18000-21600	63-543: Leakes Rd@6.7-375: Westcott Pde@26.6	543	375	0	0	0	0	0											LOS_A		0.00	0.00
1	18000-21600	63			503	486	0	9	7	0.15	0.15		0.02	0.08	0.09	0.10		0.00	0.00	LOS_A	1	0.01	6.05
1	18000-21600	64-484@157.6-78: Western Hwy@14.0	484	78	0	0	0	0	0											LOS_A		0.00	0.00
1	18000-21600	64-484@157.6-324: Western Hwy@20.9	484	324	0	0	0	0	0											LOS_A		0.00	0.00
1	18000-21600	64-943: Western Hwy@38.1-78: Western Hwy@14.0	943	78	821	774	13	13	21	0.04	0.04	0.01	0.03	0.05	0.00	0.00	0.00	0.00	0.00	LOS_A	1	0.00	0.00
1	18000-21600	64-943: Western Hwy@38.1-324: Western Hwy@20.9	943	324	0	0	0	0	0											LOS_A		0.00	0.00
1	18000-21600	64-943: Western Hwy@38.1-483@8.4	943	483	0	0	0	0	0											LOS_A		0.00	0.00
1	18000-21600	64-1265: Western Hwy@45.2-78: Western Hwy@14.0	1265	78	1	1	0	0	0	0.12	0.12				0.00	0.00				LOS_A	1	0.00	0.00
1	18000-21600	64-1265: Western Hwy@45.2-324: Western Hwy@20.9	1265	324	1300	1264	8	20	8	0.06	0.06	0.01	0.09	0.00	0.00	0.00	0.00	0.00	0.00	LOS_A	1	0.00	0.00
1	18000-21600	64-1265: Western Hwy@45.2-483@8.4	1265	483	0	0	0	0	0											LOS_A		0.00	0.00
1	18000-21600	64			2122	2039	21	33	29	0.05	0.05	0.01	0.07	0.04	0.00	0.00	0.00	0.00	0.00	LOS_A	1	0.00	0.00
1	18000-21600	65-27: Troups Rd N@8.8-29: Western Hwy@8.5	27	29	37	37	0	0	0	0.01	0.01				0.00	0.00				LOS_A	1	0.00	0.00
1	18000-21600	65-27: Troups Rd N@8.8-31: Troups Rd N@5.3	27	31	35	34	0	0	0	0.00	0.00				0.00	0.00				LOS_A	1	0.00	0.00
1	18000-21600	65-30: Western Hwy@242.6-28: Troups Rd N@3.2	30	28	6	6	0	0	0	0.04	0.04				0.00	0.00				LOS_A	1	0.00	0.00
1	18000-21600	65-30: Western Hwy@242.6-31: Troups Rd N@5.3	30	31	0	0	0	0	0											LOS_A		0.00	0.00
1	18000-21600	65-32: Troups Rd N@98.1-28: Troups Rd N@3.2	32	28	5	5	0	0	0	0.20	0.20				0.00	0.00				LOS_A	1	0.00	0.00
1	18000-21600	65-32: Troups Rd N@98.1-29: Western Hwy@8.5	32	29	0	0	0	0	0											LOS_A		0.00	0.00
1	18000-21600	65			83	82	0	0	0	0.02	0.02				0.00	0.00				LOS_A	1	0.00	0.00
1	18000-21600	66-33: Neales Rd W@612.0-35: Neales Rd W@48.6	33	35	4	4	0	0	0	31.92	31.92				26.22	26.22				LOS_C	3	0.31	13.11
1	18000-21600	66-33: Neales Rd W@612.0-232: Hopkins Rd@6.4	33	232	0	0	0	0	0											LOS_A		0.31	13.11
1	18000-21600	66-33: Neales Rd W@612.0-910: Melton Hwy@16.5	33	910	4	4	0	0	0	23.69	23.69				16.81	16.81				LOS_C	3	0.31	13.11
1	18000-21600	66-622: Neales Rd W@45.9-34: Neales Rd W@23.0	622	34	27	27	0	0	0	25.11	25.11				17.56	17.56				LOS_C	3	0.83	12.19
1	18000-21600	66-622: Neales Rd W@45.9-232: Hopkins Rd@6.4	622	232	119	112	0	4	2	0.94	0.85		1.75	2.55	0.05	0.05		0.00	0.00	LOS_A	1	0.00	0.00
1	18000-21600	66-622: Neales Rd W@45.9-910: Melton Hwy@16.5	622	910	0	0	0	0	0											LOS_A		0.83	12.19
1	18000-21600	66-897: Hopkins Rd@12.7-34: Neales Rd W@23.0	897	34	1	1	0	0	0	8.76	8.76				0.00	0.00				LOS_A	1	4.45	43.70
1	18000-21600	66-897: Hopkins Rd@12.7-35: Neales Rd W@48.6	897	35	179	172	0	2	5	24.56	24.10		26.90	39.18	15.57	15.34		13.02	24.72	LOS_C	3	4.45	43.70
1	18000-21600	66-897: Hopkins Rd@12.7-910: Melton Hwy@16.5	897	910	142	136	0	2	4	3.21	3.21		0.17	4.57	0.95	0.96		0.00	1.04	LOS_A	1	4.45	43.70
1	18000-21600	66-908: Melton Hwy@9.5-34: Neales Rd W@23.0	908	34	0	0	0	0	0											LOS_A		2.20	49.07
1	18000-21600	66-908: Melton Hwy@9.5-35: Neales Rd W@48.6	908	35	12	12	0	0	0	9.54	9.54				5.60	5.60				LOS_A	1	2.20	49.07
1	18000-21600	66-908: Melton Hwy@9.5-232: Hopkins Rd@6.4	908	232	150	142	0	5	3	12.80	12.49		15.08	23.58	5.57	5.48		4.39	12.05	LOS_B	2	2.20	49.07
1	18000-21600	66			638	610	0	13	14	12.39	12.25		10.50	20.72	7.02	6.99		3.69	11.71	LOS_B	2	1.56	49.07
1	18000-21600	67-230: Hopkins Rd@28.1-37@43.8	230	37	64	61	0	3	0	4.54	4.60		3.47		0.49	0.52		0.00		LOS_A	1	0.15	20.02
1	18000-21600	67-230: Hopkins Rd@28.1-426: Hopkins Rd@4.3	230	426	205	193	0	6	5	1.29	1.09		5.16	1.72	0.19	0.12		2.67	0.00	LOS_A	1	0.00	0.00
1	18000-21600	67-427: Hopkins Rd@87.2-231: Hopkins Rd@8.3	427	231	258	253	0	2	3	0.08	0.07		0.41	0.17	0.00	0.00		0.00	0.00	LOS_A	1	0.00	0.00
1	18000-21600	67-946@14.4-231: Hopkins Rd@8.3	946	231	64	56	0	2	6	2.12	2.29		0.91	0.98	0.89	1.02		0.00	0.00	LOS_A	1	0.10	12.07
1	18000-21600	67-946@14.4-426: Hopkins Rd@4.3	946	426	94	93	0	1	0	2.67	2.69		0.93		0.95	0.96		0.00		LOS_A	1	0.22	16.78
1	18000-21600	67			685	656	0	14	14	1.40	1.35		3.21	1.07	0.32	0.31		1.14	0.00	LOS_A	1	0.09	20.02
1	18000-21600	68-83: Sheahan Rd@168.5-55: Hopkins Rd@3.3	83	55	0	0	0	0	0											LOS_A		0.00	0.00
1	18000-21600	68-83: Sheahan Rd@168.5-251: Hopkins Rd@6.5	83	251	0	0	0	0	0											LOS_A		0.00	0.00
1	18000-21600	68-252: Hopkins Rd@8.4-55: Hopkins Rd@3.3	252	55	394	386	0	5	3	0.02	0.01		0.21	0.05	0.00	0.00		0.00	0.00	LOS_A	1	0.00	0.00
1	18000-21600	68-252: Hopkins Rd@8.4-82: Sheahan Rd@6.2	252	82	1	1	0	0	0	0.03	0.03				0.00	0.00				LOS_A	1	0.00	0.00
1	18000-21600	68-895: Hopkins Rd@30.3-82: Sheahan Rd@6.2	895	82	0	0	0	0	0											LOS_A		0.00	0.00
1	18000-21600	68-895: Hopkins Rd@30.3-251: Hopkins Rd@6.5	895	251	376	361	0	6	9	0.05	0.04		0.08	0.06	0.00	0.00		0.00	0.00	LOS_A	1	0.00	0.00
1	18000-21600	68			771	748	0	11	12	0.03	0.03		0.14	0.06	0.00	0.00		0.00	0.00	LOS_A	1	0.00	0.00
1	18000-21600	69-290: Caroline Springs Blvd@7.8-60: Caroline Springs Blvd@15.2	290	60	0	0	0	0	0											LOS_A		0.07	24.25
1	18000-21600	69-290: Caroline Springs Blvd@7.8-291: Caroline Springs Blvd@13.9	290	291	671	661	0	5	5	0.94	0.94		0.98	0.36	0.01	0.01		0.00	0.00	LOS_A	1	0.07	24.25
1	18000-21600	69-290: Caroline Springs Blvd@7.8-293: Chisholm Dr@13.5	290	293	46	46	0	0	0	0.82	0.82				0.00	0.00				LOS_A	1	0.07	24.25
1	18000-21600	69-290: Caroline Springs Blvd@7.8-431: Springlake Ave@15.9	290	431	50	50	0	0	0	1.22	1.22				0.01	0.01				LOS_A	1	0.07	24.25
1	18000-21600	69-292: Caroline Springs Blvd@169.6-60: Caroline Springs Blvd@15.2	292	60	316	304	0	5	7	4.61	4.61		3.38	5.35	1.47	1.49		0.00	1.55	LOS_A	1	0.97	36.50
1	18000-21600	69-292: Caroline Springs Blvd@169.6-291: Caroline Springs Blvd@13.9	292	291	0	0	0	0	0											LOS_A		0.97	36.50
1	18000-21600	69-292: Caroline Springs Blvd@169.6-293: Chisholm Dr@13.5	292	293	0	0	0	0	0											LOS_A		0.97	36.50
1	18000-21600	69-292: Caroline Springs Blvd@169.6-431: Springlake Ave@15.9	292	431	0	0	0	0	0											LOS_A		0.97	36.50
1	18000-21600	69-294: Chisholm Dr@69.6-60: Caroline Springs Blvd@15.2	294	60	18	18	0	0	0	3.69	3.69				0.80	0.80				LOS_A	1	0.03	5.98
1	18000-21600	69-294: Chisholm Dr@69.6-291: Caroline Springs Blvd@13.9	294	291	0	0	0	0	0											LOS_A		0.03	5.98
1	18000-21600	69-294: Chisholm Dr@69.6-293: Chisholm Dr@13.5	294	293	0	0	0	0	0											LOS_A		0.03	5.98
1	18000-21600	69-294: Chisholm Dr@69.6-431: Springlake Ave@15.9	294	431	0	0	0	0	0											LOS_A		0.03	5.98
1	18000-21600	69-430: Springlake Ave@96.3-60: Caroline Springs Blvd@15.2	430	60	17	17	0	0	0	9.33	9.33				5.82	5.82				LOS_A	1	0.15	5.76
1	18000-21600	69-430: Springlake Ave@96.3-291: Caroline Springs Blvd@13.9	430	291	0	0	0	0	0											LOS_A		0.07	5.76
1	18000-21600	69-430: Springlake Ave@96.3-293: Chisholm Dr@13.5	430	293	0	0	0	0	0											LOS_A		0.15	5.76
1	18000-21600	69-430: Springlake Ave@96.3-431: Springlake Ave@15.9	430	431	0	0	0	0	0											LOS_A		0.15	5.76
1	18000-21600	69			1118	1096	0	10	12	2.16	2.14		2.18	3.27	0.52	0.53		0.00	0.91	LOS_A	1	0.24	36.50
1	18000-21600	70-352: Eucumbene Dr@292.6-111: Christies Rd@15.7	352	111	0	0	0	0	0											LOS_A		0.00	0.00
1	18000-21600	70-647: Christies Rd@1.7-111: Christies Rd@15.7	647	111	218	205	0	5	8	1.53	1.49		2.38	2.06	0.01	0.00		0.00	0.40	LOS_A	1	0.00	0.00
1	18000-21600	70-647: Christies Rd@1.7-353: Eucumbene Dr@18.2	647	353	26	26	0	0	0	2.05	2.05				0.00	0.00				LOS_A	1	0.00	0.00
1	18000-21600	70-891: Christies Rd@8.6-287: Christies Rd@18.9	891	287	498	486	0	5	7	1.88	1.89		0.04	2.20	0.22	0.23		0.00	0.00	LOS_A	1	0.19	51.68
1	18000-21600	70-891: Christies Rd@8.6-353: Eucumbene Dr@18.2	891	353	5	5	0	0	0	3.31	3.31				0.88	0.88				LOS_A	1	0.47	85.94
1	18000-21600	70			747	722	0	10	15	1.79	1.79		1.21	2.12	0.16	0.16		0.00	0.22	LOS_A	1	0.17	85.94
1	18000-21600	71-111: Christies Rd@84.9-129@9.8	111	129	174	168	0	2	4	0.38	0.36		0.69	1.16	0.00	0.00		0.00	0.00	LOS_A	1	0.00	0.00
1	18000-21600	71-111: Christies Rd@84.9-282: Christies Rd@12.4	111	282	44	37	0	3	4	0.01	0.01		0.00	0.00	0.00	0.00		0.00	0.00	LOS_A	1	0.00	0.00
1	18000-21600	71-274: Christies Rd@5.8-112: Christies Rd@20.6	274	112	503	491	0	5	7	1.37	1.40		0.25	0.36	0.00	0.00		0.00	0.00	LOS_A	1	0.24	68.14
1	18000-21600	71-274: Christies Rd@5.8-129@9.8	274	129	24	16	0	4	4	2.89	2.28		4.08	4.10	0.00	0.00		0.00	0.00	LOS_A	1	0.24	68.14
1	18000-21600	71			745	712	0	14	19	1.11	1.10		1.35	1.24	0.00	0.00		0.00	0.00	LOS_A	1	0.12	68.14
1	18000-21600	72-126@294.6-280: Christies Rd@41.9	126	280	366	366	0	0	0	1.05	1.05				0.03	0.03				LOS_A	1	0.01	11.25
1	18000-21600	72-126@294.6-394: Christies Rd@15.7	126	394	7	5	0	2	0	1.37	0.86		2.66		0.00	0.00		0.00		LOS_A	1	0.01	11.25
1	18000-21600	72-126@294.6-626: Palm Springs Rd@75.1	126	626	7	7	0	0	0	2.35	2.35				0.55	0.55				LOS_A	1	0.01	11.25
1	18000-21600	72-279: Christies Rd@96.9-280: Christies Rd@41.9	279	280	0	0	0	0	0											LOS_A		0.00	0.00
1	18000-21600	72-279: Christies Rd@96.9-394: Christies Rd@15.7	279	394	37	30	0	3	4	1.69	1.55		2.75	1.94	0.13	0.16		0.00	0.00	LOS_A	1	0.00	0.00
1	18000-21600	72-279: Christies Rd@96.9-626: Palm Springs Rd@75.1	279	626	7	7	0	0	0	1.99	1.99				0.00	0.00				LOS_A	1	0.00	0.00
1	18000-21600	72-393: Christies Rd@348.6-280: Christies Rd@41.9	393	280	132	114	0	8	10	17.20	18.14		8.70	13.22	7.34	8.11		0.82	3.74	LOS_B	2	3.90	62.08
1	18000-21600	72-393: Christies Rd@348.6-394: Christies Rd@15.7	393	394	0	0	0	0	0											LOS_A		3.90	62.08
1	18000-21600	72-393: Christies Rd@348.6-626: Palm Springs Rd@75.1	393	626	0	0	0	0	0											LOS_A		3.90	62.08
1	18000-21600	72-625: Palm Springs Rd@88.9-280: Christies Rd@41.9	625	280	29	27	0	1	1	16.64	17.48		4.01	6.49	9.06	9.73		0.00	0.00	LOS_B	2	0.61	24.53
1	18000-21600	72-625: Palm Springs Rd@88.9-394: Christies Rd@15.7	625	394	0	0	0	0	0											LOS_A		0.61	24.53
1	18000-21600	72-625: Palm Springs Rd@88.9-626: Palm Springs Rd@75.1	625	626	0	0	0	0	0											LOS_A		0.61	24.53
1	18000-21600	72			585	556	0	14	15	5.54	5.40		6.23	9.76	2.14	2.17		0.47	2.50	LOS_A	1	1.13	62.08
1	18000-21600	73-350: Delma Rd@97.2-464: Ballarat Rd  Western Hwy@8.8	350	464	70	70	0	0	0	2.58	2.58				0.88	0.88				LOS_A	1	0.18	12.65
1	18000-21600	73-663: Ballarat Rd  Western Hwy@46.8-351: Delma Rd@11.2	663	351	14	14	0	0	0	2.71	2.71				0.00	0.00				LOS_A	1	0.00	0.00
1	18000-21600	73-663: Ballarat Rd  Western Hwy@46.8-464: Ballarat Rd  Western Hwy@8.8	663	464	668	666	0	0	2	0.24	0.24			1.36	0.00	0.00			0.00	LOS_A	1	0.00	0.00
1	18000-21600	73			752	750	0	0	2	0.50	0.50			1.36	0.08	0.08			0.00	LOS_A	1	0.09	12.65
1	18000-21600	76-911@130.2-404: Hopkins Rd@29.7	911	404	53	53	0	0	0	20.11	20.11				13.71	13.71				LOS_C	3	1.16	19.33
1	18000-21600	76-911@130.2-408: Hopkins Rd@16.0	911	408	47	47	0	0	0	1.23	1.23				0.14	0.14				LOS_A	1	0.02	11.55
1	18000-21600	76-913: Hopkins Rd@4.0-408: Hopkins Rd@16.0	913	408	329	314	0	6	9	8.16	8.21		10.59	4.78	3.13	3.19		4.30	0.19	LOS_A	1	2.07	32.44
1	18000-21600	76-913: Hopkins Rd@4.0-912@27.4	913	912	67	67	0	0	0	1.37	1.37				0.00	0.00				LOS_A	1	0.00	0.00
1	18000-21600	76-948: Hopkins Rd@33.1-404: Hopkins Rd@29.7	948	404	325	317	0	5	3	5.27	5.13		7.42	16.69	1.44	1.43		0.32	3.82	LOS_A	1	4.17	63.90
1	18000-21600	76-948: Hopkins Rd@33.1-912@27.4	948	912	69	69	0	0	0	33.71	33.71				22.53	22.53				LOS_C	3	4.17	63.90
1	18000-21600	76			890	867	0	11	12	8.92	8.93		9.14	7.76	4.25	4.32		2.49	1.10	LOS_A	1	1.48	63.90
1	18000-21600	77-208: Western Fwy@25.5-84: Western Fwy@15.9	208	84	569	538	13	7	11	0.29	0.29	0.24	0.56	0.18	0.00	0.00	0.00	0.00	0.00	LOS_A	1	0.00	0.00
1	18000-21600	77-208: Western Fwy@25.5-180@16.3	208	180	136	135	0	1	0	3.40	3.39		4.99		0.00	0.00		0.00		LOS_A	1	0.00	0.00
1	18000-21600	77			705	673	13	8	11	0.89	0.91	0.24	1.12	0.18	0.00	0.00	0.00	0.00	0.00	LOS_A	1	0.00	0.00
1	18000-21600	78-84: Western Fwy@896.5-203: Western Fwy@19.3	84	203	569	538	13	7	11	0.04	0.04	0.04	0.05	0.00	0.00	0.00	0.00	0.00	0.00	LOS_A	1	0.00	0.00
1	18000-21600	78-529@58.8-203: Western Fwy@19.3	529	203	311	299	0	5	7	0.11	0.11		0.05	0.05	0.00	0.00		0.00	0.00	LOS_A	1	0.00	0.00
1	18000-21600	78			880	837	13	12	18	0.06	0.06	0.04	0.05	0.02	0.00	0.00	0.00	0.00	0.00	LOS_A	1	0.00	0.00
1	18000-21600	79-184: Western Fwy@928.7-205: Western Fwy@68.7	184	205	913	890	8	6	9	0.07	0.07	0.60	0.11	0.16	0.00	0.00	0.00	0.00	0.00	LOS_A	1	0.00	0.00
1	18000-21600	79-333@86.1-205: Western Fwy@68.7	333	205	184	177	1	5	1	0.85	0.85	1.05	0.86	0.89	0.00	0.00	0.00	0.00	0.00	LOS_A	1	0.00	0.00
1	18000-21600	79			1097	1067	9	11	10	0.20	0.20	0.65	0.45	0.23	0.00	0.00	0.00	0.00	0.00	LOS_A	1	0.00	0.00
1	18000-21600	80-424: Western Fwy@14.2-184: Western Fwy@85.3	424	184	913	890	8	6	9	1.04	1.04	1.95	0.27	0.30	0.00	0.00	0.00	0.00	0.00	LOS_A	1	0.00	0.00
1	18000-21600	80-424: Western Fwy@14.2-337@9.9	424	337	568	552	0	12	4	4.80	4.72		7.31	7.23	0.01	0.01		0.00	0.00	LOS_A	1	0.00	0.00
1	18000-21600	80			1481	1442	8	18	13	2.48	2.45	1.95	4.97	2.43	0.00	0.00	0.00	0.00	0.00	LOS_A	1	0.00	0.00
1	18000-21600	81-532: Western Hwy@54.0-334: Western Hwy@32.2	532	334	863	820	13	12	18	0.06	0.06	0.00	0.32	0.00	0.00	0.00	0.00	0.00	0.00	LOS_A	1	0.00	0.00
1	18000-21600	81-532: Western Hwy@54.0-481@38.6	532	481	17	17	0	0	0	4.79	4.79				0.00	0.00				LOS_A	1	0.00	0.00
1	18000-21600	81			880	837	13	12	18	0.15	0.16	0.00	0.32	0.00	0.00	0.00	0.00	0.00	0.00	LOS_A	1	0.00	0.00
1	18000-21600	82-334: Western Hwy@654.9-72: Western Hwy@13.0	334	72	863	820	13	12	18	0.07	0.08	0.00	0.06	0.00	0.00	0.00	0.00	0.00	0.00	LOS_A	1	0.00	0.00
1	18000-21600	82-482@267.1-72: Western Hwy@13.0	482	72	20	20	0	0	0	0.02	0.02				0.00	0.00				LOS_A	1	0.00	0.00
1	18000-21600	82			883	840	13	12	18	0.07	0.08	0.00	0.06	0.00	0.00	0.00	0.00	0.00	0.00	LOS_A	1	0.00	0.00
1	18000-21600	83-313: Western Hwy@39.7-103: Western Hwy@23.4	313	103	675	638	13	9	15	0.20	0.20	0.00	0.08	0.58	0.00	0.00	0.00	0.00	0.00	LOS_A	1	0.00	0.00
1	18000-21600	83-313: Western Hwy@39.7-174@14.4	313	174	208	202	0	3	3	3.30	3.22		5.96	6.39	0.00	0.00		0.00	0.00	LOS_A	1	0.00	0.00
1	18000-21600	83			883	840	13	12	18	0.93	0.92	0.00	1.55	1.55	0.00	0.00	0.00	0.00	0.00	LOS_A	1	0.00	0.00
1	18000-21600	84-161@132.7-99: Western Hwy@10.0	161	99	239	231	0	3	5	0.10	0.09		0.46	0.57	0.00	0.00		0.00	0.00	LOS_A	1	0.00	0.00
1	18000-21600	84-187: Western Hwy@838.0-99: Western Hwy@10.0	187	99	1135	1103	8	17	7	0.08	0.08	0.07	0.04	0.05	0.00	0.00	0.00	0.00	0.00	LOS_A	1	0.00	0.00
1	18000-21600	84			1374	1334	8	20	12	0.08	0.08	0.07	0.10	0.27	0.00	0.00	0.00	0.00	0.00	LOS_A	1	0.00	0.00
1	18000-21600	85-103: Western Hwy@829.6-89: Western Hwy@49.7	103	89	675	638	13	9	15	0.07	0.07	0.04	0.10	0.01	0.00	0.00	0.00	0.00	0.00	LOS_A	1	0.00	0.00
1	18000-21600	85-175@113.1-89: Western Hwy@49.7	175	89	148	138	0	4	6	0.05	0.06		0.01	0.03	0.00	0.00		0.00	0.00	LOS_A	1	0.00	0.00
1	18000-21600	85			823	776	13	13	21	0.07	0.07	0.04	0.07	0.02	0.00	0.00	0.00	0.00	0.00	LOS_A	1	0.00	0.00
1	18000-21600	86-323: Western Hwy@20.0-159@12.1	323	159	166	162	0	3	1	1.23	1.14		4.74	4.61	0.00	0.00		0.00	0.00	LOS_A	1	0.00	0.00
1	18000-21600	86-323: Western Hwy@20.0-187: Western Hwy@33.1	323	187	1135	1103	8	17	7	0.21	0.21	0.23	0.29	0.02	0.00	0.00	0.00	0.00	0.00	LOS_A	1	0.00	0.00
1	18000-21600	86			1301	1265	8	20	8	0.34	0.33	0.23	0.96	0.59	0.00	0.00	0.00	0.00	0.00	LOS_A	1	0.00	0.00
1	18000-21600	87-343: Western Hwy@756.9-154: Western Hwy@6.1	343	154	1208	1171	8	20	8	0.08	0.08	0.00	0.10	0.06	0.00	0.00	0.00	0.00	0.00	LOS_A	1	0.00	0.00
1	18000-21600	87-480@343.6-154: Western Hwy@6.1	480	154	152	152	0	0	0	0.00	0.00				0.00	0.00				LOS_A	1	0.00	0.00
1	18000-21600	87			1360	1323	8	20	8	0.07	0.07	0.00	0.10	0.06	0.00	0.00	0.00	0.00	0.00	LOS_A	1	0.00	0.00
1	18000-21600	88-955: Western Fwy@13.7-343: Western Hwy@21.2	955	343	1208	1171	8	20	8	0.10	0.09	0.33	0.16	0.20	0.00	0.00	0.00	0.00	0.00	LOS_A	1	0.00	0.00
1	18000-21600	88-955: Western Fwy@13.7-479@7.3	955	479	0	0	0	0	0											LOS_A		0.00	0.00
1	18000-21600	88			1208	1171	8	20	8	0.10	0.09	0.33	0.16	0.20	0.00	0.00	0.00	0.00	0.00	LOS_A	1	0.00	0.00
1	18000-21600	89-228: Western Fwy@25.8-108@38.1	228	108	158	149	0	3	6	4.92	4.73		7.94	8.14	0.00	0.00		0.00	0.00	LOS_A	1	0.00	0.00
1	18000-21600	89-228: Western Fwy@25.8-194: Western Fwy@23.2	228	194	663	625	13	10	15	0.36	0.36	0.05	0.37	0.50	0.00	0.00	0.00	0.00	0.00	LOS_A	1	0.00	0.00
1	18000-21600	89			821	774	13	13	21	1.24	1.20	0.05	2.12	2.68	0.00	0.00	0.00	0.00	0.00	LOS_A	1	0.00	0.00
1	18000-21600	90-104@749.4-417: Western Fwy@11.1	104	417	160	149	0	5	5	0.06	0.06		0.13	0.13	0.00	0.00		0.00	0.00	LOS_A	1	0.00	0.00
1	18000-21600	90-196: Western Fwy@1281.0-417: Western Fwy@11.1	196	417	1048	1022	8	15	3	0.09	0.08	0.08	0.14	0.19	0.00	0.00	0.00	0.00	0.00	LOS_A	1	0.00	0.00
1	18000-21600	90			1208	1171	8	20	8	0.08	0.08	0.08	0.13	0.15	0.00	0.00	0.00	0.00	0.00	LOS_A	1	0.00	0.00
1	18000-21600	91-260: Hopkins Rd@38.0-419@15.1	260	419	118	114	0	1	3	1.80	1.71		4.75	4.25	0.00	0.00		0.00	0.00	LOS_A	1	0.00	0.00
1	18000-21600	91-260: Hopkins Rd@38.0-427: Hopkins Rd@14.4	260	427	258	253	0	2	3	0.47	0.48		0.57	0.16	0.00	0.00		0.00	0.00	LOS_A	1	0.00	0.00
1	18000-21600	91-426: Hopkins Rd@77.5-43: Hopkins Rd@14.4	426	43	299	286	0	7	5	0.13	0.12		0.23	0.52	0.00	0.00		0.00	0.00	LOS_A	1	0.00	0.00
1	18000-21600	91			675	653	0	10	11	0.55	0.53		0.75	1.44	0.00	0.00		0.00	0.00	LOS_A	1	0.00	0.00
1	18000-21600	92-107@313.1-8: Western Fwy@5.3	107	8	182	175	0	4	3	0.04	0.04		0.03	0.03	0.00	0.00		0.00	0.00	LOS_A	1	0.00	0.00
1	18000-21600	92-194: Western Fwy@609.6-8: Western Fwy@5.3	194	8	663	625	13	10	15	0.04	0.04	0.00	0.03	0.08	0.00	0.00	0.00	0.00	0.00	LOS_A	1	0.00	0.00
1	18000-21600	92			845	800	13	14	18	0.04	0.04	0.00	0.03	0.07	0.00	0.00	0.00	0.00	0.00	LOS_A	1	0.00	0.00
1	18000-21600	93-224: Western Fwy@24.6-149@12.9	224	149	228	228	0	0	0	3.09	3.09				0.00	0.00				LOS_A	1	0.00	0.00
1	18000-21600	93-224: Western Fwy@24.6-196: Western Fwy@9.8	224	196	1048	1022	8	15	3	0.35	0.34	0.95	0.45	0.40	0.00	0.00	0.00	0.00	0.00	LOS_A	1	0.00	0.00
1	18000-21600	93			1276	1250	8	15	3	0.84	0.84	0.95	0.45	0.40	0.00	0.00	0.00	0.00	0.00	LOS_A	1	0.00	0.00
1	18000-21600	94-949: Western Fwy@23.3-136@6.8	949	136	265	263	0	0	2	0.07	0.07			0.00	0.00	0.00			0.00	LOS_A	1	0.00	0.00
1	18000-21600	94-949: Western Fwy@23.3-389: Western Fwy  Deer Park Byp@4.2	949	389	580	537	13	14	16	0.07	0.07	0.04	0.18	0.15	0.00	0.00	0.00	0.00	0.00	LOS_A	1	0.00	0.00
1	18000-21600	94			845	800	13	14	18	0.07	0.07	0.04	0.18	0.13	0.00	0.00	0.00	0.00	0.00	LOS_A	1	0.00	0.00
1	18000-21600	95-952: Western Hwy@80.5-1039: Western Fwy@10.4	952	1039	412	412	0	0	0	2.22	2.22				0.00	0.00				LOS_A	1	0.00	0.00
1	18000-21600	95-1038: Western Fwy  Deer Park Byp@73.0-1039: Western Fwy@10.4	1038	1039	864	838	8	15	3	1.02	1.04	0.13	0.83	0.41	0.00	0.00	0.00	0.00	0.00	LOS_A	1	0.00	0.00
1	18000-21600	95			1276	1250	8	15	3	1.41	1.43	0.13	0.83	0.41	0.00	0.00	0.00	0.00	0.00	LOS_A	1	0.00	0.00
1	18000-21600	96-125@88.9-147: Western Fwy  Deer Park Byp@16.2	125	147	198	184	0	6	8	0.46	0.49		0.15	0.18	0.00	0.00		0.00	0.00	LOS_A	1	0.00	0.00
1	18000-21600	96-389: Western Fwy  Deer Park Byp@1708.1-147: Western Fwy  Deer Park Byp@16.2	389	147	580	537	13	14	16	0.05	0.05	0.02	0.03	0.07	0.00	0.00	0.00	0.00	0.00	LOS_A	1	0.00	0.00
1	18000-21600	96			778	721	13	20	24	0.15	0.16	0.02	0.07	0.11	0.00	0.00	0.00	0.00	0.00	LOS_A	1	0.00	0.00
1	18000-21600	97-240: Western Fwy  Deer Park Byp@38.1-126@16.7	240	126	380	378	0	2	0	2.48	2.47		4.82		0.00	0.00		0.00		LOS_A	1	0.01	12.61
1	18000-21600	97-240: Western Fwy  Deer Park Byp@38.1-189: Western Fwy  Deer Park Byp@17.7	240	189	864	838	8	15	3	0.52	0.53	0.38	0.29	0.20	0.00	0.00	0.00	0.00	0.00	LOS_A	1	0.01	12.61
1	18000-21600	97			1244	1216	8	17	3	1.12	1.13	0.38	0.82	0.20	0.00	0.00	0.00	0.00	0.00	LOS_A	1	0.01	12.61
1	18000-21600	98-91: Ballarat Rd  Western Hwy@67.3-362: Ballarat Rd  Western Hwy@13.4	91	362	429	424	0	0	5	0.09	0.09			0.43	0.00	0.00			0.00	LOS_A	1	0.00	0.00
1	18000-21600	98-92: Ballarat Rd  Western Hwy@8.7-362: Ballarat Rd  Western Hwy@13.4	92	362	0	0	0	0	0											LOS_A		0.00	0.00
1	18000-21600	98			429	424	0	0	5	0.09	0.09			0.43	0.00	0.00			0.00	LOS_A	1	0.00	0.00
1	18000-21600	99-209: Ballarat Rd  Western Hwy@46.4-1: Ballarat Rd  Western Hwy@6.6	209	1	429	424	0	0	5	0.15	0.15			0.31	0.00	0.00			0.00	LOS_A	1	0.00	0.00
1	18000-21600	99-209: Ballarat Rd  Western Hwy@46.4-2: Ballarat Rd  Western Hwy@6.5	209	2	0	0	0	0	0											LOS_A		0.00	0.00
1	18000-21600	99			429	424	0	0	5	0.15	0.15			0.31	0.00	0.00			0.00	LOS_A	1	0.00	0.00
1	18000-21600	100-1141@18.3-1143@28.5	1141	1143	0	0	0	0	0											LOS_A		4.53	86.33
1	18000-21600	100-1141@18.3-1147@16.5	1141	1147	83	80	0	1	2	14.12	13.88		23.99	18.68	3.62	3.70		0.00	2.31	LOS_B	2	4.53	86.33
1	18000-21600	100-1141@18.3-1152@26.0	1141	1152	29	29	0	0	0	16.15	16.15				4.84	4.84				LOS_C	3	4.48	86.64
1	18000-21600	100-1141@18.3-1158@25.0	1141	1158	117	117	0	0	0	12.87	12.87				3.06	3.06				LOS_B	2	4.53	86.33
1	18000-21600	100-1146@382.0-1143@28.5	1146	1143	117	116	0	0	1	14.01	13.76			42.13	1.53	1.53			1.90	LOS_B	2	23.11	295.33
1	18000-21600	100-1146@382.0-1147@16.5	1146	1147	0	0	0	0	0											LOS_A		23.21	295.23
1	18000-21600	100-1146@382.0-1152@26.0	1146	1152	156	152	0	1	3	16.91	16.50		50.15	26.25	3.01	2.95		5.35	5.25	LOS_C	3	23.21	295.23
1	18000-21600	100-1146@382.0-1158@25.0	1146	1158	174	169	0	3	2	14.98	14.96		10.73	22.79	2.44	2.46		1.97	1.40	LOS_B	2	23.21	295.23
1	18000-21600	100-1159@120.5-1143@28.5	1159	1143	98	98	0	0	0	8.19	8.19				1.30	1.30				LOS_A	1	2.65	119.17
1	18000-21600	100-1159@120.5-1147@16.5	1159	1147	126	126	0	0	0	10.74	10.74				1.57	1.57				LOS_B	2	2.69	121.81
1	18000-21600	100-1159@120.5-1152@26.0	1159	1152	25	25	0	0	0	7.26	7.26				0.56	0.56				LOS_A	1	2.65	119.17
1	18000-21600	100-1159@120.5-1158@25.0	1159	1158	0	0	0	0	0											LOS_A		2.65	119.17
1	18000-21600	100-1234@184.1-1143@28.5	1234	1143	49	48	0	0	1	25.93	26.12			16.91	8.80	8.95			1.23	LOS_D	4	10.03	88.45
1	18000-21600	100-1234@184.1-1147@16.5	1234	1147	138	130	0	3	5	26.96	26.00		45.38	40.72	8.97	8.37		17.10	19.74	LOS_D	4	10.03	88.45
1	18000-21600	100-1234@184.1-1152@26.0	1234	1152	0	0	0	0	0											LOS_A		10.03	88.45
1	18000-21600	100-1234@184.1-1158@25.0	1234	1158	35	35	0	0	0	22.05	22.05				7.06	7.06				LOS_C	3	9.63	90.37
1	18000-21600	100			1147	1125	0	8	14	15.80	15.52		30.31	30.31	3.60	3.50		7.82	8.93	LOS_C	3	9.98	295.33
1	18000-21600	101-1144@12.5-1140@37.3	1144	1140	0	0	0	0	0											LOS_A		0.02	12.52
1	18000-21600	101-1144@12.5-1168@28.2	1144	1168	45	45	0	0	0	0.97	0.97				0.00	0.00				LOS_A	1	0.02	12.52
1	18000-21600	101-1144@12.5-1170@29.6	1144	1170	115	114	0	0	1	0.85	0.85			1.30	0.00	0.00			0.00	LOS_A	1	0.02	12.52
1	18000-21600	101-1144@12.5-1171@32.9	1144	1171	104	103	0	0	1	0.85	0.79			6.30	0.00	0.00			0.00	LOS_A	1	0.02	12.68
1	18000-21600	101-1167@141.4-1140@37.3	1167	1140	42	41	0	0	1	2.27	2.32			0.12	0.51	0.52			0.00	LOS_A	1	0.17	24.76
1	18000-21600	101-1167@141.4-1168@28.2	1167	1168	0	0	0	0	0											LOS_A		0.19	24.76
1	18000-21600	101-1167@141.4-1170@29.6	1167	1170	4	4	0	0	0	4.05	4.05				1.78	1.78				LOS_A	1	0.19	24.76
1	18000-21600	101-1167@141.4-1171@32.9	1167	1171	23	23	0	0	0	3.89	3.89				1.31	1.31				LOS_A	1	0.19	24.76
1	18000-21600	101-1169@143.9-1140@37.3	1169	1140	97	95	0	1	1	2.56	2.45		1.82	14.05	0.43	0.41		0.00	2.65	LOS_A	1	0.13	18.10
1	18000-21600	101-1169@143.9-1168@28.2	1169	1168	6	6	0	0	0	0.38	0.38				0.00	0.00				LOS_A	1	0.13	18.45
1	18000-21600	101-1169@143.9-1170@29.6	1169	1170	0	0	0	0	0											LOS_A		0.13	18.10
1	18000-21600	101-1169@143.9-1171@32.9	1169	1171	0	0	0	0	0											LOS_A		0.13	18.10
1	18000-21600	101-1172@137.6-1140@37.3	1172	1140	90	90	0	0	0	3.41	3.41				0.55	0.55				LOS_A	1	0.25	23.61
1	18000-21600	101-1172@137.6-1168@28.2	1172	1168	31	31	0	0	0	2.94	2.94				0.42	0.42				LOS_A	1	0.25	23.61
1	18000-21600	101-1172@137.6-1170@29.6	1172	1170	2	2	0	0	0	1.15	1.15				0.00	0.00				LOS_A	1	0.13	23.61
1	18000-21600	101-1172@137.6-1171@32.9	1172	1171	0	0	0	0	0											LOS_A		0.25	23.61
1	18000-21600	101			559	554	0	1	4	1.93	1.91		1.82	5.44	0.29	0.29		0.00	0.66	LOS_A	1	0.11	24.76
1	18000-21600	102-1150@427.0-1155@20.3	1150	1155	9	9	0	0	0	0.25	0.25				0.00	0.00				LOS_A	1	0.00	0.00
1	18000-21600	102-1150@427.0-1156@9.2	1150	1156	156	152	0	1	3	0.11	0.11		0.00	0.00	0.00	0.00		0.00	0.00	LOS_A	1	0.00	0.00
1	18000-21600	102-1154@88.9-1153@11.3	1154	1153	103	100	0	1	2	0.03	0.03		0.00	0.00	0.00	0.00		0.00	0.00	LOS_A	1	0.00	0.00
1	18000-21600	102-1154@88.9-1155@20.3	1154	1155	43	42	0	0	1	2.46	2.43			3.78	0.31	0.31			0.00	LOS_A	1	0.05	11.76
1	18000-21600	102-1157@97.7-1153@11.3	1157	1153	0	0	0	0	0											LOS_A		0.00	0.00
1	18000-21600	102-1157@97.7-1156@9.2	1157	1156	28	23	0	2	3	1.26	1.20		0.34	2.38	0.05	0.06		0.00	0.00	LOS_A	1	0.01	5.99
1	18000-21600	102			339	326	0	4	9	0.48	0.46		0.17	1.21	0.04	0.04		0.00	0.00	LOS_A	1	0.01	11.76
1	18000-21600	103			0	0	0	0	0											LOS_A			
1	18000-21600	104			0	0	0	0	0											LOS_A			
1	18000-21600	105			0	0	0	0	0											LOS_A			
1	18000-21600	106			0	0	0	0	0											LOS_A			
1	18000-21600	107			0	0	0	0	0											LOS_A			
1	18000-21600	108			0	0	0	0	0											LOS_A			
1	18000-21600	109			0	0	0	0	0											LOS_A			
1	18000-21600	113			0	0	0	0	0											LOS_A			
1	18000-21600	114-1081@150.5-1125@21.0	1081	1125	365	354	2	1	3	9.76	9.38	33.97	23.77	11.32	5.68	5.60	18.81	10.70	2.65	LOS_A	1	3.52	78.15
1	18000-21600	114-1081@150.5-1128@12.2	1081	1128	65	55	0	5	5	1.82	1.64		2.60	3.04	0.00	0.00		0.00	0.00	LOS_A	1	0.00	0.00
1	18000-21600	114-1129@3.3-1130@26.0	1129	1130	185	180	0	5	0	4.61	4.59		5.21		0.49	0.50		0.00		LOS_A	1	0.34	30.42
1	18000-21600	114-1132@5.3-1125@21.0	1132	1125	239	239	0	0	0	45.83	45.83				38.13	38.13				LOS_D	4	10.51	50.20
1	18000-21600	114-1240: Western Fwy@6.0-1128@12.2	1240	1128	82	79	0	2	1	54.22	53.83		55.83	82.24	45.72	45.46		44.50	68.76	LOS_D	4	7.59	56.92
1	18000-21600	114-1240: Western Fwy@6.0-1130@26.0	1240	1130	339	326	0	4	4	6.89	6.75		12.44	5.91	3.44	3.43		6.57	2.62	LOS_A	1	7.59	56.92
1	18000-21600	114			1275	1233	2	17	13	17.47	17.55	33.97	13.19	11.93	12.70	12.89	18.81	7.41	6.71	LOS_B	2	4.39	78.15
1	18000-21600	115-1092: Western Fwy@41.4-1091@18.2	1092	1091	282	271	0	5	6	2.62	2.54		4.39	4.69	0.00	0.00		0.00	0.00	LOS_A	1	0.00	0.00
1	18000-21600	115-1092: Western Fwy@41.4-1093: Western Fwy@20.0	1092	1093	393	365	11	8	9	0.22	0.23	0.07	0.03	0.05	0.00	0.00	0.00	0.00	0.00	LOS_A	1	0.00	0.00
1	18000-21600	115			675	636	11	13	15	1.22	1.21	0.07	1.71	1.91	0.00	0.00	0.00	0.00	0.00	LOS_A	1	0.00	0.00
1	18000-21600	116-1134: Western Fwy@853.1-1137: Western Fwy@29.6	1134	1137	676	651	9	6	10	0.02	0.02	0.00	0.01	0.00	0.00	0.00	0.00	0.00	0.00	LOS_A	1	0.00	0.00
1	18000-21600	116-1139@39.2-1137: Western Fwy@29.6	1139	1137	147	134	0	7	6	0.55	0.52		1.13	0.50	0.02	0.03		0.00	0.00	LOS_A	1	0.00	0.00
1	18000-21600	116			823	785	9	13	16	0.12	0.11	0.00	0.61	0.19	0.00	0.00	0.00	0.00	0.00	LOS_A	1	0.00	0.00
1	18000-21600	117-1093: Western Fwy@887.1-1118: Western Fwy@20.0	1093	1118	393	365	11	8	9	0.02	0.02	0.00	0.07	0.00	0.00	0.00	0.00	0.00	0.00	LOS_A	1	0.00	0.00
1	18000-21600	117-1117@115.1-1118: Western Fwy@20.0	1117	1118	312	308	2	0	2	0.22	0.22	0.32		0.27	0.00	0.00	0.00		0.00	LOS_A	1	0.00	0.00
1	18000-21600	117			705	673	13	8	11	0.11	0.11	0.05	0.07	0.05	0.00	0.00	0.00	0.00	0.00	LOS_A	1	0.00	0.00
1	18000-21600	118-1135: Western Fwy@35.7-1134: Western Fwy@6.5	1135	1134	675	650	9	6	10	0.42	0.43	0.03	0.12	0.29	0.00	0.00	0.00	0.00	0.00	LOS_A	1	0.00	0.00
1	18000-21600	118-1135: Western Fwy@35.7-1136: Western Fwy@4.3	1135	1136	424	419	0	5	0	3.24	3.22		4.90		0.00	0.00		0.00		LOS_A	1	0.00	0.00
1	18000-21600	118			1099	1069	9	11	10	1.51	1.53	0.03	2.29	0.29	0.00	0.00	0.00	0.00	0.00	LOS_A	1	0.00	0.00
1	18000-21600	119-1090@228.7-1098@20.0	1090	1098	93	86	0	3	4	60.71	60.58		62.10	62.54	51.92	52.06		52.98	48.10	LOS_E	5	7.12	45.00
1	18000-21600	119-1090@228.7-1100@8.0	1090	1100	189	185	0	2	2	5.93	5.93		8.85	3.32	1.78	1.78		3.00	0.00	LOS_A	1	0.96	39.81
1	18000-21600	119-1114@10.9-1098@20.0	1114	1098	328	319	0	3	1	11.43	11.27		5.80	2.28	7.83	7.73		1.75	0.00	LOS_B	2	4.13	86.98
1	18000-21600	119-1114@10.9-1116@15.9	1114	1116	191	190	0	0	1	1.33	1.33			1.15	0.14	0.14			0.00	LOS_A	1	0.00	0.00
1	18000-21600	119-1237@6.9-1100@8.0	1237	1100	483	475	0	1	2	4.51	4.51		15.34	2.19	1.11	1.12		2.07	0.00	LOS_A	1	11.18	64.15
1	18000-21600	119-1237@6.9-1116@15.9	1237	1116	121	118	2	0	1	50.29	50.28	70.63		10.50	41.80	41.90	57.18		0.00	LOS_D	4	11.18	64.15
1	18000-21600	119			1405	1373	2	9	11	13.55	13.28	70.63	26.31	25.01	9.50	9.31	57.18	19.14	17.49	LOS_B	2	4.68	86.98
1	18000-21600	120-1100@12.7-1099@27.3	1100	1099	489	479	0	3	4	8.15	8.18		6.72	1.31	5.52	5.58		1.76	0.00	LOS_A	1	7.65	81.06
1	18000-21600	120-1100@12.7-1103@19.5	1100	1103	114	112	0	0	0	1.53	1.53				0.04	0.04				LOS_A	1	0.04	18.90
1	18000-21600	120-1100@12.7-1107@21.1	1100	1107	69	69	0	0	0	51.75	51.75				45.00	45.00				LOS_D	4	7.65	81.06
1	18000-21600	120-1106@32.8-1099@27.3	1106	1099	0	0	0	0	0											LOS_A		9.64	108.72
1	18000-21600	120-1106@32.8-1103@19.5	1106	1103	0	0	0	0	0											LOS_A		9.64	108.72
1	18000-21600	120-1106@32.8-1112@5.6	1106	1112	210	209	0	0	1	28.56	28.64			10.71	20.20	20.29			0.00	LOS_C	3	9.64	108.72
1	18000-21600	120-1184@12.8-1184@46.5	1184	1184	0	0	0	0	0											LOS_A		0.00	0.00
1	18000-21600	120-1186@9.2-1186@61.3	1186	1186	2	0	0	0	0	51.04					49.54					LOS_D	4	0.09	14.87
1	18000-21600	120-1189@5.6-1189@50.7	1189	1189	0	0	0	0	0											LOS_A		0.00	0.00
1	18000-21600	120-1190@11.3-1190@56.8	1190	1190	6	0	0	0	0	154.08					152.84					LOS_F	6	0.31	15.44
1	18000-21600	120-1191@12.4-1191@46.2	1191	1191	1	1	0	0	0	0.00	0.00				0.00	0.00				LOS_A	1	0.00	0.00
1	18000-21600	120-1192@6.0-1192@58.2	1192	1192	6	0	0	0	0	30.52					29.03					LOS_C	3	0.29	20.33
1	18000-21600	120-1193@13.6-1193@42.6	1193	1193	2	0	0	0	0	90.14					88.62					LOS_F	6	0.15	15.64
1	18000-21600	120-1194@0.7-1194@34.7	1194	1194	3	0	0	0	0	110.20					108.69					LOS_F	6	0.19	13.48
1	18000-21600	120-1236@14.1-1103@19.5	1236	1103	0	0	0	0	0											LOS_A		11.03	150.44
1	18000-21600	120-1236@14.1-1107@21.1	1236	1107	41	41	0	0	0	36.99	36.99				28.60	28.60				LOS_D	4	11.03	150.44
1	18000-21600	120-1236@14.1-1112@5.6	1236	1112	307	300	0	3	1	31.69	31.73		48.59	14.68	23.70	23.83		39.71	0.00	LOS_C	3	11.03	150.44
1	18000-21600	120-1239@4.2-1099@27.3	1239	1099	11	11	0	0	0	87.22	87.22				79.62	79.62				LOS_F	6	1.94	19.53
1	18000-21600	120-1239@4.2-1107@21.1	1239	1107	0	0	0	0	0											LOS_A		1.94	19.53
1	18000-21600	120-1239@4.2-11576@36.8	1239	11576	2	0	0	0	0	78.38					60.50					LOS_E	5	1.94	19.53
1	18000-21600	120			1263	1222	0	6	6	22.02	20.98		27.65	5.10	16.78	15.73		20.73	0.00	LOS_C	3	2.41	150.44
1	18000-21600	121			0	0	0	0	0											LOS_A			
1	18000-21600	122			0	0	0	0	0											LOS_A			
1	18000-21600	123			0	0	0	0	0											LOS_A			
1	18000-21600	124-1123@88.6-1122@4.7	1123	1122	5	5	0	0	0	0.77	0.77				0.00	0.00				LOS_A	1	0.00	0.00
1	18000-21600	124-1130@109.7-1122@4.7	1130	1122	504	486	0	9	4	0.66	0.39		0.60	0.24	0.10	0.03		0.00	0.00	LOS_A	1	1.46	60.50
1	18000-21600	124-1130@109.7-1180@8.5	1130	1180	20	20	0	0	0	1.13	1.13				0.47	0.47				LOS_A	1	1.46	60.50
1	18000-21600	124			529	511	0	9	4	0.68	0.43		0.60	0.24	0.11	0.05		0.00	0.00	LOS_A	1	0.73	60.50
1	18000-21600	125			0	0	0	0	0											LOS_A			
1	18000-21600	244-1156@962.0-1223@12.7	1156	1223	0	0	0	0	0											LOS_A		0.00	0.00
1	18000-21600	244-1156@962.0-1224@15.7	1156	1224	184	175	0	3	6	0.03	0.03		0.00	0.00	0.00	0.00		0.00	0.00	LOS_A	1	0.00	0.00
1	18000-21600	244-1221@50.0-1224@15.7	1221	1224	0	0	0	0	0											LOS_A		0.00	0.00
1	18000-21600	244-1221@50.0-1225@11.6	1221	1225	0	0	0	0	0											LOS_A		0.00	0.00
1	18000-21600	244-1227@99.3-1223@12.7	1227	1223	0	0	0	0	0											LOS_A		0.00	0.00
1	18000-21600	244-1227@99.3-1225@11.6	1227	1225	146	142	0	1	3	0.02	0.02		0.00	0.00	0.00	0.00		0.00	0.00	LOS_A	1	0.00	0.00
1	18000-21600	244			330	317	0	4	9	0.03	0.03		0.00	0.00	0.00	0.00		0.00	0.00	LOS_A	1	0.00	0.00
1	18000-21600	245			0	0	0	0	0											LOS_A			
1	18000-21600	246-1224@100.1-1229@17.2	1224	1229	16	16	0	0	0	0.16	0.16				0.00	0.00				LOS_A	1	0.00	0.00
1	18000-21600	246-1224@100.1-1230@17.9	1224	1230	168	159	0	3	6	0.07	0.07		0.00	0.00	0.00	0.00		0.00	0.00	LOS_A	1	0.00	0.00
1	18000-21600	246-1228@93.7-1227@14.9	1228	1227	6	6	0	0	0	2.67	2.67				0.51	0.51				LOS_A	1	0.01	9.23
1	18000-21600	246-1228@93.7-1230@17.9	1228	1230	31	31	0	0	0	1.50	1.50				0.39	0.39				LOS_A	1	0.03	9.28
1	18000-21600	246-1235@217.9-1227@14.9	1235	1227	140	136	0	1	3	0.15	0.16		0.00	0.00	0.00	0.00		0.00	0.00	LOS_A	1	0.00	0.00
1	18000-21600	246-1235@217.9-1229@17.2	1235	1229	34	34	0	0	0	1.33	1.33				0.06	0.06				LOS_A	1	0.01	5.88
1	18000-21600	246			395	382	0	4	9	0.36	0.37		0.00	0.00	0.04	0.04		0.00	0.00	LOS_A	1	0.01	9.28
1	18000-21600	247			0	0	0	0	0											LOS_A			
1	18000-21600	248-1152@193.7-1233@16.5	1152	1233	38	38	0	0	0	1.96	1.96				0.25	0.25				LOS_A	1	0.08	23.18
1	18000-21600	248-1152@193.7-1235@13.8	1152	1235	172	168	0	1	3	0.67	0.68		0.02	0.17	0.03	0.03		0.00	0.00	LOS_A	1	0.00	0.00
1	18000-21600	248-1230@222.2-1233@16.5	1230	1233	2	2	0	0	0	0.16	0.16				0.00	0.00				LOS_A	1	0.00	0.00
1	18000-21600	248-1230@222.2-1234@16.0	1230	1234	197	188	0	3	6	0.07	0.07		0.00	0.00	0.00	0.00		0.00	0.00	LOS_A	1	0.00	0.00
1	18000-21600	248-1232@78.7-1234@16.0	1232	1234	25	25	0	0	0	1.03	1.03				0.05	0.05				LOS_A	1	0.01	5.85
1	18000-21600	248-1232@78.7-1235@13.8	1232	1235	2	2	0	0	0	4.68	4.68				0.91	0.91				LOS_A	1	0.01	5.53
1	18000-21600	248			436	423	0	4	9	0.55	0.56		0.01	0.06	0.04	0.04		0.00	0.00	LOS_A	1	0.02	23.18
1	18000-21600	249			0	0	0	0	0											LOS_A			
1	18000-21600	312-2419@3.3-24810@22.1	2419	24810	321	301	0	15	5	32.72	33.16		28.20	19.78	24.74	25.36		16.92	11.01	LOS_C	3	9.97	84.67
1	18000-21600	312-2420@4.1-2422@13.2	2420	2422	255	238	1	12	4	5.69	5.84	1.15	1.95	8.88	2.01	2.15	0.00	0.00	0.24	LOS_A	1	1.16	50.44
1	18000-21600	312-2475@44.5-2391@3.4	2475	2391	149	134	6	5	4	50.89	52.02	50.34	29.10	41.08	41.61	43.23	36.84	16.21	26.31	LOS_D	4	8.68	68.46
1	18000-21600	312-2475@44.5-2422@13.2	2475	2422	16	16	0	0	0	4.34	4.34				0.00	0.00				LOS_A	1	0.00	0.00
1	18000-21600	312-2527@16.1-2391@3.4	2527	2391	202	196	3	2	1	19.29	18.82	40.74	25.29	34.80	13.30	13.10	22.50	16.57	18.14	LOS_B	2	3.61	49.68
1	18000-21600	312-2527@16.1-24810@22.1	2527	24810	112	108	0	3	1	11.00	11.10		9.78	3.13	7.03	7.18		3.97	0.00	LOS_B	2	1.30	22.05
1	18000-21600	312			1055	993	10	37	15	23.44	23.46	42.54	18.16	22.45	17.18	17.40	28.85	10.27	11.96	LOS_C	3	4.12	84.67
1	18000-21600	313-2394@59.8-2414@34.7	2394	2414	327	320	0	7	0	23.95	23.54		42.49		16.46	16.12		31.56		LOS_C	3	6.83	72.86
1	18000-21600	313-2394@59.8-2418@36.3	2394	2418	90	86	0	2	2	47.28	46.09		86.14	59.49	38.72	37.70		75.68	45.60	LOS_D	4	7.04	73.05
1	18000-21600	313-2401@29.1-2389@16.1	2401	2389	372	367	0	5	0	4.85	4.85		4.27		0.59	0.59		1.00		LOS_A	1	0.52	84.13
1	18000-21600	313-2401@29.1-2418@36.3	2401	2418	486	453	1	25	7	11.96	12.41	2.56	4.75	9.82	6.19	6.52	0.00	1.30	3.43	LOS_B	2	4.01	79.68
1	18000-21600	313-2416@14.9-2389@16.1	2416	2389	42	36	3	2	1	56.82	56.09	61.20	62.05	59.78	48.15	48.12	47.55	50.31	46.47	LOS_E	5	3.60	49.01
1	18000-21600	313-2416@14.9-2414@34.7	2416	2414	309	294	6	5	4	4.98	5.19	0.16	0.88	1.96	3.02	3.18	0.00	0.00	0.00	LOS_A	1	3.60	49.01
1	18000-21600	313			1626	1556	10	46	14	14.53	14.43	18.71	16.05	18.24	9.26	9.15	14.26	11.10	11.55	LOS_B	2	4.40	84.13
1	18000-21600	314-2403@220.3-2402@17.0	2403	2402	14	14	0	0	0	3.66	3.66				1.10	1.10				LOS_A	1	0.03	6.00
1	18000-21600	314-2403@220.3-2424@24.2	2403	2424	4	4	0	0	0	70.73	70.73				64.89	64.89				LOS_E	5	0.41	6.39
1	18000-21600	314-2409@18.3-2410@13.9	2409	2410	17	17	0	0	0	84.32	84.32				77.51	77.51				LOS_F	6	2.35	50.95
1	18000-21600	314-2409@18.3-2424@24.2	2409	2424	619	597	6	12	4	0.92	0.88	3.39	1.78	1.21	0.17	0.17	0.00	0.27	0.00	LOS_A	1	2.35	50.95
1	18000-21600	314-2413@40.6-2402@17.0	2413	2402	844	806	1	30	7	5.39	5.40	2.30	4.74	6.40	1.97	2.02	0.00	1.21	0.31	LOS_A	1	2.48	69.61
1	18000-21600	314-2413@40.6-2410@13.9	2413	2410	2	2	0	0	0	1.24	1.24				0.00	0.00				LOS_A	1	0.00	0.00
1	18000-21600	314-2517@5.7-2517@54.4	2517	2517	0	0	0	0	0											LOS_A		0.00	0.00
1	18000-21600	314			1500	1440	7	42	11	4.59	4.62	3.24	3.90	4.51	2.24	2.31	0.00	0.94	0.20	LOS_A	1	0.88	69.61
1	18000-21600	315-2424@32.6-2426@30.8	2424	2426	602	587	1	11	3	2.96	2.94	14.17	3.40	1.44	1.01	1.02	1.28	0.60	0.00	LOS_A	1	1.16	61.08
1	18000-21600	315-2424@32.6-2434@37.0	2424	2434	8	8	0	0	0	53.59	53.59				47.49	47.49				LOS_D	4	1.16	61.08
1	18000-21600	315-2424@32.6-2439@33.6	2424	2439	13	6	5	1	1	4.67	5.51	1.88	16.70	1.48	1.80	2.69	0.00	7.24	0.00	LOS_A	1	1.16	61.08
1	18000-21600	315-2430@18.6-2413@31.6	2430	2413	54	44	0	8	2	3.26	2.81		3.91	10.39	0.37	0.42		0.00	0.75	LOS_A	1	0.09	37.07
1	18000-21600	315-2430@18.6-2426@30.8	2430	2426	11	11	0	0	0	34.96	34.96				29.21	29.21				LOS_C	3	0.55	13.27
1	18000-21600	315-2430@18.6-2439@33.6	2430	2439	0	0	0	0	0											LOS_A		0.55	13.27
1	18000-21600	315-2438@12.4-2413@31.6	2438	2413	26	16	0	8	2	50.70	44.55		53.70	87.87	43.43	38.23		45.15	78.16	LOS_D	4	2.97	31.54
1	18000-21600	315-2438@12.4-2426@30.8	2438	2426	0	0	0	0	0											LOS_A		2.97	31.54
1	18000-21600	315-2438@12.4-2434@37.0	2438	2434	4	4	0	0	0	47.97	47.97				39.64	39.64				LOS_D	4	2.97	31.54
1	18000-21600	315-2442@2.5-2413@31.6	2442	2413	766	748	1	14	3	4.35	4.38	0.00	2.78	4.61	2.11	2.13	0.00	1.74	0.00	LOS_A	1	1.87	56.07
1	18000-21600	315-2442@2.5-2434@37.0	2442	2434	8	7	0	1	0	2.37	2.44		1.91		0.11	0.13		0.00		LOS_A	1	1.87	56.07
1	18000-21600	315-2442@2.5-2439@33.6	2442	2439	1	1	0	0	0	94.90	94.90				87.23	87.23				LOS_F	6	1.87	56.07
1	18000-21600	315			1493	1432	7	43	11	5.22	4.88	3.37	12.93	19.65	2.91	2.65	0.18	9.29	14.35	LOS_A	1	1.33	61.08
1	18000-21600	316			0	0	0	0	0											LOS_A			
1	18000-21600	317			0	0	0	0	0											LOS_A			
1	18000-21600	318			0	0	0	0	0											LOS_A			
1	18000-21600	319			0	0	0	0	0											LOS_A			
1	18000-21600	320			0	0	0	0	0											LOS_A			
1	18000-21600	322-2388@109.5-2387: Western Fwy  Deer Park Byp@24.8	2388	2387	414	403	3	7	1	0.05	0.05	0.01	0.06	0.01	0.00	0.00	0.00	0.00	0.00	LOS_A	1	0.00	0.00
1	18000-21600	322-2397: Western Fwy  Deer Park Byp@856.0-2387: Western Fwy  Deer Park Byp@24.8	2397	2387	830	813	5	10	2	0.04	0.04	0.45	0.06	0.00	0.00	0.00	0.00	0.00	0.00	LOS_A	1	0.00	0.00
1	18000-21600	322			1244	1216	8	17	3	0.04	0.04	0.29	0.06	0.01	0.00	0.00	0.00	0.00	0.00	LOS_A	1	0.00	0.00
1	18000-21600	323-2479: Western Fwy  Deer Park Byp@45.2-2477@22.4	2479	2477	165	150	6	5	4	1.82	1.56	4.70	4.25	4.40	0.00	0.00	0.00	0.00	0.00	LOS_A	1	0.00	0.00
1	18000-21600	323-2479: Western Fwy  Deer Park Byp@45.2-2478: Western Fwy  Deer Park Byp@23.8	2479	2478	613	571	7	15	20	0.11	0.11	0.10	0.20	0.05	0.00	0.00	0.00	0.00	0.00	LOS_A	1	0.00	0.00
1	18000-21600	323			778	721	13	20	24	0.48	0.41	2.22	1.21	0.78	0.00	0.00	0.00	0.00	0.00	LOS_A	1	0.00	0.00
1	18000-21600	324-2478: Western Fwy  Deer Park Byp@815.7-2483: Western Fwy  Deer Park Byp@32.3	2478	2483	613	571	7	15	20	0.08	0.08	0.00	0.09	0.14	0.00	0.00	0.00	0.00	0.00	LOS_A	1	0.00	0.00
1	18000-21600	324-2485@71.7-2483: Western Fwy  Deer Park Byp@32.3	2485	2483	433	409	0	18	6	4.98	4.91		6.27	5.48	0.07	0.07		0.03	0.02	LOS_A	1	0.00	0.00
1	18000-21600	324			1046	980	7	33	26	2.11	2.10	0.00	3.46	1.37	0.03	0.03	0.00	0.02	0.00	LOS_A	1	0.00	0.00
1	18000-21600	325-2398: Western Fwy  Deer Park Byp@30.6-2385@22.8	2398	2385	417	406	0	9	2	2.64	2.57		4.91	6.57	0.01	0.01		0.00	0.00	LOS_A	1	0.01	9.89
1	18000-21600	325-2398: Western Fwy  Deer Park Byp@30.6-2397: Western Fwy  Deer Park Byp@22.6	2398	2397	830	813	5	10	2	0.34	0.32	0.71	1.28	0.47	0.00	0.00	0.00	0.00	0.00	LOS_A	1	0.01	9.89
1	18000-21600	325			1247	1219	5	19	4	1.11	1.07	0.71	3.00	3.52	0.00	0.00	0.00	0.00	0.00	LOS_A	1	0.01	9.89
1	18000-21600	326-2502: Western Fwy  Deer Park Byp@2131.3-2513: Western Fwy  Deer Park Byp@18.8	2502	2513	600	580	4	12	4	0.06	0.06	0.02	0.01	0.04	0.00	0.00	0.00	0.00	0.00	LOS_A	1	0.00	0.00
1	18000-21600	326-2514: Western Fwy  Deer Park Byp@123.8-2513: Western Fwy  Deer Park Byp@18.8	2514	2513	647	639	1	7	0	0.76	0.76	1.40	0.93		0.00	0.00	0.00	0.00		LOS_A	1	0.00	0.00
1	18000-21600	326			1247	1219	5	19	4	0.42	0.42	0.30	0.35	0.04	0.00	0.00	0.00	0.00	0.00	LOS_A	1	0.00	0.00
1	18000-21600	327-2505: Western Fwy  Deer Park Byp@33.7-2506: Western Fwy  Deer Park Byp@21.2	2505	2506	598	553	7	19	19	0.18	0.18	0.00	0.15	0.21	0.00	0.00	0.00	0.00	0.00	LOS_A	1	0.00	0.00
1	18000-21600	327-2505: Western Fwy  Deer Park Byp@33.7-2508: Western Fwy  Deer Park Byp@13.2	2505	2508	448	427	0	14	7	1.79	1.67		4.17	4.33	0.00	0.00		0.00	0.00	LOS_A	1	0.00	0.00
1	18000-21600	327			1046	980	7	33	26	0.87	0.83	0.00	1.85	1.31	0.00	0.00	0.00	0.00	0.00	LOS_A	1	0.00	0.00

