$MOVEMENTEVALUATION:SIMRUN	TIMEINT	MOVEMENT	MOVEMENT\FROMLINK	MOVEMENT\TOLINK	VEHS(ALL)	VEHS(10)	VEHS(20)	VEHS(30)	VEHS(40)	VEHDELAY(ALL)	VEHDELAY(10)	VEHDELAY(20)	VEHDELAY(30)	VEHDELAY(40)	STOPDELAY(ALL)	STOPDELAY(10)	STOPDELAY(20)	STOPDELAY(30)	STOPDELAY(40)	LOS(ALL)	LOSVAL(ALL)	QLEN	QLENMAX	VEHS(50)	VEHDELAY(50)	STOPDELAY(50)	LOS(50)	LOSVAL(50)
1	3600-7200	44-15@10.7-243: Ferris Rd  Melton Hwy@24.7	15	243	432	396	2	23	9	0.45	0.37	10.82	1.02	0.43	0.10	0.05	6.52	0.40	0.00	LOS_A	1	0.00	0.00	2	0.57	0.00	LOS_A	1
1	3600-7200	44-421: Ferris Rd@65.5-20@13.7	421	20	187	183	0	1	3	1.54	1.49		3.57	3.97	0.00	0.00		0.00	0.00	LOS_A	1	0.00	0.00	0			LOS_A	
1	3600-7200	44-421: Ferris Rd@65.5-243: Ferris Rd  Melton Hwy@24.7	421	243	624	565	3	37	17	0.65	0.66	0.23	0.57	0.90	0.00	0.00	0.00	0.00	0.00	LOS_A	1	0.00	0.00	2	0.54	0.00	LOS_A	1
1	3600-7200	44-682@2.4-420: Ferris Rd@77.1	682	420	299	267	2	24	6	0.25	0.25	0.05	0.26	0.21	0.00	0.00	0.00	0.00	0.00	LOS_A	1	0.00	0.00	0			LOS_A	
1	3600-7200	44-10393@15.0-19@37.7	10393	19	81	77	0	4	0	0.28	0.27		0.50		0.00	0.00		0.00		LOS_A	1	0.00	0.00	0			LOS_A	
1	3600-7200	44-10393@15.0-420: Ferris Rd@77.1	10393	420	467	442	3	10	10	0.22	0.22	0.00	0.26	0.25	0.00	0.00	0.00	0.00	0.00	LOS_A	1	0.00	0.00	2	0.15	0.00	LOS_A	1
1	3600-7200	44			2090	1930	10	99	45	0.52	0.50	2.24	0.59	0.77	0.02	0.01	1.30	0.09	0.00	LOS_A	1	0.00	0.00	6	0.42	0.00	LOS_A	1
1	3600-7200	45-499: Zone connector@162.8-95: Melton Hwy@34.7	499	95	110	110	0	0	0	0.27	0.27				0.00	0.00				LOS_A	1	0.00	0.00	0			LOS_A	
1	3600-7200	45-499: Zone connector@162.8-307: Melton Hwy@21.7	499	307	87	73	0	8	6	0.29	0.28		0.49	0.21	0.00	0.00		0.00	0.00	LOS_A	1	0.00	0.00	0			LOS_A	
1	3600-7200	45-499: Zone connector@162.8-363: Gateway Dr@34.4	499	363	0	0	0	0	0											LOS_A		0.00	0.00	0			LOS_A	
1	3600-7200	45-677: Melton Hwy@21.1-307: Melton Hwy@21.7	677	307	315	287	0	17	11	0.21	0.22		0.14	0.17	0.00	0.00		0.00	0.00	LOS_A	1	0.00	0.00	0			LOS_A	
1	3600-7200	45-677: Melton Hwy@21.1-363: Gateway Dr@34.4	677	363	0	0	0	0	0											LOS_A		0.00	0.00	0			LOS_A	
1	3600-7200	45-677: Melton Hwy@21.1-500: Zone connector@16.0	677	500	62	62	0	0	0	4.17	4.17				0.00	0.00				LOS_A	1	0.01	10.92	0			LOS_A	
1	3600-7200	45-680: Melton Hwy@12.0-95: Melton Hwy@34.7	680	95	470	431	2	25	12	0.22	0.22	0.00	0.19	0.23	0.00	0.00	0.00	0.00	0.00	LOS_A	1	0.00	0.00	0			LOS_A	
1	3600-7200	45-680: Melton Hwy@12.0-363: Gateway Dr@34.4	680	363	32	30	0	0	2	3.38	3.19			6.24	0.00	0.00			0.00	LOS_A	1	0.00	0.00	0			LOS_A	
1	3600-7200	45-680: Melton Hwy@12.0-500: Zone connector@16.0	680	500	67	62	0	4	1	6.76	6.72		7.15	7.52	0.00	0.00		0.00	0.00	LOS_A	1	0.00	0.00	0			LOS_A	
1	3600-7200	45-27136: Gateway Dr@1.7-95: Melton Hwy@34.7	27136	95	2	2	0	0	0	0.08	0.08				0.00	0.00				LOS_A	1	0.00	0.00	0			LOS_A	
1	3600-7200	45-27136: Gateway Dr@1.7-307: Melton Hwy@21.7	27136	307	56	54	0	2	0	0.27	0.19		2.26		0.00	0.00		0.00		LOS_A	1	0.00	0.00	0			LOS_A	
1	3600-7200	45-27136: Gateway Dr@1.7-500: Zone connector@16.0	27136	500	0	0	0	0	0											LOS_A		0.00	0.00	0			LOS_A	
1	3600-7200	45			1201	1111	2	56	32	0.88	0.89	0.00	0.79	0.81	0.00	0.00	0.00	0.00	0.00	LOS_A	1	0.00	10.92	0			LOS_A	
1	3600-7200	46-12: Hopkins Rd@68.7-44: Hopkins Rd@23.1	12	44	550	467	1	38	31	1.23	1.27	3.08	0.90	1.38	0.01	0.01	0.00	0.00	0.00	LOS_A	1	0.00	8.00	13	0.40	0.00	LOS_A	1
1	3600-7200	46-12: Hopkins Rd@68.7-104@37.0	12	104	141	130	1	6	4	0.63	0.64	1.60	0.18	0.58	0.00	0.00	0.00	0.00	0.00	LOS_A	1	0.00	8.00	0			LOS_A	
1	3600-7200	46-12: Hopkins Rd@68.7-428@34.4	12	428	13	13	0	0	0	1.24	1.24				0.08	0.08				LOS_A	1	0.00	8.00	0			LOS_A	
1	3600-7200	46-12: Hopkins Rd@68.7-1243: Hopkins Rd@4.1	12	1243	0	0	0	0	0											LOS_A		0.00	8.00	0			LOS_A	
1	3600-7200	46-255: Hopkins Rd@16.9-44: Hopkins Rd@23.1	255	44	0	0	0	0	0											LOS_A		0.00	0.00	0			LOS_A	
1	3600-7200	46-255: Hopkins Rd@16.9-104@37.0	255	104	159	150	2	3	2	1.03	1.04	1.27	0.90	0.44	0.01	0.01	0.00	0.00	0.00	LOS_A	1	0.00	0.00	2	1.13	0.00	LOS_A	1
1	3600-7200	46-255: Hopkins Rd@16.9-428@34.4	255	428	11	11	0	0	0	0.09	0.09				0.00	0.00				LOS_A	1	0.00	0.00	0			LOS_A	
1	3600-7200	46-255: Hopkins Rd@16.9-1243: Hopkins Rd@4.1	255	1243	343	304	0	15	11	0.60	0.61		0.55	0.42	0.00	0.00		0.00	0.00	LOS_A	1	0.00	0.00	13	0.61	0.00	LOS_A	1
1	3600-7200	46-257@10.6-44: Hopkins Rd@23.1	257	44	471	438	1	26	6	1.15	1.15	0.47	1.26	0.53	0.01	0.02	0.00	0.00	0.00	LOS_A	1	0.00	0.00	0			LOS_A	
1	3600-7200	46-257@10.6-104@37.0	257	104	0	0	0	0	0											LOS_A		0.00	0.00	0			LOS_A	
1	3600-7200	46-257@10.6-428@34.4	257	428	0	0	0	0	0											LOS_A		0.00	0.00	0			LOS_A	
1	3600-7200	46-257@10.6-1243: Hopkins Rd@4.1	257	1243	316	296	1	15	4	0.53	0.55	0.41	0.33	0.32	0.04	0.04	0.00	0.00	0.00	LOS_A	1	0.00	0.00	0			LOS_A	
1	3600-7200	46-429@91.6-44: Hopkins Rd@23.1	429	44	72	72	0	0	0	1.91	1.91				0.03	0.03				LOS_A	1	0.00	0.00	0			LOS_A	
1	3600-7200	46-429@91.6-104@37.0	429	104	0	0	0	0	0											LOS_A		0.00	0.00	0			LOS_A	
1	3600-7200	46-429@91.6-428@34.4	429	428	0	0	0	0	0											LOS_A		0.00	0.00	0			LOS_A	
1	3600-7200	46-429@91.6-1243: Hopkins Rd@4.1	429	1243	6	6	0	0	0	0.53	0.53				0.00	0.00				LOS_A	1	0.00	0.00	0			LOS_A	
1	3600-7200	46			2082	1887	6	103	58	0.96	0.97	1.35	0.81	0.95	0.01	0.01	0.00	0.00	0.00	LOS_A	1	0.00	8.00	28	0.55	0.00	LOS_A	1
1	3600-7200	47-4: Caroline Springs Blvd@6.8-212: Caroline Springs Blvd@4.7	4	212	469	402	0	32	18	2.38	1.71		1.62	3.02	0.02	0.01		0.00	0.26	LOS_A	1	0.05	54.37	17	18.76	0.00	LOS_C	3
1	3600-7200	47-4: Caroline Springs Blvd@6.8-446@6.0	4	446	6	6	0	0	0	2.71	2.71				0.03	0.03				LOS_A	1	0.05	54.37	0			LOS_A	
1	3600-7200	47-447@32.5-212: Caroline Springs Blvd@4.7	447	212	1	1	0	0	0	0.22	0.22				0.00	0.00				LOS_A	1	0.00	0.00	0			LOS_A	
1	3600-7200	47-887: Caroline Springs Blvd@16.4-448@12.1	887	448	831	751	0	42	21	0.63	0.56		1.13	0.54	0.00	0.00		0.00	0.00	LOS_A	1	0.00	0.00	17	2.72	0.00	LOS_A	1
1	3600-7200	47			1307	1160	0	74	39	1.27	0.97		1.34	1.68	0.01	0.00		0.00	0.12	LOS_A	1	0.02	54.37	34	10.74	0.00	LOS_B	2
1	3600-7200	49-351: Delma Rd@85.2-352: Eucumbene Dr@37.8	351	352	0	0	0	0	0											LOS_A		0.00	0.00	0			LOS_A	
1	3600-7200	49-351: Delma Rd@85.2-506: Zone connector@80.7	351	506	0	0	0	0	0											LOS_A		0.00	0.00	0			LOS_A	
1	3600-7200	49-353: Eucumbene Dr@275.9-350: Delma Rd@23.2	353	350	0	0	0	0	0											LOS_A		0.00	0.00	0			LOS_A	
1	3600-7200	49-353: Eucumbene Dr@275.9-506: Zone connector@80.7	353	506	64	62	0	2	0	0.02	0.02		0.04		0.00	0.00		0.00		LOS_A	1	0.00	0.00	0			LOS_A	
1	3600-7200	49-505: Zone connector@77.8-350: Delma Rd@23.2	505	350	28	28	0	0	0	0.08	0.08				0.00	0.00				LOS_A	1	0.00	0.00	0			LOS_A	
1	3600-7200	49-505: Zone connector@77.8-352: Eucumbene Dr@37.8	505	352	6	6	0	0	0	0.09	0.09				0.00	0.00				LOS_A	1	0.00	0.00	0			LOS_A	
1	3600-7200	49			98	96	0	2	0	0.04	0.04		0.04		0.00	0.00		0.00		LOS_A	1	0.00	0.00	0			LOS_A	
1	3600-7200	50-115: Western Hwy@22.9-209: Ballarat Rd  Western Hwy@28.7	115	209	227	211	0	9	7	0.15	0.14		0.20	0.33	0.00	0.00		0.00	0.00	LOS_A	1	0.00	0.00	0			LOS_A	
1	3600-7200	50-115: Western Hwy@22.9-283: Christies Rd@7.9	115	283	44	35	0	4	5	3.48	2.88		5.77	5.83	0.00	0.00		0.00	0.00	LOS_A	1	0.00	0.00	0			LOS_A	
1	3600-7200	50-461: Ballarat Rd  Western Hwy@7.1-114: Western Hwy@17.3	461	114	581	555	1	17	8	0.35	0.33	3.10	0.47	0.82	0.00	0.00	0.00	0.00	0.00	LOS_A	1	0.00	0.00	0			LOS_A	
1	3600-7200	50-461: Ballarat Rd  Western Hwy@7.1-209: Ballarat Rd  Western Hwy@28.7	461	209	16	16	0	0	0	0.63	0.63				0.00	0.00				LOS_A	1	0.00	0.00	0			LOS_A	
1	3600-7200	50-461: Ballarat Rd  Western Hwy@7.1-215: Caroline Springs Blvd@5.8	461	215	284	275	0	5	4	0.63	0.61		1.09	1.07	0.00	0.00		0.00	0.00	LOS_A	1	0.00	0.00	0			LOS_A	
1	3600-7200	50-648: Christies Rd@27.9-114: Western Hwy@17.3	648	114	83	75	0	6	2	0.64	0.55		1.32	1.62	0.00	0.00		0.00	0.00	LOS_A	1	0.00	0.00	0			LOS_A	
1	3600-7200	50-648: Christies Rd@27.9-209: Ballarat Rd  Western Hwy@28.7	648	209	59	47	0	7	5	3.43	2.84		5.71	5.78	0.00	0.00		0.00	0.00	LOS_A	1	0.00	0.00	0			LOS_A	
1	3600-7200	50-648: Christies Rd@27.9-215: Caroline Springs Blvd@5.8	648	215	310	268	0	17	8	1.09	1.01		1.95	1.55	0.00	0.00		0.00	0.00	LOS_A	1	0.00	0.00	17	1.36	0.00	LOS_A	1
1	3600-7200	50-649@8.2-283: Christies Rd@7.9	649	283	182	150	1	18	13	0.85	0.72	2.58	1.33	1.46	0.00	0.00	0.00	0.00	0.00	LOS_A	1	0.00	0.00	0			LOS_A	
1	3600-7200	50-651@22.8-215: Caroline Springs Blvd@5.8	651	215	237	208	0	20	9	0.75	0.62		1.50	2.10	0.00	0.00		0.00	0.00	LOS_A	1	0.00	0.00	0			LOS_A	
1	3600-7200	50-652: Caroline Springs Blvd@21.4-114: Western Hwy@17.3	652	114	132	125	0	4	3	1.01	0.96		2.00	1.94	0.00	0.00		0.00	0.00	LOS_A	1	0.00	0.00	0			LOS_A	
1	3600-7200	50-652: Caroline Springs Blvd@21.4-209: Ballarat Rd  Western Hwy@28.7	652	209	70	63	0	3	4	4.85	4.69		5.88	6.53	0.00	0.00		0.00	0.00	LOS_A	1	0.00	0.00	0			LOS_A	
1	3600-7200	50-652: Caroline Springs Blvd@21.4-283: Christies Rd@7.9	652	283	268	215	0	25	11	1.09	0.92		1.04	0.87	0.00	0.00		0.00	0.00	LOS_A	1	0.00	0.00	17	3.49	0.00	LOS_A	1
1	3600-7200	50			2493	2243	2	135	79	0.91	0.80	2.84	1.67	2.10	0.00	0.00	0.00	0.00	0.00	LOS_A	1	0.00	0.00	34	2.42	0.00	LOS_A	1
1	3600-7200	51-7: Ballarat Rd  Western Hwy@16.6-10: Ballarat Rd  Western Hwy@18.5	7	10	30	26	0	3	1	0.11	0.10		0.09	0.33	0.00	0.00		0.00	0.00	LOS_A	1	0.00	0.00	0			LOS_A	
1	3600-7200	51-7: Ballarat Rd  Western Hwy@16.6-385: Chisholm Dr@11.7	7	385	4	4	0	0	0	1.22	1.22				0.00	0.00				LOS_A	1	0.00	0.00	0			LOS_A	
1	3600-7200	51-7: Ballarat Rd  Western Hwy@16.6-670: Ballarat Rd  Western Hwy@1.4	7	670	42	42	0	0	0	2.24	2.24				0.00	0.00				LOS_A	1	0.00	0.00	0			LOS_A	
1	3600-7200	51-7: Ballarat Rd  Western Hwy@16.6-671: Panamax Rd@7.5	7	671	0	0	0	0	0											LOS_A		0.00	0.00	0			LOS_A	
1	3600-7200	51-347: Panamax Rd@4.8-10: Ballarat Rd  Western Hwy@18.5	347	10	201	193	0	4	4	0.64	0.62		1.34	0.83	0.00	0.00		0.00	0.00	LOS_A	1	0.00	0.00	0			LOS_A	
1	3600-7200	51-347: Panamax Rd@4.8-385: Chisholm Dr@11.7	347	385	23	23	0	0	0	2.09	2.09				0.00	0.00				LOS_A	1	0.00	0.00	0			LOS_A	
1	3600-7200	51-347: Panamax Rd@4.8-670: Ballarat Rd  Western Hwy@1.4	347	670	220	211	0	5	4	4.56	4.48		6.39	6.44	0.07	0.08		0.00	0.00	LOS_A	1	0.06	10.61	0			LOS_A	
1	3600-7200	51-360: Ballarat Rd  Western Hwy@55.2-10: Ballarat Rd  Western Hwy@18.5	360	10	275	246	0	15	14	0.44	0.40		0.86	0.74	0.00	0.00		0.00	0.00	LOS_A	1	0.00	0.00	0			LOS_A	
1	3600-7200	51-360: Ballarat Rd  Western Hwy@55.2-385: Chisholm Dr@11.7	360	385	49	45	0	3	1	1.88	1.69		3.68	5.08	0.00	0.00		0.00	0.00	LOS_A	1	0.00	0.00	0			LOS_A	
1	3600-7200	51-360: Ballarat Rd  Western Hwy@55.2-671: Panamax Rd@7.5	360	671	48	46	0	1	1	1.81	1.68		6.15	3.80	0.00	0.00		0.00	0.00	LOS_A	1	0.00	0.00	0			LOS_A	
1	3600-7200	51-673: Chisholm Dr@12.9-10: Ballarat Rd  Western Hwy@18.5	673	10	47	46	0	1	0	0.26	0.26		0.30		0.00	0.00		0.00		LOS_A	1	0.00	0.00	0			LOS_A	
1	3600-7200	51-673: Chisholm Dr@12.9-670: Ballarat Rd  Western Hwy@1.4	673	670	55	51	0	2	2	2.15	2.16		2.13	1.94	0.00	0.00		0.00	0.00	LOS_A	1	0.00	0.00	0			LOS_A	
1	3600-7200	51-673: Chisholm Dr@12.9-671: Panamax Rd@7.5	673	671	16	16	0	0	0	9.10	9.10				0.31	0.31				LOS_A	1	0.00	0.00	0			LOS_A	
1	3600-7200	51-885: Ballarat Rd  Western Hwy@6.9-10: Ballarat Rd  Western Hwy@18.5	885	10	0	0	0	0	0											LOS_A		0.00	0.00	0			LOS_A	
1	3600-7200	51-885: Ballarat Rd  Western Hwy@6.9-385: Chisholm Dr@11.7	885	385	58	55	0	3	0	2.72	2.72		2.76		0.10	0.11		0.00		LOS_A	1	0.00	0.00	0			LOS_A	
1	3600-7200	51-885: Ballarat Rd  Western Hwy@6.9-670: Ballarat Rd  Western Hwy@1.4	885	670	718	664	2	33	19	1.63	1.66	5.56	1.42	0.66	0.00	0.00	0.00	0.00	0.00	LOS_A	1	0.00	0.00	0			LOS_A	
1	3600-7200	51-885: Ballarat Rd  Western Hwy@6.9-671: Panamax Rd@7.5	885	671	129	120	0	7	2	2.66	2.46		5.21	5.70	0.01	0.01		0.00	0.00	LOS_A	1	0.00	0.00	0			LOS_A	
1	3600-7200	51			1915	1788	2	77	48	1.84	1.83	5.56	2.13	1.59	0.02	0.02	0.00	0.00	0.00	LOS_A	1	0.01	10.61	0			LOS_A	
1	3600-7200	52-928: Melton Hwy@4.6-182@17.4	928	182	274	241	0	17	14	0.35	0.35		0.34	0.39	0.00	0.00		0.00	0.00	LOS_A	1	0.00	0.00	2	0.30	0.00	LOS_A	1
1	3600-7200	52-928: Melton Hwy@4.6-308: Ferris Rd  Melton Hwy@32.7	928	308	448	423	1	13	9	0.42	0.43	0.00	0.20	0.36	0.00	0.00	0.00	0.00	0.00	LOS_A	1	0.00	0.00	2	0.08	0.00	LOS_A	1
1	3600-7200	52-2259: Ferris Rd  Melton Hwy@16.4-182@17.4	2259	182	216	181	3	22	10	3.20	2.97	5.98	3.93	5.01	0.00	0.00	0.00	0.00	0.06	LOS_A	1	0.00	0.00	0			LOS_A	
1	3600-7200	52-2259: Ferris Rd  Melton Hwy@16.4-200: Melton Hwy@86.6	2259	200	840	780	2	38	16	0.40	0.37	0.28	0.62	1.18	0.00	0.00	0.00	0.00	0.00	LOS_A	1	0.00	0.00	4	0.22	0.00	LOS_A	1
1	3600-7200	52-2260@39.2-200: Melton Hwy@86.6	2260	200	74	69	0	2	3	9.23	8.84		14.84	14.43	0.00	0.00		0.00	0.00	LOS_A	1	0.00	0.00	0			LOS_A	
1	3600-7200	52-2260@39.2-308: Ferris Rd  Melton Hwy@32.7	2260	308	100	96	2	1	1	0.30	0.29	0.87	0.19	0.31	0.00	0.00	0.00	0.00	0.00	LOS_A	1	0.00	0.00	0			LOS_A	
1	3600-7200	52			1952	1790	8	93	53	1.04	0.97	2.53	1.60	2.29	0.00	0.00	0.00	0.00	0.01	LOS_A	1	0.00	0.00	8	0.20	0.00	LOS_A	1
1	3600-7200	53-899: Melton Hwy@13.5-199: Melton Hwy@15.4	899	199	0	0	0	0	0											LOS_A		0.00	0.00	0			LOS_A	
1	3600-7200	53-899: Melton Hwy@13.5-301: High St@21.5	899	301	47	46	0	1	0	0.72	0.73		0.31		0.01	0.01		0.00		LOS_A	1	0.00	0.00	0			LOS_A	
1	3600-7200	53-899: Melton Hwy@13.5-376: High St@3.8	899	376	397	378	0	11	4	0.30	0.29		0.33	0.78	0.00	0.00		0.00	0.00	LOS_A	1	0.00	0.00	4	0.05	0.00	LOS_A	1
1	3600-7200	53-899: Melton Hwy@13.5-271619: Melton Hwy@15.3	899	271619	470	425	2	28	15	0.36	0.36	0.38	0.40	0.35	0.00	0.00	0.00	0.00	0.00	LOS_A	1	0.00	0.00	0			LOS_A	
1	3600-7200	53-900: High St@7.7-199: Melton Hwy@15.4	900	199	262	252	1	2	3	1.47	1.45	0.94	0.48	1.69	0.00	0.00	0.00	0.00	0.00	LOS_A	1	0.00	0.00	4	3.08	0.00	LOS_A	1
1	3600-7200	53-900: High St@7.7-301: High St@21.5	900	301	48	48	0	0	0	0.30	0.30				0.00	0.00				LOS_A	1	0.00	0.00	0			LOS_A	
1	3600-7200	53-900: High St@7.7-376: High St@3.8	900	376	0	0	0	0	0											LOS_A		0.00	0.00	0			LOS_A	
1	3600-7200	53-900: High St@7.7-271619: Melton Hwy@15.3	900	271619	83	82	0	1	0	4.43	4.41		5.70		0.00	0.00		0.00		LOS_A	1	0.00	0.00	0			LOS_A	
1	3600-7200	53-901: Melton Hwy@54.1-199: Melton Hwy@15.4	901	199	412	368	0	27	17	0.74	0.74		0.60	0.99	0.00	0.00		0.00	0.00	LOS_A	1	0.00	0.00	0			LOS_A	
1	3600-7200	53-901: Melton Hwy@54.1-301: High St@21.5	901	301	8	8	0	0	0	1.17	1.17				0.00	0.00				LOS_A	1	0.00	0.00	0			LOS_A	
1	3600-7200	53-901: Melton Hwy@54.1-376: High St@3.8	901	376	38	38	0	0	0	0.47	0.47				0.00	0.00				LOS_A	1	0.00	0.00	0			LOS_A	
1	3600-7200	53-901: Melton Hwy@54.1-271619: Melton Hwy@15.3	901	271619	0	0	0	0	0											LOS_A		0.00	0.00	0			LOS_A	
1	3600-7200	53-1241: High St@3.1-199: Melton Hwy@15.4	1241	199	48	44	0	1	3	2.03	1.77		5.15	4.83	0.00	0.00		0.00	0.00	LOS_A	1	0.00	0.00	0			LOS_A	
1	3600-7200	53-1241: High St@3.1-301: High St@21.5	1241	301	0	0	0	0	0											LOS_A		0.00	0.00	0			LOS_A	
1	3600-7200	53-1241: High St@3.1-376: High St@3.8	1241	376	31	31	0	0	0	0.24	0.24				0.00	0.00				LOS_A	1	0.00	0.00	0			LOS_A	
1	3600-7200	53-1241: High St@3.1-271619: Melton Hwy@15.3	1241	271619	16	16	0	0	0	0.47	0.47				0.00	0.00				LOS_A	1	0.00	0.00	0			LOS_A	
1	3600-7200	53			1860	1736	3	71	42	0.82	0.82	0.57	0.61	1.06	0.00	0.00	0.00	0.00	0.00	LOS_A	1	0.00	0.00	8	1.56	0.00	LOS_A	1
1	3600-7200	54-526: Ferris Rd@22.5-310@35.3	526	310	15	13	0	2	0	2.57	2.38		3.84		0.00	0.00		0.00		LOS_A	1	0.00	0.00	0			LOS_A	
1	3600-7200	54-526: Ferris Rd@22.5-421: Ferris Rd@15.4	526	421	0	0	0	0	0											LOS_A		0.00	0.00	0			LOS_A	
1	3600-7200	54-526: Ferris Rd@22.5-525: Ferris Rd@18.9	526	525	751	696	5	32	16	0.29	0.29	0.12	0.26	0.39	0.00	0.00	0.00	0.00	0.00	LOS_A	1	0.00	0.00	2	0.24	0.00	LOS_A	1
1	3600-7200	54-527: Zone connector@58.2-310@35.3	527	310	1	0	0	0	1	4.12				4.12	0.00				0.00	LOS_A	1	0.00	0.00	0			LOS_A	
1	3600-7200	54-527: Zone connector@58.2-421: Ferris Rd@15.4	527	421	790	731	3	36	18	0.52	0.52	0.15	0.52	0.95	0.00	0.00	0.00	0.00	0.00	LOS_A	1	0.00	0.00	2	0.00	0.00	LOS_A	1
1	3600-7200	54-528@5.7-421: Ferris Rd@15.4	528	421	21	17	0	2	2	2.30	1.70		4.93	4.75	0.00	0.00		0.00	0.00	LOS_A	1	0.00	0.00	0			LOS_A	
1	3600-7200	54-528@5.7-525: Ferris Rd@18.9	528	525	2	1	0	1	0	0.09	0.02		0.15		0.00	0.00		0.00		LOS_A	1	0.00	0.00	0			LOS_A	
1	3600-7200	54			1580	1458	8	73	37	0.46	0.44	0.13	0.62	1.00	0.00	0.00	0.00	0.00	0.00	LOS_A	1	0.00	0.00	4	0.12	0.00	LOS_A	1
1	3600-7200	58-600: Leakes Rd@50.8-273@50.4	600	273	154	145	0	5	4	0.53	0.41		2.59	2.17	0.00	0.00		0.00	0.00	LOS_A	1	0.00	0.00	0			LOS_A	
1	3600-7200	58-600: Leakes Rd@50.8-437: Leakes Rd@57.3	600	437	542	500	0	16	9	1.01	0.39		0.38	0.66	0.00	0.00		0.00	0.00	LOS_A	1	0.00	0.00	17	20.17	0.00	LOS_C	3
1	3600-7200	58-1263: Leakes Rd@67.9-271: Leakes Rd@3.2	1263	271	847	794	4	20	12	0.68	0.16	0.59	0.44	0.54	0.02	0.00	0.00	0.00	0.00	LOS_A	1	0.00	0.00	17	25.44	1.03	LOS_D	4
1	3600-7200	58-1263: Leakes Rd@67.9-273@50.4	1263	273	369	344	0	16	9	0.58	0.58		0.59	0.60	0.00	0.00		0.00	0.00	LOS_A	1	0.00	0.00	0			LOS_A	
1	3600-7200	58-2374@24.3-271: Leakes Rd@3.2	2374	271	196	186	1	5	4	3.33	3.14	8.33	6.78	6.82	0.00	0.00	0.00	0.00	0.00	LOS_A	1	0.00	0.00	0			LOS_A	
1	3600-7200	58-2374@24.3-437: Leakes Rd@57.3	2374	437	276	258	0	11	7	0.68	0.63		1.50	1.34	0.00	0.00		0.00	0.00	LOS_A	1	0.00	0.00	0			LOS_A	
1	3600-7200	58			2384	2227	5	73	45	0.95	0.60	2.14	1.20	1.40	0.01	0.00	0.00	0.00	0.00	LOS_A	1	0.00	0.00	34	22.80	0.51	LOS_C	3
1	3600-7200	59-271: Leakes Rd@241.4-401: Leakes Rd@29.1	271	401	1043	980	5	25	16	0.16	0.11	0.36	0.28	0.66	0.00	0.00	0.00	0.00	0.00	LOS_A	1	0.00	0.00	17	2.59	0.00	LOS_A	1
1	3600-7200	59-443@92.7-270: Leakes Rd@23.7	443	270	86	86	0	0	0	0.17	0.17				0.00	0.00				LOS_A	1	0.00	0.00	0			LOS_A	
1	3600-7200	59-443@92.7-442@13.5	443	442	0	0	0	0	0											LOS_A		0.00	0.00	0			LOS_A	
1	3600-7200	59-605: Leakes Rd@51.1-270: Leakes Rd@23.7	605	270	610	559	0	21	13	0.26	0.27		0.25	0.18	0.00	0.00		0.00	0.00	LOS_A	1	0.00	0.00	17	0.06	0.00	LOS_A	1
1	3600-7200	59-605: Leakes Rd@51.1-442@13.5	605	442	19	19	0	0	0	0.09	0.09				0.00	0.00				LOS_A	1	0.00	0.00	0			LOS_A	
1	3600-7200	59			1758	1644	5	46	29	0.20	0.17	0.36	0.27	0.44	0.00	0.00	0.00	0.00	0.00	LOS_A	1	0.00	0.00	34	1.33	0.00	LOS_A	1
1	3600-7200	60-604: Leakes Rd@15.0-398: Taylors Rd@53.4	604	398	64	64	0	0	0	0.77	0.77				0.00	0.00				LOS_A	1	0.00	0.00	0			LOS_A	
1	3600-7200	60-604: Leakes Rd@15.0-402: Leakes Rd@43.0	604	402	354	334	0	11	9	0.07	0.07		0.10	0.01	0.00	0.00		0.00	0.00	LOS_A	1	0.00	0.00	0			LOS_A	
1	3600-7200	60-604: Leakes Rd@15.0-2146@76.1	604	2146	41	40	0	1	0	0.36	0.35		0.82		0.00	0.00		0.00		LOS_A	1	0.00	0.00	0			LOS_A	
1	3600-7200	60-938: Leakes Rd@26.5-398: Taylors Rd@53.4	938	398	479	449	0	6	7	0.80	0.80		0.84	0.90	0.00	0.00		0.00	0.00	LOS_A	1	0.00	0.00	17	0.90	0.00	LOS_A	1
1	3600-7200	60-938: Leakes Rd@26.5-402: Leakes Rd@43.0	938	402	12	12	0	0	0	6.89	6.89				0.00	0.00				LOS_A	1	0.00	0.00	0			LOS_A	
1	3600-7200	60-938: Leakes Rd@26.5-2146@76.1	938	2146	164	154	1	7	2	0.69	0.66	1.67	1.12	1.03	0.04	0.05	0.00	0.00	0.00	LOS_A	1	0.01	10.65	0			LOS_A	
1	3600-7200	60-938: Leakes Rd@26.5-27139: Leakes Rd@68.2	938	27139	388	365	4	12	7	0.15	0.12	1.27	0.09	1.05	0.00	0.00	0.00	0.00	0.00	LOS_A	1	0.00	0.00	0			LOS_A	
1	3600-7200	60-2149@32.7-398: Taylors Rd@53.4	2149	398	16	16	0	0	0	0.01	0.01				0.00	0.00				LOS_A	1	0.00	0.00	0			LOS_A	
1	3600-7200	60-2149@32.7-402: Leakes Rd@43.0	2149	402	53	53	0	0	0	2.52	2.52				0.00	0.00				LOS_A	1	0.00	0.00	0			LOS_A	
1	3600-7200	60-2149@32.7-27139: Leakes Rd@68.2	2149	27139	25	25	0	0	0	2.55	2.55				0.00	0.00				LOS_A	1	0.00	0.00	0			LOS_A	
1	3600-7200	60-271394: Taylors Rd@21.3-402: Leakes Rd@43.0	271394	402	210	179	0	10	4	2.11	1.74		3.08	3.40	0.00	0.00		0.00	0.00	LOS_A	1	0.00	0.00	17	5.07	0.00	LOS_A	1
1	3600-7200	60-271394: Taylors Rd@21.3-2146@76.1	271394	2146	37	37	0	0	0	0.05	0.05				0.00	0.00				LOS_A	1	0.00	0.00	0			LOS_A	
1	3600-7200	60-271394: Taylors Rd@21.3-27139: Leakes Rd@68.2	271394	27139	54	54	0	0	0	0.49	0.49				0.00	0.00				LOS_A	1	0.00	0.00	0			LOS_A	
1	3600-7200	60			1897	1782	5	47	29	0.73	0.68	1.35	0.99	1.01	0.00	0.00	0.00	0.00	0.00	LOS_A	1	0.00	10.65	34	2.99	0.00	LOS_A	1
1	3600-7200	61-539: Leakes Rd@105.5-438: Leakes Rd@41.9	539	438	312	297	1	11	3	0.21	0.22	0.16	0.16	0.10	0.00	0.00	0.00	0.00	0.00	LOS_A	1	0.00	0.00	0			LOS_A	
1	3600-7200	61-863: Leakes Rd@80.4-265@25.1	863	265	175	170	0	3	2	2.91	2.88		3.86	3.89	0.00	0.00		0.00	0.00	LOS_A	1	0.00	0.00	0			LOS_A	
1	3600-7200	61-863: Leakes Rd@80.4-435: Leakes Rd@21.2	863	435	643	588	0	24	14	1.33	1.16		1.25	0.26	0.02	0.02		0.00	0.00	LOS_A	1	0.00	0.00	17	7.88	0.00	LOS_A	1
1	3600-7200	61-2344: Leakes Rd@40.2-265@25.1	2344	265	274	246	0	16	12	0.20	0.20		0.32	0.21	0.00	0.00		0.00	0.00	LOS_A	1	0.00	0.00	0			LOS_A	
1	3600-7200	61-2344: Leakes Rd@40.2-438: Leakes Rd@41.9	2344	438	904	841	3	25	18	0.47	0.47	0.39	0.38	0.31	0.00	0.00	0.00	0.00	0.00	LOS_A	1	0.00	0.00	17	0.75	0.00	LOS_A	1
1	3600-7200	61-2345@108.7-435: Leakes Rd@21.2	2345	435	664	647	1	12	4	0.27	0.27	0.15	0.34	0.23	0.00	0.00	0.00	0.00	0.00	LOS_A	1	0.00	0.00	0			LOS_A	
1	3600-7200	61			2972	2789	5	91	53	0.70	0.66	0.30	0.68	0.39	0.00	0.00	0.00	0.00	0.00	LOS_A	1	0.00	0.00	34	4.32	0.00	LOS_A	1
1	3600-7200	62-267: Ian Cowie Way@65.6-264: Leakes Rd@17.3	267	264	0	0	0	0	0											LOS_A		0.00	0.00	0			LOS_A	
1	3600-7200	62-267: Ian Cowie Way@65.6-434: Leakes Rd@22.8	267	434	5	5	0	0	0	0.08	0.08				0.00	0.00				LOS_A	1	0.00	0.00	0			LOS_A	
1	3600-7200	62-538: Leakes Rd@89.6-264: Leakes Rd@17.3	538	264	179	144	0	3	0	0.12	0.13		0.07		0.00	0.00		0.00		LOS_A	1	0.00	0.00	32	0.05	0.00	LOS_A	1
1	3600-7200	62-538: Leakes Rd@89.6-268: Ian Cowie Way@17.3	538	268	3	3	0	0	0	0.03	0.03				0.00	0.00				LOS_A	1	0.00	0.00	0			LOS_A	
1	3600-7200	62-864: Leakes Rd@39.3-268: Ian Cowie Way@17.3	864	268	1	1	0	0	0	3.05	3.05				0.00	0.00				LOS_A	1	0.00	0.00	0			LOS_A	
1	3600-7200	62-864: Leakes Rd@39.3-434: Leakes Rd@22.8	864	434	247	199	0	8	8	0.24	0.25		0.27	0.00	0.00	0.00		0.00	0.00	LOS_A	1	0.00	0.00	32	0.22	0.00	LOS_A	1
1	3600-7200	62			435	352	0	11	8	0.19	0.20		0.21	0.00	0.00	0.00		0.00	0.00	LOS_A	1	0.00	0.00	64	0.13	0.00	LOS_A	1
1	3600-7200	63-374: Westcott Pde@100.7-263: Leakes Rd@9.1	374	263	30	30	0	0	0	0.03	0.03				0.00	0.00				LOS_A	1	0.00	0.00	0			LOS_A	
1	3600-7200	63-374: Westcott Pde@100.7-372: Leakes Rd@14.9	374	372	0	0	0	0	0											LOS_A		0.00	0.00	0			LOS_A	
1	3600-7200	63-542: Leakes Rd@34.5-372: Leakes Rd@14.9	542	372	153	118	0	3	0	0.03	0.03		0.03		0.00	0.00		0.00		LOS_A	1	0.00	0.00	32	0.02	0.00	LOS_A	1
1	3600-7200	63-542: Leakes Rd@34.5-375: Westcott Pde@26.6	542	375	26	26	0	0	0	0.08	0.08				0.00	0.00				LOS_A	1	0.00	0.00	0			LOS_A	
1	3600-7200	63-543: Leakes Rd@6.7-263: Leakes Rd@9.1	543	263	218	170	0	8	8	0.10	0.10		0.31	0.00	0.00	0.00		0.00	0.00	LOS_A	1	0.00	0.00	32	0.10	0.00	LOS_A	1
1	3600-7200	63-543: Leakes Rd@6.7-375: Westcott Pde@26.6	543	375	0	0	0	0	0											LOS_A		0.00	0.00	0			LOS_A	
1	3600-7200	63			427	344	0	11	8	0.07	0.07		0.23	0.00	0.00	0.00		0.00	0.00	LOS_A	1	0.00	0.00	64	0.06	0.00	LOS_A	1
1	3600-7200	66-622: Neales Rd W@46.2-34: Neales Rd W@22.7	622	34	66	66	0	0	0	1.11	1.11				0.00	0.00				LOS_A	1	0.00	0.00	0			LOS_A	
1	3600-7200	66-622: Neales Rd W@46.2-232: Hopkins Rd@9.0	622	232	261	237	2	11	9	0.74	0.59	2.22	2.19	2.09	0.00	0.00	0.00	0.00	0.00	LOS_A	1	0.00	0.00	2	2.13	0.00	LOS_A	1
1	3600-7200	66-622: Neales Rd W@46.2-910: Melton Hwy@30.7	622	910	8	8	0	0	0	0.53	0.53				0.00	0.00				LOS_A	1	0.00	0.00	0			LOS_A	
1	3600-7200	66-897: Hopkins Rd@13.5-35: Neales Rd W@48.6	897	35	246	230	0	13	1	1.47	1.26		2.26	1.92	0.11	0.00		0.00	0.00	LOS_A	1	0.00	0.00	2	19.89	13.43	LOS_C	3
1	3600-7200	66-897: Hopkins Rd@13.5-910: Melton Hwy@30.7	897	910	380	354	0	10	3	1.44	0.81		0.28	0.18	0.14	0.08		0.00	0.00	LOS_A	1	0.00	0.00	13	19.95	1.93	LOS_C	3
1	3600-7200	66-908: Melton Hwy@56.5-34: Neales Rd W@22.7	908	34	4	4	0	0	0	3.37	3.37				0.00	0.00				LOS_A	1	0.00	0.00	0			LOS_A	
1	3600-7200	66-908: Melton Hwy@56.5-35: Neales Rd W@48.6	908	35	5	5	0	0	0	2.26	2.26				0.00	0.00				LOS_A	1	0.00	0.00	0			LOS_A	
1	3600-7200	66-908: Melton Hwy@56.5-232: Hopkins Rd@9.0	908	232	268	236	1	9	8	0.76	0.63	0.02	0.33	0.44	0.00	0.00	0.00	0.00	0.00	LOS_A	1	0.00	0.00	14	3.35	0.00	LOS_A	1
1	3600-7200	66-2206: Neales Rd W@67.0-35: Neales Rd W@48.6	2206	35	14	13	0	1	0	0.98	0.98		1.10		0.00	0.00		0.00		LOS_A	1	0.00	0.00	0			LOS_A	
1	3600-7200	66-2206: Neales Rd W@67.0-232: Hopkins Rd@9.0	2206	232	51	49	0	0	2	3.26	3.16			5.65	0.00	0.00			0.00	LOS_A	1	0.00	0.00	0			LOS_A	
1	3600-7200	66-2206: Neales Rd W@67.0-910: Melton Hwy@30.7	2206	910	11	11	0	0	0	0.92	0.92				0.00	0.00				LOS_A	1	0.00	0.00	0			LOS_A	
1	3600-7200	66-271701@14.9-34: Neales Rd W@22.7	271701	34	308	287	1	14	6	2.77	2.49	1.82	2.28	17.51	1.21	1.04	0.00	0.00	12.73	LOS_A	1	0.00	0.00	0			LOS_A	
1	3600-7200	66			1622	1500	4	58	29	1.51	1.24	1.57	1.59	4.87	0.28	0.22	0.00	0.00	2.63	LOS_A	1	0.00	0.00	31	11.30	1.67	LOS_B	2
1	3600-7200	67-230: Hopkins Rd@80.5-37@39.6	230	37	165	143	1	11	10	0.44	0.45	0.25	0.37	0.37	0.00	0.00	0.00	0.00	0.00	LOS_A	1	0.00	0.00	0			LOS_A	
1	3600-7200	67-230: Hopkins Rd@80.5-426: Hopkins Rd@27.0	230	426	414	379	2	9	9	1.90	1.38	0.56	1.75	2.39	0.01	0.00	0.00	0.00	0.00	LOS_A	1	0.00	0.00	15	14.82	0.14	LOS_B	2
1	3600-7200	67-427: Hopkins Rd@65.2-231: Hopkins Rd@8.0	427	231	817	760	1	34	9	0.51	0.45	0.51	1.43	1.15	0.00	0.00	0.00	0.00	0.00	LOS_A	1	0.00	0.00	13	1.24	0.00	LOS_A	1
1	3600-7200	67-946@14.4-231: Hopkins Rd@8.0	946	231	118	112	0	3	1	0.31	0.30		0.43	0.61	0.01	0.01		0.00	0.00	LOS_A	1	0.00	0.00	2	0.29	0.00	LOS_A	1
1	3600-7200	67-946@14.4-426: Hopkins Rd@27.0	946	426	99	86	0	9	4	0.33	0.33		0.25	0.48	0.00	0.00		0.00	0.00	LOS_A	1	0.00	0.00	0			LOS_A	
1	3600-7200	67			1613	1480	4	66	33	0.84	0.67	0.47	1.09	1.15	0.00	0.00	0.00	0.00	0.00	LOS_A	1	0.00	0.00	30	7.97	0.07	LOS_A	1
1	3600-7200	68-252: Hopkins Rd@35.3-55: Hopkins Rd@43.4	252	55	558	522	0	19	11	0.76	0.79		0.55	0.26	0.00	0.00		0.00	0.00	LOS_A	1	0.00	0.00	6	0.02	0.00	LOS_A	1
1	3600-7200	68-252: Hopkins Rd@35.3-66: Meskos Rd@23.0	252	66	75	61	1	6	0	4.56	4.30	5.25	5.04		0.05	0.07	0.00	0.00		LOS_A	1	0.00	0.00	7	6.32	0.00	LOS_A	1
1	3600-7200	68-252: Hopkins Rd@35.3-82: Sheahan Rd@25.9	252	82	32	23	0	5	4	4.23	3.97		4.92	4.87	0.00	0.00		0.00	0.00	LOS_A	1	0.00	0.00	0			LOS_A	
1	3600-7200	68-2153: Sheahan Rd@17.6-12: Hopkins Rd@3.8	2153	12	51	47	0	1	3	5.56	5.39		6.84	7.75	0.00	0.00		0.00	0.00	LOS_A	1	0.00	0.00	0			LOS_A	
1	3600-7200	68-2153: Sheahan Rd@17.6-55: Hopkins Rd@43.4	2153	55	40	36	0	1	3	3.29	3.15		5.30	4.23	0.00	0.00		0.00	0.00	LOS_A	1	0.00	0.00	0			LOS_A	
1	3600-7200	68-2153: Sheahan Rd@17.6-66: Meskos Rd@23.0	2153	66	3	3	0	0	0	2.70	2.70				0.00	0.00				LOS_A	1	0.08	34.84	0			LOS_A	
1	3600-7200	68-2157: Hopkins Rd@4.7-12: Hopkins Rd@3.8	2157	12	568	491	2	41	28	0.56	0.55	0.77	0.56	0.66	0.00	0.00	0.00	0.00	0.00	LOS_A	1	0.00	0.00	6	0.35	0.00	LOS_A	1
1	3600-7200	68-2157: Hopkins Rd@4.7-66: Meskos Rd@23.0	2157	66	12	10	0	1	1	3.02	2.47		5.48	6.07	0.00	0.00		0.00	0.00	LOS_A	1	0.00	0.00	0			LOS_A	
1	3600-7200	68-2157: Hopkins Rd@4.7-82: Sheahan Rd@25.9	2157	82	5	5	0	0	0	4.25	4.25				0.00	0.00				LOS_A	1	0.00	0.00	0			LOS_A	
1	3600-7200	68-2195: Meskos Rd@18.4-12: Hopkins Rd@3.8	2195	12	85	72	0	2	4	1.22	0.71		3.08	3.28	0.00	0.00		0.00	0.00	LOS_A	1	0.00	0.00	7	4.79	0.00	LOS_A	1
1	3600-7200	68-2195: Meskos Rd@18.4-55: Hopkins Rd@43.4	2195	55	32	32	0	0	0	2.42	2.42				0.00	0.00				LOS_A	1	0.00	0.00	0			LOS_A	
1	3600-7200	68-2195: Meskos Rd@18.4-82: Sheahan Rd@25.9	2195	82	1	1	0	0	0	0.00	0.00				0.00	0.00				LOS_A	1	0.00	0.00	0			LOS_A	
1	3600-7200	68			1462	1303	3	76	54	1.29	1.22	2.27	1.47	1.77	0.00	0.00	0.00	0.00	0.00	LOS_A	1	0.01	34.84	26	3.08	0.00	LOS_A	1
1	3600-7200	69-290: Caroline Springs Blvd@7.8-60: Caroline Springs Blvd@15.2	290	60	0	0	0	0	0											LOS_A		0.00	0.00	0			LOS_A	
1	3600-7200	69-290: Caroline Springs Blvd@7.8-291: Caroline Springs Blvd@13.3	290	291	718	647	0	35	19	0.39	0.35		0.39	0.27	0.00	0.00		0.00	0.00	LOS_A	1	0.00	0.00	17	1.85	0.00	LOS_A	1
1	3600-7200	69-290: Caroline Springs Blvd@7.8-293: Chisholm Dr@13.5	290	293	62	55	0	5	2	0.53	0.51		0.43	1.31	0.00	0.00		0.00	0.00	LOS_A	1	0.00	0.00	0			LOS_A	
1	3600-7200	69-290: Caroline Springs Blvd@7.8-431: Springlake Ave@15.6	290	431	36	34	0	2	0	1.81	1.72		3.36		0.00	0.00		0.00		LOS_A	1	0.00	0.00	0			LOS_A	
1	3600-7200	69-292: Caroline Springs Blvd@170.8-60: Caroline Springs Blvd@15.2	292	60	425	362	0	28	18	2.63	1.94		1.16	7.02	1.34	1.30		0.00	5.61	LOS_A	1	0.00	0.00	17	15.11	0.00	LOS_C	3
1	3600-7200	69-292: Caroline Springs Blvd@170.8-291: Caroline Springs Blvd@13.3	292	291	0	0	0	0	0											LOS_A		0.00	0.00	0			LOS_A	
1	3600-7200	69-292: Caroline Springs Blvd@170.8-293: Chisholm Dr@13.5	292	293	7	7	0	0	0	0.74	0.74				0.00	0.00				LOS_A	1	0.00	0.00	0			LOS_A	
1	3600-7200	69-292: Caroline Springs Blvd@170.8-431: Springlake Ave@15.6	292	431	19	19	0	0	0	0.63	0.63				0.00	0.00				LOS_A	1	0.00	0.00	0			LOS_A	
1	3600-7200	69-294: Chisholm Dr@69.6-60: Caroline Springs Blvd@15.2	294	60	14	13	0	1	0	0.12	0.12		0.13		0.00	0.00		0.00		LOS_A	1	0.00	0.00	0			LOS_A	
1	3600-7200	69-294: Chisholm Dr@69.6-291: Caroline Springs Blvd@13.3	294	291	0	0	0	0	0											LOS_A		0.00	0.00	0			LOS_A	
1	3600-7200	69-294: Chisholm Dr@69.6-293: Chisholm Dr@13.5	294	293	0	0	0	0	0											LOS_A		0.00	0.00	0			LOS_A	
1	3600-7200	69-294: Chisholm Dr@69.6-431: Springlake Ave@15.6	294	431	0	0	0	0	0											LOS_A		0.00	0.00	0			LOS_A	
1	3600-7200	69-430: Springlake Ave@96.9-60: Caroline Springs Blvd@15.2	430	60	21	18	0	3	0	0.39	0.42		0.27		0.00	0.00		0.00		LOS_A	1	0.00	0.00	0			LOS_A	
1	3600-7200	69-430: Springlake Ave@96.9-291: Caroline Springs Blvd@13.3	430	291	20	20	0	0	0	0.23	0.23				0.00	0.00				LOS_A	1	0.00	0.00	0			LOS_A	
1	3600-7200	69-430: Springlake Ave@96.9-293: Chisholm Dr@13.5	430	293	0	0	0	0	0											LOS_A		0.00	0.00	0			LOS_A	
1	3600-7200	69-430: Springlake Ave@96.9-431: Springlake Ave@15.6	430	431	0	0	0	0	0											LOS_A		0.00	0.00	0			LOS_A	
1	3600-7200	69			1322	1175	0	74	39	1.16	0.89		0.76	3.44	0.43	0.40		0.00	2.59	LOS_A	1	0.00	0.00	34	8.48	0.00	LOS_A	1
1	3600-7200	70-352: Eucumbene Dr@292.9-111: Christies Rd@15.7	352	111	6	6	0	0	0	0.12	0.12				0.00	0.00				LOS_A	1	0.00	0.00	0			LOS_A	
1	3600-7200	70-647: Christies Rd@8.4-111: Christies Rd@15.7	647	111	492	398	1	47	29	1.20	1.23	0.53	1.29	0.79	0.00	0.00	0.00	0.00	0.00	LOS_A	1	0.00	0.00	17	0.98	0.00	LOS_A	1
1	3600-7200	70-647: Christies Rd@8.4-353: Eucumbene Dr@18.0	647	353	2	2	0	0	0	1.54	1.54				0.00	0.00				LOS_A	1	0.00	0.00	0			LOS_A	
1	3600-7200	70-647: Christies Rd@8.4-1920@12.9	647	1920	0	0	0	0	0											LOS_A		0.00	0.00	0			LOS_A	
1	3600-7200	70-891: Christies Rd@8.7-287: Christies Rd@20.9	891	287	452	390	0	30	15	3.69	3.80		3.94	2.44	0.01	0.01		0.00	0.00	LOS_A	1	0.00	0.00	17	1.78	0.00	LOS_A	1
1	3600-7200	70-891: Christies Rd@8.7-353: Eucumbene Dr@18.0	891	353	62	60	0	2	0	8.78	8.80		8.42		0.00	0.00		0.00		LOS_A	1	0.00	0.00	0			LOS_A	
1	3600-7200	70-891: Christies Rd@8.7-1920@12.9	891	1920	0	0	0	0	0											LOS_A		0.00	0.00	0			LOS_A	
1	3600-7200	70-1919@25.6-287: Christies Rd@20.9	1919	287	0	0	0	0	0											LOS_A		0.00	0.00	0			LOS_A	
1	3600-7200	70			1014	856	1	79	44	2.76	2.92	0.53	2.48	1.35	0.00	0.00	0.00	0.00	0.00	LOS_A	1	0.00	0.00	34	1.38	0.00	LOS_A	1
1	3600-7200	71-111: Christies Rd@84.9-129@9.8	111	129	354	314	1	26	13	0.09	0.08	0.43	0.11	0.12	0.00	0.00	0.00	0.00	0.00	LOS_A	1	0.00	0.00	0			LOS_A	
1	3600-7200	71-111: Christies Rd@84.9-282: Christies Rd@12.4	111	282	144	90	0	21	16	0.15	0.10		0.22	0.26	0.00	0.00		0.00	0.00	LOS_A	1	0.00	0.00	17	0.20	0.00	LOS_A	1
1	3600-7200	71-274: Christies Rd@5.8-112: Christies Rd@6.8	274	112	514	450	0	32	15	7.91	8.33		6.92	3.22	0.04	0.05		0.00	0.00	LOS_A	1	0.53	98.69	17	2.97	0.00	LOS_A	1
1	3600-7200	71-274: Christies Rd@5.8-129@9.8	274	129	238	153	4	54	27	5.23	4.97	5.94	5.66	5.75	0.00	0.00	0.00	0.00	0.00	LOS_A	1	0.18	31.31	0			LOS_A	
1	3600-7200	71			1250	1007	5	133	71	4.29	4.51	4.83	4.02	2.95	0.02	0.02	0.00	0.00	0.00	LOS_A	1	0.24	98.69	34	1.59	0.00	LOS_A	1
1	3600-7200	72-279: Christies Rd@96.9-280: Christies Rd@44.5	279	280	0	0	0	0	0											LOS_A		0.00	0.00	0			LOS_A	
1	3600-7200	72-279: Christies Rd@96.9-394: Christies Rd@15.7	279	394	85	34	0	20	14	5.78	6.49		4.81	5.95	1.08	1.54		0.66	0.59	LOS_A	1	0.00	0.00	17	5.37	1.05	LOS_A	1
1	3600-7200	72-279: Christies Rd@96.9-626: Palm Springs Rd@75.1	279	626	59	56	0	1	2	26.51	26.73		23.30	21.69	7.98	8.34		2.44	0.80	LOS_D	4	0.00	0.00	0			LOS_A	
1	3600-7200	72-393: Christies Rd@348.6-280: Christies Rd@44.5	393	280	183	75	2	64	25	34.97	36.32	27.78	40.45	27.66	3.27	3.95	0.96	3.67	1.27	LOS_D	4	1.34	65.34	17	19.98	1.98	LOS_C	3
1	3600-7200	72-393: Christies Rd@348.6-394: Christies Rd@15.7	393	394	0	0	0	0	0											LOS_A		1.34	65.34	0			LOS_A	
1	3600-7200	72-393: Christies Rd@348.6-626: Palm Springs Rd@75.1	393	626	1	1	0	0	0	32.72	32.72				4.70	4.70				LOS_D	4	1.34	65.34	0			LOS_A	
1	3600-7200	72-625: Palm Springs Rd@88.9-280: Christies Rd@44.5	625	280	287	266	2	8	11	28.67	28.34	38.80	30.60	33.50	3.10	3.23	0.87	1.36	1.45	LOS_D	4	5.93	75.14	0			LOS_A	
1	3600-7200	72-625: Palm Springs Rd@88.9-394: Christies Rd@15.7	625	394	29	28	0	1	0	31.65	29.99		78.07		4.37	4.36		4.65		LOS_D	4	5.93	75.14	0			LOS_A	
1	3600-7200	72-625: Palm Springs Rd@88.9-626: Palm Springs Rd@75.1	625	626	0	0	0	0	0											LOS_A		5.93	75.14	0			LOS_A	
1	3600-7200	72-1914@136.2-280: Christies Rd@44.5	1914	280	282	262	0	14	6	57.21	57.97		39.45	65.78	9.20	9.36		4.40	13.12	LOS_F	6	34.36	368.26	0			LOS_A	
1	3600-7200	72-1914@136.2-394: Christies Rd@15.7	1914	394	46	22	0	24	0	34.76	31.98		37.32		4.60	4.90		4.33		LOS_D	4	34.36	368.26	0			LOS_A	
1	3600-7200	72-1914@136.2-626: Palm Springs Rd@75.1	1914	626	48	45	0	2	1	43.17	45.70		6.81	1.90	9.10	9.71		0.00	0.00	LOS_E	5	34.36	368.26	0			LOS_A	
1	3600-7200	72			1020	789	4	134	59	36.70	39.03	33.29	33.53	26.83	5.32	6.08	0.92	3.22	2.31	LOS_E	5	10.41	368.26	34	12.67	1.51	LOS_B	2
1	3600-7200	73-350: Delma Rd@97.2-464: Ballarat Rd  Western Hwy@8.8	350	464	28	28	0	0	0	0.06	0.06				0.00	0.00				LOS_A	1	0.00	0.00	0			LOS_A	
1	3600-7200	73-663: Ballarat Rd  Western Hwy@46.8-351: Delma Rd@11.2	663	351	0	0	0	0	0											LOS_A		0.00	0.00	0			LOS_A	
1	3600-7200	73-663: Ballarat Rd  Western Hwy@46.8-464: Ballarat Rd  Western Hwy@8.8	663	464	1035	968	2	40	25	0.35	0.32	1.73	0.71	0.77	0.00	0.00	0.00	0.00	0.00	LOS_A	1	0.00	0.00	0			LOS_A	
1	3600-7200	73			1063	996	2	40	25	0.34	0.32	1.73	0.71	0.77	0.00	0.00	0.00	0.00	0.00	LOS_A	1	0.00	0.00	0			LOS_A	
1	3600-7200	76-911@130.2-404: Hopkins Rd@29.7	911	404	48	48	0	0	0	0.41	0.41				0.00	0.00				LOS_A	1	0.00	0.00	0			LOS_A	
1	3600-7200	76-911@130.2-408: Hopkins Rd@16.0	911	408	71	71	0	0	0	0.46	0.46				0.00	0.00				LOS_A	1	0.00	0.00	0			LOS_A	
1	3600-7200	76-913: Hopkins Rd@4.0-408: Hopkins Rd@16.0	913	408	514	435	2	42	29	0.58	0.64	0.13	0.18	0.31	0.00	0.00	0.00	0.00	0.00	LOS_A	1	0.00	0.00	6	0.91	0.00	LOS_A	1
1	3600-7200	76-913: Hopkins Rd@4.0-912@27.4	913	912	27	22	0	3	2	5.55	5.25		6.64	7.23	0.00	0.00		0.00	0.00	LOS_A	1	0.00	0.00	0			LOS_A	
1	3600-7200	76-948: Hopkins Rd@33.1-404: Hopkins Rd@29.7	948	404	372	333	0	19	14	0.46	0.47		0.25	0.46	0.00	0.00		0.00	0.00	LOS_A	1	0.00	0.00	6	1.04	0.00	LOS_A	1
1	3600-7200	76-948: Hopkins Rd@33.1-912@27.4	948	912	258	257	0	1	0	1.74	1.73		2.33		0.00	0.00		0.00		LOS_A	1	0.00	0.00	0			LOS_A	
1	3600-7200	76			1290	1166	2	65	45	0.87	0.90	0.13	0.53	0.67	0.00	0.00	0.00	0.00	0.00	LOS_A	1	0.00	0.00	12	0.97	0.00	LOS_A	1
1	3600-7200	77-208: Western Fwy@25.5-84: Western Fwy@15.9	208	84	1244	1088	28	82	46	0.80	0.84	0.39	0.66	0.34	0.00	0.00	0.00	0.00	0.00	LOS_A	1	0.06	43.55	0			LOS_A	
1	3600-7200	77-208: Western Fwy@25.5-180@16.3	208	180	174	165	2	3	4	3.30	3.08	11.83	5.77	6.33	0.01	0.00	0.76	0.00	0.00	LOS_A	1	0.06	43.55	0			LOS_A	
1	3600-7200	77			1418	1253	30	85	50	1.11	1.14	1.15	0.84	0.82	0.00	0.00	0.05	0.00	0.00	LOS_A	1	0.06	43.55	0			LOS_A	
1	3600-7200	78-84: Western Fwy@896.6-203: Western Fwy@19.3	84	203	1244	1088	28	82	46	0.13	0.14	0.13	0.10	0.07	0.00	0.00	0.00	0.00	0.00	LOS_A	1	0.00	0.00	0			LOS_A	
1	3600-7200	78-529@72.8-203: Western Fwy@19.3	529	203	490	422	3	39	24	3.56	3.44	3.73	4.23	4.67	0.11	0.09	0.00	0.16	0.26	LOS_A	1	0.00	0.00	2	2.05	0.00	LOS_A	1
1	3600-7200	78			1734	1510	31	121	70	1.10	1.06	0.48	1.43	1.65	0.03	0.03	0.00	0.05	0.09	LOS_A	1	0.00	0.00	2	2.05	0.00	LOS_A	1
1	3600-7200	79-184: Western Fwy@928.7-205: Western Fwy@68.7	184	205	1494	1407	5	55	27	0.41	0.39	0.80	0.53	0.95	0.00	0.00	0.00	0.00	0.00	LOS_A	1	0.00	0.00	0			LOS_A	
1	3600-7200	79-333@86.1-205: Western Fwy@68.7	333	205	268	260	0	5	3	0.70	0.69		1.02	1.22	0.00	0.00		0.00	0.00	LOS_A	1	0.00	0.00	0			LOS_A	
1	3600-7200	79			1762	1667	5	60	30	0.45	0.44	0.80	0.57	0.98	0.00	0.00	0.00	0.00	0.00	LOS_A	1	0.00	0.00	0			LOS_A	
1	3600-7200	80-424: Western Fwy@14.2-184: Western Fwy@85.3	424	184	1494	1407	5	55	27	0.74	0.70	1.78	0.92	2.44	0.03	0.01	0.00	0.00	0.96	LOS_A	1	0.00	0.00	0			LOS_A	
1	3600-7200	80-424: Western Fwy@14.2-337@9.9	424	337	731	663	4	47	15	1.19	1.16	3.59	1.28	1.02	0.11	0.13	0.00	0.00	0.00	LOS_A	1	0.00	0.00	2	5.70	0.00	LOS_A	1
1	3600-7200	80			2225	2070	9	102	42	0.89	0.85	2.59	1.09	1.93	0.06	0.05	0.00	0.00	0.62	LOS_A	1	0.00	0.00	2	5.70	0.00	LOS_A	1
1	3600-7200	81-532: Western Hwy@54.1-334: Western Hwy@32.3	532	334	1711	1487	31	121	70	0.08	0.08	0.04	0.06	0.03	0.00	0.00	0.00	0.00	0.00	LOS_A	1	0.00	0.00	2	0.00	0.00	LOS_A	1
1	3600-7200	81-532: Western Hwy@54.1-481@40.2	532	481	23	23	0	0	0	4.56	4.56				0.00	0.00				LOS_A	1	0.00	0.00	0			LOS_A	
1	3600-7200	81			1734	1510	31	121	70	0.14	0.15	0.04	0.06	0.03	0.00	0.00	0.00	0.00	0.00	LOS_A	1	0.00	0.00	2	0.00	0.00	LOS_A	1
1	3600-7200	82-334: Western Hwy@655.0-72: Western Hwy@13.2	334	72	1711	1487	31	121	70	0.09	0.10	0.02	0.05	0.06	0.00	0.00	0.00	0.00	0.00	LOS_A	1	0.00	0.00	2	0.00	0.00	LOS_A	1
1	3600-7200	82-482@267.1-72: Western Hwy@13.2	482	72	10	10	0	0	0	0.04	0.04				0.00	0.00				LOS_A	1	0.00	0.00	0			LOS_A	
1	3600-7200	82			1721	1497	31	121	70	0.09	0.10	0.02	0.05	0.06	0.00	0.00	0.00	0.00	0.00	LOS_A	1	0.00	0.00	2	0.00	0.00	LOS_A	1
1	3600-7200	83-313: Western Hwy@40.0-103: Western Hwy@23.6	313	103	1249	1053	30	105	59	0.59	0.59	0.25	0.63	0.75	0.01	0.01	0.00	0.00	0.00	LOS_A	1	1.23	101.85	2	0.25	0.00	LOS_A	1
1	3600-7200	83-313: Western Hwy@40.0-174@14.4	313	174	472	444	1	16	11	4.67	4.32	98.01	7.08	6.82	0.17	0.00	81.12	0.00	0.00	LOS_A	1	1.23	101.85	0			LOS_A	
1	3600-7200	83			1721	1497	31	121	70	1.71	1.70	3.41	1.48	1.70	0.05	0.00	2.62	0.00	0.00	LOS_A	1	1.23	101.85	2	0.25	0.00	LOS_A	1
1	3600-7200	84-161@132.7-99: Western Hwy@9.8	161	99	449	416	0	19	14	0.14	0.14		0.12	0.04	0.00	0.00		0.00	0.00	LOS_A	1	0.00	0.00	0			LOS_A	
1	3600-7200	84-187: Western Hwy@837.8-99: Western Hwy@9.8	187	99	1781	1659	9	83	28	0.04	0.04	0.11	0.03	0.07	0.00	0.00	0.00	0.00	0.00	LOS_A	1	0.00	0.00	2	0.00	0.00	LOS_A	1
1	3600-7200	84			2230	2075	9	102	42	0.06	0.06	0.11	0.05	0.06	0.00	0.00	0.00	0.00	0.00	LOS_A	1	0.00	0.00	2	0.00	0.00	LOS_A	1
1	3600-7200	85-103: Western Hwy@963.6-90: Western Hwy@22.8	103	90	1249	1053	30	105	59	0.40	0.39	0.75	0.37	0.45	0.00	0.00	0.00	0.00	0.00	LOS_A	1	0.00	0.00	2	0.00	0.00	LOS_A	1
1	3600-7200	85-2380@33.8-90: Western Hwy@22.8	2380	90	487	459	0	16	12	0.67	0.66		0.55	1.24	0.00	0.00		0.00	0.00	LOS_A	1	0.00	0.00	0			LOS_A	
1	3600-7200	85			1736	1512	30	121	71	0.47	0.47	0.75	0.39	0.58	0.00	0.00	0.00	0.00	0.00	LOS_A	1	0.00	0.00	2	0.00	0.00	LOS_A	1
1	3600-7200	86-323: Western Hwy@19.6-159@11.7	323	159	976	944	2	23	7	0.73	0.73	0.47	0.78	0.30	0.00	0.00	0.00	0.00	0.00	LOS_A	1	0.00	0.00	0			LOS_A	
1	3600-7200	86-323: Western Hwy@19.6-187: Western Hwy@33.1	323	187	1783	1661	9	83	28	0.22	0.21	0.15	0.21	0.47	0.00	0.00	0.00	0.00	0.00	LOS_A	1	0.00	0.00	2	0.51	0.00	LOS_A	1
1	3600-7200	86			2759	2605	11	106	35	0.40	0.40	0.20	0.33	0.44	0.00	0.00	0.00	0.00	0.00	LOS_A	1	0.00	0.00	2	0.51	0.00	LOS_A	1
1	3600-7200	87-343: Western Hwy@756.7-154: Western Hwy@6.0	343	154	2648	2494	11	106	35	0.11	0.11	0.13	0.14	0.05	0.00	0.00	0.00	0.00	0.00	LOS_A	1	0.00	0.00	2	0.15	0.00	LOS_A	1
1	3600-7200	87-480@343.6-154: Western Hwy@6.0	480	154	113	113	0	0	0	0.01	0.01				0.00	0.00				LOS_A	1	0.00	0.00	0			LOS_A	
1	3600-7200	87			2761	2607	11	106	35	0.11	0.10	0.13	0.14	0.05	0.00	0.00	0.00	0.00	0.00	LOS_A	1	0.00	0.00	2	0.15	0.00	LOS_A	1
1	3600-7200	88-955: Western Fwy@13.7-343: Western Hwy@21.1	955	343	2648	2494	11	106	35	0.22	0.21	0.70	0.31	0.42	0.00	0.00	0.00	0.00	0.00	LOS_A	1	0.00	0.00	2	0.05	0.00	LOS_A	1
1	3600-7200	88-955: Western Fwy@13.7-479@7.3	955	479	0	0	0	0	0											LOS_A		0.00	0.00	0			LOS_A	
1	3600-7200	88			2648	2494	11	106	35	0.22	0.21	0.70	0.31	0.42	0.00	0.00	0.00	0.00	0.00	LOS_A	1	0.00	0.00	2	0.05	0.00	LOS_A	1
1	3600-7200	89-228: Western Fwy@25.7-108@38.1	228	108	217	198	0	12	5	3.92	3.65		6.66	6.77	0.01	0.02		0.00	0.00	LOS_A	1	0.00	4.91	2	6.55	0.00	LOS_A	1
1	3600-7200	89-228: Western Fwy@25.7-194: Western Fwy@23.1	228	194	1518	1313	30	109	66	0.26	0.26	0.20	0.33	0.18	0.00	0.00	0.00	0.00	0.00	LOS_A	1	0.00	4.91	0			LOS_A	
1	3600-7200	89			1735	1511	30	121	71	0.72	0.70	0.20	0.95	0.65	0.00	0.00	0.00	0.00	0.00	LOS_A	1	0.00	4.91	2	6.55	0.00	LOS_A	1
1	3600-7200	90-104@749.4-417: Western Fwy@10.9	104	417	300	280	3	9	6	0.13	0.13	0.02	0.02	0.05	0.00	0.00	0.00	0.00	0.00	LOS_A	1	0.00	0.00	2	0.03	0.00	LOS_A	1
1	3600-7200	90-196: Western Fwy@1280.5-417: Western Fwy@10.9	196	417	2348	2214	8	97	29	0.09	0.09	0.00	0.08	0.07	0.00	0.00	0.00	0.00	0.00	LOS_A	1	0.00	0.00	0			LOS_A	
1	3600-7200	90			2648	2494	11	106	35	0.09	0.09	0.01	0.07	0.07	0.00	0.00	0.00	0.00	0.00	LOS_A	1	0.00	0.00	2	0.03	0.00	LOS_A	1
1	3600-7200	91-260: Hopkins Rd@76.3-419@20.9	260	419	276	217	1	30	28	1.83	1.50	3.18	3.14	2.89	0.00	0.00	0.00	0.00	0.00	LOS_A	1	0.00	0.00	0			LOS_A	
1	3600-7200	91-260: Hopkins Rd@76.3-427: Hopkins Rd@13.9	260	427	817	760	1	34	9	0.24	0.23	0.03	0.41	0.47	0.00	0.00	0.00	0.00	0.00	LOS_A	1	0.00	0.00	13	0.06	0.00	LOS_A	1
1	3600-7200	91-426: Hopkins Rd@79.1-43: Hopkins Rd@14.4	426	43	513	465	2	18	13	0.45	0.46	0.13	0.30	0.38	0.00	0.00	0.00	0.00	0.00	LOS_A	1	0.00	0.00	15	0.55	0.00	LOS_A	1
1	3600-7200	91			1606	1442	4	82	50	0.58	0.50	0.87	1.39	1.80	0.00	0.00	0.00	0.00	0.00	LOS_A	1	0.00	0.00	28	0.33	0.00	LOS_A	1
1	3600-7200	92-43: Hopkins Rd@153.1-43: Hopkins Rd@182.8	43	43	513	465	2	18	13	0.27	0.27	0.10	0.21	0.26	0.00	0.00	0.00	0.00	0.00	LOS_A	1	0.00	0.00	15	0.25	0.00	LOS_A	1
1	3600-7200	92-194: Western Fwy@606.2-1907: Western Fwy@12.3	194	1907	1518	1313	30	109	66	0.30	0.29	0.49	0.32	0.40	0.00	0.00	0.00	0.00	0.00	LOS_A	1	0.00	0.00	0			LOS_A	
1	3600-7200	92-414: Hopkins Rd@174.6-414: Hopkins Rd@204.8	414	414	1093	977	2	64	37	0.33	0.34	0.22	0.38	0.23	0.00	0.00	0.00	0.00	0.00	LOS_A	1	0.00	0.00	13	0.13	0.00	LOS_A	1
1	3600-7200	92-1906@89.9-1907: Western Fwy@12.3	1906	1907	437	356	2	41	38	4.94	4.90	6.94	4.47	5.73	0.05	0.05	0.08	0.03	0.00	LOS_A	1	0.08	37.00	0			LOS_A	
1	3600-7200	92			3561	3111	36	232	154	0.88	0.83	0.81	1.06	1.66	0.01	0.01	0.00	0.01	0.00	LOS_A	1	0.02	37.00	28	0.19	0.00	LOS_A	1
1	3600-7200	93-224: Western Fwy@24.6-149@43.1	224	149	787	734	2	41	10	0.47	0.48	1.21	0.26	0.35	0.20	0.22	0.00	0.00	0.00	LOS_A	1	0.00	0.00	0			LOS_A	
1	3600-7200	93-224: Western Fwy@24.6-196: Western Fwy@41.3	224	196	2348	2214	8	97	29	0.74	0.75	0.69	0.52	1.28	0.02	0.02	0.00	0.00	0.00	LOS_A	1	0.00	0.00	0			LOS_A	
1	3600-7200	93			3135	2948	10	138	39	0.68	0.68	0.80	0.44	1.04	0.07	0.07	0.00	0.00	0.00	LOS_A	1	0.00	0.00	0			LOS_A	
1	3600-7200	94-949: Western Fwy@23.0-136@6.0	949	136	508	454	0	33	21	0.08	0.07		0.09	0.21	0.00	0.00		0.00	0.00	LOS_A	1	0.00	0.00	0			LOS_A	
1	3600-7200	94-949: Western Fwy@23.0-389: Western Fwy  Deer Park Byp@4.2	949	389	1447	1215	32	117	83	0.11	0.10	0.25	0.16	0.18	0.00	0.00	0.00	0.00	0.00	LOS_A	1	0.00	0.00	0			LOS_A	
1	3600-7200	94			1955	1669	32	150	104	0.11	0.09	0.25	0.14	0.19	0.00	0.00	0.00	0.00	0.00	LOS_A	1	0.00	0.00	0			LOS_A	
1	3600-7200	95-952: Western Hwy@59.0-1039: Western Fwy@18.1	952	1039	796	755	1	27	13	4.42	4.39	17.08	4.51	5.33	0.01	0.01	1.29	0.00	0.17	LOS_A	1	0.00	0.00	0			LOS_A	
1	3600-7200	95-1038: Western Fwy  Deer Park Byp@184.1-1039: Western Fwy@18.1	1038	1039	2339	2193	9	111	26	11.97	11.92	11.43	12.73	12.61	0.03	0.03	0.00	0.00	0.21	LOS_B	2	5.50	342.07	0			LOS_A	
1	3600-7200	95			3135	2948	10	138	39	10.05	9.99	11.99	11.12	10.18	0.03	0.02	0.13	0.00	0.20	LOS_B	2	2.75	342.07	0			LOS_A	
1	3600-7200	96-1904@24.9-147: Western Fwy  Deer Park Byp@16.1	1904	147	592	467	5	80	40	5.05	5.13	8.72	4.25	5.30	0.13	0.11	0.00	0.22	0.22	LOS_A	1	0.00	0.00	0			LOS_A	
1	3600-7200	96-24821: Western Fwy  Deer Park Byp@1488.1-147: Western Fwy  Deer Park Byp@16.1	24821	147	1447	1215	32	117	83	0.06	0.06	0.05	0.07	0.05	0.00	0.00	0.00	0.00	0.00	LOS_A	1	0.00	0.00	0			LOS_A	
1	3600-7200	96			2039	1682	37	197	123	1.51	1.47	1.22	1.77	1.75	0.04	0.03	0.00	0.09	0.07	LOS_A	1	0.00	0.00	0			LOS_A	
1	3600-7200	97-240: Western Fwy  Deer Park Byp@38.0-126@16.7	240	126	376	329	0	40	7	5.17	5.06		5.98	5.64	0.26	0.29		0.04	0.00	LOS_A	1	0.09	22.09	0			LOS_A	
1	3600-7200	97-240: Western Fwy  Deer Park Byp@38.0-189: Western Fwy  Deer Park Byp@8.6	240	189	2339	2193	9	111	26	0.90	0.91	0.72	0.81	0.71	0.00	0.00	0.00	0.00	0.00	LOS_A	1	0.09	22.09	0			LOS_A	
1	3600-7200	97			2715	2522	9	151	33	1.49	1.45	0.72	2.18	1.76	0.04	0.04	0.00	0.01	0.00	LOS_A	1	0.09	22.09	0			LOS_A	
1	3600-7200	98-91: Ballarat Rd  Western Hwy@67.3-362: Ballarat Rd  Western Hwy@13.4	91	362	372	337	0	19	16	0.06	0.06		0.05	0.08	0.00	0.00		0.00	0.00	LOS_A	1	0.00	0.00	0			LOS_A	
1	3600-7200	98-92: Ballarat Rd  Western Hwy@8.7-362: Ballarat Rd  Western Hwy@13.4	92	362	0	0	0	0	0											LOS_A		0.00	0.00	0			LOS_A	
1	3600-7200	98			372	337	0	19	16	0.06	0.06		0.05	0.08	0.00	0.00		0.00	0.00	LOS_A	1	0.00	0.00	0			LOS_A	
1	3600-7200	99-209: Ballarat Rd  Western Hwy@46.4-1: Ballarat Rd  Western Hwy@6.6	209	1	372	337	0	19	16	0.04	0.04		0.03	0.05	0.00	0.00		0.00	0.00	LOS_A	1	0.00	0.00	0			LOS_A	
1	3600-7200	99-209: Ballarat Rd  Western Hwy@46.4-2: Ballarat Rd  Western Hwy@6.5	209	2	0	0	0	0	0											LOS_A		0.00	0.00	0			LOS_A	
1	3600-7200	99			372	337	0	19	16	0.04	0.04		0.03	0.05	0.00	0.00		0.00	0.00	LOS_A	1	0.00	0.00	0			LOS_A	
1	3600-7200	100-1141@18.3-1143@28.5	1141	1143	0	0	0	0	0											LOS_A		0.00	0.00	0			LOS_A	
1	3600-7200	100-1141@18.3-1147@16.5	1141	1147	158	155	0	1	2	1.06	1.07		0.26	0.29	0.02	0.02		0.00	0.00	LOS_A	1	0.00	0.00	0			LOS_A	
1	3600-7200	100-1141@18.3-1152@26.0	1141	1152	144	140	0	2	2	0.74	0.76		0.28	0.27	0.00	0.00		0.00	0.00	LOS_A	1	0.00	0.00	0			LOS_A	
1	3600-7200	100-1141@18.3-1158@25.0	1141	1158	278	276	0	1	1	0.73	0.74		0.08	0.30	0.00	0.00		0.00	0.00	LOS_A	1	0.00	0.00	0			LOS_A	
1	3600-7200	100-1146@382.0-1143@28.5	1146	1143	77	76	0	1	0	2.71	2.73		0.79		0.00	0.00		0.00		LOS_A	1	0.00	0.00	0			LOS_A	
1	3600-7200	100-1146@382.0-1147@16.5	1146	1147	0	0	0	0	0											LOS_A		0.00	0.00	0			LOS_A	
1	3600-7200	100-1146@382.0-1152@26.0	1146	1152	158	154	0	2	2	0.83	0.85		0.08	0.18	0.00	0.00		0.00	0.00	LOS_A	1	0.00	0.00	0			LOS_A	
1	3600-7200	100-1146@382.0-1158@25.0	1146	1158	52	50	0	0	2	0.96	0.95			1.22	0.00	0.00			0.00	LOS_A	1	0.00	0.00	0			LOS_A	
1	3600-7200	100-1159@120.5-1143@28.5	1159	1143	205	202	0	2	1	1.13	1.14		0.99	0.29	0.00	0.00		0.00	0.00	LOS_A	1	0.00	0.00	0			LOS_A	
1	3600-7200	100-1159@120.5-1147@16.5	1159	1147	5	0	0	3	2	1.54			1.85	1.08	0.00			0.00	0.00	LOS_A	1	0.00	0.00	0			LOS_A	
1	3600-7200	100-1159@120.5-1152@26.0	1159	1152	93	92	0	1	0	1.66	1.65		2.80		0.01	0.01		0.00		LOS_A	1	0.00	0.00	0			LOS_A	
1	3600-7200	100-1159@120.5-1158@25.0	1159	1158	0	0	0	0	0											LOS_A		0.00	0.00	0			LOS_A	
1	3600-7200	100-1234@184.1-1143@28.5	1234	1143	188	182	0	4	2	2.91	2.96		1.81	1.23	0.02	0.02		0.00	0.00	LOS_A	1	0.13	30.25	0			LOS_A	
1	3600-7200	100-1234@184.1-1147@16.5	1234	1147	120	115	0	3	2	1.35	1.35		1.72	0.72	0.02	0.02		0.00	0.00	LOS_A	1	0.13	30.25	0			LOS_A	
1	3600-7200	100-1234@184.1-1152@26.0	1234	1152	0	0	0	0	0											LOS_A		0.13	30.25	0			LOS_A	
1	3600-7200	100-1234@184.1-1158@25.0	1234	1158	78	78	0	0	0	0.92	0.92				0.00	0.00				LOS_A	1	0.13	30.25	0			LOS_A	
1	3600-7200	100			1556	1520	0	20	16	1.31	1.32		1.23	0.66	0.01	0.01		0.00	0.00	LOS_A	1	0.03	30.25	0			LOS_A	
1	3600-7200	101-1144@12.5-1140@37.3	1144	1140	0	0	0	0	0											LOS_A		0.00	0.00	0			LOS_A	
1	3600-7200	101-1144@12.5-1168@28.2	1144	1168	10	9	0	1	0	0.70	0.69		0.83		0.00	0.00		0.00		LOS_A	1	0.00	0.00	0			LOS_A	
1	3600-7200	101-1144@12.5-1170@29.6	1144	1170	216	216	0	0	0	0.45	0.45				0.00	0.00				LOS_A	1	0.00	0.00	0			LOS_A	
1	3600-7200	101-1144@12.5-1171@32.9	1144	1171	244	235	0	6	3	1.64	1.66		1.25	0.48	0.00	0.00		0.00	0.00	LOS_A	1	0.00	0.00	0			LOS_A	
1	3600-7200	101-1167@141.4-1140@37.3	1167	1140	29	28	0	0	1	1.15	1.18			0.38	0.00	0.00			0.00	LOS_A	1	0.00	0.00	0			LOS_A	
1	3600-7200	101-1167@141.4-1168@28.2	1167	1168	0	0	0	0	0											LOS_A		0.00	0.00	0			LOS_A	
1	3600-7200	101-1167@141.4-1170@29.6	1167	1170	17	17	0	0	0	0.40	0.40				0.00	0.00				LOS_A	1	0.00	0.00	0			LOS_A	
1	3600-7200	101-1167@141.4-1171@32.9	1167	1171	32	32	0	0	0	0.18	0.18				0.00	0.00				LOS_A	1	0.00	0.00	0			LOS_A	
1	3600-7200	101-1169@143.9-1140@37.3	1169	1140	127	125	0	1	1	2.20	2.12		2.70	11.08	0.07	0.07		0.00	0.44	LOS_A	1	0.00	0.00	0			LOS_A	
1	3600-7200	101-1169@143.9-1168@28.2	1169	1168	12	12	0	0	0	0.75	0.75				0.00	0.00				LOS_A	1	0.00	0.00	0			LOS_A	
1	3600-7200	101-1169@143.9-1170@29.6	1169	1170	0	0	0	0	0											LOS_A		0.00	0.00	0			LOS_A	
1	3600-7200	101-1169@143.9-1171@32.9	1169	1171	16	16	0	0	0	1.82	1.82				0.12	0.12				LOS_A	1	0.00	0.00	0			LOS_A	
1	3600-7200	101-1172@137.6-1140@37.3	1172	1140	424	418	0	3	3	3.29	3.30		0.57	4.39	0.04	0.04		0.00	0.00	LOS_A	1	0.29	46.30	0			LOS_A	
1	3600-7200	101-1172@137.6-1168@28.2	1172	1168	48	48	0	0	0	1.81	1.81				0.03	0.03				LOS_A	1	0.29	46.30	0			LOS_A	
1	3600-7200	101-1172@137.6-1170@29.6	1172	1170	42	42	0	0	0	4.12	4.12				0.00	0.00				LOS_A	1	0.29	46.30	0			LOS_A	
1	3600-7200	101-1172@137.6-1171@32.9	1172	1171	0	0	0	0	0											LOS_A		0.29	46.30	0			LOS_A	
1	3600-7200	101			1217	1198	0	11	8	2.07	2.07		1.15	3.26	0.02	0.02		0.00	0.06	LOS_A	1	0.07	46.30	0			LOS_A	
1	3600-7200	102-1150@427.0-1155@20.3	1150	1155	53	53	0	0	0	0.40	0.40				0.00	0.00				LOS_A	1	0.00	0.00	0			LOS_A	
1	3600-7200	102-1150@427.0-1156@9.2	1150	1156	189	186	0	2	1	0.47	0.47		0.24	0.43	0.00	0.00		0.00	0.00	LOS_A	1	0.00	0.00	0			LOS_A	
1	3600-7200	102-1154@88.9-1153@11.3	1154	1153	186	182	0	3	1	0.51	0.51		1.16	0.00	0.00	0.00		0.00	0.00	LOS_A	1	0.00	0.00	0			LOS_A	
1	3600-7200	102-1154@88.9-1155@20.3	1154	1155	127	122	0	2	3	1.38	1.33		2.84	2.69	0.00	0.00		0.00	0.00	LOS_A	1	0.00	0.00	0			LOS_A	
1	3600-7200	102-1157@97.7-1153@11.3	1157	1153	27	27	0	0	0	0.25	0.25				0.00	0.00				LOS_A	1	0.00	0.00	0			LOS_A	
1	3600-7200	102-1157@97.7-1156@9.2	1157	1156	111	104	0	4	3	0.25	0.25		0.42	0.06	0.00	0.00		0.00	0.00	LOS_A	1	0.00	0.00	0			LOS_A	
1	3600-7200	102			693	674	0	11	8	0.60	0.59		1.03	1.08	0.00	0.00		0.00	0.00	LOS_A	1	0.00	0.00	0			LOS_A	
1	3600-7200	103			0	0	0	0	0											LOS_A				0			LOS_A	
1	3600-7200	104			0	0	0	0	0											LOS_A				0			LOS_A	
1	3600-7200	105			0	0	0	0	0											LOS_A				0			LOS_A	
1	3600-7200	106			0	0	0	0	0											LOS_A				0			LOS_A	
1	3600-7200	107			0	0	0	0	0											LOS_A				0			LOS_A	
1	3600-7200	108			0	0	0	0	0											LOS_A				0			LOS_A	
1	3600-7200	109			0	0	0	0	0											LOS_A				0			LOS_A	
1	3600-7200	113			0	0	0	0	0											LOS_A				0			LOS_A	
1	3600-7200	114-1081@150.5-1125@21.0	1081	1125	362	312	3	10	6	3.12	1.94	1.64	1.17	1.37	0.01	0.01	0.00	0.00	0.00	LOS_A	1	0.00	0.00	31	16.08	0.00	LOS_C	3
1	3600-7200	114-1081@150.5-1128@12.2	1081	1128	144	129	0	9	6	3.40	3.31		4.74	3.31	0.16	0.17		0.00	0.00	LOS_A	1	0.00	0.00	0			LOS_A	
1	3600-7200	114-1129@3.3-1130@26.0	1129	1130	362	341	0	13	8	3.27	3.18		4.51	4.96	0.00	0.00		0.00	0.00	LOS_A	1	0.00	0.00	0			LOS_A	
1	3600-7200	114-1132@5.3-1125@21.0	1132	1125	271	262	0	8	1	0.29	0.29		0.26	0.25	0.00	0.00		0.00	0.00	LOS_A	1	0.00	0.00	0			LOS_A	
1	3600-7200	114-1240: Western Fwy@6.0-1128@12.2	1240	1128	133	129	0	2	2	0.54	0.54		0.63	0.61	0.00	0.00		0.00	0.00	LOS_A	1	0.00	0.00	0			LOS_A	
1	3600-7200	114-1240: Western Fwy@6.0-1130@26.0	1240	1130	218	180	0	5	2	0.41	0.36		0.56	0.51	0.00	0.00		0.00	0.00	LOS_A	1	0.00	0.00	31	0.67	0.00	LOS_A	1
1	3600-7200	114			1490	1353	3	47	25	2.04	1.72	1.64	2.53	2.81	0.02	0.02	0.00	0.00	0.00	LOS_A	1	0.00	0.00	62	8.38	0.00	LOS_A	1
1	3600-7200	115-1092: Western Fwy@41.4-1091@18.2	1092	1091	238	220	0	11	7	2.27	2.06		4.86	4.92	0.00	0.01		0.00	0.00	LOS_A	1	0.02	18.89	0			LOS_A	
1	3600-7200	115-1092: Western Fwy@41.4-1093: Western Fwy@20.0	1092	1093	796	664	24	67	41	0.42	0.43	0.24	0.48	0.31	0.00	0.00	0.00	0.00	0.00	LOS_A	1	0.02	18.89	0			LOS_A	
1	3600-7200	115			1034	884	24	78	48	0.85	0.83	0.24	1.10	0.98	0.00	0.00	0.00	0.00	0.00	LOS_A	1	0.02	18.89	0			LOS_A	
1	3600-7200	116-1134: Western Fwy@853.1-1137: Western Fwy@29.6	1134	1137	1124	1059	5	39	21	0.04	0.04	0.10	0.03	0.04	0.00	0.00	0.00	0.00	0.00	LOS_A	1	0.00	0.00	0			LOS_A	
1	3600-7200	116-1139@39.2-1137: Western Fwy@29.6	1139	1137	277	258	0	11	8	0.29	0.20		1.13	1.79	0.00	0.00		0.00	0.00	LOS_A	1	0.00	0.00	0			LOS_A	
1	3600-7200	116			1401	1317	5	50	29	0.09	0.07	0.10	0.27	0.53	0.00	0.00	0.00	0.00	0.00	LOS_A	1	0.00	0.00	0			LOS_A	
1	3600-7200	117-1093: Western Fwy@887.1-1118: Western Fwy@20.0	1093	1118	796	664	24	67	41	0.07	0.08	0.07	0.07	0.06	0.00	0.00	0.00	0.00	0.00	LOS_A	1	0.00	0.00	0			LOS_A	
1	3600-7200	117-1117@115.1-1118: Western Fwy@20.0	1117	1118	623	590	6	18	9	0.39	0.39	0.12	0.60	0.39	0.00	0.00	0.00	0.00	0.00	LOS_A	1	0.00	0.00	0			LOS_A	
1	3600-7200	117			1419	1254	30	85	50	0.21	0.22	0.08	0.18	0.12	0.00	0.00	0.00	0.00	0.00	LOS_A	1	0.00	0.00	0			LOS_A	
1	3600-7200	118-1135: Western Fwy@35.7-1134: Western Fwy@6.5	1135	1134	1124	1059	5	39	21	0.88	0.87	0.67	1.15	0.95	0.00	0.00	0.00	0.00	0.00	LOS_A	1	0.03	16.54	0			LOS_A	
1	3600-7200	118-1135: Western Fwy@35.7-1136: Western Fwy@4.3	1135	1136	633	603	0	21	9	3.51	3.42		5.37	5.44	0.00	0.00		0.00	0.00	LOS_A	1	0.03	16.54	0			LOS_A	
1	3600-7200	118			1757	1662	5	60	30	1.83	1.80	0.67	2.62	2.30	0.00	0.00	0.00	0.00	0.00	LOS_A	1	0.03	16.54	0			LOS_A	
1	3600-7200	119-1090@228.7-1098@20.0	1090	1098	83	78	0	3	2	0.43	0.38		1.27	1.04	0.00	0.00		0.00	0.00	LOS_A	1	0.00	0.00	0			LOS_A	
1	3600-7200	119-1090@228.7-1100@8.0	1090	1100	155	142	0	8	5	1.06	0.87		3.13	3.27	0.00	0.00		0.00	0.00	LOS_A	1	0.00	0.00	0			LOS_A	
1	3600-7200	119-1114@10.9-1098@20.0	1114	1098	268	231	0	4	2	0.47	0.52		0.42	0.37	0.00	0.00		0.00	0.00	LOS_A	1	0.00	0.00	31	0.15	0.00	LOS_A	1
1	3600-7200	119-1114@10.9-1116@15.9	1114	1116	358	342	3	10	3	0.90	0.89	1.83	1.10	1.28	0.00	0.00	0.00	0.00	0.00	LOS_A	1	0.10	38.50	0			LOS_A	
1	3600-7200	119-1237@6.9-1100@8.0	1237	1100	368	326	0	10	1	1.27	1.24		3.57	0.00	0.01	0.01		0.00	0.00	LOS_A	1	0.00	0.00	31	0.88	0.00	LOS_A	1
1	3600-7200	119-1237@6.9-1116@15.9	1237	1116	265	248	3	8	6	2.17	2.04	4.71	3.76	4.06	0.00	0.00	0.00	0.00	0.00	LOS_A	1	0.00	0.00	0			LOS_A	
1	3600-7200	119			1497	1367	6	43	19	1.13	1.09	3.27	2.49	2.49	0.00	0.00	0.00	0.00	0.00	LOS_A	1	0.02	38.50	62	0.51	0.00	LOS_A	1
1	3600-7200	120-1100@12.7-1099@27.3	1100	1099	370	325	0	9	5	0.62	0.33		0.26	0.16	0.00	0.00		0.00	0.00	LOS_A	1	0.00	0.00	31	3.86	0.00	LOS_A	1
1	3600-7200	120-1100@12.7-1103@19.5	1100	1103	96	94	0	2	0	0.48	0.47		1.01		0.12	0.12		0.00		LOS_A	1	0.08	17.46	0			LOS_A	
1	3600-7200	120-1100@12.7-1107@21.1	1100	1107	57	49	0	7	1	0.21	0.15		0.58	0.21	0.00	0.00		0.00	0.00	LOS_A	1	0.00	0.00	0			LOS_A	
1	3600-7200	120-1106@32.8-1099@27.3	1106	1099	0	0	0	0	0											LOS_A		0.00	0.00	0			LOS_A	
1	3600-7200	120-1106@32.8-1103@19.5	1106	1103	0	0	0	0	0											LOS_A		0.00	0.00	0			LOS_A	
1	3600-7200	120-1106@32.8-1112@5.6	1106	1112	366	350	2	10	4	0.56	0.56	0.68	0.79	0.50	0.00	0.00	0.00	0.00	0.00	LOS_A	1	0.00	0.00	0			LOS_A	
1	3600-7200	120-1184@12.8-1184@46.5	1184	1184	4	4	0	0	0	0.00	0.00				0.00	0.00				LOS_A	1	0.00	0.00	0			LOS_A	
1	3600-7200	120-1186@9.2-1186@61.3	1186	1186	4	0	0	0	0	0.00					0.00					LOS_A	1	0.09	14.83	0			LOS_A	
1	3600-7200	120-1189@5.6-1189@50.7	1189	1189	6	0	0	0	0	0.00					0.00					LOS_A	1	0.27	20.33	0			LOS_A	
1	3600-7200	120-1190@11.3-1190@56.8	1190	1190	5	0	0	0	0	0.00					0.00					LOS_A	1	0.12	15.46	0			LOS_A	
1	3600-7200	120-1191@12.4-1191@46.2	1191	1191	2	2	0	0	0	0.00	0.00				0.00	0.00				LOS_A	1	0.00	0.00	0			LOS_A	
1	3600-7200	120-1192@6.0-1192@58.2	1192	1192	0	0	0	0	0											LOS_A		0.00	0.00	0			LOS_A	
1	3600-7200	120-1193@13.6-1193@42.6	1193	1193	0	0	0	0	0											LOS_A		0.00	0.00	0			LOS_A	
1	3600-7200	120-1194@0.7-1194@34.7	1194	1194	1	0	0	0	0	0.00					0.00					LOS_A	1	0.02	13.36	0			LOS_A	
1	3600-7200	120-1236@14.1-1103@19.5	1236	1103	0	0	0	0	0											LOS_A		0.00	0.00	0			LOS_A	
1	3600-7200	120-1236@14.1-1107@21.1	1236	1107	0	0	0	0	0											LOS_A		0.00	0.00	0			LOS_A	
1	3600-7200	120-1236@14.1-1112@5.6	1236	1112	260	223	1	4	1	1.35	1.49	2.74	1.81	3.28	0.00	0.01	0.00	0.00	0.00	LOS_A	1	0.00	0.00	31	0.16	0.00	LOS_A	1
1	3600-7200	120-1239@4.2-1099@27.3	1239	1099	0	0	0	0	0											LOS_A		0.00	0.00	0			LOS_A	
1	3600-7200	120-1239@4.2-1107@21.1	1239	1107	0	0	0	0	0											LOS_A		0.00	0.00	0			LOS_A	
1	3600-7200	120-1239@4.2-11576@36.8	1239	11576	0	0	0	0	0											LOS_A		0.00	0.00	0			LOS_A	
1	3600-7200	120			1171	1047	3	32	11	0.72	0.65	1.37	0.74	0.57	0.01	0.01	0.00	0.00	0.00	LOS_A	1	0.04	20.33	62	2.01	0.00	LOS_A	1
1	3600-7200	121			0	0	0	0	0											LOS_A				0			LOS_A	
1	3600-7200	122			0	0	0	0	0											LOS_A				0			LOS_A	
1	3600-7200	123			0	0	0	0	0											LOS_A				0			LOS_A	
1	3600-7200	124-1123@88.6-1122@4.7	1123	1122	4	4	0	0	0	0.03	0.03				0.00	0.00				LOS_A	1	0.00	0.00	0			LOS_A	
1	3600-7200	124-1130@109.7-1122@4.7	1130	1122	563	504	0	18	10	1.39	0.64		0.22	0.36	0.00	0.00		0.00	0.00	LOS_A	1	4.94	40.32	31	14.52	0.00	LOS_B	2
1	3600-7200	124-1130@109.7-1180@8.5	1130	1180	17	17	0	0	0	1.53	1.53				0.00	0.00				LOS_A	1	4.94	40.32	0			LOS_A	
1	3600-7200	124			584	525	0	18	10	1.38	0.67		0.22	0.36	0.00	0.00		0.00	0.00	LOS_A	1	2.47	40.32	31	14.52	0.00	LOS_B	2
1	3600-7200	125			0	0	0	0	0											LOS_A				0			LOS_A	
1	3600-7200	244-1156@962.0-1223@12.7	1156	1223	0	0	0	0	0											LOS_A		0.00	0.00	0			LOS_A	
1	3600-7200	244-1156@962.0-1224@15.7	1156	1224	300	290	0	6	4	0.07	0.07		0.00	0.00	0.00	0.00		0.00	0.00	LOS_A	1	0.00	0.00	0			LOS_A	
1	3600-7200	244-1221@50.0-1224@15.7	1221	1224	0	0	0	0	0											LOS_A		0.00	0.00	0			LOS_A	
1	3600-7200	244-1221@50.0-1225@11.6	1221	1225	0	0	0	0	0											LOS_A		0.00	0.00	0			LOS_A	
1	3600-7200	244-1227@99.3-1223@12.7	1227	1223	0	0	0	0	0											LOS_A		0.00	0.00	0			LOS_A	
1	3600-7200	244-1227@99.3-1225@11.6	1227	1225	313	304	0	5	4	0.42	0.43		0.24	0.00	0.00	0.00		0.00	0.00	LOS_A	1	0.00	0.00	0			LOS_A	
1	3600-7200	244			613	594	0	11	8	0.25	0.25		0.11	0.00	0.00	0.00		0.00	0.00	LOS_A	1	0.00	0.00	0			LOS_A	
1	3600-7200	245			0	0	0	0	0											LOS_A				0			LOS_A	
1	3600-7200	246-1224@100.1-1229@17.2	1224	1229	29	29	0	0	0	0.10	0.10				0.00	0.00				LOS_A	1	0.00	0.00	0			LOS_A	
1	3600-7200	246-1224@100.1-1230@17.9	1224	1230	271	261	0	6	4	0.54	0.55		0.11	0.36	0.00	0.00		0.00	0.00	LOS_A	1	0.00	0.00	0			LOS_A	
1	3600-7200	246-1228@93.7-1227@14.9	1228	1227	20	20	0	0	0	0.20	0.20				0.00	0.00				LOS_A	1	0.00	0.00	0			LOS_A	
1	3600-7200	246-1228@93.7-1230@17.9	1228	1230	101	100	0	1	0	0.21	0.22		0.08		0.00	0.00		0.00		LOS_A	1	0.00	0.00	0			LOS_A	
1	3600-7200	246-1235@217.9-1227@14.9	1235	1227	293	284	0	5	4	0.56	0.57		0.35	0.01	0.00	0.00		0.00	0.00	LOS_A	1	0.00	0.00	0			LOS_A	
1	3600-7200	246-1235@217.9-1229@17.2	1235	1229	73	73	0	0	0	0.25	0.25				0.00	0.00				LOS_A	1	0.00	0.00	0			LOS_A	
1	3600-7200	246			787	767	0	12	8	0.45	0.46		0.20	0.19	0.00	0.00		0.00	0.00	LOS_A	1	0.00	0.00	0			LOS_A	
1	3600-7200	247			0	0	0	0	0											LOS_A				0			LOS_A	
1	3600-7200	248-1152@193.7-1233@16.5	1152	1233	29	29	0	0	0	0.13	0.13				0.00	0.00				LOS_A	1	0.00	0.00	0			LOS_A	
1	3600-7200	248-1152@193.7-1235@13.8	1152	1235	366	357	0	5	4	0.42	0.43		0.10	0.03	0.00	0.00		0.00	0.00	LOS_A	1	0.00	0.00	0			LOS_A	
1	3600-7200	248-1230@222.2-1233@16.5	1230	1233	6	6	0	0	0	0.32	0.32				0.00	0.00				LOS_A	1	0.00	0.00	0			LOS_A	
1	3600-7200	248-1230@222.2-1234@16.0	1230	1234	366	355	0	7	4	0.51	0.51		0.17	0.89	0.00	0.00		0.00	0.00	LOS_A	1	0.00	0.00	0			LOS_A	
1	3600-7200	248-1232@78.7-1234@16.0	1232	1234	20	20	0	0	0	0.12	0.12				0.00	0.00				LOS_A	1	0.00	0.00	0			LOS_A	
1	3600-7200	248-1232@78.7-1235@13.8	1232	1235	0	0	0	0	0											LOS_A		0.00	0.00	0			LOS_A	
1	3600-7200	248			787	767	0	12	8	0.44	0.45		0.14	0.46	0.00	0.00		0.00	0.00	LOS_A	1	0.00	0.00	0			LOS_A	
1	3600-7200	249			0	0	0	0	0											LOS_A				0			LOS_A	
1	3600-7200	301-2254@5.6-2212@13.2	2254	2212	6	0	0	4	2	0.22			0.00	0.65	0.00			0.00	0.00	LOS_A	1	0.00	0.00	0			LOS_A	
1	3600-7200	301-2254@5.6-2213: Zone connector@52.1	2254	2213	24	18	0	4	2	1.51	1.26		2.13	2.55	0.00	0.00		0.00	0.00	LOS_A	1	0.00	0.00	0			LOS_A	
1	3600-7200	301-2254@5.6-2214: Ferris Rd@54.4	2254	2214	4	0	0	4	0	2.56			2.56		0.00			0.00		LOS_A	1	0.00	0.00	0			LOS_A	
1	3600-7200	301-2256: Zone connector@12.4-2210@21.6	2256	2210	0	0	0	0	0											LOS_A		0.00	0.00	0			LOS_A	
1	3600-7200	301-2256: Zone connector@12.4-2212@13.2	2256	2212	0	0	0	0	0											LOS_A		0.00	0.00	0			LOS_A	
1	3600-7200	301-2256: Zone connector@12.4-2213: Zone connector@52.1	2256	2213	589	545	1	24	17	0.24	0.24	0.00	0.26	0.28	0.00	0.00	0.00	0.00	0.00	LOS_A	1	0.00	0.00	2	0.00	0.00	LOS_A	1
1	3600-7200	301-2257@8.4-2210@21.6	2257	2210	0	0	0	0	0											LOS_A		0.00	0.00	0			LOS_A	
1	3600-7200	301-2257@8.4-2213: Zone connector@52.1	2257	2213	178	168	2	8	0	0.32	0.33	0.17	0.19		0.00	0.00	0.00	0.00		LOS_A	1	0.00	0.00	0			LOS_A	
1	3600-7200	301-2257@8.4-2214: Ferris Rd@54.4	2257	2214	0	0	0	0	0											LOS_A		0.00	0.00	0			LOS_A	
1	3600-7200	301-2258: Ferris Rd@4.3-2210@21.6	2258	2210	30	25	0	4	1	2.43	2.09		4.25	3.62	0.00	0.00		0.00	0.00	LOS_A	1	0.00	0.00	0			LOS_A	
1	3600-7200	301-2258: Ferris Rd@4.3-2212@13.2	2258	2212	261	244	2	9	6	4.25	3.98	26.32	5.87	5.58	0.24	0.12	16.33	0.00	0.00	LOS_A	1	0.00	0.00	0			LOS_A	
1	3600-7200	301-2258: Ferris Rd@4.3-2214: Ferris Rd@54.4	2258	2214	462	428	3	20	9	1.24	1.21	0.00	2.05	1.98	0.01	0.01	0.00	0.00	0.00	LOS_A	1	0.00	0.00	2	0.03	0.00	LOS_A	1
1	3600-7200	301			1554	1428	8	77	37	1.29	1.22	6.62	1.78	1.78	0.04	0.03	4.08	0.00	0.00	LOS_A	1	0.00	0.00	4	0.02	0.00	LOS_A	1
1	3600-7200	311-435: Leakes Rd@40.0-2350@32.4	435	2350	457	446	1	8	2	0.29	0.29	0.43	0.41	0.41	0.00	0.00	0.00	0.00	0.00	LOS_A	1	0.00	0.00	0			LOS_A	
1	3600-7200	311-435: Leakes Rd@40.0-2353@40.0	435	2353	713	672	0	25	16	0.23	0.22		0.36	0.35	0.00	0.00		0.00	0.00	LOS_A	1	0.00	0.00	0			LOS_A	
1	3600-7200	311-435: Leakes Rd@40.0-2356@40.3	435	2356	137	117	0	3	0	0.12	0.12		0.12		0.00	0.00		0.00		LOS_A	1	0.02	24.59	17	0.10	0.00	LOS_A	1
1	3600-7200	311-2347@136.8-2344: Leakes Rd@21.5	2347	2344	337	331	2	4	0	2.07	2.07	3.65	1.10		0.00	0.00	0.00	0.00		LOS_A	1	0.02	13.80	0			LOS_A	
1	3600-7200	311-2347@136.8-2353@40.0	2347	2353	0	0	0	0	0											LOS_A		0.00	0.00	0			LOS_A	
1	3600-7200	311-2347@136.8-2356@40.3	2347	2356	37	22	0	0	0	0.33	0.31				0.00	0.00				LOS_A	1	0.00	0.00	15	0.35	0.00	LOS_A	1
1	3600-7200	311-2354@38.7-2344: Leakes Rd@21.5	2354	2344	206	173	0	8	8	1.01	1.03		1.54	0.70	0.01	0.01		0.00	0.00	LOS_A	1	0.00	0.00	17	0.63	0.00	LOS_A	1
1	3600-7200	311-2354@38.7-2350@32.4	2354	2350	33	18	0	0	0	0.35	0.22				0.00	0.00				LOS_A	1	0.00	0.00	15	0.50	0.00	LOS_A	1
1	3600-7200	311-2354@38.7-2353@40.0	2354	2353	13	13	0	0	0	0.63	0.63				0.00	0.00				LOS_A	1	0.00	0.00	0			LOS_A	
1	3600-7200	311-2360@81.7-2344: Leakes Rd@21.5	2360	2344	635	583	1	29	22	1.45	1.36	1.17	2.41	2.46	0.00	0.00	0.00	0.00	0.00	LOS_A	1	0.00	0.00	0			LOS_A	
1	3600-7200	311-2360@81.7-2350@32.4	2360	2350	12	12	0	0	0	0.19	0.19				0.00	0.00				LOS_A	1	0.00	0.00	0			LOS_A	
1	3600-7200	311-2360@81.7-2356@40.3	2360	2356	8	8	0	0	0	2.63	2.63				0.00	0.00				LOS_A	1	0.00	0.00	0			LOS_A	
1	3600-7200	311			2588	2395	4	77	48	0.85	0.83	2.23	1.29	1.38	0.00	0.00	0.00	0.00	0.00	LOS_A	1	0.00	24.59	64	0.39	0.00	LOS_A	1
1	3600-7200	312-2419@3.3-24810@22.1	2419	24810	454	407	3	37	7	0.56	0.56	0.43	0.55	0.37	0.00	0.00	0.00	0.00	0.00	LOS_A	1	0.00	0.00	0			LOS_A	
1	3600-7200	312-2420@4.1-2422@13.2	2420	2422	367	343	0	23	1	0.45	0.43		0.67	1.64	0.01	0.01		0.00	0.00	LOS_A	1	0.00	0.00	0			LOS_A	
1	3600-7200	312-2475@44.5-2391@3.4	2475	2391	327	237	12	51	27	0.49	0.46	1.06	0.37	0.71	0.00	0.00	0.00	0.00	0.00	LOS_A	1	0.00	0.00	0			LOS_A	
1	3600-7200	312-2475@44.5-2422@13.2	2475	2422	57	54	0	1	2	4.87	4.67		7.72	8.96	0.00	0.00		0.00	0.00	LOS_A	1	0.00	0.00	0			LOS_A	
1	3600-7200	312-2527@16.1-2391@3.4	2527	2391	345	313	2	27	3	1.21	1.12	3.43	2.06	1.53	0.00	0.00	0.00	0.00	0.00	LOS_A	1	0.00	0.00	0			LOS_A	
1	3600-7200	312-2527@16.1-24810@22.1	2527	24810	121	117	0	3	1	1.63	1.61		1.92	2.93	0.00	0.00		0.00	0.00	LOS_A	1	0.00	0.00	0			LOS_A	
1	3600-7200	312			1671	1471	17	142	41	0.88	0.87	1.23	0.87	1.19	0.00	0.00	0.00	0.00	0.00	LOS_A	1	0.00	0.00	0			LOS_A	
1	3600-7200	313-2394@59.8-2414@34.7	2394	2414	508	482	2	16	8	1.47	1.40	3.46	2.59	2.73	0.00	0.00	0.00	0.00	0.00	LOS_A	1	0.00	0.00	0			LOS_A	
1	3600-7200	313-2394@59.8-2418@36.3	2394	2418	109	105	0	3	1	0.74	0.76		0.30	0.72	0.00	0.00		0.00	0.00	LOS_A	1	0.00	0.00	0			LOS_A	
1	3600-7200	313-2401@29.1-2389@16.1	2401	2389	651	610	3	31	7	4.66	4.63	5.71	5.04	5.25	0.05	0.06	0.00	0.00	0.00	LOS_A	1	2.39	113.82	0			LOS_A	
1	3600-7200	313-2401@29.1-2418@36.3	2401	2418	712	645	3	57	7	0.69	0.71	0.04	0.58	0.17	0.00	0.00	0.00	0.00	0.00	LOS_A	1	0.00	0.00	0			LOS_A	
1	3600-7200	313-2416@14.9-2389@16.1	2416	2389	188	156	2	27	3	1.98	1.96	1.25	2.29	0.86	0.01	0.02	0.00	0.00	0.00	LOS_A	1	0.00	0.00	0			LOS_A	
1	3600-7200	313-2416@14.9-2414@34.7	2416	2414	484	394	12	51	27	1.04	1.16	0.16	0.62	0.53	0.00	0.00	0.00	0.00	0.00	LOS_A	1	0.00	0.00	0			LOS_A	
1	3600-7200	313			2652	2392	22	185	53	1.97	2.01	1.30	1.75	1.46	0.01	0.02	0.00	0.00	0.00	LOS_A	1	0.48	113.82	0			LOS_A	
1	3600-7200	314-2403@220.3-2402@17.0	2403	2402	61	59	0	0	2	2.19	2.21			1.55	0.00	0.00			0.00	LOS_A	1	0.00	0.00	0			LOS_A	
1	3600-7200	314-2403@220.3-2424@24.2	2403	2424	16	16	0	0	0	1.51	1.51				0.00	0.00				LOS_A	1	0.00	0.00	0			LOS_A	
1	3600-7200	314-2409@18.3-2410@13.9	2409	2410	80	80	0	0	0	0.40	0.40				0.00	0.00				LOS_A	1	0.00	0.00	0			LOS_A	
1	3600-7200	314-2409@18.3-2424@24.2	2409	2424	912	796	14	67	35	0.67	0.48	2.69	1.85	1.97	0.00	0.00	0.00	0.00	0.00	LOS_A	1	0.00	0.00	0			LOS_A	
1	3600-7200	314-2413@40.6-2402@17.0	2413	2402	1302	1196	6	88	12	3.90	4.04	2.35	2.27	2.33	0.01	0.01	0.00	0.00	0.00	LOS_A	1	0.30	54.60	0			LOS_A	
1	3600-7200	314-2413@40.6-2410@13.9	2413	2410	24	24	0	0	0	2.06	2.06				0.28	0.28				LOS_A	1	0.07	25.35	0			LOS_A	
1	3600-7200	314-2517@5.7-2517@54.4	2517	2517	0	0	0	0	0											LOS_A		0.00	0.00	0			LOS_A	
1	3600-7200	314			2395	2171	20	155	49	2.47	2.51	2.59	2.09	2.04	0.01	0.01	0.00	0.00	0.00	LOS_A	1	0.06	54.60	0			LOS_A	
1	3600-7200	315-2424@32.6-2426@30.8	2424	2426	852	772	6	49	25	0.09	0.08	0.08	0.13	0.14	0.00	0.00	0.00	0.00	0.00	LOS_A	1	0.00	0.00	0			LOS_A	
1	3600-7200	315-2424@32.6-2434@37.0	2424	2434	17	17	0	0	0	0.01	0.01				0.00	0.00				LOS_A	1	0.00	0.00	0			LOS_A	
1	3600-7200	315-2424@32.6-2439@33.6	2424	2439	59	23	8	18	10	0.60	0.25	1.56	0.49	0.81	0.00	0.00	0.00	0.00	0.00	LOS_A	1	0.00	0.00	0			LOS_A	
1	3600-7200	315-2430@18.6-2413@31.6	2430	2413	183	158	1	21	3	3.03	2.81	4.37	4.54	3.77	0.07	0.08	0.00	0.05	0.00	LOS_A	1	0.00	0.00	0			LOS_A	
1	3600-7200	315-2430@18.6-2426@30.8	2430	2426	33	32	0	1	0	0.24	0.24		0.29		0.00	0.00		0.00		LOS_A	1	0.00	0.00	0			LOS_A	
1	3600-7200	315-2430@18.6-2439@33.6	2430	2439	2	2	0	0	0	3.29	3.29				0.00	0.00				LOS_A	1	0.00	0.00	0			LOS_A	
1	3600-7200	315-2438@12.4-2413@31.6	2438	2413	111	66	2	39	4	0.53	0.63	0.52	0.41	0.22	0.00	0.00	0.00	0.00	0.00	LOS_A	1	0.00	0.00	0			LOS_A	
1	3600-7200	315-2438@12.4-2426@30.8	2438	2426	2	0	0	0	2	6.17				6.17	0.00				0.00	LOS_A	1	0.00	0.00	0			LOS_A	
1	3600-7200	315-2438@12.4-2434@37.0	2438	2434	29	28	0	1	0	5.14	5.07		7.08		0.00	0.00		0.00		LOS_A	1	0.00	0.00	0			LOS_A	
1	3600-7200	315-2442@2.5-2413@31.6	2442	2413	1032	996	3	28	5	1.35	1.35	2.86	1.33	1.12	0.01	0.01	0.00	0.00	0.00	LOS_A	1	0.03	13.43	0			LOS_A	
1	3600-7200	315-2442@2.5-2434@37.0	2442	2434	3	2	0	1	0	0.68	0.41		1.22		0.00	0.00		0.00		LOS_A	1	0.03	13.43	0			LOS_A	
1	3600-7200	315-2442@2.5-2439@33.6	2442	2439	4	4	0	0	0	0.18	0.18				0.00	0.00				LOS_A	1	0.03	13.43	0			LOS_A	
1	3600-7200	315			2327	2100	20	158	49	0.99	0.98	1.35	1.09	0.85	0.01	0.01	0.00	0.01	0.00	LOS_A	1	0.01	13.43	0			LOS_A	
1	3600-7200	316			0	0	0	0	0											LOS_A				0			LOS_A	
1	3600-7200	317			0	0	0	0	0											LOS_A				0			LOS_A	
1	3600-7200	318			0	0	0	0	0											LOS_A				0			LOS_A	
1	3600-7200	319			0	0	0	0	0											LOS_A				0			LOS_A	
1	3600-7200	320			0	0	0	0	0											LOS_A				0			LOS_A	
1	3600-7200	322-2388@49.7-2387: Western Fwy  Deer Park Byp@24.8	2388	2387	839	766	5	58	10	4.87	4.58	24.32	6.37	8.34	0.89	0.70	10.49	2.17	3.12	LOS_A	1	0.00	0.00	0			LOS_A	
1	3600-7200	322-2397: Western Fwy  Deer Park Byp@854.3-2387: Western Fwy  Deer Park Byp@24.8	2397	2387	1876	1756	4	93	23	0.08	0.08	0.64	0.05	0.14	0.00	0.00	0.00	0.00	0.00	LOS_A	1	0.00	0.00	0			LOS_A	
1	3600-7200	322			2715	2522	9	151	33	1.56	1.45	13.79	2.48	2.63	0.28	0.21	5.83	0.83	0.95	LOS_A	1	0.00	0.00	0			LOS_A	
1	3600-7200	323-2479: Western Fwy  Deer Park Byp@45.3-2477@22.4	2479	2477	384	291	12	52	29	2.91	2.30	5.92	4.35	5.15	0.02	0.00	0.10	0.00	0.14	LOS_A	1	0.00	0.00	0			LOS_A	
1	3600-7200	323-2479: Western Fwy  Deer Park Byp@45.3-2478: Western Fwy  Deer Park Byp@24.6	2479	2478	1655	1391	25	145	94	0.23	0.22	0.27	0.22	0.36	0.00	0.00	0.00	0.00	0.00	LOS_A	1	0.00	0.00	0			LOS_A	
1	3600-7200	323			2039	1682	37	197	123	0.73	0.58	2.10	1.31	1.49	0.00	0.00	0.03	0.00	0.03	LOS_A	1	0.00	0.00	0			LOS_A	
1	3600-7200	324-2478: Western Fwy  Deer Park Byp@817.5-2483: Western Fwy  Deer Park Byp@32.3	2478	2483	1654	1390	25	145	94	0.15	0.15	0.20	0.16	0.17	0.00	0.00	0.00	0.00	0.00	LOS_A	1	0.00	0.00	0			LOS_A	
1	3600-7200	324-2485@35.4-2483: Western Fwy  Deer Park Byp@32.3	2485	2483	575	524	3	40	8	3.50	3.55	0.26	3.30	2.26	0.06	0.06	0.00	0.07	0.14	LOS_A	1	0.00	0.00	0			LOS_A	
1	3600-7200	324			2229	1914	28	185	102	1.01	1.08	0.21	0.84	0.33	0.01	0.02	0.00	0.01	0.01	LOS_A	1	0.00	0.00	0			LOS_A	
1	3600-7200	325-2398: Western Fwy  Deer Park Byp@29.7-2385@22.8	2398	2385	617	587	2	19	9	3.50	3.37	6.62	5.73	6.55	0.00	0.00	0.00	0.00	0.00	LOS_A	1	0.00	0.00	0			LOS_A	
1	3600-7200	325-2398: Western Fwy  Deer Park Byp@29.7-2397: Western Fwy  Deer Park Byp@22.4	2398	2397	1876	1756	4	93	23	0.33	0.33	0.92	0.19	0.60	0.00	0.00	0.00	0.00	0.00	LOS_A	1	0.00	0.00	0			LOS_A	
1	3600-7200	325			2493	2343	6	112	32	1.11	1.09	2.82	1.13	2.28	0.00	0.00	0.00	0.00	0.00	LOS_A	1	0.00	0.00	0			LOS_A	
1	3600-7200	326-2502: Western Fwy  Deer Park Byp@2131.3-271708: Western Fwy  Deer Park Byp@8.4	2502	271708	1438	1340	4	72	22	38.73	38.69	27.06	39.80	39.71	0.96	0.99	0.05	0.54	0.86	LOS_E	5	379.75	1016.95	0			LOS_A	
1	3600-7200	326-2514: Western Fwy  Deer Park Byp@123.6-271708: Western Fwy  Deer Park Byp@8.4	2514	271708	1055	1003	2	40	10	24.03	23.90	19.88	25.55	31.96	0.40	0.37	1.22	0.79	1.43	LOS_C	3	0.18	50.28	0			LOS_A	
1	3600-7200	326			2493	2343	6	112	32	32.51	32.36	24.67	34.71	37.28	0.72	0.72	0.44	0.63	1.04	LOS_D	4	189.96	1016.95	0			LOS_A	
1	3600-7200	327-2505: Western Fwy  Deer Park Byp@34.2-2506: Western Fwy  Deer Park Byp@21.2	2505	2506	1305	1072	22	133	78	2.87	2.83	3.32	3.45	2.31	0.64	0.61	0.68	0.96	0.41	LOS_A	1	5.04	350.97	0			LOS_A	
1	3600-7200	327-2505: Western Fwy  Deer Park Byp@34.2-2508: Western Fwy  Deer Park Byp@13.2	2505	2508	924	842	6	52	24	2.37	2.34	1.49	1.80	4.76	0.44	0.41	0.00	0.10	2.09	LOS_A	1	5.04	350.97	0			LOS_A	
1	3600-7200	327			2229	1914	28	185	102	2.66	2.62	2.93	2.99	2.88	0.55	0.52	0.53	0.72	0.80	LOS_A	1	5.04	350.97	0			LOS_A	
1	7200-10800	44-15@10.7-243: Ferris Rd  Melton Hwy@24.7	15	243	423	386	0	26	9	0.54	0.57		0.29	0.14	0.11	0.12		0.00	0.00	LOS_A	1	0.00	0.00	2	0.10	0.00	LOS_A	1
1	7200-10800	44-421: Ferris Rd@65.5-20@13.7	421	20	203	197	0	1	5	1.57	1.51		4.05	3.38	0.00	0.00		0.00	0.00	LOS_A	1	0.00	0.00	0			LOS_A	
1	7200-10800	44-421: Ferris Rd@65.5-243: Ferris Rd  Melton Hwy@24.7	421	243	636	590	2	32	10	0.65	0.67	0.03	0.48	0.54	0.00	0.00	0.00	0.00	0.00	LOS_A	1	0.00	0.00	2	0.35	0.00	LOS_A	1
1	7200-10800	44-682@2.4-420: Ferris Rd@77.1	682	420	315	282	0	25	8	0.29	0.28		0.49	0.26	0.00	0.00		0.00	0.00	LOS_A	1	0.00	0.00	0			LOS_A	
1	7200-10800	44-10393@15.0-19@37.7	10393	19	94	93	0	0	1	0.30	0.29			1.06	0.00	0.00			0.00	LOS_A	1	0.00	0.00	0			LOS_A	
1	7200-10800	44-10393@15.0-420: Ferris Rd@77.1	10393	420	509	491	2	8	6	0.26	0.25	1.28	0.42	0.42	0.00	0.00	0.00	0.00	0.00	LOS_A	1	0.00	0.00	2	0.02	0.00	LOS_A	1
1	7200-10800	44			2180	2039	4	92	39	0.56	0.56	0.65	0.46	0.75	0.02	0.02	0.00	0.00	0.00	LOS_A	1	0.00	0.00	6	0.16	0.00	LOS_A	1
1	7200-10800	45-499: Zone connector@162.8-95: Melton Hwy@34.7	499	95	71	71	0	0	0	0.06	0.06				0.00	0.00				LOS_A	1	0.00	0.00	0			LOS_A	
1	7200-10800	45-499: Zone connector@162.8-307: Melton Hwy@21.7	499	307	103	96	0	5	2	0.15	0.13		0.16	1.11	0.00	0.00		0.00	0.00	LOS_A	1	0.00	0.00	0			LOS_A	
1	7200-10800	45-499: Zone connector@162.8-363: Gateway Dr@34.4	499	363	0	0	0	0	0											LOS_A		0.00	0.00	0			LOS_A	
1	7200-10800	45-677: Melton Hwy@21.1-307: Melton Hwy@21.7	677	307	379	343	0	18	18	0.21	0.21		0.19	0.22	0.00	0.00		0.00	0.00	LOS_A	1	0.00	0.00	0			LOS_A	
1	7200-10800	45-677: Melton Hwy@21.1-363: Gateway Dr@34.4	677	363	0	0	0	0	0											LOS_A		0.00	0.00	0			LOS_A	
1	7200-10800	45-677: Melton Hwy@21.1-500: Zone connector@16.0	677	500	64	64	0	0	0	4.03	4.03				0.00	0.00				LOS_A	1	0.01	12.05	0			LOS_A	
1	7200-10800	45-680: Melton Hwy@12.0-95: Melton Hwy@34.7	680	95	512	474	0	29	9	0.22	0.23		0.11	0.08	0.00	0.00		0.00	0.00	LOS_A	1	0.00	0.00	0			LOS_A	
1	7200-10800	45-680: Melton Hwy@12.0-363: Gateway Dr@34.4	680	363	21	21	0	0	0	3.19	3.19				0.00	0.00				LOS_A	1	0.00	0.00	0			LOS_A	
1	7200-10800	45-680: Melton Hwy@12.0-500: Zone connector@16.0	680	500	78	75	0	2	1	6.72	6.70		7.35	6.88	0.00	0.00		0.00	0.00	LOS_A	1	0.00	0.00	0			LOS_A	
1	7200-10800	45-27136: Gateway Dr@1.7-95: Melton Hwy@34.7	27136	95	0	0	0	0	0											LOS_A		0.00	0.00	0			LOS_A	
1	7200-10800	45-27136: Gateway Dr@1.7-307: Melton Hwy@21.7	27136	307	51	50	0	1	0	0.22	0.18		2.39		0.00	0.00		0.00		LOS_A	1	0.00	0.00	0			LOS_A	
1	7200-10800	45-27136: Gateway Dr@1.7-500: Zone connector@16.0	27136	500	0	0	0	0	0											LOS_A		0.00	0.00	0			LOS_A	
1	7200-10800	45			1279	1194	0	55	30	0.84	0.87		0.45	0.46	0.00	0.00		0.00	0.00	LOS_A	1	0.00	12.05	0			LOS_A	
1	7200-10800	46-12: Hopkins Rd@68.7-44: Hopkins Rd@23.1	12	44	557	471	2	39	32	1.07	1.02	3.30	1.97	0.73	0.00	0.00	0.00	0.00	0.00	LOS_A	1	0.01	8.55	13	0.42	0.00	LOS_A	1
1	7200-10800	46-12: Hopkins Rd@68.7-104@37.0	12	104	141	129	1	7	4	0.66	0.69	0.28	0.30	0.39	0.00	0.00	0.00	0.00	0.00	LOS_A	1	0.01	8.55	0			LOS_A	
1	7200-10800	46-12: Hopkins Rd@68.7-428@34.4	12	428	18	18	0	0	0	0.37	0.37				0.00	0.00				LOS_A	1	0.01	8.55	0			LOS_A	
1	7200-10800	46-12: Hopkins Rd@68.7-1243: Hopkins Rd@4.1	12	1243	0	0	0	0	0											LOS_A		0.01	8.55	0			LOS_A	
1	7200-10800	46-255: Hopkins Rd@16.9-44: Hopkins Rd@23.1	255	44	0	0	0	0	0											LOS_A		0.00	0.00	0			LOS_A	
1	7200-10800	46-255: Hopkins Rd@16.9-104@37.0	255	104	189	181	0	3	3	0.91	0.93		0.44	0.83	0.00	0.00		0.00	0.00	LOS_A	1	0.00	0.00	2	0.27	0.00	LOS_A	1
1	7200-10800	46-255: Hopkins Rd@16.9-428@34.4	255	428	21	21	0	0	0	0.20	0.20				0.00	0.00				LOS_A	1	0.00	0.00	0			LOS_A	
1	7200-10800	46-255: Hopkins Rd@16.9-1243: Hopkins Rd@4.1	255	1243	432	395	0	11	13	0.55	0.54		0.39	0.54	0.00	0.00		0.00	0.00	LOS_A	1	0.00	0.00	13	0.79	0.00	LOS_A	1
1	7200-10800	46-257@10.6-44: Hopkins Rd@23.1	257	44	495	473	0	15	7	1.11	1.13		0.87	0.58	0.00	0.00		0.00	0.00	LOS_A	1	0.00	0.00	0			LOS_A	
1	7200-10800	46-257@10.6-104@37.0	257	104	0	0	0	0	0											LOS_A		0.00	0.00	0			LOS_A	
1	7200-10800	46-257@10.6-428@34.4	257	428	0	0	0	0	0											LOS_A		0.00	0.00	0			LOS_A	
1	7200-10800	46-257@10.6-1243: Hopkins Rd@4.1	257	1243	357	332	0	17	8	0.35	0.36		0.34	0.23	0.00	0.00		0.00	0.00	LOS_A	1	0.00	0.00	0			LOS_A	
1	7200-10800	46-429@91.6-44: Hopkins Rd@23.1	429	44	48	48	0	0	0	1.16	1.16				0.00	0.00				LOS_A	1	0.00	0.00	0			LOS_A	
1	7200-10800	46-429@91.6-104@37.0	429	104	0	0	0	0	0											LOS_A		0.00	0.00	0			LOS_A	
1	7200-10800	46-429@91.6-428@34.4	429	428	0	0	0	0	0											LOS_A		0.00	0.00	0			LOS_A	
1	7200-10800	46-429@91.6-1243: Hopkins Rd@4.1	429	1243	28	28	0	0	0	0.23	0.23				0.00	0.00				LOS_A	1	0.00	0.00	0			LOS_A	
1	7200-10800	46			2286	2096	3	92	67	0.81	0.80	2.29	1.12	0.60	0.00	0.00	0.00	0.00	0.00	LOS_A	1	0.00	8.55	28	0.58	0.00	LOS_A	1
1	7200-10800	47-4: Caroline Springs Blvd@6.8-212: Caroline Springs Blvd@4.7	4	212	545	489	1	18	20	2.41	1.91	0.03	1.77	1.46	0.03	0.03	0.00	0.00	0.00	LOS_A	1	0.05	40.58	17	18.86	0.08	LOS_C	3
1	7200-10800	47-4: Caroline Springs Blvd@6.8-446@6.0	4	446	4	4	0	0	0	0.03	0.03				0.00	0.00				LOS_A	1	0.05	40.58	0			LOS_A	
1	7200-10800	47-447@32.5-212: Caroline Springs Blvd@4.7	447	212	2	2	0	0	0	0.87	0.87				0.00	0.00				LOS_A	1	0.00	0.00	0			LOS_A	
1	7200-10800	47-887: Caroline Springs Blvd@16.4-448@12.1	887	448	857	777	1	36	26	0.81	0.76	0.56	0.90	1.02	0.00	0.00	0.00	0.00	0.00	LOS_A	1	0.00	0.00	17	2.80	0.00	LOS_A	1
1	7200-10800	47			1408	1272	2	54	46	1.43	1.20	0.30	1.19	1.21	0.01	0.01	0.00	0.00	0.00	LOS_A	1	0.02	40.58	34	10.83	0.04	LOS_B	2
1	7200-10800	49-351: Delma Rd@85.2-352: Eucumbene Dr@37.8	351	352	0	0	0	0	0											LOS_A		0.00	0.00	0			LOS_A	
1	7200-10800	49-351: Delma Rd@85.2-506: Zone connector@80.7	351	506	4	4	0	0	0	0.14	0.14				0.00	0.00				LOS_A	1	0.00	0.00	0			LOS_A	
1	7200-10800	49-353: Eucumbene Dr@275.9-350: Delma Rd@23.2	353	350	0	0	0	0	0											LOS_A		0.00	0.00	0			LOS_A	
1	7200-10800	49-353: Eucumbene Dr@275.9-506: Zone connector@80.7	353	506	68	66	0	1	1	0.02	0.02		0.02	0.04	0.00	0.00		0.00	0.00	LOS_A	1	0.00	0.00	0			LOS_A	
1	7200-10800	49-505: Zone connector@77.8-350: Delma Rd@23.2	505	350	7	7	0	0	0	0.06	0.06				0.00	0.00				LOS_A	1	0.00	0.00	0			LOS_A	
1	7200-10800	49-505: Zone connector@77.8-352: Eucumbene Dr@37.8	505	352	0	0	0	0	0											LOS_A		0.00	0.00	0			LOS_A	
1	7200-10800	49			79	77	0	1	1	0.03	0.03		0.02	0.04	0.00	0.00		0.00	0.00	LOS_A	1	0.00	0.00	0			LOS_A	
1	7200-10800	50-115: Western Hwy@22.9-209: Ballarat Rd  Western Hwy@28.7	115	209	224	190	0	18	16	0.12	0.13		0.07	0.16	0.00	0.00		0.00	0.00	LOS_A	1	0.00	0.00	0			LOS_A	
1	7200-10800	50-115: Western Hwy@22.9-283: Christies Rd@7.9	115	283	49	35	0	7	7	3.90	3.21		5.73	5.51	0.00	0.00		0.00	0.00	LOS_A	1	0.00	0.00	0			LOS_A	
1	7200-10800	50-461: Ballarat Rd  Western Hwy@7.1-114: Western Hwy@17.3	461	114	660	638	1	14	7	1.23	1.23	1.92	1.22	0.83	0.18	0.18	0.00	0.00	0.00	LOS_A	1	0.00	0.00	0			LOS_A	
1	7200-10800	50-461: Ballarat Rd  Western Hwy@7.1-209: Ballarat Rd  Western Hwy@28.7	461	209	6	6	0	0	0	0.81	0.81				0.00	0.00				LOS_A	1	0.00	0.00	0			LOS_A	
1	7200-10800	50-461: Ballarat Rd  Western Hwy@7.1-215: Caroline Springs Blvd@5.8	461	215	303	291	0	7	5	0.62	0.60		0.91	1.28	0.00	0.00		0.00	0.00	LOS_A	1	0.00	0.00	0			LOS_A	
1	7200-10800	50-648: Christies Rd@27.9-114: Western Hwy@17.3	648	114	104	90	0	7	7	1.46	1.47		1.44	1.35	0.02	0.02		0.00	0.00	LOS_A	1	0.00	0.00	0			LOS_A	
1	7200-10800	50-648: Christies Rd@27.9-209: Ballarat Rd  Western Hwy@28.7	648	209	78	68	0	6	4	3.00	2.57		5.79	5.99	0.00	0.00		0.00	0.00	LOS_A	1	0.00	0.00	0			LOS_A	
1	7200-10800	50-648: Christies Rd@27.9-215: Caroline Springs Blvd@5.8	648	215	319	278	1	12	11	1.30	1.22	1.73	1.75	2.58	0.00	0.00	0.00	0.00	0.00	LOS_A	1	0.00	0.00	17	1.43	0.00	LOS_A	1
1	7200-10800	50-649@8.2-283: Christies Rd@7.9	649	283	169	147	1	14	7	0.86	0.76	2.26	1.46	1.63	0.00	0.00	0.00	0.00	0.00	LOS_A	1	0.00	0.00	0			LOS_A	
1	7200-10800	50-651@22.8-215: Caroline Springs Blvd@5.8	651	215	235	208	0	17	10	0.82	0.72		1.49	1.82	0.00	0.00		0.00	0.00	LOS_A	1	0.00	0.00	0			LOS_A	
1	7200-10800	50-652: Caroline Springs Blvd@21.4-114: Western Hwy@17.3	652	114	144	138	0	3	3	2.65	2.68		1.58	2.37	0.60	0.63		0.00	0.00	LOS_A	1	0.00	0.00	0			LOS_A	
1	7200-10800	50-652: Caroline Springs Blvd@21.4-209: Ballarat Rd  Western Hwy@28.7	652	209	134	128	0	2	4	4.76	4.70		5.66	6.04	0.00	0.00		0.00	0.00	LOS_A	1	0.00	0.00	0			LOS_A	
1	7200-10800	50-652: Caroline Springs Blvd@21.4-283: Christies Rd@7.9	652	283	269	225	1	13	13	1.13	0.96	0.08	1.06	0.73	0.00	0.00	0.00	0.00	0.00	LOS_A	1	0.00	0.00	17	3.85	0.00	LOS_A	1
1	7200-10800	50			2694	2442	4	120	94	1.37	1.31	1.50	1.72	1.97	0.08	0.08	0.00	0.00	0.00	LOS_A	1	0.00	0.00	34	2.64	0.00	LOS_A	1
1	7200-10800	51-7: Ballarat Rd  Western Hwy@16.6-10: Ballarat Rd  Western Hwy@18.5	7	10	25	19	0	3	3	0.15	0.18		0.11	0.07	0.00	0.00		0.00	0.00	LOS_A	1	0.00	0.00	0			LOS_A	
1	7200-10800	51-7: Ballarat Rd  Western Hwy@16.6-385: Chisholm Dr@11.7	7	385	11	11	0	0	0	1.12	1.12				0.00	0.00				LOS_A	1	0.00	0.00	0			LOS_A	
1	7200-10800	51-7: Ballarat Rd  Western Hwy@16.6-670: Ballarat Rd  Western Hwy@1.4	7	670	39	39	0	0	0	2.48	2.48				0.00	0.00				LOS_A	1	0.00	0.00	0			LOS_A	
1	7200-10800	51-7: Ballarat Rd  Western Hwy@16.6-671: Panamax Rd@7.5	7	671	0	0	0	0	0											LOS_A		0.00	0.00	0			LOS_A	
1	7200-10800	51-347: Panamax Rd@4.8-10: Ballarat Rd  Western Hwy@18.5	347	10	180	171	0	4	5	0.74	0.72		1.14	0.97	0.00	0.00		0.00	0.00	LOS_A	1	0.00	0.00	0			LOS_A	
1	7200-10800	51-347: Panamax Rd@4.8-385: Chisholm Dr@11.7	347	385	33	31	0	1	1	1.55	1.53		2.57	1.07	0.00	0.00		0.00	0.00	LOS_A	1	0.00	0.00	0			LOS_A	
1	7200-10800	51-347: Panamax Rd@4.8-670: Ballarat Rd  Western Hwy@1.4	347	670	222	208	0	9	5	4.29	4.16		6.19	6.11	0.10	0.11		0.00	0.00	LOS_A	1	0.13	19.24	0			LOS_A	
1	7200-10800	51-360: Ballarat Rd  Western Hwy@55.2-10: Ballarat Rd  Western Hwy@18.5	360	10	304	270	0	18	16	0.59	0.56		0.45	1.27	0.00	0.00		0.00	0.00	LOS_A	1	0.00	0.00	0			LOS_A	
1	7200-10800	51-360: Ballarat Rd  Western Hwy@55.2-385: Chisholm Dr@11.7	360	385	73	64	0	5	4	2.23	1.69		5.83	6.32	0.00	0.00		0.00	0.00	LOS_A	1	0.00	0.00	0			LOS_A	
1	7200-10800	51-360: Ballarat Rd  Western Hwy@55.2-671: Panamax Rd@7.5	360	671	65	58	0	3	4	2.04	1.99		2.35	2.46	0.00	0.00		0.00	0.00	LOS_A	1	0.00	0.00	0			LOS_A	
1	7200-10800	51-673: Chisholm Dr@12.9-10: Ballarat Rd  Western Hwy@18.5	673	10	38	36	0	1	1	0.34	0.32		1.44	0.20	0.00	0.00		0.00	0.00	LOS_A	1	0.00	0.00	0			LOS_A	
1	7200-10800	51-673: Chisholm Dr@12.9-670: Ballarat Rd  Western Hwy@1.4	673	670	46	44	0	1	1	2.16	2.15		2.66	2.44	0.00	0.00		0.00	0.00	LOS_A	1	0.00	0.00	0			LOS_A	
1	7200-10800	51-673: Chisholm Dr@12.9-671: Panamax Rd@7.5	673	671	13	13	0	0	0	8.76	8.76				0.00	0.00				LOS_A	1	0.00	0.00	0			LOS_A	
1	7200-10800	51-885: Ballarat Rd  Western Hwy@6.9-10: Ballarat Rd  Western Hwy@18.5	885	10	0	0	0	0	0											LOS_A		0.00	0.00	0			LOS_A	
1	7200-10800	51-885: Ballarat Rd  Western Hwy@6.9-385: Chisholm Dr@11.7	885	385	75	72	0	0	3	3.78	3.80			3.13	0.08	0.08			0.00	LOS_A	1	0.00	0.00	0			LOS_A	
1	7200-10800	51-885: Ballarat Rd  Western Hwy@6.9-670: Ballarat Rd  Western Hwy@1.4	885	670	828	788	2	25	13	1.75	1.74	13.07	1.66	0.99	0.00	0.00	0.00	0.00	0.00	LOS_A	1	0.00	0.00	0			LOS_A	
1	7200-10800	51-885: Ballarat Rd  Western Hwy@6.9-671: Panamax Rd@7.5	885	671	132	121	0	6	5	2.36	2.11		4.94	5.47	0.00	0.00		0.00	0.00	LOS_A	1	0.00	0.00	0			LOS_A	
1	7200-10800	51			2084	1945	2	76	61	1.92	1.87	13.07	2.40	2.37	0.01	0.01	0.00	0.00	0.00	LOS_A	1	0.02	19.24	0			LOS_A	
1	7200-10800	52-928: Melton Hwy@4.6-182@17.4	928	182	282	243	1	20	16	0.28	0.27	0.12	0.39	0.25	0.00	0.00	0.00	0.00	0.00	LOS_A	1	0.00	0.00	2	0.32	0.00	LOS_A	1
1	7200-10800	52-928: Melton Hwy@4.6-308: Ferris Rd  Melton Hwy@32.7	928	308	503	487	1	7	6	0.43	0.43	0.03	0.58	0.56	0.00	0.00	0.00	0.00	0.00	LOS_A	1	0.00	0.00	2	0.05	0.00	LOS_A	1
1	7200-10800	52-2259: Ferris Rd  Melton Hwy@16.4-182@17.4	2259	182	219	187	2	20	10	3.16	2.95	6.07	4.01	4.64	0.00	0.00	0.00	0.00	0.00	LOS_A	1	0.00	0.00	0			LOS_A	
1	7200-10800	52-2259: Ferris Rd  Melton Hwy@16.4-200: Melton Hwy@86.6	2259	200	840	789	0	38	9	0.46	0.46		0.61	0.11	0.00	0.00		0.00	0.00	LOS_A	1	0.00	0.00	4	0.15	0.00	LOS_A	1
1	7200-10800	52-2260@39.2-200: Melton Hwy@86.6	2260	200	127	113	0	7	7	10.63	10.42		12.64	12.01	0.00	0.00		0.00	0.00	LOS_B	2	0.00	0.00	0			LOS_A	
1	7200-10800	52-2260@39.2-308: Ferris Rd  Melton Hwy@32.7	2260	308	100	97	1	1	1	0.29	0.28	0.87	0.24	0.47	0.00	0.00	0.00	0.00	0.00	LOS_A	1	0.00	0.00	0			LOS_A	
1	7200-10800	52			2071	1916	5	93	49	1.33	1.25	2.63	2.19	2.84	0.00	0.00	0.00	0.00	0.00	LOS_A	1	0.00	0.00	8	0.17	0.00	LOS_A	1
1	7200-10800	53-899: Melton Hwy@13.5-199: Melton Hwy@15.4	899	199	0	0	0	0	0											LOS_A		0.00	0.00	0			LOS_A	
1	7200-10800	53-899: Melton Hwy@13.5-301: High St@21.5	899	301	39	38	0	1	0	0.60	0.61		0.30		0.00	0.00		0.00		LOS_A	1	0.00	0.00	0			LOS_A	
1	7200-10800	53-899: Melton Hwy@13.5-376: High St@3.8	899	376	423	400	0	13	6	0.21	0.21		0.18	0.06	0.00	0.00		0.00	0.00	LOS_A	1	0.00	0.00	4	0.05	0.00	LOS_A	1
1	7200-10800	53-899: Melton Hwy@13.5-271619: Melton Hwy@15.3	899	271619	505	464	0	31	10	0.36	0.36		0.31	0.28	0.00	0.00		0.00	0.00	LOS_A	1	0.00	0.00	0			LOS_A	
1	7200-10800	53-900: High St@7.7-199: Melton Hwy@15.4	900	199	274	263	2	3	2	1.64	1.61	3.20	2.38	0.76	0.00	0.00	0.00	0.00	0.00	LOS_A	1	0.00	0.00	4	2.80	0.00	LOS_A	1
1	7200-10800	53-900: High St@7.7-301: High St@21.5	900	301	35	35	0	0	0	0.24	0.24				0.00	0.00				LOS_A	1	0.00	0.00	0			LOS_A	
1	7200-10800	53-900: High St@7.7-376: High St@3.8	900	376	0	0	0	0	0											LOS_A		0.00	0.00	0			LOS_A	
1	7200-10800	53-900: High St@7.7-271619: Melton Hwy@15.3	900	271619	94	94	0	0	0	4.08	4.08				0.00	0.00				LOS_A	1	0.00	0.00	0			LOS_A	
1	7200-10800	53-901: Melton Hwy@54.1-199: Melton Hwy@15.4	901	199	467	423	0	24	20	0.74	0.72		0.87	0.89	0.00	0.00		0.00	0.00	LOS_A	1	0.00	0.00	0			LOS_A	
1	7200-10800	53-901: Melton Hwy@54.1-301: High St@21.5	901	301	6	6	0	0	0	0.92	0.92				0.00	0.00				LOS_A	1	0.00	0.00	0			LOS_A	
1	7200-10800	53-901: Melton Hwy@54.1-376: High St@3.8	901	376	60	60	0	0	0	0.60	0.60				0.00	0.00				LOS_A	1	0.00	0.00	0			LOS_A	
1	7200-10800	53-901: Melton Hwy@54.1-271619: Melton Hwy@15.3	901	271619	0	0	0	0	0											LOS_A		0.00	0.00	0			LOS_A	
1	7200-10800	53-1241: High St@3.1-199: Melton Hwy@15.4	1241	199	44	44	0	0	0	1.79	1.79				0.00	0.00				LOS_A	1	0.00	0.00	0			LOS_A	
1	7200-10800	53-1241: High St@3.1-301: High St@21.5	1241	301	0	0	0	0	0											LOS_A		0.00	0.00	0			LOS_A	
1	7200-10800	53-1241: High St@3.1-376: High St@3.8	1241	376	31	31	0	0	0	0.28	0.28				0.00	0.00				LOS_A	1	0.00	0.00	0			LOS_A	
1	7200-10800	53-1241: High St@3.1-271619: Melton Hwy@15.3	1241	271619	12	12	0	0	0	0.42	0.42				0.00	0.00				LOS_A	1	0.00	0.00	0			LOS_A	
1	7200-10800	53			1990	1870	2	72	38	0.81	0.82	3.20	0.56	0.59	0.00	0.00	0.00	0.00	0.00	LOS_A	1	0.00	0.00	8	1.42	0.00	LOS_A	1
1	7200-10800	54-526: Ferris Rd@22.5-310@35.3	526	310	23	21	0	2	0	2.53	2.35		4.37		0.00	0.00		0.00		LOS_A	1	0.00	0.00	0			LOS_A	
1	7200-10800	54-526: Ferris Rd@22.5-421: Ferris Rd@15.4	526	421	0	0	0	0	0											LOS_A		0.00	0.00	0			LOS_A	
1	7200-10800	54-526: Ferris Rd@22.5-525: Ferris Rd@18.9	526	525	801	752	2	31	14	0.35	0.34	1.94	0.40	0.42	0.00	0.00	0.00	0.00	0.00	LOS_A	1	0.00	0.00	2	0.10	0.00	LOS_A	1
1	7200-10800	54-527: Zone connector@58.2-310@35.3	527	310	0	0	0	0	0											LOS_A		0.00	0.00	0			LOS_A	
1	7200-10800	54-527: Zone connector@58.2-421: Ferris Rd@15.4	527	421	820	768	2	33	15	0.60	0.60	0.05	0.54	0.86	0.00	0.00	0.00	0.00	0.00	LOS_A	1	0.00	0.00	2	0.09	0.00	LOS_A	1
1	7200-10800	54-528@5.7-421: Ferris Rd@15.4	528	421	19	19	0	0	0	1.75	1.75				0.00	0.00				LOS_A	1	0.00	0.00	0			LOS_A	
1	7200-10800	54-528@5.7-525: Ferris Rd@18.9	528	525	4	3	0	1	0	0.08	0.10		0.02		0.00	0.00		0.00		LOS_A	1	0.00	0.00	0			LOS_A	
1	7200-10800	54			1667	1563	4	67	29	0.52	0.51	1.00	0.58	0.65	0.00	0.00	0.00	0.00	0.00	LOS_A	1	0.00	0.00	4	0.09	0.00	LOS_A	1
1	7200-10800	58-600: Leakes Rd@50.8-273@50.4	600	273	213	192	0	11	10	0.77	0.63		2.09	1.90	0.00	0.00		0.00	0.00	LOS_A	1	0.00	0.00	0			LOS_A	
1	7200-10800	58-600: Leakes Rd@50.8-437: Leakes Rd@57.3	600	437	662	610	2	14	19	0.95	0.44	0.35	0.40	0.51	0.00	0.00	0.00	0.00	0.00	LOS_A	1	0.00	0.00	17	20.34	0.05	LOS_C	3
1	7200-10800	58-1263: Leakes Rd@67.9-271: Leakes Rd@3.2	1263	271	887	831	2	20	17	0.70	0.19	0.06	0.35	0.53	0.04	0.00	0.00	0.00	0.00	LOS_A	1	0.00	0.00	17	26.00	1.97	LOS_D	4
1	7200-10800	58-1263: Leakes Rd@67.9-273@50.4	1263	273	366	346	0	10	10	0.51	0.51		0.56	0.51	0.00	0.00		0.00	0.00	LOS_A	1	0.00	0.00	0			LOS_A	
1	7200-10800	58-2374@24.3-271: Leakes Rd@3.2	2374	271	219	212	1	3	3	3.53	3.42	8.06	6.49	7.22	0.00	0.00	0.00	0.00	0.00	LOS_A	1	0.00	8.13	0			LOS_A	
1	7200-10800	58-2374@24.3-437: Leakes Rd@57.3	2374	437	291	277	0	7	7	0.50	0.47		0.89	1.29	0.00	0.00		0.00	0.00	LOS_A	1	0.00	0.00	0			LOS_A	
1	7200-10800	58			2638	2468	5	65	66	0.95	0.64	1.78	1.03	1.11	0.01	0.00	0.00	0.00	0.00	LOS_A	1	0.00	8.13	34	23.17	1.01	LOS_C	3
1	7200-10800	59-271: Leakes Rd@241.4-401: Leakes Rd@29.1	271	401	1106	1043	3	23	20	0.20	0.16	0.07	0.32	0.41	0.00	0.00	0.00	0.00	0.00	LOS_A	1	0.00	0.00	17	2.73	0.00	LOS_A	1
1	7200-10800	59-443@92.7-270: Leakes Rd@23.7	443	270	78	78	0	0	0	0.16	0.16				0.00	0.00				LOS_A	1	0.00	0.00	0			LOS_A	
1	7200-10800	59-443@92.7-442@13.5	443	442	0	0	0	0	0											LOS_A		0.00	0.00	0			LOS_A	
1	7200-10800	59-605: Leakes Rd@51.1-270: Leakes Rd@23.7	605	270	797	724	2	25	29	0.34	0.35	0.16	0.35	0.28	0.00	0.00	0.00	0.00	0.00	LOS_A	1	0.00	0.00	17	0.10	0.00	LOS_A	1
1	7200-10800	59-605: Leakes Rd@51.1-442@13.5	605	442	17	17	0	0	0	0.16	0.16				0.00	0.00				LOS_A	1	0.00	0.00	0			LOS_A	
1	7200-10800	59			1998	1862	5	48	49	0.26	0.23	0.10	0.34	0.33	0.00	0.00	0.00	0.00	0.00	LOS_A	1	0.00	0.00	34	1.41	0.00	LOS_A	1
1	7200-10800	60-604: Leakes Rd@15.0-398: Taylors Rd@53.4	604	398	50	50	0	0	0	0.45	0.45				0.00	0.00				LOS_A	1	0.00	0.00	0			LOS_A	
1	7200-10800	60-604: Leakes Rd@15.0-402: Leakes Rd@43.0	604	402	399	370	2	13	14	0.11	0.11	0.03	0.11	0.06	0.00	0.00	0.00	0.00	0.00	LOS_A	1	0.00	0.00	0			LOS_A	
1	7200-10800	60-604: Leakes Rd@15.0-2146@76.1	604	2146	41	40	1	0	0	0.40	0.31	4.27			0.00	0.00	0.00			LOS_A	1	0.00	0.00	0			LOS_A	
1	7200-10800	60-938: Leakes Rd@26.5-398: Taylors Rd@53.4	938	398	532	499	0	11	5	0.71	0.70		0.72	0.78	0.00	0.00		0.00	0.00	LOS_A	1	0.00	0.00	17	0.93	0.00	LOS_A	1
1	7200-10800	60-938: Leakes Rd@26.5-402: Leakes Rd@43.0	938	402	11	11	0	0	0	6.47	6.47				0.00	0.00				LOS_A	1	0.00	0.00	0			LOS_A	
1	7200-10800	60-938: Leakes Rd@26.5-2146@76.1	938	2146	160	150	0	4	6	0.61	0.58		0.95	1.14	0.00	0.00		0.00	0.00	LOS_A	1	0.00	0.00	0			LOS_A	
1	7200-10800	60-938: Leakes Rd@26.5-27139: Leakes Rd@68.2	938	27139	403	383	3	8	9	0.15	0.13	0.34	0.37	0.42	0.00	0.00	0.00	0.00	0.00	LOS_A	1	0.00	0.00	0			LOS_A	
1	7200-10800	60-2149@32.7-398: Taylors Rd@53.4	2149	398	17	17	0	0	0	0.26	0.26				0.00	0.00				LOS_A	1	0.00	0.00	0			LOS_A	
1	7200-10800	60-2149@32.7-402: Leakes Rd@43.0	2149	402	52	51	0	1	0	2.45	2.45		2.13		0.00	0.00		0.00		LOS_A	1	0.00	0.00	0			LOS_A	
1	7200-10800	60-2149@32.7-27139: Leakes Rd@68.2	2149	27139	24	24	0	0	0	2.21	2.21				0.00	0.00				LOS_A	1	0.00	0.00	0			LOS_A	
1	7200-10800	60-271394: Taylors Rd@21.3-402: Leakes Rd@43.0	271394	402	352	309	0	11	15	2.60	2.38		3.23	3.62	0.01	0.02		0.00	0.00	LOS_A	1	0.00	0.00	17	5.25	0.00	LOS_A	1
1	7200-10800	60-271394: Taylors Rd@21.3-2146@76.1	271394	2146	38	38	0	0	0	0.07	0.07				0.00	0.00				LOS_A	1	0.00	0.00	0			LOS_A	
1	7200-10800	60-271394: Taylors Rd@21.3-27139: Leakes Rd@68.2	271394	27139	51	51	0	0	0	0.27	0.27				0.00	0.00				LOS_A	1	0.00	0.00	0			LOS_A	
1	7200-10800	60			2130	1993	6	48	49	0.85	0.79	0.89	1.12	1.42	0.00	0.00	0.00	0.00	0.00	LOS_A	1	0.00	0.00	34	3.09	0.00	LOS_A	1
1	7200-10800	61-539: Leakes Rd@105.5-438: Leakes Rd@41.9	539	438	264	248	1	11	4	0.24	0.24	0.15	0.13	0.18	0.00	0.00	0.00	0.00	0.00	LOS_A	1	0.00	0.00	0			LOS_A	
1	7200-10800	61-863: Leakes Rd@80.4-265@25.1	863	265	195	184	1	2	8	3.28	3.01	5.12	3.91	9.15	0.20	0.03	0.00	0.00	4.00	LOS_A	1	0.00	0.00	0			LOS_A	
1	7200-10800	61-863: Leakes Rd@80.4-435: Leakes Rd@21.2	863	435	758	703	1	19	18	1.22	1.07	0.67	1.03	0.78	0.00	0.00	0.00	0.00	0.00	LOS_A	1	0.00	0.00	17	8.04	0.00	LOS_A	1
1	7200-10800	61-2344: Leakes Rd@40.2-265@25.1	2344	265	284	256	0	15	13	0.17	0.17		0.25	0.13	0.00	0.00		0.00	0.00	LOS_A	1	0.00	0.00	0			LOS_A	
1	7200-10800	61-2344: Leakes Rd@40.2-438: Leakes Rd@41.9	2344	438	989	929	1	19	23	0.52	0.51	0.00	0.75	0.59	0.00	0.00	0.00	0.00	0.00	LOS_A	1	0.00	0.00	17	1.04	0.00	LOS_A	1
1	7200-10800	61-2345@108.7-435: Leakes Rd@21.2	2345	435	710	692	0	13	5	0.26	0.26		0.27	0.17	0.00	0.00		0.00	0.00	LOS_A	1	0.00	0.00	0			LOS_A	
1	7200-10800	61			3200	3012	4	79	71	0.74	0.68	1.48	0.64	1.46	0.01	0.00	0.00	0.00	0.45	LOS_A	1	0.00	0.00	34	4.54	0.00	LOS_A	1
1	7200-10800	62-267: Ian Cowie Way@65.6-264: Leakes Rd@17.3	267	264	1	1	0	0	0	0.06	0.06				0.00	0.00				LOS_A	1	0.00	0.00	0			LOS_A	
1	7200-10800	62-267: Ian Cowie Way@65.6-434: Leakes Rd@22.8	267	434	8	8	0	0	0	0.05	0.05				0.00	0.00				LOS_A	1	0.00	0.00	0			LOS_A	
1	7200-10800	62-538: Leakes Rd@89.6-264: Leakes Rd@17.3	538	264	172	139	0	1	0	0.16	0.17		0.18		0.00	0.00		0.00		LOS_A	1	0.00	0.00	32	0.10	0.00	LOS_A	1
1	7200-10800	62-538: Leakes Rd@89.6-268: Ian Cowie Way@17.3	538	268	8	8	0	0	0	0.04	0.04				0.00	0.00				LOS_A	1	0.00	0.00	0			LOS_A	
1	7200-10800	62-864: Leakes Rd@39.3-268: Ian Cowie Way@17.3	864	268	3	3	0	0	0	2.34	2.34				0.00	0.00				LOS_A	1	0.00	0.00	0			LOS_A	
1	7200-10800	62-864: Leakes Rd@39.3-434: Leakes Rd@22.8	864	434	268	222	0	10	4	0.38	0.43		0.02	0.14	0.00	0.00		0.00	0.00	LOS_A	1	0.00	0.00	32	0.19	0.00	LOS_A	1
1	7200-10800	62			460	381	0	11	4	0.30	0.33		0.04	0.14	0.00	0.00		0.00	0.00	LOS_A	1	0.00	0.00	64	0.14	0.00	LOS_A	1
1	7200-10800	63-374: Westcott Pde@100.7-263: Leakes Rd@9.1	374	263	31	31	0	0	0	0.02	0.02				0.00	0.00				LOS_A	1	0.00	0.00	0			LOS_A	
1	7200-10800	63-374: Westcott Pde@100.7-372: Leakes Rd@14.9	374	372	0	0	0	0	0											LOS_A		0.00	0.00	0			LOS_A	
1	7200-10800	63-542: Leakes Rd@34.5-372: Leakes Rd@14.9	542	372	149	116	0	1	0	0.05	0.06		0.05		0.00	0.00		0.00		LOS_A	1	0.00	0.00	32	0.03	0.00	LOS_A	1
1	7200-10800	63-542: Leakes Rd@34.5-375: Westcott Pde@26.6	542	375	24	24	0	0	0	0.07	0.07				0.00	0.00				LOS_A	1	0.00	0.00	0			LOS_A	
1	7200-10800	63-543: Leakes Rd@6.7-263: Leakes Rd@9.1	543	263	240	194	0	10	4	0.17	0.18		0.00	0.14	0.00	0.00		0.00	0.00	LOS_A	1	0.00	0.00	32	0.20	0.00	LOS_A	1
1	7200-10800	63-543: Leakes Rd@6.7-375: Westcott Pde@26.6	543	375	0	0	0	0	0											LOS_A		0.00	0.00	0			LOS_A	
1	7200-10800	63			444	365	0	11	4	0.12	0.12		0.00	0.14	0.00	0.00		0.00	0.00	LOS_A	1	0.00	0.00	64	0.11	0.00	LOS_A	1
1	7200-10800	66-622: Neales Rd W@46.2-34: Neales Rd W@22.7	622	34	72	72	0	0	0	1.08	1.08				0.00	0.00				LOS_A	1	0.00	0.00	0			LOS_A	
1	7200-10800	66-622: Neales Rd W@46.2-232: Hopkins Rd@9.0	622	232	352	326	0	10	14	0.93	0.82		2.11	2.31	0.01	0.01		0.00	0.00	LOS_A	1	0.00	0.00	2	2.41	0.00	LOS_A	1
1	7200-10800	66-622: Neales Rd W@46.2-910: Melton Hwy@30.7	622	910	8	8	0	0	0	0.46	0.46				0.00	0.00				LOS_A	1	0.00	0.00	0			LOS_A	
1	7200-10800	66-897: Hopkins Rd@13.5-35: Neales Rd W@48.6	897	35	282	263	1	11	5	1.26	1.20	2.94	2.06	1.90	0.00	0.00	0.00	0.00	0.00	LOS_A	1	0.00	0.00	2	2.06	0.00	LOS_A	1
1	7200-10800	66-897: Hopkins Rd@13.5-910: Melton Hwy@30.7	897	910	366	341	1	5	6	0.96	0.38	0.54	0.08	0.57	0.01	0.00	0.00	0.00	0.00	LOS_A	1	0.00	0.00	13	16.71	0.23	LOS_C	3
1	7200-10800	66-908: Melton Hwy@56.5-34: Neales Rd W@22.7	908	34	4	4	0	0	0	3.06	3.06				0.00	0.00				LOS_A	1	0.00	0.00	0			LOS_A	
1	7200-10800	66-908: Melton Hwy@56.5-35: Neales Rd W@48.6	908	35	4	4	0	0	0	2.17	2.17				0.00	0.00				LOS_A	1	0.00	0.00	0			LOS_A	
1	7200-10800	66-908: Melton Hwy@56.5-232: Hopkins Rd@9.0	908	232	329	294	1	13	8	1.06	1.03	0.00	0.52	0.44	0.01	0.01	0.00	0.00	0.00	LOS_A	1	0.00	0.00	13	2.91	0.00	LOS_A	1
1	7200-10800	66-2206: Neales Rd W@67.0-35: Neales Rd W@48.6	2206	35	12	12	0	0	0	0.78	0.78				0.00	0.00				LOS_A	1	0.00	0.00	0			LOS_A	
1	7200-10800	66-2206: Neales Rd W@67.0-232: Hopkins Rd@9.0	2206	232	45	43	0	1	1	3.43	3.32		5.56	6.06	0.00	0.00		0.00	0.00	LOS_A	1	0.00	0.00	0			LOS_A	
1	7200-10800	66-2206: Neales Rd W@67.0-910: Melton Hwy@30.7	2206	910	8	8	0	0	0	1.01	1.01				0.00	0.00				LOS_A	1	0.00	0.00	0			LOS_A	
1	7200-10800	66-271701@14.9-34: Neales Rd W@22.7	271701	34	310	293	0	10	7	3.28	3.38		1.66	1.63	1.83	1.94		0.00	0.00	LOS_A	1	0.00	0.00	0			LOS_A	
1	7200-10800	66			1792	1668	3	50	41	1.49	1.36	1.16	1.46	1.62	0.32	0.34	0.00	0.00	0.00	LOS_A	1	0.00	0.00	30	8.80	0.10	LOS_A	1
1	7200-10800	67-230: Hopkins Rd@80.5-37@39.6	230	37	180	151	1	16	12	0.46	0.44	0.36	0.59	0.52	0.00	0.00	0.00	0.00	0.00	LOS_A	1	0.00	0.00	0			LOS_A	
1	7200-10800	67-230: Hopkins Rd@80.5-426: Hopkins Rd@27.0	230	426	546	512	0	8	11	1.99	1.65		2.23	0.93	0.00	0.00		0.00	0.00	LOS_A	1	0.00	0.00	15	14.02	0.00	LOS_B	2
1	7200-10800	67-427: Hopkins Rd@65.2-231: Hopkins Rd@8.0	427	231	821	777	2	19	10	0.40	0.35	0.71	1.47	1.12	0.00	0.00	0.00	0.00	0.00	LOS_A	1	0.00	0.00	13	1.30	0.00	LOS_A	1
1	7200-10800	67-946@14.4-231: Hopkins Rd@8.0	946	231	138	121	0	7	8	0.30	0.30		0.21	0.33	0.00	0.00		0.00	0.00	LOS_A	1	0.00	0.00	2	0.36	0.00	LOS_A	1
1	7200-10800	67-946@14.4-426: Hopkins Rd@27.0	946	426	96	85	0	6	5	0.37	0.36		0.35	0.48	0.00	0.00		0.00	0.00	LOS_A	1	0.00	0.00	0			LOS_A	
1	7200-10800	67			1781	1646	3	56	46	0.88	0.76	0.59	1.05	0.71	0.00	0.00	0.00	0.00	0.00	LOS_A	1	0.00	0.00	30	7.60	0.00	LOS_A	1
1	7200-10800	68-252: Hopkins Rd@35.3-55: Hopkins Rd@43.4	252	55	717	671	0	21	19	0.72	0.73		0.61	0.51	0.00	0.00		0.00	0.00	LOS_A	1	0.00	0.00	6	0.48	0.00	LOS_A	1
1	7200-10800	68-252: Hopkins Rd@35.3-66: Meskos Rd@23.0	252	66	69	60	0	2	0	4.39	4.16		4.32		0.00	0.00		0.00		LOS_A	1	0.00	0.00	7	6.40	0.00	LOS_A	1
1	7200-10800	68-252: Hopkins Rd@35.3-82: Sheahan Rd@25.9	252	82	31	24	0	5	2	3.89	3.62		4.86	4.73	0.00	0.00		0.00	0.00	LOS_A	1	0.00	0.00	0			LOS_A	
1	7200-10800	68-2153: Sheahan Rd@17.6-12: Hopkins Rd@3.8	2153	12	50	45	0	2	3	5.33	5.13		6.34	7.62	0.00	0.00		0.00	0.00	LOS_A	1	0.00	0.00	0			LOS_A	
1	7200-10800	68-2153: Sheahan Rd@17.6-55: Hopkins Rd@43.4	2153	55	42	39	0	2	1	2.34	2.25		3.31	3.63	0.00	0.00		0.00	0.00	LOS_A	1	0.00	0.00	0			LOS_A	
1	7200-10800	68-2153: Sheahan Rd@17.6-66: Meskos Rd@23.0	2153	66	0	0	0	0	0											LOS_A		0.04	34.84	0			LOS_A	
1	7200-10800	68-2157: Hopkins Rd@4.7-12: Hopkins Rd@3.8	2157	12	579	501	2	40	30	0.53	0.53	0.90	0.54	0.65	0.00	0.00	0.00	0.00	0.00	LOS_A	1	0.00	0.00	6	0.35	0.00	LOS_A	1
1	7200-10800	68-2157: Hopkins Rd@4.7-66: Meskos Rd@23.0	2157	66	11	10	0	1	0	2.71	2.42		5.63		0.00	0.00		0.00		LOS_A	1	0.00	0.00	0			LOS_A	
1	7200-10800	68-2157: Hopkins Rd@4.7-82: Sheahan Rd@25.9	2157	82	5	5	0	0	0	4.12	4.12				0.00	0.00				LOS_A	1	0.00	0.00	0			LOS_A	
1	7200-10800	68-2195: Meskos Rd@18.4-12: Hopkins Rd@3.8	2195	12	87	72	1	4	3	1.19	0.65	2.84	2.94	3.15	0.00	0.00	0.00	0.00	0.00	LOS_A	1	0.00	0.00	7	4.65	0.00	LOS_A	1
1	7200-10800	68-2195: Meskos Rd@18.4-55: Hopkins Rd@43.4	2195	55	32	32	0	0	0	2.40	2.40				0.00	0.00				LOS_A	1	0.00	0.00	0			LOS_A	
1	7200-10800	68-2195: Meskos Rd@18.4-82: Sheahan Rd@25.9	2195	82	2	1	1	0	0	0.18	0.01	0.35			0.00	0.00	0.00			LOS_A	1	0.00	0.00	0			LOS_A	
1	7200-10800	68			1625	1460	4	77	58	1.13	1.08	1.25	1.35	1.29	0.00	0.00	0.00	0.00	0.00	LOS_A	1	0.01	34.84	26	3.17	0.00	LOS_A	1
1	7200-10800	69-290: Caroline Springs Blvd@7.8-60: Caroline Springs Blvd@15.2	290	60	0	0	0	0	0											LOS_A		0.00	0.00	0			LOS_A	
1	7200-10800	69-290: Caroline Springs Blvd@7.8-291: Caroline Springs Blvd@13.3	290	291	735	664	1	32	21	0.43	0.40	0.25	0.39	0.42	0.00	0.00	0.00	0.00	0.00	LOS_A	1	0.00	0.00	17	1.93	0.00	LOS_A	1
1	7200-10800	69-290: Caroline Springs Blvd@7.8-293: Chisholm Dr@13.5	290	293	72	63	0	4	5	0.51	0.52		0.28	0.68	0.00	0.00		0.00	0.00	LOS_A	1	0.00	0.00	0			LOS_A	
1	7200-10800	69-290: Caroline Springs Blvd@7.8-431: Springlake Ave@15.6	290	431	30	30	0	0	0	2.51	2.51				0.00	0.00				LOS_A	1	0.00	0.00	0			LOS_A	
1	7200-10800	69-292: Caroline Springs Blvd@170.8-60: Caroline Springs Blvd@15.2	292	60	491	437	1	18	18	1.15	0.64	0.27	1.16	0.55	0.01	0.01	0.00	0.00	0.00	LOS_A	1	0.00	0.00	17	14.97	0.00	LOS_B	2
1	7200-10800	69-292: Caroline Springs Blvd@170.8-291: Caroline Springs Blvd@13.3	292	291	0	0	0	0	0											LOS_A		0.00	0.00	0			LOS_A	
1	7200-10800	69-292: Caroline Springs Blvd@170.8-293: Chisholm Dr@13.5	292	293	6	6	0	0	0	1.13	1.13				0.00	0.00				LOS_A	1	0.00	0.00	0			LOS_A	
1	7200-10800	69-292: Caroline Springs Blvd@170.8-431: Springlake Ave@15.6	292	431	20	20	0	0	0	0.54	0.54				0.00	0.00				LOS_A	1	0.00	0.00	0			LOS_A	
1	7200-10800	69-294: Chisholm Dr@69.6-60: Caroline Springs Blvd@15.2	294	60	18	17	0	0	1	0.15	0.15			0.18	0.00	0.00			0.00	LOS_A	1	0.00	0.00	0			LOS_A	
1	7200-10800	69-294: Chisholm Dr@69.6-291: Caroline Springs Blvd@13.3	294	291	0	0	0	0	0											LOS_A		0.00	0.00	0			LOS_A	
1	7200-10800	69-294: Chisholm Dr@69.6-293: Chisholm Dr@13.5	294	293	0	0	0	0	0											LOS_A		0.00	0.00	0			LOS_A	
1	7200-10800	69-294: Chisholm Dr@69.6-431: Springlake Ave@15.6	294	431	0	0	0	0	0											LOS_A		0.00	0.00	0			LOS_A	
1	7200-10800	69-430: Springlake Ave@96.9-60: Caroline Springs Blvd@15.2	430	60	20	19	0	0	1	0.41	0.42			0.19	0.00	0.00			0.00	LOS_A	1	0.00	0.00	0			LOS_A	
1	7200-10800	69-430: Springlake Ave@96.9-291: Caroline Springs Blvd@13.3	430	291	20	20	0	0	0	0.22	0.22				0.00	0.00				LOS_A	1	0.00	0.00	0			LOS_A	
1	7200-10800	69-430: Springlake Ave@96.9-293: Chisholm Dr@13.5	430	293	0	0	0	0	0											LOS_A		0.00	0.00	0			LOS_A	
1	7200-10800	69-430: Springlake Ave@96.9-431: Springlake Ave@15.6	430	431	0	0	0	0	0											LOS_A		0.00	0.00	0			LOS_A	
1	7200-10800	69			1412	1276	2	54	46	0.73	0.53	0.26	0.64	0.49	0.00	0.00	0.00	0.00	0.00	LOS_A	1	0.00	0.00	34	8.45	0.00	LOS_A	1
1	7200-10800	70-352: Eucumbene Dr@292.9-111: Christies Rd@15.7	352	111	0	0	0	0	0											LOS_A		0.00	0.00	0			LOS_A	
1	7200-10800	70-647: Christies Rd@8.4-111: Christies Rd@15.7	647	111	472	394	2	33	26	1.16	1.21	0.88	0.96	0.87	0.00	0.00	0.00	0.00	0.00	LOS_A	1	0.00	0.00	17	0.91	0.00	LOS_A	1
1	7200-10800	70-647: Christies Rd@8.4-353: Eucumbene Dr@18.0	647	353	15	13	0	1	1	1.76	1.73		1.68	2.21	0.00	0.00		0.00	0.00	LOS_A	1	0.00	0.00	0			LOS_A	
1	7200-10800	70-647: Christies Rd@8.4-1920@12.9	647	1920	0	0	0	0	0											LOS_A		0.00	0.00	0			LOS_A	
1	7200-10800	70-891: Christies Rd@8.7-287: Christies Rd@20.9	891	287	501	436	1	25	22	2.82	2.83	1.51	2.28	3.74	0.00	0.00	0.00	0.00	0.00	LOS_A	1	0.00	0.00	17	2.30	0.00	LOS_A	1
1	7200-10800	70-891: Christies Rd@8.7-353: Eucumbene Dr@18.0	891	353	53	53	0	0	0	7.47	7.47				0.00	0.00				LOS_A	1	0.00	0.00	0			LOS_A	
1	7200-10800	70-891: Christies Rd@8.7-1920@12.9	891	1920	0	0	0	0	0											LOS_A		0.00	0.00	0			LOS_A	
1	7200-10800	70-1919@25.6-287: Christies Rd@20.9	1919	287	0	0	0	0	0											LOS_A		0.00	0.00	0			LOS_A	
1	7200-10800	70			1041	896	3	59	49	2.29	2.38	1.09	1.53	2.19	0.00	0.00	0.00	0.00	0.00	LOS_A	1	0.00	0.00	34	1.61	0.00	LOS_A	1
1	7200-10800	71-111: Christies Rd@84.9-129@9.8	111	129	334	298	1	19	16	0.08	0.07	0.29	0.16	0.11	0.00	0.00	0.00	0.00	0.00	LOS_A	1	0.00	0.00	0			LOS_A	
1	7200-10800	71-111: Christies Rd@84.9-282: Christies Rd@12.4	111	282	138	96	1	14	10	0.11	0.10	0.08	0.14	0.02	0.00	0.00	0.00	0.00	0.00	LOS_A	1	0.00	0.00	17	0.20	0.00	LOS_A	1
1	7200-10800	71-274: Christies Rd@5.8-112: Christies Rd@6.8	274	112	554	489	1	25	22	5.16	5.28	2.33	5.37	4.11	0.01	0.01	0.00	0.00	0.00	LOS_A	1	0.00	0.00	17	2.87	0.00	LOS_A	1
1	7200-10800	71-274: Christies Rd@5.8-129@9.8	274	129	218	156	2	42	18	4.79	4.63	5.37	5.12	5.36	0.00	0.00	0.00	0.00	0.00	LOS_A	1	0.01	12.10	0			LOS_A	
1	7200-10800	71			1244	1039	5	100	66	3.17	3.21	2.69	3.54	2.86	0.00	0.00	0.00	0.00	0.00	LOS_A	1	0.00	12.10	34	1.54	0.00	LOS_A	1
1	7200-10800	72-279: Christies Rd@96.9-280: Christies Rd@44.5	279	280	0	0	0	0	0											LOS_A		0.00	0.00	0			LOS_A	
1	7200-10800	72-279: Christies Rd@96.9-394: Christies Rd@15.7	279	394	84	45	1	12	9	3.10	2.11	35.30	3.22	2.91	0.67	0.32	14.31	0.20	0.29	LOS_A	1	0.00	0.00	17	3.83	1.32	LOS_A	1
1	7200-10800	72-279: Christies Rd@96.9-626: Palm Springs Rd@75.1	279	626	54	51	0	2	1	11.13	10.85		18.50	10.68	2.37	2.40		1.93	1.53	LOS_B	2	0.00	0.00	0			LOS_A	
1	7200-10800	72-393: Christies Rd@348.6-280: Christies Rd@44.5	393	280	184	91	1	51	24	29.02	33.91	7.81	22.83	33.89	2.86	3.53	0.00	2.18	3.13	LOS_D	4	5.01	117.37	17	15.80	1.09	LOS_C	3
1	7200-10800	72-393: Christies Rd@348.6-394: Christies Rd@15.7	393	394	0	0	0	0	0											LOS_A		5.01	117.37	0			LOS_A	
1	7200-10800	72-393: Christies Rd@348.6-626: Palm Springs Rd@75.1	393	626	4	4	0	0	0	28.71	28.71				1.48	1.48				LOS_D	4	5.01	117.37	0			LOS_A	
1	7200-10800	72-625: Palm Springs Rd@88.9-280: Christies Rd@44.5	625	280	307	292	1	7	7	17.66	17.40	33.45	16.39	27.59	1.33	1.34	1.50	1.51	0.98	LOS_C	3	1.94	84.01	0			LOS_A	
1	7200-10800	72-625: Palm Springs Rd@88.9-394: Christies Rd@15.7	625	394	31	31	0	0	0	18.42	18.42				1.60	1.60				LOS_C	3	1.94	84.01	0			LOS_A	
1	7200-10800	72-625: Palm Springs Rd@88.9-626: Palm Springs Rd@75.1	625	626	0	0	0	0	0											LOS_A		1.94	84.01	0			LOS_A	
1	7200-10800	72-1914@136.2-280: Christies Rd@44.5	1914	280	281	262	1	9	9	24.40	23.93	2.96	25.18	39.72	2.60	2.62	0.00	1.75	2.99	LOS_C	3	6.33	117.33	0			LOS_A	
1	7200-10800	72-1914@136.2-394: Christies Rd@15.7	1914	394	37	17	1	17	2	7.45	1.48	53.96	11.47	0.69	0.32	0.19	0.93	0.45	0.00	LOS_A	1	6.33	117.33	0			LOS_A	
1	7200-10800	72-1914@136.2-626: Palm Springs Rd@75.1	1914	626	35	30	0	5	0	17.91	16.94		23.77		1.79	2.03		0.33		LOS_C	3	6.33	117.33	0			LOS_A	
1	7200-10800	72			1017	823	5	103	52	19.73	19.81	26.69	18.40	26.97	1.95	2.01	3.35	1.49	2.18	LOS_C	3	3.32	117.37	34	9.82	1.20	LOS_A	1
1	7200-10800	73-350: Delma Rd@97.2-464: Ballarat Rd  Western Hwy@8.8	350	464	7	7	0	0	0	0.06	0.06				0.00	0.00				LOS_A	1	0.00	0.00	0			LOS_A	
1	7200-10800	73-663: Ballarat Rd  Western Hwy@46.8-351: Delma Rd@11.2	663	351	4	4	0	0	0	2.42	2.42				0.00	0.00				LOS_A	1	0.00	0.00	0			LOS_A	
1	7200-10800	73-663: Ballarat Rd  Western Hwy@46.8-464: Ballarat Rd  Western Hwy@8.8	663	464	1131	1075	2	35	19	0.42	0.39	1.64	0.93	0.83	0.00	0.00	0.00	0.00	0.00	LOS_A	1	0.00	0.00	0			LOS_A	
1	7200-10800	73			1142	1086	2	35	19	0.42	0.40	1.64	0.93	0.83	0.00	0.00	0.00	0.00	0.00	LOS_A	1	0.00	0.00	0			LOS_A	
1	7200-10800	76-911@130.2-404: Hopkins Rd@29.7	911	404	28	28	0	0	0	0.17	0.17				0.00	0.00				LOS_A	1	0.00	0.00	0			LOS_A	
1	7200-10800	76-911@130.2-408: Hopkins Rd@16.0	911	408	75	75	0	0	0	0.13	0.13				0.00	0.00				LOS_A	1	0.00	0.00	0			LOS_A	
1	7200-10800	76-913: Hopkins Rd@4.0-408: Hopkins Rd@16.0	913	408	520	441	2	41	30	0.79	0.79	1.96	0.85	0.71	0.00	0.00	0.00	0.00	0.00	LOS_A	1	0.00	0.00	6	0.81	0.00	LOS_A	1
1	7200-10800	76-913: Hopkins Rd@4.0-912@27.4	913	912	33	28	0	2	3	5.53	5.27		6.69	7.17	0.00	0.00		0.00	0.00	LOS_A	1	0.00	0.00	0			LOS_A	
1	7200-10800	76-948: Hopkins Rd@33.1-404: Hopkins Rd@29.7	948	404	510	461	0	23	20	0.54	0.57		0.39	0.24	0.00	0.00		0.00	0.00	LOS_A	1	0.00	0.00	6	0.26	0.00	LOS_A	1
1	7200-10800	76-948: Hopkins Rd@33.1-912@27.4	948	912	281	281	0	0	0	1.81	1.81				0.00	0.00				LOS_A	1	0.00	0.00	0			LOS_A	
1	7200-10800	76			1447	1314	2	66	53	0.96	0.97	1.96	0.87	0.90	0.00	0.00	0.00	0.00	0.00	LOS_A	1	0.00	0.00	12	0.53	0.00	LOS_A	1
1	7200-10800	77-208: Western Fwy@25.5-84: Western Fwy@15.9	208	84	1155	1028	24	64	39	0.96	0.98	0.71	0.88	0.68	0.00	0.00	0.00	0.00	0.00	LOS_A	1	0.00	0.00	0			LOS_A	
1	7200-10800	77-208: Western Fwy@25.5-180@16.3	208	180	227	210	1	8	8	3.42	3.21	7.14	6.07	5.75	0.00	0.00	0.00	0.00	0.00	LOS_A	1	0.00	0.00	0			LOS_A	
1	7200-10800	77			1382	1238	25	72	47	1.36	1.36	0.97	1.46	1.54	0.00	0.00	0.00	0.00	0.00	LOS_A	1	0.00	0.00	0			LOS_A	
1	7200-10800	78-84: Western Fwy@896.6-203: Western Fwy@19.3	84	203	1155	1028	24	64	39	0.10	0.10	0.21	0.07	0.12	0.00	0.00	0.00	0.00	0.00	LOS_A	1	0.00	0.00	0			LOS_A	
1	7200-10800	78-529@72.8-203: Western Fwy@19.3	529	203	501	430	3	40	26	3.80	3.75	2.24	4.77	3.56	0.07	0.06	0.04	0.10	0.24	LOS_A	1	0.00	0.00	2	2.06	0.00	LOS_A	1
1	7200-10800	78			1656	1458	27	104	65	1.22	1.18	0.43	1.88	1.49	0.02	0.02	0.00	0.04	0.10	LOS_A	1	0.00	0.00	2	2.06	0.00	LOS_A	1
1	7200-10800	79-184: Western Fwy@928.7-205: Western Fwy@68.7	184	205	1589	1502	7	48	32	0.91	0.93	0.90	0.79	0.47	0.00	0.00	0.00	0.00	0.00	LOS_A	1	0.00	0.00	0			LOS_A	
1	7200-10800	79-333@86.1-205: Western Fwy@68.7	333	205	297	290	0	1	6	0.81	0.80		2.54	1.12	0.00	0.00		0.00	0.00	LOS_A	1	0.00	0.00	0			LOS_A	
1	7200-10800	79			1886	1792	7	49	38	0.90	0.91	0.90	0.82	0.57	0.00	0.00	0.00	0.00	0.00	LOS_A	1	0.00	0.00	0			LOS_A	
1	7200-10800	80-424: Western Fwy@14.2-184: Western Fwy@85.3	424	184	1589	1502	7	48	32	0.64	0.61	1.11	1.54	0.47	0.01	0.01	0.00	0.00	0.00	LOS_A	1	0.00	0.00	0			LOS_A	
1	7200-10800	80-424: Western Fwy@14.2-337@9.9	424	337	738	668	0	51	17	0.54	0.54		0.52	0.89	0.05	0.06		0.00	0.00	LOS_A	1	0.00	0.00	2	0.00	0.00	LOS_A	1
1	7200-10800	80			2327	2170	7	99	49	0.61	0.59	1.11	1.01	0.62	0.02	0.02	0.00	0.00	0.00	LOS_A	1	0.00	0.00	2	0.00	0.00	LOS_A	1
1	7200-10800	81-532: Western Hwy@54.1-334: Western Hwy@32.3	532	334	1637	1439	27	104	65	0.07	0.08	0.01	0.05	0.04	0.00	0.00	0.00	0.00	0.00	LOS_A	1	0.00	0.00	2	0.25	0.00	LOS_A	1
1	7200-10800	81-532: Western Hwy@54.1-481@40.2	532	481	19	19	0	0	0	4.55	4.55				0.00	0.00				LOS_A	1	0.00	0.00	0			LOS_A	
1	7200-10800	81			1656	1458	27	104	65	0.13	0.14	0.01	0.05	0.04	0.00	0.00	0.00	0.00	0.00	LOS_A	1	0.00	0.00	2	0.25	0.00	LOS_A	1
1	7200-10800	82-334: Western Hwy@655.0-72: Western Hwy@13.2	334	72	1637	1439	27	104	65	0.09	0.09	0.00	0.11	0.07	0.00	0.00	0.00	0.00	0.00	LOS_A	1	0.00	0.00	2	0.32	0.00	LOS_A	1
1	7200-10800	82-482@267.1-72: Western Hwy@13.2	482	72	14	14	0	0	0	0.03	0.03				0.00	0.00				LOS_A	1	0.00	0.00	0			LOS_A	
1	7200-10800	82			1651	1453	27	104	65	0.09	0.09	0.00	0.11	0.07	0.00	0.00	0.00	0.00	0.00	LOS_A	1	0.00	0.00	2	0.32	0.00	LOS_A	1
1	7200-10800	83-313: Western Hwy@40.0-103: Western Hwy@23.6	313	103	1140	963	26	94	55	0.65	0.67	0.26	0.58	0.47	0.02	0.02	0.00	0.00	0.00	LOS_A	1	0.57	42.03	2	2.28	0.00	LOS_A	1
1	7200-10800	83-313: Western Hwy@40.0-174@14.4	313	174	510	489	1	10	10	4.56	4.46	8.23	6.81	6.82	0.15	0.16	0.00	0.00	0.00	LOS_A	1	0.57	42.03	0			LOS_A	
1	7200-10800	83			1650	1452	27	104	65	1.86	1.95	0.55	1.18	1.45	0.06	0.07	0.00	0.00	0.00	LOS_A	1	0.57	42.03	2	2.28	0.00	LOS_A	1
1	7200-10800	84-161@132.7-99: Western Hwy@9.8	161	99	479	440	1	17	21	0.15	0.14	0.08	0.20	0.13	0.00	0.00	0.00	0.00	0.00	LOS_A	1	0.00	0.00	0			LOS_A	
1	7200-10800	84-187: Western Hwy@837.8-99: Western Hwy@9.8	187	99	1848	1730	6	82	28	0.04	0.05	0.13	0.03	0.05	0.00	0.00	0.00	0.00	0.00	LOS_A	1	0.00	0.00	2	0.00	0.00	LOS_A	1
1	7200-10800	84			2327	2170	7	99	49	0.07	0.07	0.12	0.06	0.09	0.00	0.00	0.00	0.00	0.00	LOS_A	1	0.00	0.00	2	0.00	0.00	LOS_A	1
1	7200-10800	85-103: Western Hwy@963.6-90: Western Hwy@22.8	103	90	1140	963	26	94	55	0.41	0.37	1.00	0.46	0.85	0.00	0.00	0.00	0.00	0.00	LOS_A	1	0.00	0.00	2	0.37	0.00	LOS_A	1
1	7200-10800	85-2380@33.8-90: Western Hwy@22.8	2380	90	530	491	0	21	18	1.00	0.95		1.53	1.74	0.00	0.00		0.00	0.00	LOS_A	1	0.00	0.00	0			LOS_A	
1	7200-10800	85			1670	1454	26	115	73	0.60	0.56	1.00	0.65	1.07	0.00	0.00	0.00	0.00	0.00	LOS_A	1	0.00	0.00	2	0.37	0.00	LOS_A	1
1	7200-10800	86-323: Western Hwy@19.6-159@11.7	323	159	974	940	1	24	9	0.70	0.71	0.22	0.13	0.73	0.00	0.00	0.00	0.00	0.00	LOS_A	1	0.00	0.00	0			LOS_A	
1	7200-10800	86-323: Western Hwy@19.6-187: Western Hwy@33.1	323	187	1846	1728	6	82	28	0.19	0.19	0.30	0.20	0.26	0.00	0.00	0.00	0.00	0.00	LOS_A	1	0.00	0.00	2	0.00	0.00	LOS_A	1
1	7200-10800	86			2820	2668	7	106	37	0.37	0.37	0.29	0.18	0.38	0.00	0.00	0.00	0.00	0.00	LOS_A	1	0.00	0.00	2	0.00	0.00	LOS_A	1
1	7200-10800	87-343: Western Hwy@756.7-154: Western Hwy@6.0	343	154	2706	2554	7	106	37	0.07	0.08	0.00	0.07	0.04	0.00	0.00	0.00	0.00	0.00	LOS_A	1	0.00	0.00	2	0.00	0.00	LOS_A	1
1	7200-10800	87-480@343.6-154: Western Hwy@6.0	480	154	113	113	0	0	0	0.01	0.01				0.00	0.00				LOS_A	1	0.00	0.00	0			LOS_A	
1	7200-10800	87			2819	2667	7	106	37	0.07	0.07	0.00	0.07	0.04	0.00	0.00	0.00	0.00	0.00	LOS_A	1	0.00	0.00	2	0.00	0.00	LOS_A	1
1	7200-10800	88-955: Western Fwy@13.7-343: Western Hwy@21.1	955	343	2706	2554	7	106	37	0.18	0.17	0.26	0.27	0.22	0.00	0.00	0.00	0.00	0.00	LOS_A	1	0.00	0.00	2	0.00	0.00	LOS_A	1
1	7200-10800	88-955: Western Fwy@13.7-479@7.3	955	479	0	0	0	0	0											LOS_A		0.00	0.00	0			LOS_A	
1	7200-10800	88			2706	2554	7	106	37	0.18	0.17	0.26	0.27	0.22	0.00	0.00	0.00	0.00	0.00	LOS_A	1	0.00	0.00	2	0.00	0.00	LOS_A	1
1	7200-10800	89-228: Western Fwy@25.7-108@38.1	228	108	234	206	0	13	13	4.60	4.27		7.17	6.98	0.15	0.17		0.00	0.00	LOS_A	1	0.02	21.53	2	6.97	0.00	LOS_A	1
1	7200-10800	89-228: Western Fwy@25.7-194: Western Fwy@23.1	228	194	1437	1249	26	102	60	0.44	0.43	0.64	0.31	0.71	0.00	0.00	0.00	0.00	0.00	LOS_A	1	0.02	21.53	0			LOS_A	
1	7200-10800	89			1671	1455	26	115	73	1.02	0.98	0.64	1.08	1.83	0.02	0.02	0.00	0.00	0.00	LOS_A	1	0.02	21.53	2	6.97	0.00	LOS_A	1
1	7200-10800	90-104@749.4-417: Western Fwy@10.9	104	417	330	310	1	10	7	0.09	0.09	0.00	0.12	0.03	0.00	0.00	0.00	0.00	0.00	LOS_A	1	0.00	0.00	2	0.02	0.00	LOS_A	1
1	7200-10800	90-196: Western Fwy@1280.5-417: Western Fwy@10.9	196	417	2376	2244	6	96	30	0.08	0.08	0.02	0.05	0.01	0.00	0.00	0.00	0.00	0.00	LOS_A	1	0.00	0.00	0			LOS_A	
1	7200-10800	90			2706	2554	7	106	37	0.08	0.09	0.02	0.05	0.02	0.00	0.00	0.00	0.00	0.00	LOS_A	1	0.00	0.00	2	0.02	0.00	LOS_A	1
1	7200-10800	91-260: Hopkins Rd@76.3-419@20.9	260	419	279	215	0	35	29	1.90	1.59		3.09	2.81	0.00	0.00		0.00	0.00	LOS_A	1	0.00	0.00	0			LOS_A	
1	7200-10800	91-260: Hopkins Rd@76.3-427: Hopkins Rd@13.9	260	427	821	777	2	19	10	0.22	0.22	0.14	0.35	0.16	0.00	0.00	0.00	0.00	0.00	LOS_A	1	0.00	0.00	13	0.10	0.00	LOS_A	1
1	7200-10800	91-426: Hopkins Rd@79.1-43: Hopkins Rd@14.4	426	43	642	597	0	14	16	0.67	0.69		0.46	0.26	0.00	0.00		0.00	0.00	LOS_A	1	0.00	0.00	15	0.49	0.00	LOS_A	1
1	7200-10800	91			1742	1589	2	68	55	0.65	0.58	0.14	1.78	1.59	0.00	0.00	0.00	0.00	0.00	LOS_A	1	0.00	0.00	28	0.31	0.00	LOS_A	1
1	7200-10800	92-43: Hopkins Rd@153.1-43: Hopkins Rd@182.8	43	43	642	597	0	14	16	0.45	0.46		0.31	0.18	0.00	0.00		0.00	0.00	LOS_A	1	0.00	0.00	15	0.23	0.00	LOS_A	1
1	7200-10800	92-194: Western Fwy@606.2-1907: Western Fwy@12.3	194	1907	1437	1249	26	102	60	0.29	0.28	0.48	0.31	0.55	0.00	0.00	0.00	0.00	0.00	LOS_A	1	0.00	0.00	0			LOS_A	
1	7200-10800	92-414: Hopkins Rd@174.6-414: Hopkins Rd@204.8	414	414	1100	992	2	54	39	0.30	0.30	0.23	0.40	0.25	0.00	0.00	0.00	0.00	0.00	LOS_A	1	0.00	0.00	13	0.06	0.00	LOS_A	1
1	7200-10800	92-1906@89.9-1907: Western Fwy@12.3	1906	1907	455	363	1	50	41	4.80	4.65	0.00	5.07	5.95	0.04	0.05	0.00	0.00	0.02	LOS_A	1	0.02	27.42	0			LOS_A	
1	7200-10800	92			3634	3201	29	220	156	0.89	0.81	0.44	1.41	1.86	0.01	0.01	0.00	0.00	0.00	LOS_A	1	0.01	27.42	28	0.15	0.00	LOS_A	1
1	7200-10800	93-224: Western Fwy@24.6-149@43.1	224	149	852	805	0	32	15	0.27	0.27		0.13	0.36	0.06	0.07		0.00	0.00	LOS_A	1	0.00	0.00	0			LOS_A	
1	7200-10800	93-224: Western Fwy@24.6-196: Western Fwy@41.3	224	196	2376	2244	6	96	30	0.53	0.52	0.85	0.83	0.36	0.00	0.00	0.00	0.02	0.00	LOS_A	1	0.00	0.00	0			LOS_A	
1	7200-10800	93			3228	3049	6	128	45	0.46	0.46	0.85	0.65	0.36	0.02	0.02	0.00	0.02	0.00	LOS_A	1	0.00	0.00	0			LOS_A	
1	7200-10800	94-949: Western Fwy@23.0-136@6.0	949	136	508	433	0	42	33	0.10	0.10		0.09	0.16	0.00	0.00		0.00	0.00	LOS_A	1	0.00	0.00	0			LOS_A	
1	7200-10800	94-949: Western Fwy@23.0-389: Western Fwy  Deer Park Byp@4.2	949	389	1383	1178	27	110	68	0.14	0.12	0.40	0.21	0.24	0.00	0.00	0.00	0.00	0.00	LOS_A	1	0.00	0.00	0			LOS_A	
1	7200-10800	94			1891	1611	27	152	101	0.13	0.11	0.40	0.18	0.22	0.00	0.00	0.00	0.00	0.00	LOS_A	1	0.00	0.00	0			LOS_A	
1	7200-10800	95-952: Western Hwy@59.0-1039: Western Fwy@18.1	952	1039	908	866	1	24	17	8.04	8.03	18.48	8.97	6.47	0.04	0.03	0.00	0.36	0.06	LOS_A	1	0.00	0.00	0			LOS_A	
1	7200-10800	95-1038: Western Fwy  Deer Park Byp@184.1-1039: Western Fwy@18.1	1038	1039	2320	2183	5	104	28	15.59	15.52	22.40	16.60	15.94	0.02	0.02	0.35	0.01	0.00	LOS_C	3	9.69	295.56	0			LOS_A	
1	7200-10800	95			3228	3049	6	128	45	13.46	13.39	21.75	15.17	12.36	0.03	0.03	0.29	0.07	0.02	LOS_B	2	4.84	295.56	0			LOS_A	
1	7200-10800	96-1904@24.9-147: Western Fwy  Deer Park Byp@16.1	1904	147	552	454	3	61	34	4.08	4.12	6.87	3.56	4.20	0.11	0.09	1.34	0.10	0.36	LOS_A	1	0.00	0.00	0			LOS_A	
1	7200-10800	96-24821: Western Fwy  Deer Park Byp@1488.1-147: Western Fwy  Deer Park Byp@16.1	24821	147	1383	1178	27	110	68	0.07	0.07	0.05	0.07	0.05	0.00	0.00	0.00	0.00	0.00	LOS_A	1	0.00	0.00	0			LOS_A	
1	7200-10800	96			1935	1632	30	171	102	1.21	1.20	0.74	1.31	1.43	0.03	0.02	0.13	0.04	0.12	LOS_A	1	0.00	0.00	0			LOS_A	
1	7200-10800	97-240: Western Fwy  Deer Park Byp@38.0-126@16.7	240	126	353	309	2	31	11	3.48	3.15	6.13	5.42	6.66	0.01	0.01	0.00	0.00	0.00	LOS_A	1	0.20	77.71	0			LOS_A	
1	7200-10800	97-240: Western Fwy  Deer Park Byp@38.0-189: Western Fwy  Deer Park Byp@8.6	240	189	2320	2183	5	104	28	1.19	1.18	0.20	1.65	0.96	0.00	0.00	0.00	0.00	0.00	LOS_A	1	0.20	77.71	0			LOS_A	
1	7200-10800	97			2673	2492	7	135	39	1.49	1.42	1.90	2.52	2.57	0.00	0.00	0.00	0.00	0.00	LOS_A	1	0.20	77.71	0			LOS_A	
1	7200-10800	98-91: Ballarat Rd  Western Hwy@67.3-362: Ballarat Rd  Western Hwy@13.4	91	362	442	392	0	26	24	0.05	0.05		0.03	0.17	0.00	0.00		0.00	0.00	LOS_A	1	0.00	0.00	0			LOS_A	
1	7200-10800	98-92: Ballarat Rd  Western Hwy@8.7-362: Ballarat Rd  Western Hwy@13.4	92	362	0	0	0	0	0											LOS_A		0.00	0.00	0			LOS_A	
1	7200-10800	98			442	392	0	26	24	0.05	0.05		0.03	0.17	0.00	0.00		0.00	0.00	LOS_A	1	0.00	0.00	0			LOS_A	
1	7200-10800	99-209: Ballarat Rd  Western Hwy@46.4-1: Ballarat Rd  Western Hwy@6.6	209	1	442	392	0	26	24	0.05	0.04		0.03	0.10	0.00	0.00		0.00	0.00	LOS_A	1	0.00	0.00	0			LOS_A	
1	7200-10800	99-209: Ballarat Rd  Western Hwy@46.4-2: Ballarat Rd  Western Hwy@6.5	209	2	0	0	0	0	0											LOS_A		0.00	0.00	0			LOS_A	
1	7200-10800	99			442	392	0	26	24	0.05	0.04		0.03	0.10	0.00	0.00		0.00	0.00	LOS_A	1	0.00	0.00	0			LOS_A	
1	7200-10800	100-1141@18.3-1143@28.5	1141	1143	0	0	0	0	0											LOS_A		0.16	55.48	0			LOS_A	
1	7200-10800	100-1141@18.3-1147@16.5	1141	1147	168	162	0	3	3	2.45	2.47		3.19	0.22	0.06	0.05		0.57	0.00	LOS_A	1	0.16	55.48	0			LOS_A	
1	7200-10800	100-1141@18.3-1152@26.0	1141	1152	143	140	0	2	1	1.25	1.27		0.37	0.19	0.00	0.00		0.00	0.00	LOS_A	1	0.16	55.48	0			LOS_A	
1	7200-10800	100-1141@18.3-1158@25.0	1141	1158	340	335	0	2	3	1.42	1.42		2.95	0.44	0.00	0.00		0.00	0.00	LOS_A	1	0.16	55.48	0			LOS_A	
1	7200-10800	100-1146@382.0-1143@28.5	1146	1143	108	107	0	1	0	3.18	3.17		4.13		0.00	0.00		0.00		LOS_A	1	0.00	0.00	0			LOS_A	
1	7200-10800	100-1146@382.0-1147@16.5	1146	1147	0	0	0	0	0											LOS_A		0.00	0.00	0			LOS_A	
1	7200-10800	100-1146@382.0-1152@26.0	1146	1152	169	164	0	3	2	1.24	1.25		1.15	0.80	0.01	0.01		0.00	0.00	LOS_A	1	0.00	0.00	0			LOS_A	
1	7200-10800	100-1146@382.0-1158@25.0	1146	1158	49	47	0	1	1	1.25	1.29		0.24	0.12	0.01	0.01		0.00	0.00	LOS_A	1	0.00	0.00	0			LOS_A	
1	7200-10800	100-1159@120.5-1143@28.5	1159	1143	295	289	0	3	3	2.33	2.35		1.86	1.06	0.01	0.01		0.00	0.00	LOS_A	1	0.00	0.00	0			LOS_A	
1	7200-10800	100-1159@120.5-1147@16.5	1159	1147	11	10	0	0	1	0.44	0.48			0.10	0.00	0.00			0.00	LOS_A	1	0.00	0.00	0			LOS_A	
1	7200-10800	100-1159@120.5-1152@26.0	1159	1152	110	110	0	0	0	2.27	2.27				0.07	0.07				LOS_A	1	0.00	0.00	0			LOS_A	
1	7200-10800	100-1159@120.5-1158@25.0	1159	1158	0	0	0	0	0											LOS_A		0.00	0.00	0			LOS_A	
1	7200-10800	100-1234@184.1-1143@28.5	1234	1143	213	207	0	3	3	2.70	2.69		2.81	3.02	0.05	0.05		0.00	0.00	LOS_A	1	0.00	0.00	0			LOS_A	
1	7200-10800	100-1234@184.1-1147@16.5	1234	1147	198	182	0	7	9	1.35	1.38		1.19	0.77	0.01	0.01		0.00	0.00	LOS_A	1	0.00	0.00	0			LOS_A	
1	7200-10800	100-1234@184.1-1152@26.0	1234	1152	0	0	0	0	0											LOS_A		0.00	0.00	0			LOS_A	
1	7200-10800	100-1234@184.1-1158@25.0	1234	1158	78	78	0	0	0	0.83	0.83				0.00	0.00				LOS_A	1	0.00	0.00	0			LOS_A	
1	7200-10800	100			1882	1831	0	25	26	1.88	1.89		1.86	0.89	0.02	0.02		0.07	0.00	LOS_A	1	0.04	55.48	0			LOS_A	
1	7200-10800	101-1144@12.5-1140@37.3	1144	1140	0	0	0	0	0											LOS_A		0.00	0.00	0			LOS_A	
1	7200-10800	101-1144@12.5-1168@28.2	1144	1168	46	46	0	0	0	1.35	1.35				0.09	0.09				LOS_A	1	0.00	0.00	0			LOS_A	
1	7200-10800	101-1144@12.5-1170@29.6	1144	1170	274	270	0	2	2	0.48	0.48		0.32	0.35	0.00	0.00		0.00	0.00	LOS_A	1	0.00	0.00	0			LOS_A	
1	7200-10800	101-1144@12.5-1171@32.9	1144	1171	296	287	0	5	4	2.00	2.03		1.60	0.46	0.00	0.00		0.00	0.00	LOS_A	1	0.00	0.00	0			LOS_A	
1	7200-10800	101-1167@141.4-1140@37.3	1167	1140	29	29	0	0	0	0.98	0.98				0.00	0.00				LOS_A	1	0.00	0.00	0			LOS_A	
1	7200-10800	101-1167@141.4-1168@28.2	1167	1168	0	0	0	0	0											LOS_A		0.00	0.00	0			LOS_A	
1	7200-10800	101-1167@141.4-1170@29.6	1167	1170	17	17	0	0	0	0.38	0.38				0.00	0.00				LOS_A	1	0.00	0.00	0			LOS_A	
1	7200-10800	101-1167@141.4-1171@32.9	1167	1171	24	24	0	0	0	0.14	0.14				0.00	0.00				LOS_A	1	0.00	0.00	0			LOS_A	
1	7200-10800	101-1169@143.9-1140@37.3	1169	1140	165	161	0	2	2	1.91	1.90		2.17	2.27	0.04	0.04		0.00	0.00	LOS_A	1	0.00	0.00	0			LOS_A	
1	7200-10800	101-1169@143.9-1168@28.2	1169	1168	16	16	0	0	0	0.38	0.38				0.00	0.00				LOS_A	1	0.00	0.00	0			LOS_A	
1	7200-10800	101-1169@143.9-1170@29.6	1169	1170	0	0	0	0	0											LOS_A		0.00	0.00	0			LOS_A	
1	7200-10800	101-1169@143.9-1171@32.9	1169	1171	17	17	0	0	0	2.23	2.23				0.14	0.14				LOS_A	1	0.00	0.00	0			LOS_A	
1	7200-10800	101-1172@137.6-1140@37.3	1172	1140	457	447	0	5	5	3.64	3.62		2.45	6.59	0.04	0.04		0.00	0.00	LOS_A	1	0.51	83.78	0			LOS_A	
1	7200-10800	101-1172@137.6-1168@28.2	1172	1168	74	70	0	2	2	2.70	2.83		0.51	0.30	0.06	0.06		0.00	0.00	LOS_A	1	0.51	83.78	0			LOS_A	
1	7200-10800	101-1172@137.6-1170@29.6	1172	1170	43	42	0	1	0	4.17	4.25		0.86		0.03	0.03		0.00		LOS_A	1	0.51	83.78	0			LOS_A	
1	7200-10800	101-1172@137.6-1171@32.9	1172	1171	0	0	0	0	0											LOS_A		0.51	83.78	0			LOS_A	
1	7200-10800	101			1458	1426	0	17	15	2.21	2.21		1.60	2.71	0.02	0.02		0.00	0.00	LOS_A	1	0.13	83.78	0			LOS_A	
1	7200-10800	102-1150@427.0-1155@20.3	1150	1155	59	58	0	0	1	0.21	0.21			0.17	0.00	0.00			0.00	LOS_A	1	0.00	0.00	0			LOS_A	
1	7200-10800	102-1150@427.0-1156@9.2	1150	1156	251	243	0	4	4	0.81	0.80		0.69	1.14	0.00	0.00		0.00	0.00	LOS_A	1	0.00	0.00	0			LOS_A	
1	7200-10800	102-1154@88.9-1153@11.3	1154	1153	222	217	0	3	2	0.56	0.58		0.01	0.00	0.00	0.00		0.00	0.00	LOS_A	1	0.00	0.00	0			LOS_A	
1	7200-10800	102-1154@88.9-1155@20.3	1154	1155	134	132	0	2	0	1.31	1.29		2.80		0.00	0.00		0.00		LOS_A	1	0.00	0.00	0			LOS_A	
1	7200-10800	102-1157@97.7-1153@11.3	1157	1153	29	29	0	0	0	0.41	0.41				0.00	0.00				LOS_A	1	0.00	0.00	0			LOS_A	
1	7200-10800	102-1157@97.7-1156@9.2	1157	1156	134	121	0	5	8	0.38	0.32		1.56	0.45	0.00	0.00		0.00	0.00	LOS_A	1	0.00	0.00	0			LOS_A	
1	7200-10800	102			829	800	0	14	15	0.70	0.69		1.16	0.56	0.00	0.00		0.00	0.00	LOS_A	1	0.00	0.00	0			LOS_A	
1	7200-10800	103			0	0	0	0	0											LOS_A				0			LOS_A	
1	7200-10800	104			0	0	0	0	0											LOS_A				0			LOS_A	
1	7200-10800	105			0	0	0	0	0											LOS_A				0			LOS_A	
1	7200-10800	106			0	0	0	0	0											LOS_A				0			LOS_A	
1	7200-10800	107			0	0	0	0	0											LOS_A				0			LOS_A	
1	7200-10800	108			0	0	0	0	0											LOS_A				0			LOS_A	
1	7200-10800	109			0	0	0	0	0											LOS_A				0			LOS_A	
1	7200-10800	113			0	0	0	0	0											LOS_A				0			LOS_A	
1	7200-10800	114-1081@150.5-1125@21.0	1081	1125	433	380	4	12	6	2.89	1.88	0.79	2.01	1.50	0.02	0.02	0.00	0.00	0.00	LOS_A	1	0.00	0.00	31	16.15	0.02	LOS_C	3
1	7200-10800	114-1081@150.5-1128@12.2	1081	1128	168	151	0	9	8	3.04	2.71		5.65	6.24	0.11	0.08		0.00	0.80	LOS_A	1	0.00	0.00	0			LOS_A	
1	7200-10800	114-1129@3.3-1130@26.0	1129	1130	424	410	0	7	7	3.04	2.98		4.75	4.66	0.00	0.00		0.00	0.00	LOS_A	1	0.00	0.00	0			LOS_A	
1	7200-10800	114-1132@5.3-1125@21.0	1132	1125	270	263	0	7	0	0.25	0.25		0.23		0.00	0.00		0.00		LOS_A	1	0.00	0.00	0			LOS_A	
1	7200-10800	114-1240: Western Fwy@6.0-1128@12.2	1240	1128	156	146	0	5	5	0.51	0.49		0.58	0.99	0.00	0.00		0.00	0.00	LOS_A	1	0.00	0.00	0			LOS_A	
1	7200-10800	114-1240: Western Fwy@6.0-1130@26.0	1240	1130	338	297	0	5	5	0.50	0.43		1.62	1.25	0.00	0.00		0.00	0.00	LOS_A	1	0.00	0.00	31	0.93	0.00	LOS_A	1
1	7200-10800	114			1789	1647	4	45	31	1.88	1.59	0.79	2.69	3.31	0.02	0.01	0.00	0.00	0.21	LOS_A	1	0.00	0.00	62	8.54	0.01	LOS_A	1
1	7200-10800	115-1092: Western Fwy@41.4-1091@18.2	1092	1091	304	283	0	12	9	2.33	2.15		4.74	4.93	0.01	0.01		0.00	0.00	LOS_A	1	0.00	0.00	0			LOS_A	
1	7200-10800	115-1092: Western Fwy@41.4-1093: Western Fwy@20.0	1092	1093	757	652	18	50	37	0.36	0.34	0.34	0.61	0.46	0.00	0.00	0.00	0.00	0.00	LOS_A	1	0.00	0.00	0			LOS_A	
1	7200-10800	115			1061	935	18	62	46	0.92	0.88	0.34	1.41	1.33	0.00	0.00	0.00	0.00	0.00	LOS_A	1	0.00	0.00	0			LOS_A	
1	7200-10800	116-1134: Western Fwy@853.1-1137: Western Fwy@29.6	1134	1137	1190	1117	7	35	31	0.05	0.05	0.18	0.05	0.03	0.00	0.00	0.00	0.00	0.00	LOS_A	1	0.00	0.00	0			LOS_A	
1	7200-10800	116-1139@39.2-1137: Western Fwy@29.6	1139	1137	324	297	0	14	13	0.32	0.26		1.03	1.02	0.00	0.00		0.00	0.00	LOS_A	1	0.00	0.00	0			LOS_A	
1	7200-10800	116			1514	1414	7	49	44	0.11	0.09	0.18	0.33	0.32	0.00	0.00	0.00	0.00	0.00	LOS_A	1	0.00	0.00	0			LOS_A	
1	7200-10800	117-1093: Western Fwy@887.1-1118: Western Fwy@20.0	1093	1118	757	652	18	50	37	0.08	0.08	0.10	0.11	0.05	0.00	0.00	0.00	0.00	0.00	LOS_A	1	0.00	0.00	0			LOS_A	
1	7200-10800	117-1117@115.1-1118: Western Fwy@20.0	1117	1118	624	585	7	22	10	0.49	0.50	0.16	0.54	0.49	0.00	0.00	0.00	0.00	0.00	LOS_A	1	0.00	0.00	0			LOS_A	
1	7200-10800	117			1381	1237	25	72	47	0.27	0.28	0.12	0.24	0.14	0.00	0.00	0.00	0.00	0.00	LOS_A	1	0.00	0.00	0			LOS_A	
1	7200-10800	118-1135: Western Fwy@35.7-1134: Western Fwy@6.5	1135	1134	1192	1119	7	35	31	0.98	0.96	1.06	1.20	1.54	0.00	0.00	0.00	0.00	0.00	LOS_A	1	0.01	14.89	0			LOS_A	
1	7200-10800	118-1135: Western Fwy@35.7-1136: Western Fwy@4.3	1135	1136	694	673	0	14	7	3.56	3.50		5.81	5.21	0.00	0.00		0.00	0.00	LOS_A	1	0.01	14.89	0			LOS_A	
1	7200-10800	118			1886	1792	7	49	38	1.93	1.91	1.06	2.52	2.22	0.00	0.00	0.00	0.00	0.00	LOS_A	1	0.01	14.89	0			LOS_A	
1	7200-10800	119-1090@228.7-1098@20.0	1090	1098	119	113	0	3	3	0.42	0.40		0.71	0.98	0.00	0.00		0.00	0.00	LOS_A	1	0.00	0.00	0			LOS_A	
1	7200-10800	119-1090@228.7-1100@8.0	1090	1100	185	170	0	9	6	1.13	0.96		3.00	3.18	0.00	0.00		0.00	0.00	LOS_A	1	0.00	0.00	0			LOS_A	
1	7200-10800	119-1114@10.9-1098@20.0	1114	1098	375	330	0	7	7	0.69	0.72		1.30	0.57	0.00	0.00		0.00	0.00	LOS_A	1	0.00	0.00	31	0.28	0.00	LOS_A	1
1	7200-10800	119-1114@10.9-1116@15.9	1114	1116	353	332	3	12	6	0.91	0.88	2.05	1.19	1.42	0.00	0.00	0.00	0.00	0.00	LOS_A	1	0.16	45.53	0			LOS_A	
1	7200-10800	119-1237@6.9-1100@8.0	1237	1100	432	390	0	9	2	1.46	1.50		2.07	1.19	0.01	0.01		0.00	0.00	LOS_A	1	0.00	0.00	31	0.86	0.00	LOS_A	1
1	7200-10800	119-1237@6.9-1116@15.9	1237	1116	271	253	4	10	4	2.25	2.12	4.98	3.73	4.15	0.00	0.00	0.00	0.00	0.00	LOS_A	1	0.00	0.00	0			LOS_A	
1	7200-10800	119			1735	1588	7	50	28	1.20	1.17	3.73	2.17	1.91	0.00	0.00	0.00	0.00	0.00	LOS_A	1	0.03	45.53	62	0.57	0.00	LOS_A	1
1	7200-10800	120-1100@12.7-1099@27.3	1100	1099	415	367	0	10	7	0.72	0.48		0.39	0.49	0.00	0.00		0.00	0.00	LOS_A	1	0.00	0.00	31	3.72	0.00	LOS_A	1
1	7200-10800	120-1100@12.7-1103@19.5	1100	1103	130	130	0	0	0	0.37	0.37				0.06	0.06				LOS_A	1	0.12	23.55	0			LOS_A	
1	7200-10800	120-1100@12.7-1107@21.1	1100	1107	72	63	0	8	1	0.12	0.08		0.42	0.30	0.00	0.00		0.00	0.00	LOS_A	1	0.00	0.00	0			LOS_A	
1	7200-10800	120-1106@32.8-1099@27.3	1106	1099	0	0	0	0	0											LOS_A		0.09	25.90	0			LOS_A	
1	7200-10800	120-1106@32.8-1103@19.5	1106	1103	0	0	0	0	0											LOS_A		0.09	25.90	0			LOS_A	
1	7200-10800	120-1106@32.8-1112@5.6	1106	1112	401	383	1	10	7	1.07	1.08	1.02	0.96	0.89	0.02	0.02	0.00	0.00	0.00	LOS_A	1	0.09	25.90	0			LOS_A	
1	7200-10800	120-1184@12.8-1184@46.5	1184	1184	5	5	0	0	0	0.00	0.00				0.00	0.00				LOS_A	1	0.00	0.00	0			LOS_A	
1	7200-10800	120-1186@9.2-1186@61.3	1186	1186	1	0	0	0	0	0.00					0.00					LOS_A	1	0.02	14.78	0			LOS_A	
1	7200-10800	120-1189@5.6-1189@50.7	1189	1189	5	0	0	0	0	0.00					0.00					LOS_A	1	0.21	20.34	0			LOS_A	
1	7200-10800	120-1190@11.3-1190@56.8	1190	1190	8	0	0	0	0	0.00					0.00					LOS_A	1	0.22	15.43	0			LOS_A	
1	7200-10800	120-1191@12.4-1191@46.2	1191	1191	3	3	0	0	0	0.00	0.00				0.00	0.00				LOS_A	1	0.00	0.00	0			LOS_A	
1	7200-10800	120-1192@6.0-1192@58.2	1192	1192	1	0	0	0	0	0.00					0.00					LOS_A	1	0.05	20.26	0			LOS_A	
1	7200-10800	120-1193@13.6-1193@42.6	1193	1193	3	0	0	0	0	0.00					0.00					LOS_A	1	0.07	15.60	0			LOS_A	
1	7200-10800	120-1194@0.7-1194@34.7	1194	1194	1	0	0	0	0	0.00					0.00					LOS_A	1	0.02	13.48	0			LOS_A	
1	7200-10800	120-1236@14.1-1103@19.5	1236	1103	0	0	0	0	0											LOS_A		0.00	0.00	0			LOS_A	
1	7200-10800	120-1236@14.1-1107@21.1	1236	1107	6	3	0	1	2	0.36	0.24		0.07	0.69	0.00	0.00		0.00	0.00	LOS_A	1	0.00	0.00	0			LOS_A	
1	7200-10800	120-1236@14.1-1112@5.6	1236	1112	327	279	2	9	6	1.15	1.22	2.67	2.12	0.17	0.01	0.01	0.00	0.00	0.00	LOS_A	1	0.00	0.00	31	0.31	0.00	LOS_A	1
1	7200-10800	120-1239@4.2-1099@27.3	1239	1099	0	0	0	0	0											LOS_A		0.00	0.00	0			LOS_A	
1	7200-10800	120-1239@4.2-1107@21.1	1239	1107	0	0	0	0	0											LOS_A		0.00	0.00	0			LOS_A	
1	7200-10800	120-1239@4.2-11576@36.8	1239	11576	0	0	0	0	0											LOS_A		0.00	0.00	0			LOS_A	
1	7200-10800	120			1378	1233	3	38	23	0.85	0.80	2.12	0.95	0.53	0.01	0.01	0.00	0.00	0.00	LOS_A	1	0.06	25.90	62	2.02	0.00	LOS_A	1
1	7200-10800	121			0	0	0	0	0											LOS_A				0			LOS_A	
1	7200-10800	122			0	0	0	0	0											LOS_A				0			LOS_A	
1	7200-10800	123			0	0	0	0	0											LOS_A				0			LOS_A	
1	7200-10800	124-1123@88.6-1122@4.7	1123	1122	6	6	0	0	0	0.04	0.04				0.00	0.00				LOS_A	1	0.00	0.00	0			LOS_A	
1	7200-10800	124-1130@109.7-1122@4.7	1130	1122	738	683	0	12	12	1.68	1.07		0.84	1.47	0.01	0.01		0.00	0.00	LOS_A	1	5.24	48.74	31	15.44	0.05	LOS_C	3
1	7200-10800	124-1130@109.7-1180@8.5	1130	1180	24	24	0	0	0	4.82	4.82				1.19	1.19				LOS_A	1	5.24	48.74	0			LOS_A	
1	7200-10800	124			768	713	0	12	12	1.76	1.19		0.84	1.47	0.04	0.05		0.00	0.00	LOS_A	1	2.62	48.74	31	15.44	0.05	LOS_C	3
1	7200-10800	125			0	0	0	0	0											LOS_A				0			LOS_A	
1	7200-10800	244-1156@962.0-1223@12.7	1156	1223	0	0	0	0	0											LOS_A		0.00	0.00	0			LOS_A	
1	7200-10800	244-1156@962.0-1224@15.7	1156	1224	385	364	0	9	12	0.11	0.11		0.05	0.09	0.00	0.00		0.00	0.00	LOS_A	1	0.00	0.00	0			LOS_A	
1	7200-10800	244-1221@50.0-1224@15.7	1221	1224	0	0	0	0	0											LOS_A		0.00	0.00	0			LOS_A	
1	7200-10800	244-1221@50.0-1225@11.6	1221	1225	0	0	0	0	0											LOS_A		0.00	0.00	0			LOS_A	
1	7200-10800	244-1227@99.3-1223@12.7	1227	1223	0	0	0	0	0											LOS_A		0.00	0.00	0			LOS_A	
1	7200-10800	244-1227@99.3-1225@11.6	1227	1225	356	349	0	5	2	0.49	0.49		0.36	0.21	0.00	0.00		0.00	0.00	LOS_A	1	0.00	0.00	0			LOS_A	
1	7200-10800	244			741	713	0	14	14	0.29	0.30		0.16	0.11	0.00	0.00		0.00	0.00	LOS_A	1	0.00	0.00	0			LOS_A	
1	7200-10800	245			0	0	0	0	0											LOS_A				0			LOS_A	
1	7200-10800	246-1224@100.1-1229@17.2	1224	1229	37	37	0	0	0	0.08	0.08				0.00	0.00				LOS_A	1	0.00	0.00	0			LOS_A	
1	7200-10800	246-1224@100.1-1230@17.9	1224	1230	348	327	0	9	12	0.71	0.73		0.68	0.30	0.00	0.00		0.00	0.00	LOS_A	1	0.00	0.00	0			LOS_A	
1	7200-10800	246-1228@93.7-1227@14.9	1228	1227	25	25	0	0	0	0.18	0.18				0.00	0.00				LOS_A	1	0.00	0.00	0			LOS_A	
1	7200-10800	246-1228@93.7-1230@17.9	1228	1230	112	111	0	1	0	0.41	0.41		0.53		0.00	0.00		0.00		LOS_A	1	0.00	0.00	0			LOS_A	
1	7200-10800	246-1235@217.9-1227@14.9	1235	1227	331	324	0	5	2	0.62	0.62		0.35	0.50	0.00	0.00		0.00	0.00	LOS_A	1	0.00	0.00	0			LOS_A	
1	7200-10800	246-1235@217.9-1229@17.2	1235	1229	71	71	0	0	0	0.25	0.25				0.00	0.00				LOS_A	1	0.00	0.00	0			LOS_A	
1	7200-10800	246			924	895	0	15	14	0.57	0.57		0.56	0.33	0.00	0.00		0.00	0.00	LOS_A	1	0.00	0.00	0			LOS_A	
1	7200-10800	247			0	0	0	0	0											LOS_A				0			LOS_A	
1	7200-10800	248-1152@193.7-1233@16.5	1152	1233	23	22	0	0	1	0.19	0.19			0.22	0.00	0.00			0.00	LOS_A	1	0.00	0.00	0			LOS_A	
1	7200-10800	248-1152@193.7-1235@13.8	1152	1235	399	392	0	5	2	0.38	0.38		0.29	1.02	0.00	0.00		0.00	0.00	LOS_A	1	0.00	0.00	0			LOS_A	
1	7200-10800	248-1230@222.2-1233@16.5	1230	1233	6	6	0	0	0	0.18	0.18				0.00	0.00				LOS_A	1	0.00	0.00	0			LOS_A	
1	7200-10800	248-1230@222.2-1234@16.0	1230	1234	454	432	0	10	12	0.56	0.56		0.75	0.52	0.00	0.00		0.00	0.00	LOS_A	1	0.00	0.00	0			LOS_A	
1	7200-10800	248-1232@78.7-1234@16.0	1232	1234	35	35	0	0	0	0.08	0.08				0.00	0.00				LOS_A	1	0.00	0.00	0			LOS_A	
1	7200-10800	248-1232@78.7-1235@13.8	1232	1235	3	3	0	0	0	0.05	0.05				0.00	0.00				LOS_A	1	0.00	0.00	0			LOS_A	
1	7200-10800	248			920	890	0	15	15	0.45	0.45		0.60	0.56	0.00	0.00		0.00	0.00	LOS_A	1	0.00	0.00	0			LOS_A	
1	7200-10800	249			0	0	0	0	0											LOS_A				0			LOS_A	
1	7200-10800	301-2254@5.6-2212@13.2	2254	2212	6	0	0	4	2	0.02			0.01	0.02	0.00			0.00	0.00	LOS_A	1	0.00	0.00	0			LOS_A	
1	7200-10800	301-2254@5.6-2213: Zone connector@52.1	2254	2213	26	24	2	0	0	1.19	1.06	2.87			0.00	0.00	0.00			LOS_A	1	0.00	0.00	0			LOS_A	
1	7200-10800	301-2254@5.6-2214: Ferris Rd@54.4	2254	2214	0	0	0	0	0											LOS_A		0.00	0.00	0			LOS_A	
1	7200-10800	301-2256: Zone connector@12.4-2210@21.6	2256	2210	0	0	0	0	0											LOS_A		0.00	0.00	0			LOS_A	
1	7200-10800	301-2256: Zone connector@12.4-2212@13.2	2256	2212	0	0	0	0	0											LOS_A		0.00	0.00	0			LOS_A	
1	7200-10800	301-2256: Zone connector@12.4-2213: Zone connector@52.1	2256	2213	610	572	0	23	13	0.28	0.28		0.31	0.23	0.00	0.00		0.00	0.00	LOS_A	1	0.00	0.00	2	0.00	0.00	LOS_A	1
1	7200-10800	301-2257@8.4-2210@21.6	2257	2210	0	0	0	0	0											LOS_A		0.00	0.00	0			LOS_A	
1	7200-10800	301-2257@8.4-2213: Zone connector@52.1	2257	2213	184	172	0	10	2	0.26	0.26		0.19	0.17	0.00	0.00		0.00	0.00	LOS_A	1	0.00	0.00	0			LOS_A	
1	7200-10800	301-2257@8.4-2214: Ferris Rd@54.4	2257	2214	2	2	0	0	0	1.72	1.72				0.00	0.00				LOS_A	1	0.00	0.00	0			LOS_A	
1	7200-10800	301-2258: Ferris Rd@4.3-2210@21.6	2258	2210	24	20	0	4	0	5.75	5.51		6.97		1.94	2.10		1.12		LOS_A	1	0.00	0.00	0			LOS_A	
1	7200-10800	301-2258: Ferris Rd@4.3-2212@13.2	2258	2212	265	242	1	15	7	4.84	4.37	7.21	5.38	19.69	0.45	0.11	0.00	0.00	13.22	LOS_A	1	0.00	0.00	0			LOS_A	
1	7200-10800	301-2258: Ferris Rd@4.3-2214: Ferris Rd@54.4	2258	2214	516	493	1	13	7	2.11	1.94	3.66	1.63	15.67	0.52	0.37	0.00	0.00	11.76	LOS_A	1	0.00	0.00	2	0.09	0.00	LOS_A	1
1	7200-10800	301			1633	1525	4	69	31	1.69	1.54	4.15	2.01	8.09	0.26	0.17	0.00	0.06	5.64	LOS_A	1	0.00	0.00	4	0.05	0.00	LOS_A	1
1	7200-10800	311-435: Leakes Rd@40.0-2350@32.4	435	2350	456	448	0	6	2	0.27	0.26		0.52	0.98	0.00	0.00		0.00	0.00	LOS_A	1	0.00	0.00	0			LOS_A	
1	7200-10800	311-435: Leakes Rd@40.0-2353@40.0	435	2353	876	829	1	25	21	0.26	0.26	0.45	0.16	0.43	0.00	0.00	0.00	0.00	0.00	LOS_A	1	0.00	0.00	0			LOS_A	
1	7200-10800	311-435: Leakes Rd@40.0-2356@40.3	435	2356	136	118	0	1	0	0.14	0.14		0.12		0.00	0.00		0.00		LOS_A	1	0.00	0.00	17	0.17	0.00	LOS_A	1
1	7200-10800	311-2347@136.8-2344: Leakes Rd@21.5	2347	2344	346	336	0	2	8	1.95	1.94		2.49	2.28	0.01	0.01		0.00	0.00	LOS_A	1	0.00	0.00	0			LOS_A	
1	7200-10800	311-2347@136.8-2353@40.0	2347	2353	2	2	0	0	0	0.53	0.53				0.00	0.00				LOS_A	1	0.00	0.00	0			LOS_A	
1	7200-10800	311-2347@136.8-2356@40.3	2347	2356	35	20	0	0	0	0.29	0.21				0.00	0.00				LOS_A	1	0.00	0.00	15	0.39	0.00	LOS_A	1
1	7200-10800	311-2354@38.7-2344: Leakes Rd@21.5	2354	2344	229	198	0	10	4	1.27	1.30		1.32	1.06	0.00	0.00		0.00	0.00	LOS_A	1	0.00	0.00	17	0.91	0.00	LOS_A	1
1	7200-10800	311-2354@38.7-2350@32.4	2354	2350	34	19	0	0	0	0.43	0.42				0.00	0.00				LOS_A	1	0.00	0.00	15	0.44	0.00	LOS_A	1
1	7200-10800	311-2354@38.7-2353@40.0	2354	2353	13	13	0	0	0	0.69	0.69				0.00	0.00				LOS_A	1	0.00	0.00	0			LOS_A	
1	7200-10800	311-2360@81.7-2344: Leakes Rd@21.5	2360	2344	698	651	1	22	24	1.41	1.32	0.00	2.53	2.76	0.01	0.01	0.00	0.00	0.00	LOS_A	1	0.00	0.00	0			LOS_A	
1	7200-10800	311-2360@81.7-2350@32.4	2360	2350	14	12	0	1	1	0.29	0.12		1.53	1.14	0.00	0.00		0.00	0.00	LOS_A	1	0.00	0.00	0			LOS_A	
1	7200-10800	311-2360@81.7-2356@40.3	2360	2356	9	9	0	0	0	2.77	2.77				0.00	0.00				LOS_A	1	0.00	0.00	0			LOS_A	
1	7200-10800	311			2848	2655	2	67	60	0.84	0.82	0.22	1.23	1.68	0.00	0.00	0.00	0.00	0.00	LOS_A	1	0.00	0.00	64	0.48	0.00	LOS_A	1
1	7200-10800	312-2419@3.3-24810@22.1	2419	24810	447	401	2	38	6	0.59	0.60	0.78	0.39	0.63	0.00	0.00	0.00	0.00	0.00	LOS_A	1	0.00	0.00	0			LOS_A	
1	7200-10800	312-2420@4.1-2422@13.2	2420	2422	367	340	0	25	2	0.39	0.37		0.66	1.07	0.00	0.00		0.00	0.00	LOS_A	1	0.00	0.00	0			LOS_A	
1	7200-10800	312-2475@44.5-2391@3.4	2475	2391	285	220	9	39	17	0.51	0.50	1.11	0.43	0.45	0.00	0.00	0.00	0.00	0.00	LOS_A	1	0.00	0.00	0			LOS_A	
1	7200-10800	312-2475@44.5-2422@13.2	2475	2422	52	47	0	3	2	5.39	5.12		7.72	8.43	0.00	0.00		0.00	0.00	LOS_A	1	0.00	0.00	0			LOS_A	
1	7200-10800	312-2527@16.1-2391@3.4	2527	2391	377	351	1	20	5	1.42	1.33	0.16	2.69	2.99	0.00	0.00	0.00	0.00	0.00	LOS_A	1	0.00	0.00	0			LOS_A	
1	7200-10800	312-2527@16.1-24810@22.1	2527	24810	134	129	0	5	0	1.55	1.54		1.72		0.00	0.00		0.00		LOS_A	1	0.00	0.00	0			LOS_A	
1	7200-10800	312			1662	1488	12	130	32	0.95	0.93	0.98	1.03	1.42	0.00	0.00	0.00	0.00	0.00	LOS_A	1	0.00	0.00	0			LOS_A	
1	7200-10800	313-2394@59.8-2414@34.7	2394	2414	504	477	2	19	6	1.47	1.41	3.37	2.44	2.83	0.00	0.00	0.00	0.00	0.00	LOS_A	1	0.00	0.00	0			LOS_A	
1	7200-10800	313-2394@59.8-2418@36.3	2394	2418	122	119	0	3	0	0.61	0.62		0.35		0.00	0.00		0.00		LOS_A	1	0.00	0.00	0			LOS_A	
1	7200-10800	313-2401@29.1-2389@16.1	2401	2389	622	593	0	24	5	4.26	4.13		7.38	4.32	0.09	0.01		2.06	0.00	LOS_A	1	0.45	87.49	0			LOS_A	
1	7200-10800	313-2401@29.1-2418@36.3	2401	2418	692	622	2	60	8	0.57	0.55	7.21	0.56	0.79	0.00	0.00	0.80	0.00	0.00	LOS_A	1	0.00	0.00	0			LOS_A	
1	7200-10800	313-2416@14.9-2389@16.1	2416	2389	184	158	1	20	5	1.88	1.90	0.51	1.84	1.77	0.01	0.01	0.00	0.00	0.00	LOS_A	1	0.00	0.00	0			LOS_A	
1	7200-10800	313-2416@14.9-2414@34.7	2416	2414	478	413	9	39	17	1.15	1.23	0.22	0.61	0.77	0.00	0.00	0.00	0.00	0.00	LOS_A	1	0.00	0.00	0			LOS_A	
1	7200-10800	313			2602	2382	14	165	41	1.83	1.83	1.69	1.93	1.63	0.02	0.00	0.11	0.30	0.00	LOS_A	1	0.09	87.49	0			LOS_A	
1	7200-10800	314-2403@220.3-2402@17.0	2403	2402	59	59	0	0	0	2.00	2.00				0.08	0.08				LOS_A	1	0.00	0.00	0			LOS_A	
1	7200-10800	314-2403@220.3-2424@24.2	2403	2424	16	16	0	0	0	1.20	1.20				0.00	0.00				LOS_A	1	0.00	0.00	0			LOS_A	
1	7200-10800	314-2409@18.3-2410@13.9	2409	2410	84	84	0	0	0	0.44	0.44				0.00	0.00				LOS_A	1	0.00	0.00	0			LOS_A	
1	7200-10800	314-2409@18.3-2424@24.2	2409	2424	898	806	11	58	23	0.67	0.55	2.13	1.63	2.04	0.00	0.00	0.00	0.00	0.00	LOS_A	1	0.00	0.00	0			LOS_A	
1	7200-10800	314-2413@40.6-2402@17.0	2413	2402	1255	1156	2	84	13	2.82	2.92	1.27	1.61	2.02	0.00	0.00	0.00	0.04	0.00	LOS_A	1	0.00	0.00	0			LOS_A	
1	7200-10800	314-2413@40.6-2410@13.9	2413	2410	21	21	0	0	0	2.39	2.39				0.44	0.44				LOS_A	1	0.09	42.36	0			LOS_A	
1	7200-10800	314-2517@5.7-2517@54.4	2517	2517	0	0	0	0	0											LOS_A		0.00	0.00	0			LOS_A	
1	7200-10800	314			2333	2142	13	142	36	1.87	1.88	1.99	1.62	2.03	0.01	0.01	0.00	0.02	0.00	LOS_A	1	0.02	42.36	0			LOS_A	
1	7200-10800	315-2424@32.6-2426@30.8	2424	2426	855	786	6	46	17	0.10	0.08	0.06	0.27	0.37	0.00	0.00	0.00	0.00	0.00	LOS_A	1	0.00	0.00	0			LOS_A	
1	7200-10800	315-2424@32.6-2434@37.0	2424	2434	11	11	0	0	0	0.01	0.01				0.00	0.00				LOS_A	1	0.00	0.00	0			LOS_A	
1	7200-10800	315-2424@32.6-2439@33.6	2424	2439	48	25	5	12	6	0.57	0.33	1.50	0.59	0.75	0.00	0.00	0.00	0.00	0.00	LOS_A	1	0.00	0.00	0			LOS_A	
1	7200-10800	315-2430@18.6-2413@31.6	2430	2413	153	130	2	18	3	2.69	2.44	4.51	4.12	3.70	0.00	0.00	0.00	0.00	0.00	LOS_A	1	0.00	0.00	0			LOS_A	
1	7200-10800	315-2430@18.6-2426@30.8	2430	2426	28	28	0	0	0	0.64	0.64				0.00	0.00				LOS_A	1	0.00	0.00	0			LOS_A	
1	7200-10800	315-2430@18.6-2439@33.6	2430	2439	1	1	0	0	0	4.59	4.59				0.00	0.00				LOS_A	1	0.00	0.00	0			LOS_A	
1	7200-10800	315-2438@12.4-2413@31.6	2438	2413	97	51	0	40	6	0.56	0.54		0.62	0.31	0.00	0.00		0.00	0.00	LOS_A	1	0.00	0.00	0			LOS_A	
1	7200-10800	315-2438@12.4-2426@30.8	2438	2426	0	0	0	0	0											LOS_A		0.00	0.00	0			LOS_A	
1	7200-10800	315-2438@12.4-2434@37.0	2438	2434	24	22	0	2	0	5.11	4.97		6.73		0.00	0.00		0.00		LOS_A	1	0.00	0.00	0			LOS_A	
1	7200-10800	315-2442@2.5-2413@31.6	2442	2413	1026	996	0	26	4	0.90	0.90		0.83	0.89	0.00	0.00		0.00	0.00	LOS_A	1	0.00	0.00	0			LOS_A	
1	7200-10800	315-2442@2.5-2434@37.0	2442	2434	3	0	0	3	0	1.73			1.73		0.00			0.00		LOS_A	1	0.00	0.00	0			LOS_A	
1	7200-10800	315-2442@2.5-2439@33.6	2442	2439	3	3	0	0	0	0.17	0.17				0.00	0.00				LOS_A	1	0.00	0.00	0			LOS_A	
1	7200-10800	315			2249	2053	13	147	36	0.73	0.70	1.30	1.08	0.76	0.00	0.00	0.00	0.00	0.00	LOS_A	1	0.00	0.00	0			LOS_A	
1	7200-10800	316			0	0	0	0	0											LOS_A				0			LOS_A	
1	7200-10800	317			0	0	0	0	0											LOS_A				0			LOS_A	
1	7200-10800	318			0	0	0	0	0											LOS_A				0			LOS_A	
1	7200-10800	319			0	0	0	0	0											LOS_A				0			LOS_A	
1	7200-10800	320			0	0	0	0	0											LOS_A				0			LOS_A	
1	7200-10800	322-2388@49.7-2387: Western Fwy  Deer Park Byp@24.8	2388	2387	806	751	1	44	10	2.76	2.70	10.07	3.56	3.02	0.22	0.20	0.98	0.50	0.71	LOS_A	1	0.00	0.00	0			LOS_A	
1	7200-10800	322-2397: Western Fwy  Deer Park Byp@854.3-2387: Western Fwy  Deer Park Byp@24.8	2397	2387	1867	1741	6	91	29	0.08	0.08	0.84	0.06	0.14	0.00	0.00	0.00	0.00	0.00	LOS_A	1	0.00	0.00	0			LOS_A	
1	7200-10800	322			2673	2492	7	135	39	0.89	0.87	2.16	1.20	0.87	0.07	0.06	0.14	0.16	0.18	LOS_A	1	0.00	0.00	0			LOS_A	
1	7200-10800	323-2479: Western Fwy  Deer Park Byp@45.3-2477@22.4	2479	2477	337	267	9	42	19	2.91	2.35	7.73	4.42	5.15	0.04	0.00	1.63	0.00	0.00	LOS_A	1	0.08	61.43	0			LOS_A	
1	7200-10800	323-2479: Western Fwy  Deer Park Byp@45.3-2478: Western Fwy  Deer Park Byp@24.6	2479	2478	1597	1364	21	129	83	0.41	0.35	0.55	0.97	0.49	0.01	0.00	0.00	0.07	0.00	LOS_A	1	0.08	61.43	0			LOS_A	
1	7200-10800	323			1934	1631	30	171	102	0.84	0.68	2.70	1.81	1.36	0.01	0.00	0.49	0.06	0.00	LOS_A	1	0.08	61.43	0			LOS_A	
1	7200-10800	324-2478: Western Fwy  Deer Park Byp@817.5-2483: Western Fwy  Deer Park Byp@32.3	2478	2483	1598	1365	21	129	83	0.14	0.14	0.20	0.13	0.16	0.00	0.00	0.00	0.00	0.00	LOS_A	1	0.00	0.00	0			LOS_A	
1	7200-10800	324-2485@35.4-2483: Western Fwy  Deer Park Byp@32.3	2485	2483	581	530	2	43	6	2.47	2.48	4.23	2.40	1.29	0.04	0.03	0.21	0.06	0.00	LOS_A	1	0.00	0.00	0			LOS_A	
1	7200-10800	324			2179	1895	23	172	89	0.76	0.80	0.55	0.70	0.23	0.01	0.01	0.02	0.02	0.00	LOS_A	1	0.00	0.00	0			LOS_A	
1	7200-10800	325-2398: Western Fwy  Deer Park Byp@29.7-2385@22.8	2398	2385	626	596	2	22	6	3.50	3.36	6.38	6.48	6.01	0.00	0.00	0.00	0.00	0.00	LOS_A	1	0.00	0.00	0			LOS_A	
1	7200-10800	325-2398: Western Fwy  Deer Park Byp@29.7-2397: Western Fwy  Deer Park Byp@22.4	2398	2397	1867	1741	6	91	29	0.30	0.30	1.13	0.26	0.22	0.00	0.00	0.00	0.00	0.00	LOS_A	1	0.00	0.00	0			LOS_A	
1	7200-10800	325			2493	2337	8	113	35	1.10	1.08	2.44	1.47	1.21	0.00	0.00	0.00	0.00	0.00	LOS_A	1	0.00	0.00	0			LOS_A	
1	7200-10800	326-2502: Western Fwy  Deer Park Byp@2131.3-271708: Western Fwy  Deer Park Byp@8.4	2502	271708	1424	1331	5	67	21	37.51	37.58	47.74	36.01	35.55	0.68	0.67	1.88	0.72	0.60	LOS_E	5	392.78	1009.08	0			LOS_A	
1	7200-10800	326-2514: Western Fwy  Deer Park Byp@123.6-271708: Western Fwy  Deer Park Byp@8.4	2514	271708	1069	1006	3	46	14	25.88	25.67	27.33	26.19	39.60	0.56	0.56	0.00	0.47	0.98	LOS_D	4	1.66	99.40	0			LOS_A	
1	7200-10800	326			2493	2337	8	113	35	32.52	32.45	40.09	32.01	37.17	0.63	0.63	1.18	0.62	0.75	LOS_D	4	197.22	1009.08	0			LOS_A	
1	7200-10800	327-2505: Western Fwy  Deer Park Byp@34.2-2506: Western Fwy  Deer Park Byp@21.2	2505	2506	1269	1072	19	113	65	2.76	2.66	6.07	2.89	3.21	0.56	0.57	0.94	0.42	0.55	LOS_A	1	18.76	490.42	0			LOS_A	
1	7200-10800	327-2505: Western Fwy  Deer Park Byp@34.2-2508: Western Fwy  Deer Park Byp@13.2	2505	2508	909	822	4	59	24	4.37	4.15	1.20	4.79	11.66	0.98	0.80	0.00	1.28	6.47	LOS_A	1	18.76	490.42	0			LOS_A	
1	7200-10800	327			2178	1894	23	172	89	3.43	3.31	5.23	3.54	5.49	0.74	0.67	0.77	0.72	2.15	LOS_A	1	18.76	490.42	0			LOS_A	
1	10800-14400	44-15@10.7-243: Ferris Rd  Melton Hwy@24.7	15	243	428	403	0	14	9	0.39	0.38		0.11	1.30	0.05	0.05		0.00	0.41	LOS_A	1	0.00	0.00	2	0.20	0.00	LOS_A	1
1	10800-14400	44-421: Ferris Rd@65.5-20@13.7	421	20	179	175	0	2	2	1.60	1.56		3.30	3.31	0.00	0.00		0.00	0.00	LOS_A	1	0.00	0.00	0			LOS_A	
1	10800-14400	44-421: Ferris Rd@65.5-243: Ferris Rd  Melton Hwy@24.7	421	243	645	593	2	27	21	0.80	0.81	0.45	0.81	0.53	0.00	0.00	0.00	0.00	0.00	LOS_A	1	0.00	0.00	2	0.33	0.00	LOS_A	1
1	10800-14400	44-682@2.4-420: Ferris Rd@77.1	682	420	303	285	0	12	6	0.28	0.28		0.23	0.26	0.00	0.00		0.00	0.00	LOS_A	1	0.00	0.00	0			LOS_A	
1	10800-14400	44-10393@15.0-19@37.7	10393	19	148	148	0	0	0	0.33	0.33				0.00	0.00				LOS_A	1	0.00	0.00	0			LOS_A	
1	10800-14400	44-10393@15.0-420: Ferris Rd@77.1	10393	420	502	492	0	3	5	0.26	0.26		0.27	0.12	0.00	0.00		0.00	0.00	LOS_A	1	0.00	0.00	2	0.45	0.00	LOS_A	1
1	10800-14400	44			2205	2096	2	58	43	0.56	0.56	0.45	0.58	0.74	0.01	0.01	0.00	0.00	0.09	LOS_A	1	0.00	0.00	6	0.33	0.00	LOS_A	1
1	10800-14400	45-499: Zone connector@162.8-95: Melton Hwy@34.7	499	95	68	68	0	0	0	0.09	0.09				0.00	0.00				LOS_A	1	0.00	0.00	0			LOS_A	
1	10800-14400	45-499: Zone connector@162.8-307: Melton Hwy@21.7	499	307	90	88	0	1	1	0.16	0.16		0.12	0.26	0.00	0.00		0.00	0.00	LOS_A	1	0.00	0.00	0			LOS_A	
1	10800-14400	45-499: Zone connector@162.8-363: Gateway Dr@34.4	499	363	0	0	0	0	0											LOS_A		0.00	0.00	0			LOS_A	
1	10800-14400	45-677: Melton Hwy@21.1-307: Melton Hwy@21.7	677	307	419	404	0	6	9	0.29	0.30		0.10	0.20	0.00	0.00		0.00	0.00	LOS_A	1	0.00	0.00	0			LOS_A	
1	10800-14400	45-677: Melton Hwy@21.1-363: Gateway Dr@34.4	677	363	0	0	0	0	0											LOS_A		0.00	0.00	0			LOS_A	
1	10800-14400	45-677: Melton Hwy@21.1-500: Zone connector@16.0	677	500	43	43	0	0	0	4.21	4.21				0.00	0.00				LOS_A	1	0.00	5.04	0			LOS_A	
1	10800-14400	45-680: Melton Hwy@12.0-95: Melton Hwy@34.7	680	95	556	524	0	19	13	0.22	0.23		0.09	0.25	0.00	0.00		0.00	0.00	LOS_A	1	0.00	0.00	0			LOS_A	
1	10800-14400	45-680: Melton Hwy@12.0-363: Gateway Dr@34.4	680	363	18	18	0	0	0	3.20	3.20				0.00	0.00				LOS_A	1	0.00	0.00	0			LOS_A	
1	10800-14400	45-680: Melton Hwy@12.0-500: Zone connector@16.0	680	500	86	82	0	3	1	6.77	6.75		7.26	7.53	0.00	0.00		0.00	0.00	LOS_A	1	0.00	0.00	0			LOS_A	
1	10800-14400	45-27136: Gateway Dr@1.7-95: Melton Hwy@34.7	27136	95	0	0	0	0	0											LOS_A		0.00	0.00	0			LOS_A	
1	10800-14400	45-27136: Gateway Dr@1.7-307: Melton Hwy@21.7	27136	307	54	51	0	1	2	0.28	0.14		2.55	2.60	0.00	0.00		0.00	0.00	LOS_A	1	0.00	0.00	0			LOS_A	
1	10800-14400	45-27136: Gateway Dr@1.7-500: Zone connector@16.0	27136	500	2	2	0	0	0	0.01	0.01				0.00	0.00				LOS_A	1	0.00	0.00	0			LOS_A	
1	10800-14400	45			1336	1280	0	30	26	0.82	0.83		0.89	0.69	0.00	0.00		0.00	0.00	LOS_A	1	0.00	5.04	0			LOS_A	
1	10800-14400	46-12: Hopkins Rd@68.7-44: Hopkins Rd@23.1	12	44	576	512	2	30	19	1.06	1.08	0.08	1.16	0.55	0.00	0.00	0.00	0.00	0.00	LOS_A	1	0.01	7.59	13	0.89	0.00	LOS_A	1
1	10800-14400	46-12: Hopkins Rd@68.7-104@37.0	12	104	168	152	0	5	11	0.79	0.84		0.08	0.36	0.03	0.03		0.00	0.00	LOS_A	1	0.01	7.59	0			LOS_A	
1	10800-14400	46-12: Hopkins Rd@68.7-428@34.4	12	428	9	9	0	0	0	1.35	1.35				0.00	0.00				LOS_A	1	0.01	7.59	0			LOS_A	
1	10800-14400	46-12: Hopkins Rd@68.7-1243: Hopkins Rd@4.1	12	1243	0	0	0	0	0											LOS_A		0.01	7.59	0			LOS_A	
1	10800-14400	46-255: Hopkins Rd@16.9-44: Hopkins Rd@23.1	255	44	0	0	0	0	0											LOS_A		0.00	0.00	0			LOS_A	
1	10800-14400	46-255: Hopkins Rd@16.9-104@37.0	255	104	163	158	0	2	1	0.91	0.91		0.95	1.79	0.00	0.00		0.00	0.00	LOS_A	1	0.00	0.00	2	0.40	0.00	LOS_A	1
1	10800-14400	46-255: Hopkins Rd@16.9-428@34.4	255	428	15	15	0	0	0	0.08	0.08				0.00	0.00				LOS_A	1	0.00	0.00	0			LOS_A	
1	10800-14400	46-255: Hopkins Rd@16.9-1243: Hopkins Rd@4.1	255	1243	416	384	0	9	10	0.54	0.54		0.44	0.37	0.00	0.00		0.00	0.00	LOS_A	1	0.00	0.00	13	0.72	0.00	LOS_A	1
1	10800-14400	46-257@10.6-44: Hopkins Rd@23.1	257	44	475	453	3	13	6	1.16	1.15	1.10	1.33	1.88	0.00	0.00	0.00	0.00	0.00	LOS_A	1	0.00	0.00	0			LOS_A	
1	10800-14400	46-257@10.6-104@37.0	257	104	0	0	0	0	0											LOS_A		0.00	0.00	0			LOS_A	
1	10800-14400	46-257@10.6-428@34.4	257	428	0	0	0	0	0											LOS_A		0.00	0.00	0			LOS_A	
1	10800-14400	46-257@10.6-1243: Hopkins Rd@4.1	257	1243	347	330	1	9	7	0.38	0.38	0.24	0.48	0.31	0.00	0.00	0.00	0.00	0.00	LOS_A	1	0.00	0.00	0			LOS_A	
1	10800-14400	46-429@91.6-44: Hopkins Rd@23.1	429	44	36	36	0	0	0	1.62	1.62				0.00	0.00				LOS_A	1	0.00	0.00	0			LOS_A	
1	10800-14400	46-429@91.6-104@37.0	429	104	0	0	0	0	0											LOS_A		0.00	0.00	0			LOS_A	
1	10800-14400	46-429@91.6-428@34.4	429	428	0	0	0	0	0											LOS_A		0.00	0.00	0			LOS_A	
1	10800-14400	46-429@91.6-1243: Hopkins Rd@4.1	429	1243	16	16	0	0	0	0.37	0.37				0.00	0.00				LOS_A	1	0.00	0.00	0			LOS_A	
1	10800-14400	46			2221	2065	6	68	54	0.85	0.85	0.62	0.92	0.62	0.00	0.00	0.00	0.00	0.00	LOS_A	1	0.00	7.59	28	0.78	0.00	LOS_A	1
1	10800-14400	47-4: Caroline Springs Blvd@6.8-212: Caroline Springs Blvd@4.7	4	212	526	486	0	10	13	2.96	2.50		0.78	1.09	0.08	0.08		0.00	0.00	LOS_A	1	0.21	60.24	17	18.85	0.00	LOS_C	3
1	10800-14400	47-4: Caroline Springs Blvd@6.8-446@6.0	4	446	5	5	0	0	0	0.22	0.22				0.00	0.00				LOS_A	1	0.21	60.24	0			LOS_A	
1	10800-14400	47-447@32.5-212: Caroline Springs Blvd@4.7	447	212	1	1	0	0	0	0.02	0.02				0.00	0.00				LOS_A	1	0.00	0.00	0			LOS_A	
1	10800-14400	47-887: Caroline Springs Blvd@16.4-448@12.1	887	448	1000	919	5	30	29	0.87	0.85	0.28	0.85	0.86	0.00	0.00	0.00	0.00	0.00	LOS_A	1	0.00	0.00	17	1.91	0.00	LOS_A	1
1	10800-14400	47			1532	1411	5	40	42	1.58	1.42	0.28	0.83	0.93	0.03	0.03	0.00	0.00	0.00	LOS_A	1	0.07	60.24	34	10.38	0.00	LOS_B	2
1	10800-14400	49-351: Delma Rd@85.2-352: Eucumbene Dr@37.8	351	352	0	0	0	0	0											LOS_A		0.00	0.00	0			LOS_A	
1	10800-14400	49-351: Delma Rd@85.2-506: Zone connector@80.7	351	506	10	10	0	0	0	0.16	0.16				0.00	0.00				LOS_A	1	0.00	0.00	0			LOS_A	
1	10800-14400	49-353: Eucumbene Dr@275.9-350: Delma Rd@23.2	353	350	0	0	0	0	0											LOS_A		0.00	0.00	0			LOS_A	
1	10800-14400	49-353: Eucumbene Dr@275.9-506: Zone connector@80.7	353	506	40	40	0	0	0	0.05	0.05				0.00	0.00				LOS_A	1	0.00	0.00	0			LOS_A	
1	10800-14400	49-505: Zone connector@77.8-350: Delma Rd@23.2	505	350	36	36	0	0	0	0.06	0.06				0.00	0.00				LOS_A	1	0.00	0.00	0			LOS_A	
1	10800-14400	49-505: Zone connector@77.8-352: Eucumbene Dr@37.8	505	352	6	6	0	0	0	0.18	0.18				0.00	0.00				LOS_A	1	0.00	0.00	0			LOS_A	
1	10800-14400	49			92	92	0	0	0	0.08	0.08				0.00	0.00				LOS_A	1	0.00	0.00	0			LOS_A	
1	10800-14400	50-115: Western Hwy@22.9-209: Ballarat Rd  Western Hwy@28.7	115	209	224	206	0	9	9	0.12	0.11		0.02	0.43	0.00	0.00		0.00	0.00	LOS_A	1	0.00	0.00	0			LOS_A	
1	10800-14400	50-115: Western Hwy@22.9-283: Christies Rd@7.9	115	283	50	48	0	2	0	3.05	2.93		5.87		0.00	0.00		0.00		LOS_A	1	0.00	0.00	0			LOS_A	
1	10800-14400	50-461: Ballarat Rd  Western Hwy@7.1-114: Western Hwy@17.3	461	114	683	662	0	10	11	0.37	0.35		1.06	0.93	0.00	0.00		0.00	0.00	LOS_A	1	0.00	0.00	0			LOS_A	
1	10800-14400	50-461: Ballarat Rd  Western Hwy@7.1-209: Ballarat Rd  Western Hwy@28.7	461	209	12	12	0	0	0	0.65	0.65				0.00	0.00				LOS_A	1	0.00	0.00	0			LOS_A	
1	10800-14400	50-461: Ballarat Rd  Western Hwy@7.1-215: Caroline Springs Blvd@5.8	461	215	311	305	0	3	3	0.65	0.64		0.89	1.53	0.00	0.00		0.00	0.00	LOS_A	1	0.00	0.00	0			LOS_A	
1	10800-14400	50-648: Christies Rd@27.9-114: Western Hwy@17.3	648	114	84	81	0	2	1	0.53	0.51		1.34	1.23	0.00	0.00		0.00	0.00	LOS_A	1	0.00	0.00	0			LOS_A	
1	10800-14400	50-648: Christies Rd@27.9-209: Ballarat Rd  Western Hwy@28.7	648	209	48	41	1	5	1	3.05	2.56	5.92	6.16	5.17	0.00	0.00	0.00	0.00	0.00	LOS_A	1	0.00	0.00	0			LOS_A	
1	10800-14400	50-648: Christies Rd@27.9-215: Caroline Springs Blvd@5.8	648	215	440	397	1	13	12	0.89	0.88	0.00	1.30	1.71	0.00	0.00	0.00	0.00	0.00	LOS_A	1	0.00	0.00	17	0.36	0.00	LOS_A	1
1	10800-14400	50-649@8.2-283: Christies Rd@7.9	649	283	152	135	0	8	9	0.67	0.58		1.27	1.57	0.00	0.00		0.00	0.00	LOS_A	1	0.00	0.00	0			LOS_A	
1	10800-14400	50-651@22.8-215: Caroline Springs Blvd@5.8	651	215	249	217	4	14	14	1.22	1.10	4.14	1.66	1.89	0.00	0.00	0.00	0.00	0.00	LOS_A	1	0.00	0.00	0			LOS_A	
1	10800-14400	50-652: Caroline Springs Blvd@21.4-114: Western Hwy@17.3	652	114	123	118	0	1	4	0.93	0.89		1.18	1.96	0.00	0.00		0.00	0.00	LOS_A	1	0.00	0.00	0			LOS_A	
1	10800-14400	50-652: Caroline Springs Blvd@21.4-209: Ballarat Rd  Western Hwy@28.7	652	209	110	109	0	0	1	5.20	5.20			5.46	0.00	0.00			0.00	LOS_A	1	0.00	0.00	0			LOS_A	
1	10800-14400	50-652: Caroline Springs Blvd@21.4-283: Christies Rd@7.9	652	283	294	260	0	9	8	1.14	0.99		0.65	0.58	0.00	0.00		0.00	0.00	LOS_A	1	0.00	0.00	17	3.85	0.00	LOS_A	1
1	10800-14400	50			2780	2591	6	76	73	0.95	0.90	3.75	1.53	1.43	0.00	0.00	0.00	0.00	0.00	LOS_A	1	0.00	0.00	34	2.10	0.00	LOS_A	1
1	10800-14400	51-7: Ballarat Rd  Western Hwy@16.6-10: Ballarat Rd  Western Hwy@18.5	7	10	39	34	0	2	3	0.44	0.46		0.62	0.09	0.00	0.00		0.00	0.00	LOS_A	1	0.00	0.00	0			LOS_A	
1	10800-14400	51-7: Ballarat Rd  Western Hwy@16.6-385: Chisholm Dr@11.7	7	385	23	23	0	0	0	1.37	1.37				0.00	0.00				LOS_A	1	0.00	0.00	0			LOS_A	
1	10800-14400	51-7: Ballarat Rd  Western Hwy@16.6-670: Ballarat Rd  Western Hwy@1.4	7	670	57	57	0	0	0	2.09	2.09				0.00	0.00				LOS_A	1	0.00	0.00	0			LOS_A	
1	10800-14400	51-7: Ballarat Rd  Western Hwy@16.6-671: Panamax Rd@7.5	7	671	0	0	0	0	0											LOS_A		0.00	0.00	0			LOS_A	
1	10800-14400	51-347: Panamax Rd@4.8-10: Ballarat Rd  Western Hwy@18.5	347	10	228	225	0	1	2	1.81	1.83		0.20	0.33	0.18	0.18		0.00	0.00	LOS_A	1	0.00	0.00	0			LOS_A	
1	10800-14400	51-347: Panamax Rd@4.8-385: Chisholm Dr@11.7	347	385	43	43	0	0	0	2.61	2.61				0.13	0.13				LOS_A	1	0.00	0.00	0			LOS_A	
1	10800-14400	51-347: Panamax Rd@4.8-670: Ballarat Rd  Western Hwy@1.4	347	670	216	211	0	3	2	4.68	4.64		6.13	6.02	0.18	0.18		0.00	0.00	LOS_A	1	0.31	24.81	0			LOS_A	
1	10800-14400	51-360: Ballarat Rd  Western Hwy@55.2-10: Ballarat Rd  Western Hwy@18.5	360	10	270	252	1	10	7	0.95	0.91	3.74	1.23	1.58	0.07	0.07	0.00	0.00	0.00	LOS_A	1	0.00	0.00	0			LOS_A	
1	10800-14400	51-360: Ballarat Rd  Western Hwy@55.2-385: Chisholm Dr@11.7	360	385	68	65	0	2	1	2.64	2.59		4.21	3.29	0.42	0.44		0.00	0.00	LOS_A	1	0.00	0.00	0			LOS_A	
1	10800-14400	51-360: Ballarat Rd  Western Hwy@55.2-671: Panamax Rd@7.5	360	671	56	51	0	2	3	1.97	1.95		2.03	2.27	0.07	0.07		0.00	0.00	LOS_A	1	0.00	0.00	0			LOS_A	
1	10800-14400	51-673: Chisholm Dr@12.9-10: Ballarat Rd  Western Hwy@18.5	673	10	49	49	0	0	0	0.32	0.32				0.00	0.00				LOS_A	1	0.00	0.00	0			LOS_A	
1	10800-14400	51-673: Chisholm Dr@12.9-670: Ballarat Rd  Western Hwy@1.4	673	670	46	46	0	0	0	2.13	2.13				0.01	0.01				LOS_A	1	0.00	0.00	0			LOS_A	
1	10800-14400	51-673: Chisholm Dr@12.9-671: Panamax Rd@7.5	673	671	32	32	0	0	0	9.06	9.06				0.10	0.10				LOS_A	1	0.00	0.00	0			LOS_A	
1	10800-14400	51-885: Ballarat Rd  Western Hwy@6.9-10: Ballarat Rd  Western Hwy@18.5	885	10	0	0	0	0	0											LOS_A		0.00	0.00	0			LOS_A	
1	10800-14400	51-885: Ballarat Rd  Western Hwy@6.9-385: Chisholm Dr@11.7	885	385	95	93	0	1	1	3.97	4.03		1.50	1.71	0.09	0.09		0.00	0.00	LOS_A	1	0.00	0.00	0			LOS_A	
1	10800-14400	51-885: Ballarat Rd  Western Hwy@6.9-670: Ballarat Rd  Western Hwy@1.4	885	670	813	774	0	18	21	2.39	2.36		2.90	3.23	0.00	0.00		0.00	0.00	LOS_A	1	0.00	0.00	0			LOS_A	
1	10800-14400	51-885: Ballarat Rd  Western Hwy@6.9-671: Panamax Rd@7.5	885	671	179	172	0	4	3	2.82	2.69		5.82	6.05	0.00	0.00		0.00	0.00	LOS_A	1	0.00	0.00	0			LOS_A	
1	10800-14400	51			2214	2127	1	43	43	2.47	2.46	3.74	2.83	2.83	0.07	0.07	0.00	0.00	0.00	LOS_A	1	0.04	24.81	0			LOS_A	
1	10800-14400	52-928: Melton Hwy@4.6-182@17.4	928	182	319	301	0	7	9	0.36	0.36		0.30	0.40	0.00	0.00		0.00	0.00	LOS_A	1	0.00	0.00	2	0.23	0.00	LOS_A	1
1	10800-14400	52-928: Melton Hwy@4.6-308: Ferris Rd  Melton Hwy@32.7	928	308	549	539	0	3	5	0.50	0.51		0.22	0.01	0.00	0.00		0.00	0.00	LOS_A	1	0.00	0.00	2	0.05	0.00	LOS_A	1
1	10800-14400	52-2259: Ferris Rd  Melton Hwy@16.4-182@17.4	2259	182	176	152	0	12	12	3.09	2.87		3.96	5.02	0.00	0.00		0.00	0.00	LOS_A	1	0.00	0.00	0			LOS_A	
1	10800-14400	52-2259: Ferris Rd  Melton Hwy@16.4-200: Melton Hwy@86.6	2259	200	897	844	2	29	18	0.49	0.49	0.20	0.46	0.69	0.00	0.00	0.00	0.00	0.00	LOS_A	1	0.00	0.00	4	0.43	0.00	LOS_A	1
1	10800-14400	52-2260@39.2-200: Melton Hwy@86.6	2260	200	103	101	0	2	0	8.54	8.49		11.30		0.00	0.00		0.00		LOS_A	1	0.00	0.00	0			LOS_A	
1	10800-14400	52-2260@39.2-308: Ferris Rd  Melton Hwy@32.7	2260	308	101	101	0	0	0	0.32	0.32				0.00	0.00				LOS_A	1	0.00	0.00	0			LOS_A	
1	10800-14400	52			2145	2038	2	53	44	1.07	1.04	0.20	1.62	1.74	0.00	0.00	0.00	0.00	0.00	LOS_A	1	0.00	0.00	8	0.29	0.00	LOS_A	1
1	10800-14400	53-899: Melton Hwy@13.5-199: Melton Hwy@15.4	899	199	0	0	0	0	0											LOS_A		0.00	0.00	0			LOS_A	
1	10800-14400	53-899: Melton Hwy@13.5-301: High St@21.5	899	301	34	34	0	0	0	0.57	0.57				0.00	0.00				LOS_A	1	0.00	0.00	0			LOS_A	
1	10800-14400	53-899: Melton Hwy@13.5-376: High St@3.8	899	376	435	415	2	9	5	0.49	0.51	0.11	0.10	0.52	0.00	0.00	0.00	0.00	0.00	LOS_A	1	0.00	0.00	4	0.04	0.00	LOS_A	1
1	10800-14400	53-899: Melton Hwy@13.5-271619: Melton Hwy@15.3	899	271619	531	496	0	22	13	0.36	0.36		0.51	0.34	0.00	0.00		0.00	0.00	LOS_A	1	0.00	0.00	0			LOS_A	
1	10800-14400	53-900: High St@7.7-199: Melton Hwy@15.4	900	199	327	319	0	2	2	2.15	2.15		0.71	0.62	0.00	0.00		0.00	0.00	LOS_A	1	0.00	0.00	4	3.08	0.00	LOS_A	1
1	10800-14400	53-900: High St@7.7-301: High St@21.5	900	301	43	43	0	0	0	0.32	0.32				0.00	0.00				LOS_A	1	0.00	0.00	0			LOS_A	
1	10800-14400	53-900: High St@7.7-376: High St@3.8	900	376	0	0	0	0	0											LOS_A		0.00	0.00	0			LOS_A	
1	10800-14400	53-900: High St@7.7-271619: Melton Hwy@15.3	900	271619	113	112	0	0	1	4.51	4.46			10.95	0.00	0.00			0.00	LOS_A	1	0.00	0.00	0			LOS_A	
1	10800-14400	53-901: Melton Hwy@54.1-199: Melton Hwy@15.4	901	199	498	478	0	8	12	0.93	0.92		0.67	1.75	0.00	0.00		0.00	0.00	LOS_A	1	0.00	0.00	0			LOS_A	
1	10800-14400	53-901: Melton Hwy@54.1-301: High St@21.5	901	301	8	8	0	0	0	3.04	3.04				0.00	0.00				LOS_A	1	0.00	0.00	0			LOS_A	
1	10800-14400	53-901: Melton Hwy@54.1-376: High St@3.8	901	376	57	57	0	0	0	0.62	0.62				0.00	0.00				LOS_A	1	0.00	0.00	0			LOS_A	
1	10800-14400	53-901: Melton Hwy@54.1-271619: Melton Hwy@15.3	901	271619	0	0	0	0	0											LOS_A		0.00	0.00	0			LOS_A	
1	10800-14400	53-1241: High St@3.1-199: Melton Hwy@15.4	1241	199	43	43	0	0	0	1.76	1.76				0.00	0.00				LOS_A	1	0.00	0.00	0			LOS_A	
1	10800-14400	53-1241: High St@3.1-301: High St@21.5	1241	301	0	0	0	0	0											LOS_A		0.00	0.00	0			LOS_A	
1	10800-14400	53-1241: High St@3.1-376: High St@3.8	1241	376	32	32	0	0	0	0.43	0.43				0.00	0.00				LOS_A	1	0.00	0.00	0			LOS_A	
1	10800-14400	53-1241: High St@3.1-271619: Melton Hwy@15.3	1241	271619	16	16	0	0	0	0.47	0.47				0.00	0.00				LOS_A	1	0.00	0.00	0			LOS_A	
1	10800-14400	53			2137	2053	2	41	33	1.06	1.07	0.11	0.46	1.22	0.00	0.00	0.00	0.00	0.00	LOS_A	1	0.00	0.00	8	1.56	0.00	LOS_A	1
1	10800-14400	54-526: Ferris Rd@22.5-310@35.3	526	310	20	19	0	1	0	2.63	2.54		4.31		0.00	0.00		0.00		LOS_A	1	0.00	0.00	0			LOS_A	
1	10800-14400	54-526: Ferris Rd@22.5-421: Ferris Rd@15.4	526	421	0	0	0	0	0											LOS_A		0.00	0.00	0			LOS_A	
1	10800-14400	54-526: Ferris Rd@22.5-525: Ferris Rd@18.9	526	525	785	758	0	14	11	0.28	0.28		0.29	0.22	0.00	0.00		0.00	0.00	LOS_A	1	0.00	0.00	2	0.00	0.00	LOS_A	1
1	10800-14400	54-527: Zone connector@58.2-310@35.3	527	310	0	0	0	0	0											LOS_A		0.00	0.00	0			LOS_A	
1	10800-14400	54-527: Zone connector@58.2-421: Ferris Rd@15.4	527	421	810	754	2	29	23	0.71	0.73	0.25	0.58	0.46	0.00	0.00	0.00	0.00	0.00	LOS_A	1	0.00	0.00	2	0.33	0.00	LOS_A	1
1	10800-14400	54-528@5.7-421: Ferris Rd@15.4	528	421	14	14	0	0	0	1.69	1.69				0.00	0.00				LOS_A	1	0.00	0.00	0			LOS_A	
1	10800-14400	54-528@5.7-525: Ferris Rd@18.9	528	525	3	3	0	0	0	0.05	0.05				0.00	0.00				LOS_A	1	0.00	0.00	0			LOS_A	
1	10800-14400	54			1632	1548	2	44	34	0.54	0.54	0.25	0.57	0.38	0.00	0.00	0.00	0.00	0.00	LOS_A	1	0.00	0.00	4	0.17	0.00	LOS_A	1
1	10800-14400	58-600: Leakes Rd@50.8-273@50.4	600	273	171	160	2	5	4	0.49	0.42	1.95	1.32	1.59	0.00	0.00	0.00	0.00	0.00	LOS_A	1	0.00	0.00	0			LOS_A	
1	10800-14400	58-600: Leakes Rd@50.8-437: Leakes Rd@57.3	600	437	635	597	1	12	8	1.01	0.48	1.07	0.42	0.44	0.00	0.00	0.00	0.00	0.00	LOS_A	1	0.00	0.00	17	20.45	0.00	LOS_C	3
1	10800-14400	58-1263: Leakes Rd@67.9-271: Leakes Rd@3.2	1263	271	913	861	1	20	14	0.68	0.20	0.99	0.65	0.66	0.01	0.00	0.00	0.00	0.00	LOS_A	1	0.00	0.00	17	25.21	0.37	LOS_D	4
1	10800-14400	58-1263: Leakes Rd@67.9-273@50.4	1263	273	362	330	2	19	11	0.59	0.60	0.58	0.54	0.49	0.00	0.00	0.00	0.00	0.00	LOS_A	1	0.00	0.00	0			LOS_A	
1	10800-14400	58-2374@24.3-271: Leakes Rd@3.2	2374	271	229	219	0	5	5	3.49	3.35		6.52	6.93	0.00	0.00		0.00	0.00	LOS_A	1	0.00	0.00	0			LOS_A	
1	10800-14400	58-2374@24.3-437: Leakes Rd@57.3	2374	437	292	283	0	4	5	0.54	0.51		1.07	1.66	0.00	0.00		0.00	0.00	LOS_A	1	0.00	0.00	0			LOS_A	
1	10800-14400	58			2602	2450	6	65	47	0.97	0.65	1.19	1.10	1.44	0.00	0.00	0.00	0.00	0.00	LOS_A	1	0.00	0.00	34	22.83	0.19	LOS_C	3
1	10800-14400	59-271: Leakes Rd@241.4-401: Leakes Rd@29.1	271	401	1142	1080	1	25	19	0.24	0.19	1.45	0.49	0.40	0.00	0.00	0.00	0.00	0.00	LOS_A	1	0.00	0.00	17	2.70	0.00	LOS_A	1
1	10800-14400	59-443@92.7-270: Leakes Rd@23.7	443	270	86	86	0	0	0	0.18	0.18				0.00	0.00				LOS_A	1	0.00	0.00	0			LOS_A	
1	10800-14400	59-443@92.7-442@13.5	443	442	0	0	0	0	0											LOS_A		0.00	0.00	0			LOS_A	
1	10800-14400	59-605: Leakes Rd@51.1-270: Leakes Rd@23.7	605	270	720	671	3	17	12	0.30	0.31	0.16	0.30	0.18	0.00	0.00	0.00	0.00	0.00	LOS_A	1	0.00	0.00	17	0.07	0.00	LOS_A	1
1	10800-14400	59-605: Leakes Rd@51.1-442@13.5	605	442	19	19	0	0	0	0.15	0.15				0.00	0.00				LOS_A	1	0.00	0.00	0			LOS_A	
1	10800-14400	59			1967	1856	4	42	31	0.26	0.23	0.49	0.41	0.31	0.00	0.00	0.00	0.00	0.00	LOS_A	1	0.00	0.00	34	1.39	0.00	LOS_A	1
1	10800-14400	60-604: Leakes Rd@15.0-398: Taylors Rd@53.4	604	398	48	48	0	0	0	0.54	0.54				0.00	0.00				LOS_A	1	0.00	0.00	0			LOS_A	
1	10800-14400	60-604: Leakes Rd@15.0-402: Leakes Rd@43.0	604	402	513	489	3	12	9	0.07	0.07	0.02	0.11	0.04	0.00	0.00	0.00	0.00	0.00	LOS_A	1	0.00	0.00	0			LOS_A	
1	10800-14400	60-604: Leakes Rd@15.0-2146@76.1	604	2146	43	40	2	1	0	0.46	0.33	2.98	0.88		0.00	0.00	0.00	0.00		LOS_A	1	0.00	0.00	0			LOS_A	
1	10800-14400	60-938: Leakes Rd@26.5-398: Taylors Rd@53.4	938	398	574	539	0	8	10	0.66	0.65		0.77	0.81	0.00	0.00		0.00	0.00	LOS_A	1	0.00	0.00	17	0.92	0.00	LOS_A	1
1	10800-14400	60-938: Leakes Rd@26.5-402: Leakes Rd@43.0	938	402	12	11	0	1	0	5.60	5.59		5.69		0.00	0.00		0.00		LOS_A	1	0.00	0.00	0			LOS_A	
1	10800-14400	60-938: Leakes Rd@26.5-2146@76.1	938	2146	162	151	1	6	4	0.60	0.55	1.62	1.21	1.05	0.00	0.01	0.00	0.00	0.00	LOS_A	1	0.01	11.82	0			LOS_A	
1	10800-14400	60-938: Leakes Rd@26.5-27139: Leakes Rd@68.2	938	27139	394	379	0	10	5	0.19	0.17		0.83	0.82	0.00	0.00		0.00	0.00	LOS_A	1	0.00	0.00	0			LOS_A	
1	10800-14400	60-2149@32.7-398: Taylors Rd@53.4	2149	398	18	18	0	0	0	0.07	0.07				0.00	0.00				LOS_A	1	0.00	0.00	0			LOS_A	
1	10800-14400	60-2149@32.7-402: Leakes Rd@43.0	2149	402	53	52	0	0	1	2.54	2.52			3.96	0.00	0.00			0.00	LOS_A	1	0.00	0.00	0			LOS_A	
1	10800-14400	60-2149@32.7-27139: Leakes Rd@68.2	2149	27139	24	24	0	0	0	2.45	2.45				0.00	0.00				LOS_A	1	0.00	0.00	0			LOS_A	
1	10800-14400	60-271394: Taylors Rd@21.3-402: Leakes Rd@43.0	271394	402	161	138	0	4	2	2.03	1.60		3.17	2.65	0.00	0.00		0.00	0.00	LOS_A	1	0.00	0.00	17	5.23	0.00	LOS_A	1
1	10800-14400	60-271394: Taylors Rd@21.3-2146@76.1	271394	2146	38	38	0	0	0	0.09	0.09				0.00	0.00				LOS_A	1	0.00	0.00	0			LOS_A	
1	10800-14400	60-271394: Taylors Rd@21.3-27139: Leakes Rd@68.2	271394	27139	49	49	0	0	0	0.33	0.33				0.00	0.00				LOS_A	1	0.00	0.00	0			LOS_A	
1	10800-14400	60			2089	1976	6	42	31	0.59	0.54	1.27	1.01	0.84	0.00	0.00	0.00	0.00	0.00	LOS_A	1	0.00	11.82	34	3.07	0.00	LOS_A	1
1	10800-14400	61-539: Leakes Rd@105.5-438: Leakes Rd@41.9	539	438	251	239	0	6	6	0.23	0.21		0.15	1.00	0.00	0.00		0.00	0.00	LOS_A	1	0.00	0.00	0			LOS_A	
1	10800-14400	61-863: Leakes Rd@80.4-265@25.1	863	265	211	207	1	1	2	3.08	3.04	6.67	4.32	4.15	0.00	0.00	0.00	0.00	0.00	LOS_A	1	0.00	0.00	0			LOS_A	
1	10800-14400	61-863: Leakes Rd@80.4-435: Leakes Rd@21.2	863	435	716	673	0	15	11	1.33	1.16		1.24	0.82	0.01	0.01		0.00	0.00	LOS_A	1	0.00	0.00	17	8.14	0.00	LOS_A	1
1	10800-14400	61-2344: Leakes Rd@40.2-265@25.1	2344	265	294	279	0	11	4	0.19	0.19		0.30	0.05	0.00	0.00		0.00	0.00	LOS_A	1	0.00	0.00	0			LOS_A	
1	10800-14400	61-2344: Leakes Rd@40.2-438: Leakes Rd@41.9	2344	438	1024	952	3	33	19	0.53	0.53	0.04	0.48	0.59	0.00	0.00	0.00	0.00	0.00	LOS_A	1	0.00	0.00	17	0.91	0.00	LOS_A	1
1	10800-14400	61-2345@108.7-435: Leakes Rd@21.2	2345	435	678	668	0	7	3	0.25	0.26		0.19	0.28	0.00	0.00		0.00	0.00	LOS_A	1	0.00	0.00	0			LOS_A	
1	10800-14400	61			3174	3018	4	73	45	0.76	0.72	1.70	0.61	0.79	0.00	0.00	0.00	0.00	0.00	LOS_A	1	0.00	0.00	34	4.52	0.00	LOS_A	1
1	10800-14400	62-267: Ian Cowie Way@65.6-264: Leakes Rd@17.3	267	264	1	1	0	0	0	0.22	0.22				0.00	0.00				LOS_A	1	0.00	0.00	0			LOS_A	
1	10800-14400	62-267: Ian Cowie Way@65.6-434: Leakes Rd@22.8	267	434	5	5	0	0	0	0.06	0.06				0.00	0.00				LOS_A	1	0.00	0.00	0			LOS_A	
1	10800-14400	62-538: Leakes Rd@89.6-264: Leakes Rd@17.3	538	264	175	143	0	0	0	0.20	0.23				0.00	0.00				LOS_A	1	0.00	0.00	32	0.05	0.00	LOS_A	1
1	10800-14400	62-538: Leakes Rd@89.6-268: Ian Cowie Way@17.3	538	268	3	3	0	0	0	0.03	0.03				0.00	0.00				LOS_A	1	0.00	0.00	0			LOS_A	
1	10800-14400	62-864: Leakes Rd@39.3-268: Ian Cowie Way@17.3	864	268	0	0	0	0	0											LOS_A		0.00	0.00	0			LOS_A	
1	10800-14400	62-864: Leakes Rd@39.3-434: Leakes Rd@22.8	864	434	264	216	0	12	4	0.42	0.48		0.04	0.11	0.00	0.00		0.00	0.00	LOS_A	1	0.00	0.00	32	0.18	0.00	LOS_A	1
1	10800-14400	62			448	368	0	12	4	0.32	0.37		0.04	0.11	0.00	0.00		0.00	0.00	LOS_A	1	0.00	0.00	64	0.12	0.00	LOS_A	1
1	10800-14400	63-374: Westcott Pde@100.7-263: Leakes Rd@9.1	374	263	26	26	0	0	0	0.03	0.03				0.00	0.00				LOS_A	1	0.00	0.00	0			LOS_A	
1	10800-14400	63-374: Westcott Pde@100.7-372: Leakes Rd@14.9	374	372	0	0	0	0	0											LOS_A		0.00	0.00	0			LOS_A	
1	10800-14400	63-542: Leakes Rd@34.5-372: Leakes Rd@14.9	542	372	160	128	0	0	0	0.05	0.06				0.00	0.00				LOS_A	1	0.00	0.00	32	0.01	0.00	LOS_A	1
1	10800-14400	63-542: Leakes Rd@34.5-375: Westcott Pde@26.6	542	375	16	16	0	0	0	0.08	0.08				0.00	0.00				LOS_A	1	0.00	0.00	0			LOS_A	
1	10800-14400	63-543: Leakes Rd@6.7-263: Leakes Rd@9.1	543	263	238	190	0	12	4	0.10	0.12		0.01	0.01	0.00	0.00		0.00	0.00	LOS_A	1	0.00	0.00	32	0.06	0.00	LOS_A	1
1	10800-14400	63-543: Leakes Rd@6.7-375: Westcott Pde@26.6	543	375	0	0	0	0	0											LOS_A		0.00	0.00	0			LOS_A	
1	10800-14400	63			440	360	0	12	4	0.08	0.09		0.01	0.01	0.00	0.00		0.00	0.00	LOS_A	1	0.00	0.00	64	0.04	0.00	LOS_A	1
1	10800-14400	66-622: Neales Rd W@46.2-34: Neales Rd W@22.7	622	34	81	81	0	0	0	1.19	1.19				0.00	0.00				LOS_A	1	0.00	0.00	0			LOS_A	
1	10800-14400	66-622: Neales Rd W@46.2-232: Hopkins Rd@9.0	622	232	292	276	0	7	7	1.06	0.97		2.69	2.64	0.04	0.04		0.00	0.00	LOS_A	1	0.00	0.00	2	2.01	0.00	LOS_A	1
1	10800-14400	66-622: Neales Rd W@46.2-910: Melton Hwy@30.7	622	910	8	8	0	0	0	0.71	0.71				0.00	0.00				LOS_A	1	0.00	0.00	0			LOS_A	
1	10800-14400	66-897: Hopkins Rd@13.5-35: Neales Rd W@48.6	897	35	289	273	0	8	6	1.37	1.28		2.35	3.80	0.00	0.00		0.00	0.00	LOS_A	1	0.00	0.00	2	2.07	0.00	LOS_A	1
1	10800-14400	66-897: Hopkins Rd@13.5-910: Melton Hwy@30.7	897	910	395	369	0	7	6	1.06	0.45		0.04	0.23	0.05	0.00		0.00	0.00	LOS_A	1	0.00	0.00	13	19.34	1.39	LOS_C	3
1	10800-14400	66-908: Melton Hwy@56.5-34: Neales Rd W@22.7	908	34	5	5	0	0	0	3.47	3.47				0.00	0.00				LOS_A	1	0.00	0.00	0			LOS_A	
1	10800-14400	66-908: Melton Hwy@56.5-35: Neales Rd W@48.6	908	35	5	5	0	0	0	2.21	2.21				0.00	0.00				LOS_A	1	0.00	0.00	0			LOS_A	
1	10800-14400	66-908: Melton Hwy@56.5-232: Hopkins Rd@9.0	908	232	297	268	0	6	10	0.95	0.88		0.38	0.28	0.01	0.01		0.00	0.00	LOS_A	1	0.00	0.00	13	3.30	0.00	LOS_A	1
1	10800-14400	66-2206: Neales Rd W@67.0-35: Neales Rd W@48.6	2206	35	12	12	0	0	0	0.46	0.46				0.00	0.00				LOS_A	1	0.00	0.00	0			LOS_A	
1	10800-14400	66-2206: Neales Rd W@67.0-232: Hopkins Rd@9.0	2206	232	49	49	0	0	0	3.21	3.21				0.00	0.00				LOS_A	1	0.00	0.00	0			LOS_A	
1	10800-14400	66-2206: Neales Rd W@67.0-910: Melton Hwy@30.7	2206	910	8	8	0	0	0	0.63	0.63				0.00	0.00				LOS_A	1	0.00	0.00	0			LOS_A	
1	10800-14400	66-271701@14.9-34: Neales Rd W@22.7	271701	34	310	289	3	10	8	1.03	0.98	1.89	1.65	1.91	0.01	0.01	0.00	0.00	0.00	LOS_A	1	0.00	0.00	0			LOS_A	
1	10800-14400	66			1751	1643	3	38	37	1.16	0.97	1.89	1.49	1.64	0.02	0.01	0.00	0.00	0.00	LOS_A	1	0.00	0.00	30	10.08	0.60	LOS_B	2
1	10800-14400	67-230: Hopkins Rd@80.5-37@39.6	230	37	143	128	0	6	9	0.43	0.38		0.35	1.20	0.00	0.00		0.00	0.00	LOS_A	1	0.00	0.00	0			LOS_A	
1	10800-14400	67-230: Hopkins Rd@80.5-426: Hopkins Rd@27.0	230	426	495	465	0	7	8	1.92	1.51		0.83	2.54	0.00	0.00		0.00	0.09	LOS_A	1	0.00	0.00	15	14.69	0.00	LOS_B	2
1	10800-14400	67-427: Hopkins Rd@65.2-231: Hopkins Rd@8.0	427	231	859	806	3	22	15	0.44	0.38	0.70	1.31	1.20	0.00	0.00	0.00	0.00	0.00	LOS_A	1	0.00	0.00	13	1.33	0.00	LOS_A	1
1	10800-14400	67-946@14.4-231: Hopkins Rd@8.0	946	231	135	125	0	3	5	0.24	0.22		0.32	0.43	0.00	0.00		0.00	0.00	LOS_A	1	0.00	0.00	2	0.40	0.00	LOS_A	1
1	10800-14400	67-946@14.4-426: Hopkins Rd@27.0	946	426	99	92	0	4	3	0.33	0.32		0.37	0.35	0.00	0.00		0.00	0.00	LOS_A	1	0.00	0.00	0			LOS_A	
1	10800-14400	67			1731	1616	3	42	40	0.84	0.69	0.70	0.93	1.31	0.00	0.00	0.00	0.00	0.02	LOS_A	1	0.00	0.00	30	7.95	0.00	LOS_A	1
1	10800-14400	68-252: Hopkins Rd@35.3-55: Hopkins Rd@43.4	252	55	681	649	0	13	13	0.73	0.75		0.61	0.26	0.00	0.00		0.00	0.00	LOS_A	1	0.00	0.00	6	0.62	0.00	LOS_A	1
1	10800-14400	68-252: Hopkins Rd@35.3-66: Meskos Rd@23.0	252	66	70	58	1	3	1	4.25	3.99	4.84	4.11	4.10	0.00	0.00	0.00	0.00	0.00	LOS_A	1	0.00	0.00	7	6.39	0.00	LOS_A	1
1	10800-14400	68-252: Hopkins Rd@35.3-82: Sheahan Rd@25.9	252	82	28	23	0	2	3	3.66	3.44		4.67	4.62	0.00	0.00		0.00	0.00	LOS_A	1	0.00	0.00	0			LOS_A	
1	10800-14400	68-2153: Sheahan Rd@17.6-12: Hopkins Rd@3.8	2153	12	41	38	0	3	0	5.31	5.19		6.83		0.00	0.00		0.00		LOS_A	1	0.00	0.00	0			LOS_A	
1	10800-14400	68-2153: Sheahan Rd@17.6-55: Hopkins Rd@43.4	2153	55	38	38	0	0	0	2.36	2.36				0.00	0.00				LOS_A	1	0.00	0.00	0			LOS_A	
1	10800-14400	68-2153: Sheahan Rd@17.6-66: Meskos Rd@23.0	2153	66	2	2	0	0	0	0.18	0.18				0.00	0.00				LOS_A	1	0.08	29.36	0			LOS_A	
1	10800-14400	68-2157: Hopkins Rd@4.7-12: Hopkins Rd@3.8	2157	12	626	561	2	28	29	0.49	0.50	1.30	0.48	0.43	0.00	0.00	0.00	0.00	0.00	LOS_A	1	0.00	0.00	6	0.29	0.00	LOS_A	1
1	10800-14400	68-2157: Hopkins Rd@4.7-66: Meskos Rd@23.0	2157	66	11	11	0	0	0	2.61	2.61				0.00	0.00				LOS_A	1	0.00	0.00	0			LOS_A	
1	10800-14400	68-2157: Hopkins Rd@4.7-82: Sheahan Rd@25.9	2157	82	5	5	0	0	0	4.19	4.19				0.00	0.00				LOS_A	1	0.00	0.00	0			LOS_A	
1	10800-14400	68-2195: Meskos Rd@18.4-12: Hopkins Rd@3.8	2195	12	86	74	0	4	1	1.14	0.65		3.58	3.32	0.00	0.00		0.00	0.00	LOS_A	1	0.00	0.00	7	4.62	0.00	LOS_A	1
1	10800-14400	68-2195: Meskos Rd@18.4-55: Hopkins Rd@43.4	2195	55	30	30	0	0	0	2.57	2.57				0.00	0.00				LOS_A	1	0.00	0.00	0			LOS_A	
1	10800-14400	68-2195: Meskos Rd@18.4-82: Sheahan Rd@25.9	2195	82	1	1	0	0	0	2.98	2.98				0.00	0.00				LOS_A	1	0.00	0.00	0			LOS_A	
1	10800-14400	68			1619	1490	3	53	47	1.08	1.03	2.48	1.47	0.79	0.00	0.00	0.00	0.00	0.00	LOS_A	1	0.01	29.36	26	3.17	0.00	LOS_A	1
1	10800-14400	69-290: Caroline Springs Blvd@7.8-60: Caroline Springs Blvd@15.2	290	60	0	0	0	0	0											LOS_A		0.00	0.00	0			LOS_A	
1	10800-14400	69-290: Caroline Springs Blvd@7.8-291: Caroline Springs Blvd@13.3	290	291	857	787	5	24	24	0.47	0.44	0.30	0.52	0.47	0.00	0.00	0.00	0.00	0.00	LOS_A	1	0.00	0.00	17	1.92	0.00	LOS_A	1
1	10800-14400	69-290: Caroline Springs Blvd@7.8-293: Chisholm Dr@13.5	290	293	79	71	0	4	4	0.57	0.58		0.42	0.53	0.00	0.00		0.00	0.00	LOS_A	1	0.00	0.00	0			LOS_A	
1	10800-14400	69-290: Caroline Springs Blvd@7.8-431: Springlake Ave@15.6	290	431	51	48	0	2	1	2.20	2.29		0.81	0.93	0.00	0.00		0.00	0.00	LOS_A	1	0.00	0.00	0			LOS_A	
1	10800-14400	69-292: Caroline Springs Blvd@170.8-60: Caroline Springs Blvd@15.2	292	60	476	436	0	10	13	3.32	2.76		0.39	1.67	1.45	1.39		0.00	0.05	LOS_A	1	0.57	33.05	17	20.80	4.81	LOS_C	3
1	10800-14400	69-292: Caroline Springs Blvd@170.8-291: Caroline Springs Blvd@13.3	292	291	0	0	0	0	0											LOS_A		0.57	33.05	0			LOS_A	
1	10800-14400	69-292: Caroline Springs Blvd@170.8-293: Chisholm Dr@13.5	292	293	5	5	0	0	0	25.75	25.75				17.74	17.74				LOS_D	4	0.57	33.05	0			LOS_A	
1	10800-14400	69-292: Caroline Springs Blvd@170.8-431: Springlake Ave@15.6	292	431	20	20	0	0	0	0.72	0.72				0.00	0.00				LOS_A	1	0.57	33.05	0			LOS_A	
1	10800-14400	69-294: Chisholm Dr@69.6-60: Caroline Springs Blvd@15.2	294	60	20	20	0	0	0	0.20	0.20				0.00	0.00				LOS_A	1	0.00	0.00	0			LOS_A	
1	10800-14400	69-294: Chisholm Dr@69.6-291: Caroline Springs Blvd@13.3	294	291	0	0	0	0	0											LOS_A		0.00	0.00	0			LOS_A	
1	10800-14400	69-294: Chisholm Dr@69.6-293: Chisholm Dr@13.5	294	293	0	0	0	0	0											LOS_A		0.00	0.00	0			LOS_A	
1	10800-14400	69-294: Chisholm Dr@69.6-431: Springlake Ave@15.6	294	431	0	0	0	0	0											LOS_A		0.00	0.00	0			LOS_A	
1	10800-14400	69-430: Springlake Ave@96.9-60: Caroline Springs Blvd@15.2	430	60	22	22	0	0	0	0.34	0.34				0.00	0.00				LOS_A	1	0.00	0.00	0			LOS_A	
1	10800-14400	69-430: Springlake Ave@96.9-291: Caroline Springs Blvd@13.3	430	291	20	20	0	0	0	0.27	0.27				0.00	0.00				LOS_A	1	0.00	0.00	0			LOS_A	
1	10800-14400	69-430: Springlake Ave@96.9-293: Chisholm Dr@13.5	430	293	0	0	0	0	0											LOS_A		0.00	0.00	0			LOS_A	
1	10800-14400	69-430: Springlake Ave@96.9-431: Springlake Ave@15.6	430	431	0	0	0	0	0											LOS_A		0.00	0.00	0			LOS_A	
1	10800-14400	69			1550	1429	5	40	42	1.49	1.30	0.30	0.49	0.86	0.50	0.49	0.00	0.00	0.01	LOS_A	1	0.14	33.05	34	11.36	2.40	LOS_B	2
1	10800-14400	70-352: Eucumbene Dr@292.9-111: Christies Rd@15.7	352	111	6	6	0	0	0	0.18	0.18				0.00	0.00				LOS_A	1	0.00	0.00	0			LOS_A	
1	10800-14400	70-647: Christies Rd@8.4-111: Christies Rd@15.7	647	111	472	419	0	19	17	0.96	0.99		0.52	0.80	0.00	0.00		0.00	0.00	LOS_A	1	0.00	0.00	17	0.91	0.00	LOS_A	1
1	10800-14400	70-647: Christies Rd@8.4-353: Eucumbene Dr@18.0	647	353	24	24	0	0	0	1.69	1.69				0.00	0.00				LOS_A	1	0.00	0.00	0			LOS_A	
1	10800-14400	70-647: Christies Rd@8.4-1920@12.9	647	1920	0	0	0	0	0											LOS_A		0.00	0.00	0			LOS_A	
1	10800-14400	70-891: Christies Rd@8.7-287: Christies Rd@20.9	891	287	572	519	2	20	14	1.62	1.66	0.35	1.38	2.19	0.00	0.00	0.00	0.00	0.00	LOS_A	1	0.00	0.00	17	0.54	0.00	LOS_A	1
1	10800-14400	70-891: Christies Rd@8.7-353: Eucumbene Dr@18.0	891	353	16	16	0	0	0	7.41	7.41				0.00	0.00				LOS_A	1	0.00	0.00	0			LOS_A	
1	10800-14400	70-891: Christies Rd@8.7-1920@12.9	891	1920	0	0	0	0	0											LOS_A		0.00	0.00	0			LOS_A	
1	10800-14400	70-1919@25.6-287: Christies Rd@20.9	1919	287	0	0	0	0	0											LOS_A		0.00	0.00	0			LOS_A	
1	10800-14400	70			1090	984	2	39	31	1.41	1.46	0.35	0.96	1.42	0.00	0.00	0.00	0.00	0.00	LOS_A	1	0.00	0.00	34	0.73	0.00	LOS_A	1
1	10800-14400	71-111: Christies Rd@84.9-129@9.8	111	129	341	325	0	9	7	0.05	0.05		0.04	0.10	0.00	0.00		0.00	0.00	LOS_A	1	0.00	0.00	0			LOS_A	
1	10800-14400	71-111: Christies Rd@84.9-282: Christies Rd@12.4	111	282	137	100	0	10	10	0.12	0.13		0.09	0.04	0.00	0.00		0.00	0.00	LOS_A	1	0.00	0.00	17	0.15	0.00	LOS_A	1
1	10800-14400	71-274: Christies Rd@5.8-112: Christies Rd@6.8	274	112	588	535	2	20	14	3.95	4.14	0.02	2.06	2.61	0.00	0.00	0.00	0.00	0.00	LOS_A	1	0.00	0.00	17	1.56	0.00	LOS_A	1
1	10800-14400	71-274: Christies Rd@5.8-129@9.8	274	129	165	134	0	25	6	3.83	3.64		4.63	4.81	0.00	0.00		0.00	0.00	LOS_A	1	0.00	0.00	0			LOS_A	
1	10800-14400	71			1231	1094	2	64	37	2.43	2.50	0.02	2.47	1.80	0.00	0.00	0.00	0.00	0.00	LOS_A	1	0.00	0.00	34	0.86	0.00	LOS_A	1
1	10800-14400	72-279: Christies Rd@96.9-280: Christies Rd@44.5	279	280	0	0	0	0	0											LOS_A		0.00	0.00	0			LOS_A	
1	10800-14400	72-279: Christies Rd@96.9-394: Christies Rd@15.7	279	394	84	50	0	9	8	4.91	5.15		0.72	11.37	0.98	1.03		0.00	3.42	LOS_A	1	0.00	0.00	17	3.38	0.23	LOS_A	1
1	10800-14400	72-279: Christies Rd@96.9-626: Palm Springs Rd@75.1	279	626	53	50	0	1	2	17.41	18.00		19.13	1.80	3.66	3.85		1.90	0.00	LOS_C	3	0.00	0.00	0			LOS_A	
1	10800-14400	72-393: Christies Rd@348.6-280: Christies Rd@44.5	393	280	203	153	0	29	4	17.46	17.62		19.66	32.64	1.60	1.70		1.55	2.80	LOS_C	3	0.53	31.50	17	8.65	0.55	LOS_A	1
1	10800-14400	72-393: Christies Rd@348.6-394: Christies Rd@15.7	393	394	0	0	0	0	0											LOS_A		0.53	31.50	0			LOS_A	
1	10800-14400	72-393: Christies Rd@348.6-626: Palm Springs Rd@75.1	393	626	3	3	0	0	0	3.97	3.97				0.00	0.00				LOS_A	1	0.53	31.50	0			LOS_A	
1	10800-14400	72-625: Palm Springs Rd@88.9-280: Christies Rd@44.5	625	280	232	214	1	8	9	11.10	11.50	0.24	4.91	8.29	0.70	0.75	0.00	0.00	0.14	LOS_B	2	0.25	39.49	0			LOS_A	
1	10800-14400	72-625: Palm Springs Rd@88.9-394: Christies Rd@15.7	625	394	31	31	0	0	0	12.53	12.53				1.82	1.82				LOS_B	2	0.25	39.49	0			LOS_A	
1	10800-14400	72-625: Palm Springs Rd@88.9-626: Palm Springs Rd@75.1	625	626	0	0	0	0	0											LOS_A		0.25	39.49	0			LOS_A	
1	10800-14400	72-1914@136.2-280: Christies Rd@44.5	1914	280	318	302	1	8	7	28.74	28.94	1.51	24.01	29.51	2.44	2.47	0.00	1.50	2.34	LOS_D	4	14.42	251.38	0			LOS_A	
1	10800-14400	72-1914@136.2-394: Christies Rd@15.7	1914	394	30	18	1	8	3	24.98	29.75	1.25	26.33	0.61	2.25	2.52	0.00	2.78	0.00	LOS_C	3	14.42	251.38	0			LOS_A	
1	10800-14400	72-1914@136.2-626: Palm Springs Rd@75.1	1914	626	43	35	1	5	2	18.76	19.80	1.79	22.01	0.97	1.76	1.96	0.00	1.40	0.00	LOS_C	3	14.42	251.38	0			LOS_A	
1	10800-14400	72			997	856	4	68	35	18.61	19.49	1.20	16.88	14.57	1.74	1.85	0.00	1.30	1.61	LOS_C	3	3.80	251.38	34	6.02	0.39	LOS_A	1
1	10800-14400	73-350: Delma Rd@97.2-464: Ballarat Rd  Western Hwy@8.8	350	464	36	36	0	0	0	0.05	0.05				0.00	0.00				LOS_A	1	0.00	0.00	0			LOS_A	
1	10800-14400	73-663: Ballarat Rd  Western Hwy@46.8-351: Delma Rd@11.2	663	351	10	10	0	0	0	2.41	2.41				0.00	0.00				LOS_A	1	0.00	0.00	0			LOS_A	
1	10800-14400	73-663: Ballarat Rd  Western Hwy@46.8-464: Ballarat Rd  Western Hwy@8.8	663	464	1122	1078	0	21	23	0.41	0.39		0.93	1.17	0.00	0.00		0.00	0.00	LOS_A	1	0.00	0.00	0			LOS_A	
1	10800-14400	73			1168	1124	0	21	23	0.42	0.39		0.93	1.17	0.00	0.00		0.00	0.00	LOS_A	1	0.00	0.00	0			LOS_A	
1	10800-14400	76-911@130.2-404: Hopkins Rd@29.7	911	404	41	41	0	0	0	0.16	0.16				0.00	0.00				LOS_A	1	0.00	0.00	0			LOS_A	
1	10800-14400	76-911@130.2-408: Hopkins Rd@16.0	911	408	84	84	0	0	0	0.54	0.54				0.00	0.00				LOS_A	1	0.00	0.00	0			LOS_A	
1	10800-14400	76-913: Hopkins Rd@4.0-408: Hopkins Rd@16.0	913	408	558	493	2	28	29	0.91	0.94	0.57	0.91	0.36	0.00	0.00	0.00	0.00	0.00	LOS_A	1	0.00	0.00	6	0.76	0.00	LOS_A	1
1	10800-14400	76-913: Hopkins Rd@4.0-912@27.4	913	912	24	20	0	3	1	5.63	5.38		6.84	7.20	0.00	0.00		0.00	0.00	LOS_A	1	0.00	0.00	0			LOS_A	
1	10800-14400	76-948: Hopkins Rd@33.1-404: Hopkins Rd@29.7	948	404	482	450	0	13	13	0.56	0.57		0.29	0.33	0.00	0.00		0.00	0.00	LOS_A	1	0.00	0.00	6	0.54	0.00	LOS_A	1
1	10800-14400	76-948: Hopkins Rd@33.1-912@27.4	948	912	267	267	0	0	0	1.78	1.78				0.00	0.00				LOS_A	1	0.00	0.00	0			LOS_A	
1	10800-14400	76			1456	1355	2	44	43	0.99	1.00	0.57	1.13	0.51	0.00	0.00	0.00	0.00	0.00	LOS_A	1	0.00	0.00	12	0.65	0.00	LOS_A	1
1	10800-14400	77-208: Western Fwy@25.5-84: Western Fwy@15.9	208	84	1247	1144	11	55	37	0.66	0.64	0.67	0.94	0.92	0.00	0.00	0.00	0.00	0.00	LOS_A	1	0.00	0.00	0			LOS_A	
1	10800-14400	77-208: Western Fwy@25.5-180@16.3	208	180	204	202	0	2	0	3.01	2.98		5.81		0.00	0.00		0.00		LOS_A	1	0.00	0.00	0			LOS_A	
1	10800-14400	77			1451	1346	11	57	37	0.99	0.99	0.67	1.11	0.92	0.00	0.00	0.00	0.00	0.00	LOS_A	1	0.00	0.00	0			LOS_A	
1	10800-14400	78-84: Western Fwy@896.6-203: Western Fwy@19.3	84	203	1247	1144	11	55	37	0.11	0.11	0.10	0.09	0.10	0.00	0.00	0.00	0.00	0.00	LOS_A	1	0.00	0.00	0			LOS_A	
1	10800-14400	78-529@72.8-203: Western Fwy@19.3	529	203	495	453	0	19	21	3.58	3.55		3.36	4.57	0.06	0.07		0.00	0.04	LOS_A	1	0.00	0.00	2	2.62	0.00	LOS_A	1
1	10800-14400	78			1742	1597	11	74	58	1.09	1.08	0.10	0.93	1.72	0.02	0.02	0.00	0.00	0.01	LOS_A	1	0.00	0.00	2	2.62	0.00	LOS_A	1
1	10800-14400	79-184: Western Fwy@928.7-205: Western Fwy@68.7	184	205	1622	1555	4	31	32	1.62	1.62	3.40	2.15	0.91	0.00	0.00	0.00	0.00	0.00	LOS_A	1	0.00	0.00	0			LOS_A	
1	10800-14400	79-333@86.1-205: Western Fwy@68.7	333	205	327	323	0	2	2	1.02	1.02		0.62	1.17	0.00	0.00		0.00	0.00	LOS_A	1	0.00	0.00	0			LOS_A	
1	10800-14400	79			1949	1878	4	33	34	1.52	1.52	3.40	2.06	0.93	0.00	0.00	0.00	0.00	0.00	LOS_A	1	0.00	0.00	0			LOS_A	
1	10800-14400	80-424: Western Fwy@14.2-184: Western Fwy@85.3	424	184	1622	1555	4	31	32	1.32	1.27	3.42	2.82	2.01	0.19	0.18	0.00	0.66	0.00	LOS_A	1	0.00	0.00	0			LOS_A	
1	10800-14400	80-424: Western Fwy@14.2-337@9.9	424	337	731	688	0	26	15	2.47	2.49		2.42	1.77	0.48	0.51		0.00	0.00	LOS_A	1	0.00	0.00	2	0.00	0.00	LOS_A	1
1	10800-14400	80			2353	2243	4	57	47	1.67	1.64	3.42	2.64	1.94	0.28	0.28	0.00	0.36	0.00	LOS_A	1	0.00	0.00	2	0.00	0.00	LOS_A	1
1	10800-14400	81-532: Western Hwy@54.1-334: Western Hwy@32.3	532	334	1734	1589	11	74	58	0.07	0.07	0.09	0.04	0.02	0.00	0.00	0.00	0.00	0.00	LOS_A	1	0.00	0.00	2	0.32	0.00	LOS_A	1
1	10800-14400	81-532: Western Hwy@54.1-481@40.2	532	481	8	8	0	0	0	4.55	4.55				0.00	0.00				LOS_A	1	0.00	0.00	0			LOS_A	
1	10800-14400	81			1742	1597	11	74	58	0.09	0.10	0.09	0.04	0.02	0.00	0.00	0.00	0.00	0.00	LOS_A	1	0.00	0.00	2	0.32	0.00	LOS_A	1
1	10800-14400	82-334: Western Hwy@655.0-72: Western Hwy@13.2	334	72	1734	1589	11	74	58	0.11	0.11	0.07	0.10	0.05	0.00	0.00	0.00	0.00	0.00	LOS_A	1	0.00	0.00	2	0.39	0.00	LOS_A	1
1	10800-14400	82-482@267.1-72: Western Hwy@13.2	482	72	18	18	0	0	0	0.04	0.04				0.00	0.00				LOS_A	1	0.00	0.00	0			LOS_A	
1	10800-14400	82			1752	1607	11	74	58	0.11	0.11	0.07	0.10	0.05	0.00	0.00	0.00	0.00	0.00	LOS_A	1	0.00	0.00	2	0.39	0.00	LOS_A	1
1	10800-14400	83-313: Western Hwy@40.0-103: Western Hwy@23.6	313	103	1231	1105	11	65	48	0.56	0.58	0.05	0.47	0.48	0.01	0.01	0.00	0.00	0.00	LOS_A	1	0.63	33.59	2	0.22	0.00	LOS_A	1
1	10800-14400	83-313: Western Hwy@40.0-174@14.4	313	174	521	502	0	9	10	4.62	4.49		6.45	9.29	0.16	0.14		0.00	0.94	LOS_A	1	0.63	33.59	0			LOS_A	
1	10800-14400	83			1752	1607	11	74	58	1.77	1.80	0.05	1.19	2.00	0.05	0.05	0.00	0.00	0.16	LOS_A	1	0.63	33.59	2	0.22	0.00	LOS_A	1
1	10800-14400	84-161@132.7-99: Western Hwy@9.8	161	99	505	486	1	12	6	0.12	0.12	0.08	0.10	0.04	0.00	0.00	0.00	0.00	0.00	LOS_A	1	0.00	0.00	0			LOS_A	
1	10800-14400	84-187: Western Hwy@837.8-99: Western Hwy@9.8	187	99	1849	1758	3	45	41	0.05	0.05	0.00	0.05	0.04	0.00	0.00	0.00	0.00	0.00	LOS_A	1	0.00	0.00	2	0.00	0.00	LOS_A	1
1	10800-14400	84			2354	2244	4	57	47	0.06	0.06	0.02	0.06	0.04	0.00	0.00	0.00	0.00	0.00	LOS_A	1	0.00	0.00	2	0.00	0.00	LOS_A	1
1	10800-14400	85-103: Western Hwy@963.6-90: Western Hwy@22.8	103	90	1231	1105	11	65	48	0.35	0.35	0.35	0.33	0.35	0.00	0.00	0.00	0.00	0.00	LOS_A	1	0.00	0.00	2	0.07	0.00	LOS_A	1
1	10800-14400	85-2380@33.8-90: Western Hwy@22.8	2380	90	493	454	3	23	13	1.15	1.12	0.09	1.76	1.52	0.01	0.01	0.00	0.01	0.00	LOS_A	1	0.00	0.00	0			LOS_A	
1	10800-14400	85			1724	1559	14	88	61	0.58	0.57	0.29	0.70	0.60	0.00	0.00	0.00	0.00	0.00	LOS_A	1	0.00	0.00	2	0.07	0.00	LOS_A	1
1	10800-14400	86-323: Western Hwy@19.6-159@11.7	323	159	929	907	0	13	9	0.92	0.92		0.64	1.61	0.01	0.01		0.00	0.00	LOS_A	1	0.00	6.81	0			LOS_A	
1	10800-14400	86-323: Western Hwy@19.6-187: Western Hwy@33.1	323	187	1849	1758	3	45	41	0.32	0.31	0.08	0.48	0.40	0.00	0.00	0.00	0.00	0.00	LOS_A	1	0.00	6.81	2	0.00	0.00	LOS_A	1
1	10800-14400	86			2778	2665	3	58	50	0.52	0.52	0.08	0.51	0.62	0.00	0.00	0.00	0.00	0.00	LOS_A	1	0.00	6.81	2	0.00	0.00	LOS_A	1
1	10800-14400	87-343: Western Hwy@756.7-154: Western Hwy@6.0	343	154	2657	2544	3	58	50	0.07	0.07	0.00	0.06	0.02	0.00	0.00	0.00	0.00	0.00	LOS_A	1	0.00	0.00	2	0.00	0.00	LOS_A	1
1	10800-14400	87-480@343.6-154: Western Hwy@6.0	480	154	121	121	0	0	0	0.01	0.01				0.00	0.00				LOS_A	1	0.00	0.00	0			LOS_A	
1	10800-14400	87			2778	2665	3	58	50	0.07	0.07	0.00	0.06	0.02	0.00	0.00	0.00	0.00	0.00	LOS_A	1	0.00	0.00	2	0.00	0.00	LOS_A	1
1	10800-14400	88-955: Western Fwy@13.7-343: Western Hwy@21.1	955	343	2657	2544	3	58	50	0.15	0.15	0.10	0.28	0.26	0.00	0.00	0.00	0.00	0.00	LOS_A	1	0.00	0.00	2	0.00	0.00	LOS_A	1
1	10800-14400	88-955: Western Fwy@13.7-479@7.3	955	479	0	0	0	0	0											LOS_A		0.00	0.00	0			LOS_A	
1	10800-14400	88			2657	2544	3	58	50	0.15	0.15	0.10	0.28	0.26	0.00	0.00	0.00	0.00	0.00	LOS_A	1	0.00	0.00	2	0.00	0.00	LOS_A	1
1	10800-14400	89-228: Western Fwy@25.7-108@38.1	228	108	234	217	0	7	8	3.80	3.42		6.87	6.91	0.07	0.00		0.00	0.00	LOS_A	1	0.05	24.60	2	21.36	8.64	LOS_C	3
1	10800-14400	89-228: Western Fwy@25.7-194: Western Fwy@23.1	228	194	1490	1342	14	81	53	0.32	0.32	0.81	0.25	0.39	0.00	0.00	0.00	0.00	0.00	LOS_A	1	0.05	24.60	0			LOS_A	
1	10800-14400	89			1724	1559	14	88	61	0.79	0.75	0.81	0.77	1.25	0.01	0.00	0.00	0.00	0.00	LOS_A	1	0.05	24.60	2	21.36	8.64	LOS_C	3
1	10800-14400	90-104@749.4-417: Western Fwy@10.9	104	417	331	310	0	7	12	0.09	0.10		0.02	0.03	0.00	0.00		0.00	0.00	LOS_A	1	0.00	0.00	2	0.00	0.00	LOS_A	1
1	10800-14400	90-196: Western Fwy@1280.5-417: Western Fwy@10.9	196	417	2326	2234	3	51	38	0.08	0.08	0.00	0.08	0.05	0.00	0.00	0.00	0.00	0.00	LOS_A	1	0.00	0.00	0			LOS_A	
1	10800-14400	90			2657	2544	3	58	50	0.08	0.08	0.00	0.08	0.05	0.00	0.00	0.00	0.00	0.00	LOS_A	1	0.00	0.00	2	0.00	0.00	LOS_A	1
1	10800-14400	91-260: Hopkins Rd@76.3-419@20.9	260	419	228	195	2	21	10	1.42	1.16	2.33	3.03	2.89	0.00	0.00	0.00	0.00	0.00	LOS_A	1	0.00	0.00	0			LOS_A	
1	10800-14400	91-260: Hopkins Rd@76.3-427: Hopkins Rd@13.9	260	427	859	806	3	22	15	0.20	0.20	0.12	0.37	0.15	0.00	0.00	0.00	0.00	0.00	LOS_A	1	0.00	0.00	13	0.13	0.00	LOS_A	1
1	10800-14400	91-426: Hopkins Rd@79.1-43: Hopkins Rd@14.4	426	43	594	557	0	11	11	0.54	0.55		0.25	0.28	0.00	0.00		0.00	0.00	LOS_A	1	0.00	0.00	15	0.55	0.00	LOS_A	1
1	10800-14400	91			1681	1558	5	54	36	0.49	0.45	1.00	1.38	0.95	0.00	0.00	0.00	0.00	0.00	LOS_A	1	0.00	0.00	28	0.35	0.00	LOS_A	1
1	10800-14400	92-43: Hopkins Rd@153.1-43: Hopkins Rd@182.8	43	43	594	557	0	11	11	0.31	0.31		0.21	0.25	0.00	0.00		0.00	0.00	LOS_A	1	0.00	0.00	15	0.26	0.00	LOS_A	1
1	10800-14400	92-194: Western Fwy@606.2-1907: Western Fwy@12.3	194	1907	1490	1342	14	81	53	0.30	0.29	0.53	0.29	0.63	0.00	0.00	0.00	0.00	0.00	LOS_A	1	0.00	0.00	0			LOS_A	
1	10800-14400	92-414: Hopkins Rd@174.6-414: Hopkins Rd@204.8	414	414	1087	1001	5	43	25	0.28	0.28	0.14	0.39	0.13	0.00	0.00	0.00	0.00	0.00	LOS_A	1	0.00	0.00	13	0.06	0.00	LOS_A	1
1	10800-14400	92-1906@89.9-1907: Western Fwy@12.3	1906	1907	370	322	2	27	19	3.45	3.29	5.76	4.69	4.18	0.02	0.02	0.00	0.00	0.00	LOS_A	1	0.01	15.06	0			LOS_A	
1	10800-14400	92			3541	3222	21	162	108	0.63	0.59	0.94	1.05	1.10	0.00	0.00	0.00	0.00	0.00	LOS_A	1	0.00	15.06	28	0.17	0.00	LOS_A	1
1	10800-14400	93-224: Western Fwy@24.6-149@43.1	224	149	822	783	4	22	13	0.36	0.37	0.51	0.09	0.17	0.02	0.02	0.00	0.00	0.00	LOS_A	1	0.00	0.00	0			LOS_A	
1	10800-14400	93-224: Western Fwy@24.6-196: Western Fwy@41.3	224	196	2326	2234	3	51	38	0.36	0.37	0.36	0.17	0.30	0.01	0.01	0.00	0.00	0.00	LOS_A	1	0.00	0.00	0			LOS_A	
1	10800-14400	93			3148	3017	7	73	51	0.36	0.37	0.44	0.14	0.27	0.01	0.01	0.00	0.00	0.00	LOS_A	1	0.00	0.00	0			LOS_A	
1	10800-14400	94-949: Western Fwy@23.0-136@6.0	949	136	523	471	4	25	23	0.08	0.07	0.01	0.10	0.15	0.00	0.00	0.00	0.00	0.00	LOS_A	1	0.00	0.00	0			LOS_A	
1	10800-14400	94-949: Western Fwy@23.0-389: Western Fwy  Deer Park Byp@4.2	949	389	1338	1194	12	83	49	0.10	0.10	0.26	0.14	0.17	0.00	0.00	0.00	0.00	0.00	LOS_A	1	0.00	0.00	0			LOS_A	
1	10800-14400	94			1861	1665	16	108	72	0.09	0.09	0.20	0.13	0.16	0.00	0.00	0.00	0.00	0.00	LOS_A	1	0.00	0.00	0			LOS_A	
1	10800-14400	95-952: Western Hwy@59.0-1039: Western Fwy@18.1	952	1039	890	861	0	13	16	3.51	3.44		5.70	4.99	0.00	0.00		0.00	0.00	LOS_A	1	0.00	0.00	0			LOS_A	
1	10800-14400	95-1038: Western Fwy  Deer Park Byp@184.1-1039: Western Fwy@18.1	1038	1039	2258	2156	7	60	35	8.23	8.23	4.88	9.45	6.92	0.00	0.00	0.00	0.00	0.00	LOS_A	1	0.00	0.00	0			LOS_A	
1	10800-14400	95			3148	3017	7	73	51	6.89	6.86	4.88	8.78	6.31	0.00	0.00	0.00	0.00	0.00	LOS_A	1	0.00	0.00	0			LOS_A	
1	10800-14400	96-1904@24.9-147: Western Fwy  Deer Park Byp@16.1	1904	147	506	459	0	34	13	3.49	3.59		2.26	2.93	0.08	0.08		0.01	0.25	LOS_A	1	0.00	0.00	0			LOS_A	
1	10800-14400	96-24821: Western Fwy  Deer Park Byp@1488.1-147: Western Fwy  Deer Park Byp@16.1	24821	147	1338	1194	12	83	49	0.05	0.05	0.05	0.03	0.04	0.00	0.00	0.00	0.00	0.00	LOS_A	1	0.00	0.00	0			LOS_A	
1	10800-14400	96			1844	1653	12	117	62	0.99	1.03	0.05	0.68	0.65	0.02	0.02	0.00	0.00	0.05	LOS_A	1	0.00	0.00	0			LOS_A	
1	10800-14400	97-240: Western Fwy  Deer Park Byp@38.0-126@16.7	240	126	391	355	3	21	12	3.77	3.52	6.29	5.35	7.88	0.05	0.04	0.00	0.00	0.36	LOS_A	1	0.42	52.25	0			LOS_A	
1	10800-14400	97-240: Western Fwy  Deer Park Byp@38.0-189: Western Fwy  Deer Park Byp@8.6	240	189	2258	2156	7	60	35	1.20	1.20	0.69	1.54	0.61	0.00	0.00	0.00	0.04	0.00	LOS_A	1	0.42	52.25	0			LOS_A	
1	10800-14400	97			2649	2511	10	81	47	1.58	1.53	2.37	2.53	2.47	0.01	0.01	0.00	0.03	0.09	LOS_A	1	0.42	52.25	0			LOS_A	
1	10800-14400	98-91: Ballarat Rd  Western Hwy@67.3-362: Ballarat Rd  Western Hwy@13.4	91	362	394	368	1	14	11	0.07	0.06	0.09	0.12	0.05	0.00	0.00	0.00	0.00	0.00	LOS_A	1	0.00	0.00	0			LOS_A	
1	10800-14400	98-92: Ballarat Rd  Western Hwy@8.7-362: Ballarat Rd  Western Hwy@13.4	92	362	0	0	0	0	0											LOS_A		0.00	0.00	0			LOS_A	
1	10800-14400	98			394	368	1	14	11	0.07	0.06	0.09	0.12	0.05	0.00	0.00	0.00	0.00	0.00	LOS_A	1	0.00	0.00	0			LOS_A	
1	10800-14400	99-209: Ballarat Rd  Western Hwy@46.4-1: Ballarat Rd  Western Hwy@6.6	209	1	394	368	1	14	11	0.05	0.05	0.07	0.09	0.04	0.00	0.00	0.00	0.00	0.00	LOS_A	1	0.00	0.00	0			LOS_A	
1	10800-14400	99-209: Ballarat Rd  Western Hwy@46.4-2: Ballarat Rd  Western Hwy@6.5	209	2	0	0	0	0	0											LOS_A		0.00	0.00	0			LOS_A	
1	10800-14400	99			394	368	1	14	11	0.05	0.05	0.07	0.09	0.04	0.00	0.00	0.00	0.00	0.00	LOS_A	1	0.00	0.00	0			LOS_A	
1	10800-14400	100-1141@18.3-1143@28.5	1141	1143	0	0	0	0	0											LOS_A		0.83	131.61	0			LOS_A	
1	10800-14400	100-1141@18.3-1147@16.5	1141	1147	170	168	0	1	1	2.98	3.01		0.25	0.40	0.10	0.10		0.00	0.00	LOS_A	1	0.83	131.61	0			LOS_A	
1	10800-14400	100-1141@18.3-1152@26.0	1141	1152	152	149	0	1	2	1.70	1.73		0.21	0.31	0.04	0.04		0.00	0.00	LOS_A	1	0.83	131.61	0			LOS_A	
1	10800-14400	100-1141@18.3-1158@25.0	1141	1158	311	309	0	2	0	2.28	2.29		1.57		0.01	0.01		0.00		LOS_A	1	0.83	131.61	0			LOS_A	
1	10800-14400	100-1146@382.0-1143@28.5	1146	1143	117	116	0	1	0	3.97	3.97		4.00		0.02	0.02		0.00		LOS_A	1	0.36	77.25	0			LOS_A	
1	10800-14400	100-1146@382.0-1147@16.5	1146	1147	0	0	0	0	0											LOS_A		0.36	77.25	0			LOS_A	
1	10800-14400	100-1146@382.0-1152@26.0	1146	1152	197	192	0	2	3	2.34	2.25		14.02	0.82	0.03	0.03		0.01	0.00	LOS_A	1	0.36	77.25	0			LOS_A	
1	10800-14400	100-1146@382.0-1158@25.0	1146	1158	111	108	0	1	2	2.76	2.83		0.22	0.34	0.04	0.04		0.00	0.00	LOS_A	1	0.36	77.25	0			LOS_A	
1	10800-14400	100-1159@120.5-1143@28.5	1159	1143	244	237	0	3	4	2.88	2.87		5.88	1.15	0.02	0.02		0.07	0.00	LOS_A	1	0.03	16.90	0			LOS_A	
1	10800-14400	100-1159@120.5-1147@16.5	1159	1147	19	15	0	2	2	2.10	2.37		1.41	0.74	0.06	0.08		0.00	0.00	LOS_A	1	0.03	16.90	0			LOS_A	
1	10800-14400	100-1159@120.5-1152@26.0	1159	1152	119	119	0	0	0	4.23	4.23				0.13	0.13				LOS_A	1	0.03	16.90	0			LOS_A	
1	10800-14400	100-1159@120.5-1158@25.0	1159	1158	0	0	0	0	0											LOS_A		0.03	16.90	0			LOS_A	
1	10800-14400	100-1234@184.1-1143@28.5	1234	1143	193	189	0	2	2	3.39	3.42		1.91	1.43	0.10	0.10		0.00	0.00	LOS_A	1	0.03	21.78	0			LOS_A	
1	10800-14400	100-1234@184.1-1147@16.5	1234	1147	158	154	0	2	2	1.93	1.84		0.67	9.86	0.01	0.02		0.00	0.00	LOS_A	1	0.03	21.78	0			LOS_A	
1	10800-14400	100-1234@184.1-1152@26.0	1234	1152	0	0	0	0	0											LOS_A		0.03	21.78	0			LOS_A	
1	10800-14400	100-1234@184.1-1158@25.0	1234	1158	88	88	0	0	0	1.76	1.76				0.02	0.02				LOS_A	1	0.03	21.78	0			LOS_A	
1	10800-14400	100			1879	1844	0	17	18	2.70	2.70		3.62	1.82	0.05	0.05		0.01	0.00	LOS_A	1	0.31	131.61	0			LOS_A	
1	10800-14400	101-1144@12.5-1140@37.3	1144	1140	0	0	0	0	0											LOS_A		0.00	0.00	0			LOS_A	
1	10800-14400	101-1144@12.5-1168@28.2	1144	1168	25	25	0	0	0	0.83	0.83				0.00	0.00				LOS_A	1	0.00	0.00	0			LOS_A	
1	10800-14400	101-1144@12.5-1170@29.6	1144	1170	255	252	0	2	1	0.45	0.45		0.26	0.31	0.00	0.00		0.00	0.00	LOS_A	1	0.00	0.00	0			LOS_A	
1	10800-14400	101-1144@12.5-1171@32.9	1144	1171	274	265	0	4	5	1.65	1.67		2.38	0.37	0.00	0.00		0.00	0.00	LOS_A	1	0.00	0.00	0			LOS_A	
1	10800-14400	101-1167@141.4-1140@37.3	1167	1140	26	26	0	0	0	1.13	1.13				0.00	0.00				LOS_A	1	0.00	0.00	0			LOS_A	
1	10800-14400	101-1167@141.4-1168@28.2	1167	1168	0	0	0	0	0											LOS_A		0.00	0.00	0			LOS_A	
1	10800-14400	101-1167@141.4-1170@29.6	1167	1170	18	18	0	0	0	0.33	0.33				0.00	0.00				LOS_A	1	0.00	0.00	0			LOS_A	
1	10800-14400	101-1167@141.4-1171@32.9	1167	1171	31	31	0	0	0	0.49	0.49				0.00	0.00				LOS_A	1	0.00	0.00	0			LOS_A	
1	10800-14400	101-1169@143.9-1140@37.3	1169	1140	157	155	0	1	1	2.17	2.15		0.32	6.81	0.07	0.07		0.00	0.00	LOS_A	1	0.00	0.00	0			LOS_A	
1	10800-14400	101-1169@143.9-1168@28.2	1169	1168	15	15	0	0	0	1.50	1.50				0.07	0.07				LOS_A	1	0.00	0.00	0			LOS_A	
1	10800-14400	101-1169@143.9-1170@29.6	1169	1170	0	0	0	0	0											LOS_A		0.00	0.00	0			LOS_A	
1	10800-14400	101-1169@143.9-1171@32.9	1169	1171	17	17	0	0	0	1.77	1.77				0.05	0.05				LOS_A	1	0.00	0.00	0			LOS_A	
1	10800-14400	101-1172@137.6-1140@37.3	1172	1140	450	445	0	3	2	2.47	2.50		0.63	0.13	0.14	0.14		0.00	0.00	LOS_A	1	0.62	104.57	0			LOS_A	
1	10800-14400	101-1172@137.6-1168@28.2	1172	1168	66	66	0	0	0	1.99	1.99				0.35	0.35				LOS_A	1	0.62	104.57	0			LOS_A	
1	10800-14400	101-1172@137.6-1170@29.6	1172	1170	40	40	0	0	0	3.49	3.49				0.18	0.18				LOS_A	1	0.62	104.57	0			LOS_A	
1	10800-14400	101-1172@137.6-1171@32.9	1172	1171	0	0	0	0	0											LOS_A		0.62	104.57	0			LOS_A	
1	10800-14400	101			1374	1355	0	10	9	1.76	1.77		1.23	1.03	0.08	0.08		0.00	0.00	LOS_A	1	0.16	104.57	0			LOS_A	
1	10800-14400	102-1150@427.0-1155@20.3	1150	1155	57	56	0	1	0	0.33	0.33		0.16		0.00	0.00		0.00		LOS_A	1	0.00	0.00	0			LOS_A	
1	10800-14400	102-1150@427.0-1156@9.2	1150	1156	237	234	0	1	2	0.75	0.76		0.00	0.00	0.00	0.00		0.00	0.00	LOS_A	1	0.00	0.00	0			LOS_A	
1	10800-14400	102-1154@88.9-1153@11.3	1154	1153	259	256	0	1	2	0.53	0.54		0.00	0.00	0.00	0.00		0.00	0.00	LOS_A	1	0.00	0.00	0			LOS_A	
1	10800-14400	102-1154@88.9-1155@20.3	1154	1155	137	132	0	2	3	1.48	1.44		2.02	2.68	0.00	0.00		0.00	0.00	LOS_A	1	0.00	0.00	0			LOS_A	
1	10800-14400	102-1157@97.7-1153@11.3	1157	1153	28	28	0	0	0	0.25	0.25				0.00	0.00				LOS_A	1	0.00	0.00	0			LOS_A	
1	10800-14400	102-1157@97.7-1156@9.2	1157	1156	114	109	0	3	2	0.25	0.24		0.42	0.55	0.00	0.00		0.00	0.00	LOS_A	1	0.00	0.00	0			LOS_A	
1	10800-14400	102			832	815	0	8	9	0.69	0.68		0.68	1.02	0.00	0.00		0.00	0.00	LOS_A	1	0.00	0.00	0			LOS_A	
1	10800-14400	103			0	0	0	0	0											LOS_A				0			LOS_A	
1	10800-14400	104			0	0	0	0	0											LOS_A				0			LOS_A	
1	10800-14400	105			0	0	0	0	0											LOS_A				0			LOS_A	
1	10800-14400	106			0	0	0	0	0											LOS_A				0			LOS_A	
1	10800-14400	107			0	0	0	0	0											LOS_A				0			LOS_A	
1	10800-14400	108			0	0	0	0	0											LOS_A				0			LOS_A	
1	10800-14400	109			0	0	0	0	0											LOS_A				0			LOS_A	
1	10800-14400	113			0	0	0	0	0											LOS_A				0			LOS_A	
1	10800-14400	114-1081@150.5-1125@21.0	1081	1125	444	400	4	3	6	3.71	2.82	2.95	0.79	1.89	0.02	0.01	0.00	0.00	0.00	LOS_A	1	0.00	0.00	31	15.86	0.02	LOS_C	3
1	10800-14400	114-1081@150.5-1128@12.2	1081	1128	160	149	0	5	6	3.90	3.78		4.68	6.15	0.09	0.06		0.00	0.81	LOS_A	1	0.07	43.87	0			LOS_A	
1	10800-14400	114-1129@3.3-1130@26.0	1129	1130	404	392	0	7	5	2.95	2.88		4.88	5.37	0.00	0.00		0.00	0.00	LOS_A	1	0.00	0.00	0			LOS_A	
1	10800-14400	114-1132@5.3-1125@21.0	1132	1125	297	295	0	1	1	0.29	0.29		0.37	0.53	0.00	0.00		0.00	0.00	LOS_A	1	0.00	0.00	0			LOS_A	
1	10800-14400	114-1240: Western Fwy@6.0-1128@12.2	1240	1128	154	149	0	2	3	0.66	0.67		0.36	0.62	0.00	0.00		0.00	0.00	LOS_A	1	0.00	0.00	0			LOS_A	
1	10800-14400	114-1240: Western Fwy@6.0-1130@26.0	1240	1130	306	261	0	6	8	0.40	0.31		0.49	0.47	0.00	0.00		0.00	0.00	LOS_A	1	0.00	0.00	31	1.06	0.00	LOS_A	1
1	10800-14400	114			1765	1646	4	24	29	2.14	1.88	2.95	2.67	2.80	0.01	0.01	0.00	0.00	0.17	LOS_A	1	0.01	43.87	62	8.46	0.01	LOS_A	1
1	10800-14400	115-1092: Western Fwy@41.4-1091@18.2	1092	1091	287	269	0	8	10	2.27	2.11		4.51	4.85	0.00	0.00		0.00	0.00	LOS_A	1	0.00	0.00	0			LOS_A	
1	10800-14400	115-1092: Western Fwy@41.4-1093: Western Fwy@20.0	1092	1093	780	699	7	47	27	0.35	0.35	0.12	0.44	0.43	0.00	0.00	0.00	0.00	0.00	LOS_A	1	0.00	0.00	0			LOS_A	
1	10800-14400	115			1067	968	7	55	37	0.87	0.84	0.12	1.03	1.63	0.00	0.00	0.00	0.00	0.00	LOS_A	1	0.00	0.00	0			LOS_A	
1	10800-14400	116-1134: Western Fwy@853.1-1137: Western Fwy@29.6	1134	1137	1251	1194	4	25	28	0.04	0.04	0.29	0.04	0.02	0.00	0.00	0.00	0.00	0.00	LOS_A	1	0.00	0.00	0			LOS_A	
1	10800-14400	116-1139@39.2-1137: Western Fwy@29.6	1139	1137	314	298	0	7	9	0.23	0.19		0.99	0.99	0.00	0.00		0.00	0.00	LOS_A	1	0.00	0.00	0			LOS_A	
1	10800-14400	116			1565	1492	4	32	37	0.08	0.07	0.29	0.25	0.26	0.00	0.00	0.00	0.00	0.00	LOS_A	1	0.00	0.00	0			LOS_A	
1	10800-14400	117-1093: Western Fwy@887.1-1118: Western Fwy@20.0	1093	1118	779	698	7	47	27	0.07	0.07	0.08	0.05	0.04	0.00	0.00	0.00	0.00	0.00	LOS_A	1	0.00	0.00	0			LOS_A	
1	10800-14400	117-1117@115.1-1118: Western Fwy@20.0	1117	1118	673	649	4	10	10	0.38	0.38	0.14	0.44	0.47	0.00	0.00	0.00	0.00	0.00	LOS_A	1	0.00	0.00	0			LOS_A	
1	10800-14400	117			1452	1347	11	57	37	0.21	0.22	0.10	0.12	0.16	0.00	0.00	0.00	0.00	0.00	LOS_A	1	0.00	0.00	0			LOS_A	
1	10800-14400	118-1135: Western Fwy@35.7-1134: Western Fwy@6.5	1135	1134	1249	1192	4	25	28	1.17	1.15	1.58	1.72	1.43	0.00	0.00	0.00	0.00	0.00	LOS_A	1	0.06	21.74	0			LOS_A	
1	10800-14400	118-1135: Western Fwy@35.7-1136: Western Fwy@4.3	1135	1136	701	687	0	8	6	3.85	3.82		5.54	5.77	0.00	0.00		0.00	0.00	LOS_A	1	0.06	21.74	0			LOS_A	
1	10800-14400	118			1950	1879	4	33	34	2.14	2.13	1.58	2.65	2.20	0.00	0.00	0.00	0.00	0.00	LOS_A	1	0.06	21.74	0			LOS_A	
1	10800-14400	119-1090@228.7-1098@20.0	1090	1098	108	99	0	4	5	0.37	0.33		0.37	1.12	0.00	0.00		0.00	0.00	LOS_A	1	0.00	0.00	0			LOS_A	
1	10800-14400	119-1090@228.7-1100@8.0	1090	1100	179	170	0	4	5	1.06	0.95		2.68	3.46	0.03	0.03		0.00	0.00	LOS_A	1	0.00	0.00	0			LOS_A	
1	10800-14400	119-1114@10.9-1098@20.0	1114	1098	352	311	0	4	6	0.70	0.74		0.43	0.43	0.04	0.04		0.00	0.00	LOS_A	1	0.00	0.00	31	0.36	0.00	LOS_A	1
1	10800-14400	119-1114@10.9-1116@15.9	1114	1116	384	372	0	7	5	0.95	0.94		1.04	1.11	0.05	0.05		0.00	0.00	LOS_A	1	0.15	45.73	0			LOS_A	
1	10800-14400	119-1237@6.9-1100@8.0	1237	1100	452	418	0	1	2	1.38	1.42		3.84	0.18	0.00	0.00		0.00	0.00	LOS_A	1	0.00	0.00	31	0.93	0.00	LOS_A	1
1	10800-14400	119-1237@6.9-1116@15.9	1237	1116	289	277	4	3	5	2.10	2.02	4.62	3.69	3.69	0.00	0.00	0.00	0.00	0.00	LOS_A	1	0.00	0.00	0			LOS_A	
1	10800-14400	119			1764	1647	4	23	28	1.18	1.17	4.62	1.57	1.78	0.02	0.02	0.00	0.00	0.00	LOS_A	1	0.03	45.73	62	0.65	0.00	LOS_A	1
1	10800-14400	120-1100@12.7-1099@27.3	1100	1099	424	383	0	4	6	0.70	0.45		0.28	0.27	0.00	0.00		0.00	0.00	LOS_A	1	0.00	0.00	31	4.04	0.00	LOS_A	1
1	10800-14400	120-1100@12.7-1103@19.5	1100	1103	145	145	0	0	0	0.48	0.48				0.14	0.14				LOS_A	1	0.13	14.90	0			LOS_A	
1	10800-14400	120-1100@12.7-1107@21.1	1100	1107	62	60	0	1	1	0.08	0.07		0.30	0.33	0.00	0.00		0.00	0.00	LOS_A	1	0.00	0.00	0			LOS_A	
1	10800-14400	120-1106@32.8-1099@27.3	1106	1099	0	0	0	0	0											LOS_A		0.21	60.49	0			LOS_A	
1	10800-14400	120-1106@32.8-1103@19.5	1106	1103	0	0	0	0	0											LOS_A		0.21	60.49	0			LOS_A	
1	10800-14400	120-1106@32.8-1112@5.6	1106	1112	400	388	0	6	6	0.92	0.92		0.91	0.80	0.06	0.06		0.00	0.00	LOS_A	1	0.21	60.49	0			LOS_A	
1	10800-14400	120-1184@12.8-1184@46.5	1184	1184	3	3	0	0	0	0.00	0.00				0.00	0.00				LOS_A	1	0.00	0.00	0			LOS_A	
1	10800-14400	120-1186@9.2-1186@61.3	1186	1186	1	0	0	0	0	0.00					0.00					LOS_A	1	0.02	14.83	0			LOS_A	
1	10800-14400	120-1189@5.6-1189@50.7	1189	1189	3	0	0	0	0	0.00					0.00					LOS_A	1	0.12	20.27	0			LOS_A	
1	10800-14400	120-1190@11.3-1190@56.8	1190	1190	8	0	0	0	0	0.00					0.00					LOS_A	1	0.16	15.47	0			LOS_A	
1	10800-14400	120-1191@12.4-1191@46.2	1191	1191	3	3	0	0	0	0.00	0.00				0.00	0.00				LOS_A	1	0.00	0.00	0			LOS_A	
1	10800-14400	120-1192@6.0-1192@58.2	1192	1192	0	0	0	0	0											LOS_A		0.00	0.00	0			LOS_A	
1	10800-14400	120-1193@13.6-1193@42.6	1193	1193	0	0	0	0	0											LOS_A		0.00	0.00	0			LOS_A	
1	10800-14400	120-1194@0.7-1194@34.7	1194	1194	0	0	0	0	0											LOS_A		0.00	0.00	0			LOS_A	
1	10800-14400	120-1236@14.1-1103@19.5	1236	1103	0	0	0	0	0											LOS_A		0.00	0.00	0			LOS_A	
1	10800-14400	120-1236@14.1-1107@21.1	1236	1107	7	7	0	0	0	0.32	0.32				0.00	0.00				LOS_A	1	0.00	0.00	0			LOS_A	
1	10800-14400	120-1236@14.1-1112@5.6	1236	1112	337	295	0	5	5	1.31	1.45		1.04	0.33	0.00	0.01		0.00	0.00	LOS_A	1	0.00	0.00	32	0.25	0.00	LOS_A	1
1	10800-14400	120-1239@4.2-1099@27.3	1239	1099	0	0	0	0	0											LOS_A		0.00	0.00	0			LOS_A	
1	10800-14400	120-1239@4.2-1107@21.1	1239	1107	0	0	0	0	0											LOS_A		0.00	0.00	0			LOS_A	
1	10800-14400	120-1239@4.2-11576@36.8	1239	11576	0	0	0	0	0											LOS_A		0.00	0.00	0			LOS_A	
1	10800-14400	120			1393	1284	0	16	18	0.85	0.80		0.75	0.47	0.03	0.03		0.00	0.00	LOS_A	1	0.05	60.49	63	2.11	0.00	LOS_A	1
1	10800-14400	121			0	0	0	0	0											LOS_A				0			LOS_A	
1	10800-14400	122			0	0	0	0	0											LOS_A				0			LOS_A	
1	10800-14400	123			0	0	0	0	0											LOS_A				0			LOS_A	
1	10800-14400	124-1123@88.6-1122@4.7	1123	1122	5	5	0	0	0	0.04	0.04				0.00	0.00				LOS_A	1	0.00	0.00	0			LOS_A	
1	10800-14400	124-1130@109.7-1122@4.7	1130	1122	691	634	0	13	13	1.39	0.73		0.67	1.45	0.02	0.02		0.00	0.00	LOS_A	1	5.16	67.10	31	15.16	0.00	LOS_C	3
1	10800-14400	124-1130@109.7-1180@8.5	1130	1180	19	19	0	0	0	2.32	2.32				0.41	0.41				LOS_A	1	5.16	67.10	0			LOS_A	
1	10800-14400	124			715	658	0	13	13	1.41	0.77		0.67	1.45	0.03	0.03		0.00	0.00	LOS_A	1	2.58	67.10	31	15.16	0.00	LOS_C	3
1	10800-14400	125			0	0	0	0	0											LOS_A				0			LOS_A	
1	10800-14400	244-1156@962.0-1223@12.7	1156	1223	0	0	0	0	0											LOS_A		0.00	0.00	0			LOS_A	
1	10800-14400	244-1156@962.0-1224@15.7	1156	1224	351	343	0	4	4	0.08	0.08		0.02	0.02	0.00	0.00		0.00	0.00	LOS_A	1	0.00	0.00	0			LOS_A	
1	10800-14400	244-1221@50.0-1224@15.7	1221	1224	0	0	0	0	0											LOS_A		0.00	0.00	0			LOS_A	
1	10800-14400	244-1221@50.0-1225@11.6	1221	1225	0	0	0	0	0											LOS_A		0.00	0.00	0			LOS_A	
1	10800-14400	244-1227@99.3-1223@12.7	1227	1223	0	0	0	0	0											LOS_A		0.00	0.00	0			LOS_A	
1	10800-14400	244-1227@99.3-1225@11.6	1227	1225	396	388	0	3	5	0.61	0.61		1.14	0.06	0.00	0.00		0.00	0.00	LOS_A	1	0.00	0.00	0			LOS_A	
1	10800-14400	244			747	731	0	7	9	0.36	0.36		0.50	0.05	0.00	0.00		0.00	0.00	LOS_A	1	0.00	0.00	0			LOS_A	
1	10800-14400	245			0	0	0	0	0											LOS_A				0			LOS_A	
1	10800-14400	246-1224@100.1-1229@17.2	1224	1229	34	34	0	0	0	0.13	0.13				0.00	0.00				LOS_A	1	0.00	0.00	0			LOS_A	
1	10800-14400	246-1224@100.1-1230@17.9	1224	1230	317	309	0	4	4	0.43	0.43		0.43	0.13	0.00	0.00		0.00	0.00	LOS_A	1	0.00	0.00	0			LOS_A	
1	10800-14400	246-1228@93.7-1227@14.9	1228	1227	26	26	0	0	0	0.16	0.16				0.00	0.00				LOS_A	1	0.00	0.00	0			LOS_A	
1	10800-14400	246-1228@93.7-1230@17.9	1228	1230	106	106	0	0	0	0.19	0.19				0.00	0.00				LOS_A	1	0.00	0.00	0			LOS_A	
1	10800-14400	246-1235@217.9-1227@14.9	1235	1227	370	362	0	3	5	0.61	0.62		0.19	0.13	0.00	0.00		0.00	0.00	LOS_A	1	0.00	0.00	0			LOS_A	
1	10800-14400	246-1235@217.9-1229@17.2	1235	1229	74	74	0	0	0	0.26	0.26				0.00	0.00				LOS_A	1	0.00	0.00	0			LOS_A	
1	10800-14400	246			927	911	0	7	9	0.44	0.44		0.32	0.13	0.00	0.00		0.00	0.00	LOS_A	1	0.00	0.00	0			LOS_A	
1	10800-14400	247			0	0	0	0	0											LOS_A				0			LOS_A	
1	10800-14400	248-1152@193.7-1233@16.5	1152	1233	27	27	0	0	0	0.19	0.19				0.00	0.00				LOS_A	1	0.00	0.00	0			LOS_A	
1	10800-14400	248-1152@193.7-1235@13.8	1152	1235	441	433	0	3	5	0.46	0.47		0.35	0.28	0.00	0.00		0.00	0.00	LOS_A	1	0.00	0.00	0			LOS_A	
1	10800-14400	248-1230@222.2-1233@16.5	1230	1233	10	10	0	0	0	0.22	0.22				0.00	0.00				LOS_A	1	0.00	0.00	0			LOS_A	
1	10800-14400	248-1230@222.2-1234@16.0	1230	1234	413	405	0	4	4	0.52	0.52		0.58	0.10	0.00	0.00		0.00	0.00	LOS_A	1	0.00	0.00	0			LOS_A	
1	10800-14400	248-1232@78.7-1234@16.0	1232	1234	26	26	0	0	0	0.08	0.08				0.00	0.00				LOS_A	1	0.00	0.00	0			LOS_A	
1	10800-14400	248-1232@78.7-1235@13.8	1232	1235	3	3	0	0	0	0.10	0.10				0.00	0.00				LOS_A	1	0.00	0.00	0			LOS_A	
1	10800-14400	248			920	904	0	7	9	0.47	0.47		0.48	0.20	0.00	0.00		0.00	0.00	LOS_A	1	0.00	0.00	0			LOS_A	
1	10800-14400	249			0	0	0	0	0											LOS_A				0			LOS_A	
1	10800-14400	301-2254@5.6-2212@13.2	2254	2212	8	0	0	4	4	0.15			0.28	0.01	0.00			0.00	0.00	LOS_A	1	0.00	0.00	0			LOS_A	
1	10800-14400	301-2254@5.6-2213: Zone connector@52.1	2254	2213	40	24	0	10	6	1.69	1.24		2.34	2.43	0.00	0.00		0.00	0.00	LOS_A	1	0.00	0.00	0			LOS_A	
1	10800-14400	301-2254@5.6-2214: Ferris Rd@54.4	2254	2214	0	0	0	0	0											LOS_A		0.00	0.00	0			LOS_A	
1	10800-14400	301-2256: Zone connector@12.4-2210@21.6	2256	2210	0	0	0	0	0											LOS_A		0.00	0.00	0			LOS_A	
1	10800-14400	301-2256: Zone connector@12.4-2212@13.2	2256	2212	0	0	0	0	0											LOS_A		0.00	0.00	0			LOS_A	
1	10800-14400	301-2256: Zone connector@12.4-2213: Zone connector@52.1	2256	2213	590	564	0	13	11	0.32	0.32		0.36	0.12	0.00	0.00		0.00	0.00	LOS_A	1	0.00	0.00	2	0.27	0.00	LOS_A	1
1	10800-14400	301-2257@8.4-2210@21.6	2257	2210	0	0	0	0	0											LOS_A		0.00	0.00	0			LOS_A	
1	10800-14400	301-2257@8.4-2213: Zone connector@52.1	2257	2213	180	166	2	6	6	0.34	0.33	0.81	0.26	0.43	0.00	0.00	0.00	0.00	0.00	LOS_A	1	0.00	0.00	0			LOS_A	
1	10800-14400	301-2257@8.4-2214: Ferris Rd@54.4	2257	2214	0	0	0	0	0											LOS_A		0.00	0.00	0			LOS_A	
1	10800-14400	301-2258: Ferris Rd@4.3-2210@21.6	2258	2210	21	16	0	4	1	2.81	2.38		4.15	4.33	0.00	0.00		0.00	0.00	LOS_A	1	0.00	0.00	0			LOS_A	
1	10800-14400	301-2258: Ferris Rd@4.3-2212@13.2	2258	2212	261	248	0	6	7	3.73	3.64		5.25	5.62	0.07	0.07		0.00	0.00	LOS_A	1	0.00	0.00	0			LOS_A	
1	10800-14400	301-2258: Ferris Rd@4.3-2214: Ferris Rd@54.4	2258	2214	506	497	0	4	3	1.10	1.12		0.53	0.13	0.05	0.06		0.00	0.00	LOS_A	1	0.00	0.00	2	0.00	0.00	LOS_A	1
1	10800-14400	301			1606	1515	2	47	38	1.19	1.16	0.81	1.72	1.65	0.03	0.03	0.00	0.00	0.00	LOS_A	1	0.00	0.00	4	0.13	0.00	LOS_A	1
1	10800-14400	311-435: Leakes Rd@40.0-2350@32.4	435	2350	463	452	0	8	3	0.28	0.28		0.38	0.47	0.00	0.00		0.00	0.00	LOS_A	1	0.00	0.00	0			LOS_A	
1	10800-14400	311-435: Leakes Rd@40.0-2353@40.0	435	2353	796	771	0	14	11	0.21	0.21		0.45	0.26	0.00	0.00		0.00	0.00	LOS_A	1	0.00	0.00	0			LOS_A	
1	10800-14400	311-435: Leakes Rd@40.0-2356@40.3	435	2356	135	118	0	0	0	0.11	0.11				0.00	0.00				LOS_A	1	0.05	30.23	17	0.05	0.00	LOS_A	1
1	10800-14400	311-2347@136.8-2344: Leakes Rd@21.5	2347	2344	352	338	0	12	2	2.22	2.19		2.82	3.46	0.06	0.07		0.00	0.00	LOS_A	1	0.01	11.70	0			LOS_A	
1	10800-14400	311-2347@136.8-2353@40.0	2347	2353	2	2	0	0	0	0.11	0.11				0.00	0.00				LOS_A	1	0.00	0.00	0			LOS_A	
1	10800-14400	311-2347@136.8-2356@40.3	2347	2356	35	20	0	0	0	0.16	0.25				0.00	0.00				LOS_A	1	0.00	0.00	15	0.04	0.00	LOS_A	1
1	10800-14400	311-2354@38.7-2344: Leakes Rd@21.5	2354	2344	217	186	0	10	4	1.31	1.37		1.20	0.99	0.02	0.02		0.00	0.00	LOS_A	1	0.00	0.00	17	0.70	0.00	LOS_A	1
1	10800-14400	311-2354@38.7-2350@32.4	2354	2350	40	23	0	2	0	0.55	0.64		0.75		0.00	0.00		0.00		LOS_A	1	0.00	0.00	15	0.39	0.00	LOS_A	1
1	10800-14400	311-2354@38.7-2353@40.0	2354	2353	12	12	0	0	0	0.58	0.58				0.00	0.00				LOS_A	1	0.00	0.00	0			LOS_A	
1	10800-14400	311-2360@81.7-2344: Leakes Rd@21.5	2360	2344	749	707	3	22	17	1.39	1.35	0.00	2.53	1.86	0.00	0.00	0.00	0.02	0.00	LOS_A	1	0.00	0.00	0			LOS_A	
1	10800-14400	311-2360@81.7-2350@32.4	2360	2350	12	12	0	0	0	0.22	0.22				0.00	0.00				LOS_A	1	0.00	0.00	0			LOS_A	
1	10800-14400	311-2360@81.7-2356@40.3	2360	2356	8	8	0	0	0	2.79	2.79				0.00	0.00				LOS_A	1	0.00	0.00	0			LOS_A	
1	10800-14400	311			2821	2649	3	68	37	0.88	0.87	0.00	1.65	1.26	0.01	0.01	0.00	0.01	0.00	LOS_A	1	0.01	30.23	64	0.30	0.00	LOS_A	1
1	10800-14400	312-2419@3.3-24810@22.1	2419	24810	425	378	1	38	8	0.48	0.50	0.66	0.30	0.33	0.00	0.00	0.00	0.00	0.00	LOS_A	1	0.00	0.00	0			LOS_A	
1	10800-14400	312-2420@4.1-2422@13.2	2420	2422	351	318	0	27	6	0.44	0.42		0.63	0.69	0.00	0.00		0.00	0.00	LOS_A	1	0.00	0.00	0			LOS_A	
1	10800-14400	312-2475@44.5-2391@3.4	2475	2391	270	220	4	33	13	0.41	0.37	1.08	0.47	0.62	0.00	0.00	0.00	0.00	0.00	LOS_A	1	0.00	0.00	0			LOS_A	
1	10800-14400	312-2475@44.5-2422@13.2	2475	2422	55	50	0	1	4	5.10	4.82		7.73	8.01	0.01	0.01		0.00	0.00	LOS_A	1	0.00	0.00	0			LOS_A	
1	10800-14400	312-2527@16.1-2391@3.4	2527	2391	371	356	2	8	5	1.53	1.49	4.37	2.33	2.27	0.00	0.00	0.00	0.00	0.00	LOS_A	1	0.00	0.00	0			LOS_A	
1	10800-14400	312-2527@16.1-24810@22.1	2527	24810	132	128	0	4	0	1.63	1.61		2.23		0.00	0.00		0.00		LOS_A	1	0.00	0.00	0			LOS_A	
1	10800-14400	312			1604	1450	7	111	36	0.95	0.95	1.96	0.71	1.62	0.00	0.00	0.00	0.00	0.00	LOS_A	1	0.00	0.00	0			LOS_A	
1	10800-14400	313-2394@59.8-2414@34.7	2394	2414	453	428	0	19	6	1.50	1.43		2.66	3.10	0.01	0.01		0.00	0.00	LOS_A	1	0.00	0.00	0			LOS_A	
1	10800-14400	313-2394@59.8-2418@36.3	2394	2418	126	121	0	4	1	0.72	0.72		0.68	0.25	0.00	0.00		0.00	0.00	LOS_A	1	0.00	0.00	0			LOS_A	
1	10800-14400	313-2401@29.1-2389@16.1	2401	2389	616	589	3	14	10	4.31	4.31	4.60	4.25	4.26	0.03	0.03	0.00	0.00	0.00	LOS_A	1	0.86	113.42	0			LOS_A	
1	10800-14400	313-2401@29.1-2418@36.3	2401	2418	650	575	1	61	13	0.47	0.48	0.20	0.49	0.30	0.01	0.01	0.00	0.00	0.00	LOS_A	1	0.00	0.00	0			LOS_A	
1	10800-14400	313-2416@14.9-2389@16.1	2416	2389	182	167	2	8	5	1.76	1.62	1.37	4.23	2.53	0.01	0.01	0.00	0.00	0.00	LOS_A	1	0.00	0.00	0			LOS_A	
1	10800-14400	313-2416@14.9-2414@34.7	2416	2414	459	409	4	33	13	1.13	1.22	0.67	0.40	0.22	0.00	0.00	0.00	0.00	0.00	LOS_A	1	0.00	0.00	0			LOS_A	
1	10800-14400	313			2486	2289	10	139	48	1.84	1.87	1.94	1.36	1.68	0.01	0.01	0.00	0.00	0.00	LOS_A	1	0.17	113.42	0			LOS_A	
1	10800-14400	314-2403@220.3-2402@17.0	2403	2402	49	49	0	0	0	2.14	2.14				0.02	0.02				LOS_A	1	0.00	0.00	0			LOS_A	
1	10800-14400	314-2403@220.3-2424@24.2	2403	2424	14	14	0	0	0	1.01	1.01				0.00	0.00				LOS_A	1	0.00	0.00	0			LOS_A	
1	10800-14400	314-2409@18.3-2410@13.9	2409	2410	75	75	0	0	0	0.40	0.40				0.00	0.00				LOS_A	1	0.00	0.00	0			LOS_A	
1	10800-14400	314-2409@18.3-2424@24.2	2409	2424	837	762	4	52	19	0.61	0.46	5.29	2.21	1.40	0.00	0.00	0.00	0.00	0.00	LOS_A	1	0.00	0.00	0			LOS_A	
1	10800-14400	314-2413@40.6-2402@17.0	2413	2402	1217	1115	4	75	23	2.96	3.09	3.54	1.14	2.27	0.05	0.06	0.00	0.00	0.00	LOS_A	1	0.61	91.88	0			LOS_A	
1	10800-14400	314-2413@40.6-2410@13.9	2413	2410	24	24	0	0	0	0.92	0.92				0.00	0.00				LOS_A	1	0.08	26.86	0			LOS_A	
1	10800-14400	314-2517@5.7-2517@54.4	2517	2517	0	0	0	0	0											LOS_A		0.00	0.00	0			LOS_A	
1	10800-14400	314			2216	2039	8	127	42	1.93	1.94	4.41	1.58	1.88	0.03	0.03	0.00	0.00	0.00	LOS_A	1	0.12	91.88	0			LOS_A	
1	10800-14400	315-2424@32.6-2426@30.8	2424	2426	792	745	0	32	15	0.06	0.06		0.07	0.07	0.00	0.00		0.00	0.00	LOS_A	1	0.00	0.00	0			LOS_A	
1	10800-14400	315-2424@32.6-2434@37.0	2424	2434	10	10	0	0	0	0.03	0.03				0.00	0.00				LOS_A	1	0.00	0.00	0			LOS_A	
1	10800-14400	315-2424@32.6-2439@33.6	2424	2439	49	21	4	20	4	0.53	0.19	1.59	0.64	0.71	0.00	0.00	0.00	0.00	0.00	LOS_A	1	0.00	0.00	0			LOS_A	
1	10800-14400	315-2430@18.6-2413@31.6	2430	2413	107	84	1	18	4	2.35	1.89	4.49	3.94	4.47	0.00	0.00	0.00	0.00	0.00	LOS_A	1	0.00	0.00	0			LOS_A	
1	10800-14400	315-2430@18.6-2426@30.8	2430	2426	26	25	0	1	0	0.42	0.42		0.30		0.00	0.00		0.00		LOS_A	1	0.00	0.00	0			LOS_A	
1	10800-14400	315-2430@18.6-2439@33.6	2430	2439	4	4	0	0	0	3.73	3.73				0.00	0.00				LOS_A	1	0.00	0.00	0			LOS_A	
1	10800-14400	315-2438@12.4-2413@31.6	2438	2413	102	58	0	34	10	0.63	0.81		0.43	0.29	0.00	0.00		0.00	0.00	LOS_A	1	0.00	0.00	0			LOS_A	
1	10800-14400	315-2438@12.4-2426@30.8	2438	2426	1	0	0	1	0	4.53			4.53		0.00			0.00		LOS_A	1	0.00	0.00	0			LOS_A	
1	10800-14400	315-2438@12.4-2434@37.0	2438	2434	30	28	0	2	0	5.17	5.02		7.15		0.00	0.00		0.00		LOS_A	1	0.00	0.00	0			LOS_A	
1	10800-14400	315-2442@2.5-2413@31.6	2442	2413	1032	997	3	23	9	0.71	0.71	4.07	0.26	0.74	0.00	0.00	0.00	0.00	0.00	LOS_A	1	0.00	0.00	0			LOS_A	
1	10800-14400	315-2442@2.5-2434@37.0	2442	2434	0	0	0	0	0											LOS_A		0.00	0.00	0			LOS_A	
1	10800-14400	315-2442@2.5-2439@33.6	2442	2439	6	6	0	0	0	0.18	0.18				0.00	0.00				LOS_A	1	0.00	0.00	0			LOS_A	
1	10800-14400	315			2159	1978	8	131	42	0.61	0.57	2.88	0.96	0.75	0.00	0.00	0.00	0.00	0.00	LOS_A	1	0.00	0.00	0			LOS_A	
1	10800-14400	316			0	0	0	0	0											LOS_A				0			LOS_A	
1	10800-14400	317			0	0	0	0	0											LOS_A				0			LOS_A	
1	10800-14400	318			0	0	0	0	0											LOS_A				0			LOS_A	
1	10800-14400	319			0	0	0	0	0											LOS_A				0			LOS_A	
1	10800-14400	320			0	0	0	0	0											LOS_A				0			LOS_A	
1	10800-14400	322-2388@49.7-2387: Western Fwy  Deer Park Byp@24.8	2388	2387	798	756	5	22	15	3.82	3.52	22.12	7.62	7.39	0.69	0.52	16.37	1.77	2.15	LOS_A	1	0.00	0.00	0			LOS_A	
1	10800-14400	322-2397: Western Fwy  Deer Park Byp@854.3-2387: Western Fwy  Deer Park Byp@24.8	2397	2387	1851	1755	5	59	32	0.08	0.08	0.41	0.05	0.11	0.00	0.00	0.00	0.00	0.00	LOS_A	1	0.00	0.00	0			LOS_A	
1	10800-14400	322			2649	2511	10	81	47	1.20	1.11	11.26	2.10	2.43	0.21	0.16	8.18	0.48	0.68	LOS_A	1	0.00	0.00	0			LOS_A	
1	10800-14400	323-2479: Western Fwy  Deer Park Byp@45.3-2477@22.4	2479	2477	325	270	4	34	17	2.47	2.05	5.09	4.40	4.62	0.00	0.00	0.00	0.00	0.00	LOS_A	1	0.00	0.00	0			LOS_A	
1	10800-14400	323-2479: Western Fwy  Deer Park Byp@45.3-2478: Western Fwy  Deer Park Byp@24.6	2479	2478	1520	1384	8	83	45	0.16	0.16	0.11	0.18	0.26	0.00	0.00	0.00	0.00	0.00	LOS_A	1	0.00	0.00	0			LOS_A	
1	10800-14400	323			1845	1654	12	117	62	0.57	0.47	1.77	1.40	1.45	0.00	0.00	0.00	0.00	0.00	LOS_A	1	0.00	0.00	0			LOS_A	
1	10800-14400	324-2478: Western Fwy  Deer Park Byp@817.5-2483: Western Fwy  Deer Park Byp@32.3	2478	2483	1520	1384	8	83	45	0.11	0.11	0.03	0.07	0.09	0.00	0.00	0.00	0.00	0.00	LOS_A	1	0.00	0.00	0			LOS_A	
1	10800-14400	324-2485@35.4-2483: Western Fwy  Deer Park Byp@32.3	2485	2483	557	506	1	42	8	2.73	2.78	8.22	1.64	4.61	0.06	0.06	0.18	0.05	0.08	LOS_A	1	0.00	0.00	0			LOS_A	
1	10800-14400	324			2077	1890	9	125	53	0.81	0.82	0.94	0.60	0.77	0.02	0.02	0.02	0.02	0.01	LOS_A	1	0.00	0.00	0			LOS_A	
1	10800-14400	325-2398: Western Fwy  Deer Park Byp@29.7-2385@22.8	2398	2385	579	549	0	23	7	3.43	3.31		5.64	5.94	0.04	0.04		0.00	0.00	LOS_A	1	0.00	7.76	0			LOS_A	
1	10800-14400	325-2398: Western Fwy  Deer Park Byp@29.7-2397: Western Fwy  Deer Park Byp@22.4	2398	2397	1851	1755	5	59	32	0.28	0.28	0.72	0.08	0.38	0.00	0.00	0.00	0.00	0.00	LOS_A	1	0.00	7.76	0			LOS_A	
1	10800-14400	325			2430	2304	5	82	39	1.03	1.00	0.72	1.64	1.37	0.01	0.01	0.00	0.00	0.00	LOS_A	1	0.00	7.76	0			LOS_A	
1	10800-14400	326-2502: Western Fwy  Deer Park Byp@2131.3-271708: Western Fwy  Deer Park Byp@8.4	2502	271708	1388	1301	3	57	27	40.65	40.76	58.11	34.64	45.90	1.60	1.64	2.78	0.66	1.78	LOS_E	5	375.04	1016.89	0			LOS_A	
1	10800-14400	326-2514: Western Fwy  Deer Park Byp@123.6-271708: Western Fwy  Deer Park Byp@8.4	2514	271708	1042	1003	2	25	12	25.89	25.72	38.32	33.04	23.58	0.30	0.27	2.20	1.34	0.40	LOS_D	4	0.42	66.43	0			LOS_A	
1	10800-14400	326			2430	2304	5	82	39	34.32	34.21	50.19	34.15	39.03	1.04	1.04	2.55	0.87	1.36	LOS_D	4	187.73	1016.89	0			LOS_A	
1	10800-14400	327-2505: Western Fwy  Deer Park Byp@34.2-2506: Western Fwy  Deer Park Byp@21.2	2505	2506	1185	1073	8	73	31	1.56	1.56	0.33	1.65	1.57	0.20	0.22	0.00	0.05	0.03	LOS_A	1	0.15	31.46	0			LOS_A	
1	10800-14400	327-2505: Western Fwy  Deer Park Byp@34.2-2508: Western Fwy  Deer Park Byp@13.2	2505	2508	893	818	1	52	22	1.55	1.41	1.52	2.92	3.34	0.32	0.20	0.00	1.95	0.62	LOS_A	1	0.15	31.46	0			LOS_A	
1	10800-14400	327			2078	1891	9	125	53	1.56	1.50	0.46	2.18	2.30	0.25	0.21	0.00	0.84	0.27	LOS_A	1	0.15	31.46	0			LOS_A	
1	14400-18000	44-15@10.7-243: Ferris Rd  Melton Hwy@24.7	15	243	362	332	0	17	11	0.35	0.36		0.11	0.18	0.00	0.00		0.00	0.00	LOS_A	1	0.00	0.00	2	1.40	0.00	LOS_A	1
1	14400-18000	44-421: Ferris Rd@65.5-20@13.7	421	20	182	179	1	2	0	1.65	1.62	4.38	3.27		0.07	0.07	0.00	0.00		LOS_A	1	0.00	0.00	0			LOS_A	
1	14400-18000	44-421: Ferris Rd@65.5-243: Ferris Rd  Melton Hwy@24.7	421	243	595	581	0	11	1	0.80	0.81		0.10	2.19	0.02	0.02		0.00	0.00	LOS_A	1	0.00	0.00	2	2.01	0.00	LOS_A	1
1	14400-18000	44-682@2.4-420: Ferris Rd@77.1	682	420	252	240	0	7	5	0.20	0.21		0.12	0.11	0.00	0.00		0.00	0.00	LOS_A	1	0.00	0.00	0			LOS_A	
1	14400-18000	44-10393@15.0-19@37.7	10393	19	143	142	0	0	1	0.33	0.33			0.67	0.00	0.00			0.00	LOS_A	1	0.00	0.00	0			LOS_A	
1	14400-18000	44-10393@15.0-420: Ferris Rd@77.1	10393	420	550	536	0	7	5	0.26	0.26		0.15	0.88	0.00	0.00		0.00	0.00	LOS_A	1	0.00	0.00	2	0.38	0.00	LOS_A	1
1	14400-18000	44			2084	2010	1	44	23	0.55	0.55	4.38	0.26	0.42	0.01	0.01	0.00	0.00	0.00	LOS_A	1	0.00	0.00	6	1.27	0.00	LOS_A	1
1	14400-18000	45-499: Zone connector@162.8-95: Melton Hwy@34.7	499	95	55	55	0	0	0	0.06	0.06				0.00	0.00				LOS_A	1	0.00	0.00	0			LOS_A	
1	14400-18000	45-499: Zone connector@162.8-307: Melton Hwy@21.7	499	307	66	65	0	1	0	0.14	0.13		0.78		0.00	0.00		0.00		LOS_A	1	0.00	0.00	0			LOS_A	
1	14400-18000	45-499: Zone connector@162.8-363: Gateway Dr@34.4	499	363	0	0	0	0	0											LOS_A		0.00	0.00	0			LOS_A	
1	14400-18000	45-677: Melton Hwy@21.1-307: Melton Hwy@21.7	677	307	420	400	0	11	9	0.20	0.21		0.07	0.06	0.00	0.00		0.00	0.00	LOS_A	1	0.00	0.00	0			LOS_A	
1	14400-18000	45-677: Melton Hwy@21.1-363: Gateway Dr@34.4	677	363	0	0	0	0	0											LOS_A		0.00	0.00	0			LOS_A	
1	14400-18000	45-677: Melton Hwy@21.1-500: Zone connector@16.0	677	500	33	33	0	0	0	3.93	3.93				0.00	0.00				LOS_A	1	0.00	0.00	0			LOS_A	
1	14400-18000	45-680: Melton Hwy@12.0-95: Melton Hwy@34.7	680	95	493	469	0	16	8	0.23	0.22		0.27	0.21	0.00	0.00		0.00	0.00	LOS_A	1	0.00	0.00	0			LOS_A	
1	14400-18000	45-680: Melton Hwy@12.0-363: Gateway Dr@34.4	680	363	41	38	0	2	1	3.38	3.24		5.02	5.52	0.00	0.00		0.00	0.00	LOS_A	1	0.00	0.00	0			LOS_A	
1	14400-18000	45-680: Melton Hwy@12.0-500: Zone connector@16.0	680	500	52	52	0	0	0	6.67	6.67				0.00	0.00				LOS_A	1	0.00	0.00	0			LOS_A	
1	14400-18000	45-27136: Gateway Dr@1.7-95: Melton Hwy@34.7	27136	95	0	0	0	0	0											LOS_A		0.00	0.00	0			LOS_A	
1	14400-18000	45-27136: Gateway Dr@1.7-307: Melton Hwy@21.7	27136	307	51	51	0	0	0	0.17	0.17				0.00	0.00				LOS_A	1	0.00	0.00	0			LOS_A	
1	14400-18000	45-27136: Gateway Dr@1.7-500: Zone connector@16.0	27136	500	0	0	0	0	0											LOS_A		0.00	0.00	0			LOS_A	
1	14400-18000	45			1211	1163	0	30	18	0.69	0.69		0.53	0.43	0.00	0.00		0.00	0.00	LOS_A	1	0.00	0.00	0			LOS_A	
1	14400-18000	46-12: Hopkins Rd@68.7-44: Hopkins Rd@23.1	12	44	604	531	2	33	25	1.20	1.23	0.99	0.91	1.21	0.01	0.01	0.00	0.00	0.00	LOS_A	1	0.01	8.62	13	0.76	0.00	LOS_A	1
1	14400-18000	46-12: Hopkins Rd@68.7-104@37.0	12	104	172	159	0	9	4	0.80	0.81		0.78	0.47	0.02	0.02		0.00	0.00	LOS_A	1	0.01	8.62	0			LOS_A	
1	14400-18000	46-12: Hopkins Rd@68.7-428@34.4	12	428	18	18	0	0	0	1.38	1.38				0.11	0.11				LOS_A	1	0.01	8.62	0			LOS_A	
1	14400-18000	46-12: Hopkins Rd@68.7-1243: Hopkins Rd@4.1	12	1243	0	0	0	0	0											LOS_A		0.01	8.62	0			LOS_A	
1	14400-18000	46-255: Hopkins Rd@16.9-44: Hopkins Rd@23.1	255	44	0	0	0	0	0											LOS_A		0.00	0.00	0			LOS_A	
1	14400-18000	46-255: Hopkins Rd@16.9-104@37.0	255	104	170	166	0	0	2	1.02	1.03			1.29	0.00	0.00			0.00	LOS_A	1	0.00	0.00	2	0.50	0.00	LOS_A	1
1	14400-18000	46-255: Hopkins Rd@16.9-428@34.4	255	428	10	10	0	0	0	0.28	0.28				0.00	0.00				LOS_A	1	0.00	0.00	0			LOS_A	
1	14400-18000	46-255: Hopkins Rd@16.9-1243: Hopkins Rd@4.1	255	1243	416	392	1	5	5	0.60	0.59	0.64	0.59	0.39	0.00	0.00	0.00	0.00	0.00	LOS_A	1	0.00	0.00	13	0.83	0.00	LOS_A	1
1	14400-18000	46-257@10.6-44: Hopkins Rd@23.1	257	44	455	444	0	6	5	1.04	1.05		0.67	1.20	0.01	0.01		0.00	0.00	LOS_A	1	0.00	0.00	0			LOS_A	
1	14400-18000	46-257@10.6-104@37.0	257	104	0	0	0	0	0											LOS_A		0.00	0.00	0			LOS_A	
1	14400-18000	46-257@10.6-428@34.4	257	428	0	0	0	0	0											LOS_A		0.00	0.00	0			LOS_A	
1	14400-18000	46-257@10.6-1243: Hopkins Rd@4.1	257	1243	404	383	0	13	8	0.39	0.39		0.37	0.26	0.00	0.00		0.00	0.00	LOS_A	1	0.00	0.00	0			LOS_A	
1	14400-18000	46-429@91.6-44: Hopkins Rd@23.1	429	44	69	69	0	0	0	1.28	1.28				0.00	0.00				LOS_A	1	0.00	0.00	0			LOS_A	
1	14400-18000	46-429@91.6-104@37.0	429	104	0	0	0	0	0											LOS_A		0.00	0.00	0			LOS_A	
1	14400-18000	46-429@91.6-428@34.4	429	428	0	0	0	0	0											LOS_A		0.00	0.00	0			LOS_A	
1	14400-18000	46-429@91.6-1243: Hopkins Rd@4.1	429	1243	15	15	0	0	0	0.18	0.18				0.00	0.00				LOS_A	1	0.00	0.00	0			LOS_A	
1	14400-18000	46			2333	2187	3	66	49	0.87	0.88	0.87	0.74	0.91	0.01	0.01	0.00	0.00	0.00	LOS_A	1	0.00	8.62	28	0.78	0.00	LOS_A	1
1	14400-18000	47-4: Caroline Springs Blvd@6.8-212: Caroline Springs Blvd@4.7	4	212	510	471	1	11	10	1.99	1.39	1.72	1.43	2.76	0.01	0.01	0.00	0.00	0.00	LOS_A	1	0.05	41.13	17	18.58	0.02	LOS_C	3
1	14400-18000	47-4: Caroline Springs Blvd@6.8-446@6.0	4	446	4	4	0	0	0	0.66	0.66				0.00	0.00				LOS_A	1	0.05	41.13	0			LOS_A	
1	14400-18000	47-447@32.5-212: Caroline Springs Blvd@4.7	447	212	1	1	0	0	0	0.20	0.20				0.00	0.00				LOS_A	1	0.00	0.00	0			LOS_A	
1	14400-18000	47-887: Caroline Springs Blvd@16.4-448@12.1	887	448	1031	965	0	27	22	1.77	1.70		2.19	3.41	0.16	0.13		0.40	1.11	LOS_A	1	0.40	64.29	17	3.10	0.00	LOS_A	1
1	14400-18000	47			1546	1441	1	38	32	1.84	1.59	1.72	1.97	3.21	0.11	0.09	0.00	0.29	0.76	LOS_A	1	0.15	64.29	34	10.84	0.01	LOS_B	2
1	14400-18000	49-351: Delma Rd@85.2-352: Eucumbene Dr@37.8	351	352	0	0	0	0	0											LOS_A		0.00	0.00	0			LOS_A	
1	14400-18000	49-351: Delma Rd@85.2-506: Zone connector@80.7	351	506	1	0	0	0	1	0.31				0.31	0.00				0.00	LOS_A	1	0.00	0.00	0			LOS_A	
1	14400-18000	49-353: Eucumbene Dr@275.9-350: Delma Rd@23.2	353	350	0	0	0	0	0											LOS_A		0.00	0.00	0			LOS_A	
1	14400-18000	49-353: Eucumbene Dr@275.9-506: Zone connector@80.7	353	506	59	59	0	0	0	0.02	0.02				0.00	0.00				LOS_A	1	0.00	0.00	0			LOS_A	
1	14400-18000	49-505: Zone connector@77.8-350: Delma Rd@23.2	505	350	103	100	0	1	2	0.10	0.10		0.17	0.06	0.00	0.00		0.00	0.00	LOS_A	1	0.00	0.00	0			LOS_A	
1	14400-18000	49-505: Zone connector@77.8-352: Eucumbene Dr@37.8	505	352	6	6	0	0	0	0.18	0.18				0.00	0.00				LOS_A	1	0.00	0.00	0			LOS_A	
1	14400-18000	49			169	165	0	1	3	0.08	0.07		0.17	0.14	0.00	0.00		0.00	0.00	LOS_A	1	0.00	0.00	0			LOS_A	
1	14400-18000	50-115: Western Hwy@22.9-209: Ballarat Rd  Western Hwy@28.7	115	209	216	211	0	3	2	0.10	0.11		0.03	0.00	0.00	0.00		0.00	0.00	LOS_A	1	0.00	0.00	0			LOS_A	
1	14400-18000	50-115: Western Hwy@22.9-283: Christies Rd@7.9	115	283	46	45	0	0	1	3.02	2.94			6.61	0.00	0.00			0.00	LOS_A	1	0.00	0.00	0			LOS_A	
1	14400-18000	50-461: Ballarat Rd  Western Hwy@7.1-114: Western Hwy@17.3	461	114	688	665	2	10	11	0.57	0.54	2.13	1.46	1.49	0.00	0.00	0.00	0.00	0.00	LOS_A	1	0.00	0.00	0			LOS_A	
1	14400-18000	50-461: Ballarat Rd  Western Hwy@7.1-209: Ballarat Rd  Western Hwy@28.7	461	209	47	44	0	1	2	0.73	0.73		1.14	0.68	0.00	0.00		0.00	0.00	LOS_A	1	0.00	0.00	0			LOS_A	
1	14400-18000	50-461: Ballarat Rd  Western Hwy@7.1-215: Caroline Springs Blvd@5.8	461	215	321	315	0	4	2	0.65	0.63		0.98	1.75	0.00	0.00		0.00	0.00	LOS_A	1	0.00	0.00	0			LOS_A	
1	14400-18000	50-648: Christies Rd@27.9-114: Western Hwy@17.3	648	114	78	75	0	0	3	0.58	0.55			1.39	0.00	0.00			0.00	LOS_A	1	0.00	0.00	0			LOS_A	
1	14400-18000	50-648: Christies Rd@27.9-209: Ballarat Rd  Western Hwy@28.7	648	209	46	36	2	4	4	3.22	2.53	6.46	5.25	5.87	0.00	0.00	0.00	0.00	0.00	LOS_A	1	0.00	0.00	0			LOS_A	
1	14400-18000	50-648: Christies Rd@27.9-215: Caroline Springs Blvd@5.8	648	215	477	436	0	11	13	1.31	1.28		1.40	1.77	0.00	0.00		0.00	0.00	LOS_A	1	0.00	0.00	17	1.65	0.00	LOS_A	1
1	14400-18000	50-649@8.2-283: Christies Rd@7.9	649	283	135	124	0	7	4	0.67	0.62		1.15	1.53	0.00	0.00		0.00	0.00	LOS_A	1	0.00	0.00	0			LOS_A	
1	14400-18000	50-651@22.8-215: Caroline Springs Blvd@5.8	651	215	233	214	0	12	7	0.72	0.64		1.40	2.00	0.00	0.00		0.00	0.00	LOS_A	1	0.00	0.00	0			LOS_A	
1	14400-18000	50-652: Caroline Springs Blvd@21.4-114: Western Hwy@17.3	652	114	125	123	0	2	0	1.00	0.99		1.26		0.01	0.01		0.00		LOS_A	1	0.00	0.00	0			LOS_A	
1	14400-18000	50-652: Caroline Springs Blvd@21.4-209: Ballarat Rd  Western Hwy@28.7	652	209	56	53	0	1	2	4.55	4.45		6.48	6.20	0.00	0.00		0.00	0.00	LOS_A	1	0.00	0.00	0			LOS_A	
1	14400-18000	50-652: Caroline Springs Blvd@21.4-283: Christies Rd@7.9	652	283	330	296	1	8	8	0.82	0.67	2.16	0.57	0.80	0.00	0.00	0.00	0.00	0.00	LOS_A	1	0.00	0.00	17	3.48	0.00	LOS_A	1
1	14400-18000	50			2798	2637	5	63	59	0.90	0.84	3.87	1.50	1.99	0.00	0.00	0.00	0.00	0.00	LOS_A	1	0.00	0.00	34	2.57	0.00	LOS_A	1
1	14400-18000	51-7: Ballarat Rd  Western Hwy@16.6-10: Ballarat Rd  Western Hwy@18.5	7	10	47	42	0	4	1	0.27	0.28		0.12	0.12	0.00	0.00		0.00	0.00	LOS_A	1	0.00	0.00	0			LOS_A	
1	14400-18000	51-7: Ballarat Rd  Western Hwy@16.6-385: Chisholm Dr@11.7	7	385	27	27	0	0	0	1.16	1.16				0.00	0.00				LOS_A	1	0.00	0.00	0			LOS_A	
1	14400-18000	51-7: Ballarat Rd  Western Hwy@16.6-670: Ballarat Rd  Western Hwy@1.4	7	670	69	69	0	0	0	2.22	2.22				0.00	0.00				LOS_A	1	0.00	0.00	0			LOS_A	
1	14400-18000	51-7: Ballarat Rd  Western Hwy@16.6-671: Panamax Rd@7.5	7	671	0	0	0	0	0											LOS_A		0.00	0.00	0			LOS_A	
1	14400-18000	51-347: Panamax Rd@4.8-10: Ballarat Rd  Western Hwy@18.5	347	10	198	192	0	3	3	1.44	1.44		0.94	1.89	0.04	0.04		0.00	0.00	LOS_A	1	0.00	0.00	0			LOS_A	
1	14400-18000	51-347: Panamax Rd@4.8-385: Chisholm Dr@11.7	347	385	59	59	0	0	0	2.88	2.88				0.00	0.00				LOS_A	1	0.00	0.00	0			LOS_A	
1	14400-18000	51-347: Panamax Rd@4.8-670: Ballarat Rd  Western Hwy@1.4	347	670	219	214	0	4	1	4.52	4.48		5.86	6.76	0.16	0.16		0.00	0.00	LOS_A	1	0.21	30.58	0			LOS_A	
1	14400-18000	51-360: Ballarat Rd  Western Hwy@55.2-10: Ballarat Rd  Western Hwy@18.5	360	10	226	211	0	7	8	0.45	0.45		0.74	0.38	0.00	0.00		0.00	0.00	LOS_A	1	0.00	0.00	0			LOS_A	
1	14400-18000	51-360: Ballarat Rd  Western Hwy@55.2-385: Chisholm Dr@11.7	360	385	65	59	2	2	2	2.08	1.84	5.57	3.64	4.29	0.00	0.00	0.00	0.00	0.00	LOS_A	1	0.00	0.00	0			LOS_A	
1	14400-18000	51-360: Ballarat Rd  Western Hwy@55.2-671: Panamax Rd@7.5	360	671	74	74	0	0	0	1.94	1.94				0.00	0.00				LOS_A	1	0.00	0.00	0			LOS_A	
1	14400-18000	51-673: Chisholm Dr@12.9-10: Ballarat Rd  Western Hwy@18.5	673	10	49	48	0	1	0	0.33	0.33		0.20		0.00	0.00		0.00		LOS_A	1	0.00	0.00	0			LOS_A	
1	14400-18000	51-673: Chisholm Dr@12.9-670: Ballarat Rd  Western Hwy@1.4	673	670	36	35	0	1	0	2.23	2.20		3.37		0.00	0.00		0.00		LOS_A	1	0.00	0.00	0			LOS_A	
1	14400-18000	51-673: Chisholm Dr@12.9-671: Panamax Rd@7.5	673	671	42	42	0	0	0	9.59	9.59				0.49	0.49				LOS_A	1	0.00	0.00	0			LOS_A	
1	14400-18000	51-885: Ballarat Rd  Western Hwy@6.9-10: Ballarat Rd  Western Hwy@18.5	885	10	0	0	0	0	0											LOS_A		0.00	0.00	0			LOS_A	
1	14400-18000	51-885: Ballarat Rd  Western Hwy@6.9-385: Chisholm Dr@11.7	885	385	137	133	0	2	2	4.08	4.04		7.66	2.71	0.25	0.26		0.00	0.00	LOS_A	1	0.00	0.00	0			LOS_A	
1	14400-18000	51-885: Ballarat Rd  Western Hwy@6.9-670: Ballarat Rd  Western Hwy@1.4	885	670	765	730	2	16	17	3.23	3.26	2.63	2.56	2.56	0.04	0.04	0.00	0.00	0.00	LOS_A	1	0.00	0.00	0			LOS_A	
1	14400-18000	51-885: Ballarat Rd  Western Hwy@6.9-671: Panamax Rd@7.5	885	671	174	165	0	3	6	3.55	3.41		5.85	6.33	0.01	0.01		0.00	0.00	LOS_A	1	0.00	0.00	0			LOS_A	
1	14400-18000	51			2187	2100	4	43	40	2.82	2.82	4.10	2.71	2.78	0.06	0.06	0.00	0.00	0.00	LOS_A	1	0.03	30.58	0			LOS_A	
1	14400-18000	52-928: Melton Hwy@4.6-182@17.4	928	182	298	279	0	10	7	0.39	0.39		0.33	0.43	0.00	0.00		0.00	0.00	LOS_A	1	0.00	0.00	2	0.53	0.00	LOS_A	1
1	14400-18000	52-928: Melton Hwy@4.6-308: Ferris Rd  Melton Hwy@32.7	928	308	594	581	0	6	5	0.68	0.69		0.15	0.42	0.00	0.00		0.00	0.00	LOS_A	1	0.00	0.00	2	0.05	0.00	LOS_A	1
1	14400-18000	52-2259: Ferris Rd  Melton Hwy@16.4-182@17.4	2259	182	181	176	0	4	1	2.94	2.90		4.22	4.66	0.00	0.00		0.00	0.00	LOS_A	1	0.00	0.00	0			LOS_A	
1	14400-18000	52-2259: Ferris Rd  Melton Hwy@16.4-200: Melton Hwy@86.6	2259	200	776	737	0	24	11	0.37	0.37		0.36	0.44	0.00	0.00		0.00	0.00	LOS_A	1	0.00	0.00	4	0.23	0.00	LOS_A	1
1	14400-18000	52-2260@39.2-200: Melton Hwy@86.6	2260	200	102	97	0	2	3	9.27	9.15		11.59	11.52	0.00	0.00		0.00	0.00	LOS_A	1	0.00	0.00	0			LOS_A	
1	14400-18000	52-2260@39.2-308: Ferris Rd  Melton Hwy@32.7	2260	308	99	97	0	1	1	0.26	0.26		0.23	0.29	0.00	0.00		0.00	0.00	LOS_A	1	0.00	0.00	0			LOS_A	
1	14400-18000	52			2050	1967	0	47	28	1.13	1.12		1.13	1.77	0.00	0.00		0.00	0.00	LOS_A	1	0.00	0.00	8	0.26	0.00	LOS_A	1
1	14400-18000	53-899: Melton Hwy@13.5-199: Melton Hwy@15.4	899	199	0	0	0	0	0											LOS_A		0.00	0.00	0			LOS_A	
1	14400-18000	53-899: Melton Hwy@13.5-301: High St@21.5	899	301	44	44	0	0	0	0.60	0.60				0.00	0.00				LOS_A	1	0.00	0.00	0			LOS_A	
1	14400-18000	53-899: Melton Hwy@13.5-376: High St@3.8	899	376	365	346	0	8	7	0.25	0.24		0.01	0.87	0.00	0.00		0.00	0.00	LOS_A	1	0.00	0.00	4	0.01	0.00	LOS_A	1
1	14400-18000	53-899: Melton Hwy@13.5-271619: Melton Hwy@15.3	899	271619	469	444	0	18	7	0.33	0.34		0.31	0.25	0.00	0.00		0.00	0.00	LOS_A	1	0.00	0.00	0			LOS_A	
1	14400-18000	53-900: High St@7.7-199: Melton Hwy@15.4	900	199	367	356	0	4	3	2.09	2.10		1.98	0.77	0.00	0.00		0.00	0.00	LOS_A	1	0.00	0.00	4	2.49	0.00	LOS_A	1
1	14400-18000	53-900: High St@7.7-301: High St@21.5	900	301	33	33	0	0	0	0.33	0.33				0.00	0.00				LOS_A	1	0.00	0.00	0			LOS_A	
1	14400-18000	53-900: High St@7.7-376: High St@3.8	900	376	0	0	0	0	0											LOS_A		0.00	0.00	0			LOS_A	
1	14400-18000	53-900: High St@7.7-271619: Melton Hwy@15.3	900	271619	104	103	0	0	1	4.57	4.54			7.03	0.00	0.00			0.00	LOS_A	1	0.00	0.00	0			LOS_A	
1	14400-18000	53-901: Melton Hwy@54.1-199: Melton Hwy@15.4	901	199	487	466	0	12	9	1.10	1.10		0.99	1.22	0.00	0.00		0.00	0.00	LOS_A	1	0.00	0.00	0			LOS_A	
1	14400-18000	53-901: Melton Hwy@54.1-301: High St@21.5	901	301	7	7	0	0	0	1.51	1.51				0.00	0.00				LOS_A	1	0.00	0.00	0			LOS_A	
1	14400-18000	53-901: Melton Hwy@54.1-376: High St@3.8	901	376	43	43	0	0	0	0.60	0.60				0.00	0.00				LOS_A	1	0.00	0.00	0			LOS_A	
1	14400-18000	53-901: Melton Hwy@54.1-271619: Melton Hwy@15.3	901	271619	0	0	0	0	0											LOS_A		0.00	0.00	0			LOS_A	
1	14400-18000	53-1241: High St@3.1-199: Melton Hwy@15.4	1241	199	38	38	0	0	0	1.72	1.72				0.00	0.00				LOS_A	1	0.00	0.00	0			LOS_A	
1	14400-18000	53-1241: High St@3.1-301: High St@21.5	1241	301	0	0	0	0	0											LOS_A		0.00	0.00	0			LOS_A	
1	14400-18000	53-1241: High St@3.1-376: High St@3.8	1241	376	20	20	0	0	0	0.26	0.26				0.00	0.00				LOS_A	1	0.00	0.00	0			LOS_A	
1	14400-18000	53-1241: High St@3.1-271619: Melton Hwy@15.3	1241	271619	13	12	0	0	1	0.27	0.29			0.14	0.00	0.00			0.00	LOS_A	1	0.00	0.00	0			LOS_A	
1	14400-18000	53			1990	1912	0	42	28	1.09	1.10		0.61	1.01	0.00	0.00		0.00	0.00	LOS_A	1	0.00	0.00	8	1.25	0.00	LOS_A	1
1	14400-18000	54-526: Ferris Rd@22.5-310@35.3	526	310	21	21	0	0	0	2.95	2.95				0.26	0.26				LOS_A	1	0.01	24.55	0			LOS_A	
1	14400-18000	54-526: Ferris Rd@22.5-421: Ferris Rd@15.4	526	421	0	0	0	0	0											LOS_A		0.01	24.55	0			LOS_A	
1	14400-18000	54-526: Ferris Rd@22.5-525: Ferris Rd@18.9	526	525	781	755	0	14	10	0.29	0.29		0.19	0.34	0.00	0.00		0.00	0.00	LOS_A	1	0.01	24.55	2	0.05	0.00	LOS_A	1
1	14400-18000	54-527: Zone connector@58.2-310@35.3	527	310	0	0	0	0	0											LOS_A		0.00	0.00	0			LOS_A	
1	14400-18000	54-527: Zone connector@58.2-421: Ferris Rd@15.4	527	421	759	743	1	12	1	0.56	0.55	1.75	0.21	4.65	0.00	0.00	0.00	0.00	0.00	LOS_A	1	0.00	0.00	2	0.55	0.00	LOS_A	1
1	14400-18000	54-528@5.7-421: Ferris Rd@15.4	528	421	18	17	0	1	0	1.85	1.69		4.58		0.00	0.00		0.00		LOS_A	1	0.00	0.00	0			LOS_A	
1	14400-18000	54-528@5.7-525: Ferris Rd@18.9	528	525	2	2	0	0	0	0.34	0.34				0.00	0.00				LOS_A	1	0.00	0.00	0			LOS_A	
1	14400-18000	54			1581	1538	1	27	11	0.47	0.47	1.75	0.36	0.74	0.00	0.00	0.00	0.00	0.00	LOS_A	1	0.00	24.55	4	0.30	0.00	LOS_A	1
1	14400-18000	58-600: Leakes Rd@50.8-273@50.4	600	273	148	141	0	5	2	0.51	0.39		3.02	2.42	0.00	0.00		0.00	0.00	LOS_A	1	0.00	0.00	0			LOS_A	
1	14400-18000	58-600: Leakes Rd@50.8-437: Leakes Rd@57.3	600	437	604	569	1	6	11	0.98	0.41	0.93	0.61	0.23	0.00	0.00	0.00	0.00	0.00	LOS_A	1	0.00	0.00	17	20.45	0.01	LOS_C	3
1	14400-18000	58-1263: Leakes Rd@67.9-271: Leakes Rd@3.2	1263	271	896	855	2	12	10	0.68	0.19	0.63	0.40	0.80	0.00	0.00	0.00	0.00	0.00	LOS_A	1	0.00	0.00	17	25.82	0.25	LOS_D	4
1	14400-18000	58-1263: Leakes Rd@67.9-273@50.4	1263	273	356	341	0	10	5	0.59	0.59		0.60	0.78	0.00	0.00		0.00	0.00	LOS_A	1	0.00	0.00	0			LOS_A	
1	14400-18000	58-2374@24.3-271: Leakes Rd@3.2	2374	271	207	198	2	5	2	3.36	3.19	7.90	6.66	6.93	0.00	0.00	0.00	0.00	0.00	LOS_A	1	0.00	0.00	0			LOS_A	
1	14400-18000	58-2374@24.3-437: Leakes Rd@57.3	2374	437	300	289	0	5	6	0.48	0.47		0.90	0.83	0.00	0.00		0.00	0.00	LOS_A	1	0.00	0.00	0			LOS_A	
1	14400-18000	58			2511	2393	5	43	36	0.93	0.59	3.60	1.57	1.06	0.00	0.00	0.00	0.00	0.00	LOS_A	1	0.00	0.00	34	23.14	0.13	LOS_C	3
1	14400-18000	59-271: Leakes Rd@241.4-401: Leakes Rd@29.1	271	401	1103	1053	4	17	12	0.26	0.22	0.40	0.27	0.27	0.00	0.00	0.00	0.00	0.00	LOS_A	1	0.00	0.00	17	2.74	0.00	LOS_A	1
1	14400-18000	59-443@92.7-270: Leakes Rd@23.7	443	270	80	80	0	0	0	0.14	0.14				0.00	0.00				LOS_A	1	0.00	0.00	0			LOS_A	
1	14400-18000	59-443@92.7-442@13.5	443	442	0	0	0	0	0											LOS_A		0.00	0.00	0			LOS_A	
1	14400-18000	59-605: Leakes Rd@51.1-270: Leakes Rd@23.7	605	270	672	630	1	11	13	0.30	0.29	0.23	0.99	0.21	0.00	0.00	0.00	0.00	0.00	LOS_A	1	0.00	0.00	17	0.06	0.00	LOS_A	1
1	14400-18000	59-605: Leakes Rd@51.1-442@13.5	605	442	19	19	0	0	0	0.12	0.12				0.00	0.00				LOS_A	1	0.00	0.00	0			LOS_A	
1	14400-18000	59			1874	1782	5	28	25	0.27	0.24	0.37	0.55	0.24	0.00	0.00	0.00	0.00	0.00	LOS_A	1	0.00	0.00	34	1.40	0.00	LOS_A	1
1	14400-18000	60-604: Leakes Rd@15.0-398: Taylors Rd@53.4	604	398	53	53	0	0	0	0.52	0.52				0.00	0.00				LOS_A	1	0.00	0.00	0			LOS_A	
1	14400-18000	60-604: Leakes Rd@15.0-402: Leakes Rd@43.0	604	402	465	443	1	10	11	0.08	0.08	0.01	0.11	0.07	0.00	0.00	0.00	0.00	0.00	LOS_A	1	0.00	0.00	0			LOS_A	
1	14400-18000	60-604: Leakes Rd@15.0-2146@76.1	604	2146	41	40	0	1	0	0.34	0.32		1.10		0.00	0.00		0.00		LOS_A	1	0.00	0.00	0			LOS_A	
1	14400-18000	60-938: Leakes Rd@26.5-398: Taylors Rd@53.4	938	398	563	538	0	4	4	0.84	0.84		0.71	0.86	0.00	0.00		0.00	0.00	LOS_A	1	0.00	0.00	17	0.90	0.00	LOS_A	1
1	14400-18000	60-938: Leakes Rd@26.5-402: Leakes Rd@43.0	938	402	12	12	0	0	0	6.38	6.38				0.81	0.81				LOS_A	1	0.00	0.00	0			LOS_A	
1	14400-18000	60-938: Leakes Rd@26.5-2146@76.1	938	2146	164	152	2	7	3	0.59	0.56	1.26	0.94	1.04	0.01	0.01	0.00	0.00	0.00	LOS_A	1	0.03	15.57	0			LOS_A	
1	14400-18000	60-938: Leakes Rd@26.5-27139: Leakes Rd@68.2	938	27139	364	351	2	6	5	0.17	0.16	1.43	0.07	0.83	0.00	0.00	0.00	0.00	0.00	LOS_A	1	0.00	0.00	0			LOS_A	
1	14400-18000	60-2149@32.7-398: Taylors Rd@53.4	2149	398	17	17	0	0	0	0.03	0.03				0.00	0.00				LOS_A	1	0.00	0.00	0			LOS_A	
1	14400-18000	60-2149@32.7-402: Leakes Rd@43.0	2149	402	50	50	0	0	0	2.30	2.30				0.00	0.00				LOS_A	1	0.00	0.00	0			LOS_A	
1	14400-18000	60-2149@32.7-27139: Leakes Rd@68.2	2149	27139	25	25	0	0	0	2.16	2.16				0.00	0.00				LOS_A	1	0.00	0.00	0			LOS_A	
1	14400-18000	60-271394: Taylors Rd@21.3-402: Leakes Rd@43.0	271394	402	165	144	0	1	2	1.95	1.52		3.44	3.38	0.00	0.00		0.00	0.00	LOS_A	1	0.00	0.00	18	5.10	0.00	LOS_A	1
1	14400-18000	60-271394: Taylors Rd@21.3-2146@76.1	271394	2146	38	38	0	0	0	0.05	0.05				0.00	0.00				LOS_A	1	0.00	0.00	0			LOS_A	
1	14400-18000	60-271394: Taylors Rd@21.3-27139: Leakes Rd@68.2	271394	27139	51	51	0	0	0	0.38	0.38				0.00	0.00				LOS_A	1	0.00	0.00	0			LOS_A	
1	14400-18000	60			2008	1914	5	29	25	0.65	0.60	1.08	0.53	0.73	0.01	0.01	0.00	0.00	0.00	LOS_A	1	0.00	15.57	35	3.06	0.00	LOS_A	1
1	14400-18000	61-539: Leakes Rd@105.5-438: Leakes Rd@41.9	539	438	262	257	0	3	2	0.29	0.29		0.13	0.14	0.00	0.00		0.00	0.00	LOS_A	1	0.00	0.00	0			LOS_A	
1	14400-18000	61-863: Leakes Rd@80.4-265@25.1	863	265	181	175	1	0	5	3.07	3.03	5.91		4.01	0.11	0.12	0.00		0.00	LOS_A	1	0.00	0.00	0			LOS_A	
1	14400-18000	61-863: Leakes Rd@80.4-435: Leakes Rd@21.2	863	435	723	683	0	11	12	1.19	1.02		1.47	1.38	0.00	0.00		0.00	0.00	LOS_A	1	0.00	0.00	17	7.93	0.00	LOS_A	1
1	14400-18000	61-2344: Leakes Rd@40.2-265@25.1	2344	265	276	253	1	15	7	0.17	0.16	0.36	0.18	0.28	0.00	0.00	0.00	0.00	0.00	LOS_A	1	0.00	0.00	0			LOS_A	
1	14400-18000	61-2344: Leakes Rd@40.2-438: Leakes Rd@41.9	2344	438	990	939	2	19	13	0.52	0.50	0.44	0.86	0.66	0.00	0.00	0.00	0.00	0.00	LOS_A	1	0.00	0.00	17	0.98	0.00	LOS_A	1
1	14400-18000	61-2345@108.7-435: Leakes Rd@21.2	2345	435	664	658	0	5	1	0.29	0.29		0.38	0.67	0.00	0.00		0.00	0.00	LOS_A	1	0.00	0.00	0			LOS_A	
1	14400-18000	61			3096	2965	4	53	40	0.73	0.68	1.79	0.71	1.20	0.01	0.01	0.00	0.00	0.00	LOS_A	1	0.00	0.00	34	4.46	0.00	LOS_A	1
1	14400-18000	62-267: Ian Cowie Way@65.6-264: Leakes Rd@17.3	267	264	1	1	0	0	0	0.07	0.07				0.00	0.00				LOS_A	1	0.00	0.00	0			LOS_A	
1	14400-18000	62-267: Ian Cowie Way@65.6-434: Leakes Rd@22.8	267	434	8	8	0	0	0	0.05	0.05				0.00	0.00				LOS_A	1	0.00	0.00	0			LOS_A	
1	14400-18000	62-538: Leakes Rd@89.6-264: Leakes Rd@17.3	538	264	176	141	0	0	3	0.17	0.17			0.48	0.00	0.00			0.00	LOS_A	1	0.00	0.00	32	0.17	0.00	LOS_A	1
1	14400-18000	62-538: Leakes Rd@89.6-268: Ian Cowie Way@17.3	538	268	5	5	0	0	0	0.06	0.06				0.00	0.00				LOS_A	1	0.00	0.00	0			LOS_A	
1	14400-18000	62-864: Leakes Rd@39.3-268: Ian Cowie Way@17.3	864	268	0	0	0	0	0											LOS_A		0.00	0.00	0			LOS_A	
1	14400-18000	62-864: Leakes Rd@39.3-434: Leakes Rd@22.8	864	434	249	203	2	8	4	0.23	0.25	0.00	0.25	0.11	0.00	0.00	0.00	0.00	0.00	LOS_A	1	0.00	0.00	32	0.10	0.00	LOS_A	1
1	14400-18000	62			439	358	2	8	7	0.20	0.21	0.00	0.25	0.27	0.00	0.00	0.00	0.00	0.00	LOS_A	1	0.00	0.00	64	0.14	0.00	LOS_A	1
1	14400-18000	63-374: Westcott Pde@100.7-263: Leakes Rd@9.1	374	263	25	25	0	0	0	0.04	0.04				0.00	0.00				LOS_A	1	0.00	0.00	0			LOS_A	
1	14400-18000	63-374: Westcott Pde@100.7-372: Leakes Rd@14.9	374	372	0	0	0	0	0											LOS_A		0.00	0.00	0			LOS_A	
1	14400-18000	63-542: Leakes Rd@34.5-372: Leakes Rd@14.9	542	372	156	121	0	0	3	0.06	0.06			0.14	0.00	0.00			0.00	LOS_A	1	0.00	0.00	32	0.04	0.00	LOS_A	1
1	14400-18000	63-542: Leakes Rd@34.5-375: Westcott Pde@26.6	542	375	21	21	0	0	0	0.13	0.13				0.00	0.00				LOS_A	1	0.00	0.00	0			LOS_A	
1	14400-18000	63-543: Leakes Rd@6.7-263: Leakes Rd@9.1	543	263	224	178	2	8	4	0.08	0.08	0.00	0.07	0.07	0.00	0.00	0.00	0.00	0.00	LOS_A	1	0.00	0.00	32	0.07	0.00	LOS_A	1
1	14400-18000	63-543: Leakes Rd@6.7-375: Westcott Pde@26.6	543	375	0	0	0	0	0											LOS_A		0.00	0.00	0			LOS_A	
1	14400-18000	63			426	345	2	8	7	0.07	0.07	0.00	0.07	0.10	0.00	0.00	0.00	0.00	0.00	LOS_A	1	0.00	0.00	64	0.06	0.00	LOS_A	1
1	14400-18000	66-622: Neales Rd W@46.2-34: Neales Rd W@22.7	622	34	79	79	0	0	0	1.19	1.19				0.00	0.00				LOS_A	1	0.00	0.00	0			LOS_A	
1	14400-18000	66-622: Neales Rd W@46.2-232: Hopkins Rd@9.0	622	232	270	266	0	0	2	0.50	0.48			2.15	0.00	0.00			0.00	LOS_A	1	0.00	0.00	2	2.00	0.00	LOS_A	1
1	14400-18000	66-622: Neales Rd W@46.2-910: Melton Hwy@30.7	622	910	8	8	0	0	0	0.29	0.29				0.00	0.00				LOS_A	1	0.00	0.00	0			LOS_A	
1	14400-18000	66-897: Hopkins Rd@13.5-35: Neales Rd W@48.6	897	35	261	256	0	2	1	1.21	1.18		2.67	2.88	0.00	0.00		0.00	0.00	LOS_A	1	0.00	0.00	2	2.03	0.00	LOS_A	1
1	14400-18000	66-897: Hopkins Rd@13.5-910: Melton Hwy@30.7	897	910	409	391	0	2	3	0.92	0.39		0.66	0.19	0.00	0.00		0.00	0.00	LOS_A	1	0.00	0.00	13	17.08	0.00	LOS_C	3
1	14400-18000	66-908: Melton Hwy@56.5-34: Neales Rd W@22.7	908	34	5	5	0	0	0	3.23	3.23				0.00	0.00				LOS_A	1	0.00	0.00	0			LOS_A	
1	14400-18000	66-908: Melton Hwy@56.5-35: Neales Rd W@48.6	908	35	4	4	0	0	0	2.20	2.20				0.00	0.00				LOS_A	1	0.00	0.00	0			LOS_A	
1	14400-18000	66-908: Melton Hwy@56.5-232: Hopkins Rd@9.0	908	232	322	300	1	5	3	0.80	0.71	0.14	0.31	0.78	0.00	0.00	0.00	0.00	0.00	LOS_A	1	0.00	0.00	13	3.20	0.00	LOS_A	1
1	14400-18000	66-2206: Neales Rd W@67.0-35: Neales Rd W@48.6	2206	35	12	12	0	0	0	0.50	0.50				0.00	0.00				LOS_A	1	0.00	0.00	0			LOS_A	
1	14400-18000	66-2206: Neales Rd W@67.0-232: Hopkins Rd@9.0	2206	232	50	49	0	1	0	3.21	3.16		5.51		0.00	0.00		0.00		LOS_A	1	0.00	0.00	0			LOS_A	
1	14400-18000	66-2206: Neales Rd W@67.0-910: Melton Hwy@30.7	2206	910	7	7	0	0	0	0.24	0.24				0.00	0.00				LOS_A	1	0.00	0.00	0			LOS_A	
1	14400-18000	66-271701@14.9-34: Neales Rd W@22.7	271701	34	301	284	0	11	6	4.80	4.96		1.73	2.93	3.15	3.33		0.00	0.00	LOS_A	1	0.00	0.00	0			LOS_A	
1	14400-18000	66			1728	1661	1	21	15	1.63	1.50	0.14	1.56	1.84	0.55	0.57	0.00	0.00	0.00	LOS_A	1	0.00	0.00	30	9.06	0.00	LOS_A	1
1	14400-18000	67-230: Hopkins Rd@80.5-37@39.6	230	37	144	137	1	3	3	0.41	0.41	1.14	0.38	0.50	0.00	0.00	0.00	0.00	0.00	LOS_A	1	0.00	0.00	0			LOS_A	
1	14400-18000	67-230: Hopkins Rd@80.5-426: Hopkins Rd@27.0	230	426	498	478	0	3	2	1.85	1.47		2.45	0.90	0.00	0.00		0.00	0.00	LOS_A	1	0.00	0.00	15	13.90	0.00	LOS_B	2
1	14400-18000	67-427: Hopkins Rd@65.2-231: Hopkins Rd@8.0	427	231	847	811	0	13	10	0.34	0.31		1.36	0.91	0.00	0.00		0.00	0.00	LOS_A	1	0.00	0.00	13	1.24	0.00	LOS_A	1
1	14400-18000	67-946@14.4-231: Hopkins Rd@8.0	946	231	126	122	0	2	0	0.25	0.25		0.38		0.00	0.00		0.00		LOS_A	1	0.00	0.00	2	0.37	0.00	LOS_A	1
1	14400-18000	67-946@14.4-426: Hopkins Rd@27.0	946	426	98	90	1	2	5	0.30	0.29	1.02	0.30	0.35	0.00	0.00	0.00	0.00	0.00	LOS_A	1	0.00	0.00	0			LOS_A	
1	14400-18000	67			1713	1638	2	23	20	0.78	0.65	1.08	1.20	0.71	0.00	0.00	0.00	0.00	0.00	LOS_A	1	0.00	0.00	30	7.52	0.00	LOS_A	1
1	14400-18000	68-252: Hopkins Rd@35.3-55: Hopkins Rd@43.4	252	55	726	701	1	13	5	0.82	0.83	0.15	0.55	0.38	0.00	0.00	0.00	0.00	0.00	LOS_A	1	0.00	0.00	6	1.51	0.00	LOS_A	1
1	14400-18000	68-252: Hopkins Rd@35.3-66: Meskos Rd@23.0	252	66	77	62	0	3	5	4.37	4.13		4.47	4.53	0.00	0.00		0.00	0.00	LOS_A	1	0.00	0.00	7	6.37	0.00	LOS_A	1
1	14400-18000	68-252: Hopkins Rd@35.3-82: Sheahan Rd@25.9	252	82	32	27	0	2	3	3.79	3.56		4.60	5.24	0.00	0.00		0.00	0.00	LOS_A	1	0.00	0.00	0			LOS_A	
1	14400-18000	68-2153: Sheahan Rd@17.6-12: Hopkins Rd@3.8	2153	12	47	39	2	4	2	5.40	5.00	8.04	6.90	7.59	0.00	0.00	0.00	0.00	0.00	LOS_A	1	0.00	0.00	0			LOS_A	
1	14400-18000	68-2153: Sheahan Rd@17.6-55: Hopkins Rd@43.4	2153	55	36	33	0	1	2	2.17	2.03		3.70	3.67	0.00	0.00		0.00	0.00	LOS_A	1	0.00	0.00	0			LOS_A	
1	14400-18000	68-2153: Sheahan Rd@17.6-66: Meskos Rd@23.0	2153	66	1	1	0	0	0	4.28	4.28				0.00	0.00				LOS_A	1	0.05	40.44	0			LOS_A	
1	14400-18000	68-2157: Hopkins Rd@4.7-12: Hopkins Rd@3.8	2157	12	654	596	0	32	20	0.54	0.54		0.74	0.54	0.00	0.00		0.00	0.00	LOS_A	1	0.00	0.00	6	0.28	0.00	LOS_A	1
1	14400-18000	68-2157: Hopkins Rd@4.7-66: Meskos Rd@23.0	2157	66	11	10	0	1	0	2.79	2.50		5.72		0.00	0.00		0.00		LOS_A	1	0.00	0.00	0			LOS_A	
1	14400-18000	68-2157: Hopkins Rd@4.7-82: Sheahan Rd@25.9	2157	82	8	8	0	0	0	4.22	4.22				0.00	0.00				LOS_A	1	0.00	0.00	0			LOS_A	
1	14400-18000	68-2195: Meskos Rd@18.4-12: Hopkins Rd@3.8	2195	12	94	73	0	6	7	1.41	0.78		2.87	3.03	0.00	0.00		0.00	0.00	LOS_A	1	0.00	0.00	8	4.62	0.00	LOS_A	1
1	14400-18000	68-2195: Meskos Rd@18.4-55: Hopkins Rd@43.4	2195	55	33	32	0	0	1	2.57	2.48			5.47	0.00	0.00			0.00	LOS_A	1	0.00	0.00	0			LOS_A	
1	14400-18000	68-2195: Meskos Rd@18.4-82: Sheahan Rd@25.9	2195	82	1	0	0	0	1	0.00				0.00	0.00				0.00	LOS_A	1	0.00	0.00	0			LOS_A	
1	14400-18000	68			1720	1582	3	62	46	1.18	1.08	5.41	1.74	2.18	0.00	0.00	0.00	0.00	0.00	LOS_A	1	0.01	40.44	27	3.42	0.00	LOS_A	1
1	14400-18000	69-290: Caroline Springs Blvd@7.8-60: Caroline Springs Blvd@15.2	290	60	0	0	0	0	0											LOS_A		0.00	0.00	0			LOS_A	
1	14400-18000	69-290: Caroline Springs Blvd@7.8-291: Caroline Springs Blvd@13.3	290	291	877	820	0	24	16	0.88	0.84		1.08	1.69	0.01	0.01		0.00	0.00	LOS_A	1	0.00	0.00	17	1.90	0.00	LOS_A	1
1	14400-18000	69-290: Caroline Springs Blvd@7.8-293: Chisholm Dr@13.5	290	293	77	69	0	2	6	0.49	0.45		0.67	0.85	0.00	0.00		0.00	0.00	LOS_A	1	0.00	0.00	0			LOS_A	
1	14400-18000	69-290: Caroline Springs Blvd@7.8-431: Springlake Ave@15.6	290	431	54	53	0	1	0	2.82	2.87		0.16		0.01	0.01		0.00		LOS_A	1	0.00	0.00	0			LOS_A	
1	14400-18000	69-292: Caroline Springs Blvd@170.8-60: Caroline Springs Blvd@15.2	292	60	452	413	1	11	10	2.53	2.13	0.40	0.25	0.56	1.40	1.53	0.00	0.00	0.00	LOS_A	1	0.00	0.00	17	15.04	0.00	LOS_C	3
1	14400-18000	69-292: Caroline Springs Blvd@170.8-291: Caroline Springs Blvd@13.3	292	291	0	0	0	0	0											LOS_A		0.00	0.00	0			LOS_A	
1	14400-18000	69-292: Caroline Springs Blvd@170.8-293: Chisholm Dr@13.5	292	293	5	5	0	0	0	0.71	0.71				0.00	0.00				LOS_A	1	0.00	0.00	0			LOS_A	
1	14400-18000	69-292: Caroline Springs Blvd@170.8-431: Springlake Ave@15.6	292	431	19	19	0	0	0	0.64	0.64				0.00	0.00				LOS_A	1	0.00	0.00	0			LOS_A	
1	14400-18000	69-294: Chisholm Dr@69.6-60: Caroline Springs Blvd@15.2	294	60	21	21	0	0	0	0.16	0.16				0.00	0.00				LOS_A	1	0.00	0.00	0			LOS_A	
1	14400-18000	69-294: Chisholm Dr@69.6-291: Caroline Springs Blvd@13.3	294	291	0	0	0	0	0											LOS_A		0.00	0.00	0			LOS_A	
1	14400-18000	69-294: Chisholm Dr@69.6-293: Chisholm Dr@13.5	294	293	0	0	0	0	0											LOS_A		0.00	0.00	0			LOS_A	
1	14400-18000	69-294: Chisholm Dr@69.6-431: Springlake Ave@15.6	294	431	0	0	0	0	0											LOS_A		0.00	0.00	0			LOS_A	
1	14400-18000	69-430: Springlake Ave@96.9-60: Caroline Springs Blvd@15.2	430	60	18	18	0	0	0	0.18	0.18				0.00	0.00				LOS_A	1	0.00	0.00	0			LOS_A	
1	14400-18000	69-430: Springlake Ave@96.9-291: Caroline Springs Blvd@13.3	430	291	20	20	0	0	0	0.76	0.76				0.07	0.07				LOS_A	1	0.00	0.00	0			LOS_A	
1	14400-18000	69-430: Springlake Ave@96.9-293: Chisholm Dr@13.5	430	293	0	0	0	0	0											LOS_A		0.00	0.00	0			LOS_A	
1	14400-18000	69-430: Springlake Ave@96.9-431: Springlake Ave@15.6	430	431	0	0	0	0	0											LOS_A		0.00	0.00	0			LOS_A	
1	14400-18000	69			1543	1438	1	38	32	1.39	1.25	0.40	0.80	1.18	0.41	0.45	0.00	0.00	0.00	LOS_A	1	0.00	0.00	34	8.47	0.00	LOS_A	1
1	14400-18000	70-352: Eucumbene Dr@292.9-111: Christies Rd@15.7	352	111	6	6	0	0	0	0.14	0.14				0.00	0.00				LOS_A	1	0.00	0.00	0			LOS_A	
1	14400-18000	70-647: Christies Rd@8.4-111: Christies Rd@15.7	647	111	496	450	1	15	13	1.09	1.07	27.52	0.47	0.26	0.08	0.03	21.62	0.00	0.00	LOS_A	1	0.00	0.00	17	1.12	0.00	LOS_A	1
1	14400-18000	70-647: Christies Rd@8.4-353: Eucumbene Dr@18.0	647	353	15	15	0	0	0	1.95	1.95				0.00	0.00				LOS_A	1	0.00	0.00	0			LOS_A	
1	14400-18000	70-647: Christies Rd@8.4-1920@12.9	647	1920	0	0	0	0	0											LOS_A		0.00	0.00	0			LOS_A	
1	14400-18000	70-891: Christies Rd@8.7-287: Christies Rd@20.9	891	287	601	547	2	15	20	2.88	2.92	1.21	2.00	1.92	0.00	0.00	0.00	0.00	0.00	LOS_A	1	0.00	0.00	17	3.44	0.00	LOS_A	1
1	14400-18000	70-891: Christies Rd@8.7-353: Eucumbene Dr@18.0	891	353	44	44	0	0	0	7.76	7.76				0.00	0.00				LOS_A	1	0.00	0.00	0			LOS_A	
1	14400-18000	70-891: Christies Rd@8.7-1920@12.9	891	1920	0	0	0	0	0											LOS_A		0.00	0.00	0			LOS_A	
1	14400-18000	70-1919@25.6-287: Christies Rd@20.9	1919	287	0	0	0	0	0											LOS_A		0.00	0.00	0			LOS_A	
1	14400-18000	70			1162	1062	3	30	33	2.27	2.31	9.98	1.23	1.27	0.03	0.01	7.21	0.00	0.00	LOS_A	1	0.00	0.00	34	2.28	0.00	LOS_A	1
1	14400-18000	71-111: Christies Rd@84.9-129@9.8	111	129	352	342	1	7	2	0.08	0.07	4.68	0.06	0.08	0.00	0.00	0.00	0.00	0.00	LOS_A	1	0.00	0.00	0			LOS_A	
1	14400-18000	71-111: Christies Rd@84.9-282: Christies Rd@12.4	111	282	150	114	0	8	11	0.12	0.09		0.02	0.07	0.00	0.00		0.00	0.00	LOS_A	1	0.00	0.00	17	0.42	0.00	LOS_A	1
1	14400-18000	71-274: Christies Rd@5.8-112: Christies Rd@6.8	274	112	645	591	2	15	20	3.61	3.70	0.89	2.03	3.43	0.00	0.00	0.00	0.00	0.00	LOS_A	1	0.00	0.00	17	2.41	0.00	LOS_A	1
1	14400-18000	71-274: Christies Rd@5.8-129@9.8	274	129	137	124	1	6	6	3.03	2.81	5.15	4.57	5.63	0.00	0.00	0.00	0.00	0.00	LOS_A	1	0.00	0.00	0			LOS_A	
1	14400-18000	71			1284	1171	4	36	39	2.18	2.20	2.91	1.62	2.65	0.00	0.00	0.00	0.00	0.00	LOS_A	1	0.00	0.00	34	1.41	0.00	LOS_A	1
1	14400-18000	72-279: Christies Rd@96.9-280: Christies Rd@44.5	279	280	0	0	0	0	0											LOS_A		0.00	0.00	0			LOS_A	
1	14400-18000	72-279: Christies Rd@96.9-394: Christies Rd@15.7	279	394	87	54	0	7	9	3.57	4.25		1.91	1.78	0.44	0.59		0.00	0.00	LOS_A	1	0.00	0.00	17	3.07	0.40	LOS_A	1
1	14400-18000	72-279: Christies Rd@96.9-626: Palm Springs Rd@75.1	279	626	63	60	0	1	2	13.52	13.10		24.88	20.53	1.80	1.81		0.80	2.00	LOS_B	2	0.00	0.00	0			LOS_A	
1	14400-18000	72-393: Christies Rd@348.6-280: Christies Rd@44.5	393	280	187	151	1	7	11	14.62	14.81	1.16	11.82	24.53	0.87	0.93	0.00	0.60	1.38	LOS_B	2	0.36	42.17	17	8.44	0.22	LOS_A	1
1	14400-18000	72-393: Christies Rd@348.6-394: Christies Rd@15.7	393	394	0	0	0	0	0											LOS_A		0.36	42.17	0			LOS_A	
1	14400-18000	72-393: Christies Rd@348.6-626: Palm Springs Rd@75.1	393	626	5	4	0	0	1	4.64	2.04			15.05	0.00	0.00			0.00	LOS_A	1	0.36	42.17	0			LOS_A	
1	14400-18000	72-625: Palm Springs Rd@88.9-280: Christies Rd@44.5	625	280	227	212	0	7	8	8.46	8.50		12.38	4.15	0.44	0.44		0.82	0.00	LOS_A	1	0.00	0.00	0			LOS_A	
1	14400-18000	72-625: Palm Springs Rd@88.9-394: Christies Rd@15.7	625	394	28	28	0	0	0	8.34	8.34				0.40	0.40				LOS_A	1	0.00	0.00	0			LOS_A	
1	14400-18000	72-625: Palm Springs Rd@88.9-626: Palm Springs Rd@75.1	625	626	0	0	0	0	0											LOS_A		0.00	0.00	0			LOS_A	
1	14400-18000	72-1914@136.2-280: Christies Rd@44.5	1914	280	368	352	2	7	7	29.75	29.76	1.68	28.91	38.19	1.99	1.98	0.00	2.47	2.51	LOS_D	4	16.10	212.62	0			LOS_A	
1	14400-18000	72-1914@136.2-394: Christies Rd@15.7	1914	394	30	19	0	9	2	14.37	18.99		4.35	15.63	0.70	1.08		0.04	0.09	LOS_B	2	16.10	212.62	0			LOS_A	
1	14400-18000	72-1914@136.2-626: Palm Springs Rd@75.1	1914	626	42	36	0	4	2	23.26	26.96		0.99	1.15	1.14	1.33		0.00	0.00	LOS_C	3	16.10	212.62	0			LOS_A	
1	14400-18000	72			1037	916	3	42	42	17.77	18.67	1.50	10.79	16.10	1.18	1.26	0.00	0.68	0.88	LOS_C	3	4.11	212.62	34	5.75	0.31	LOS_A	1
1	14400-18000	73-350: Delma Rd@97.2-464: Ballarat Rd  Western Hwy@8.8	350	464	103	100	0	1	2	0.10	0.10		0.23	0.13	0.00	0.00		0.00	0.00	LOS_A	1	0.00	0.00	0			LOS_A	
1	14400-18000	73-663: Ballarat Rd  Western Hwy@46.8-351: Delma Rd@11.2	663	351	1	0	0	0	1	6.06				6.06	0.00				0.00	LOS_A	1	0.00	0.00	0			LOS_A	
1	14400-18000	73-663: Ballarat Rd  Western Hwy@46.8-464: Ballarat Rd  Western Hwy@8.8	663	464	1088	1048	2	21	17	0.53	0.51	1.97	1.04	0.94	0.00	0.00	0.00	0.00	0.00	LOS_A	1	0.00	0.00	0			LOS_A	
1	14400-18000	73			1192	1148	2	22	20	0.50	0.48	1.97	1.00	1.12	0.00	0.00	0.00	0.00	0.00	LOS_A	1	0.00	0.00	0			LOS_A	
1	14400-18000	76-911@130.2-404: Hopkins Rd@29.7	911	404	43	43	0	0	0	0.09	0.09				0.00	0.00				LOS_A	1	0.00	0.00	0			LOS_A	
1	14400-18000	76-911@130.2-408: Hopkins Rd@16.0	911	408	94	94	0	0	0	0.09	0.09				0.00	0.00				LOS_A	1	0.00	0.00	0			LOS_A	
1	14400-18000	76-913: Hopkins Rd@4.0-408: Hopkins Rd@16.0	913	408	579	520	0	33	20	1.12	1.17		0.76	0.58	0.00	0.00		0.00	0.00	LOS_A	1	0.00	0.00	6	0.29	0.00	LOS_A	1
1	14400-18000	76-913: Hopkins Rd@4.0-912@27.4	913	912	43	38	0	3	2	5.48	5.31		6.62	6.97	0.00	0.00		0.00	0.00	LOS_A	1	0.00	0.00	0			LOS_A	
1	14400-18000	76-948: Hopkins Rd@33.1-404: Hopkins Rd@29.7	948	404	515	488	1	14	6	0.65	0.65	0.08	0.90	0.37	0.00	0.00	0.00	0.00	0.00	LOS_A	1	0.00	0.00	6	0.41	0.00	LOS_A	1
1	14400-18000	76-948: Hopkins Rd@33.1-912@27.4	948	912	280	278	0	0	2	1.75	1.75			2.15	0.00	0.00			0.00	LOS_A	1	0.00	0.00	0			LOS_A	
1	14400-18000	76			1554	1461	1	50	30	1.11	1.12	0.08	1.15	1.07	0.00	0.00	0.00	0.00	0.00	LOS_A	1	0.00	0.00	12	0.35	0.00	LOS_A	1
1	14400-18000	77-208: Western Fwy@25.5-84: Western Fwy@15.9	208	84	1240	1155	8	46	31	0.70	0.69	1.08	1.01	0.79	0.00	0.00	0.00	0.00	0.00	LOS_A	1	0.00	0.00	0			LOS_A	
1	14400-18000	77-208: Western Fwy@25.5-180@16.3	208	180	201	194	0	3	4	3.08	2.98		5.50	6.13	0.00	0.00		0.00	0.00	LOS_A	1	0.00	0.00	0			LOS_A	
1	14400-18000	77			1441	1349	8	49	35	1.03	1.02	1.08	1.28	1.40	0.00	0.00	0.00	0.00	0.00	LOS_A	1	0.00	0.00	0			LOS_A	
1	14400-18000	78-84: Western Fwy@896.6-203: Western Fwy@19.3	84	203	1240	1155	8	46	31	0.14	0.14	0.35	0.13	0.18	0.00	0.00	0.00	0.00	0.00	LOS_A	1	0.00	0.00	0			LOS_A	
1	14400-18000	78-529@72.8-203: Western Fwy@19.3	529	203	479	455	0	14	8	3.24	3.22		3.77	3.60	0.05	0.04		0.06	0.15	LOS_A	1	0.00	0.00	2	2.03	0.00	LOS_A	1
1	14400-18000	78			1719	1610	8	60	39	1.00	1.01	0.35	0.98	0.88	0.01	0.01	0.00	0.01	0.03	LOS_A	1	0.00	0.00	2	2.03	0.00	LOS_A	1
1	14400-18000	79-184: Western Fwy@928.7-205: Western Fwy@68.7	184	205	1609	1542	9	33	25	3.78	3.78	4.01	4.54	2.52	0.00	0.00	0.00	0.00	0.00	LOS_A	1	0.80	77.18	0			LOS_A	
1	14400-18000	79-333@86.1-205: Western Fwy@68.7	333	205	325	321	1	2	1	1.17	1.17	2.81	0.69	2.22	0.00	0.00	0.00	0.00	0.00	LOS_A	1	0.00	0.00	0			LOS_A	
1	14400-18000	79			1934	1863	10	35	26	3.34	3.33	3.89	4.32	2.51	0.00	0.00	0.00	0.00	0.00	LOS_A	1	0.40	77.18	0			LOS_A	
1	14400-18000	80-424: Western Fwy@14.2-184: Western Fwy@85.3	424	184	1610	1543	9	33	25	1.66	1.56	2.22	3.63	4.59	0.07	0.06	0.00	0.05	1.29	LOS_A	1	0.00	0.00	0			LOS_A	
1	14400-18000	80-424: Western Fwy@14.2-337@9.9	424	337	614	572	0	24	16	2.24	2.32		1.06	1.15	0.42	0.45		0.00	0.00	LOS_A	1	0.00	0.00	2	4.06	0.00	LOS_A	1
1	14400-18000	80			2224	2115	9	57	41	1.82	1.77	2.22	2.54	3.25	0.17	0.16	0.00	0.03	0.79	LOS_A	1	0.00	0.00	2	4.06	0.00	LOS_A	1
1	14400-18000	81-532: Western Hwy@54.1-334: Western Hwy@32.3	532	334	1698	1589	8	60	39	0.06	0.06	0.03	0.06	0.12	0.00	0.00	0.00	0.00	0.00	LOS_A	1	0.00	0.00	2	0.00	0.00	LOS_A	1
1	14400-18000	81-532: Western Hwy@54.1-481@40.2	532	481	21	21	0	0	0	4.47	4.47				0.00	0.00				LOS_A	1	0.00	0.00	0			LOS_A	
1	14400-18000	81			1719	1610	8	60	39	0.12	0.12	0.03	0.06	0.12	0.00	0.00	0.00	0.00	0.00	LOS_A	1	0.00	0.00	2	0.00	0.00	LOS_A	1
1	14400-18000	82-334: Western Hwy@655.0-72: Western Hwy@13.2	334	72	1698	1589	8	60	39	0.10	0.10	0.08	0.13	0.13	0.00	0.00	0.00	0.00	0.00	LOS_A	1	0.00	0.00	2	0.00	0.00	LOS_A	1
1	14400-18000	82-482@267.1-72: Western Hwy@13.2	482	72	17	17	0	0	0	0.02	0.02				0.00	0.00				LOS_A	1	0.00	0.00	0			LOS_A	
1	14400-18000	82			1715	1606	8	60	39	0.10	0.10	0.08	0.13	0.13	0.00	0.00	0.00	0.00	0.00	LOS_A	1	0.00	0.00	2	0.00	0.00	LOS_A	1
1	14400-18000	83-313: Western Hwy@40.0-103: Western Hwy@23.6	313	103	1209	1120	6	50	31	0.36	0.37	0.01	0.24	0.52	0.00	0.00	0.00	0.00	0.00	LOS_A	1	0.14	19.50	2	0.00	0.00	LOS_A	1
1	14400-18000	83-313: Western Hwy@40.0-174@14.4	313	174	507	487	2	10	8	4.32	4.22	7.89	6.56	6.58	0.05	0.05	0.00	0.00	0.00	LOS_A	1	0.14	19.50	0			LOS_A	
1	14400-18000	83			1716	1607	8	60	39	1.53	1.54	1.98	1.29	1.76	0.01	0.01	0.00	0.00	0.00	LOS_A	1	0.14	19.50	2	0.00	0.00	LOS_A	1
1	14400-18000	84-161@132.7-99: Western Hwy@9.8	161	99	457	428	2	15	12	0.16	0.17	0.14	0.10	0.04	0.00	0.00	0.00	0.00	0.00	LOS_A	1	0.00	0.00	0			LOS_A	
1	14400-18000	84-187: Western Hwy@837.8-99: Western Hwy@9.8	187	99	1772	1692	7	42	29	0.05	0.05	0.28	0.05	0.04	0.00	0.00	0.00	0.00	0.00	LOS_A	1	0.00	0.00	2	0.02	0.00	LOS_A	1
1	14400-18000	84			2229	2120	9	57	41	0.07	0.07	0.25	0.07	0.04	0.00	0.00	0.00	0.00	0.00	LOS_A	1	0.00	0.00	2	0.02	0.00	LOS_A	1
1	14400-18000	85-103: Western Hwy@963.6-90: Western Hwy@22.8	103	90	1209	1120	6	50	31	0.40	0.40	0.09	0.36	0.47	0.00	0.00	0.00	0.00	0.00	LOS_A	1	0.00	0.00	2	0.24	0.00	LOS_A	1
1	14400-18000	85-2380@33.8-90: Western Hwy@22.8	2380	90	470	451	0	13	6	0.77	0.73		2.01	1.59	0.00	0.00		0.00	0.00	LOS_A	1	0.00	0.00	0			LOS_A	
1	14400-18000	85			1679	1571	6	63	37	0.50	0.49	0.09	0.70	0.65	0.00	0.00	0.00	0.00	0.00	LOS_A	1	0.00	0.00	2	0.24	0.00	LOS_A	1
1	14400-18000	86-323: Western Hwy@19.6-159@11.7	323	159	926	915	0	8	3	1.11	1.10		0.71	3.66	0.00	0.00		0.00	0.00	LOS_A	1	0.00	15.51	0			LOS_A	
1	14400-18000	86-323: Western Hwy@19.6-187: Western Hwy@33.1	323	187	1772	1692	7	42	29	0.26	0.25	0.66	0.35	0.38	0.00	0.00	0.00	0.00	0.00	LOS_A	1	0.00	15.51	2	0.21	0.00	LOS_A	1
1	14400-18000	86			2698	2607	7	50	32	0.55	0.55	0.66	0.41	0.68	0.00	0.00	0.00	0.00	0.00	LOS_A	1	0.00	15.51	2	0.21	0.00	LOS_A	1
1	14400-18000	87-343: Western Hwy@756.7-154: Western Hwy@6.0	343	154	2513	2422	7	50	32	0.08	0.08	0.05	0.12	0.00	0.00	0.00	0.00	0.00	0.00	LOS_A	1	0.00	0.00	2	0.00	0.00	LOS_A	1
1	14400-18000	87-480@343.6-154: Western Hwy@6.0	480	154	188	188	0	0	0	0.01	0.01				0.00	0.00				LOS_A	1	0.00	0.00	0			LOS_A	
1	14400-18000	87			2701	2610	7	50	32	0.07	0.07	0.05	0.12	0.00	0.00	0.00	0.00	0.00	0.00	LOS_A	1	0.00	0.00	2	0.00	0.00	LOS_A	1
1	14400-18000	88-955: Western Fwy@13.7-343: Western Hwy@21.1	955	343	2513	2422	7	50	32	0.18	0.17	0.71	0.26	0.34	0.00	0.00	0.00	0.00	0.00	LOS_A	1	0.00	0.00	2	0.00	0.00	LOS_A	1
1	14400-18000	88-955: Western Fwy@13.7-479@7.3	955	479	0	0	0	0	0											LOS_A		0.00	0.00	0			LOS_A	
1	14400-18000	88			2513	2422	7	50	32	0.18	0.17	0.71	0.26	0.34	0.00	0.00	0.00	0.00	0.00	LOS_A	1	0.00	0.00	2	0.00	0.00	LOS_A	1
1	14400-18000	89-228: Western Fwy@25.7-108@38.1	228	108	224	212	1	4	5	3.74	3.56	8.25	6.81	6.64	0.00	0.00	0.00	0.00	0.00	LOS_A	1	0.00	0.00	2	6.53	0.00	LOS_A	1
1	14400-18000	89-228: Western Fwy@25.7-194: Western Fwy@23.1	228	194	1455	1359	5	59	32	0.25	0.24	0.01	0.30	0.35	0.00	0.00	0.00	0.00	0.00	LOS_A	1	0.00	0.00	0			LOS_A	
1	14400-18000	89			1679	1571	6	63	37	0.71	0.69	1.38	0.71	1.20	0.00	0.00	0.00	0.00	0.00	LOS_A	1	0.00	0.00	2	6.53	0.00	LOS_A	1
1	14400-18000	90-104@749.4-417: Western Fwy@10.9	104	417	342	325	0	9	6	0.07	0.07		0.03	0.04	0.00	0.00		0.00	0.00	LOS_A	1	0.00	0.00	2	0.00	0.00	LOS_A	1
1	14400-18000	90-196: Western Fwy@1280.5-417: Western Fwy@10.9	196	417	2171	2097	7	41	26	0.08	0.08	0.06	0.04	0.00	0.00	0.00	0.00	0.00	0.00	LOS_A	1	0.00	0.00	0			LOS_A	
1	14400-18000	90			2513	2422	7	50	32	0.08	0.08	0.06	0.04	0.01	0.00	0.00	0.00	0.00	0.00	LOS_A	1	0.00	0.00	2	0.00	0.00	LOS_A	1
1	14400-18000	91-260: Hopkins Rd@76.3-419@20.9	260	419	281	233	2	26	20	1.61	1.34	2.35	2.99	2.94	0.00	0.00	0.00	0.00	0.00	LOS_A	1	0.00	0.00	0			LOS_A	
1	14400-18000	91-260: Hopkins Rd@76.3-427: Hopkins Rd@13.9	260	427	847	811	0	13	10	0.17	0.17		0.24	0.19	0.00	0.00		0.00	0.00	LOS_A	1	0.00	0.00	13	0.05	0.00	LOS_A	1
1	14400-18000	91-426: Hopkins Rd@79.1-43: Hopkins Rd@14.4	426	43	596	568	1	5	7	0.47	0.47	0.52	0.41	0.14	0.00	0.00	0.00	0.00	0.00	LOS_A	1	0.00	0.00	15	0.57	0.00	LOS_A	1
1	14400-18000	91			1724	1612	3	44	37	0.51	0.44	1.74	1.89	1.66	0.00	0.00	0.00	0.00	0.00	LOS_A	1	0.00	0.00	28	0.33	0.00	LOS_A	1
1	14400-18000	92-43: Hopkins Rd@153.1-43: Hopkins Rd@182.8	43	43	596	568	1	5	7	0.29	0.28	0.33	0.29	0.09	0.00	0.00	0.00	0.00	0.00	LOS_A	1	0.00	0.00	15	0.43	0.00	LOS_A	1
1	14400-18000	92-194: Western Fwy@606.2-1907: Western Fwy@12.3	194	1907	1455	1359	5	59	32	0.27	0.26	0.13	0.36	0.38	0.00	0.00	0.00	0.00	0.00	LOS_A	1	0.00	0.00	0			LOS_A	
1	14400-18000	92-414: Hopkins Rd@174.6-414: Hopkins Rd@204.8	414	414	1128	1044	2	39	30	0.28	0.28	0.12	0.30	0.29	0.00	0.00	0.00	0.00	0.00	LOS_A	1	0.00	0.00	13	0.05	0.00	LOS_A	1
1	14400-18000	92-1906@89.9-1907: Western Fwy@12.3	1906	1907	425	370	3	29	23	4.33	4.20	6.38	4.84	5.57	0.05	0.06	0.00	0.00	0.00	LOS_A	1	0.03	15.36	0			LOS_A	
1	14400-18000	92			3604	3341	11	132	92	0.75	0.71	1.85	1.32	1.63	0.01	0.01	0.00	0.00	0.00	LOS_A	1	0.01	15.36	28	0.26	0.00	LOS_A	1
1	14400-18000	93-224: Western Fwy@24.6-149@43.1	224	149	859	827	0	19	13	0.32	0.33		0.16	0.35	0.07	0.07		0.00	0.00	LOS_A	1	0.00	0.00	0			LOS_A	
1	14400-18000	93-224: Western Fwy@24.6-196: Western Fwy@41.3	224	196	2171	2097	7	41	26	0.48	0.48	0.78	0.56	0.25	0.01	0.01	0.00	0.00	0.00	LOS_A	1	0.00	0.00	0			LOS_A	
1	14400-18000	93			3030	2924	7	60	39	0.44	0.44	0.78	0.43	0.28	0.03	0.03	0.00	0.00	0.00	LOS_A	1	0.00	0.00	0			LOS_A	
1	14400-18000	94-949: Western Fwy@23.0-136@6.0	949	136	495	470	0	15	10	0.09	0.10		0.08	0.07	0.00	0.00		0.00	0.00	LOS_A	1	0.00	0.00	0			LOS_A	
1	14400-18000	94-949: Western Fwy@23.0-389: Western Fwy  Deer Park Byp@4.2	949	389	1384	1258	8	73	45	0.10	0.09	0.08	0.12	0.14	0.00	0.00	0.00	0.00	0.00	LOS_A	1	0.00	0.00	0			LOS_A	
1	14400-18000	94			1879	1728	8	88	55	0.10	0.09	0.08	0.11	0.13	0.00	0.00	0.00	0.00	0.00	LOS_A	1	0.00	0.00	0			LOS_A	
1	14400-18000	95-952: Western Hwy@59.0-1039: Western Fwy@18.1	952	1039	891	863	2	12	14	3.68	3.63	3.38	4.77	6.09	0.01	0.01	0.00	0.00	0.00	LOS_A	1	0.00	0.00	0			LOS_A	
1	14400-18000	95-1038: Western Fwy  Deer Park Byp@184.1-1039: Western Fwy@18.1	1038	1039	2139	2061	5	48	25	5.51	5.51	5.39	6.11	5.12	0.00	0.00	0.00	0.00	0.00	LOS_A	1	0.00	0.00	0			LOS_A	
1	14400-18000	95			3030	2924	7	60	39	4.98	4.95	4.82	5.84	5.47	0.00	0.00	0.00	0.00	0.00	LOS_A	1	0.00	0.00	0			LOS_A	
1	14400-18000	96-1904@24.9-147: Western Fwy  Deer Park Byp@16.1	1904	147	488	465	2	13	8	2.77	2.78	6.85	2.36	2.05	0.03	0.04	0.00	0.00	0.00	LOS_A	1	0.00	0.00	0			LOS_A	
1	14400-18000	96-24821: Western Fwy  Deer Park Byp@1488.1-147: Western Fwy  Deer Park Byp@16.1	24821	147	1384	1258	8	73	45	0.06	0.06	0.01	0.05	0.03	0.00	0.00	0.00	0.00	0.00	LOS_A	1	0.00	0.00	0			LOS_A	
1	14400-18000	96			1872	1723	10	86	53	0.77	0.79	1.38	0.40	0.33	0.01	0.01	0.00	0.00	0.00	LOS_A	1	0.00	0.00	0			LOS_A	
1	14400-18000	97-240: Western Fwy  Deer Park Byp@38.0-126@16.7	240	126	440	407	2	20	11	3.52	3.25	5.79	5.63	8.97	0.02	0.01	0.00	0.00	0.53	LOS_A	1	0.36	60.02	0			LOS_A	
1	14400-18000	97-240: Western Fwy  Deer Park Byp@38.0-189: Western Fwy  Deer Park Byp@8.6	240	189	2139	2061	5	48	25	1.24	1.24	2.91	1.38	0.45	0.00	0.00	0.00	0.00	0.00	LOS_A	1	0.36	60.02	0			LOS_A	
1	14400-18000	97			2579	2468	7	68	36	1.63	1.57	3.73	2.63	3.06	0.01	0.00	0.00	0.00	0.16	LOS_A	1	0.36	60.02	0			LOS_A	
1	14400-18000	98-91: Ballarat Rd  Western Hwy@67.3-362: Ballarat Rd  Western Hwy@13.4	91	362	365	344	2	9	10	0.07	0.08	0.00	0.08	0.01	0.00	0.00	0.00	0.00	0.00	LOS_A	1	0.00	0.00	0			LOS_A	
1	14400-18000	98-92: Ballarat Rd  Western Hwy@8.7-362: Ballarat Rd  Western Hwy@13.4	92	362	0	0	0	0	0											LOS_A		0.00	0.00	0			LOS_A	
1	14400-18000	98			365	344	2	9	10	0.07	0.08	0.00	0.08	0.01	0.00	0.00	0.00	0.00	0.00	LOS_A	1	0.00	0.00	0			LOS_A	
1	14400-18000	99-209: Ballarat Rd  Western Hwy@46.4-1: Ballarat Rd  Western Hwy@6.6	209	1	365	344	2	9	10	0.06	0.06	0.00	0.02	0.01	0.00	0.00	0.00	0.00	0.00	LOS_A	1	0.00	0.00	0			LOS_A	
1	14400-18000	99-209: Ballarat Rd  Western Hwy@46.4-2: Ballarat Rd  Western Hwy@6.5	209	2	0	0	0	0	0											LOS_A		0.00	0.00	0			LOS_A	
1	14400-18000	99			365	344	2	9	10	0.06	0.06	0.00	0.02	0.01	0.00	0.00	0.00	0.00	0.00	LOS_A	1	0.00	0.00	0			LOS_A	
1	14400-18000	100-1141@18.3-1143@28.5	1141	1143	0	0	0	0	0											LOS_A		1.88	213.06	0			LOS_A	
1	14400-18000	100-1141@18.3-1147@16.5	1141	1147	168	167	0	0	1	1.74	1.75			0.24	0.18	0.18			0.00	LOS_A	1	1.88	213.06	0			LOS_A	
1	14400-18000	100-1141@18.3-1152@26.0	1141	1152	150	143	0	4	3	1.34	1.38		0.49	0.34	0.14	0.15		0.00	0.00	LOS_A	1	1.88	213.06	0			LOS_A	
1	14400-18000	100-1141@18.3-1158@25.0	1141	1158	322	321	0	1	0	1.22	1.22		1.27		0.07	0.07		0.00		LOS_A	1	1.88	213.06	0			LOS_A	
1	14400-18000	100-1146@382.0-1143@28.5	1146	1143	108	107	0	0	1	3.19	3.21			0.83	0.02	0.02			0.00	LOS_A	1	0.00	0.00	0			LOS_A	
1	14400-18000	100-1146@382.0-1147@16.5	1146	1147	0	0	0	0	0											LOS_A		0.00	0.00	0			LOS_A	
1	14400-18000	100-1146@382.0-1152@26.0	1146	1152	191	187	0	2	2	1.08	1.09		1.27	0.40	0.00	0.00		0.00	0.00	LOS_A	1	0.00	0.00	0			LOS_A	
1	14400-18000	100-1146@382.0-1158@25.0	1146	1158	82	80	0	1	1	1.91	1.88		6.40	0.13	0.05	0.05		0.00	0.00	LOS_A	1	0.00	0.00	0			LOS_A	
1	14400-18000	100-1159@120.5-1143@28.5	1159	1143	256	255	0	1	0	2.55	2.55		2.46		0.02	0.02		0.00		LOS_A	1	0.08	34.68	0			LOS_A	
1	14400-18000	100-1159@120.5-1147@16.5	1159	1147	7	7	0	0	0	0.73	0.73				0.00	0.00				LOS_A	1	0.08	34.68	0			LOS_A	
1	14400-18000	100-1159@120.5-1152@26.0	1159	1152	108	106	0	1	1	2.87	2.92		0.06	0.68	0.01	0.01		0.00	0.00	LOS_A	1	0.08	34.68	0			LOS_A	
1	14400-18000	100-1159@120.5-1158@25.0	1159	1158	0	0	0	0	0											LOS_A		0.08	34.68	0			LOS_A	
1	14400-18000	100-1234@184.1-1143@28.5	1234	1143	204	201	0	2	1	1.64	1.66		0.16	0.26	0.03	0.03		0.00	0.00	LOS_A	1	0.00	0.00	0			LOS_A	
1	14400-18000	100-1234@184.1-1147@16.5	1234	1147	139	134	0	1	4	0.96	0.95		0.79	1.23	0.01	0.01		0.00	0.00	LOS_A	1	0.00	0.00	0			LOS_A	
1	14400-18000	100-1234@184.1-1152@26.0	1234	1152	0	0	0	0	0											LOS_A		0.00	0.00	0			LOS_A	
1	14400-18000	100-1234@184.1-1158@25.0	1234	1158	85	85	0	0	0	1.02	1.02				0.02	0.02				LOS_A	1	0.00	0.00	0			LOS_A	
1	14400-18000	100			1820	1793	0	13	14	1.71	1.72		1.22	0.63	0.05	0.05		0.00	0.00	LOS_A	1	0.49	213.06	0			LOS_A	
1	14400-18000	101-1144@12.5-1140@37.3	1144	1140	0	0	0	0	0											LOS_A		0.00	0.00	0			LOS_A	
1	14400-18000	101-1144@12.5-1168@28.2	1144	1168	19	19	0	0	0	0.79	0.79				0.00	0.00				LOS_A	1	0.00	0.00	0			LOS_A	
1	14400-18000	101-1144@12.5-1170@29.6	1144	1170	268	267	0	0	1	0.42	0.42			0.24	0.00	0.00			0.00	LOS_A	1	0.00	0.00	0			LOS_A	
1	14400-18000	101-1144@12.5-1171@32.9	1144	1171	281	277	0	3	1	1.78	1.80		0.21	0.00	0.00	0.00		0.00	0.00	LOS_A	1	0.00	0.00	0			LOS_A	
1	14400-18000	101-1167@141.4-1140@37.3	1167	1140	26	26	0	0	0	0.99	0.99				0.00	0.00				LOS_A	1	0.00	0.00	0			LOS_A	
1	14400-18000	101-1167@141.4-1168@28.2	1167	1168	0	0	0	0	0											LOS_A		0.00	0.00	0			LOS_A	
1	14400-18000	101-1167@141.4-1170@29.6	1167	1170	17	17	0	0	0	0.24	0.24				0.00	0.00				LOS_A	1	0.00	0.00	0			LOS_A	
1	14400-18000	101-1167@141.4-1171@32.9	1167	1171	31	31	0	0	0	0.16	0.16				0.00	0.00				LOS_A	1	0.00	0.00	0			LOS_A	
1	14400-18000	101-1169@143.9-1140@37.3	1169	1140	161	158	0	2	1	2.00	2.03		0.53	1.00	0.04	0.04		0.00	0.00	LOS_A	1	0.00	0.00	0			LOS_A	
1	14400-18000	101-1169@143.9-1168@28.2	1169	1168	14	14	0	0	0	0.36	0.36				0.00	0.00				LOS_A	1	0.00	0.00	0			LOS_A	
1	14400-18000	101-1169@143.9-1170@29.6	1169	1170	0	0	0	0	0											LOS_A		0.00	0.00	0			LOS_A	
1	14400-18000	101-1169@143.9-1171@32.9	1169	1171	14	14	0	0	0	1.27	1.27				0.16	0.16				LOS_A	1	0.00	0.00	0			LOS_A	
1	14400-18000	101-1172@137.6-1140@37.3	1172	1140	453	447	0	3	3	3.33	3.36		0.86	1.45	0.15	0.15		0.00	0.00	LOS_A	1	0.84	133.45	0			LOS_A	
1	14400-18000	101-1172@137.6-1168@28.2	1172	1168	60	60	0	0	0	1.32	1.32				0.00	0.00				LOS_A	1	0.84	133.45	0			LOS_A	
1	14400-18000	101-1172@137.6-1170@29.6	1172	1170	40	40	0	0	0	4.21	4.21				0.31	0.31				LOS_A	1	0.84	133.45	0			LOS_A	
1	14400-18000	101-1172@137.6-1171@32.9	1172	1171	0	0	0	0	0											LOS_A		0.84	133.45	0			LOS_A	
1	14400-18000	101			1384	1370	0	8	6	2.00	2.01		0.53	0.93	0.06	0.06		0.00	0.00	LOS_A	1	0.21	133.45	0			LOS_A	
1	14400-18000	102-1150@427.0-1155@20.3	1150	1155	63	62	0	0	1	0.30	0.30			0.37	0.00	0.00			0.00	LOS_A	1	0.00	0.00	0			LOS_A	
1	14400-18000	102-1150@427.0-1156@9.2	1150	1156	214	211	0	0	3	1.05	1.06			0.36	0.00	0.00			0.00	LOS_A	1	0.00	0.00	0			LOS_A	
1	14400-18000	102-1154@88.9-1153@11.3	1154	1153	219	215	0	2	2	0.55	0.54		1.62	0.00	0.00	0.00		0.00	0.00	LOS_A	1	0.00	0.00	0			LOS_A	
1	14400-18000	102-1154@88.9-1155@20.3	1154	1155	138	130	0	5	3	1.42	1.35		2.46	2.55	0.00	0.00		0.00	0.00	LOS_A	1	0.00	0.00	0			LOS_A	
1	14400-18000	102-1157@97.7-1153@11.3	1157	1153	27	27	0	0	0	0.16	0.16				0.00	0.00				LOS_A	1	0.00	0.00	0			LOS_A	
1	14400-18000	102-1157@97.7-1156@9.2	1157	1156	115	111	0	2	2	0.23	0.21		0.83	0.35	0.00	0.00		0.00	0.00	LOS_A	1	0.00	0.00	0			LOS_A	
1	14400-18000	102			776	756	0	9	11	0.76	0.74		1.91	0.89	0.00	0.00		0.00	0.00	LOS_A	1	0.00	0.00	0			LOS_A	
1	14400-18000	103			0	0	0	0	0											LOS_A				0			LOS_A	
1	14400-18000	104			0	0	0	0	0											LOS_A				0			LOS_A	
1	14400-18000	105			0	0	0	0	0											LOS_A				0			LOS_A	
1	14400-18000	106			0	0	0	0	0											LOS_A				0			LOS_A	
1	14400-18000	107			0	0	0	0	0											LOS_A				0			LOS_A	
1	14400-18000	108			0	0	0	0	0											LOS_A				0			LOS_A	
1	14400-18000	109			0	0	0	0	0											LOS_A				0			LOS_A	
1	14400-18000	113			0	0	0	0	0											LOS_A				0			LOS_A	
1	14400-18000	114-1081@150.5-1125@21.0	1081	1125	405	365	0	5	4	3.38	2.34		1.00	1.37	0.03	0.03		0.00	0.00	LOS_A	1	0.00	0.00	31	16.23	0.05	LOS_C	3
1	14400-18000	114-1081@150.5-1128@12.2	1081	1128	142	136	0	4	2	4.11	4.13		3.84	3.32	0.25	0.26		0.00	0.00	LOS_A	1	0.00	0.00	0			LOS_A	
1	14400-18000	114-1129@3.3-1130@26.0	1129	1130	402	392	0	5	5	3.03	2.98		4.70	5.55	0.00	0.00		0.00	0.00	LOS_A	1	0.00	0.00	0			LOS_A	
1	14400-18000	114-1132@5.3-1125@21.0	1132	1125	303	303	0	0	0	0.32	0.32				0.00	0.00				LOS_A	1	0.00	0.00	0			LOS_A	
1	14400-18000	114-1240: Western Fwy@6.0-1128@12.2	1240	1128	147	143	2	2	0	0.44	0.43	1.12	0.41		0.00	0.00	0.00	0.00		LOS_A	1	0.00	0.00	0			LOS_A	
1	14400-18000	114-1240: Western Fwy@6.0-1130@26.0	1240	1130	313	275	0	4	3	0.37	0.29		0.61	0.91	0.00	0.00		0.00	0.00	LOS_A	1	0.00	0.00	31	0.94	0.00	LOS_A	1
1	14400-18000	114			1712	1614	2	20	14	2.01	1.75	1.12	2.36	3.04	0.03	0.03	0.00	0.00	0.00	LOS_A	1	0.00	0.00	62	8.58	0.02	LOS_A	1
1	14400-18000	115-1092: Western Fwy@41.4-1091@18.2	1092	1091	310	295	0	7	8	2.40	2.28		4.42	4.94	0.00	0.00		0.00	0.00	LOS_A	1	0.01	10.79	0			LOS_A	
1	14400-18000	115-1092: Western Fwy@41.4-1093: Western Fwy@20.0	1092	1093	799	723	8	39	29	0.67	0.65	0.71	0.50	1.40	0.00	0.00	0.00	0.00	0.00	LOS_A	1	0.01	10.79	0			LOS_A	
1	14400-18000	115			1109	1018	8	46	37	1.15	1.12	0.71	1.09	2.17	0.00	0.00	0.00	0.00	0.00	LOS_A	1	0.01	10.79	0			LOS_A	
1	14400-18000	116-1134: Western Fwy@853.1-1137: Western Fwy@29.6	1134	1137	1228	1167	10	30	21	0.04	0.04	0.26	0.01	0.00	0.00	0.00	0.00	0.00	0.00	LOS_A	1	0.00	0.00	0			LOS_A	
1	14400-18000	116-1139@39.2-1137: Western Fwy@29.6	1139	1137	289	279	2	6	2	0.47	0.46	0.34	0.98	0.82	0.12	0.12	0.00	0.00	0.00	LOS_A	1	0.00	0.00	0			LOS_A	
1	14400-18000	116			1517	1446	12	36	23	0.13	0.12	0.28	0.17	0.07	0.02	0.02	0.00	0.00	0.00	LOS_A	1	0.00	0.00	0			LOS_A	
1	14400-18000	117-1093: Western Fwy@887.1-1118: Western Fwy@20.0	1093	1118	800	724	8	39	29	0.11	0.11	0.23	0.13	0.14	0.00	0.00	0.00	0.00	0.00	LOS_A	1	0.00	0.00	0			LOS_A	
1	14400-18000	117-1117@115.1-1118: Western Fwy@20.0	1117	1118	640	624	0	10	6	0.23	0.22		0.59	0.47	0.00	0.00		0.00	0.00	LOS_A	1	0.00	0.00	0			LOS_A	
1	14400-18000	117			1440	1348	8	49	35	0.16	0.16	0.23	0.22	0.19	0.00	0.00	0.00	0.00	0.00	LOS_A	1	0.00	0.00	0			LOS_A	
1	14400-18000	118-1135: Western Fwy@35.7-1134: Western Fwy@6.5	1135	1134	1230	1169	10	30	21	1.13	1.12	1.50	1.33	1.12	0.00	0.00	0.00	0.00	0.00	LOS_A	1	0.02	12.93	0			LOS_A	
1	14400-18000	118-1135: Western Fwy@35.7-1136: Western Fwy@4.3	1135	1136	705	695	0	5	5	3.72	3.69		5.23	5.99	0.00	0.00		0.00	0.00	LOS_A	1	0.02	12.93	0			LOS_A	
1	14400-18000	118			1935	1864	10	35	26	2.07	2.08	1.50	1.89	2.06	0.00	0.00	0.00	0.00	0.00	LOS_A	1	0.02	12.93	0			LOS_A	
1	14400-18000	119-1090@228.7-1098@20.0	1090	1098	112	106	0	3	3	0.37	0.36		0.40	0.89	0.00	0.00		0.00	0.00	LOS_A	1	0.00	0.00	0			LOS_A	
1	14400-18000	119-1090@228.7-1100@8.0	1090	1100	198	189	0	4	5	0.93	0.82		2.61	3.80	0.00	0.00		0.00	0.00	LOS_A	1	0.00	0.00	0			LOS_A	
1	14400-18000	119-1114@10.9-1098@20.0	1114	1098	349	312	2	3	0	0.60	0.62	0.91	0.89		0.00	0.00	0.00	0.00		LOS_A	1	0.00	0.00	32	0.39	0.00	LOS_A	1
1	14400-18000	119-1114@10.9-1116@15.9	1114	1116	381	373	0	6	2	0.85	0.85		0.76	1.03	0.00	0.00		0.00	0.00	LOS_A	1	0.03	31.79	0			LOS_A	
1	14400-18000	119-1237@6.9-1100@8.0	1237	1100	449	417	0	1	0	1.20	1.22		0.00		0.00	0.00		0.00		LOS_A	1	0.00	0.00	31	0.95	0.00	LOS_A	1
1	14400-18000	119-1237@6.9-1116@15.9	1237	1116	259	251	0	4	4	2.04	1.98		3.58	4.05	0.00	0.00		0.00	0.00	LOS_A	1	0.00	0.00	0			LOS_A	
1	14400-18000	119			1748	1648	2	21	14	1.04	1.04	0.91	1.58	2.85	0.00	0.00	0.00	0.00	0.00	LOS_A	1	0.01	31.79	63	0.67	0.00	LOS_A	1
1	14400-18000	120-1100@12.7-1099@27.3	1100	1099	478	438	0	5	4	0.63	0.39		0.42	1.12	0.00	0.00		0.00	0.00	LOS_A	1	0.00	0.00	31	3.97	0.00	LOS_A	1
1	14400-18000	120-1100@12.7-1103@19.5	1100	1103	120	120	0	0	0	0.32	0.32				0.03	0.03				LOS_A	1	0.06	14.91	0			LOS_A	
1	14400-18000	120-1100@12.7-1107@21.1	1100	1107	49	48	0	0	1	0.08	0.07			0.31	0.00	0.00			0.00	LOS_A	1	0.00	0.00	0			LOS_A	
1	14400-18000	120-1106@32.8-1099@27.3	1106	1099	0	0	0	0	0											LOS_A		0.01	13.47	0			LOS_A	
1	14400-18000	120-1106@32.8-1103@19.5	1106	1103	0	0	0	0	0											LOS_A		0.01	13.47	0			LOS_A	
1	14400-18000	120-1106@32.8-1112@5.6	1106	1112	405	395	2	6	2	0.65	0.64	0.75	1.23	0.79	0.00	0.00	0.00	0.00	0.00	LOS_A	1	0.01	13.47	0			LOS_A	
1	14400-18000	120-1184@12.8-1184@46.5	1184	1184	1	1	0	0	0	0.00	0.00				0.00	0.00				LOS_A	1	0.00	0.00	0			LOS_A	
1	14400-18000	120-1186@9.2-1186@61.3	1186	1186	1	0	0	0	0	0.00					0.00					LOS_A	1	0.02	14.76	0			LOS_A	
1	14400-18000	120-1189@5.6-1189@50.7	1189	1189	1	0	0	0	0	0.00					0.00					LOS_A	1	0.04	20.27	0			LOS_A	
1	14400-18000	120-1190@11.3-1190@56.8	1190	1190	0	0	0	0	0											LOS_A		0.00	0.00	0			LOS_A	
1	14400-18000	120-1191@12.4-1191@46.2	1191	1191	2	2	0	0	0	0.00	0.00				0.00	0.00				LOS_A	1	0.00	0.00	0			LOS_A	
1	14400-18000	120-1192@6.0-1192@58.2	1192	1192	0	0	0	0	0											LOS_A		0.00	0.00	0			LOS_A	
1	14400-18000	120-1193@13.6-1193@42.6	1193	1193	0	0	0	0	0											LOS_A		0.00	0.00	0			LOS_A	
1	14400-18000	120-1194@0.7-1194@34.7	1194	1194	0	0	0	0	0											LOS_A		0.00	0.00	0			LOS_A	
1	14400-18000	120-1236@14.1-1103@19.5	1236	1103	0	0	0	0	0											LOS_A		0.00	0.00	0			LOS_A	
1	14400-18000	120-1236@14.1-1107@21.1	1236	1107	2	1	0	0	1	3.82	0.07			7.58	0.00	0.00			0.00	LOS_A	1	0.00	0.00	0			LOS_A	
1	14400-18000	120-1236@14.1-1112@5.6	1236	1112	324	290	0	3	0	1.30	1.37		3.64		0.00	0.00		0.00		LOS_A	1	0.00	0.00	31	0.42	0.00	LOS_A	1
1	14400-18000	120-1239@4.2-1099@27.3	1239	1099	2	2	0	0	0	0.09	0.09				0.00	0.00				LOS_A	1	0.00	0.00	0			LOS_A	
1	14400-18000	120-1239@4.2-1107@21.1	1239	1107	0	0	0	0	0											LOS_A		0.00	0.00	0			LOS_A	
1	14400-18000	120-1239@4.2-11576@36.8	1239	11576	0	0	0	0	0											LOS_A		0.00	0.00	0			LOS_A	
1	14400-18000	120			1385	1297	2	14	8	0.75	0.67	0.75	1.45	1.74	0.00	0.00	0.00	0.00	0.00	LOS_A	1	0.01	20.27	62	2.19	0.00	LOS_A	1
1	14400-18000	121			0	0	0	0	0											LOS_A				0			LOS_A	
1	14400-18000	122			0	0	0	0	0											LOS_A				0			LOS_A	
1	14400-18000	123			0	0	0	0	0											LOS_A				0			LOS_A	
1	14400-18000	124-1123@88.6-1122@4.7	1123	1122	6	6	0	0	0	0.02	0.02				0.00	0.00				LOS_A	1	0.00	0.00	0			LOS_A	
1	14400-18000	124-1130@109.7-1122@4.7	1130	1122	689	641	0	9	8	1.36	0.70		0.85	2.68	0.01	0.01		0.00	0.00	LOS_A	1	5.09	65.94	31	14.93	0.00	LOS_B	2
1	14400-18000	124-1130@109.7-1180@8.5	1130	1180	26	26	0	0	0	1.52	1.52				0.04	0.04				LOS_A	1	5.09	65.94	0			LOS_A	
1	14400-18000	124			721	673	0	9	8	1.36	0.72		0.85	2.68	0.01	0.01		0.00	0.00	LOS_A	1	2.55	65.94	31	14.93	0.00	LOS_B	2
1	14400-18000	125			0	0	0	0	0											LOS_A				0			LOS_A	
1	14400-18000	244-1156@962.0-1223@12.7	1156	1223	0	0	0	0	0											LOS_A		0.00	0.00	0			LOS_A	
1	14400-18000	244-1156@962.0-1224@15.7	1156	1224	329	322	0	2	5	0.09	0.09		0.16	0.02	0.00	0.00		0.00	0.00	LOS_A	1	0.00	0.00	0			LOS_A	
1	14400-18000	244-1221@50.0-1224@15.7	1221	1224	0	0	0	0	0											LOS_A		0.00	0.00	0			LOS_A	
1	14400-18000	244-1221@50.0-1225@11.6	1221	1225	0	0	0	0	0											LOS_A		0.00	0.00	0			LOS_A	
1	14400-18000	244-1227@99.3-1223@12.7	1227	1223	0	0	0	0	0											LOS_A		0.00	0.00	0			LOS_A	
1	14400-18000	244-1227@99.3-1225@11.6	1227	1225	357	345	0	7	5	0.60	0.62		0.17	0.22	0.00	0.00		0.00	0.00	LOS_A	1	0.00	0.00	0			LOS_A	
1	14400-18000	244			686	667	0	9	10	0.36	0.36		0.17	0.12	0.00	0.00		0.00	0.00	LOS_A	1	0.00	0.00	0			LOS_A	
1	14400-18000	245			0	0	0	0	0											LOS_A				0			LOS_A	
1	14400-18000	246-1224@100.1-1229@17.2	1224	1229	32	32	0	0	0	0.13	0.13				0.00	0.00				LOS_A	1	0.00	0.00	0			LOS_A	
1	14400-18000	246-1224@100.1-1230@17.9	1224	1230	297	290	0	2	5	0.63	0.63		0.75	0.27	0.00	0.00		0.00	0.00	LOS_A	1	0.00	0.00	0			LOS_A	
1	14400-18000	246-1228@93.7-1227@14.9	1228	1227	21	21	0	0	0	0.17	0.17				0.00	0.00				LOS_A	1	0.00	0.00	0			LOS_A	
1	14400-18000	246-1228@93.7-1230@17.9	1228	1230	111	110	0	1	0	0.25	0.25		0.60		0.00	0.00		0.00		LOS_A	1	0.00	0.00	0			LOS_A	
1	14400-18000	246-1235@217.9-1227@14.9	1235	1227	336	324	0	7	5	0.78	0.80		0.19	0.51	0.00	0.00		0.00	0.00	LOS_A	1	0.00	0.00	0			LOS_A	
1	14400-18000	246-1235@217.9-1229@17.2	1235	1229	84	83	0	0	1	0.23	0.23			0.63	0.00	0.00			0.00	LOS_A	1	0.00	0.00	0			LOS_A	
1	14400-18000	246			881	860	0	10	11	0.57	0.58		0.34	0.41	0.00	0.00		0.00	0.00	LOS_A	1	0.00	0.00	0			LOS_A	
1	14400-18000	247			0	0	0	0	0											LOS_A				0			LOS_A	
1	14400-18000	248-1152@193.7-1233@16.5	1152	1233	31	31	0	0	0	0.13	0.13				0.00	0.00				LOS_A	1	0.00	0.00	0			LOS_A	
1	14400-18000	248-1152@193.7-1235@13.8	1152	1235	418	405	0	7	6	0.45	0.46		0.18	0.41	0.00	0.00		0.00	0.00	LOS_A	1	0.00	0.00	0			LOS_A	
1	14400-18000	248-1230@222.2-1233@16.5	1230	1233	9	9	0	0	0	0.25	0.25				0.00	0.00				LOS_A	1	0.00	0.00	0			LOS_A	
1	14400-18000	248-1230@222.2-1234@16.0	1230	1234	399	391	0	3	5	0.51	0.50		1.52	0.67	0.00	0.00		0.00	0.00	LOS_A	1	0.00	0.00	0			LOS_A	
1	14400-18000	248-1232@78.7-1234@16.0	1232	1234	29	29	0	0	0	0.08	0.08				0.00	0.00				LOS_A	1	0.00	0.00	0			LOS_A	
1	14400-18000	248-1232@78.7-1235@13.8	1232	1235	2	2	0	0	0	0.11	0.11				0.00	0.00				LOS_A	1	0.00	0.00	0			LOS_A	
1	14400-18000	248			888	867	0	10	11	0.45	0.45		0.58	0.53	0.00	0.00		0.00	0.00	LOS_A	1	0.00	0.00	0			LOS_A	
1	14400-18000	249			0	0	0	0	0											LOS_A				0			LOS_A	
1	14400-18000	301-2254@5.6-2212@13.2	2254	2212	4	0	0	0	4	0.01				0.01	0.00				0.00	LOS_A	1	0.00	0.00	0			LOS_A	
1	14400-18000	301-2254@5.6-2213: Zone connector@52.1	2254	2213	32	30	0	2	0	1.19	1.11		2.37		0.00	0.00		0.00		LOS_A	1	0.00	0.00	0			LOS_A	
1	14400-18000	301-2254@5.6-2214: Ferris Rd@54.4	2254	2214	0	0	0	0	0											LOS_A		0.00	0.00	0			LOS_A	
1	14400-18000	301-2256: Zone connector@12.4-2210@21.6	2256	2210	0	0	0	0	0											LOS_A		0.00	0.00	0			LOS_A	
1	14400-18000	301-2256: Zone connector@12.4-2212@13.2	2256	2212	0	0	0	0	0											LOS_A		0.00	0.00	0			LOS_A	
1	14400-18000	301-2256: Zone connector@12.4-2213: Zone connector@52.1	2256	2213	555	549	1	2	1	0.26	0.26	0.10	0.01	1.01	0.00	0.00	0.00	0.00	0.00	LOS_A	1	0.00	0.00	2	0.14	0.00	LOS_A	1
1	14400-18000	301-2257@8.4-2210@21.6	2257	2210	0	0	0	0	0											LOS_A		0.00	0.00	0			LOS_A	
1	14400-18000	301-2257@8.4-2213: Zone connector@52.1	2257	2213	172	164	0	8	0	0.33	0.34		0.12		0.01	0.01		0.00		LOS_A	1	0.00	0.00	0			LOS_A	
1	14400-18000	301-2257@8.4-2214: Ferris Rd@54.4	2257	2214	0	0	0	0	0											LOS_A		0.00	0.00	0			LOS_A	
1	14400-18000	301-2258: Ferris Rd@4.3-2210@21.6	2258	2210	23	20	0	0	3	2.43	2.18			4.16	0.00	0.00			0.00	LOS_A	1	0.00	0.00	0			LOS_A	
1	14400-18000	301-2258: Ferris Rd@4.3-2212@13.2	2258	2212	260	248	0	10	2	3.44	3.36		4.90	6.38	0.07	0.07		0.00	0.00	LOS_A	1	0.00	0.00	0			LOS_A	
1	14400-18000	301-2258: Ferris Rd@4.3-2214: Ferris Rd@54.4	2258	2214	500	489	0	4	5	0.93	0.94		0.89	0.30	0.01	0.01		0.00	0.00	LOS_A	1	0.00	0.00	2	0.00	0.00	LOS_A	1
1	14400-18000	301			1546	1500	1	26	15	1.07	1.04	0.10	2.24	1.85	0.02	0.02	0.00	0.00	0.00	LOS_A	1	0.00	0.00	4	0.07	0.00	LOS_A	1
1	14400-18000	311-435: Leakes Rd@40.0-2350@32.4	435	2350	459	454	0	3	2	0.29	0.28		0.75	0.85	0.00	0.00		0.00	0.00	LOS_A	1	0.00	0.00	0			LOS_A	
1	14400-18000	311-435: Leakes Rd@40.0-2353@40.0	435	2353	794	771	0	13	10	0.21	0.21		0.38	0.36	0.00	0.00		0.00	0.00	LOS_A	1	0.00	0.00	0			LOS_A	
1	14400-18000	311-435: Leakes Rd@40.0-2356@40.3	435	2356	134	116	0	0	1	0.11	0.11			0.09	0.00	0.00			0.00	LOS_A	1	0.00	0.00	17	0.08	0.00	LOS_A	1
1	14400-18000	311-2347@136.8-2344: Leakes Rd@21.5	2347	2344	341	335	0	2	4	2.12	2.12		2.98	1.57	0.01	0.01		0.00	0.00	LOS_A	1	0.00	0.00	0			LOS_A	
1	14400-18000	311-2347@136.8-2353@40.0	2347	2353	0	0	0	0	0											LOS_A		0.00	0.00	0			LOS_A	
1	14400-18000	311-2347@136.8-2356@40.3	2347	2356	39	22	0	0	2	0.23	0.21			0.01	0.00	0.00			0.00	LOS_A	1	0.00	0.00	15	0.29	0.00	LOS_A	1
1	14400-18000	311-2354@38.7-2344: Leakes Rd@21.5	2354	2344	209	178	2	8	4	1.51	1.60	0.52	1.47	1.36	0.10	0.12	0.00	0.00	0.00	LOS_A	1	0.00	0.00	17	0.65	0.00	LOS_A	1
1	14400-18000	311-2354@38.7-2350@32.4	2354	2350	35	20	0	0	0	0.34	0.31				0.00	0.00				LOS_A	1	0.00	0.00	15	0.40	0.00	LOS_A	1
1	14400-18000	311-2354@38.7-2353@40.0	2354	2353	13	13	0	0	0	0.67	0.67				0.00	0.00				LOS_A	1	0.00	0.00	0			LOS_A	
1	14400-18000	311-2360@81.7-2344: Leakes Rd@21.5	2360	2344	716	679	1	24	12	1.40	1.33	5.32	2.87	2.22	0.01	0.01	0.00	0.00	0.00	LOS_A	1	0.00	0.00	0			LOS_A	
1	14400-18000	311-2360@81.7-2350@32.4	2360	2350	12	12	0	0	0	0.25	0.25				0.00	0.00				LOS_A	1	0.00	0.00	0			LOS_A	
1	14400-18000	311-2360@81.7-2356@40.3	2360	2356	8	8	0	0	0	2.61	2.61				0.00	0.00				LOS_A	1	0.00	0.00	0			LOS_A	
1	14400-18000	311			2760	2608	3	50	35	0.87	0.86	2.12	1.88	1.25	0.01	0.01	0.00	0.00	0.00	LOS_A	1	0.00	0.00	64	0.35	0.00	LOS_A	1
1	14400-18000	312-2419@3.3-24810@22.1	2419	24810	367	333	2	30	2	0.45	0.44	0.25	0.65	0.43	0.00	0.00	0.00	0.00	0.00	LOS_A	1	0.00	0.00	0			LOS_A	
1	14400-18000	312-2420@4.1-2422@13.2	2420	2422	264	245	0	16	3	0.42	0.40		0.76	0.51	0.02	0.02		0.00	0.00	LOS_A	1	0.00	0.00	0			LOS_A	
1	14400-18000	312-2475@44.5-2391@3.4	2475	2391	267	237	3	19	8	0.42	0.41	1.11	0.40	0.49	0.00	0.00	0.00	0.00	0.00	LOS_A	1	0.00	0.00	0			LOS_A	
1	14400-18000	312-2475@44.5-2422@13.2	2475	2422	61	59	0	2	0	4.85	4.74		7.86		0.00	0.00		0.00		LOS_A	1	0.00	0.00	0			LOS_A	
1	14400-18000	312-2527@16.1-2391@3.4	2527	2391	340	327	0	10	3	1.30	1.26		2.68	1.19	0.00	0.00		0.00	0.00	LOS_A	1	0.00	0.00	0			LOS_A	
1	14400-18000	312-2527@16.1-24810@22.1	2527	24810	112	108	0	4	0	1.50	1.49		1.78		0.00	0.00		0.00		LOS_A	1	0.00	0.00	0			LOS_A	
1	14400-18000	312			1411	1309	5	81	16	0.92	0.91	0.76	1.10	0.62	0.00	0.00	0.00	0.00	0.00	LOS_A	1	0.00	0.00	0			LOS_A	
1	14400-18000	313-2394@59.8-2414@34.7	2394	2414	452	425	2	18	7	1.50	1.43	3.70	2.50	2.73	0.00	0.00	0.00	0.00	0.00	LOS_A	1	0.00	0.00	0			LOS_A	
1	14400-18000	313-2394@59.8-2418@36.3	2394	2418	114	110	0	3	1	0.74	0.76		0.23	0.27	0.00	0.00		0.00	0.00	LOS_A	1	0.00	0.00	0			LOS_A	
1	14400-18000	313-2401@29.1-2389@16.1	2401	2389	607	590	0	13	4	4.28	4.27		4.48	4.51	0.07	0.07		0.00	0.00	LOS_A	1	0.45	100.12	0			LOS_A	
1	14400-18000	313-2401@29.1-2418@36.3	2401	2418	517	468	2	43	4	0.39	0.38	0.01	0.48	0.11	0.00	0.00	0.00	0.00	0.00	LOS_A	1	0.00	0.00	0			LOS_A	
1	14400-18000	313-2416@14.9-2389@16.1	2416	2389	171	158	0	10	3	1.53	1.48		1.79	3.35	0.02	0.02		0.00	0.00	LOS_A	1	0.00	0.00	0			LOS_A	
1	14400-18000	313-2416@14.9-2414@34.7	2416	2414	436	406	3	19	8	1.01	1.06	0.00	0.23	0.27	0.00	0.00	0.00	0.00	0.00	LOS_A	1	0.00	0.00	0			LOS_A	
1	14400-18000	313			2297	2157	7	106	27	1.86	1.88	1.06	1.39	1.85	0.02	0.02	0.00	0.00	0.00	LOS_A	1	0.09	100.12	0			LOS_A	
1	14400-18000	314-2403@220.3-2402@17.0	2403	2402	61	61	0	0	0	2.12	2.12				0.00	0.00				LOS_A	1	0.00	0.00	0			LOS_A	
1	14400-18000	314-2403@220.3-2424@24.2	2403	2424	10	10	0	0	0	1.40	1.40				0.00	0.00				LOS_A	1	0.00	0.00	0			LOS_A	
1	14400-18000	314-2409@18.3-2410@13.9	2409	2410	76	76	0	0	0	0.43	0.43				0.00	0.00				LOS_A	1	0.00	0.00	0			LOS_A	
1	14400-18000	314-2409@18.3-2424@24.2	2409	2424	812	755	5	37	15	0.55	0.45	1.82	1.84	1.71	0.00	0.00	0.00	0.00	0.00	LOS_A	1	0.00	0.00	0			LOS_A	
1	14400-18000	314-2413@40.6-2402@17.0	2413	2402	1063	997	2	56	8	2.92	3.02	0.03	1.40	1.60	0.00	0.00	0.00	0.00	0.00	LOS_A	1	0.18	45.59	0			LOS_A	
1	14400-18000	314-2413@40.6-2410@13.9	2413	2410	24	24	0	0	0	0.80	0.80				0.00	0.00				LOS_A	1	0.00	0.00	0			LOS_A	
1	14400-18000	314-2517@5.7-2517@54.4	2517	2517	0	0	0	0	0											LOS_A		0.00	0.00	0			LOS_A	
1	14400-18000	314			2046	1923	7	93	23	1.83	1.85	1.31	1.58	1.67	0.00	0.00	0.00	0.00	0.00	LOS_A	1	0.03	45.59	0			LOS_A	
1	14400-18000	315-2424@32.6-2426@30.8	2424	2426	769	730	3	25	11	0.06	0.05	0.01	0.09	0.08	0.00	0.00	0.00	0.00	0.00	LOS_A	1	0.00	0.00	0			LOS_A	
1	14400-18000	315-2424@32.6-2434@37.0	2424	2434	12	12	0	0	0	0.04	0.04				0.00	0.00				LOS_A	1	0.00	0.00	0			LOS_A	
1	14400-18000	315-2424@32.6-2439@33.6	2424	2439	41	23	2	12	4	0.33	0.22	1.59	0.38	0.16	0.00	0.00	0.00	0.00	0.00	LOS_A	1	0.00	0.00	0			LOS_A	
1	14400-18000	315-2430@18.6-2413@31.6	2430	2413	99	80	0	17	2	2.29	1.90		4.01	3.58	0.00	0.00		0.00	0.00	LOS_A	1	0.00	0.00	0			LOS_A	
1	14400-18000	315-2430@18.6-2426@30.8	2430	2426	22	20	0	2	0	0.17	0.16		0.21		0.00	0.00		0.00		LOS_A	1	0.00	0.00	0			LOS_A	
1	14400-18000	315-2430@18.6-2439@33.6	2430	2439	1	0	0	1	0	6.27			6.27		0.00			0.00		LOS_A	1	0.00	0.00	0			LOS_A	
1	14400-18000	315-2438@12.4-2413@31.6	2438	2413	65	42	2	19	2	0.38	0.37	0.16	0.32	1.31	0.00	0.00	0.00	0.00	0.00	LOS_A	1	0.00	0.00	0			LOS_A	
1	14400-18000	315-2438@12.4-2426@30.8	2438	2426	0	0	0	0	0											LOS_A		0.00	0.00	0			LOS_A	
1	14400-18000	315-2438@12.4-2434@37.0	2438	2434	12	11	0	1	0	4.99	4.79		7.21		0.00	0.00		0.00		LOS_A	1	0.00	0.00	0			LOS_A	
1	14400-18000	315-2442@2.5-2413@31.6	2442	2413	923	899	0	20	4	0.50	0.49		0.45	1.11	0.00	0.00		0.00	0.00	LOS_A	1	0.00	0.00	0			LOS_A	
1	14400-18000	315-2442@2.5-2434@37.0	2442	2434	5	3	0	2	0	1.47	1.28		1.75		0.00	0.00		0.00		LOS_A	1	0.00	0.00	0			LOS_A	
1	14400-18000	315-2442@2.5-2439@33.6	2442	2439	2	2	0	0	0	0.22	0.22				0.00	0.00				LOS_A	1	0.00	0.00	0			LOS_A	
1	14400-18000	315			1951	1822	7	99	23	0.43	0.39	0.50	1.09	0.68	0.00	0.00	0.00	0.00	0.00	LOS_A	1	0.00	0.00	0			LOS_A	
1	14400-18000	316			0	0	0	0	0											LOS_A				0			LOS_A	
1	14400-18000	317			0	0	0	0	0											LOS_A				0			LOS_A	
1	14400-18000	318			0	0	0	0	0											LOS_A				0			LOS_A	
1	14400-18000	319			0	0	0	0	0											LOS_A				0			LOS_A	
1	14400-18000	320			0	0	0	0	0											LOS_A				0			LOS_A	
1	14400-18000	322-2388@49.7-2387: Western Fwy  Deer Park Byp@24.8	2388	2387	778	748	0	23	7	2.63	2.61		2.33	5.16	0.24	0.23		0.25	1.80	LOS_A	1	0.00	0.00	0			LOS_A	
1	14400-18000	322-2397: Western Fwy  Deer Park Byp@854.3-2387: Western Fwy  Deer Park Byp@24.8	2397	2387	1801	1720	7	45	29	0.08	0.07	0.53	0.10	0.20	0.00	0.00	0.00	0.00	0.00	LOS_A	1	0.00	0.00	0			LOS_A	
1	14400-18000	322			2579	2468	7	68	36	0.85	0.84	0.53	0.86	1.16	0.07	0.07	0.00	0.09	0.35	LOS_A	1	0.00	0.00	0			LOS_A	
1	14400-18000	323-2479: Western Fwy  Deer Park Byp@45.3-2477@22.4	2479	2477	328	296	3	21	8	2.39	2.15	4.95	4.46	4.75	0.08	0.09	0.00	0.00	0.00	LOS_A	1	0.01	10.19	0			LOS_A	
1	14400-18000	323-2479: Western Fwy  Deer Park Byp@45.3-2478: Western Fwy  Deer Park Byp@24.6	2479	2478	1544	1427	7	65	45	0.21	0.20	0.73	0.26	0.13	0.00	0.00	0.00	0.00	0.00	LOS_A	1	0.01	10.19	0			LOS_A	
1	14400-18000	323			1872	1723	10	86	53	0.59	0.54	2.00	1.29	0.83	0.01	0.02	0.00	0.00	0.00	LOS_A	1	0.01	10.19	0			LOS_A	
1	14400-18000	324-2478: Western Fwy  Deer Park Byp@817.5-2483: Western Fwy  Deer Park Byp@32.3	2478	2483	1544	1427	7	65	45	0.11	0.11	0.17	0.10	0.05	0.00	0.00	0.00	0.00	0.00	LOS_A	1	0.00	0.00	0			LOS_A	
1	14400-18000	324-2485@35.4-2483: Western Fwy  Deer Park Byp@32.3	2485	2483	479	441	2	34	2	1.71	1.66	4.32	1.99	4.30	0.04	0.04	0.31	0.07	0.10	LOS_A	1	0.00	0.00	0			LOS_A	
1	14400-18000	324			2023	1868	9	99	47	0.49	0.48	1.09	0.75	0.24	0.01	0.01	0.07	0.02	0.00	LOS_A	1	0.00	0.00	0			LOS_A	
1	14400-18000	325-2398: Western Fwy  Deer Park Byp@29.7-2385@22.8	2398	2385	566	535	2	21	8	3.34	3.21	6.74	5.38	5.65	0.00	0.00	0.00	0.00	0.00	LOS_A	1	0.00	0.00	0			LOS_A	
1	14400-18000	325-2398: Western Fwy  Deer Park Byp@29.7-2397: Western Fwy  Deer Park Byp@22.4	2398	2397	1801	1720	7	45	29	0.32	0.32	0.81	0.28	0.56	0.00	0.00	0.00	0.00	0.00	LOS_A	1	0.00	0.00	0			LOS_A	
1	14400-18000	325			2367	2255	9	66	37	1.05	1.01	2.12	1.90	1.66	0.00	0.00	0.00	0.00	0.00	LOS_A	1	0.00	0.00	0			LOS_A	
1	14400-18000	326-2502: Western Fwy  Deer Park Byp@2131.3-271708: Western Fwy  Deer Park Byp@8.4	2502	271708	1361	1285	6	40	30	30.67	30.39	41.48	34.16	35.83	0.69	0.68	0.02	1.25	0.49	LOS_D	4	205.09	1017.01	0			LOS_A	
1	14400-18000	326-2514: Western Fwy  Deer Park Byp@123.6-271708: Western Fwy  Deer Park Byp@8.4	2514	271708	1006	970	3	26	7	16.74	16.67	10.36	18.22	23.79	0.15	0.15	0.00	0.10	0.31	LOS_C	3	0.00	0.00	0			LOS_A	
1	14400-18000	326			2367	2255	9	66	37	24.75	24.49	31.11	27.88	33.55	0.46	0.45	0.01	0.79	0.45	LOS_C	3	102.55	1017.01	0			LOS_A	
1	14400-18000	327-2505: Western Fwy  Deer Park Byp@34.2-2506: Western Fwy  Deer Park Byp@21.2	2505	2506	1145	1050	6	56	33	1.38	1.45	0.17	0.21	1.29	0.65	0.70	0.00	0.00	0.30	LOS_A	1	0.62	111.28	0			LOS_A	
1	14400-18000	327-2505: Western Fwy  Deer Park Byp@34.2-2508: Western Fwy  Deer Park Byp@13.2	2505	2508	878	818	3	43	14	1.40	1.43	0.45	0.73	1.75	0.35	0.38	0.00	0.00	0.01	LOS_A	1	0.62	111.28	0			LOS_A	
1	14400-18000	327			2023	1868	9	99	47	1.39	1.44	0.26	0.44	1.43	0.52	0.56	0.00	0.00	0.21	LOS_A	1	0.62	111.28	0			LOS_A	
1	18000-21600	44-15@10.7-243: Ferris Rd  Melton Hwy@24.7	15	243	304	292	2	3	5	0.44	0.45	0.15	0.14	0.19	0.05	0.05	0.00	0.00	0.00	LOS_A	1	0.00	0.00	2	0.09	0.00	LOS_A	1
1	18000-21600	44-421: Ferris Rd@65.5-20@13.7	421	20	187	183	2	2	0	1.56	1.52	4.07	3.22		0.00	0.00	0.00	0.00		LOS_A	1	0.00	0.00	0			LOS_A	
1	18000-21600	44-421: Ferris Rd@65.5-243: Ferris Rd  Melton Hwy@24.7	421	243	558	531	0	14	11	0.49	0.49		0.64	0.30	0.00	0.00		0.00	0.00	LOS_A	1	0.00	0.00	2	0.52	0.00	LOS_A	1
1	18000-21600	44-682@2.4-420: Ferris Rd@77.1	682	420	283	259	0	18	6	0.29	0.29		0.44	0.14	0.00	0.00		0.00	0.00	LOS_A	1	0.00	0.00	0			LOS_A	
1	18000-21600	44-10393@15.0-19@37.7	10393	19	106	104	0	2	0	0.31	0.30		0.55		0.00	0.00		0.00		LOS_A	1	0.00	0.00	0			LOS_A	
1	18000-21600	44-10393@15.0-420: Ferris Rd@77.1	10393	420	488	472	0	10	4	0.32	0.32		0.28	0.43	0.00	0.00		0.00	0.00	LOS_A	1	0.00	0.00	2	0.03	0.00	LOS_A	1
1	18000-21600	44			1926	1841	4	49	26	0.50	0.50	2.11	0.57	0.26	0.01	0.01	0.00	0.00	0.00	LOS_A	1	0.00	0.00	6	0.21	0.00	LOS_A	1
1	18000-21600	45-499: Zone connector@162.8-95: Melton Hwy@34.7	499	95	65	65	0	0	0	0.08	0.08				0.00	0.00				LOS_A	1	0.00	0.00	0			LOS_A	
1	18000-21600	45-499: Zone connector@162.8-307: Melton Hwy@21.7	499	307	31	31	0	0	0	0.10	0.10				0.00	0.00				LOS_A	1	0.00	0.00	0			LOS_A	
1	18000-21600	45-499: Zone connector@162.8-363: Gateway Dr@34.4	499	363	0	0	0	0	0											LOS_A		0.00	0.00	0			LOS_A	
1	18000-21600	45-677: Melton Hwy@21.1-307: Melton Hwy@21.7	677	307	320	306	0	8	6	0.20	0.20		0.14	0.16	0.00	0.00		0.00	0.00	LOS_A	1	0.00	0.00	0			LOS_A	
1	18000-21600	45-677: Melton Hwy@21.1-363: Gateway Dr@34.4	677	363	0	0	0	0	0											LOS_A		0.00	0.00	0			LOS_A	
1	18000-21600	45-677: Melton Hwy@21.1-500: Zone connector@16.0	677	500	33	33	0	0	0	3.94	3.94				0.00	0.00				LOS_A	1	0.00	0.00	0			LOS_A	
1	18000-21600	45-680: Melton Hwy@12.0-95: Melton Hwy@34.7	680	95	385	369	2	7	7	0.16	0.16	0.01	0.04	0.31	0.00	0.00	0.00	0.00	0.00	LOS_A	1	0.00	0.00	0			LOS_A	
1	18000-21600	45-680: Melton Hwy@12.0-363: Gateway Dr@34.4	680	363	37	37	0	0	0	3.21	3.21				0.00	0.00				LOS_A	1	0.00	0.00	0			LOS_A	
1	18000-21600	45-680: Melton Hwy@12.0-500: Zone connector@16.0	680	500	39	39	0	0	0	6.73	6.73				0.00	0.00				LOS_A	1	0.00	0.00	0			LOS_A	
1	18000-21600	45-27136: Gateway Dr@1.7-95: Melton Hwy@34.7	27136	95	0	0	0	0	0											LOS_A		0.00	0.00	0			LOS_A	
1	18000-21600	45-27136: Gateway Dr@1.7-307: Melton Hwy@21.7	27136	307	53	51	0	2	0	0.25	0.16		2.47		0.00	0.00		0.00		LOS_A	1	0.00	0.00	0			LOS_A	
1	18000-21600	45-27136: Gateway Dr@1.7-500: Zone connector@16.0	27136	500	0	0	0	0	0											LOS_A		0.00	0.00	0			LOS_A	
1	18000-21600	45			963	931	2	17	13	0.68	0.70	0.01	0.37	0.24	0.00	0.00	0.00	0.00	0.00	LOS_A	1	0.00	0.00	0			LOS_A	
1	18000-21600	46-12: Hopkins Rd@68.7-44: Hopkins Rd@23.1	12	44	492	433	2	22	22	1.00	1.03	0.48	0.65	1.01	0.00	0.00	0.00	0.00	0.02	LOS_A	1	0.01	8.69	13	0.69	0.00	LOS_A	1
1	18000-21600	46-12: Hopkins Rd@68.7-104@37.0	12	104	119	113	0	4	2	0.75	0.78		0.14	0.47	0.02	0.02		0.00	0.00	LOS_A	1	0.01	8.69	0			LOS_A	
1	18000-21600	46-12: Hopkins Rd@68.7-428@34.4	12	428	10	10	0	0	0	1.00	1.00				0.00	0.00				LOS_A	1	0.01	8.69	0			LOS_A	
1	18000-21600	46-12: Hopkins Rd@68.7-1243: Hopkins Rd@4.1	12	1243	0	0	0	0	0											LOS_A		0.01	8.69	0			LOS_A	
1	18000-21600	46-255: Hopkins Rd@16.9-44: Hopkins Rd@23.1	255	44	0	0	0	0	0											LOS_A		0.00	0.00	0			LOS_A	
1	18000-21600	46-255: Hopkins Rd@16.9-104@37.0	255	104	179	173	0	1	3	0.76	0.77		0.31	0.32	0.00	0.00		0.00	0.00	LOS_A	1	0.00	0.00	2	0.35	0.00	LOS_A	1
1	18000-21600	46-255: Hopkins Rd@16.9-428@34.4	255	428	16	16	0	0	0	0.10	0.10				0.00	0.00				LOS_A	1	0.00	0.00	0			LOS_A	
1	18000-21600	46-255: Hopkins Rd@16.9-1243: Hopkins Rd@4.1	255	1243	352	323	0	7	9	0.55	0.54		0.69	0.63	0.00	0.00		0.00	0.00	LOS_A	1	0.00	0.00	13	0.68	0.00	LOS_A	1
1	18000-21600	46-257@10.6-44: Hopkins Rd@23.1	257	44	471	455	0	9	7	0.90	0.91		0.67	0.52	0.00	0.00		0.00	0.00	LOS_A	1	0.00	0.00	0			LOS_A	
1	18000-21600	46-257@10.6-104@37.0	257	104	0	0	0	0	0											LOS_A		0.00	0.00	0			LOS_A	
1	18000-21600	46-257@10.6-428@34.4	257	428	0	0	0	0	0											LOS_A		0.00	0.00	0			LOS_A	
1	18000-21600	46-257@10.6-1243: Hopkins Rd@4.1	257	1243	364	342	0	16	6	0.38	0.38		0.36	0.35	0.00	0.00		0.00	0.00	LOS_A	1	0.00	0.00	0			LOS_A	
1	18000-21600	46-429@91.6-44: Hopkins Rd@23.1	429	44	34	34	0	0	0	1.35	1.35				0.00	0.00				LOS_A	1	0.00	0.00	0			LOS_A	
1	18000-21600	46-429@91.6-104@37.0	429	104	0	0	0	0	0											LOS_A		0.00	0.00	0			LOS_A	
1	18000-21600	46-429@91.6-428@34.4	429	428	0	0	0	0	0											LOS_A		0.00	0.00	0			LOS_A	
1	18000-21600	46-429@91.6-1243: Hopkins Rd@4.1	429	1243	18	18	0	0	0	0.32	0.32				0.00	0.00				LOS_A	1	0.00	0.00	0			LOS_A	
1	18000-21600	46			2055	1917	2	59	49	0.75	0.76	0.48	0.54	0.72	0.00	0.00	0.00	0.00	0.01	LOS_A	1	0.00	8.69	28	0.66	0.00	LOS_A	1
1	18000-21600	47-4: Caroline Springs Blvd@6.8-212: Caroline Springs Blvd@4.7	4	212	471	431	0	13	10	2.28	1.70		1.25	0.95	0.01	0.01		0.00	0.00	LOS_A	1	0.15	66.28	17	18.57	0.00	LOS_C	3
1	18000-21600	47-4: Caroline Springs Blvd@6.8-446@6.0	4	446	4	4	0	0	0	0.42	0.42				0.00	0.00				LOS_A	1	0.15	66.28	0			LOS_A	
1	18000-21600	47-447@32.5-212: Caroline Springs Blvd@4.7	447	212	0	0	0	0	0											LOS_A		0.00	0.00	0			LOS_A	
1	18000-21600	47-887: Caroline Springs Blvd@16.4-448@12.1	887	448	909	848	0	24	20	0.78	0.75		1.11	0.70	0.00	0.00		0.00	0.00	LOS_A	1	0.00	0.00	17	2.25	0.00	LOS_A	1
1	18000-21600	47			1384	1283	0	37	30	1.29	1.07		1.16	0.78	0.00	0.00		0.00	0.00	LOS_A	1	0.05	66.28	34	10.41	0.00	LOS_B	2
1	18000-21600	49-351: Delma Rd@85.2-352: Eucumbene Dr@37.8	351	352	0	0	0	0	0											LOS_A		0.00	0.00	0			LOS_A	
1	18000-21600	49-351: Delma Rd@85.2-506: Zone connector@80.7	351	506	11	11	0	0	0	0.22	0.22				0.00	0.00				LOS_A	1	0.00	0.00	0			LOS_A	
1	18000-21600	49-353: Eucumbene Dr@275.9-350: Delma Rd@23.2	353	350	0	0	0	0	0											LOS_A		0.00	0.00	0			LOS_A	
1	18000-21600	49-353: Eucumbene Dr@275.9-506: Zone connector@80.7	353	506	36	36	0	0	0	0.16	0.16				0.00	0.00				LOS_A	1	0.00	0.00	0			LOS_A	
1	18000-21600	49-505: Zone connector@77.8-350: Delma Rd@23.2	505	350	71	71	0	0	0	0.09	0.09				0.00	0.00				LOS_A	1	0.00	0.00	0			LOS_A	
1	18000-21600	49-505: Zone connector@77.8-352: Eucumbene Dr@37.8	505	352	0	0	0	0	0											LOS_A		0.00	0.00	0			LOS_A	
1	18000-21600	49			118	118	0	0	0	0.12	0.12				0.00	0.00				LOS_A	1	0.00	0.00	0			LOS_A	
1	18000-21600	50-115: Western Hwy@22.9-209: Ballarat Rd  Western Hwy@28.7	115	209	128	127	0	0	1	0.11	0.11			0.00	0.00	0.00			0.00	LOS_A	1	0.00	0.00	0			LOS_A	
1	18000-21600	50-115: Western Hwy@22.9-283: Christies Rd@7.9	115	283	35	35	0	0	0	2.94	2.94				0.00	0.00				LOS_A	1	0.00	0.00	0			LOS_A	
1	18000-21600	50-461: Ballarat Rd  Western Hwy@7.1-114: Western Hwy@17.3	461	114	591	579	0	9	3	0.46	0.45		1.27	0.86	0.00	0.00		0.00	0.00	LOS_A	1	0.00	0.00	0			LOS_A	
1	18000-21600	50-461: Ballarat Rd  Western Hwy@7.1-209: Ballarat Rd  Western Hwy@28.7	461	209	32	32	0	0	0	0.75	0.75				0.00	0.00				LOS_A	1	0.00	0.00	0			LOS_A	
1	18000-21600	50-461: Ballarat Rd  Western Hwy@7.1-215: Caroline Springs Blvd@5.8	461	215	302	302	0	0	0	0.65	0.65				0.00	0.00				LOS_A	1	0.00	0.00	0			LOS_A	
1	18000-21600	50-648: Christies Rd@27.9-114: Western Hwy@17.3	648	114	91	86	0	3	2	0.42	0.39		0.99	0.88	0.00	0.00		0.00	0.00	LOS_A	1	0.00	0.00	0			LOS_A	
1	18000-21600	50-648: Christies Rd@27.9-209: Ballarat Rd  Western Hwy@28.7	648	209	39	34	0	2	3	2.81	2.41		5.44	5.53	0.00	0.00		0.00	0.00	LOS_A	1	0.00	0.00	0			LOS_A	
1	18000-21600	50-648: Christies Rd@27.9-215: Caroline Springs Blvd@5.8	648	215	393	355	0	11	10	0.64	0.60		1.61	1.25	0.00	0.00		0.00	0.00	LOS_A	1	0.00	0.00	17	0.50	0.00	LOS_A	1
1	18000-21600	50-649@8.2-283: Christies Rd@7.9	649	283	135	131	0	2	2	2.51	2.55		1.48	1.34	1.60	1.65		0.00	0.00	LOS_A	1	0.00	0.00	0			LOS_A	
1	18000-21600	50-651@22.8-215: Caroline Springs Blvd@5.8	651	215	214	191	0	13	10	0.72	0.59		1.83	1.90	0.00	0.00		0.00	0.00	LOS_A	1	0.00	0.00	0			LOS_A	
1	18000-21600	50-652: Caroline Springs Blvd@21.4-114: Western Hwy@17.3	652	114	119	114	0	3	2	0.94	0.89		1.65	2.34	0.00	0.00		0.00	0.00	LOS_A	1	0.00	0.00	0			LOS_A	
1	18000-21600	50-652: Caroline Springs Blvd@21.4-209: Ballarat Rd  Western Hwy@28.7	652	209	64	62	0	1	1	4.72	4.70		5.28	5.65	0.00	0.00		0.00	0.00	LOS_A	1	0.00	0.00	0			LOS_A	
1	18000-21600	50-652: Caroline Springs Blvd@21.4-283: Christies Rd@7.9	652	283	288	255	0	9	7	0.92	0.80		0.32	0.30	0.00	0.00		0.00	0.00	LOS_A	1	0.00	0.00	17	3.41	0.00	LOS_A	1
1	18000-21600	50			2431	2303	0	53	41	0.90	0.85		1.56	1.65	0.09	0.09		0.00	0.00	LOS_A	1	0.00	0.00	34	1.95	0.00	LOS_A	1
1	18000-21600	51-7: Ballarat Rd  Western Hwy@16.6-10: Ballarat Rd  Western Hwy@18.5	7	10	18	12	0	3	3	0.14	0.17		0.09	0.10	0.00	0.00		0.00	0.00	LOS_A	1	0.00	0.00	0			LOS_A	
1	18000-21600	51-7: Ballarat Rd  Western Hwy@16.6-385: Chisholm Dr@11.7	7	385	12	12	0	0	0	1.10	1.10				0.00	0.00				LOS_A	1	0.00	0.00	0			LOS_A	
1	18000-21600	51-7: Ballarat Rd  Western Hwy@16.6-670: Ballarat Rd  Western Hwy@1.4	7	670	19	19	0	0	0	1.86	1.86				0.00	0.00				LOS_A	1	0.00	0.00	0			LOS_A	
1	18000-21600	51-7: Ballarat Rd  Western Hwy@16.6-671: Panamax Rd@7.5	7	671	0	0	0	0	0											LOS_A		0.00	0.00	0			LOS_A	
1	18000-21600	51-347: Panamax Rd@4.8-10: Ballarat Rd  Western Hwy@18.5	347	10	189	189	0	0	0	1.39	1.39				0.16	0.16				LOS_A	1	0.00	0.00	0			LOS_A	
1	18000-21600	51-347: Panamax Rd@4.8-385: Chisholm Dr@11.7	347	385	52	52	0	0	0	2.44	2.44				0.06	0.06				LOS_A	1	0.00	0.00	0			LOS_A	
1	18000-21600	51-347: Panamax Rd@4.8-670: Ballarat Rd  Western Hwy@1.4	347	670	225	223	0	2	0	5.00	4.99		5.93		0.28	0.28		0.00		LOS_A	1	0.38	25.20	0			LOS_A	
1	18000-21600	51-360: Ballarat Rd  Western Hwy@55.2-10: Ballarat Rd  Western Hwy@18.5	360	10	141	135	0	2	4	0.36	0.35		0.59	0.35	0.00	0.00		0.00	0.00	LOS_A	1	0.00	0.00	0			LOS_A	
1	18000-21600	51-360: Ballarat Rd  Western Hwy@55.2-385: Chisholm Dr@11.7	360	385	49	48	0	1	0	2.06	2.02		4.34		0.21	0.22		0.00		LOS_A	1	0.00	0.00	0			LOS_A	
1	18000-21600	51-360: Ballarat Rd  Western Hwy@55.2-671: Panamax Rd@7.5	360	671	73	72	0	0	1	1.73	1.72			2.33	0.00	0.00			0.00	LOS_A	1	0.00	0.00	0			LOS_A	
1	18000-21600	51-673: Chisholm Dr@12.9-10: Ballarat Rd  Western Hwy@18.5	673	10	48	47	0	1	0	0.19	0.19		0.14		0.00	0.00		0.00		LOS_A	1	0.00	0.00	0			LOS_A	
1	18000-21600	51-673: Chisholm Dr@12.9-670: Ballarat Rd  Western Hwy@1.4	673	670	47	47	0	0	0	1.84	1.84				0.00	0.00				LOS_A	1	0.00	0.00	0			LOS_A	
1	18000-21600	51-673: Chisholm Dr@12.9-671: Panamax Rd@7.5	673	671	25	25	0	0	0	8.28	8.28				0.07	0.07				LOS_A	1	0.00	0.00	0			LOS_A	
1	18000-21600	51-885: Ballarat Rd  Western Hwy@6.9-10: Ballarat Rd  Western Hwy@18.5	885	10	0	0	0	0	0											LOS_A		0.00	0.00	0			LOS_A	
1	18000-21600	51-885: Ballarat Rd  Western Hwy@6.9-385: Chisholm Dr@11.7	885	385	77	77	0	0	0	3.62	3.62				0.09	0.09				LOS_A	1	0.00	0.00	0			LOS_A	
1	18000-21600	51-885: Ballarat Rd  Western Hwy@6.9-670: Ballarat Rd  Western Hwy@1.4	885	670	710	696	0	9	5	2.03	1.99		3.06	6.51	0.01	0.01		0.00	0.00	LOS_A	1	0.00	0.00	0			LOS_A	
1	18000-21600	51-885: Ballarat Rd  Western Hwy@6.9-671: Panamax Rd@7.5	885	671	181	179	0	1	1	3.34	3.32		5.70	4.49	0.07	0.08		0.00	0.00	LOS_A	1	0.00	0.00	0			LOS_A	
1	18000-21600	51			1866	1833	0	19	14	2.40	2.39		2.69	2.93	0.07	0.08		0.00	0.00	LOS_A	1	0.05	25.20	0			LOS_A	
1	18000-21600	52-928: Melton Hwy@4.6-182@17.4	928	182	227	212	0	7	6	0.25	0.25		0.29	0.29	0.00	0.00		0.00	0.00	LOS_A	1	0.00	0.00	2	0.17	0.00	LOS_A	1
1	18000-21600	52-928: Melton Hwy@4.6-308: Ferris Rd  Melton Hwy@32.7	928	308	473	459	0	9	3	0.44	0.45		0.16	0.03	0.00	0.00		0.00	0.00	LOS_A	1	0.00	0.00	2	0.03	0.00	LOS_A	1
1	18000-21600	52-2259: Ferris Rd  Melton Hwy@16.4-182@17.4	2259	182	148	132	0	8	8	2.95	2.80		3.58	4.77	0.00	0.00		0.00	0.00	LOS_A	1	0.00	0.00	0			LOS_A	
1	18000-21600	52-2259: Ferris Rd  Melton Hwy@16.4-200: Melton Hwy@86.6	2259	200	714	691	2	9	8	0.25	0.24	0.12	0.86	0.10	0.00	0.00	0.00	0.00	0.00	LOS_A	1	0.00	0.00	4	0.74	0.00	LOS_A	1
1	18000-21600	52-2260@39.2-200: Melton Hwy@86.6	2260	200	45	44	0	1	0	7.88	7.80		11.45		0.00	0.00		0.00		LOS_A	1	0.00	0.00	0			LOS_A	
1	18000-21600	52-2260@39.2-308: Ferris Rd  Melton Hwy@32.7	2260	308	121	117	0	3	1	0.30	0.29		0.40	0.33	0.00	0.00		0.00	0.00	LOS_A	1	0.00	0.00	0			LOS_A	
1	18000-21600	52			1728	1655	2	37	26	0.73	0.71	0.12	1.42	1.58	0.00	0.00	0.00	0.00	0.00	LOS_A	1	0.00	0.00	8	0.42	0.00	LOS_A	1
1	18000-21600	53-899: Melton Hwy@13.5-199: Melton Hwy@15.4	899	199	0	0	0	0	0											LOS_A		0.00	0.00	0			LOS_A	
1	18000-21600	53-899: Melton Hwy@13.5-301: High St@21.5	899	301	33	33	0	0	0	0.67	0.67				0.00	0.00				LOS_A	1	0.00	0.00	0			LOS_A	
1	18000-21600	53-899: Melton Hwy@13.5-376: High St@3.8	899	376	325	317	0	3	1	0.09	0.08		0.19	0.04	0.00	0.00		0.00	0.00	LOS_A	1	0.00	0.00	4	0.39	0.00	LOS_A	1
1	18000-21600	53-899: Melton Hwy@13.5-271619: Melton Hwy@15.3	899	271619	401	385	2	7	7	0.33	0.33	0.28	0.31	0.33	0.00	0.00	0.00	0.00	0.00	LOS_A	1	0.00	0.00	0			LOS_A	
1	18000-21600	53-900: High St@7.7-199: Melton Hwy@15.4	900	199	255	242	0	6	3	1.93	1.88		2.09	4.77	0.00	0.00		0.00	0.38	LOS_A	1	0.00	0.00	4	2.44	0.00	LOS_A	1
1	18000-21600	53-900: High St@7.7-301: High St@21.5	900	301	24	24	0	0	0	0.30	0.30				0.00	0.00				LOS_A	1	0.00	0.00	0			LOS_A	
1	18000-21600	53-900: High St@7.7-376: High St@3.8	900	376	0	0	0	0	0											LOS_A		0.00	0.00	0			LOS_A	
1	18000-21600	53-900: High St@7.7-271619: Melton Hwy@15.3	900	271619	48	48	0	0	0	4.14	4.14				0.00	0.00				LOS_A	1	0.00	0.00	0			LOS_A	
1	18000-21600	53-901: Melton Hwy@54.1-199: Melton Hwy@15.4	901	199	389	373	0	10	6	0.97	0.96		1.19	1.36	0.02	0.02		0.00	0.00	LOS_A	1	0.00	0.00	0			LOS_A	
1	18000-21600	53-901: Melton Hwy@54.1-301: High St@21.5	901	301	5	5	0	0	0	1.26	1.26				0.00	0.00				LOS_A	1	0.00	0.00	0			LOS_A	
1	18000-21600	53-901: Melton Hwy@54.1-376: High St@3.8	901	376	10	10	0	0	0	0.33	0.33				0.00	0.00				LOS_A	1	0.00	0.00	0			LOS_A	
1	18000-21600	53-901: Melton Hwy@54.1-271619: Melton Hwy@15.3	901	271619	0	0	0	0	0											LOS_A		0.00	0.00	0			LOS_A	
1	18000-21600	53-1241: High St@3.1-199: Melton Hwy@15.4	1241	199	56	56	0	0	0	1.91	1.91				0.00	0.00				LOS_A	1	0.00	0.00	0			LOS_A	
1	18000-21600	53-1241: High St@3.1-301: High St@21.5	1241	301	0	0	0	0	0											LOS_A		0.00	0.00	0			LOS_A	
1	18000-21600	53-1241: High St@3.1-376: High St@3.8	1241	376	20	20	0	0	0	0.10	0.10				0.00	0.00				LOS_A	1	0.00	0.00	0			LOS_A	
1	18000-21600	53-1241: High St@3.1-271619: Melton Hwy@15.3	1241	271619	12	12	0	0	0	0.31	0.31				0.00	0.00				LOS_A	1	0.00	0.00	0			LOS_A	
1	18000-21600	53			1578	1525	2	26	17	0.87	0.86	0.28	1.04	1.46	0.01	0.01	0.00	0.00	0.07	LOS_A	1	0.00	0.00	8	1.41	0.00	LOS_A	1
1	18000-21600	54-526: Ferris Rd@22.5-310@35.3	526	310	22	20	0	2	0	3.39	3.33		3.95		0.12	0.14		0.00		LOS_A	1	0.03	34.73	0			LOS_A	
1	18000-21600	54-526: Ferris Rd@22.5-421: Ferris Rd@15.4	526	421	0	0	0	0	0											LOS_A		0.03	34.73	0			LOS_A	
1	18000-21600	54-526: Ferris Rd@22.5-525: Ferris Rd@18.9	526	525	749	711	0	26	10	0.37	0.38		0.31	0.34	0.00	0.00		0.00	0.00	LOS_A	1	0.03	34.73	2	0.00	0.00	LOS_A	1
1	18000-21600	54-527: Zone connector@58.2-310@35.3	527	310	0	0	0	0	0											LOS_A		0.00	0.00	0			LOS_A	
1	18000-21600	54-527: Zone connector@58.2-421: Ferris Rd@15.4	527	421	728	700	2	14	10	0.48	0.47	1.50	0.56	0.66	0.00	0.00	0.00	0.00	0.00	LOS_A	1	0.00	0.00	2	0.16	0.00	LOS_A	1
1	18000-21600	54-528@5.7-421: Ferris Rd@15.4	528	421	17	14	0	2	1	2.61	2.12		4.98	4.84	0.00	0.00		0.00	0.00	LOS_A	1	0.00	0.00	0			LOS_A	
1	18000-21600	54-528@5.7-525: Ferris Rd@18.9	528	525	4	4	0	0	0	0.37	0.37				0.00	0.00				LOS_A	1	0.00	0.00	0			LOS_A	
1	18000-21600	54			1520	1449	2	44	21	0.49	0.48	1.50	0.77	0.71	0.00	0.00	0.00	0.00	0.00	LOS_A	1	0.01	34.73	4	0.08	0.00	LOS_A	1
1	18000-21600	58-600: Leakes Rd@50.8-273@50.4	600	273	143	133	0	7	3	0.40	0.28		1.76	2.14	0.00	0.00		0.00	0.00	LOS_A	1	0.00	0.00	0			LOS_A	
1	18000-21600	58-600: Leakes Rd@50.8-437: Leakes Rd@57.3	600	437	586	553	0	8	8	1.01	0.43		0.73	0.35	0.00	0.00		0.00	0.00	LOS_A	1	0.00	0.00	17	20.41	0.01	LOS_C	3
1	18000-21600	58-1263: Leakes Rd@67.9-271: Leakes Rd@3.2	1263	271	857	818	0	10	12	0.74	0.24		0.35	0.42	0.03	0.00		0.00	0.00	LOS_A	1	0.00	0.00	17	25.36	1.55	LOS_D	4
1	18000-21600	58-1263: Leakes Rd@67.9-273@50.4	1263	273	358	343	0	8	7	0.58	0.58		0.49	0.56	0.00	0.00		0.00	0.00	LOS_A	1	0.00	0.00	0			LOS_A	
1	18000-21600	58-2374@24.3-271: Leakes Rd@3.2	2374	271	195	191	0	2	2	3.24	3.17		6.72	6.67	0.00	0.00		0.00	0.00	LOS_A	1	0.01	10.13	0			LOS_A	
1	18000-21600	58-2374@24.3-437: Leakes Rd@57.3	2374	437	300	287	0	7	6	0.43	0.41		0.57	1.05	0.00	0.00		0.00	0.00	LOS_A	1	0.00	0.00	0			LOS_A	
1	18000-21600	58			2439	2325	0	42	38	0.92	0.60		1.02	0.99	0.01	0.00		0.00	0.00	LOS_A	1	0.00	10.13	34	22.89	0.78	LOS_C	3
1	18000-21600	59-271: Leakes Rd@241.4-401: Leakes Rd@29.1	271	401	1052	1009	0	12	14	0.19	0.14		0.21	0.38	0.00	0.00		0.00	0.00	LOS_A	1	0.00	0.00	17	2.87	0.00	LOS_A	1
1	18000-21600	59-443@92.7-270: Leakes Rd@23.7	443	270	86	86	0	0	0	0.18	0.18				0.00	0.00				LOS_A	1	0.00	0.00	0			LOS_A	
1	18000-21600	59-443@92.7-442@13.5	443	442	0	0	0	0	0											LOS_A		0.00	0.00	0			LOS_A	
1	18000-21600	59-605: Leakes Rd@51.1-270: Leakes Rd@23.7	605	270	644	600	0	15	11	0.29	0.28		0.39	0.96	0.00	0.00		0.00	0.00	LOS_A	1	0.00	0.00	18	0.18	0.00	LOS_A	1
1	18000-21600	59-605: Leakes Rd@51.1-442@13.5	605	442	18	18	0	0	0	0.81	0.81				0.34	0.34				LOS_A	1	0.00	0.00	0			LOS_A	
1	18000-21600	59			1800	1713	0	27	25	0.23	0.20		0.31	0.63	0.00	0.00		0.00	0.00	LOS_A	1	0.00	0.00	35	1.49	0.00	LOS_A	1
1	18000-21600	60-604: Leakes Rd@15.0-398: Taylors Rd@53.4	604	398	38	38	0	0	0	0.59	0.59				0.00	0.00				LOS_A	1	0.00	0.00	0			LOS_A	
1	18000-21600	60-604: Leakes Rd@15.0-402: Leakes Rd@43.0	604	402	446	426	0	13	7	0.06	0.06		0.07	0.02	0.00	0.00		0.00	0.00	LOS_A	1	0.00	0.00	0			LOS_A	
1	18000-21600	60-604: Leakes Rd@15.0-2146@76.1	604	2146	42	40	0	1	1	0.36	0.34		0.94	0.48	0.00	0.00		0.00	0.00	LOS_A	1	0.00	0.00	0			LOS_A	
1	18000-21600	60-938: Leakes Rd@26.5-398: Taylors Rd@53.4	938	398	526	502	0	2	5	0.66	0.65		0.77	0.82	0.00	0.00		0.00	0.00	LOS_A	1	0.00	0.00	17	0.93	0.00	LOS_A	1
1	18000-21600	60-938: Leakes Rd@26.5-402: Leakes Rd@43.0	938	402	9	9	0	0	0	6.08	6.08				0.00	0.00				LOS_A	1	0.00	0.00	0			LOS_A	
1	18000-21600	60-938: Leakes Rd@26.5-2146@76.1	938	2146	159	152	0	3	4	0.53	0.50		1.11	1.28	0.01	0.01		0.00	0.00	LOS_A	1	0.00	0.00	0			LOS_A	
1	18000-21600	60-938: Leakes Rd@26.5-27139: Leakes Rd@68.2	938	27139	358	346	0	7	5	0.13	0.13		0.10	0.20	0.00	0.00		0.00	0.00	LOS_A	1	0.00	0.00	0			LOS_A	
1	18000-21600	60-2149@32.7-398: Taylors Rd@53.4	2149	398	17	17	0	0	0	0.01	0.01				0.00	0.00				LOS_A	1	0.00	0.00	0			LOS_A	
1	18000-21600	60-2149@32.7-402: Leakes Rd@43.0	2149	402	47	47	0	0	0	2.43	2.43				0.00	0.00				LOS_A	1	0.00	0.00	0			LOS_A	
1	18000-21600	60-2149@32.7-27139: Leakes Rd@68.2	2149	27139	26	26	0	0	0	2.14	2.14				0.00	0.00				LOS_A	1	0.00	0.00	0			LOS_A	
1	18000-21600	60-271394: Taylors Rd@21.3-402: Leakes Rd@43.0	271394	402	159	136	0	2	4	2.10	1.64		2.97	4.45	0.00	0.00		0.00	0.00	LOS_A	1	0.00	0.00	17	5.13	0.00	LOS_A	1
1	18000-21600	60-271394: Taylors Rd@21.3-2146@76.1	271394	2146	39	39	0	0	0	0.08	0.08				0.00	0.00				LOS_A	1	0.00	0.00	0			LOS_A	
1	18000-21600	60-271394: Taylors Rd@21.3-27139: Leakes Rd@68.2	271394	27139	48	48	0	0	0	0.62	0.62				0.00	0.00				LOS_A	1	0.00	0.00	0			LOS_A	
1	18000-21600	60			1914	1826	0	28	26	0.59	0.54		0.48	1.10	0.00	0.00		0.00	0.00	LOS_A	1	0.00	0.00	34	3.03	0.00	LOS_A	1
1	18000-21600	61-539: Leakes Rd@105.5-438: Leakes Rd@41.9	539	438	282	275	0	4	3	0.21	0.21		0.14	0.14	0.00	0.00		0.00	0.00	LOS_A	1	0.00	0.00	0			LOS_A	
1	18000-21600	61-863: Leakes Rd@80.4-265@25.1	863	265	202	196	0	4	2	3.09	3.05		4.08	4.37	0.07	0.08		0.00	0.00	LOS_A	1	0.00	0.00	0			LOS_A	
1	18000-21600	61-863: Leakes Rd@80.4-435: Leakes Rd@21.2	863	435	684	644	0	11	12	1.28	1.11		0.35	1.30	0.00	0.00		0.00	0.00	LOS_A	1	0.00	0.00	17	7.97	0.00	LOS_A	1
1	18000-21600	61-2344: Leakes Rd@40.2-265@25.1	2344	265	277	259	2	7	9	0.17	0.17	0.22	0.18	0.21	0.00	0.00	0.00	0.00	0.00	LOS_A	1	0.00	0.00	0			LOS_A	
1	18000-21600	61-2344: Leakes Rd@40.2-438: Leakes Rd@41.9	2344	438	933	886	0	14	16	0.48	0.47		0.56	0.61	0.00	0.00		0.00	0.00	LOS_A	1	0.00	0.00	17	0.76	0.00	LOS_A	1
1	18000-21600	61-2345@108.7-435: Leakes Rd@21.2	2345	435	681	669	0	8	4	0.25	0.24		0.51	1.08	0.00	0.00		0.00	0.00	LOS_A	1	0.00	0.00	0			LOS_A	
1	18000-21600	61			3059	2929	2	48	46	0.73	0.68	0.22	0.70	0.88	0.00	0.01	0.00	0.00	0.00	LOS_A	1	0.00	0.00	34	4.37	0.00	LOS_A	1
1	18000-21600	62-267: Ian Cowie Way@65.6-264: Leakes Rd@17.3	267	264	0	0	0	0	0											LOS_A		0.00	0.00	0			LOS_A	
1	18000-21600	62-267: Ian Cowie Way@65.6-434: Leakes Rd@22.8	267	434	10	10	0	0	0	0.10	0.10				0.00	0.00				LOS_A	1	0.00	0.00	0			LOS_A	
1	18000-21600	62-538: Leakes Rd@89.6-264: Leakes Rd@17.3	538	264	170	138	0	0	0	0.15	0.12				0.00	0.00				LOS_A	1	0.00	0.00	32	0.25	0.00	LOS_A	1
1	18000-21600	62-538: Leakes Rd@89.6-268: Ian Cowie Way@17.3	538	268	4	4	0	0	0	0.04	0.04				0.00	0.00				LOS_A	1	0.00	0.00	0			LOS_A	
1	18000-21600	62-864: Leakes Rd@39.3-268: Ian Cowie Way@17.3	864	268	2	2	0	0	0	2.29	2.29				0.00	0.00				LOS_A	1	0.00	0.00	0			LOS_A	
1	18000-21600	62-864: Leakes Rd@39.3-434: Leakes Rd@22.8	864	434	246	206	0	4	4	0.31	0.33		0.98	0.03	0.00	0.00		0.00	0.00	LOS_A	1	0.00	0.00	32	0.13	0.00	LOS_A	1
1	18000-21600	62			432	360	0	4	4	0.25	0.25		0.98	0.03	0.00	0.00		0.00	0.00	LOS_A	1	0.00	0.00	64	0.19	0.00	LOS_A	1
1	18000-21600	63-374: Westcott Pde@100.7-263: Leakes Rd@9.1	374	263	30	30	0	0	0	0.02	0.02				0.00	0.00				LOS_A	1	0.00	0.00	0			LOS_A	
1	18000-21600	63-374: Westcott Pde@100.7-372: Leakes Rd@14.9	374	372	0	0	0	0	0											LOS_A		0.00	0.00	0			LOS_A	
1	18000-21600	63-542: Leakes Rd@34.5-372: Leakes Rd@14.9	542	372	150	118	0	0	0	0.05	0.04				0.00	0.00				LOS_A	1	0.00	0.00	32	0.06	0.00	LOS_A	1
1	18000-21600	63-542: Leakes Rd@34.5-375: Westcott Pde@26.6	542	375	20	20	0	0	0	0.06	0.06				0.00	0.00				LOS_A	1	0.00	0.00	0			LOS_A	
1	18000-21600	63-543: Leakes Rd@6.7-263: Leakes Rd@9.1	543	263	218	178	0	4	4	0.14	0.13		0.14	0.03	0.00	0.00		0.00	0.00	LOS_A	1	0.00	0.00	32	0.22	0.00	LOS_A	1
1	18000-21600	63-543: Leakes Rd@6.7-375: Westcott Pde@26.6	543	375	0	0	0	0	0											LOS_A		0.00	0.00	0			LOS_A	
1	18000-21600	63			418	346	0	4	4	0.10	0.09		0.14	0.03	0.00	0.00		0.00	0.00	LOS_A	1	0.00	0.00	64	0.14	0.00	LOS_A	1
1	18000-21600	66-622: Neales Rd W@46.2-34: Neales Rd W@22.7	622	34	69	69	0	0	0	1.23	1.23				0.00	0.00				LOS_A	1	0.00	0.00	0			LOS_A	
1	18000-21600	66-622: Neales Rd W@46.2-232: Hopkins Rd@9.0	622	232	260	252	0	2	4	0.58	0.53		2.26	2.32	0.01	0.01		0.00	0.00	LOS_A	1	0.00	0.00	2	2.15	0.00	LOS_A	1
1	18000-21600	66-622: Neales Rd W@46.2-910: Melton Hwy@30.7	622	910	8	8	0	0	0	0.49	0.49				0.00	0.00				LOS_A	1	0.00	0.00	0			LOS_A	
1	18000-21600	66-897: Hopkins Rd@13.5-35: Neales Rd W@48.6	897	35	225	213	0	6	4	1.23	1.21		1.47	1.97	0.00	0.00		0.00	0.00	LOS_A	1	0.00	0.00	2	1.94	0.00	LOS_A	1
1	18000-21600	66-897: Hopkins Rd@13.5-910: Melton Hwy@30.7	897	910	374	354	0	4	3	1.05	0.38		0.61	0.10	0.05	0.00		0.00	0.00	LOS_A	1	0.00	0.00	13	19.58	1.36	LOS_C	3
1	18000-21600	66-908: Melton Hwy@56.5-34: Neales Rd W@22.7	908	34	4	4	0	0	0	3.55	3.55				0.00	0.00				LOS_A	1	0.00	0.00	0			LOS_A	
1	18000-21600	66-908: Melton Hwy@56.5-35: Neales Rd W@48.6	908	35	12	12	0	0	0	2.40	2.40				0.00	0.00				LOS_A	1	0.00	0.00	0			LOS_A	
1	18000-21600	66-908: Melton Hwy@56.5-232: Hopkins Rd@9.0	908	232	288	265	0	6	4	0.96	0.87		0.66	0.11	0.01	0.01		0.00	0.00	LOS_A	1	0.00	0.00	13	3.17	0.00	LOS_A	1
1	18000-21600	66-2206: Neales Rd W@67.0-35: Neales Rd W@48.6	2206	35	12	12	0	0	0	0.73	0.73				0.00	0.00				LOS_A	1	0.00	0.00	0			LOS_A	
1	18000-21600	66-2206: Neales Rd W@67.0-232: Hopkins Rd@9.0	2206	232	46	45	0	0	1	3.28	3.22			6.13	0.00	0.00			0.00	LOS_A	1	0.00	0.00	0			LOS_A	
1	18000-21600	66-2206: Neales Rd W@67.0-910: Melton Hwy@30.7	2206	910	5	5	0	0	0	0.77	0.77				0.00	0.00				LOS_A	1	0.00	0.00	0			LOS_A	
1	18000-21600	66-271701@14.9-34: Neales Rd W@22.7	271701	34	310	288	0	13	9	0.89	0.82		1.80	1.81	0.00	0.00		0.00	0.00	LOS_A	1	0.00	0.00	0			LOS_A	
1	18000-21600	66			1613	1527	0	31	25	1.03	0.84		1.39	1.61	0.01	0.00		0.00	0.00	LOS_A	1	0.00	0.00	30	10.13	0.59	LOS_B	2
1	18000-21600	67-230: Hopkins Rd@80.5-37@39.6	230	37	135	132	0	2	1	0.32	0.32		0.28	0.10	0.00	0.00		0.00	0.00	LOS_A	1	0.00	0.00	0			LOS_A	
1	18000-21600	67-230: Hopkins Rd@80.5-426: Hopkins Rd@27.0	230	426	459	430	0	6	8	1.79	1.37		2.66	0.45	0.00	0.00		0.00	0.00	LOS_A	1	0.00	0.00	15	14.14	0.00	LOS_B	2
1	18000-21600	67-427: Hopkins Rd@65.2-231: Hopkins Rd@8.0	427	231	797	756	0	15	13	0.39	0.34		1.47	1.17	0.00	0.00		0.00	0.00	LOS_A	1	0.00	0.00	13	1.33	0.00	LOS_A	1
1	18000-21600	67-946@14.4-231: Hopkins Rd@8.0	946	231	112	99	0	8	3	0.27	0.26		0.39	0.36	0.00	0.00		0.00	0.00	LOS_A	1	0.00	0.00	2	0.30	0.00	LOS_A	1
1	18000-21600	67-946@14.4-426: Hopkins Rd@27.0	946	426	88	82	0	2	4	0.31	0.31		0.25	0.37	0.00	0.00		0.00	0.00	LOS_A	1	0.00	0.00	0			LOS_A	
1	18000-21600	67			1591	1499	0	33	29	0.77	0.63		1.28	0.74	0.00	0.00		0.00	0.00	LOS_A	1	0.00	0.00	30	7.66	0.00	LOS_A	1
1	18000-21600	68-252: Hopkins Rd@35.3-55: Hopkins Rd@43.4	252	55	619	592	0	13	8	0.75	0.75		0.61	1.37	0.00	0.00		0.00	0.00	LOS_A	1	0.00	0.00	6	0.04	0.00	LOS_A	1
1	18000-21600	68-252: Hopkins Rd@35.3-66: Meskos Rd@23.0	252	66	74	57	0	6	4	4.46	4.10		4.73	5.87	0.02	0.00		0.00	0.30	LOS_A	1	0.00	0.00	7	6.36	0.00	LOS_A	1
1	18000-21600	68-252: Hopkins Rd@35.3-82: Sheahan Rd@25.9	252	82	41	34	0	4	3	4.14	3.99		4.85	4.91	0.00	0.00		0.00	0.00	LOS_A	1	0.00	0.00	0			LOS_A	
1	18000-21600	68-2153: Sheahan Rd@17.6-12: Hopkins Rd@3.8	2153	12	49	43	0	2	4	5.17	4.89		6.65	7.48	0.00	0.00		0.00	0.00	LOS_A	1	0.00	0.00	0			LOS_A	
1	18000-21600	68-2153: Sheahan Rd@17.6-55: Hopkins Rd@43.4	2153	55	37	35	0	1	1	2.17	2.10		3.70	3.36	0.00	0.00		0.00	0.00	LOS_A	1	0.00	0.00	0			LOS_A	
1	18000-21600	68-2153: Sheahan Rd@17.6-66: Meskos Rd@23.0	2153	66	0	0	0	0	0											LOS_A		0.03	34.51	0			LOS_A	
1	18000-21600	68-2157: Hopkins Rd@4.7-12: Hopkins Rd@3.8	2157	12	481	436	2	19	18	0.59	0.59	0.38	0.44	0.78	0.00	0.00	0.00	0.00	0.00	LOS_A	1	0.00	0.00	6	0.33	0.00	LOS_A	1
1	18000-21600	68-2157: Hopkins Rd@4.7-66: Meskos Rd@23.0	2157	66	12	11	0	1	0	2.95	2.72		5.46		0.00	0.00		0.00		LOS_A	1	0.00	0.00	0			LOS_A	
1	18000-21600	68-2157: Hopkins Rd@4.7-82: Sheahan Rd@25.9	2157	82	5	5	0	0	0	4.02	4.02				0.00	0.00				LOS_A	1	0.00	0.00	0			LOS_A	
1	18000-21600	68-2195: Meskos Rd@18.4-12: Hopkins Rd@3.8	2195	12	91	77	0	5	2	1.04	0.54		2.78	3.09	0.00	0.00		0.00	0.00	LOS_A	1	0.00	0.00	7	4.69	0.00	LOS_A	1
1	18000-21600	68-2195: Meskos Rd@18.4-55: Hopkins Rd@43.4	2195	55	29	29	0	0	0	2.22	2.22				0.00	0.00				LOS_A	1	0.00	0.00	0			LOS_A	
1	18000-21600	68-2195: Meskos Rd@18.4-82: Sheahan Rd@25.9	2195	82	1	1	0	0	0	0.01	0.01				0.00	0.00				LOS_A	1	0.00	0.00	0			LOS_A	
1	18000-21600	68			1439	1320	2	51	40	1.25	1.15	0.38	1.97	2.57	0.00	0.00	0.00	0.00	0.03	LOS_A	1	0.00	34.51	26	3.06	0.00	LOS_A	1
1	18000-21600	69-290: Caroline Springs Blvd@7.8-60: Caroline Springs Blvd@15.2	290	60	0	0	0	0	0											LOS_A		0.00	0.00	0			LOS_A	
1	18000-21600	69-290: Caroline Springs Blvd@7.8-291: Caroline Springs Blvd@13.3	290	291	804	749	0	21	17	0.51	0.48		0.43	0.47	0.00	0.00		0.00	0.00	LOS_A	1	0.00	0.00	17	2.00	0.00	LOS_A	1
1	18000-21600	69-290: Caroline Springs Blvd@7.8-293: Chisholm Dr@13.5	290	293	60	54	0	3	3	0.49	0.50		0.45	0.44	0.00	0.00		0.00	0.00	LOS_A	1	0.00	0.00	0			LOS_A	
1	18000-21600	69-290: Caroline Springs Blvd@7.8-431: Springlake Ave@15.6	290	431	36	36	0	0	0	2.16	2.16				0.00	0.00				LOS_A	1	0.00	0.00	0			LOS_A	
1	18000-21600	69-292: Caroline Springs Blvd@170.8-60: Caroline Springs Blvd@15.2	292	60	427	387	0	13	10	1.13	0.57		0.36	0.43	0.01	0.01		0.00	0.00	LOS_A	1	0.00	0.00	17	14.85	0.00	LOS_B	2
1	18000-21600	69-292: Caroline Springs Blvd@170.8-291: Caroline Springs Blvd@13.3	292	291	0	0	0	0	0											LOS_A		0.00	0.00	0			LOS_A	
1	18000-21600	69-292: Caroline Springs Blvd@170.8-293: Chisholm Dr@13.5	292	293	4	4	0	0	0	0.04	0.04				0.00	0.00				LOS_A	1	0.00	0.00	0			LOS_A	
1	18000-21600	69-292: Caroline Springs Blvd@170.8-431: Springlake Ave@15.6	292	431	21	21	0	0	0	1.01	1.01				0.00	0.00				LOS_A	1	0.00	0.00	0			LOS_A	
1	18000-21600	69-294: Chisholm Dr@69.6-60: Caroline Springs Blvd@15.2	294	60	20	20	0	0	0	0.11	0.11				0.00	0.00				LOS_A	1	0.00	0.00	0			LOS_A	
1	18000-21600	69-294: Chisholm Dr@69.6-291: Caroline Springs Blvd@13.3	294	291	0	0	0	0	0											LOS_A		0.00	0.00	0			LOS_A	
1	18000-21600	69-294: Chisholm Dr@69.6-293: Chisholm Dr@13.5	294	293	0	0	0	0	0											LOS_A		0.00	0.00	0			LOS_A	
1	18000-21600	69-294: Chisholm Dr@69.6-431: Springlake Ave@15.6	294	431	0	0	0	0	0											LOS_A		0.00	0.00	0			LOS_A	
1	18000-21600	69-430: Springlake Ave@96.9-60: Caroline Springs Blvd@15.2	430	60	19	19	0	0	0	0.37	0.37				0.00	0.00				LOS_A	1	0.00	0.00	0			LOS_A	
1	18000-21600	69-430: Springlake Ave@96.9-291: Caroline Springs Blvd@13.3	430	291	20	20	0	0	0	0.48	0.48				0.00	0.00				LOS_A	1	0.00	0.00	0			LOS_A	
1	18000-21600	69-430: Springlake Ave@96.9-293: Chisholm Dr@13.5	430	293	0	0	0	0	0											LOS_A		0.00	0.00	0			LOS_A	
1	18000-21600	69-430: Springlake Ave@96.9-431: Springlake Ave@15.6	430	431	0	0	0	0	0											LOS_A		0.00	0.00	0			LOS_A	
1	18000-21600	69			1411	1310	0	37	30	0.74	0.55		0.40	0.45	0.00	0.00		0.00	0.00	LOS_A	1	0.00	0.00	34	8.43	0.00	LOS_A	1
1	18000-21600	70-352: Eucumbene Dr@292.9-111: Christies Rd@15.7	352	111	0	0	0	0	0											LOS_A		0.00	0.00	0			LOS_A	
1	18000-21600	70-647: Christies Rd@8.4-111: Christies Rd@15.7	647	111	429	392	0	11	9	1.14	1.17		0.47	1.36	0.01	0.01		0.00	0.00	LOS_A	1	0.00	0.00	17	0.81	0.00	LOS_A	1
1	18000-21600	70-647: Christies Rd@8.4-353: Eucumbene Dr@18.0	647	353	29	29	0	0	0	2.51	2.51				0.32	0.32				LOS_A	1	0.00	0.00	0			LOS_A	
1	18000-21600	70-647: Christies Rd@8.4-1920@12.9	647	1920	0	0	0	0	0											LOS_A		0.00	0.00	0			LOS_A	
1	18000-21600	70-891: Christies Rd@8.7-287: Christies Rd@20.9	891	287	523	475	0	16	15	0.80	0.81		1.14	0.84	0.00	0.00		0.00	0.00	LOS_A	1	0.00	0.00	17	0.19	0.00	LOS_A	1
1	18000-21600	70-891: Christies Rd@8.7-353: Eucumbene Dr@18.0	891	353	7	7	0	0	0	5.98	5.98				0.00	0.00				LOS_A	1	0.00	0.00	0			LOS_A	
1	18000-21600	70-891: Christies Rd@8.7-1920@12.9	891	1920	0	0	0	0	0											LOS_A		0.00	0.00	0			LOS_A	
1	18000-21600	70-1919@25.6-287: Christies Rd@20.9	1919	287	0	0	0	0	0											LOS_A		0.00	0.00	0			LOS_A	
1	18000-21600	70			988	903	0	27	24	1.04	1.06		0.87	1.03	0.01	0.01		0.00	0.00	LOS_A	1	0.00	0.00	34	0.50	0.00	LOS_A	1
1	18000-21600	71-111: Christies Rd@84.9-129@9.8	111	129	311	302	0	5	4	0.07	0.06		0.05	0.17	0.00	0.00		0.00	0.00	LOS_A	1	0.00	0.00	0			LOS_A	
1	18000-21600	71-111: Christies Rd@84.9-282: Christies Rd@12.4	111	282	118	90	0	6	5	0.10	0.10		0.00	0.04	0.00	0.00		0.00	0.00	LOS_A	1	0.00	0.00	17	0.14	0.00	LOS_A	1
1	18000-21600	71-274: Christies Rd@5.8-112: Christies Rd@6.8	274	112	530	482	0	16	15	1.92	1.99		2.16	1.22	0.00	0.00		0.00	0.00	LOS_A	1	0.00	0.00	17	0.41	0.00	LOS_A	1
1	18000-21600	71-274: Christies Rd@5.8-129@9.8	274	129	120	109	0	7	4	2.69	2.51		4.17	4.93	0.00	0.00		0.00	0.00	LOS_A	1	0.00	0.00	0			LOS_A	
1	18000-21600	71			1079	983	0	34	28	1.27	1.28		1.88	1.39	0.00	0.00		0.00	0.00	LOS_A	1	0.00	0.00	34	0.28	0.00	LOS_A	1
1	18000-21600	72-279: Christies Rd@96.9-280: Christies Rd@44.5	279	280	0	0	0	0	0											LOS_A		0.00	0.00	0			LOS_A	
1	18000-21600	72-279: Christies Rd@96.9-394: Christies Rd@15.7	279	394	81	54	0	6	4	3.69	3.77		2.82	5.74	0.73	0.83		0.00	0.23	LOS_A	1	0.00	0.00	17	3.27	0.77	LOS_A	1
1	18000-21600	72-279: Christies Rd@96.9-626: Palm Springs Rd@75.1	279	626	37	36	0	0	1	9.04	9.27			0.63	1.35	1.39			0.00	LOS_A	1	0.00	0.00	0			LOS_A	
1	18000-21600	72-393: Christies Rd@348.6-280: Christies Rd@44.5	393	280	190	151	0	13	9	20.57	21.97		21.53	15.30	3.12	3.52		1.74	0.39	LOS_C	3	1.42	57.81	17	10.15	2.09	LOS_B	2
1	18000-21600	72-393: Christies Rd@348.6-394: Christies Rd@15.7	393	394	0	0	0	0	0											LOS_A		1.42	57.81	0			LOS_A	
1	18000-21600	72-393: Christies Rd@348.6-626: Palm Springs Rd@75.1	393	626	5	4	0	1	0	4.28	5.33		0.06		0.19	0.24		0.00		LOS_A	1	1.42	57.81	0			LOS_A	
1	18000-21600	72-625: Palm Springs Rd@88.9-280: Christies Rd@44.5	625	280	210	203	0	2	5	8.29	8.39		3.35	6.00	0.39	0.41		0.00	0.00	LOS_A	1	0.00	0.00	0			LOS_A	
1	18000-21600	72-625: Palm Springs Rd@88.9-394: Christies Rd@15.7	625	394	26	26	0	0	0	9.65	9.65				0.52	0.52				LOS_A	1	0.00	0.00	0			LOS_A	
1	18000-21600	72-625: Palm Springs Rd@88.9-626: Palm Springs Rd@75.1	625	626	0	0	0	0	0											LOS_A		0.00	0.00	0			LOS_A	
1	18000-21600	72-1914@136.2-280: Christies Rd@44.5	1914	280	250	237	0	8	5	29.67	29.48		36.05	28.83	2.05	2.09		1.36	1.45	LOS_D	4	6.48	126.07	0			LOS_A	
1	18000-21600	72-1914@136.2-394: Christies Rd@15.7	1914	394	28	19	0	6	3	15.37	16.97		17.11	1.80	1.26	1.40		1.45	0.00	LOS_C	3	6.48	126.07	0			LOS_A	
1	18000-21600	72-1914@136.2-626: Palm Springs Rd@75.1	1914	626	37	34	0	3	0	18.44	18.12		22.16		1.31	1.24		2.20		LOS_C	3	6.48	126.07	0			LOS_A	
1	18000-21600	72			864	764	0	39	27	17.46	18.00		19.52	12.62	1.62	1.68		1.25	0.43	LOS_C	3	1.98	126.07	34	6.71	1.43	LOS_A	1
1	18000-21600	73-350: Delma Rd@97.2-464: Ballarat Rd  Western Hwy@8.8	350	464	71	71	0	0	0	0.08	0.08				0.00	0.00				LOS_A	1	0.00	0.00	0			LOS_A	
1	18000-21600	73-663: Ballarat Rd  Western Hwy@46.8-351: Delma Rd@11.2	663	351	11	11	0	0	0	2.54	2.54				0.00	0.00				LOS_A	1	0.00	0.00	0			LOS_A	
1	18000-21600	73-663: Ballarat Rd  Western Hwy@46.8-464: Ballarat Rd  Western Hwy@8.8	663	464	990	974	0	11	5	0.41	0.40		1.08	1.15	0.00	0.00		0.00	0.00	LOS_A	1	0.00	0.00	0			LOS_A	
1	18000-21600	73			1072	1056	0	11	5	0.41	0.40		1.08	1.15	0.00	0.00		0.00	0.00	LOS_A	1	0.00	0.00	0			LOS_A	
1	18000-21600	76-911@130.2-404: Hopkins Rd@29.7	911	404	9	9	0	0	0	0.08	0.08				0.00	0.00				LOS_A	1	0.00	0.00	0			LOS_A	
1	18000-21600	76-911@130.2-408: Hopkins Rd@16.0	911	408	55	55	0	0	0	0.11	0.11				0.00	0.00				LOS_A	1	0.00	0.00	0			LOS_A	
1	18000-21600	76-913: Hopkins Rd@4.0-408: Hopkins Rd@16.0	913	408	443	397	2	20	18	0.31	0.31	0.03	0.45	0.18	0.00	0.00	0.00	0.00	0.00	LOS_A	1	0.00	0.00	6	0.59	0.00	LOS_A	1
1	18000-21600	76-913: Hopkins Rd@4.0-912@27.4	913	912	6	5	0	0	1	5.58	5.27			7.14	0.00	0.00			0.00	LOS_A	1	0.00	0.00	0			LOS_A	
1	18000-21600	76-948: Hopkins Rd@33.1-404: Hopkins Rd@29.7	948	404	437	410	0	13	8	0.40	0.40		0.19	0.82	0.00	0.00		0.00	0.00	LOS_A	1	0.00	0.00	6	0.13	0.00	LOS_A	1
1	18000-21600	76-948: Hopkins Rd@33.1-912@27.4	948	912	248	246	0	1	1	1.71	1.70		2.18	1.64	0.00	0.00		0.00	0.00	LOS_A	1	0.00	0.00	0			LOS_A	
1	18000-21600	76			1198	1122	2	34	28	0.65	0.66	0.03	0.40	0.67	0.00	0.00	0.00	0.00	0.00	LOS_A	1	0.00	0.00	12	0.36	0.00	LOS_A	1
1	18000-21600	77-208: Western Fwy@25.5-84: Western Fwy@15.9	208	84	1043	972	15	29	27	0.50	0.49	1.22	0.35	0.52	0.00	0.00	0.00	0.00	0.00	LOS_A	1	0.00	0.00	0			LOS_A	
1	18000-21600	77-208: Western Fwy@25.5-180@16.3	208	180	166	161	0	4	1	3.02	2.94		5.76	5.97	0.00	0.00		0.00	0.00	LOS_A	1	0.00	0.00	0			LOS_A	
1	18000-21600	77			1209	1133	15	33	28	0.84	0.84	1.22	1.01	0.71	0.00	0.00	0.00	0.00	0.00	LOS_A	1	0.00	0.00	0			LOS_A	
1	18000-21600	78-84: Western Fwy@896.6-203: Western Fwy@19.3	84	203	1043	972	15	29	27	0.07	0.06	0.43	0.07	0.07	0.00	0.00	0.00	0.00	0.00	LOS_A	1	0.00	0.00	0			LOS_A	
1	18000-21600	78-529@72.8-203: Western Fwy@19.3	529	203	375	344	0	15	14	2.40	2.39		2.11	3.06	0.06	0.05		0.11	0.22	LOS_A	1	0.00	0.00	2	2.06	0.00	LOS_A	1
1	18000-21600	78			1418	1316	15	44	41	0.69	0.67	0.43	0.76	1.09	0.02	0.01	0.00	0.04	0.08	LOS_A	1	0.00	0.00	2	2.06	0.00	LOS_A	1
1	18000-21600	79-184: Western Fwy@928.7-205: Western Fwy@68.7	184	205	1351	1287	8	38	18	0.73	0.73	0.84	0.81	0.65	0.00	0.00	0.00	0.00	0.00	LOS_A	1	0.00	0.00	0			LOS_A	
1	18000-21600	79-333@86.1-205: Western Fwy@68.7	333	205	293	287	2	4	0	0.76	0.75	1.78	1.08		0.00	0.00	0.00	0.00		LOS_A	1	0.00	0.00	0			LOS_A	
1	18000-21600	79			1644	1574	10	42	18	0.73	0.73	1.03	0.83	0.65	0.00	0.00	0.00	0.00	0.00	LOS_A	1	0.00	0.00	0			LOS_A	
1	18000-21600	80-424: Western Fwy@14.2-184: Western Fwy@85.3	424	184	1351	1287	8	38	18	0.71	0.68	0.21	0.75	2.35	0.04	0.03	0.00	0.00	0.64	LOS_A	1	0.00	0.00	0			LOS_A	
1	18000-21600	80-424: Western Fwy@14.2-337@9.9	424	337	587	551	2	21	11	0.94	0.87	1.23	3.00	0.77	0.06	0.05	0.00	0.31	0.00	LOS_A	1	0.00	0.00	2	0.20	0.00	LOS_A	1
1	18000-21600	80			1938	1838	10	59	29	0.78	0.74	0.42	1.55	1.75	0.05	0.04	0.00	0.11	0.40	LOS_A	1	0.00	0.00	2	0.20	0.00	LOS_A	1
1	18000-21600	81-532: Western Hwy@54.1-334: Western Hwy@32.3	532	334	1401	1299	15	44	41	0.05	0.06	0.02	0.03	0.00	0.00	0.00	0.00	0.00	0.00	LOS_A	1	0.00	0.00	2	0.00	0.00	LOS_A	1
1	18000-21600	81-532: Western Hwy@54.1-481@40.2	532	481	17	17	0	0	0	4.48	4.48				0.00	0.00				LOS_A	1	0.00	0.00	0			LOS_A	
1	18000-21600	81			1418	1316	15	44	41	0.11	0.11	0.02	0.03	0.00	0.00	0.00	0.00	0.00	0.00	LOS_A	1	0.00	0.00	2	0.00	0.00	LOS_A	1
1	18000-21600	82-334: Western Hwy@655.0-72: Western Hwy@13.2	334	72	1401	1299	15	44	41	0.08	0.08	0.03	0.07	0.05	0.00	0.00	0.00	0.00	0.00	LOS_A	1	0.00	0.00	2	0.00	0.00	LOS_A	1
1	18000-21600	82-482@267.1-72: Western Hwy@13.2	482	72	20	20	0	0	0	0.02	0.02				0.00	0.00				LOS_A	1	0.00	0.00	0			LOS_A	
1	18000-21600	82			1421	1319	15	44	41	0.08	0.08	0.03	0.07	0.05	0.00	0.00	0.00	0.00	0.00	LOS_A	1	0.00	0.00	2	0.00	0.00	LOS_A	1
1	18000-21600	83-313: Western Hwy@40.0-103: Western Hwy@23.6	313	103	926	841	15	35	33	0.18	0.17	0.68	0.09	0.31	0.00	0.00	0.00	0.00	0.00	LOS_A	1	0.00	0.00	2	0.32	0.00	LOS_A	1
1	18000-21600	83-313: Western Hwy@40.0-174@14.4	313	174	495	478	0	9	8	4.09	4.00		6.42	6.80	0.00	0.00		0.00	0.00	LOS_A	1	0.00	0.00	0			LOS_A	
1	18000-21600	83			1421	1319	15	44	41	1.54	1.56	0.68	1.39	1.58	0.00	0.00	0.00	0.00	0.00	LOS_A	1	0.00	0.00	2	0.32	0.00	LOS_A	1
1	18000-21600	84-161@132.7-99: Western Hwy@9.8	161	99	479	455	2	11	11	0.14	0.15	0.03	0.06	0.06	0.00	0.00	0.00	0.00	0.00	LOS_A	1	0.00	0.00	0			LOS_A	
1	18000-21600	84-187: Western Hwy@837.8-99: Western Hwy@9.8	187	99	1458	1382	8	48	18	0.04	0.04	0.00	0.04	0.03	0.00	0.00	0.00	0.00	0.00	LOS_A	1	0.00	0.00	2	0.00	0.00	LOS_A	1
1	18000-21600	84			1937	1837	10	59	29	0.06	0.06	0.01	0.04	0.04	0.00	0.00	0.00	0.00	0.00	LOS_A	1	0.00	0.00	2	0.00	0.00	LOS_A	1
1	18000-21600	85-103: Western Hwy@963.6-90: Western Hwy@22.8	103	90	926	841	15	35	33	0.23	0.22	0.72	0.27	0.33	0.00	0.00	0.00	0.00	0.00	LOS_A	1	0.00	0.00	2	0.00	0.00	LOS_A	1
1	18000-21600	85-2380@33.8-90: Western Hwy@22.8	2380	90	472	448	0	14	10	0.91	0.86		2.52	0.62	0.01	0.01		0.00	0.00	LOS_A	1	0.00	0.00	0			LOS_A	
1	18000-21600	85			1398	1289	15	49	43	0.46	0.45	0.72	0.91	0.40	0.00	0.00	0.00	0.00	0.00	LOS_A	1	0.00	0.00	2	0.00	0.00	LOS_A	1
1	18000-21600	86-323: Western Hwy@19.6-159@11.7	323	159	963	944	0	12	7	1.11	1.11		1.50	0.40	0.00	0.00		0.00	0.00	LOS_A	1	0.00	0.00	0			LOS_A	
1	18000-21600	86-323: Western Hwy@19.6-187: Western Hwy@33.1	323	187	1458	1382	8	48	18	0.18	0.18	0.20	0.33	0.20	0.00	0.00	0.00	0.00	0.00	LOS_A	1	0.00	0.00	2	0.15	0.00	LOS_A	1
1	18000-21600	86			2421	2326	8	60	25	0.55	0.56	0.20	0.56	0.25	0.00	0.00	0.00	0.00	0.00	LOS_A	1	0.00	0.00	2	0.15	0.00	LOS_A	1
1	18000-21600	87-343: Western Hwy@756.7-154: Western Hwy@6.0	343	154	2266	2171	8	60	25	0.06	0.06	0.05	0.05	0.03	0.00	0.00	0.00	0.00	0.00	LOS_A	1	0.00	0.00	2	0.02	0.00	LOS_A	1
1	18000-21600	87-480@343.6-154: Western Hwy@6.0	480	154	152	152	0	0	0	0.01	0.01				0.00	0.00				LOS_A	1	0.00	0.00	0			LOS_A	
1	18000-21600	87			2418	2323	8	60	25	0.06	0.06	0.05	0.05	0.03	0.00	0.00	0.00	0.00	0.00	LOS_A	1	0.00	0.00	2	0.02	0.00	LOS_A	1
1	18000-21600	88-955: Western Fwy@13.7-343: Western Hwy@21.1	955	343	2266	2171	8	60	25	0.15	0.15	0.32	0.27	0.29	0.00	0.00	0.00	0.00	0.00	LOS_A	1	0.00	0.00	2	0.00	0.00	LOS_A	1
1	18000-21600	88-955: Western Fwy@13.7-479@7.3	955	479	0	0	0	0	0											LOS_A		0.00	0.00	0			LOS_A	
1	18000-21600	88			2266	2171	8	60	25	0.15	0.15	0.32	0.27	0.29	0.00	0.00	0.00	0.00	0.00	LOS_A	1	0.00	0.00	2	0.00	0.00	LOS_A	1
1	18000-21600	89-228: Western Fwy@25.7-108@38.1	228	108	200	181	0	10	7	3.79	3.48		6.52	6.92	0.00	0.00		0.00	0.00	LOS_A	1	0.00	0.00	2	6.72	0.00	LOS_A	1
1	18000-21600	89-228: Western Fwy@25.7-194: Western Fwy@23.1	228	194	1195	1105	15	39	36	0.17	0.17	0.07	0.21	0.17	0.00	0.00	0.00	0.00	0.00	LOS_A	1	0.00	0.00	0			LOS_A	
1	18000-21600	89			1395	1286	15	49	43	0.69	0.63	0.07	1.50	1.27	0.00	0.00	0.00	0.00	0.00	LOS_A	1	0.00	0.00	2	6.72	0.00	LOS_A	1
1	18000-21600	90-104@749.4-417: Western Fwy@10.9	104	417	298	286	0	5	5	0.08	0.08		0.03	0.04	0.00	0.00		0.00	0.00	LOS_A	1	0.00	0.00	2	0.03	0.00	LOS_A	1
1	18000-21600	90-196: Western Fwy@1280.5-417: Western Fwy@10.9	196	417	1968	1885	8	55	20	0.08	0.08	0.00	0.03	0.07	0.00	0.00	0.00	0.00	0.00	LOS_A	1	0.00	0.00	0			LOS_A	
1	18000-21600	90			2266	2171	8	60	25	0.08	0.08	0.00	0.03	0.06	0.00	0.00	0.00	0.00	0.00	LOS_A	1	0.00	0.00	2	0.03	0.00	LOS_A	1
1	18000-21600	91-260: Hopkins Rd@76.3-419@20.9	260	419	200	166	2	16	16	1.42	1.12	2.46	3.01	2.79	0.00	0.00	0.00	0.00	0.00	LOS_A	1	0.00	0.00	0			LOS_A	
1	18000-21600	91-260: Hopkins Rd@76.3-427: Hopkins Rd@13.9	260	427	797	756	0	15	13	0.18	0.17		0.61	0.15	0.00	0.00		0.00	0.00	LOS_A	1	0.00	0.00	13	0.11	0.00	LOS_A	1
1	18000-21600	91-426: Hopkins Rd@79.1-43: Hopkins Rd@14.4	426	43	547	512	0	8	12	0.36	0.36		0.40	0.10	0.00	0.00		0.00	0.00	LOS_A	1	0.00	0.00	15	0.52	0.00	LOS_A	1
1	18000-21600	91			1544	1434	2	39	41	0.41	0.35	2.46	1.55	1.17	0.00	0.00	0.00	0.00	0.00	LOS_A	1	0.00	0.00	28	0.33	0.00	LOS_A	1
1	18000-21600	92-43: Hopkins Rd@153.1-43: Hopkins Rd@182.8	43	43	547	512	0	8	12	0.18	0.18		0.30	0.13	0.00	0.00		0.00	0.00	LOS_A	1	0.00	0.00	15	0.24	0.00	LOS_A	1
1	18000-21600	92-194: Western Fwy@606.2-1907: Western Fwy@12.3	194	1907	1195	1105	15	39	36	0.20	0.20	0.28	0.20	0.14	0.00	0.00	0.00	0.00	0.00	LOS_A	1	0.00	0.00	0			LOS_A	
1	18000-21600	92-414: Hopkins Rd@174.6-414: Hopkins Rd@204.8	414	414	997	922	2	31	29	0.25	0.25	0.45	0.51	0.19	0.00	0.00	0.00	0.00	0.00	LOS_A	1	0.00	0.00	13	0.10	0.00	LOS_A	1
1	18000-21600	92-1906@89.9-1907: Western Fwy@12.3	1906	1907	334	297	2	18	17	3.47	3.21	7.53	5.46	5.38	0.02	0.02	0.00	0.07	0.00	LOS_A	1	0.00	0.00	0			LOS_A	
1	18000-21600	92			3073	2836	19	96	94	0.57	0.53	1.06	1.29	1.10	0.00	0.00	0.00	0.01	0.00	LOS_A	1	0.00	0.00	28	0.17	0.00	LOS_A	1
1	18000-21600	93-224: Western Fwy@24.6-149@43.1	224	149	835	797	0	25	13	0.43	0.45		0.12	0.09	0.05	0.05		0.00	0.00	LOS_A	1	0.00	0.00	0			LOS_A	
1	18000-21600	93-224: Western Fwy@24.6-196: Western Fwy@41.3	224	196	1968	1885	8	55	20	0.39	0.38	0.30	0.30	1.74	0.01	0.01	0.00	0.00	0.43	LOS_A	1	0.00	0.00	0			LOS_A	
1	18000-21600	93			2803	2682	8	80	33	0.40	0.40	0.30	0.24	1.09	0.02	0.02	0.00	0.00	0.26	LOS_A	1	0.00	0.00	0			LOS_A	
1	18000-21600	94-949: Western Fwy@23.0-136@6.0	949	136	377	353	0	13	11	0.04	0.04		0.04	0.08	0.00	0.00		0.00	0.00	LOS_A	1	0.00	0.00	0			LOS_A	
1	18000-21600	94-949: Western Fwy@23.0-389: Western Fwy  Deer Park Byp@4.2	949	389	1152	1049	17	44	42	0.06	0.06	0.16	0.10	0.07	0.00	0.00	0.00	0.00	0.00	LOS_A	1	0.00	0.00	0			LOS_A	
1	18000-21600	94			1529	1402	17	57	53	0.06	0.05	0.16	0.09	0.07	0.00	0.00	0.00	0.00	0.00	LOS_A	1	0.00	0.00	0			LOS_A	
1	18000-21600	95-952: Western Hwy@59.0-1039: Western Fwy@18.1	952	1039	801	779	0	15	7	3.87	3.83		5.16	4.83	0.01	0.01		0.00	0.00	LOS_A	1	0.00	0.00	0			LOS_A	
1	18000-21600	95-1038: Western Fwy  Deer Park Byp@184.1-1039: Western Fwy@18.1	1038	1039	2002	1903	8	65	26	7.74	7.79	1.85	6.89	7.87	0.00	0.00	0.00	0.00	0.00	LOS_A	1	0.01	18.56	0			LOS_A	
1	18000-21600	95			2803	2682	8	80	33	6.63	6.64	1.85	6.56	7.22	0.00	0.00	0.00	0.00	0.00	LOS_A	1	0.00	18.56	0			LOS_A	
1	18000-21600	96-1904@24.9-147: Western Fwy  Deer Park Byp@16.1	1904	147	431	411	0	12	8	3.41	3.46		0.90	4.36	0.08	0.08		0.00	0.14	LOS_A	1	0.00	0.00	0			LOS_A	
1	18000-21600	96-24821: Western Fwy  Deer Park Byp@1488.1-147: Western Fwy  Deer Park Byp@16.1	24821	147	1152	1049	17	44	42	0.05	0.04	0.07	0.05	0.07	0.00	0.00	0.00	0.00	0.00	LOS_A	1	0.00	0.00	0			LOS_A	
1	18000-21600	96			1583	1460	17	56	50	0.96	1.01	0.07	0.24	0.75	0.02	0.02	0.00	0.00	0.02	LOS_A	1	0.00	0.00	0			LOS_A	
1	18000-21600	97-240: Western Fwy  Deer Park Byp@38.0-126@16.7	240	126	315	290	0	17	8	3.10	2.88		5.28	6.47	0.00	0.00		0.00	0.00	LOS_A	1	0.00	0.00	0			LOS_A	
1	18000-21600	97-240: Western Fwy  Deer Park Byp@38.0-189: Western Fwy  Deer Park Byp@8.6	240	189	2002	1903	8	65	26	0.67	0.67	0.29	0.87	0.63	0.00	0.00	0.00	0.00	0.00	LOS_A	1	0.00	0.00	0			LOS_A	
1	18000-21600	97			2317	2193	8	82	34	1.00	0.96	0.29	1.79	2.00	0.00	0.00	0.00	0.00	0.00	LOS_A	1	0.00	0.00	0			LOS_A	
1	18000-21600	98-91: Ballarat Rd  Western Hwy@67.3-362: Ballarat Rd  Western Hwy@13.4	91	362	263	255	0	3	5	0.07	0.07		0.36	0.02	0.00	0.00		0.00	0.00	LOS_A	1	0.00	0.00	0			LOS_A	
1	18000-21600	98-92: Ballarat Rd  Western Hwy@8.7-362: Ballarat Rd  Western Hwy@13.4	92	362	0	0	0	0	0											LOS_A		0.00	0.00	0			LOS_A	
1	18000-21600	98			263	255	0	3	5	0.07	0.07		0.36	0.02	0.00	0.00		0.00	0.00	LOS_A	1	0.00	0.00	0			LOS_A	
1	18000-21600	99-209: Ballarat Rd  Western Hwy@46.4-1: Ballarat Rd  Western Hwy@6.6	209	1	263	255	0	3	5	0.07	0.07		0.18	0.02	0.00	0.00		0.00	0.00	LOS_A	1	0.00	0.00	0			LOS_A	
1	18000-21600	99-209: Ballarat Rd  Western Hwy@46.4-2: Ballarat Rd  Western Hwy@6.5	209	2	0	0	0	0	0											LOS_A		0.00	0.00	0			LOS_A	
1	18000-21600	99			263	255	0	3	5	0.07	0.07		0.18	0.02	0.00	0.00		0.00	0.00	LOS_A	1	0.00	0.00	0			LOS_A	
1	18000-21600	100-1141@18.3-1143@28.5	1141	1143	0	0	0	0	0											LOS_A		0.00	0.00	0			LOS_A	
1	18000-21600	100-1141@18.3-1147@16.5	1141	1147	165	162	0	1	2	1.59	1.58		4.76	0.63	0.03	0.03		0.00	0.00	LOS_A	1	0.00	0.00	0			LOS_A	
1	18000-21600	100-1141@18.3-1152@26.0	1141	1152	148	144	0	3	1	0.81	0.83		0.29	0.27	0.00	0.00		0.00	0.00	LOS_A	1	0.00	0.00	0			LOS_A	
1	18000-21600	100-1141@18.3-1158@25.0	1141	1158	322	321	0	0	1	1.05	1.05			0.19	0.01	0.01			0.00	LOS_A	1	0.00	0.00	0			LOS_A	
1	18000-21600	100-1146@382.0-1143@28.5	1146	1143	107	107	0	0	0	2.84	2.84				0.00	0.00				LOS_A	1	0.00	0.00	0			LOS_A	
1	18000-21600	100-1146@382.0-1147@16.5	1146	1147	0	0	0	0	0											LOS_A		0.00	0.00	0			LOS_A	
1	18000-21600	100-1146@382.0-1152@26.0	1146	1152	194	191	0	2	1	1.19	1.19		1.37	0.37	0.00	0.00		0.00	0.00	LOS_A	1	0.00	0.00	0			LOS_A	
1	18000-21600	100-1146@382.0-1158@25.0	1146	1158	87	81	0	3	3	1.74	1.79		1.05	0.87	0.02	0.02		0.00	0.00	LOS_A	1	0.00	0.00	0			LOS_A	
1	18000-21600	100-1159@120.5-1143@28.5	1159	1143	258	256	0	2	0	2.41	2.36		7.95		0.02	0.02		0.00		LOS_A	1	0.00	5.55	0			LOS_A	
1	18000-21600	100-1159@120.5-1147@16.5	1159	1147	8	8	0	0	0	1.79	1.79				0.00	0.00				LOS_A	1	0.00	5.55	0			LOS_A	
1	18000-21600	100-1159@120.5-1152@26.0	1159	1152	110	108	0	2	0	2.24	2.24		2.36		0.03	0.03		0.00		LOS_A	1	0.00	5.55	0			LOS_A	
1	18000-21600	100-1159@120.5-1158@25.0	1159	1158	0	0	0	0	0											LOS_A		0.00	5.55	0			LOS_A	
1	18000-21600	100-1234@184.1-1143@28.5	1234	1143	211	204	0	4	3	2.34	2.29		1.80	6.86	0.04	0.04		0.00	0.00	LOS_A	1	0.00	0.00	0			LOS_A	
1	18000-21600	100-1234@184.1-1147@16.5	1234	1147	138	134	0	3	1	1.24	1.26		0.66	0.32	0.04	0.04		0.00	0.00	LOS_A	1	0.00	0.00	0			LOS_A	
1	18000-21600	100-1234@184.1-1152@26.0	1234	1152	0	0	0	0	0											LOS_A		0.00	0.00	0			LOS_A	
1	18000-21600	100-1234@184.1-1158@25.0	1234	1158	86	84	1	0	1	1.37	1.30	0.40		8.10	0.03	0.03	0.00		0.00	LOS_A	1	0.00	0.00	0			LOS_A	
1	18000-21600	100			1834	1800	1	20	13	1.67	1.66	0.40	2.07	2.59	0.02	0.02	0.00	0.00	0.00	LOS_A	1	0.00	5.55	0			LOS_A	
1	18000-21600	101-1144@12.5-1140@37.3	1144	1140	0	0	0	0	0											LOS_A		0.00	0.00	0			LOS_A	
1	18000-21600	101-1144@12.5-1168@28.2	1144	1168	21	21	0	0	0	1.07	1.07				0.30	0.30				LOS_A	1	0.00	0.00	0			LOS_A	
1	18000-21600	101-1144@12.5-1170@29.6	1144	1170	267	267	0	0	0	0.44	0.44				0.00	0.00				LOS_A	1	0.00	0.00	0			LOS_A	
1	18000-21600	101-1144@12.5-1171@32.9	1144	1171	288	279	0	6	3	1.68	1.70		1.27	0.72	0.00	0.00		0.00	0.00	LOS_A	1	0.00	0.00	0			LOS_A	
1	18000-21600	101-1167@141.4-1140@37.3	1167	1140	27	26	0	0	1	1.44	1.48			0.35	0.00	0.00			0.00	LOS_A	1	0.00	0.00	0			LOS_A	
1	18000-21600	101-1167@141.4-1168@28.2	1167	1168	0	0	0	0	0											LOS_A		0.00	0.00	0			LOS_A	
1	18000-21600	101-1167@141.4-1170@29.6	1167	1170	17	17	0	0	0	0.70	0.70				0.00	0.00				LOS_A	1	0.00	0.00	0			LOS_A	
1	18000-21600	101-1167@141.4-1171@32.9	1167	1171	30	30	0	0	0	0.20	0.20				0.00	0.00				LOS_A	1	0.00	0.00	0			LOS_A	
1	18000-21600	101-1169@143.9-1140@37.3	1169	1140	158	154	0	1	3	1.78	1.80		3.10	0.34	0.02	0.02		0.00	0.00	LOS_A	1	0.00	0.00	0			LOS_A	
1	18000-21600	101-1169@143.9-1168@28.2	1169	1168	14	14	0	0	0	0.16	0.16				0.00	0.00				LOS_A	1	0.00	0.00	0			LOS_A	
1	18000-21600	101-1169@143.9-1170@29.6	1169	1170	0	0	0	0	0											LOS_A		0.00	0.00	0			LOS_A	
1	18000-21600	101-1169@143.9-1171@32.9	1169	1171	15	15	0	0	0	2.31	2.31				0.09	0.09				LOS_A	1	0.00	0.00	0			LOS_A	
1	18000-21600	101-1172@137.6-1140@37.3	1172	1140	450	447	0	3	0	3.20	3.21		1.67		0.19	0.19		0.00		LOS_A	1	0.13	29.72	0			LOS_A	
1	18000-21600	101-1172@137.6-1168@28.2	1172	1168	62	62	0	0	0	0.84	0.84				0.00	0.00				LOS_A	1	0.13	29.72	0			LOS_A	
1	18000-21600	101-1172@137.6-1170@29.6	1172	1170	40	40	0	0	0	3.34	3.34				0.00	0.00				LOS_A	1	0.13	29.72	0			LOS_A	
1	18000-21600	101-1172@137.6-1171@32.9	1172	1171	0	0	0	0	0											LOS_A		0.13	29.72	0			LOS_A	
1	18000-21600	101			1389	1372	0	10	7	1.89	1.90		1.57	0.50	0.07	0.07		0.00	0.00	LOS_A	1	0.03	29.72	0			LOS_A	
1	18000-21600	102-1150@427.0-1155@20.3	1150	1155	63	62	0	1	0	0.32	0.33		0.20		0.00	0.00		0.00		LOS_A	1	0.00	0.00	0			LOS_A	
1	18000-21600	102-1150@427.0-1156@9.2	1150	1156	216	214	0	2	0	0.93	0.94		0.00		0.00	0.00		0.00		LOS_A	1	0.00	0.00	0			LOS_A	
1	18000-21600	102-1154@88.9-1153@11.3	1154	1153	225	220	0	3	2	0.59	0.60		0.00	0.00	0.00	0.00		0.00	0.00	LOS_A	1	0.00	0.00	0			LOS_A	
1	18000-21600	102-1154@88.9-1155@20.3	1154	1155	137	133	0	4	0	1.44	1.40		2.86		0.00	0.00		0.00		LOS_A	1	0.00	0.00	0			LOS_A	
1	18000-21600	102-1157@97.7-1153@11.3	1157	1153	28	28	0	0	0	0.13	0.13				0.00	0.00				LOS_A	1	0.00	0.00	0			LOS_A	
1	18000-21600	102-1157@97.7-1156@9.2	1157	1156	122	114	1	4	3	0.22	0.22	0.25	0.18	0.46	0.00	0.00	0.00	0.00	0.00	LOS_A	1	0.00	0.00	0			LOS_A	
1	18000-21600	102			791	771	1	14	5	0.74	0.74	0.25	0.88	0.27	0.00	0.00	0.00	0.00	0.00	LOS_A	1	0.00	0.00	0			LOS_A	
1	18000-21600	103			0	0	0	0	0											LOS_A				0			LOS_A	
1	18000-21600	104			0	0	0	0	0											LOS_A				0			LOS_A	
1	18000-21600	105			0	0	0	0	0											LOS_A				0			LOS_A	
1	18000-21600	106			0	0	0	0	0											LOS_A				0			LOS_A	
1	18000-21600	107			0	0	0	0	0											LOS_A				0			LOS_A	
1	18000-21600	108			0	0	0	0	0											LOS_A				0			LOS_A	
1	18000-21600	109			0	0	0	0	0											LOS_A				0			LOS_A	
1	18000-21600	113			0	0	0	0	0											LOS_A				0			LOS_A	
1	18000-21600	114-1081@150.5-1125@21.0	1081	1125	406	364	0	5	6	3.11	2.00		4.09	2.14	0.01	0.01		0.00	0.00	LOS_A	1	0.00	0.00	31	16.27	0.01	LOS_C	3
1	18000-21600	114-1081@150.5-1128@12.2	1081	1128	154	144	0	5	5	2.56	2.39		6.11	3.77	0.06	0.03		0.92	0.00	LOS_A	1	0.00	0.00	0			LOS_A	
1	18000-21600	114-1129@3.3-1130@26.0	1129	1130	344	334	0	10	0	3.03	2.98		4.73		0.00	0.00		0.00		LOS_A	1	0.00	0.00	0			LOS_A	
1	18000-21600	114-1132@5.3-1125@21.0	1132	1125	260	259	1	0	0	0.27	0.27	0.52			0.00	0.00	0.00			LOS_A	1	0.00	0.00	0			LOS_A	
1	18000-21600	114-1240: Western Fwy@6.0-1128@12.2	1240	1128	151	148	0	2	1	0.45	0.44		0.45	0.58	0.00	0.00		0.00	0.00	LOS_A	1	0.00	0.00	0			LOS_A	
1	18000-21600	114-1240: Western Fwy@6.0-1130@26.0	1240	1130	336	297	0	3	5	0.40	0.35		0.70	0.25	0.00	0.00		0.00	0.00	LOS_A	1	0.00	0.00	31	0.83	0.00	LOS_A	1
1	18000-21600	114			1651	1546	1	25	17	1.80	1.49	0.52	4.05	1.97	0.01	0.00	0.00	0.18	0.00	LOS_A	1	0.00	0.00	62	8.55	0.00	LOS_A	1
1	18000-21600	115-1092: Western Fwy@41.4-1091@18.2	1092	1091	316	300	0	8	8	2.37	2.24		4.52	4.99	0.00	0.00		0.00	0.00	LOS_A	1	0.00	9.68	0			LOS_A	
1	18000-21600	115-1092: Western Fwy@41.4-1093: Western Fwy@20.0	1092	1093	654	597	11	24	22	0.39	0.38	0.28	0.45	0.87	0.00	0.00	0.00	0.00	0.00	LOS_A	1	0.00	9.68	0			LOS_A	
1	18000-21600	115			970	897	11	32	30	1.04	1.00	0.28	1.47	1.97	0.00	0.00	0.00	0.00	0.00	LOS_A	1	0.00	9.68	0			LOS_A	
1	18000-21600	116-1134: Western Fwy@853.1-1137: Western Fwy@29.6	1134	1137	1043	984	9	32	18	0.05	0.05	0.08	0.05	0.11	0.00	0.00	0.00	0.00	0.00	LOS_A	1	0.00	0.00	0			LOS_A	
1	18000-21600	116-1139@39.2-1137: Western Fwy@29.6	1139	1137	305	292	0	7	6	0.24	0.22		0.94	0.60	0.00	0.00		0.00	0.00	LOS_A	1	0.00	0.00	0			LOS_A	
1	18000-21600	116			1348	1276	9	39	24	0.09	0.09	0.08	0.21	0.23	0.00	0.00	0.00	0.00	0.00	LOS_A	1	0.00	0.00	0			LOS_A	
1	18000-21600	117-1093: Western Fwy@887.1-1118: Western Fwy@20.0	1093	1118	654	597	11	24	22	0.04	0.04	0.13	0.06	0.08	0.00	0.00	0.00	0.00	0.00	LOS_A	1	0.00	0.00	0			LOS_A	
1	18000-21600	117-1117@115.1-1118: Western Fwy@20.0	1117	1118	555	536	4	9	6	0.18	0.18	0.24	0.44	0.28	0.00	0.00	0.00	0.00	0.00	LOS_A	1	0.00	0.00	0			LOS_A	
1	18000-21600	117			1209	1133	15	33	28	0.11	0.10	0.16	0.16	0.12	0.00	0.00	0.00	0.00	0.00	LOS_A	1	0.00	0.00	0			LOS_A	
1	18000-21600	118-1135: Western Fwy@35.7-1134: Western Fwy@6.5	1135	1134	1042	983	9	32	18	0.69	0.66	0.63	1.08	1.69	0.00	0.00	0.00	0.00	0.00	LOS_A	1	0.00	0.00	0			LOS_A	
1	18000-21600	118-1135: Western Fwy@35.7-1136: Western Fwy@4.3	1135	1136	604	593	1	10	0	3.28	3.25	6.07	5.23		0.00	0.00	0.00	0.00		LOS_A	1	0.00	0.00	0			LOS_A	
1	18000-21600	118			1646	1576	10	42	18	1.64	1.63	1.17	2.07	1.69	0.00	0.00	0.00	0.00	0.00	LOS_A	1	0.00	0.00	0			LOS_A	
1	18000-21600	119-1090@228.7-1098@20.0	1090	1098	114	107	0	3	4	0.43	0.39		0.72	1.33	0.00	0.00		0.00	0.00	LOS_A	1	0.00	0.00	0			LOS_A	
1	18000-21600	119-1090@228.7-1100@8.0	1090	1100	202	193	0	5	4	0.85	0.76		2.09	3.83	0.00	0.00		0.00	0.00	LOS_A	1	0.00	0.00	0			LOS_A	
1	18000-21600	119-1114@10.9-1098@20.0	1114	1098	373	338	0	2	2	0.46	0.50		0.23	0.00	0.00	0.00		0.00	0.00	LOS_A	1	0.00	0.00	31	0.14	0.00	LOS_A	1
1	18000-21600	119-1114@10.9-1116@15.9	1114	1116	319	310	4	5	0	0.78	0.75	1.68	1.35		0.00	0.00	0.00	0.00		LOS_A	1	0.19	45.49	0			LOS_A	
1	18000-21600	119-1237@6.9-1100@8.0	1237	1100	430	397	1	1	0	1.26	1.29	0.14	1.10		0.03	0.03	0.00	0.00		LOS_A	1	0.00	0.00	31	0.93	0.00	LOS_A	1
1	18000-21600	119-1237@6.9-1116@15.9	1237	1116	236	226	0	4	6	2.10	2.02		3.84	3.70	0.00	0.00		0.00	0.00	LOS_A	1	0.00	0.00	0			LOS_A	
1	18000-21600	119			1674	1571	5	20	16	1.00	0.99	1.37	1.81	2.68	0.01	0.01	0.00	0.00	0.00	LOS_A	1	0.04	45.49	62	0.53	0.00	LOS_A	1
1	18000-21600	120-1100@12.7-1099@27.3	1100	1099	465	425	1	5	3	0.72	0.49	0.06	0.65	0.59	0.00	0.00	0.00	0.00	0.00	LOS_A	1	0.00	0.00	31	3.96	0.00	LOS_A	1
1	18000-21600	120-1100@12.7-1103@19.5	1100	1103	113	113	0	0	0	0.53	0.53				0.10	0.10				LOS_A	1	0.11	15.23	0			LOS_A	
1	18000-21600	120-1100@12.7-1107@21.1	1100	1107	54	52	0	1	1	0.08	0.07		0.26	0.23	0.00	0.00		0.00	0.00	LOS_A	1	0.00	0.00	0			LOS_A	
1	18000-21600	120-1106@32.8-1099@27.3	1106	1099	0	0	0	0	0											LOS_A		0.03	12.93	0			LOS_A	
1	18000-21600	120-1106@32.8-1103@19.5	1106	1103	0	0	0	0	0											LOS_A		0.03	12.93	0			LOS_A	
1	18000-21600	120-1106@32.8-1112@5.6	1106	1112	363	356	4	3	0	0.86	0.85	1.64	1.07		0.03	0.03	0.00	0.00		LOS_A	1	0.03	12.93	0			LOS_A	
1	18000-21600	120-1184@12.8-1184@46.5	1184	1184	0	0	0	0	0											LOS_A		0.00	0.00	0			LOS_A	
1	18000-21600	120-1186@9.2-1186@61.3	1186	1186	2	0	0	0	0	0.00					0.00					LOS_A	1	0.05	14.87	0			LOS_A	
1	18000-21600	120-1189@5.6-1189@50.7	1189	1189	0	0	0	0	0											LOS_A		0.00	0.00	0			LOS_A	
1	18000-21600	120-1190@11.3-1190@56.8	1190	1190	6	0	0	0	0	0.00					0.00					LOS_A	1	0.14	15.44	0			LOS_A	
1	18000-21600	120-1191@12.4-1191@46.2	1191	1191	1	1	0	0	0	0.00	0.00				0.00	0.00				LOS_A	1	0.00	0.00	0			LOS_A	
1	18000-21600	120-1192@6.0-1192@58.2	1192	1192	6	0	0	0	0	0.00					0.00					LOS_A	1	0.27	20.33	0			LOS_A	
1	18000-21600	120-1193@13.6-1193@42.6	1193	1193	3	0	0	0	0	0.00					0.00					LOS_A	1	0.07	15.64	0			LOS_A	
1	18000-21600	120-1194@0.7-1194@34.7	1194	1194	3	0	0	0	0	0.00					0.00					LOS_A	1	0.06	13.48	0			LOS_A	
1	18000-21600	120-1236@14.1-1103@19.5	1236	1103	0	0	0	0	0											LOS_A		0.00	0.00	0			LOS_A	
1	18000-21600	120-1236@14.1-1107@21.1	1236	1107	6	5	0	1	0	0.41	0.31		0.90		0.00	0.00		0.00		LOS_A	1	0.00	0.00	0			LOS_A	
1	18000-21600	120-1236@14.1-1112@5.6	1236	1112	329	292	0	4	2	0.97	1.06		1.81	0.00	0.01	0.01		0.00	0.00	LOS_A	1	0.00	0.00	31	0.14	0.00	LOS_A	1
1	18000-21600	120-1239@4.2-1099@27.3	1239	1099	3	3	0	0	0	0.31	0.31				0.00	0.00				LOS_A	1	0.00	0.00	0			LOS_A	
1	18000-21600	120-1239@4.2-1107@21.1	1239	1107	0	0	0	0	0											LOS_A		0.00	0.00	0			LOS_A	
1	18000-21600	120-1239@4.2-11576@36.8	1239	11576	0	0	0	0	0											LOS_A		0.00	0.00	0			LOS_A	
1	18000-21600	120			1354	1247	5	14	6	0.76	0.71	1.32	1.06	0.33	0.02	0.02	0.00	0.00	0.00	LOS_A	1	0.06	20.33	62	2.05	0.00	LOS_A	1
1	18000-21600	121			0	0	0	0	0											LOS_A				0			LOS_A	
1	18000-21600	122			0	0	0	0	0											LOS_A				0			LOS_A	
1	18000-21600	123			0	0	0	0	0											LOS_A				0			LOS_A	
1	18000-21600	124-1123@88.6-1122@4.7	1123	1122	5	5	0	0	0	0.03	0.03				0.00	0.00				LOS_A	1	0.00	0.00	0			LOS_A	
1	18000-21600	124-1130@109.7-1122@4.7	1130	1122	657	608	0	13	5	1.34	0.67		0.27	1.01	0.00	0.00		0.00	0.00	LOS_A	1	4.97	36.74	31	14.95	0.03	LOS_B	2
1	18000-21600	124-1130@109.7-1180@8.5	1130	1180	23	23	0	0	0	1.10	1.10				0.00	0.00				LOS_A	1	4.97	36.74	0			LOS_A	
1	18000-21600	124			685	636	0	13	5	1.32	0.68		0.27	1.01	0.00	0.00		0.00	0.00	LOS_A	1	2.48	36.74	31	14.95	0.03	LOS_B	2
1	18000-21600	125			0	0	0	0	0											LOS_A				0			LOS_A	
1	18000-21600	244-1156@962.0-1223@12.7	1156	1223	0	0	0	0	0											LOS_A		0.00	0.00	0			LOS_A	
1	18000-21600	244-1156@962.0-1224@15.7	1156	1224	338	328	1	6	3	0.07	0.08	0.04	0.07	0.00	0.00	0.00	0.00	0.00	0.00	LOS_A	1	0.00	0.00	0			LOS_A	
1	18000-21600	244-1221@50.0-1224@15.7	1221	1224	0	0	0	0	0											LOS_A		0.00	0.00	0			LOS_A	
1	18000-21600	244-1221@50.0-1225@11.6	1221	1225	0	0	0	0	0											LOS_A		0.00	0.00	0			LOS_A	
1	18000-21600	244-1227@99.3-1223@12.7	1227	1223	0	0	0	0	0											LOS_A		0.00	0.00	0			LOS_A	
1	18000-21600	244-1227@99.3-1225@11.6	1227	1225	362	353	0	7	2	0.44	0.44		0.52	0.01	0.00	0.00		0.00	0.00	LOS_A	1	0.00	0.00	0			LOS_A	
1	18000-21600	244			700	681	1	13	5	0.26	0.26	0.04	0.31	0.01	0.00	0.00	0.00	0.00	0.00	LOS_A	1	0.00	0.00	0			LOS_A	
1	18000-21600	245			0	0	0	0	0											LOS_A				0			LOS_A	
1	18000-21600	246-1224@100.1-1229@17.2	1224	1229	31	31	0	0	0	0.19	0.19				0.00	0.00				LOS_A	1	0.00	0.00	0			LOS_A	
1	18000-21600	246-1224@100.1-1230@17.9	1224	1230	307	297	1	6	3	0.51	0.51	0.77	0.73	0.00	0.00	0.00	0.00	0.00	0.00	LOS_A	1	0.00	0.00	0			LOS_A	
1	18000-21600	246-1228@93.7-1227@14.9	1228	1227	23	23	0	0	0	0.16	0.16				0.00	0.00				LOS_A	1	0.00	0.00	0			LOS_A	
1	18000-21600	246-1228@93.7-1230@17.9	1228	1230	109	106	0	1	2	0.25	0.25		0.39	0.17	0.00	0.00		0.00	0.00	LOS_A	1	0.00	0.00	0			LOS_A	
1	18000-21600	246-1235@217.9-1227@14.9	1235	1227	339	330	0	7	2	0.66	0.66		0.86	0.02	0.00	0.00		0.00	0.00	LOS_A	1	0.00	0.00	0			LOS_A	
1	18000-21600	246-1235@217.9-1229@17.2	1235	1229	84	84	0	0	0	0.26	0.26				0.00	0.00				LOS_A	1	0.00	0.00	0			LOS_A	
1	18000-21600	246			893	871	1	14	7	0.49	0.49	0.77	0.77	0.06	0.00	0.00	0.00	0.00	0.00	LOS_A	1	0.00	0.00	0			LOS_A	
1	18000-21600	247			0	0	0	0	0											LOS_A				0			LOS_A	
1	18000-21600	248-1152@193.7-1233@16.5	1152	1233	32	32	0	0	0	0.15	0.15				0.00	0.00				LOS_A	1	0.00	0.00	0			LOS_A	
1	18000-21600	248-1152@193.7-1235@13.8	1152	1235	420	411	0	7	2	0.54	0.54		0.49	0.07	0.00	0.00		0.00	0.00	LOS_A	1	0.00	0.00	0			LOS_A	
1	18000-21600	248-1230@222.2-1233@16.5	1230	1233	8	8	0	0	0	0.29	0.29				0.00	0.00				LOS_A	1	0.00	0.00	0			LOS_A	
1	18000-21600	248-1230@222.2-1234@16.0	1230	1234	408	395	1	7	5	0.53	0.52	1.16	1.45	0.19	0.00	0.00	0.00	0.00	0.00	LOS_A	1	0.00	0.00	0			LOS_A	
1	18000-21600	248-1232@78.7-1234@16.0	1232	1234	27	27	0	0	0	0.09	0.09				0.00	0.00				LOS_A	1	0.00	0.00	0			LOS_A	
1	18000-21600	248-1232@78.7-1235@13.8	1232	1235	3	3	0	0	0	0.24	0.24				0.00	0.00				LOS_A	1	0.00	0.00	0			LOS_A	
1	18000-21600	248			898	876	1	14	7	0.50	0.50	1.16	0.97	0.16	0.00	0.00	0.00	0.00	0.00	LOS_A	1	0.00	0.00	0			LOS_A	
1	18000-21600	249			0	0	0	0	0											LOS_A				0			LOS_A	
1	18000-21600	301-2254@5.6-2212@13.2	2254	2212	6	0	0	2	4	0.06			0.01	0.09	0.00			0.00	0.00	LOS_A	1	0.00	0.00	0			LOS_A	
1	18000-21600	301-2254@5.6-2213: Zone connector@52.1	2254	2213	32	26	2	2	2	1.51	1.20	3.51	2.15	2.86	0.00	0.00	0.00	0.00	0.00	LOS_A	1	0.00	0.00	0			LOS_A	
1	18000-21600	301-2254@5.6-2214: Ferris Rd@54.4	2254	2214	0	0	0	0	0											LOS_A		0.00	0.00	0			LOS_A	
1	18000-21600	301-2256: Zone connector@12.4-2210@21.6	2256	2210	0	0	0	0	0											LOS_A		0.00	0.00	0			LOS_A	
1	18000-21600	301-2256: Zone connector@12.4-2212@13.2	2256	2212	0	0	0	0	0											LOS_A		0.00	0.00	0			LOS_A	
1	18000-21600	301-2256: Zone connector@12.4-2213: Zone connector@52.1	2256	2213	530	512	0	10	6	0.27	0.27		0.16	0.42	0.00	0.00		0.00	0.00	LOS_A	1	0.00	0.00	2	0.06	0.00	LOS_A	1
1	18000-21600	301-2257@8.4-2210@21.6	2257	2210	0	0	0	0	0											LOS_A		0.00	0.00	0			LOS_A	
1	18000-21600	301-2257@8.4-2213: Zone connector@52.1	2257	2213	166	162	0	2	2	0.20	0.20		0.14	0.23	0.00	0.00		0.00	0.00	LOS_A	1	0.00	0.00	0			LOS_A	
1	18000-21600	301-2257@8.4-2214: Ferris Rd@54.4	2257	2214	0	0	0	0	0											LOS_A		0.00	0.00	0			LOS_A	
1	18000-21600	301-2258: Ferris Rd@4.3-2210@21.6	2258	2210	20	17	0	3	0	2.69	2.37		4.49		0.02	0.03		0.00		LOS_A	1	0.00	0.00	0			LOS_A	
1	18000-21600	301-2258: Ferris Rd@4.3-2212@13.2	2258	2212	258	239	0	13	6	3.80	3.67		5.33	5.59	0.12	0.13		0.00	0.00	LOS_A	1	0.00	0.00	0			LOS_A	
1	18000-21600	301-2258: Ferris Rd@4.3-2214: Ferris Rd@54.4	2258	2214	475	459	0	10	4	0.93	0.94		0.76	0.71	0.01	0.01		0.00	0.00	LOS_A	1	0.00	0.00	2	0.13	0.00	LOS_A	1
1	18000-21600	301			1487	1415	2	42	24	1.14	1.10	3.51	2.30	1.89	0.03	0.03	0.00	0.00	0.00	LOS_A	1	0.00	0.00	4	0.10	0.00	LOS_A	1
1	18000-21600	311-435: Leakes Rd@40.0-2350@32.4	435	2350	460	452	0	6	2	0.29	0.28		0.81	0.85	0.00	0.00		0.00	0.00	LOS_A	1	0.00	0.00	0			LOS_A	
1	18000-21600	311-435: Leakes Rd@40.0-2353@40.0	435	2353	776	749	0	13	14	0.25	0.24		0.20	0.58	0.00	0.00		0.00	0.00	LOS_A	1	0.00	0.00	0			LOS_A	
1	18000-21600	311-435: Leakes Rd@40.0-2356@40.3	435	2356	129	112	0	0	0	0.10	0.09				0.00	0.00				LOS_A	1	0.02	32.31	17	0.18	0.00	LOS_A	1
1	18000-21600	311-2347@136.8-2344: Leakes Rd@21.5	2347	2344	353	344	0	2	7	2.09	2.07		0.65	3.52	0.00	0.00		0.00	0.00	LOS_A	1	0.00	0.00	0			LOS_A	
1	18000-21600	311-2347@136.8-2353@40.0	2347	2353	2	2	0	0	0	1.33	1.33				0.00	0.00				LOS_A	1	0.00	0.00	0			LOS_A	
1	18000-21600	311-2347@136.8-2356@40.3	2347	2356	37	22	0	0	0	0.41	0.50				0.00	0.00				LOS_A	1	0.00	0.00	15	0.27	0.00	LOS_A	1
1	18000-21600	311-2354@38.7-2344: Leakes Rd@21.5	2354	2344	204	179	0	4	4	1.13	1.16		2.12	1.00	0.00	0.00		0.00	0.00	LOS_A	1	0.00	0.00	17	0.53	0.00	LOS_A	1
1	18000-21600	311-2354@38.7-2350@32.4	2354	2350	37	22	0	0	0	0.43	0.44				0.00	0.00				LOS_A	1	0.00	0.00	15	0.41	0.00	LOS_A	1
1	18000-21600	311-2354@38.7-2353@40.0	2354	2353	15	15	0	0	0	0.71	0.71				0.00	0.00				LOS_A	1	0.00	0.00	0			LOS_A	
1	18000-21600	311-2360@81.7-2344: Leakes Rd@21.5	2360	2344	653	622	2	15	14	1.40	1.32	4.88	2.90	2.91	0.00	0.00	0.00	0.00	0.00	LOS_A	1	0.00	0.00	0			LOS_A	
1	18000-21600	311-2360@81.7-2350@32.4	2360	2350	12	12	0	0	0	0.26	0.26				0.00	0.00				LOS_A	1	0.00	0.00	0			LOS_A	
1	18000-21600	311-2360@81.7-2356@40.3	2360	2356	8	8	0	0	0	2.89	2.89				0.00	0.00				LOS_A	1	0.00	0.00	0			LOS_A	
1	18000-21600	311			2686	2539	2	40	41	0.85	0.84	4.88	1.52	1.93	0.00	0.00	0.00	0.00	0.00	LOS_A	1	0.00	32.31	64	0.35	0.00	LOS_A	1
1	18000-21600	312-2419@3.3-24810@22.1	2419	24810	202	184	1	15	2	0.30	0.30	0.44	0.22	0.32	0.00	0.00	0.00	0.00	0.00	LOS_A	1	0.00	0.00	0			LOS_A	
1	18000-21600	312-2420@4.1-2422@13.2	2420	2422	163	153	0	9	1	0.14	0.14		0.17	0.27	0.00	0.00		0.00	0.00	LOS_A	1	0.00	0.00	0			LOS_A	
1	18000-21600	312-2475@44.5-2391@3.4	2475	2391	218	191	8	10	9	0.39	0.35	1.09	0.49	0.60	0.00	0.00	0.00	0.00	0.00	LOS_A	1	0.00	0.00	0			LOS_A	
1	18000-21600	312-2475@44.5-2422@13.2	2475	2422	48	47	0	1	0	4.83	4.76		7.93		0.00	0.00		0.00		LOS_A	1	0.00	0.00	0			LOS_A	
1	18000-21600	312-2527@16.1-2391@3.4	2527	2391	257	241	4	9	3	1.03	1.00	2.19	1.22	1.52	0.00	0.00	0.00	0.00	0.00	LOS_A	1	0.00	0.00	0			LOS_A	
1	18000-21600	312-2527@16.1-24810@22.1	2527	24810	80	78	0	2	0	1.49	1.48		1.67		0.00	0.00		0.00		LOS_A	1	0.00	0.00	0			LOS_A	
1	18000-21600	312			968	894	13	46	15	0.81	0.81	1.38	0.69	0.73	0.00	0.00	0.00	0.00	0.00	LOS_A	1	0.00	0.00	0			LOS_A	
1	18000-21600	313-2394@59.8-2414@34.7	2394	2414	409	388	0	16	5	1.45	1.38		2.58	2.92	0.00	0.00		0.00	0.00	LOS_A	1	0.00	0.00	0			LOS_A	
1	18000-21600	313-2394@59.8-2418@36.3	2394	2418	104	100	0	3	1	0.67	0.66		0.93	0.60	0.00	0.00		0.00	0.00	LOS_A	1	0.00	0.00	0			LOS_A	
1	18000-21600	313-2401@29.1-2389@16.1	2401	2389	518	496	0	17	5	3.78	3.75		4.49	4.55	0.02	0.02		0.00	0.00	LOS_A	1	0.23	60.79	0			LOS_A	
1	18000-21600	313-2401@29.1-2418@36.3	2401	2418	261	237	1	21	2	0.19	0.19	0.17	0.21	0.08	0.00	0.00	0.00	0.00	0.00	LOS_A	1	0.00	0.00	0			LOS_A	
1	18000-21600	313-2416@14.9-2389@16.1	2416	2389	171	155	4	9	3	1.26	1.22	2.16	1.16	2.28	0.02	0.02	0.00	0.00	0.00	LOS_A	1	0.00	0.00	0			LOS_A	
1	18000-21600	313-2416@14.9-2414@34.7	2416	2414	304	277	8	10	9	0.92	0.99	0.36	0.15	0.31	0.00	0.00	0.00	0.00	0.00	LOS_A	1	0.00	0.00	0			LOS_A	
1	18000-21600	313			1767	1653	13	76	25	1.79	1.80	0.90	1.80	1.91	0.01	0.01	0.00	0.00	0.00	LOS_A	1	0.05	60.79	0			LOS_A	
1	18000-21600	314-2403@220.3-2402@17.0	2403	2402	53	53	0	0	0	1.17	1.17				0.00	0.00				LOS_A	1	0.00	0.00	0			LOS_A	
1	18000-21600	314-2403@220.3-2424@24.2	2403	2424	2	2	0	0	0	4.25	4.25				0.00	0.00				LOS_A	1	0.00	0.00	0			LOS_A	
1	18000-21600	314-2409@18.3-2410@13.9	2409	2410	77	77	0	0	0	0.38	0.38				0.00	0.00				LOS_A	1	0.00	0.00	0			LOS_A	
1	18000-21600	314-2409@18.3-2424@24.2	2409	2424	636	588	8	26	14	0.51	0.42	2.17	1.35	1.70	0.00	0.00	0.00	0.00	0.00	LOS_A	1	0.00	0.00	0			LOS_A	
1	18000-21600	314-2413@40.6-2402@17.0	2413	2402	726	680	1	38	7	2.13	2.15	0.33	1.69	3.63	0.01	0.01	0.00	0.00	0.00	LOS_A	1	0.00	0.00	0			LOS_A	
1	18000-21600	314-2413@40.6-2410@13.9	2413	2410	20	20	0	0	0	0.23	0.23				0.00	0.00				LOS_A	1	0.00	0.00	0			LOS_A	
1	18000-21600	314-2517@5.7-2517@54.4	2517	2517	0	0	0	0	0											LOS_A		0.00	0.00	0			LOS_A	
1	18000-21600	314			1514	1420	9	64	21	1.31	1.28	1.96	1.55	2.34	0.00	0.00	0.00	0.00	0.00	LOS_A	1	0.00	0.00	0			LOS_A	
1	18000-21600	315-2424@32.6-2426@30.8	2424	2426	589	555	5	19	10	0.04	0.04	0.00	0.00	0.14	0.00	0.00	0.00	0.00	0.00	LOS_A	1	0.00	0.00	0			LOS_A	
1	18000-21600	315-2424@32.6-2434@37.0	2424	2434	12	12	0	0	0	0.03	0.03				0.00	0.00				LOS_A	1	0.00	0.00	0			LOS_A	
1	18000-21600	315-2424@32.6-2439@33.6	2424	2439	37	23	3	7	4	0.45	0.17	1.50	0.66	0.86	0.00	0.00	0.00	0.00	0.00	LOS_A	1	0.00	0.00	0			LOS_A	
1	18000-21600	315-2430@18.6-2413@31.6	2430	2413	63	47	1	12	3	2.07	1.48	4.01	3.85	3.61	0.00	0.00	0.00	0.00	0.00	LOS_A	1	0.00	0.00	0			LOS_A	
1	18000-21600	315-2430@18.6-2426@30.8	2430	2426	25	24	0	0	1	0.12	0.12			0.00	0.00	0.00			0.00	LOS_A	1	0.00	0.00	0			LOS_A	
1	18000-21600	315-2430@18.6-2439@33.6	2430	2439	0	0	0	0	0											LOS_A		0.00	0.00	0			LOS_A	
1	18000-21600	315-2438@12.4-2413@31.6	2438	2413	28	22	0	5	1	0.16	0.16		0.14	0.16	0.00	0.00		0.00	0.00	LOS_A	1	0.00	0.00	0			LOS_A	
1	18000-21600	315-2438@12.4-2426@30.8	2438	2426	0	0	0	0	0											LOS_A		0.00	0.00	0			LOS_A	
1	18000-21600	315-2438@12.4-2434@37.0	2438	2434	1	1	0	0	0	5.01	5.01				0.00	0.00				LOS_A	1	0.00	0.00	0			LOS_A	
1	18000-21600	315-2442@2.5-2413@31.6	2442	2413	655	631	0	21	3	0.29	0.27		0.59	0.92	0.00	0.00		0.00	0.00	LOS_A	1	0.00	0.00	0			LOS_A	
1	18000-21600	315-2442@2.5-2434@37.0	2442	2434	2	1	0	1	0	0.97	0.57		1.38		0.00	0.00		0.00		LOS_A	1	0.00	0.00	0			LOS_A	
1	18000-21600	315-2442@2.5-2439@33.6	2442	2439	2	2	0	0	0	0.20	0.20				0.00	0.00				LOS_A	1	0.00	0.00	0			LOS_A	
1	18000-21600	315			1414	1318	9	65	22	0.26	0.21	0.95	1.01	0.84	0.00	0.00	0.00	0.00	0.00	LOS_A	1	0.00	0.00	0			LOS_A	
1	18000-21600	316			0	0	0	0	0											LOS_A				0			LOS_A	
1	18000-21600	317			0	0	0	0	0											LOS_A				0			LOS_A	
1	18000-21600	318			0	0	0	0	0											LOS_A				0			LOS_A	
1	18000-21600	319			0	0	0	0	0											LOS_A				0			LOS_A	
1	18000-21600	320			0	0	0	0	0											LOS_A				0			LOS_A	
1	18000-21600	322-2388@49.7-2387: Western Fwy  Deer Park Byp@24.8	2388	2387	689	651	4	26	8	3.15	3.02	5.08	3.52	10.96	0.49	0.43	0.91	0.67	4.29	LOS_A	1	0.00	0.00	0			LOS_A	
1	18000-21600	322-2397: Western Fwy  Deer Park Byp@854.3-2387: Western Fwy  Deer Park Byp@24.8	2397	2387	1628	1542	4	56	26	0.08	0.08	0.64	0.08	0.10	0.00	0.00	0.00	0.00	0.00	LOS_A	1	0.00	0.00	0			LOS_A	
1	18000-21600	322			2317	2193	8	82	34	0.99	0.95	2.86	1.17	2.66	0.15	0.13	0.46	0.21	1.01	LOS_A	1	0.00	0.00	0			LOS_A	
1	18000-21600	323-2479: Western Fwy  Deer Park Byp@45.3-2477@22.4	2479	2477	266	238	8	11	9	2.27	1.95	6.01	4.28	5.00	0.00	0.00	0.00	0.00	0.00	LOS_A	1	0.00	0.00	0			LOS_A	
1	18000-21600	323-2479: Western Fwy  Deer Park Byp@45.3-2478: Western Fwy  Deer Park Byp@24.6	2479	2478	1317	1222	9	45	41	0.13	0.12	0.77	0.09	0.36	0.00	0.00	0.00	0.00	0.00	LOS_A	1	0.00	0.00	0			LOS_A	
1	18000-21600	323			1583	1460	17	56	50	0.49	0.41	3.23	0.91	1.19	0.00	0.00	0.00	0.00	0.00	LOS_A	1	0.00	0.00	0			LOS_A	
1	18000-21600	324-2478: Western Fwy  Deer Park Byp@817.5-2483: Western Fwy  Deer Park Byp@32.3	2478	2483	1317	1222	9	45	41	0.07	0.07	0.03	0.10	0.11	0.00	0.00	0.00	0.00	0.00	LOS_A	1	0.00	0.00	0			LOS_A	
1	18000-21600	324-2485@35.4-2483: Western Fwy  Deer Park Byp@32.3	2485	2483	282	262	1	17	2	0.48	0.48	0.06	0.51	0.11	0.00	0.00	0.00	0.00	0.00	LOS_A	1	0.00	0.00	0			LOS_A	
1	18000-21600	324			1599	1484	10	62	43	0.15	0.15	0.03	0.21	0.11	0.00	0.00	0.00	0.00	0.00	LOS_A	1	0.00	0.00	0			LOS_A	
1	18000-21600	325-2398: Western Fwy  Deer Park Byp@29.7-2385@22.8	2398	2385	513	488	0	19	6	3.81	3.70		5.84	6.27	0.20	0.21		0.00	0.00	LOS_A	1	0.08	18.51	0			LOS_A	
1	18000-21600	325-2398: Western Fwy  Deer Park Byp@29.7-2397: Western Fwy  Deer Park Byp@22.4	2398	2397	1628	1542	4	56	26	0.52	0.52	0.74	0.36	0.34	0.01	0.01	0.00	0.00	0.00	LOS_A	1	0.08	18.51	0			LOS_A	
1	18000-21600	325			2141	2030	4	75	32	1.31	1.29	0.74	1.75	1.45	0.06	0.06	0.00	0.00	0.00	LOS_A	1	0.08	18.51	0			LOS_A	
1	18000-21600	326-2502: Western Fwy  Deer Park Byp@2131.3-271708: Western Fwy  Deer Park Byp@8.4	2502	271708	1254	1177	4	50	23	30.79	30.81	28.87	30.20	31.15	0.26	0.24	0.28	0.52	0.45	LOS_D	4	8.39	181.21	0			LOS_A	
1	18000-21600	326-2514: Western Fwy  Deer Park Byp@123.6-271708: Western Fwy  Deer Park Byp@8.4	2514	271708	887	853	0	25	9	12.33	12.20		15.46	16.19	0.09	0.09		0.17	0.10	LOS_B	2	0.00	0.00	0			LOS_A	
1	18000-21600	326			2141	2030	4	75	32	23.14	22.99	28.87	25.29	26.94	0.19	0.18	0.28	0.40	0.35	LOS_C	3	4.19	181.21	0			LOS_A	
1	18000-21600	327-2505: Western Fwy  Deer Park Byp@34.2-2506: Western Fwy  Deer Park Byp@21.2	2505	2506	901	829	7	34	31	1.30	1.10	0.05	3.02	5.03	0.62	0.51	0.00	1.44	2.96	LOS_A	1	0.00	0.00	0			LOS_A	
1	18000-21600	327-2505: Western Fwy  Deer Park Byp@34.2-2508: Western Fwy  Deer Park Byp@13.2	2505	2508	698	655	3	28	12	0.87	0.75	0.43	3.89	0.56	0.41	0.31	0.00	2.92	0.00	LOS_A	1	0.00	0.00	0			LOS_A	
1	18000-21600	327			1599	1484	10	62	43	1.11	0.95	0.16	3.41	3.78	0.53	0.42	0.00	2.11	2.13	LOS_A	1	0.00	0.00	0			LOS_A	

