$LINK:NO	NAME	LINKBEHAVTYPE	DISPLAYTYPE	LEVEL	LENGTH2D	WKTLOCWGS84	WKTPOLYLINEWGS84
1	Ballarat Rd  Western Hwy	1	1	1	42.812	POINT(144.7409590993 -37.7563740309)	LINESTRING(144.7407364841 -37.7562961739,144.7411817144 -37.7564518878)
2	Ballarat Rd  Western Hwy	1	1	1	24.236	POINT(144.7411609059 -37.7561838649)	LINESTRING(144.7410348760 -37.7561397948,144.7412869358 -37.7562279349)
3		1	1	1	11.400	POINT(144.7413030208 -37.7563730954)	LINESTRING(144.7412927062 -37.7563225004,144.7413133355 -37.7564236903)
4	Caroline Springs Blvd	1	1	1	16.276	POINT(144.7398892434 -37.7547047066)	LINESTRING(144.7398967239 -37.7546317770,144.7398817629 -37.7547776361)
6	Ballarat Rd  Western Hwy EA	83	1	1	130.808	POINT(144.7492721193 -37.7602324834)	LINESTRING(144.7499148338 -37.7605284005,144.7486294047 -37.7599365651)
7	Ballarat Rd  Western Hwy	83	1	1	26.113	POINT(144.7484830808 -37.7597420697)	LINESTRING(144.7485256342 -37.7598545305,144.7484405274 -37.7596296086)
8	Western Fwy	2	2	1	159.664	POINT(144.7012806882 -37.7454112426)	LINESTRING(144.7004661906 -37.7450941965,144.7020951858 -37.7457282874)
9	Western Fwy	3	1	1	1528.756	POINT(144.7104521605 -37.7476695612)	LINESTRING(144.7021411481 -37.7457617401,144.7042866587 -37.7466066427,144.7050382330 -37.7468790222,144.7059020147 -37.7471567598,144.7070018977 -37.7473845748,144.7082847069 -37.7476302148,144.7097135793 -37.7478780553,144.7117740845 -37.7482597969,144.7143966567 -37.7487555464,144.7162546037 -37.7491055745,144.7187717820 -37.7495748730)
10	Ballarat Rd  Western Hwy	1	1	1	114.653	POINT(144.7492094893 -37.7596918083)	LINESTRING(144.7486441331 -37.7594351977,144.7497748456 -37.7599484181)
11	Ballarat Rd  Western Hwy	1	1	1	37.451	POINT(144.7501783724 -37.7601218225)	LINESTRING(144.7499926551 -37.7600394547,144.7503640897 -37.7602041902)
12	Hopkins Rd	1	1	1	73.377	POINT(144.7017192432 -37.7487602335)	LINESTRING(144.7018941994 -37.7490597190,144.7015442870 -37.7484607469)
13	Western Hwy	2	2	1	112.559	POINT(144.6702095531 -37.7346555638)	LINESTRING(144.6707361371 -37.7349432348,144.6696829692 -37.7343678917)
14	Western Hwy	3	1	1	86.947	POINT(144.6730766564 -37.7357671547)	LINESTRING(144.6735327628 -37.7359179799,144.6726205501 -37.7356163291)
15		3	1	1	18.205	POINT(144.6037882939 -37.6973764305)	LINESTRING(144.6038900040 -37.6973713232,144.6038671612 -37.6973753160,144.6038443667 -37.6973797424,144.6038214757 -37.6973833018,144.6037983437 -37.6973846933,144.6037702313 -37.6973826964,144.6037424576 -37.6973780655,144.6037148193 -37.6973723810,144.6036871133 -37.6973672233)
19		3	1	1	41.611	POINT(144.6032410562 -37.6972092845)	LINESTRING(144.6034174002 -37.6973325328,144.6033825364 -37.6973188205,144.6033492889 -37.6973029875,144.6033174994 -37.6972852803,144.6032870095 -37.6972659456,144.6032576609 -37.6972452299,144.6032292951 -37.6972233798,144.6032017539 -37.6972006419,144.6031748789 -37.6971772628,144.6031485116 -37.6971534890,144.6031224939 -37.6971295673,144.6030966672 -37.6971057442,144.6030708732 -37.6970822662)
20		3	1	1	23.007	POINT(144.6030559593 -37.6971523966)	LINESTRING(144.6031253638 -37.6972401384,144.6029865548 -37.6970646546)
21	High Street Drive WA	1	1	1	58.148	POINT(144.6024584455 -37.6891462783)	LINESTRING(144.6022068720 -37.6889765110,144.6027100190 -37.6893160452)
23	Paynes Rd	1	1	1	417.963	POINT(144.6368093636 -37.7162652697)	LINESTRING(144.6371109120 -37.7144005109,144.6365078152 -37.7181299815)
24	Paynes Rd SA	1	1	1	414.924	POINT(144.6367433045 -37.7162733950)	LINESTRING(144.6364402502 -37.7181241724,144.6370463588 -37.7144225714)
27	Troups Rd N	1	1	1	10.991	POINT(144.6708057363 -37.7352360455)	LINESTRING(144.6708343020 -37.7351920858,144.6707771707 -37.7352800053)
28	Troups Rd N	1	1	1	16.703	POINT(144.6707614283 -37.7352051727)	LINESTRING(144.6707302300 -37.7352761149,144.6707926266 -37.7351342304)
29	Western Hwy	1	1	1	251.591	POINT(144.6694909148 -37.7346708310)	LINESTRING(144.6706547274 -37.7353284611,144.6702662332 -37.7351323506,144.6683281341 -37.7340126373)
30	Western Hwy WA	1	1	1	250.266	POINT(144.6695110568 -37.7346392843)	LINESTRING(144.6683518671 -37.7339873655,144.6702971345 -37.7351033233,144.6706712874 -37.7352906392)
31	Troups Rd N	1	1	1	102.864	POINT(144.6706535011 -37.7358644217)	LINESTRING(144.6707372986 -37.7354066470,144.6705697036 -37.7363221936)
32	Troups Rd N SA	1	1	1	102.949	POINT(144.6706115564 -37.7358593615)	LINESTRING(144.6705302888 -37.7363178048,144.6706928239 -37.7354009154)
33	Neales Rd W WA	1	1	1	633.344	POINT(144.6974222858 -37.7405918560)	LINESTRING(144.6938535176 -37.7402193979,144.7009182143 -37.7409634041,144.7009934230 -37.7409641758)
34	Neales Rd W	1	1	1	634.938	POINT(144.6974273259 -37.7406308805)	LINESTRING(144.7010063459 -37.7410053169,144.6938483059 -37.7402564421)
35	Neales Rd W	1	1	1	108.844	POINT(144.7020774385 -37.7410625827)	LINESTRING(144.7014637643 -37.7409992380,144.7026911126 -37.7411259274)
36	Neales Rd W EA	1	1	1	341.217	POINT(144.7045929874 -37.7413849864)	LINESTRING(144.7065149840 -37.7415942724,144.7026709907 -37.7411756998)
37		3	1	1	73.857	POINT(144.7003086960 -37.7426603396)	LINESTRING(144.7007285022 -37.7426688445,144.6998888899 -37.7426518347)
43	Hopkins Rd	1	1	1	362.975	POINT(144.7007151660 -37.7452524972)	LINESTRING(144.7007445645 -37.7436294380,144.7007239025 -37.7437572505,144.7006903435 -37.7440032921,144.7006608370 -37.7442445673,144.7006418429 -37.7444143673,144.7006262626 -37.7446243698,144.7006089973 -37.7449334584,144.7005989552 -37.7452081323,144.7006378695 -37.7459203428,144.7006887355 -37.7463050716,144.7008317706 -37.7468744502)
44	Hopkins Rd	1	1	1	89.091	POINT(144.7008930491 -37.7472603643)	LINESTRING(144.7010329396 -37.7476454661,144.7009886759 -37.7475166339,144.7009422197 -37.7473882795,144.7008945001 -37.7472601996,144.7008464459 -37.7471321906,144.7007989861 -37.7470040491,144.7007530496 -37.7468755716)
47	Hopkins Rd	1	1	1	24.272	POINT(144.7016637083 -37.7482939691)	LINESTRING(144.7016284369 -37.7481884680,144.7016989798 -37.7483994701)
55	Hopkins Rd	1	1	1	70.464	POINT(144.7024039084 -37.7496057272)	LINESTRING(144.7021724763 -37.7493471307,144.7026353406 -37.7498643227)
60	Caroline Springs Blvd	1	1	1	44.399	POINT(144.7400684732 -37.7529789895)	LINESTRING(144.7401081920 -37.7527834240,144.7400747435 -37.7529252729,144.7400478196 -37.7530270380,144.7400292397 -37.7531772593)
61	Caroline Springs Blvd	1	1	1	9.530	POINT(144.7402133501 -37.7532837643)	LINESTRING(144.7402190329 -37.7532411592,144.7402076673 -37.7533263694)
64	Caroline Springs Blvd	1	1	1	84.605	POINT(144.7401006688 -37.7542181831)	LINESTRING(144.7401965274 -37.7538544974,144.7401910784 -37.7539221927,144.7401863700 -37.7539899535,144.7401801803 -37.7540575833,144.7401702873 -37.7541248856,144.7401600504 -37.7541672623,144.7401470441 -37.7542092376,144.7401339749 -37.7542512055,144.7401235496 -37.7542935599,144.7401200431 -37.7543450282,144.7401220296 -37.7543973850,144.7401192529 -37.7544485495,144.7401014568 -37.7544964410,144.7400812644 -37.7545184817,144.7400545512 -37.7545365974,144.7400252297 -37.7545531433,144.7399972123 -37.7545704740)
65	Ballarat Rd  Western Hwy	1	1	1	14.249	POINT(144.7480942996 -37.7593671139)	LINESTRING(144.7481645746 -37.7593989841,144.7480240246 -37.7593352437)
66	Meskos Rd	1	1	1	200.845	POINT(144.7010692630 -37.7487198505)	LINESTRING(144.7018266316 -37.7492719929,144.7017748639 -37.7492919773,144.7017205203 -37.7493060053,144.7016699401 -37.7493120743,144.7016185162 -37.7493133776,144.7015669562 -37.7493108565,144.7015159678 -37.7493054522,144.7014638785 -37.7492977082,144.7014123191 -37.7492871439,144.7013626949 -37.7492726134,144.7013164114 -37.7492529711,144.7012562778 -37.7492152542,144.7012034290 -37.7491705600,144.7011548475 -37.7491221641,144.7011075158 -37.7490733422,144.7009832761 -37.7489402245,144.7008668551 -37.7488025986,144.7007543031 -37.7486627827,144.7006416702 -37.7485230953,144.7005602496 -37.7484225611,144.7004799532 -37.7483214586,144.7004001066 -37.7482201288,144.7003200351 -37.7481189124)
67	Meskos Rd WA	1	1	1	118.758	POINT(144.7007232631 -37.7485514680)	LINESTRING(144.7003561629 -37.7481033243,144.7005431309 -37.7483375657,144.7007274042 -37.7485733108,144.7009170669 -37.7488060461,144.7010909904 -37.7489988706)
68	Mount Cottrell Rd SA	1	1	1	437.611	POINT(144.6207624964 -37.7046261000)	LINESTRING(144.6205365225 -37.7065823694,144.6209882874 -37.7035616107,144.6209674200 -37.7031305882,144.6209525397 -37.7028215719,144.6209020742 -37.7026719895)
69	Mount Cottrell Rd	1	1	1	415.622	POINT(144.6208151534 -37.7047269414)	LINESTRING(144.6210287373 -37.7028689407,144.6210566285 -37.7031928970,144.6210593758 -37.7033418091,144.6209884304 -37.7040426211,144.6209146793 -37.7045084494,144.6205707505 -37.7065839188)
70		3	1	1	78.612	POINT(144.6993484594 -37.7427707897)	LINESTRING(144.6997778107 -37.7426717450,144.6997043912 -37.7426714261,144.6996299319 -37.7426738583,144.6995549615 -37.7426791688,144.6994800085 -37.7426874851,144.6994056016 -37.7426989344,144.6993322693 -37.7427136441,144.6992605403 -37.7427317416,144.6991909432 -37.7427533541,144.6991240066 -37.7427786091,144.6990602591 -37.7428076338,144.6990002293 -37.7428405557,144.6989444458 -37.7428775020)
72	Western Hwy	3	1	1	200.826	POINT(144.6327687819 -37.7104435251)	LINESTRING(144.6319261686 -37.7098341391,144.6327305659 -37.7104349825,144.6336128452 -37.7110518582)
73	Western Hwy	3	1	1	2099.294	POINT(144.6821828691 -37.7384933386)	LINESTRING(144.6712409536 -37.7347394468,144.6713433241 -37.7347794822,144.6714454834 -37.7348198697,144.6715475899 -37.7348603453,144.6716498020 -37.7349006447,144.6717522780 -37.7349405039,144.6718551764 -37.7349796586,144.6719586556 -37.7350178448,144.6720568468 -37.7350527719,144.6721555488 -37.7350867861,144.6722546251 -37.7351201309,144.6723539394 -37.7351530499,144.6724533553 -37.7351857864,144.6725527366 -37.7352185842,144.6726519468 -37.7352516867,144.6741065283 -37.7357446487,144.6755590708 -37.7362415497,144.6770112218 -37.7367392127,144.6784646291 -37.7372344607,144.6799209403 -37.7377241168,144.6813818030 -37.7382050042,144.6828488649 -37.7386739461,144.6830351596 -37.7387314619,144.6832221727 -37.7387875000,144.6834097232 -37.7388424312,144.6835976300 -37.7388966268,144.6837857121 -37.7389504576,144.6839737886 -37.7390042949,144.6841616784 -37.7390585096,144.6843470001 -37.7391123546,144.6845323303 -37.7391661836,144.6847177027 -37.7392199218,144.6849031514 -37.7392734940,144.6850887099 -37.7393268253,144.6852744123 -37.7393798406,144.6854602923 -37.7394324649,144.6856187911 -37.7394763909,144.6857777217 -37.7395193663,144.6859368432 -37.7395619179,144.6860959146 -37.7396045727,144.6862546950 -37.7396478575,144.6864129433 -37.7396922992,144.6865704186 -37.7397384246,144.6866967834 -37.7397767378,144.6868228233 -37.7398157485,144.6869484885 -37.7398555203,144.6870737291 -37.7398961171,144.6871984953 -37.7399376026,144.6873227374 -37.7399800404,144.6874464054 -37.7400234944,144.6875986014 -37.7400788789,144.6877498416 -37.7401358774,144.6879003356 -37.7401941313,144.6880502928 -37.7402532818,144.6881999226 -37.7403129703,144.6883494344 -37.7403728381,144.6884990376 -37.7404325264,144.6886534495 -37.7404943220,144.6888074869 -37.7405567001,144.6889612826 -37.7406194543,144.6891149695 -37.7406823782,144.6892686802 -37.7407452654,144.6894225478 -37.7408079094,144.6895767048 -37.7408701038,144.6897577673 -37.7409426358,144.6899389310 -37.7410150114,144.6901202180 -37.7410871940,144.6903016502 -37.7411591474,144.6904832498 -37.7412308352,144.6906650387 -37.7413022208,144.6908470390 -37.7413732680,144.6909896030 -37.7414284615,144.6911324011 -37.7414832753,144.6912753629 -37.7415378236,144.6914184182 -37.7415922204,144.6915614966 -37.7416465799,144.6917045279 -37.7417010160,144.6918474417 -37.7417556430,144.6920300304 -37.7418257027,144.6922125714 -37.7418958402,144.6923950776 -37.7419660341,144.6925775620 -37.7420362633,144.6927600378 -37.7421065066,144.6929425180 -37.7421767427,144.6931250155 -37.7422469505)
78	Western Hwy	3	1	1	1015.953	POINT(144.6657004984 -37.7315675583)	LINESTRING(144.6610574868 -37.7288500662,144.6685954881 -37.7332485073,144.6698945346 -37.7340396791,144.6703445935 -37.7342843402)
82	Sheahan Rd	1	1	1	176.030	POINT(144.7032190390 -37.7490820308)	LINESTRING(144.7022350317 -37.7491462034,144.7027579289 -37.7490195366,144.7030944539 -37.7490185514,144.7042068168 -37.7491100442)
83	Sheahan Rd EA	1	1	1	73.659	POINT(144.7037883720 -37.7491223697)	LINESTRING(144.7042048754 -37.7491571326,144.7033718686 -37.7490876068)
84	Western Fwy	3	1	1	909.603	POINT(144.6037638419 -37.6953828276)	LINESTRING(144.5986086473 -37.6950884319,144.5997983233 -37.6951361910,144.6010067197 -37.6951733239,144.6022150459 -37.6952117419,144.6034231966 -37.6952533728,144.6040549976 -37.6952764540,144.6046867455 -37.6953005191,144.6053183520 -37.6953266481,144.6059497289 -37.6953559211,144.6061712245 -37.6953670805,144.6063926604 -37.6953790304,144.6066139636 -37.6953923280,144.6068350609 -37.6954075303,144.6070413924 -37.6954233588,144.6072475516 -37.6954406337,144.6074534271 -37.6954598236,144.6076589075 -37.6954813969,144.6078438829 -37.6955028879,144.6080285145 -37.6955262593,144.6082126570 -37.6955518724,144.6083961650 -37.6955800885,144.6085255522 -37.6956026259,144.6086543255 -37.6956273476,144.6087828533 -37.6956529430,144.6089115039 -37.6956781016)
89	Western Hwy	2	2	1	194.502	POINT(144.6565107315 -37.7261338933)	LINESTRING(144.6556266174 -37.7256084027,144.6573948456 -37.7266593803)
90	Western Hwy	3	1	1	302.246	POINT(144.6589417881 -37.7275875039)	LINESTRING(144.6575634925 -37.7267756116,144.6603200838 -37.7283993872)
91	Ballarat Rd  Western Hwy	1	1	1	76.206	POINT(144.7417919643 -37.7566591793)	LINESTRING(144.7413961820 -37.7565197398,144.7421877466 -37.7567986185)
92	Ballarat Rd  Western Hwy	1	1	1	14.722	POINT(144.7422530099 -37.7566826886)	LINESTRING(144.7422203756 -37.7566215169,144.7422517810 -37.7566832400,144.7422859599 -37.7567432743)
94	Melton Hwy NA	1	1	1	76.409	POINT(144.6064981947 -37.6858570458)	LINESTRING(144.6066094566 -37.6855246961,144.6063869328 -37.6861893940)
95	Melton Hwy	1	1	1	216.107	POINT(144.6061120403 -37.6864401088)	LINESTRING(144.6057934304 -37.6873792524,144.6064306502 -37.6855009532)
99	Western Hwy	2	2	1	120.743	POINT(144.6474651420 -37.7213234120)	LINESTRING(144.6480228523 -37.7216400953,144.6469074317 -37.7210067273)
103	Western Hwy	3	1	1	844.433	POINT(144.6515496718 -37.7232389960)	LINESTRING(144.6476976556 -37.7209718613,144.6554016881 -37.7255060613)
104		3	1	1	781.257	POINT(144.6979004932 -37.7456790747)	LINESTRING(144.7008834519 -37.7479299440,144.7008722005 -37.7479239807,144.7008609636 -37.7479180005,144.7008497631 -37.7479119780,144.7008386199 -37.7479058625,144.7008275281 -37.7478996880,144.7008164218 -37.7478935305,144.7008052348 -37.7478874660,144.7007940164 -37.7478814830,144.7007827609 -37.7478755416,144.7007714080 -37.7478697215,144.7007598972 -37.7478641024,144.7007482699 -37.7478586735,144.7007365268 -37.7478533968,144.7007246286 -37.7478483498,144.7007125363 -37.7478436097,144.7007009148 -37.7478394671,144.7006891283 -37.7478356163,144.7006772191 -37.7478320010,144.7006652294 -37.7478285647,144.7006531028 -37.7478253486,144.7006408747 -37.7478223744,144.7006285969 -37.7478195208,144.7006163211 -37.7478166664,144.7006040079 -37.7478138463,144.7005916645 -37.7478111067,144.7005793372 -37.7478083256,144.7005670725 -37.7478053809,144.7005549152 -37.7478022558,144.7005428096 -37.7477990053,144.7005307535 -37.7477956410,144.7005187448 -37.7477921742,144.7005025945 -37.7477873197,144.7004865239 -37.7477823003,144.7004705012 -37.7477771833,144.7004544948 -37.7477720358,144.7004384518 -37.7477669020,144.7004224210 -37.7477617427,144.7004064481 -37.7477564760,144.7003905789 -37.7477510197,144.7003748476 -37.7477454197,144.7003591906 -37.7477396865,144.7003436651 -37.7477337405,144.7003283283 -37.7477275023,144.7003132210 -37.7477209932,144.7002982853 -37.7477142340,144.7002835575 -37.7477071984,144.7002690741 -37.7476998602,144.7002577897 -37.7476937729,144.7002467122 -37.7476874470,144.7002358187 -37.7476809214,144.7002250863 -37.7476742351,144.7002144999 -37.7476673645,144.7002040996 -37.7476603154,144.7001938612 -37.7476531177,144.7001837609 -37.7476458015,144.7001737910 -37.7476383459,144.7001639816 -37.7476307566,144.7001543057 -37.7476230597,144.7001447362 -37.7476152813,144.7001352990 -37.7476074325,144.7001259872 -37.7475994898,144.7001167784 -37.7475914716,144.7001076503 -37.7475833966,144.7000976581 -37.7475744417,144.7000877561 -37.7475654236,144.7000779698 -37.7475563274,144.7000683251 -37.7475471381,144.7000587833 -37.7475378481,144.7000493609 -37.7475284808,144.7000401068 -37.7475190106,144.7000310699 -37.7475094121,144.7000222557 -37.7474997193,144.7000136285 -37.7474899194,144.7000052433 -37.7474799910,144.6999971553 -37.7474699129,144.6999893717 -37.7474597237,144.6999818541 -37.7474494065,144.6999746614 -37.7474389480,144.6999678523 -37.7474283348,144.6999626719 -37.7474196023,144.6999578046 -37.7474107543,144.6999532200 -37.7474018109,144.6999488876 -37.7473927922,144.6999448289 -37.7473836658,144.6999410626 -37.7473744588,144.6999375146 -37.7473651955,144.6999341108 -37.7473559001,144.6999308651 -37.7473465361,144.6999278154 -37.7473371299,144.6999248865 -37.7473276986,144.6999220030 -37.7473182592,144.6999191616 -37.7473088307,144.6999163935 -37.7472993885,144.6999136908 -37.7472899344,144.6999110452 -37.7472804703,144.6999084409 -37.7472710122,144.6999058843 -37.7472615457,144.6999034121 -37.7472520655,144.6999010612 -37.7472425665,144.6998988405 -37.7472330419,144.6998967320 -37.7472235009,144.6998947273 -37.7472139459,144.6998928185 -37.7472043789,144.6998910079 -37.7471947981,144.6998892987 -37.7471852053,144.6998876829 -37.7471756023,144.6998861523 -37.7471659908,144.6998846913 -37.7471563773,144.6998833081 -37.7471467561,144.6998820334 -37.7471371260,144.6998808979 -37.7471274855,144.6998793283 -37.7471121541,144.6998779672 -37.7470968094,144.6998768045 -37.7470814543,144.6998758300 -37.7470660918,144.6998750923 -37.7470507116,144.6998745804 -37.7470353249,144.6998741928 -37.7470199350,144.6998738280 -37.7470045452,144.6998735195 -37.7469891462,144.6998733015 -37.7469737461,144.6998730726 -37.7469583461,144.6998727314 -37.7469429477,144.6998722720 -37.7469275582,144.6998717413 -37.7469121699,144.6998711179 -37.7468967839,144.6998703800 -37.7468814014,144.6998694001 -37.7468643127,144.6998682817 -37.7468472291,144.6998670830 -37.7468301487,144.6998658620 -37.7468130693,144.6998646231 -37.7467959906,144.6998633392 -37.7467789140,144.6998620204 -37.7467618390,144.6998606770 -37.7467447652,144.6998593056 -37.7467276925,144.6998579027 -37.7467106213,144.6998564787 -37.7466935512,144.6998550438 -37.7466764817,144.6998535823 -37.7466594138,144.6998520949 -37.7466423473,144.6998506163 -37.7466252803,144.6998491810 -37.7466082110,144.6998477132 -37.7465900259,144.6998462850 -37.7465718387,144.6998448793 -37.7465536505,144.6998434789 -37.7465354620,144.6998421158 -37.7465172679,144.6998407872 -37.7464990721,144.6998394229 -37.7464808782,144.6998379526 -37.7464626896,144.6998364004 -37.7464445123,144.6998347892 -37.7464263380,144.6998330487 -37.7464081717,144.6998311089 -37.7463900185,144.6998289491 -37.7463718870,144.6998266070 -37.7463537691,144.6998241024 -37.7463356646,144.6998214547 -37.7463175733,144.6998194196 -37.7463044327,144.6998172698 -37.7462913032,144.6998150236 -37.7462781837,144.6998126990 -37.7462650729,144.6998103201 -37.7462519601,144.6998078719 -37.7462388551,144.6998053093 -37.7462257641,144.6998025874 -37.7462126937,144.6997997241 -37.7461996537,144.6997967321 -37.7461866311,144.6997935664 -37.7461736349,144.6997901825 -37.7461606740,144.6997865787 -37.7461477620,144.6997827742 -37.7461348850,144.6997787649 -37.7461220470,144.6997745467 -37.7461092520,144.6997691814 -37.7460938405,144.6997635579 -37.7460784854,144.6997577035 -37.7460631839,144.6997516452 -37.7460479332,144.6997453846 -37.7460327166,144.6997389140 -37.7460175541,144.6997322284 -37.7460024500,144.6997253227 -37.7459874092,144.6997182008 -37.7459724339,144.6997108642 -37.7459575225,144.6997033072 -37.7459426802,144.6996955243 -37.7459279122,144.6996875545 -37.7459132242,144.6996793831 -37.7458986040,144.6996709501 -37.7458840785,144.6996621954 -37.7458696747,144.6996476645 -37.7458468795,144.6996326454 -37.7458242792,144.6996171807 -37.7458018665,144.6996013132 -37.7457796340,144.6995849374 -37.7457575968,144.6995680886 -37.7457357805,144.6995509537 -37.7457141003,144.6995337194 -37.7456924711,144.6995166236 -37.7456707175,144.6994995221 -37.7456489590,144.6994819497 -37.7456274535,144.6994634410 -37.7456064594,144.6994209748 -37.7455619263,144.6993768875 -37.7455183574,144.6993311535 -37.7454758698,144.6992837466 -37.7454345806,144.6992326886 -37.7453922883,144.6991801870 -37.7453510502,144.6991256441 -37.7453115994,144.6990684625 -37.7452746694,144.6990001165 -37.7452370807,144.6989287765 -37.7452029445,144.6988562011 -37.7451702384,144.6987841489 -37.7451369396,144.6986686797 -37.7450810486,144.6985532581 -37.7450250896,144.6984374358 -37.7449696648,144.6983207649 -37.7449153766,144.6982070030 -37.7448644708,144.6980924393 -37.7448146892,144.6979775236 -37.7447654021,144.6978627060 -37.7447159797,144.6977119748 -37.7446506558,144.6975611857 -37.7445854152,144.6974103081 -37.7445203028,144.6972593116 -37.7444553632,144.6970555680 -37.7443682408,144.6968516126 -37.7442814280,144.6966476431 -37.7441946356,144.6964438576 -37.7441075741,144.6962912322 -37.7440423177,144.6961386038 -37.7439770632,144.6959862476 -37.7439114177,144.6958344388 -37.7438449883,144.6956041292 -37.7437420297,144.6953747053 -37.7436378342,144.6951456357 -37.7435331439,144.6949163889 -37.7434287007)
107		3	1	1	323.096	POINT(144.6994996557 -37.7439852074)	LINESTRING(144.6988567425 -37.7429236272,144.6988180944 -37.7429639869,144.6987786826 -37.7430039594,144.6987407981 -37.7430447062,144.6987067317 -37.7430873887,144.6986840785 -37.7431217184,144.6986640089 -37.7431571031,144.6986462524 -37.7431932829,144.6986305382 -37.7432299980,144.6986195815 -37.7432607602,144.6986106711 -37.7432919661,144.6986031111 -37.7433234312,144.6985962053 -37.7433549706,144.6985905710 -37.7433823560,144.6985856353 -37.7434098346,144.6985816264 -37.7434373986,144.6985787723 -37.7434650402,144.6985766820 -37.7434983707,144.6985758306 -37.7435317533,144.6985764087 -37.7435651303,144.6985786067 -37.7435984436,144.6985829308 -37.7436315051,144.6985891249 -37.7436644056,144.6985962102 -37.7436972243,144.6986032076 -37.7437300404,144.6986087944 -37.7437590668,144.6986143474 -37.7437881070,144.6986205983 -37.7438170372,144.6986282791 -37.7438457338,144.6986382890 -37.7438761147,144.6986496430 -37.7439062145,144.6986620561 -37.7439360639,144.6986752435 -37.7439656930,144.6986867820 -37.7439901402,144.6986990189 -37.7440143819,144.6987119900 -37.7440383818,144.6987257310 -37.7440621036,144.6987341533 -37.7440755910,144.6987430405 -37.7440888955,144.6987522784 -37.7441020540,144.6987617532 -37.7441151033,144.6987714802 -37.7441280627,144.6987814902 -37.7441408889,144.6987917444 -37.7441535950,144.6988022040 -37.7441661940,144.6988128905 -37.7441786924,144.6988238034 -37.7441910694,144.6988349074 -37.7442033406,144.6988461673 -37.7442155213,144.6988575584 -37.7442275988,144.6988691132 -37.7442395799,144.6988808349 -37.7442514590,144.6988927270 -37.7442632305,144.6989018013 -37.7442720108,144.6989109984 -37.7442807119,144.6989203251 -37.7442893260,144.6989297881 -37.7442978455,144.6989394051 -37.7443062721,144.6989491589 -37.7443146010,144.6989590331 -37.7443228411,144.6989690116 -37.7443310014,144.6989791034 -37.7443390820,144.6989893077 -37.7443470748,144.6989996095 -37.7443549892,144.6990099942 -37.7443628350,144.6990204470 -37.7443706100,144.6990309840 -37.7443783143,144.6990416107 -37.7443859410,144.6990523327 -37.7443934831,144.6990627938 -37.7444006959,144.6990733427 -37.7444078292,144.6990839810 -37.7444148788,144.6990947101 -37.7444218410,144.6991055448 -37.7444287111,144.6991164732 -37.7444354886,144.6991274786 -37.7444421883,144.6991385440 -37.7444488253,144.6991496797 -37.7444553976,144.6991608850 -37.7444618960,144.6991721442 -37.7444683363,144.6991834418 -37.7444747340,144.6991947667 -37.7444810927,144.6992061327 -37.7444874059,144.6992175454 -37.7444936658,144.6992290109 -37.7444998648,144.6992425140 -37.7445070624,144.6992560742 -37.7445141931,144.6992696954 -37.7445212505,144.6992833814 -37.7445282286,144.6992971461 -37.7445351160,144.6993109796 -37.7445419173,144.6993248619 -37.7445486566,144.6993387731 -37.7445553582,144.6993527242 -37.7445620160,144.6993667167 -37.7445686194,144.6993807318 -37.7445751932,144.6993947506 -37.7445817619,144.6994087674 -37.7445883287,144.6994227941 -37.7445948824,144.6994368310 -37.7446014224,144.6994508784 -37.7446079483,144.6994732388 -37.7446183172,144.6994956114 -37.7446286695,144.6995180089 -37.7446389880,144.6995404439 -37.7446492553,144.6995629247 -37.7446594615,144.6995854421 -37.7446696171,144.6996079853 -37.7446797370,144.6996305435 -37.7446898359,144.6996531213 -37.7446999092,144.6996757211 -37.7447099516,144.6996983324 -37.7447199779,144.6997209445 -37.7447300030,144.6997435549 -37.7447400296,144.6997661695 -37.7447500503,144.6997887890 -37.7447600640,144.6998114142 -37.7447700697,144.6998502234 -37.7447872207,144.6998890395 -37.7448043621,144.6999278699 -37.7448214830,144.6999667222 -37.7448385729,144.7000056022 -37.7448556237,144.7000445044 -37.7448726428,144.7000834201 -37.7448896427,144.7001223406 -37.7449066356,144.7001612690 -37.7449236176,144.7002002080 -37.7449405845,144.7002391489 -37.7449575485,144.7002780831 -37.7449745222,144.7003170075 -37.7449915097,144.7003559271 -37.7450085040,144.7003948448 -37.7450255011,144.7004337635 -37.7450424968)
108		3	1	1	162.569	POINT(144.6948537694 -37.7427409618)	LINESTRING(144.6939838781 -37.7425055628,144.6941035981 -37.7425440422,144.6942231499 -37.7425828620,144.6943426596 -37.7426217671,144.6944622534 -37.7426605018,144.6945820575 -37.7426988108,144.6947021981 -37.7427364388,144.6948228012 -37.7427731304,144.6948824510 -37.7427908558,144.6949422129 -37.7428083584,144.6950021056 -37.7428255832,144.6950621476 -37.7428424749,144.6951223577 -37.7428589785,144.6951827544 -37.7428750388,144.6952433565 -37.7428906008,144.6952803586 -37.7428999155,144.6953174165 -37.7429091397,144.6953545630 -37.7429181452,144.6953918312 -37.7429268038,144.6954292541 -37.7429349875,144.6954668647 -37.7429425680,144.6955046959 -37.7429494174,144.6955363800 -37.7429543383,144.6955682336 -37.7429585160,144.6956002106 -37.7429621532,144.6956322646 -37.7429654525,144.6956643494 -37.7429686166,144.6956964189 -37.7429718484,144.6957284266 -37.7429753504)
111	Christies Rd	1	1	1	94.924	POINT(144.7395848953 -37.7585808197)	LINESTRING(144.7395971820 -37.7581542198,144.7395726086 -37.7590074171)
112	Christies Rd	1	1	1	50.931	POINT(144.7394539987 -37.7588720169)	LINESTRING(144.7394459770 -37.7591008745,144.7394620204 -37.7586431586)
113	Christies Rd	1	1	1	11.050	POINT(144.7394557536 -37.7584551500)	LINESTRING(144.7394529365 -37.7585047729,144.7394585707 -37.7584055271)
114	Western Hwy	3	1	1	1102.208	POINT(144.7338659911 -37.7543840883)	LINESTRING(144.7393723165 -37.7562406843,144.7393249227 -37.7562257699,144.7392776456 -37.7562106054,144.7392303977 -37.7561953783,144.7391830915 -37.7561802763,144.7391356392 -37.7561654870,144.7390879534 -37.7561511980,144.7390399464 -37.7561375969,144.7389846989 -37.7561227311,144.7389292379 -37.7561083406,144.7388735675 -37.7560944499,144.7388176919 -37.7560810833,144.7387616153 -37.7560682653,144.7387053419 -37.7560560204,144.7386488759 -37.7560443729,144.7385544187 -37.7560258550,144.7384596749 -37.7560081772,144.7383646515 -37.7559914239,144.7382693556 -37.7559756793,144.7381737944 -37.7559610281,144.7380779751 -37.7559475545,144.7379819047 -37.7559353431,144.7378869867 -37.7559243912,144.7377918530 -37.7559143976,144.7376965300 -37.7559055001,144.7376010445 -37.7558978366,144.7375054231 -37.7558915450,144.7374096923 -37.7558867631,144.7373138790 -37.7558836288,144.7372029365 -37.7558824781,144.7370919999 -37.7558838542,144.7369810711 -37.7558871353,144.7368701523 -37.7558916997,144.7367592455 -37.7558969257,144.7366483528 -37.7559021913,144.7365374761 -37.7559068750,144.7364059961 -37.7559127376,144.7362745816 -37.7559198941,144.7361431981 -37.7559275939,144.7360118112 -37.7559350860,144.7358803862 -37.7559416195,144.7357488888 -37.7559464436,144.7356172844 -37.7559488073,144.7355379059 -37.7559488255,144.7354585246 -37.7559478645,144.7353791560 -37.7559459987,144.7352998157 -37.7559433026,144.7352205190 -37.7559398504,144.7351412814 -37.7559357166,144.7350621184 -37.7559309756,144.7350080106 -37.7559273485,144.7349539367 -37.7559233027,144.7348999170 -37.7559187911,144.7348459718 -37.7559137663,144.7347921216 -37.7559081810,144.7347383868 -37.7559019879,144.7346847876 -37.7558951399,144.7346281160 -37.7558870690,144.7345716326 -37.7558782002,144.7345153115 -37.7558686647,144.7344591268 -37.7558585942,144.7344030528 -37.7558481200,144.7343470636 -37.7558373736,144.7342911334 -37.7558264865,144.7342142375 -37.7558114935,144.7341373533 -37.7557963725,144.7340605785 -37.7557808956,144.7339840110 -37.7557648351,144.7339077488 -37.7557479630,144.7338318897 -37.7557300515,144.7337565317 -37.7557108727,144.7336655410 -37.7556862379,144.7335749566 -37.7556605742,144.7334848730 -37.7556337923,144.7333953850 -37.7556058028,144.7333065873 -37.7555765162,144.7332185745 -37.7555458432,144.7331314414 -37.7555136945,144.7330543657 -37.7554835072,144.7329781553 -37.7554519427,144.7329027441 -37.7554191531,144.7328280659 -37.7553852902,144.7327540544 -37.7553505062,144.7326806435 -37.7553149528,144.7326077670 -37.7552787821,144.7325149622 -37.7552317827,144.7324227385 -37.7551839880,144.7323313064 -37.7551352311,144.7322408766 -37.7550853449,144.7321516596 -37.7550341628,144.7320638661 -37.7549815178,144.7319777066 -37.7549272430,144.7319185716 -37.7548877852,144.7318608166 -37.7548470650,144.7318041844 -37.7548053295,144.7317484180 -37.7547628259,144.7316932602 -37.7547198016,144.7316384539 -37.7546765037,144.7315837421 -37.7546331796,144.7315419313 -37.7545997183,144.7315006016 -37.7545658852,144.7314596516 -37.7545317597,144.7314189797 -37.7544974212,144.7313784844 -37.7544629490,144.7313380641 -37.7544284226,144.7312976174 -37.7543939213,144.7312572105 -37.7543593740,144.7312169743 -37.7543247025,144.7311768632 -37.7542899398,144.7311368314 -37.7542551193,144.7310968334 -37.7542202742,144.7310568235 -37.7541854379,144.7310167560 -37.7541506434,144.7309032038 -37.7540507718,144.7307908499 -37.7539499837,144.7306788027 -37.7538489613,144.7305661705 -37.7537483867,144.7304520615 -37.7536489421,144.7303355841 -37.7535513095,144.7302158466 -37.7534561710,144.7301637033 -37.7534169619,144.7301105091 -37.7533786377,144.7300564329 -37.7533410685,144.7300016434 -37.7533041243,144.7299463096 -37.7532676751,144.7298906002 -37.7532315911,144.7298346840 -37.7531957422,144.7297721278 -37.7531556735,144.7297094361 -37.7531156672,144.7296463627 -37.7530760283,144.7295826617 -37.7530370615,144.7295180867 -37.7529990715,144.7294523918 -37.7529623634,144.7293853308 -37.7529272418,144.7293060459 -37.7528886932,144.7292253343 -37.7528520292,144.7291434705 -37.7528169135,144.7290607290 -37.7527830100,144.7289773841 -37.7527499825,144.7288937103 -37.7527174945,144.7288099821 -37.7526852101,144.7287497976 -37.7526624894,144.7286891912 -37.7526404816,144.7286282691 -37.7526190081,144.7285671372 -37.7525978907,144.7285059018 -37.7525769508,144.7284446688 -37.7525560102,144.7283835443 -37.7525348903,144.7283803030 -37.7525337643,144.7283770591 -37.7525326431,144.7283738131 -37.7525315256,144.7283705659 -37.7525304102,144.7283673182 -37.7525292958,144.7283640707 -37.7525281809,144.7283608243 -37.7525270642)
115	Western Hwy	1	1	1	37.718	POINT(144.7389542971 -37.7557081299)	LINESTRING(144.7387569414 -37.7556417705,144.7391516527 -37.7557744894)
119	Western Hwy	1	1	1	30.619	POINT(144.7393305140 -37.7558365065)	LINESTRING(144.7391712764 -37.7557808672,144.7394897516 -37.7558921458)
124	Western Fwy	3	1	1	669.830	POINT(144.7238032322 -37.7508113059)	LINESTRING(144.7202099278 -37.7498362567,144.7225233904 -37.7502594034,144.7232648254 -37.7504178348,144.7239609844 -37.7505931854,144.7245843442 -37.7507876559,144.7251873504 -37.7509911090,144.7263120703 -37.7513858713,144.7273843170 -37.7517897159)
125		3	1	1	101.955	POINT(144.7408623817 -37.7631392851)	LINESTRING(144.7406150215 -37.7627246575,144.7406661033 -37.7628172076,144.7407168516 -37.7629098776,144.7407682669 -37.7630023075,144.7408213500 -37.7630941370,144.7408916784 -37.7632096065,144.7409641010 -37.7633242759,144.7410373613 -37.7634386250,144.7411102027 -37.7635531339)
126		3	1	1	332.147	POINT(144.7408389543 -37.7646322511)	LINESTRING(144.7421881571 -37.7656143456,144.7421701810 -37.7655938302,144.7421521965 -37.7655733194,144.7421342099 -37.7655528097,144.7421162275 -37.7655322978,144.7420982555 -37.7655117801,144.7420803002 -37.7654912534,144.7420623677 -37.7654707141,144.7420443686 -37.7654500461,144.7420263975 -37.7654293628,144.7420084445 -37.7654086696,144.7419904994 -37.7653879722,144.7419725522 -37.7653672759,144.7419545927 -37.7653465862,144.7419366110 -37.7653259086,144.7419185600 -37.7653051665,144.7419005134 -37.7652844219,144.7418824613 -37.7652636803,144.7418643937 -37.7652429471,144.7418463005 -37.7652222280,144.7418281717 -37.7652015283,144.7418099975 -37.7651808536,144.7417917667 -37.7651601690,144.7417735171 -37.7651394946,144.7417552386 -37.7651188361,144.7417369213 -37.7650981991,144.7417185553 -37.7650775893,144.7417001307 -37.7650570124,144.7416816375 -37.7650364741,144.7416630987 -37.7650159772,144.7416445180 -37.7649955036,144.7416258855 -37.7649750594,144.7416071915 -37.7649546504,144.7415884261 -37.7649342826,144.7415695794 -37.7649139620,144.7415506415 -37.7648936947,144.7415316656 -37.7648735146,144.7415126253 -37.7648533717,144.7414935111 -37.7648332725,144.7414743132 -37.7648132233,144.7414550219 -37.7647932305,144.7414356274 -37.7647733007,144.7414161201 -37.7647534402,144.7413965770 -37.7647337047,144.7413769480 -37.7647140217,144.7413572237 -37.7646943979,144.7413373946 -37.7646748404,144.7413174512 -37.7646553562,144.7412973840 -37.7646359522,144.7412771836 -37.7646166354,144.7412569420 -37.7645974715,144.7412365942 -37.7645783766,144.7412161309 -37.7645593585,144.7411955431 -37.7645404247,144.7411748218 -37.7645215827,144.7411539579 -37.7645028403,144.7411329424 -37.7644842051,144.7411118694 -37.7644657386,144.7410906712 -37.7644473600,144.7410693392 -37.7644290775,144.7410478652 -37.7644108994,144.7410262407 -37.7643928339,144.7410044575 -37.7643748894,144.7409825071 -37.7643570741,144.7409604674 -37.7643394306,144.7409382857 -37.7643218959,144.7409159544 -37.7643044791,144.7408934664 -37.7642871889,144.7408708142 -37.7642700343,144.7408479905 -37.7642530241,144.7408249880 -37.7642361672,144.7408018810 -37.7642194354,144.7407786677 -37.7642027873,144.7407553048 -37.7641862688,144.7407317493 -37.7641699258,144.7407079581 -37.7641538043,144.7406838879 -37.7641379501,144.7406594957 -37.7641224092,144.7406278839 -37.7641028836,144.7405959542 -37.7640836706,144.7405637054 -37.7640647868,144.7405311364 -37.7640462488,144.7404982462 -37.7640280732,144.7404650336 -37.7640102767,144.7404314976 -37.7639928757,144.7403853751 -37.7639698658,144.7403387206 -37.7639475324,144.7402916291 -37.7639257616,144.7402441957 -37.7639044393,144.7401965156 -37.7638834514,144.7401486838 -37.7638626837,144.7401007955 -37.7638420222,144.7400674528 -37.7638278008,144.7400339605 -37.7638137996,144.7400003393 -37.7637999899,144.7399666102 -37.7637863427,144.7399327940 -37.7637728292,144.7398989115 -37.7637594207,144.7398649837 -37.7637460883,144.7398426526 -37.7637371691,144.7398203971 -37.7637280890,144.7397981254 -37.7637190257,144.7397757456 -37.7637101571,144.7397531658 -37.7637016611,144.7397302940 -37.7636937156,144.7397070385 -37.7636864982,144.7396917583 -37.7636822638,144.7396763242 -37.7636783569,144.7396607537 -37.7636747787,144.7396450645 -37.7636715304,144.7396292741 -37.7636686132,144.7396134000 -37.7636660283,144.7395974598 -37.7636637769,144.7395800450 -37.7636618506,144.7395625445 -37.7636605002,144.7395449816 -37.7636595688,144.7395273797 -37.7636588991,144.7395097622 -37.7636583341,144.7394921525 -37.7636577168,144.7394745740 -37.7636568900)
128		3	1	1	217.925	POINT(144.7404093774 -37.7615409660)	LINESTRING(144.7404217681 -37.7605712908,144.7403957577 -37.7607325909,144.7403687281 -37.7608938103,144.7403437369 -37.7610551901,144.7403238418 -37.7612169713,144.7403135099 -37.7613215323,144.7403050627 -37.7614262518,144.7403007537 -37.7615310266,144.7403028363 -37.7616357539,144.7403127695 -37.7617463212,144.7403290352 -37.7618565116,144.7403504659 -37.7619662104,144.7403758943 -37.7620753027,144.7404068831 -37.7621839253,144.7404433156 -37.7622915592,144.7404819255 -37.7623987976,144.7405194467 -37.7625062335)
129		3	1	1	77.986	POINT(144.7402500449 -37.7595350052)	LINESTRING(144.7399928532 -37.7592715850,144.7400513422 -37.7593009203,144.7401107125 -37.7593293891,144.7401683201 -37.7593595910,144.7402215208 -37.7593941256,144.7402641476 -37.7594296971,144.7403026804 -37.7594682690,144.7403381116 -37.7595088347,144.7403714337 -37.7595503880,144.7403919663 -37.7595779495,144.7404109046 -37.7596062609,144.7404279726 -37.7596352872,144.7404428945 -37.7596649938,144.7404575597 -37.7597026011,144.7404689270 -37.7597409925,144.7404789753 -37.7597796975,144.7404896831 -37.7598182456)
132	Western Hwy	3	1	1	1454.935	POINT(144.6287743266 -37.7081040354)	LINESTRING(144.6349030874 -37.7124998659,144.6226455659 -37.7037079440)
133	Western Hwy	2	2	1	50.062	POINT(144.6223529179 -37.7035136979)	LINESTRING(144.6225644612 -37.7036643851,144.6221413747 -37.7033630104)
134	Western Fwy	3	1	1	44.197	POINT(144.7191202814 -37.7496280733)	LINESTRING(144.7188761514 -37.7495809503,144.7193644115 -37.7496751962)
136		3	1	1	855.653	POINT(144.7329653566 -37.7536364628)	LINESTRING(144.7285075949 -37.7521009047,144.7294139779 -37.7523660816,144.7297509998 -37.7524647039,144.7300778760 -37.7525632378,144.7304036770 -37.7526639516,144.7306877110 -37.7527539057,144.7309710560 -37.7528452275,144.7312534438 -37.7529383649,144.7315346066 -37.7530337656,144.7317670136 -37.7531157055,144.7319981871 -37.7531998253,144.7322622647 -37.7532956193,144.7338242868 -37.7539246025,144.7345689093 -37.7542055058,144.7374212442 -37.7551725804)
139		3	1	1	104.706	POINT(144.7380381597 -37.7553662272)	LINESTRING(144.7374903298 -37.7551819465,144.7385859896 -37.7555505075)
140	Caroline Springs Blvd	1	1	1	39.811	POINT(144.7399385249 -37.7541542966)	LINESTRING(144.7399545399 -37.7539757735,144.7399225100 -37.7543328192)
141	Caroline Springs Blvd	1	1	1	19.319	POINT(144.7400150763 -37.7532863034)	LINESTRING(144.7400242534 -37.7531997587,144.7400058992 -37.7533728480)
142	Caroline Springs Blvd	1	1	1	12.533	POINT(144.7399810908 -37.7534840502)	LINESTRING(144.7399853921 -37.7534278106,144.7399767895 -37.7535402898)
143	Caroline Springs Blvd	1	1	1	83.654	POINT(144.7398653664 -37.7533998331)	LINESTRING(144.7398159686 -37.7537743502,144.7398687414 -37.7533165601,144.7399149111 -37.7530263856)
147	Western Fwy  Deer Park Byp	2	2	1	201.229	POINT(144.7418338407 -37.7645951286)	LINESTRING(144.7412508207 -37.7638168637,144.7415411547 -37.7642059584,144.7418118429 -37.7645654015,144.7420825310 -37.7649248428,144.7424168449 -37.7653734065)
148	Western Fwy  Deer Park Byp	3	1	1	2993.849	POINT(144.7459632208 -37.7783895928)	LINESTRING(144.7424166451 -37.7654050381,144.7430494952 -37.7662023294,144.7431131327 -37.7662823362,144.7431771676 -37.7663621433,144.7432416317 -37.7664417327,144.7433934643 -37.7666251571,144.7435479786 -37.7668072115,144.7437038302 -37.7669885788,144.7438596748 -37.7671699419,144.7440141680 -37.7673519840,144.7441659654 -37.7675353879,144.7443137228 -37.7677208367,144.7443933707 -37.7678244547,144.7444716416 -37.7679287371,144.7445486164 -37.7680336312,144.7446243758 -37.7681390841,144.7446990006 -37.7682450430,144.7447725715 -37.7683514550,144.7448451693 -37.7684582673,144.7448924402 -37.7685290816,144.7449389799 -37.7686002046,144.7449847935 -37.7686716260,144.7450298859 -37.7687433353,144.7450742621 -37.7688153222,144.7451179270 -37.7688875763,144.7451608857 -37.7689600872,144.7452093983 -37.7690434482,144.7452572174 -37.7691270719,144.7453042426 -37.7692109804,144.7453503735 -37.7692951962,144.7453955097 -37.7693797416,144.7454395508 -37.7694646388,144.7454823965 -37.7695499101,144.7455405101 -37.7696687937,144.7455974365 -37.7697880667,144.7456529452 -37.7699077653,144.7457068057 -37.7700279257,144.7457587876 -37.7701485841,144.7458086604 -37.7702697770,144.7458561937 -37.7703915404,144.7459147833 -37.7705497536,144.7459707740 -37.7707085936,144.7460241157 -37.7708680240,144.7460747585 -37.7710280086,144.7461226524 -37.7711885109,144.7461677476 -37.7713494946,144.7462099940 -37.7715109233,144.7462344445 -37.7716136643,144.7462563878 -37.7717167590,144.7462763681 -37.7718201265,144.7462949291 -37.7719236863,144.7463126150 -37.7720273577,144.7463299696 -37.7721310601,144.7463475370 -37.7722347129,144.7463809442 -37.7724338327,144.7464128303 -37.7726331075,144.7464435962 -37.7728324963,144.7464736429 -37.7730319580,144.7465033713 -37.7732314514,144.7465331825 -37.7734309355,144.7465634773 -37.7736303692,144.7465974119 -37.7738514687,144.7466312303 -37.7740725787,144.7466649772 -37.7742936949,144.7466986975 -37.7745148130,144.7467324360 -37.7747359287,144.7467662376 -37.7749570377,144.7468001472 -37.7751781356,144.7468336301 -37.7753947015,144.7468673913 -37.7756112403,144.7469012575 -37.7758277684,144.7469350552 -37.7760443024,144.7469686112 -37.7762608585,144.7470017521 -37.7764774533,144.7470343045 -37.7766941033,144.7470627572 -37.7768878934,144.7470906485 -37.7770817340,144.7471181597 -37.7772756087,144.7471454720 -37.7774695011,144.7471727668 -37.7776633946,144.7472002252 -37.7778572728,144.7472280284 -37.7780511194,144.7472426229 -37.7781519650,144.7472572453 -37.7782528080,144.7472719149 -37.7783536467,144.7472866512 -37.7784544790,144.7473014734 -37.7785553033,144.7473164010 -37.7786561177,144.7473314534 -37.7787569204,144.7473508455 -37.7788860617,144.7473703044 -37.7790151968,144.7473898751 -37.7791443212,144.7474096024 -37.7792734304,144.7474295312 -37.7794025197,144.7474497064 -37.7795315846,144.7474701730 -37.7796606205,144.7474877943 -37.7797686879,144.7475059315 -37.7798767029,144.7475243430 -37.7799846899,144.7475427873 -37.7800926733,144.7475610228 -37.7802006772,144.7475788081 -37.7803087261,144.7475959015 -37.7804168443,144.7476187706 -37.7805699630,144.7476405109 -37.7807231857,144.7476615761 -37.7808764705,144.7476824200 -37.7810297755,144.7477034960 -37.7811830586,144.7477252580 -37.7813362780,144.7477481595 -37.7814893916,144.7477621940 -37.7815776718,144.7477768678 -37.7816658877,144.7477919325 -37.7817540643,144.7478071399 -37.7818422265,144.7478222416 -37.7819303993,144.7478369893 -37.7820186076,144.7478511347 -37.7821068764,144.7478692287 -37.7822258782,144.7478866083 -37.7823449467,144.7479035351 -37.7824640576,144.7479202704 -37.7825831863,144.7479370757 -37.7827023085,144.7479542124 -37.7828213997,144.7479719419 -37.7829404354,144.7479908538 -37.7830624805,144.7480102896 -37.7831844745,144.7480300442 -37.7833064372,144.7480499125 -37.7834283886,144.7480696892 -37.7835503488,144.7480891692 -37.7836723377,144.7481081475 -37.7837943754,144.7481243700 -37.7839017808,144.7481402692 -37.7840092163,144.7481559369 -37.7841166732,144.7481714648 -37.7842241430,144.7481869447 -37.7843316172,144.7482024684 -37.7844390871,144.7482181277 -37.7845465443,144.7482317730 -37.7846398621,144.7482453693 -37.7847331844,144.7482589619 -37.7848265069,144.7482725962 -37.7849198254,144.7482863176 -37.7850131357,144.7483001714 -37.7851064335,144.7483142030 -37.7851997146,144.7483378286 -37.7853543961,144.7483617598 -37.7855090478,144.7483859133 -37.7856636779,144.7484102057 -37.7858182943,144.7484345536 -37.7859729050,144.7484588738 -37.7861275181,144.7489677956 -37.7895156233,144.7490989255 -37.7902073407,144.7493423578 -37.7909811159,144.7495056517 -37.7913788786)
149		3	1	1	271.217	POINT(144.7070984356 -37.7478821738)	LINESTRING(144.7086111864 -37.7481195707,144.7085564518 -37.7481133079,144.7085016819 -37.7481072193,144.7084469031 -37.7481011744,144.7083921420 -37.7480950422,144.7083374251 -37.7480886922,144.7082827790 -37.7480819936,144.7082282301 -37.7480748157,144.7081419123 -37.7480626039,144.7080557497 -37.7480497237,144.7079697109 -37.7480363153,144.7078837643 -37.7480225187,144.7077978785 -37.7480084737,144.7077120219 -37.7479943205,144.7076261631 -37.7479801990,144.7074632727 -37.7479531148,144.7073005501 -37.7479254023,144.7071379283 -37.7478973125,144.7069753402 -37.7478690964,144.7068127188 -37.7478410051,144.7066499970 -37.7478132896,144.7064871077 -37.7477862010,144.7063586298 -37.7477653850,144.7062300588 -37.7477449313,144.7061014202 -37.7477247412,144.7059727393 -37.7477047157,144.7058440416 -37.7476847561,144.7057153522 -37.7476647635,144.7055866967 -37.7476446392)
154	Western Hwy	2	2	1	170.162	POINT(144.6746244660 -37.7363022888)	LINESTRING(144.6755130837 -37.7366049496,144.6737358484 -37.7359996267)
159		3	1	1	143.648	POINT(144.6553161109 -37.7260828402)	LINESTRING(144.6560137164 -37.7264172718,144.6559546747 -37.7263882717,144.6558956093 -37.7263593014,144.6558365381 -37.7263303385,144.6557774786 -37.7263013607,144.6557184486 -37.7262723457,144.6556594657 -37.7262432709,144.6556005476 -37.7262141141,144.6555002120 -37.7261636037,144.6554004492 -37.7261123459,144.6553008828 -37.7260608345,144.6552011364 -37.7260095629,144.6551008337 -37.7259590251,144.6549995983 -37.7259097147,144.6548970538 -37.7258621252,144.6548577621 -37.7258449184,144.6548180285 -37.7258283593,144.6547779736 -37.7258122713,144.6547377177 -37.7257964776,144.6546973816 -37.7257808017,144.6546570856 -37.7257650670,144.6546169503 -37.7257490967)
160		3	1	1	170.165	POINT(144.6534733163 -37.7256016440)	LINESTRING(144.6544206953 -37.7256970919,144.6542584393 -37.7256461086,144.6541454723 -37.7256218016,144.6540313880 -37.7255994382,144.6539163442 -37.7255791676,144.6538004985 -37.7255611394,144.6536840087 -37.7255455028,144.6535670327 -37.7255324074,144.6534497280 -37.7255220025,144.6533322524 -37.7255144376,144.6532147638 -37.7255098619,144.6530974198 -37.7255084250,144.6529803783 -37.7255102762,144.6528637968 -37.7255155649,144.6527478332 -37.7255244406,144.6526326453 -37.7255370526,144.6525183907 -37.7255535503)
161		3	1	1	151.190	POINT(144.6489823370 -37.7223979908)	LINESTRING(144.6495874725 -37.7228783456,144.6493903154 -37.7226764784,144.6491309317 -37.7224560234,144.6488248435 -37.7222245625,144.6483743839 -37.7219199746)
168	Western Hwy	3	1	1	605.599	POINT(144.6442247188 -37.7186371648)	LINESTRING(144.6416485812 -37.7168315153,144.6425889772 -37.7175035837,144.6435294485 -37.7181755801,144.6444697690 -37.7188477023,144.6454097122 -37.7195201484,144.6455664832 -37.7196338667,144.6457226049 -37.7197481691,144.6458798732 -37.7198614357,144.6460400838 -37.7199720463,144.6461079247 -37.7200162906,144.6461768830 -37.7200594575,144.6462464011 -37.7201020795,144.6463159216 -37.7201446897,144.6464374037 -37.7202191793,144.6465592934 -37.7202932525,144.6466813462 -37.7203671591,144.6468033174 -37.7204411489)
169	Western Hwy	3	1	1	78.548	POINT(144.6411578567 -37.7164836161)	LINESTRING(144.6408277528 -37.7162456428,144.6414879606 -37.7167215886)
172	Western Hwy	3	1	1	312.758	POINT(144.6398061121 -37.7159896369)	LINESTRING(144.6411314974 -37.7169275433,144.6384807267 -37.7150517185)
174		3	1	1	158.379	POINT(144.6486462777 -37.7212933576)	LINESTRING(144.6478571681 -37.7209571890,144.6479797944 -37.7210192422,144.6481022927 -37.7210814570,144.6482250472 -37.7211433484,144.6483484423 -37.7212044315,144.6484410592 -37.7212500166,144.6485338218 -37.7212954429,144.6486274203 -37.7213397215,144.6487225448 -37.7213818636,144.6488323070 -37.7214270231,144.6489434538 -37.7214700752,144.6490558622 -37.7215110323,144.6491694092 -37.7215499063,144.6492362287 -37.7215708092,144.6493038145 -37.7215901662,144.6493717068 -37.7216089049,144.6494394459 -37.7216279527)
175		3	1	1	127.223	POINT(144.6549393935 -37.7250528214)	LINESTRING(144.6544296911 -37.7246495676,144.6544522104 -37.7246729588,144.6544746599 -37.7246963932,144.6544972491 -37.7247197411,144.6545201877 -37.7247428727,144.6545733269 -37.7247957976,144.6546267999 -37.7248485311,144.6546815031 -37.7249004256,144.6547383325 -37.7249508337,144.6548050171 -37.7250053642,144.6548738843 -37.7250582114,144.6549442260 -37.7251098734,144.6550153342 -37.7251608484,144.6551229126 -37.7252354936,144.6552322979 -37.7253085031,144.6553424061 -37.7253808583,144.6554521528 -37.7254535405)
179		3	1	1	35.290	POINT(144.6041471491 -37.6972531646)	LINESTRING(144.6043090648 -37.6971593864,144.6039852335 -37.6973469428)
180		3	1	1	72.529	POINT(144.5990202276 -37.6950235059)	LINESTRING(144.5986078565 -37.6950321393,144.5993205461 -37.6950181658,144.5994323500 -37.6950148664)
182		3	1	1	359.270	POINT(144.6063753887 -37.6944459729)	LINESTRING(144.6047875893 -37.6934856194,144.6047992546 -37.6934975787,144.6054718324 -37.6941501473,144.6055551125 -37.6942318448,144.6056406665 -37.6943118121,144.6057324322 -37.6943870925,144.6058591541 -37.6944745537,144.6059925443 -37.6945558690,144.6061293654 -37.6946339183,144.6062663803 -37.6947115812,144.6063694729 -37.6947711516,144.6064731723 -37.6948301087,144.6065784541 -37.6948871741,144.6066862942 -37.6949410694,144.6068133076 -37.6949980593,144.6069429992 -37.6950512681,144.6070742179 -37.6951022426,144.6072058128 -37.6951525297,144.6072996383 -37.6951885137,144.6073938460 -37.6952239024,144.6074888399 -37.6952578768,144.6075850237 -37.6952896178,144.6076833064 -37.6953183817,144.6077827533 -37.6953446301,144.6078826658 -37.6953698724,144.6079823455 -37.6953956177)
184	Western Fwy	3	1	1	970.159	POINT(144.6041783870 -37.6957523435)	LINESTRING(144.6096624734 -37.6961049466,144.6089488958 -37.6959734997,144.6082661167 -37.6958572714,144.6075178633 -37.6957659753,144.6068154151 -37.6957045698,144.6061019289 -37.6956655437,144.5986870721 -37.6954005269)
187	Western Hwy	3	1	1	857.502	POINT(144.6523552009 -37.7241723467)	LINESTRING(144.6562689316 -37.7264720821,144.6559847087 -37.7263001461,144.6555587459 -37.7260451943,144.6553574510 -37.7259265832,144.6551561108 -37.7258080200,144.6549547083 -37.7256895228,144.6547474736 -37.7255676429,144.6545402363 -37.7254457654,144.6543329679 -37.7253239208,144.6541256395 -37.7252021398,144.6539182228 -37.7250804532,144.6537106889 -37.7249588914,144.6535030094 -37.7248374853,144.6531814378 -37.7246501297,144.6528594737 -37.7244631952,144.6525372870 -37.7242764992,144.6522150481 -37.7240898590,144.6518929270 -37.7239030919,144.6515710939 -37.7237160152,144.6512497191 -37.7235284462,144.6509371288 -37.7233451958,144.6506248942 -37.7231615659,144.6503129184 -37.7229776598,144.6500011043 -37.7227935810,144.6496893549 -37.7226094328,144.6493775731 -37.7224253186,144.6484410881 -37.7218727680)
189	Western Fwy  Deer Park Byp	3	1	1	1958.506	POINT(144.7353185883 -37.7589892361)	LINESTRING(144.7422804415 -37.7655829881,144.7421590118 -37.7654229805,144.7420375732 -37.7652629768,144.7419161324 -37.7651029737,144.7417946961 -37.7649429682,144.7416732707 -37.7647829572,144.7415518628 -37.7646229375,144.7414304790 -37.7644629060,144.7410623129 -37.7639771461,144.7406943798 -37.7634912725,144.7403265400 -37.7630053514,144.7399586535 -37.7625194493,144.7395905804 -37.7620336326,144.7392221808 -37.7615479677,144.7388533147 -37.7610625208,144.7384282092 -37.7605014014,144.7380046454 -37.7599395219,144.7375812248 -37.7593775646,144.7371565490 -37.7588162116,144.7367292194 -37.7582561452,144.7362978377 -37.7576980476,144.7358610053 -37.7571426011,144.7358006155 -37.7570666617,144.7357399956 -37.7569908229,144.7356789535 -37.7569151938,144.7356172970 -37.7568398837,144.7355548341 -37.7567650019,144.7354913727 -37.7566906576,144.7354267206 -37.7566169601,144.7353595788 -37.7565427452,144.7352911999 -37.7564692378,144.7352218160 -37.7563963091,144.7351516591 -37.7563238302,144.7350809611 -37.7562516721,144.7350099542 -37.7561797059,144.7349388701 -37.7561078028,144.7348807412 -37.7560491319,144.7348223671 -37.7559906091,144.7347636977 -37.7559322699,144.7347046831 -37.7558741500,144.7346452731 -37.7558162850,144.7345854178 -37.7557587105,144.7345250670 -37.7557014622,144.7344952339 -37.7556736478,144.7344651047 -37.7556460335,144.7344347469 -37.7556185742,144.7344042278 -37.7555912243,144.7343736148 -37.7555639388,144.7343429752 -37.7555366723,144.7343123764 -37.7555093795,144.7342818353 -37.7554820605,144.7342512867 -37.7554547459,144.7342206996 -37.7554274582,144.7341900431 -37.7554002197,144.7341592861 -37.7553730528,144.7341283976 -37.7553459800,144.7340973467 -37.7553190236,144.7340661508 -37.7552921835,144.7340348337 -37.7552654309,144.7340033965 -37.7552387661,144.7339718403 -37.7552121891,144.7339401662 -37.7551857000,144.7339083755 -37.7551592989,144.7338764692 -37.7551329858,144.7338476591 -37.7551094102,144.7338187287 -37.7550859266,144.7337896901 -37.7550625260,144.7337605556 -37.7550391996,144.7337313374 -37.7550159386,144.7337020478 -37.7549927339,144.7336726990 -37.7549695769,144.7336432891 -37.7549464566,144.7336138168 -37.7549233852,144.7335842728 -37.7549003711,144.7335546477 -37.7548774224,144.7335249321 -37.7548545474,144.7334951165 -37.7548317542,144.7334651916 -37.7548090511,144.7334351772 -37.7547864326,144.7334050792 -37.7547638826,144.7333748887 -37.7547414097,144.7333445965 -37.7547190226,144.7333141938 -37.7546967298,144.7332836716 -37.7546745401,144.7332530210 -37.7546524620,144.7332222627 -37.7546304935,144.7331913984 -37.7546086167,144.7331604216 -37.7545868389,144.7331293259 -37.7545651674,144.7330981048 -37.7545436094,144.7330667520 -37.7545221722,144.7330352611 -37.7545008630,144.7330023510 -37.7544788309,144.7329692986 -37.7544569312,144.7329361115 -37.7544351584,144.7329027972 -37.7544135066,144.7328693634 -37.7543919703,144.7328358176 -37.7543705437,144.7328021676 -37.7543492212,144.7327683884 -37.7543280091,144.7327344810 -37.7543069245,144.7327004572 -37.7542859566,144.7326663290 -37.7542650944,144.7326321082 -37.7542443269,144.7325978067 -37.7542236432,144.7325634364 -37.7542030323,144.7325289730 -37.7541825037,144.7324944113 -37.7541620783,144.7324597624 -37.7541417449,144.7324250375 -37.7541214922,144.7323902479 -37.7541013088,144.7323554047 -37.7540811834,144.7323205191 -37.7540611048,144.7322855916 -37.7540410860,144.7322506017 -37.7540211353,144.7322155536 -37.7540012482,144.7321804517 -37.7539814202,144.7321453005 -37.7539616471,144.7321101042 -37.7539419242,144.7320748672 -37.7539222471,144.7320375623 -37.7539014796,144.7320002167 -37.7538807574,144.7319628243 -37.7538600878,144.7319253793 -37.7538394780,144.7318878754 -37.7538189354,144.7318503068 -37.7537984673,144.7318126673 -37.7537780809,144.7317749569 -37.7537577642,144.7317371903 -37.7537375121,144.7316993632 -37.7537173305,144.7316614711 -37.7536972253,144.7316235096 -37.7536772025,144.7315854742 -37.7536572679,144.7315473603 -37.7536374276,144.7315091788 -37.7536176761,144.7314709315 -37.7535980032,144.7314326144 -37.7535784152,144.7313942231 -37.7535589181,144.7313557535 -37.7535395182,144.7313172014 -37.7535202215,144.7312785627 -37.7535010341,144.7312398488 -37.7534819570,144.7312010560 -37.7534629793,144.7311621838 -37.7534441029,144.7311232317 -37.7534253296,144.7310841992 -37.7534066613,144.7310450858 -37.7533880998,144.7310058909 -37.7533696469,144.7309717662 -37.7533537118,144.7309375692 -37.7533378730,144.7309033026 -37.7533221279,144.7308689691 -37.7533064741,144.7308345711 -37.7532909090,144.7308001112 -37.7532754301,144.7307655922 -37.7532600348,144.7307310042 -37.7532447213,144.7306963531 -37.7532294962,144.7306616402 -37.7532143590,144.7306268667 -37.7531993089,144.7305920335 -37.7531843453,144.7305571420 -37.7531694675,144.7305221931 -37.7531546748,144.7304871855 -37.7531399680,144.7304521187 -37.7531253487,144.7304169941 -37.7531108161,144.7303818125 -37.7530963696,144.7303465751 -37.7530820085,144.7303112830 -37.7530677321,144.7302759372 -37.7530535399,144.7302405541 -37.7530394215,144.7302051275 -37.7530253698,144.7301696496 -37.7530113988,144.7301341126 -37.7529975227,144.7300985085 -37.7529837553,144.7300628295 -37.7529701107,144.7300270678 -37.7529566031,144.7299928664 -37.7529438447,144.7299585939 -37.7529312048,144.7299242535 -37.7529186798,144.7298898484 -37.7529062657,144.7298553817 -37.7528939590,144.7298208567 -37.7528817557,144.7297862764 -37.7528696522,144.7297516157 -37.7528576735,144.7297168772 -37.7528458364,144.7296820761 -37.7528341136,144.7296472273 -37.7528224783,144.7296123460 -37.7528109033,144.7295774471 -37.7527993615,144.7295425457 -37.7527878260,144.7295076309 -37.7527762922,144.7294727004 -37.7527647874,144.7294377493 -37.7527533216,144.7294027726 -37.7527419050,144.7293677654 -37.7527305475,144.7293327227 -37.7527192590,144.7292976394 -37.7527080497,144.7290231248 -37.7526212857,144.7287482030 -37.7525353318,144.7284729850 -37.7524499670,144.7283370772 -37.7524080223)
194	Western Fwy	3	1	1	617.371	POINT(144.6972390029 -37.7438540423)	LINESTRING(144.6940886497 -37.7426296416,144.6988625473 -37.7444865102,144.7003894034 -37.7450784044)
196	Western Fwy	3	1	1	1313.922	POINT(144.7017669103 -37.7457130615)	LINESTRING(144.7086007987 -37.7480489384,144.7085051219 -37.7480342120,144.7084093646 -37.7480197879,144.7083135872 -37.7480054393,144.7082178501 -37.7479909395,144.7081222135 -37.7479760621,144.7080267379 -37.7479605803,144.7079314835 -37.7479442675,144.7077272577 -37.7479074018,144.7075234328 -37.7478691588,144.7073199616 -37.7478297238,144.7071167966 -37.7477892818,144.7069138905 -37.7477480181,144.7067111960 -37.7477061179,144.7065086656 -37.7476637663,144.7063575991 -37.7476323521,144.7062064155 -37.7476011389,144.7060553372 -37.7475695872,144.7059045867 -37.7475371572,144.7057543863 -37.7475033094,144.7056049584 -37.7474675040,144.7054565254 -37.7474292015,144.7053707317 -37.7474053711,144.7052855085 -37.7473802764,144.7052007844 -37.7473541029,144.7051164877 -37.7473270366,144.7050325469 -37.7472992630,144.7049488906 -37.7472709678,144.7048654471 -37.7472423369,144.7047730943 -37.7472098862,144.7046812539 -37.7471765381,144.7045898174 -37.7471424859,144.7044986761 -37.7471079227,144.7044077216 -37.7470730418,144.7043168452 -37.7470380364,144.7042259384 -37.7470030998,144.7040279368 -37.7469267799,144.7038303429 -37.7468498022,144.7036330415 -37.7467723526,144.7034359171 -37.7466946172,144.7032388546 -37.7466167817,144.7030417385 -37.7465390321,144.7028444538 -37.7464615543,144.7026793824 -37.7463969564,144.7025142913 -37.7463323900,144.7023491858 -37.7462678464,144.7021840714 -37.7462033172,144.7020189533 -37.7461387936,144.7018538371 -37.7460742671,144.7016887281 -37.7460097291,144.7012406363 -37.7458345342,144.7007925545 -37.7456593229,144.7003444753 -37.7454841073,144.6998963910 -37.7453088992,144.6994482943 -37.7451337106,144.6990001776 -37.7449585535,144.6985520334 -37.7447834400,144.6980365140 -37.7445820731,144.6975209631 -37.7443807562,144.6970053892 -37.7441794755,144.6964898009 -37.7439782171,144.6959742070 -37.7437769675,144.6954586158 -37.7435757126,144.6949430362 -37.7433744389)
198	Melton Hwy	1	1	1	89.223	POINT(144.6046724756 -37.6920333760)	LINESTRING(144.6047937120 -37.6916435639,144.6045512393 -37.6924231860)
199	Melton Hwy	1	1	1	52.047	POINT(144.6049199602 -37.6914029511)	LINESTRING(144.6050372957 -37.6911903496,144.6049189304 -37.6913664522,144.6048049815 -37.6916197804)
200	Melton Hwy	1	1	1	77.019	POINT(144.6045162464 -37.6920735495)	LINESTRING(144.6044180072 -37.6924112475,144.6046144856 -37.6917358500)
201	Melton Hwy	1	1	1	24.160	POINT(144.6046502729 -37.6915517874)	LINESTRING(144.6046182642 -37.6916574971,144.6046822816 -37.6914460776)
202	Western Fwy	3	1	1	1471.335	POINT(144.6180579620 -37.7004585037)	LINESTRING(144.6115492961 -37.6963478184,144.6117708832 -37.6964146512,144.6119457302 -37.6964699756,144.6121523829 -37.6965464188,144.6123572422 -37.6966258839,144.6125605771 -37.6967078006,144.6127626567 -37.6967915985,144.6129761245 -37.6968824851,144.6131881348 -37.6969755173,144.6133985588 -37.6970707715,144.6136072681 -37.6971683246,144.6138842278 -37.6973007768,144.6141593627 -37.6974356725,144.6144311398 -37.6975746347,144.6146980262 -37.6977192864,144.6152491101 -37.6980380892,144.6157897095 -37.6983681768,144.6163215890 -37.6987071817,144.6168465131 -37.6990527370,144.6171483724 -37.6992605685,144.6174443669 -37.6994737120,144.6177382602 -37.6996887650,144.6180338160 -37.6999023253,144.6183990034 -37.7001609311,144.6187649876 -37.7004188326,144.6191308718 -37.7006768211,144.6194957588 -37.7009356883,144.6198622435 -37.7011979348,144.6202278498 -37.7014609485,144.6205930913 -37.7017242801,144.6209584815 -37.7019874807,144.6212719988 -37.7022128518,144.6215855567 -37.7024381869,144.6218989756 -37.7026636421,144.6222120758 -37.7028893735,144.6224332044 -37.7030494634,144.6226540342 -37.7032098116,144.6228749110 -37.7033701187,144.6230961806 -37.7035300852,144.6234601491 -37.7037917695,144.6238246850 -37.7040529586,144.6241894480 -37.7043139490,144.6245540974 -37.7045750375)
203	Western Fwy	2	2	1	204.518	POINT(144.6104420235 -37.6960203286)	LINESTRING(144.6093414642 -37.6957180840,144.6096524872 -37.6957788358,144.6101942902 -37.6959087518,144.6109400461 -37.6961234472,144.6115333349 -37.6963250278)
205	Western Fwy	2	2	1	146.686	POINT(144.5977416443 -37.6953847749)	LINESTRING(144.5985742543 -37.6954143637,144.5982665174 -37.6953996108,144.5969078862 -37.6953552324)
208	Western Fwy	2	2	1	61.258	POINT(144.5981934670 -37.6950567906)	LINESTRING(144.5978455608 -37.6950435330,144.5985413732 -37.6950700482)
209	Ballarat Rd  Western Hwy	1	1	1	52.776	POINT(144.7403274163 -37.7561590701)	LINESTRING(144.7400518791 -37.7560653278,144.7403270797 -37.7561599223,144.7406032564 -37.7562527093)
210	Caroline Springs Blvd	1	1	1	7.469	POINT(144.7398589954 -37.7552917745)	LINESTRING(144.7398625561 -37.7552583164,144.7398554347 -37.7553252326)
211	Caroline Springs Blvd	1	1	1	21.294	POINT(144.7397731218 -37.7557565511)	LINESTRING(144.7397827236 -37.7556611245,144.7397635200 -37.7558519775)
212	Caroline Springs Blvd	1	1	1	7.161	POINT(144.7398585240 -37.7550152059)	LINESTRING(144.7398613450 -37.7549830901,144.7398557029 -37.7550473216)
213	Caroline Springs Blvd	1	1	1	12.997	POINT(144.7398468968 -37.7551249171)	LINESTRING(144.7398520534 -37.7550666303,144.7398417401 -37.7551832039)
215	Caroline Springs Blvd	1	1	1	30.266	POINT(144.7396589000 -37.7554678296)	LINESTRING(144.7396436172 -37.7556033508,144.7396741828 -37.7553323082)
217	Caroline Springs Blvd	1	1	1	14.217	POINT(144.7397035153 -37.7552396798)	LINESTRING(144.7396967764 -37.7553033696,144.7397102541 -37.7551759899)
220	Western Fwy	2	2	1	31.520	POINT(144.7270155029 -37.7520166249)	LINESTRING(144.7271810647 -37.7520708876,144.7268499411 -37.7519623621)
222	Western Fwy WA	3	1	1	3983.376	POINT(144.5387895601 -37.6882566330)	LINESTRING(144.5165743160 -37.6898579951,144.5168776553 -37.6898028115,144.5171807167 -37.6897465507,144.5174843339 -37.6896924442,144.5177893409 -37.6896437236,144.5180693560 -37.6896061602,144.5183504172 -37.6895735463,144.5186318963 -37.6895429102,144.5189131655 -37.6895112805,144.5192625170 -37.6894727951,144.5196122555 -37.6894360573,144.5199612178 -37.6893958124,144.5203082406 -37.6893468057,144.5207002465 -37.6892806201,144.5210902234 -37.6892068240,144.5214774356 -37.6891245964,144.5218611473 -37.6890331161,144.5222282462 -37.6889341230,144.5225912073 -37.6888256473,144.5229510660 -37.6887105467,144.5233088575 -37.6885916792,144.5238072027 -37.6884161254,144.5243004592 -37.6882315124,144.5247928844 -37.6880453794,144.5252887354 -37.6878652659,144.5257642452 -37.6876961608,144.5262403516 -37.6875277075,144.5267207861 -37.6873680745,144.5272092802 -37.6872254301,144.5275983779 -37.6871293016,144.5279921874 -37.6870452650,144.5283893979 -37.6869713728,144.5287886984 -37.6869056772,144.5292002136 -37.6868473167,144.5296139056 -37.6867987304,144.5300290741 -37.6867581190,144.5304450182 -37.6867236832,144.5308254202 -37.6866976052,144.5312065017 -37.6866777331,144.5315880197 -37.6866640856,144.5319697312 -37.6866566814,144.5324275011 -37.6866560376,144.5328852678 -37.6866633718,144.5333428563 -37.6866771992,144.5338000917 -37.6866960348,144.5341206946 -37.6867131201,144.5344409295 -37.6867344115,144.5347608346 -37.6867588596,144.5350804481 -37.6867854152,144.5359662125 -37.6868672347,144.5368506899 -37.6869577004,144.5377347060 -37.6870512896,144.5386190867 -37.6871424800,144.5403514315 -37.6873136858,144.5420840341 -37.6874832604,144.5438166391 -37.6876528189,144.5455489913 -37.6878239766,144.5471897022 -37.6879883952,144.5488301978 -37.6881541582,144.5504706414 -37.6883202464,144.5521111964 -37.6884856403,144.5528542739 -37.6885599248,144.5535974014 -37.6886338969,144.5543405058 -37.6887080126,144.5550835139 -37.6887827284,144.5561506641 -37.6888916335,144.5572176450 -37.6890015803,144.5582846506 -37.6891113736,144.5593518749 -37.6892198180,144.5600076351 -37.6892846607,144.5606635754 -37.6893483784,144.5610095985 -37.6893768979)
224	Western Fwy	2	2	1	60.823	POINT(144.7091549067 -37.7481575985)	LINESTRING(144.7094934039 -37.7482136173,144.7088164096 -37.7481015797)
228	Western Fwy	3	1	1	39.150	POINT(144.6934278440 -37.7423468822)	LINESTRING(144.6932281023 -37.7422691812,144.6936275858 -37.7424245832)
229	Western Fwy	2	1	1	757.247	POINT(144.6888586686 -37.7410861988)	LINESTRING(144.6927560328 -37.7425222136,144.6910307165 -37.7418442016,144.6901090105 -37.7414870628,144.6891870664 -37.7411303083,144.6882645268 -37.7407745171,144.6880600086 -37.7406959373,144.6878553837 -37.7406175311,144.6876506571 -37.7405392910,144.6874458337 -37.7404612095,144.6872219836 -37.7403752625,144.6869982897 -37.7402890429,144.6867739616 -37.7402038979,144.6865482087 -37.7401211745,144.6863988311 -37.7400682224,144.6862488098 -37.7400163909,144.6860978940 -37.7399662500,144.6859458327 -37.7399183699,144.6857754638 -37.7398685009,144.6856038124 -37.7398213944,144.6854314933 -37.7397757510,144.6852591212 -37.7397302717,144.6851834384 -37.7397103840,144.6851076177 -37.7396908248,144.6850317418 -37.7396713971,144.6849558935 -37.7396519037)
230	Hopkins Rd	1	1	1	57.497	POINT(144.7009809915 -37.7423164618)	LINESTRING(144.7010265858 -37.7420599853,144.7009995205 -37.7422399847,144.7009352166 -37.7425718873)
231	Hopkins Rd	1	1	1	48.536	POINT(144.7009459048 -37.7421637947)	LINESTRING(144.7009128790 -37.7423804577,144.7009789306 -37.7419471310)
232	Hopkins Rd	1	1	1	74.693	POINT(144.7011272109 -37.7415979201)	LINESTRING(144.7011920331 -37.7412656627,144.7011343725 -37.7416605040,144.7010620828 -37.7419287008)
233	Hopkins Rd	1	1	1	8.684	POINT(144.7010072417 -37.7418120315)	LINESTRING(144.7010026176 -37.7418509052,144.7010118657 -37.7417731579)
240	Western Fwy  Deer Park Byp	2	2	1	50.694	POINT(144.7425571502 -37.7659756660)	LINESTRING(144.7427159504 -37.7661658279,144.7423983501 -37.7657855036)
243	Ferris Rd  Melton Hwy	2	2	1	93.321	POINT(144.6036452294 -37.6967093438)	LINESTRING(144.6035620997 -37.6971236493,144.6036531015 -37.6966992144,144.6037282205 -37.6962943428)
244	Ferris Rd  Melton Hwy	1	1	1	25.018	POINT(144.6036799984 -37.6970514950)	LINESTRING(144.6037015852 -37.6969402429,144.6036584115 -37.6971627469)
248	Ferris Rd  Melton Hwy	1	1	1	42.684	POINT(144.6037717126 -37.6965982211)	LINESTRING(144.6038108866 -37.6964087000,144.6037325387 -37.6967877417)
255	Hopkins Rd	1	1	1	27.803	POINT(144.7010983807 -37.7473772732)	LINESTRING(144.7010173824 -37.7472703088,144.7011090706 -37.7473877315,144.7011785627 -37.7474853316)
256	Hopkins Rd	1	1	1	34.790	POINT(144.7009189341 -37.7470697753)	LINESTRING(144.7008547950 -37.7469218117,144.7009830732 -37.7472177386)
257		3	1	1	59.275	POINT(144.7020325577 -37.7478225793)	LINESTRING(144.7023420094 -37.7477184787,144.7022801365 -37.7477266345,144.7022180233 -37.7477340472,144.7021563907 -37.7477429463,144.7020959599 -37.7477555613,144.7020475293 -37.7477692277,144.7020001574 -37.7477852492,144.7019541583 -37.7478035847,144.7019098461 -37.7478241930,144.7018657572 -37.7478491382,144.7018242339 -37.7478768706,144.7017837367 -37.7479057179,144.7017427265 -37.7479340078)
260	Hopkins Rd	1	1	1	50.716	POINT(144.7006321200 -37.7438619317)	LINESTRING(144.7005952828 -37.7440880911,144.7006689572 -37.7436357716)
262		3	1	1	345.520	POINT(144.6979109221 -37.7427784487)	LINESTRING(144.6959803406 -37.7429976482,144.6960893999 -37.7430012848,144.6961984694 -37.7430057381,144.6963075184 -37.7430085579,144.6964165161 -37.7430072938,144.6965325733 -37.7430009649,144.6966483055 -37.7429910334,144.6967635566 -37.7429778955,144.6968781705 -37.7429619472,144.6972558710 -37.7428968321,144.6976302787 -37.7428200417,144.6980030441 -37.7427376093,144.6983758177 -37.7426555680,144.6983881447 -37.7426528841,144.6984004489 -37.7426501348,144.6984127426 -37.7426473560,144.6984250385 -37.7426445833,144.6984373376 -37.7426418158,144.6984496330 -37.7426390382,144.6984619294 -37.7426362634,144.6984742316 -37.7426335047,144.6984865353 -37.7426307580,144.6984988416 -37.7426280186,144.6985111550 -37.7426252995,144.6985234801 -37.7426226138,144.6985358098 -37.7426199583,144.6985481482 -37.7426173274,144.6985604992 -37.7426147344,144.6985728670 -37.7426121924,144.6985852451 -37.7426096981,144.6985976369 -37.7426072462,144.6986100459 -37.7426048497,144.6986224755 -37.7426025222,144.6986349261 -37.7426002642,144.6986473952 -37.7425980698,144.6986598827 -37.7425959422,144.6986723887 -37.7425938849,144.6986800609 -37.7425926714,144.6986877442 -37.7425915025,144.6986954368 -37.7425903717,144.6987031366 -37.7425892725,144.6987108439 -37.7425882061,144.6987185591 -37.7425871751,144.6987262808 -37.7425861747,144.6987340076 -37.7425852004,144.6987417423 -37.7425842535,144.6987494826 -37.7425833357,144.6987572276 -37.7425824424,144.6987649761 -37.7425815690,144.6987727310 -37.7425807166,144.6987804899 -37.7425798871,144.6987882519 -37.7425790760,144.6987960161 -37.7425782783,144.6988037844 -37.7425774956,144.6988115553 -37.7425767295,144.6988193281 -37.7425759755,144.6988271020 -37.7425752286,144.6988348768 -37.7425744906,144.6988426532 -37.7425737631,144.6988504305 -37.7425730411,144.6988582079 -37.7425723202,144.6988659825 -37.7425716008,144.6988737577 -37.7425708848,144.6988815330 -37.7425701697,144.6988893080 -37.7425694531,144.6988980172 -37.7425686464,144.6989067261 -37.7425678376,144.6989154352 -37.7425670306,144.6989241452 -37.7425662292,144.6989328584 -37.7425654315,144.6989415721 -37.7425646367,144.6989502868 -37.7425638491,144.6989590032 -37.7425630733,144.6989677214 -37.7425623077,144.6989764409 -37.7425615509,144.6989851622 -37.7425608073,144.6989938859 -37.7425600814,144.6990026103 -37.7425593719,144.6990113367 -37.7425586771,144.6990200654 -37.7425580015,144.6990287970 -37.7425573496,144.6990375289 -37.7425567200,144.6990462632 -37.7425561112,144.6990550002 -37.7425555277,144.6990637403 -37.7425549738,144.6990724811 -37.7425544483,144.6990812244 -37.7425539495,144.6990899705 -37.7425534819,144.6990987195 -37.7425530501,144.6991074706 -37.7425526513,144.6991162241 -37.7425522845,144.6991249800 -37.7425519566,144.6991337383 -37.7425516745,144.6991723379 -37.7425506426,144.6992109457 -37.7425498051,144.6992495594 -37.7425491546,144.6992881766 -37.7425486839,144.6993267957 -37.7425484103,144.6993654170 -37.7425483314,144.6994040386 -37.7425484098,144.6994426591 -37.7425486082,144.6994812909 -37.7425489392,144.6995199206 -37.7425494152,144.6995585483 -37.7425499987,144.6995971739 -37.7425506526,144.6996358110 -37.7425513894,144.6996744451 -37.7425522214,144.6997130774 -37.7425531113,144.6997517088 -37.7425540219,144.6997903457 -37.7425549658,144.6998289809 -37.7425559551,144.6998418815 -37.7425562882)
263	Leakes Rd	1	1	1	34.375	POINT(144.6526881783 -37.7283032981)	LINESTRING(144.6527721553 -37.7284428878,144.6526042013 -37.7281637081)
264	Leakes Rd	1	1	1	48.724	POINT(144.6524506923 -37.7277807714)	LINESTRING(144.6523090630 -37.7275924496,144.6525923215 -37.7279690928)
265		3	1	1	340.575	POINT(144.6502894029 -37.7243695995)	LINESTRING(144.6509496450 -37.7257608936,144.6509241097 -37.7257492374,144.6508981422 -37.7257380604,144.6508720665 -37.7257270032,144.6508462071 -37.7257157064,144.6508208880 -37.7257038106,144.6507964336 -37.7256909565,144.6507731681 -37.7256767847,144.6507498948 -37.7256607080,144.6507274263 -37.7256438227,144.6507058749 -37.7256261568,144.6506853531 -37.7256077385,144.6506659732 -37.7255885958,144.6506478475 -37.7255687568,144.6506310883 -37.7255482495,144.6506181604 -37.7255302079,144.6506065628 -37.7255115800,144.6505961595 -37.7254924668,144.6505868145 -37.7254729692,144.6505783917 -37.7254531884,144.6505707551 -37.7254332255,144.6505637688 -37.7254131815,144.6505265331 -37.7252837253,144.6504988143 -37.7251527717,144.6504775990 -37.7250207817,144.6504598741 -37.7248882161,144.6504426263 -37.7247555359,144.6504228424 -37.7246232021,144.6503975091 -37.7244916754,144.6503837169 -37.7244301479,144.6503695312 -37.7243686528,144.6503547106 -37.7243072475,144.6503390135 -37.7242459893,144.6503221985 -37.7241849355,144.6503040240 -37.7241241435,144.6502842485 -37.7240636707,144.6502631511 -37.7240044956,144.6502406178 -37.7239456414,144.6502167962 -37.7238870898,144.6501918341 -37.7238288224,144.6501658791 -37.7237708208,144.6501390790 -37.7237130667,144.6501115815 -37.7236555418,144.6500924553 -37.7236163866,144.6500729209 -37.7235773348,144.6500528341 -37.7235384540,144.6500320508 -37.7234998119,144.6500104266 -37.7234614761,144.6499878173 -37.7234235142,144.6499640788 -37.7233859938,144.6499221028 -37.7233244996,144.6498777586 -37.7232640559,144.6498316920 -37.7232043763,144.6497845490 -37.7231451741,144.6497369754 -37.7230861629,144.6496896171 -37.7230270562,144.6496431199 -37.7229675674)
267	Ian Cowie Way EA	1	1	1	83.694	POINT(144.6528107399 -37.7273873133)	LINESTRING(144.6532783844 -37.7274089844,144.6532165538 -37.7273997631,144.6531547476 -37.7273904318,144.6530928925 -37.7273813206,144.6530309151 -37.7273727598,144.6529921921 -37.7273674653,144.6529534407 -37.7273622268,144.6529145816 -37.7273577034,144.6528755353 -37.7273545543,144.6528234193 -37.7273523636,144.6527712000 -37.7273517262,144.6527189835 -37.7273526084,144.6526668761 -37.7273549767,144.6526246079 -37.7273578045,144.6525824205 -37.7273616459,144.6525405848 -37.7273670858,144.6524993716 -37.7273747093,144.6524604703 -37.7273849899,144.6524225795 -37.7273976032,144.6523850929 -37.7274111497,144.6523474042 -37.7274242296)
268	Ian Cowie Way	1	1	1	86.656	POINT(144.6528074048 -37.7273124573)	LINESTRING(144.6523231618 -37.7273425358,144.6523625221 -37.7273326206,144.6524017832 -37.7273224057,144.6524412428 -37.7273127904,144.6524811988 -37.7273046741,144.6525253957 -37.7272975756,144.6525699291 -37.7272917757,144.6526147095 -37.7272873729,144.6526596474 -37.7272844656,144.6527099450 -37.7272831241,144.6527603074 -37.7272835659,144.6528106551 -37.7272853655,144.6528609085 -37.7272880975,144.6529125706 -37.7272921003,144.6529640644 -37.7272974054,144.6530154583 -37.7273034167,144.6530668205 -37.7273095382,144.6531237997 -37.7273164753,144.6531806951 -37.7273238402,144.6532375571 -37.7273313762,144.6532944357 -37.7273388267)
270	Leakes Rd	1	1	1	41.364	POINT(144.6547502994 -37.7194000793)	LINESTRING(144.6548131822 -37.7192190291,144.6547247119 -37.7195036211,144.6546853470 -37.7195762394)
271	Leakes Rd	1	1	1	265.766	POINT(144.6539629897 -37.7202313316)	LINESTRING(144.6533200607 -37.7212845933,144.6535351558 -37.7210521049,144.6537725895 -37.7208022531,144.6540016052 -37.7205482014,144.6542095758 -37.7202836508,144.6542971405 -37.7201480339,144.6543743223 -37.7200083011,144.6544461444 -37.7198665185,144.6545437386 -37.7195825833,144.6546022017 -37.7191705140)
273		3	1	1	291.399	POINT(144.6538976859 -37.7232570985)	LINESTRING(144.6534959811 -37.7220046853,144.6534961408 -37.7220710747,144.6534960699 -37.7221374663,144.6534959415 -37.7222038584,144.6534959282 -37.7222702493,144.6534962031 -37.7223366374,144.6534969391 -37.7224030209,144.6534983088 -37.7224693981,144.6534994711 -37.7225163324,144.6535006339 -37.7225632778,144.6535020105 -37.7226102211,144.6535038146 -37.7226571488,144.6535062595 -37.7227040477,144.6535095587 -37.7227509045,144.6535139257 -37.7227977058,144.6535191683 -37.7228433972,144.6535251757 -37.7228890398,144.6535319462 -37.7229346214,144.6535394780 -37.7229801303,144.6535477694 -37.7230255544,144.6535568184 -37.7230708818,144.6535666235 -37.7231161006,144.6535749098 -37.7231514577,144.6535837996 -37.7231867305,144.6535932824 -37.7232219115,144.6536033477 -37.7232569930,144.6536139850 -37.7232919677,144.6536251839 -37.7233268281,144.6536369337 -37.7233615665,144.6536534024 -37.7234079416,144.6536706071 -37.7234541604,144.6536885565 -37.7235002078,144.6537072594 -37.7235460684,144.6537267243 -37.7235917272,144.6537469600 -37.7236371687,144.6537679753 -37.7236823779,144.6537861537 -37.7237195610,144.6538051490 -37.7237564892,144.6538248171 -37.7237932045,144.6538450136 -37.7238297490,144.6538655943 -37.7238661645,144.6538864150 -37.7239024932,144.6539073313 -37.7239387768,144.6539282229 -37.7239751626,144.6539491215 -37.7240115636,144.6539702361 -37.7240478890,144.6539917758 -37.7240840475,144.6540139498 -37.7241199482,144.6540369671 -37.7241554999,144.6540610368 -37.7241906117,144.6540935529 -37.7242348874,144.6541275759 -37.7242784479,144.6541626948 -37.7243214882,144.6541984986 -37.7243642035,144.6542345765 -37.7244067887,144.6542705173 -37.7244494389,144.6543059102 -37.7244923491)
274	Christies Rd	1	1	1	17.303	POINT(144.7394501380 -37.7593921278)	LINESTRING(144.7394454322 -37.7594698212,144.7394548439 -37.7593144343)
277	Christies Rd	1	1	1	31.961	POINT(144.7394317145 -37.7596565809)	LINESTRING(144.7394222959 -37.7598000608,144.7394411330 -37.7595131007)
279	Christies Rd	1	1	1	136.075	POINT(144.7392372590 -37.7625573207)	LINESTRING(144.7392892120 -37.7619473524,144.7392771381 -37.7620757988,144.7392651377 -37.7622042493,144.7392531556 -37.7623327008,144.7392411368 -37.7624611498,144.7392290262 -37.7625895931,144.7392167689 -37.7627180273,144.7392043096 -37.7628464491,144.7392013292 -37.7628731125,144.7391978498 -37.7628997594,144.7391942257 -37.7629264008,144.7391908110 -37.7629530480,144.7391879600 -37.7629797121,144.7391860267 -37.7630064045,144.7391853656 -37.7630331362,144.7391859646 -37.7630523035,144.7391874647 -37.7630714394,144.7391896201 -37.7630905524,144.7391921850 -37.7631096511,144.7391949137 -37.7631287440,144.7391975606 -37.7631478399,144.7391998798 -37.7631669471)
280	Christies Rd	1	1	1	138.999	POINT(144.7391384388 -37.7625556955)	LINESTRING(144.7390265180 -37.7631669756,144.7390386296 -37.7631456994,144.7390510839 -37.7631245298,144.7390636239 -37.7631033870,144.7390759926 -37.7630821908,144.7390879328 -37.7630608611,144.7390991874 -37.7630393179,144.7391094993 -37.7630174812,144.7391165245 -37.7630009279,144.7391230257 -37.7629842356,144.7391290500 -37.7629674244,144.7391346443 -37.7629505142,144.7391398556 -37.7629335249,144.7391447309 -37.7629164767,144.7391493171 -37.7628993896,144.7391535771 -37.7628821145,144.7391574063 -37.7628647743,144.7391608587 -37.7628473803,144.7391639883 -37.7628299439,144.7391668492 -37.7628124763,144.7391694954 -37.7627949888,144.7391719809 -37.7627774929,144.7391870338 -37.7626580058,144.7391995812 -37.7625383385,144.7392103065 -37.7624185401,144.7392198929 -37.7622986597,144.7392290238 -37.7621787464,144.7392383824 -37.7620588493,144.7392486522 -37.7619390174)
281	Christies Rd	1	1	1	221.857	POINT(144.7393313460 -37.7608138827)	LINESTRING(144.7392616532 -37.7618096324,144.7394010389 -37.7598181196)
282	Christies Rd	1	1	1	280.267	POINT(144.7394108995 -37.7605671409)	LINESTRING(144.7395216498 -37.7593102919,144.7394862665 -37.7597983681,144.7394089053 -37.7605593920,144.7393001359 -37.7618238012)
283	Christies Rd	1	1	1	39.163	POINT(144.7397049612 -37.7568852585)	LINESTRING(144.7397276762 -37.7567101260,144.7396822462 -37.7570603906)
287	Christies Rd	1	1	1	7.642	POINT(144.7394927131 -37.7577399568)	LINESTRING(144.7394967896 -37.7577741589,144.7394886366 -37.7577057546)
288	Christies Rd	1	1	1	48.827	POINT(144.7395002248 -37.7574348945)	LINESTRING(144.7394766138 -37.7576535931,144.7395238358 -37.7572161953)
290	Caroline Springs Blvd	1	1	1	32.223	POINT(144.7399130912 -37.7528344548)	LINESTRING(144.7399193875 -37.7529791911,144.7399223806 -37.7529638493,144.7399257817 -37.7529485313,144.7399292847 -37.7529332193,144.7399325838 -37.7529178954,144.7399353729 -37.7529025418,144.7399373462 -37.7528871406,144.7399381978 -37.7528716741,144.7399380216 -37.7528586205,144.7399371982 -37.7528455660,144.7399357621 -37.7528325306,144.7399337473 -37.7528195344,144.7399311884 -37.7528065975,144.7399281194 -37.7527937400,144.7399245747 -37.7527809817,144.7399211871 -37.7527709277,144.7399171624 -37.7527610221,144.7399126742 -37.7527512247,144.7399078964 -37.7527414947,144.7399030028 -37.7527317917,144.7398981671 -37.7527220753,144.7398847846 -37.7526972664)
291	Caroline Springs Blvd	1	1	1	181.814	POINT(144.7399878290 -37.7515092770)	LINESTRING(144.7399130263 -37.7523211828,144.7399255330 -37.7522636978,144.7399436921 -37.7521972866,144.7399606703 -37.7521307175,144.7399746965 -37.7520637533,144.7399991673 -37.7519032166,144.7400171824 -37.7517420860,144.7400311017 -37.7515806320,144.7400432850 -37.7514191248,144.7400511323 -37.7513173350,144.7400580655 -37.7512154722,144.7400620508 -37.7511135780,144.7400610546 -37.7510116939,144.7400548802 -37.7509324577,144.7400445224 -37.7508534391,144.7400324911 -37.7507745075,144.7400212966 -37.7506955323)
292	Caroline Springs Blvd NA	1	1	1	196.211	POINT(144.7401502056 -37.7515629624)	LINESTRING(144.7401735906 -37.7506844203,144.7401751525 -37.7506966220,144.7401767050 -37.7507088246,144.7401782552 -37.7507210273,144.7401798100 -37.7507332296,144.7401813765 -37.7507454310,144.7401829616 -37.7507576309,144.7401845722 -37.7507698286,144.7401862276 -37.7507820267,144.7401879272 -37.7507942211,144.7401896500 -37.7508064135,144.7401913752 -37.7508186056,144.7401930817 -37.7508307993,144.7401947487 -37.7508429964,144.7401963552 -37.7508551984,144.7401979283 -37.7508673963,144.7401994968 -37.7508795949,144.7402010398 -37.7508917957,144.7402025361 -37.7509039998,144.7402039649 -37.7509162086,144.7402053049 -37.7509284232,144.7402065353 -37.7509406451,144.7402076724 -37.7509528666,144.7402087413 -37.7509650927,144.7402097318 -37.7509773231,144.7402106338 -37.7509895577,144.7402114373 -37.7510017962,144.7402121322 -37.7510140383,144.7402127084 -37.7510262839,144.7402132043 -37.7510398379,144.7402135648 -37.7510533950,144.7402138041 -37.7510669543,144.7402139362 -37.7510805150,144.7402139752 -37.7510940763,144.7402139351 -37.7511076373,144.7402138300 -37.7511211973,144.7402136406 -37.7511347619,144.7402133480 -37.7511483254,144.7402129669 -37.7511618879,144.7402125116 -37.7511754492,144.7402119968 -37.7511890094,144.7402114368 -37.7512025684,144.7402108463 -37.7512161262,144.7402102056 -37.7512296890,144.7402094957 -37.7512432498,144.7402087310 -37.7512568088,144.7402079260 -37.7512703665,144.7402070952 -37.7512839233,144.7402062530 -37.7512974796,144.7402054139 -37.7513110359,144.7402045688 -37.7513245886,144.7402037015 -37.7513381404,144.7402028166 -37.7513516915,144.7402019184 -37.7513652421,144.7402010115 -37.7513787923,144.7402001003 -37.7513923423,144.7401991893 -37.7514058923,144.7401977355 -37.7514276716,144.7401962894 -37.7514494512,144.7401948382 -37.7514712307,144.7401933693 -37.7514930093,144.7401918699 -37.7515147866,144.7401903273 -37.7515365620,144.7401887289 -37.7515583348,144.7401870854 -37.7515801076,144.7401854118 -37.7516018790,144.7401837014 -37.7516236487,144.7401819477 -37.7516454162,144.7401801441 -37.7516671811,144.7401782839 -37.7516889429,144.7401763606 -37.7517107012,144.7401744618 -37.7517324605,144.7401726226 -37.7517542257,144.7401707575 -37.7517759899,144.7401687811 -37.7517977463,144.7401666082 -37.7518194884,144.7401641532 -37.7518412093,144.7401613308 -37.7518629022,144.7401580254 -37.7518855961,144.7401544620 -37.7519082682,144.7401506358 -37.7519309150,144.7401465415 -37.7519535327,144.7401421743 -37.7519761177,144.7401375288 -37.7519986663,144.7401326002 -37.7520211748,144.7401287200 -37.7520370582,144.7401243911 -37.7520528727,144.7401198041 -37.7520686473,144.7401151495 -37.7520844112,144.7401106178 -37.7521001934,144.7401063997 -37.7521160231,144.7401026855 -37.7521319292,144.7400995712 -37.7521464937,144.7400965146 -37.7521610823,144.7400936447 -37.7521756967,144.7400910905 -37.7521903390,144.7400889809 -37.7522050109,144.7400874451 -37.7522197142,144.7400866118 -37.7522344509,144.7400864390 -37.7522461524,144.7400866398 -37.7522578714,144.7400872499 -37.7522695882,144.7400883052 -37.7522812830,144.7400898415 -37.7522929361,144.7400918946 -37.7523045277,144.7400945003 -37.7523160381,144.7400984485 -37.7523294294,144.7401033090 -37.7523426307,144.7401088330 -37.7523556940,144.7401147717 -37.7523686710,144.7401208763 -37.7523816135,144.7401268979 -37.7523945732,144.7401453897 -37.7524336300)
293	Chisholm Dr	1	1	1	82.774	POINT(144.7407875855 -37.7525664975)	LINESTRING(144.7403238899 -37.7525220463,144.7403471855 -37.7525274828,144.7403703960 -37.7525332096,144.7403935851 -37.7525390089,144.7404168169 -37.7525446632,144.7404401550 -37.7525499544,144.7404636634 -37.7525546648,144.7404874060 -37.7525585767,144.7405961095 -37.7525720043,144.7407054350 -37.7525817458,144.7408152128 -37.7525888065,144.7409252733 -37.7525941917,144.7410354469 -37.7525989068,144.7411455640 -37.7526039569,144.7412554549 -37.7526103474)
294	Chisholm Dr EA	1	1	1	90.277	POINT(144.7407440041 -37.7526323820)	LINESTRING(144.7412548253 -37.7526576576,144.7411380687 -37.7526492445,144.7410213278 -37.7526387702,144.7409045908 -37.7526277806,144.7407878460 -37.7526178216,144.7406710816 -37.7526104390,144.7405542859 -37.7526071785,144.7404374471 -37.7526095861,144.7404129111 -37.7526115011,144.7403885718 -37.7526146015,144.7403643755 -37.7526185642,144.7403402687 -37.7526230657,144.7403161977 -37.7526277828,144.7402921088 -37.7526323921,144.7402395646 -37.7526511460)
295	High St	1	1	1	10.914	POINT(144.6040946730 -37.6903757421)	LINESTRING(144.6040451253 -37.6903461759,144.6041442207 -37.6904053082)
301	High St	1	1	1	31.037	POINT(144.6054298787 -37.6909927835)	LINESTRING(144.6053687393 -37.6908617850,144.6054910182 -37.6911237817)
302	High St	1	1	1	18.090	POINT(144.6054585526 -37.6912074559)	LINESTRING(144.6055069608 -37.6912794509,144.6054855903 -37.6912498306,144.6054657936 -37.6912191567,144.6054463905 -37.6911882194,144.6054262004 -37.6911578088,144.6054096688 -37.6911361023)
303	High Street Drive EA	1	1	1	204.038	POINT(144.6064258004 -37.6920597689)	LINESTRING(144.6072366766 -37.6927116987,144.6070333349 -37.6925617033,144.6068266544 -37.6924142057,144.6066191393 -37.6922673324,144.6064132935 -37.6921192097,144.6062116212 -37.6919679641,144.6060166263 -37.6918117220,144.6058308130 -37.6916486097,144.6057972377 -37.6916157455,144.6057655893 -37.6915817075,144.6057353422 -37.6915468159,144.6057059710 -37.6915113907,144.6056769501 -37.6914757521,144.6056477541 -37.6914402201,144.6056178574 -37.6914051150)
304	High St	1	1	1	210.843	POINT(144.6064508162 -37.6919849125)	LINESTRING(144.6056091076 -37.6913116807,144.6056265633 -37.6913316222,144.6056436621 -37.6913517837,144.6056606717 -37.6913720003,144.6056778597 -37.6913921068,144.6056954938 -37.6914119382,144.6057138418 -37.6914313292,144.6057331713 -37.6914501148,144.6059411883 -37.6916335503,144.6061584468 -37.6918101371,144.6063824263 -37.6919817430,144.6066106065 -37.6921502356,144.6068404669 -37.6923174827,144.6070694872 -37.6924853520,144.6072951470 -37.6926557112)
305	Melton Hwy	1	1	1	18.350	POINT(144.6048767309 -37.6901478475)	LINESTRING(144.6048455577 -37.6902266415,144.6049079041 -37.6900690535)
307	Melton Hwy	1	1	1	249.904	POINT(144.6055248113 -37.6888967993)	LINESTRING(144.6058320350 -37.6877989466,144.6052175876 -37.6899946356)
308	Ferris Rd  Melton Hwy	1	1	1	73.657	POINT(144.6042945782 -37.6937822838)	LINESTRING(144.6043477734 -37.6934535703,144.6042413830 -37.6941109959)
309	Ferris Rd  Melton Hwy	1	1	1	10.515	POINT(144.6041334865 -37.6941728444)	LINESTRING(144.6041260823 -37.6942197891,144.6041408908 -37.6941258997)
310		1	1	1	307.206	POINT(144.6020371022 -37.6979496687)	LINESTRING(144.6030908944 -37.6989708616,144.6030495340 -37.6989653713,144.6030081172 -37.6989601098,144.6029666862 -37.6989549054,144.6029252834 -37.6989495867,144.6028839513 -37.6989439820,144.6028427322 -37.6989379198,144.6028016685 -37.6989312284,144.6027811265 -37.6989276840,144.6027605848 -37.6989240660,144.6027400886 -37.6989202805,144.6027196828 -37.6989162338,144.6026994123 -37.6989118321,144.6026793222 -37.6989069817,144.6026594573 -37.6989015887,144.6026379610 -37.6988951709,144.6026166344 -37.6988883465,144.6025955250 -37.6988810896,144.6025746800 -37.6988733744,144.6025541471 -37.6988651750,144.6025339736 -37.6988564657,144.6025142068 -37.6988472205,144.6024931708 -37.6988367284,144.6024724143 -37.6988258041,144.6024520611 -37.6988143919,144.6024322346 -37.6988024360,144.6024130588 -37.6987898803,144.6023946571 -37.6987766691,144.6023771533 -37.6987627466,144.6023576938 -37.6987450380,144.6023397937 -37.6987263312,144.6023230447 -37.6987068893,144.6023070385 -37.6986869754,144.6022913669 -37.6986668524,144.6022756216 -37.6986467836,144.6022593944 -37.6986270320,144.6022368626 -37.6986006350,144.6022143010 -37.6985742502,144.6021917957 -37.6985478348,144.6021694328 -37.6985213459,144.6021472984 -37.6984947409,144.6021254785 -37.6984679770,144.6021040592 -37.6984410113,144.6020278581 -37.6983430317,144.6019524424 -37.6982446473,144.6018780116 -37.6981457880,144.6018047650 -37.6980463836,144.6017329020 -37.6979463639,144.6016626220 -37.6978456590,144.6015941243 -37.6977441987,144.6015704791 -37.6977076835,144.6015476158 -37.6976708577,144.6015253627 -37.6976337907,144.6015035481 -37.6975965520,144.6014820002 -37.6975592108,144.6014605474 -37.6975218367,144.6014390180 -37.6974844989,144.6014177778 -37.6974468862,144.6013972119 -37.6974090230,144.6013769297 -37.6973710560,144.6013565410 -37.6973331317,144.6013356554 -37.6972953969,144.6013138823 -37.6972579982,144.6012908316 -37.6972210822,144.6012781967 -37.6972017079,144.6012653760 -37.6971823753,144.6012522172 -37.6971631803,144.6012385680 -37.6971442186,144.6012242761 -37.6971255861,144.6012091891 -37.6971073788,144.6011931547 -37.6970896925,144.6011673743 -37.6970642483,144.6011399846 -37.6970398821,144.6011114244 -37.6970163001,144.6010821326 -37.6969932080,144.6010525483 -37.6969703120,144.6010231103 -37.6969473180,144.6009942574 -37.6969239319)
311	Sokyola way WA	1	1	1	225.544	POINT(144.6016731245 -37.6977684640)	LINESTRING(144.6010228690 -37.6969020397,144.6010543454 -37.6969263389,144.6010863806 -37.6969502405,144.6011185555 -37.6969740426,144.6011504511 -37.6969980435,144.6011816481 -37.6970225416,144.6012117275 -37.6970478350,144.6012402703 -37.6970742222,144.6012570083 -37.6970912361,144.6012729954 -37.6971087105,144.6012882996 -37.6971265843,144.6013029892 -37.6971447964,144.6013171321 -37.6971632857,144.6013307967 -37.6971819911,144.6013440509 -37.6972008517,144.6013686731 -37.6972381601,144.6013917442 -37.6972760830,144.6014136627 -37.6973144614,144.6014348272 -37.6973531366,144.6014556361 -37.6973919496,144.6014764879 -37.6974307416,144.6014977813 -37.6974693536,144.6015215311 -37.6975125697,144.6015446199 -37.6975560289,144.6015674677 -37.6975995752,144.6015904948 -37.6976430528,144.6016141214 -37.6976863057,144.6016387676 -37.6977291782,144.6016648538 -37.6977715142,144.6017200208 -37.6978548500,144.6017775611 -37.6979371764,144.6018369745 -37.6980186995,144.6018977609 -37.6980996256,144.6019594199 -37.6981801608,144.6020214515 -37.6982605111,144.6020833554 -37.6983408827,144.6021164993 -37.6983836442,144.6021500899 -37.6984261868,144.6021840054 -37.6984685701,144.6022181239 -37.6985108540,144.6022523237 -37.6985530980,144.6022864829 -37.6985953619,144.6023204796 -37.6986377054)
313	Western Hwy	3	1	1	53.749	POINT(144.6471650292 -37.7206336879)	LINESTRING(144.6469191535 -37.7204901149,144.6474109050 -37.7207772605)
320	Western Fwy	2	2	1	338.789	POINT(144.6190278866 -37.7011169401)	LINESTRING(144.6204422767 -37.7021516208,144.6192555789 -37.7012857994,144.6180740932 -37.7004153653,144.6176132837 -37.7000823995)
323	Western Hwy	2	2	1	60.201	POINT(144.6566265784 -37.7267025749)	LINESTRING(144.6569011508 -37.7268642367,144.6563520060 -37.7265409128)
324	Western Hwy	3	1	1	378.126	POINT(144.6588750705 -37.7280078359)	LINESTRING(144.6605981417 -37.7290248638,144.6571519992 -37.7269907940)
326	Ballarat Rd  EA	1	1	1	42.736	POINT(144.7500067101 -37.7602430421)	LINESTRING(144.7502146928 -37.7603423847,144.7497987274 -37.7601436994)
327	Ballarat Rd  Western Hwy	1	1	1	38.692	POINT(144.7494028452 -37.7599538733)	LINESTRING(144.7495929477 -37.7600414160,144.7492127427 -37.7598663304)
332		3	1	1	281.904	POINT(144.6016444840 -37.6963346575)	LINESTRING(144.6029648046 -37.6970192851,144.6029335320 -37.6969900625,144.6029025238 -37.6969606526,144.6028715816 -37.6969311958,144.6028405072 -37.6969018327,144.6028091024 -37.6968727038,144.6027771689 -37.6968439498,144.6027445083 -37.6968157112,144.6027185963 -37.6967941289,144.6026923211 -37.6967728157,144.6026656965 -37.6967517704,144.6026387362 -37.6967309918,144.6026114540 -37.6967104788,144.6025838637 -37.6966902302,144.6025559791 -37.6966702447,144.6025123908 -37.6966397173,144.6024683479 -37.6966095856,144.6024238455 -37.6965798720,144.6023788784 -37.6965505989,144.6023334415 -37.6965217887,144.6022875299 -37.6964934639,144.6022411384 -37.6964656468,144.6021454019 -37.6964096503,144.6020488626 -37.6963544619,144.6019514404 -37.6963002341,144.6018530555 -37.6962471194,144.6017536279 -37.6961952704,144.6016530776 -37.6961448395,144.6015513248 -37.6960959793,144.6014769617 -37.6960618671,144.6014017862 -37.6960288528,144.6013258713 -37.6959968803,144.6012492902 -37.6959658939,144.6011721160 -37.6959358376,144.6010944220 -37.6959066556,144.6010162812 -37.6958782918,144.6009166860 -37.6958440050,144.6008161254 -37.6958115330,144.6007148628 -37.6957803810,144.6006131612 -37.6957500539,144.6005112842 -37.6957200567,144.6004094949 -37.6956898946,144.6003080567 -37.6956590724)
333		3	1	1	107.850	POINT(144.5994847530 -37.6955430084)	LINESTRING(144.6000889746 -37.6956198841,144.6000217004 -37.6956076212,144.5999544887 -37.6955951159,144.5998871519 -37.6955830953,144.5998195023 -37.6955722864,144.5996927052 -37.6955551935,144.5995654436 -37.6955402934,144.5994379608 -37.6955264638,144.5993105001 -37.6955125824,144.5992026054 -37.6955007282,144.5990946509 -37.6954892156,144.5989866726 -37.6954778395,144.5988787062 -37.6954663951)
334	Western Hwy	3	1	1	673.331	POINT(144.6281709935 -37.7071780350)	LINESTRING(144.6253361841 -37.7051422410,144.6310058028 -37.7092137730)
336		3	1	1	45.463	POINT(144.6047042404 -37.6969391526)	LINESTRING(144.6049189070 -37.6968252019,144.6044895738 -37.6970531032)
337		3	1	1	318.095	POINT(144.6070059423 -37.6963482073)	LINESTRING(144.6087544225 -37.6960691602,144.6086856088 -37.6960651763,144.6086168192 -37.6960607028,144.6085480355 -37.6960561070,144.6084792399 -37.6960517559,144.6084104142 -37.6960480167,144.6083415405 -37.6960452566,144.6082726007 -37.6960438427,144.6081968353 -37.6960437876,144.6081210746 -37.6960448782,144.6080453294 -37.6960469616,144.6079696107 -37.6960498843,144.6078939296 -37.6960534931,144.6078182971 -37.6960576349,144.6077427240 -37.6960621563,144.6076795580 -37.6960662622,144.6076164295 -37.6960708082,144.6075533542 -37.6960758295,144.6074903481 -37.6960813615,144.6074274271 -37.6960874395,144.6073646069 -37.6960940988,144.6073019034 -37.6961013748,144.6072343457 -37.6961099391,144.6071669265 -37.6961191914,144.6070996426 -37.6961290742,144.6070324909 -37.6961395296,144.6069654683 -37.6961504998,144.6068985716 -37.6961619273,144.6068317978 -37.6961737540,144.6067683201 -37.6961853546,144.6067049417 -37.6961973301,144.6066416923 -37.6962097370,144.6065786016 -37.6962226320,144.6065156993 -37.6962360716,144.6064530151 -37.6962501125,144.6063905787 -37.6962648112,144.6063186664 -37.6962824795,144.6062469706 -37.6963007407,144.6061755354 -37.6963196486,144.6061044050 -37.6963392571,144.6060336237 -37.6963596202,144.6059632357 -37.6963807917,144.6058932851 -37.6964028256,144.6058419427 -37.6964197291,144.6057909021 -37.6964372214,144.6057401738 -37.6964552901,144.6056897684 -37.6964739225,144.6056396965 -37.6964931060,144.6055899685 -37.6965128280,144.6055405952 -37.6965330760,144.6055018908 -37.6965497143,144.6054636511 -37.6965670115,144.6054257493 -37.6965847879,144.6053880587 -37.6966028637,144.6053504526 -37.6966210593,144.6053128042 -37.6966391950,144.6052749869 -37.6966570911)
339		3	1	1	371.174	POINT(144.6019306243 -37.6942002517)	LINESTRING(144.6000805537 -37.6949618927,144.6003316365 -37.6949336957,144.6005940002 -37.6948877200,144.6006292702 -37.6948796468,144.6006645154 -37.6948715075,144.6006996983 -37.6948632028,144.6007348414 -37.6948547089,144.6007699333 -37.6948460827,144.6008049732 -37.6948373252,144.6008399604 -37.6948284375,144.6008749177 -37.6948194133,144.6009098212 -37.6948102586,144.6009446701 -37.6948009742,144.6009794633 -37.6947915613,144.6010142186 -37.6947820147,144.6010489174 -37.6947723391,144.6010835588 -37.6947625357,144.6011181419 -37.6947526052,144.6011526787 -37.6947425440,144.6011871564 -37.6947323555,144.6012215740 -37.6947220406,144.6012559307 -37.6947116003,144.6012902327 -37.6947010323,144.6013244730 -37.6946903386,144.6013586505 -37.6946795201,144.6013927645 -37.6946685775,144.6014268153 -37.6946575106,144.6014608018 -37.6946463195,144.6014947229 -37.6946350051,144.6015285778 -37.6946235680,144.6015623612 -37.6946120099,144.6015960775 -37.6946003292,144.6016297259 -37.6945885266,144.6016633055 -37.6945766026,144.6016968049 -37.6945645613,144.6017302348 -37.6945523988,144.6017635942 -37.6945401156,144.6017968821 -37.6945277124,144.6018300813 -37.6945151957,144.6018632084 -37.6945025591,144.6018962624 -37.6944898032,144.6019292423 -37.6944769285,144.6019621852 -37.6944640339,144.6019950936 -37.6944510807,144.6020278459 -37.6944378896,144.6020603207 -37.6944242818,144.6021480987 -37.6943863948,144.6022353865 -37.6943477711,144.6023216192 -37.6943077503,144.6024062321 -37.6942656720,144.6025542869 -37.6941856278,144.6026991590 -37.6941019303,144.6028420194 -37.6940159958,144.6029840391 -37.6939292406,144.6031173433 -37.6938461577,144.6032491477 -37.6937615723,144.6033803522 -37.6936763860,144.6035118566 -37.6935915000,144.6035742077 -37.6935516026,144.6036365588 -37.6935117052,144.6036989099 -37.6934718077,144.6037612610 -37.6934319102)
343	Western Hwy	3	1	1	783.011	POINT(144.6799697626 -37.7380516964)	LINESTRING(144.6840803207 -37.7394043222,144.6822461357 -37.7388487215,144.6774426283 -37.7372493070,144.6758610092 -37.7366984587)
345	Panamax Rd SA	1	1	1	233.570	POINT(144.7467388655 -37.7604519803)	LINESTRING(144.7465835443 -37.7614939480,144.7467851205 -37.7596008621,144.7468104334 -37.7595440801,144.7468994505 -37.7594231892)
347	Panamax Rd	1	1	1	13.880	POINT(144.7469476346 -37.7593243455)	LINESTRING(144.7469092377 -37.7593788563,144.7469860314 -37.7592698347)
348	Panamax Rd	1	1	1	19.884	POINT(144.7470961430 -37.7591445021)	LINESTRING(144.7470409550 -37.7592225112,144.7471513309 -37.7590664928)
349	Panamax Rd	1	1	1	9.726	POINT(144.7471952302 -37.7591372315)	LINESTRING(144.7472255318 -37.7591006584,144.7471649286 -37.7591738045)
350	Delma Rd	1	1	1	107.868	POINT(144.7434222605 -37.7584312675)	LINESTRING(144.7432544924 -37.7588976706,144.7435900286 -37.7579648615)
351	Delma Rd	1	1	1	109.002	POINT(144.7434852700 -37.7584448248)	LINESTRING(144.7436573724 -37.7579741006,144.7433131676 -37.7589155461)
352	Eucumbene Dr	1	1	1	307.413	POINT(144.7414662885 -37.7585039505)	LINESTRING(144.7430758169 -37.7590290867,144.7426219728 -37.7588775333,144.7421680150 -37.7587261904,144.7417142846 -37.7585744255,144.7412611224 -37.7584216061,144.7409587771 -37.7583155197,144.7406576728 -37.7582070447,144.7403550122 -37.7581016515,144.7400479980 -37.7580048104,144.7400294803 -37.7579996112,144.7400107826 -37.7579948114,144.7399919202 -37.7579904367,144.7399729086 -37.7579865128,144.7399625122 -37.7579845754,144.7399520502 -37.7579828450,144.7399415220 -37.7579814316,144.7399309270 -37.7579804450,144.7399211398 -37.7579800523,144.7399113288 -37.7579800902,144.7399015094 -37.7579803518,144.7398916970 -37.7579806305,144.7398812927 -37.7579809420,144.7398708941 -37.7579813674,144.7398604977 -37.7579818383,144.7398501001 -37.7579822865)
353	Eucumbene Dr	1	1	1	312.917	POINT(144.7414544011 -37.7584517348)	LINESTRING(144.7398175834 -37.7579001660,144.7400266780 -37.7579478188,144.7430887730 -37.7590039966)
354	Ballarat Rd  Western Hwy	1	1	1	31.446	POINT(144.7478503472 -37.7592764300)	LINESTRING(144.7480063940 -37.7593454356,144.7476943004 -37.7592074243)
355	Ballarat Rd  Western Hwy	1	1	1	29.505	POINT(144.7475371953 -37.7591142600)	LINESTRING(144.7476814552 -37.7591819665,144.7473929355 -37.7590465533)
356	Ballarat Rd  Western Hwy	1	1	1	8.203	POINT(144.7470939424 -37.7589052570)	LINESTRING(144.7471349050 -37.7589228948,144.7470529799 -37.7588876191)
358	Ballarat Rd  Western Hwy	1	1	1	30.764	POINT(144.7477704605 -37.7590119715)	LINESTRING(144.7476188383 -37.7589430086,144.7479220826 -37.7590809344)
359	Ballarat Rd  Western Hwy	1	1	1	26.617	POINT(144.7480745817 -37.7591702583)	LINESTRING(144.7479443632 -37.7591092918,144.7482048001 -37.7592312248)
360	Ballarat Rd  Western Hwy	1	1	1	58.314	POINT(144.7466177608 -37.7585184772)	LINESTRING(144.7463281057 -37.7583909073,144.7469074159 -37.7586460469)
362	Ballarat Rd  Western Hwy	1	1	1	387.337	POINT(144.7443112445 -37.7575932743)	LINESTRING(144.7423297748 -37.7568360043,144.7424938950 -37.7568918724,144.7426580477 -37.7569476809,144.7428222086 -37.7570034745,144.7429863532 -37.7570592978,144.7431504571 -37.7571151954,144.7433144959 -37.7571712120,144.7434784452 -37.7572273921,144.7436240009 -37.7572770879,144.7437697217 -37.7573264995,144.7439154457 -37.7573759091,144.7440610108 -37.7574255992,144.7442062550 -37.7574758522,144.7443510162 -37.7575269506,144.7444951324 -37.7575791767,144.7446218904 -37.7576259724,144.7447484359 -37.7576731696,144.7448746300 -37.7577209589,144.7450003339 -37.7577695311,144.7451254088 -37.7578190766,144.7452497160 -37.7578697862,144.7453731167 -37.7579218504,144.7455059725 -37.7579803566,144.7456375031 -37.7580407037,144.7457680700 -37.7581023894,144.7458980346 -37.7581649118,144.7460277582 -37.7582277688,144.7461576023 -37.7582904584,144.7462879282 -37.7583524786)
363	Gateway Dr	1	1	1	250.043	POINT(144.6044940770 -37.6876228347)	LINESTRING(144.6054134970 -37.6875038123,144.6048132476 -37.6873021274,144.6038307971 -37.6871809189,144.6037558267 -37.6872059624,144.6035865498 -37.6880786088)
371	Western Fwy	3	1	1	541.164	POINT(144.7125260847 -37.7487744366)	LINESTRING(144.7155174808 -37.7493446774,144.7129118146 -37.7488486552,144.7110048230 -37.7484916534,144.7095349301 -37.7482041449)
372	Leakes Rd	1	1	1	514.298	POINT(144.6527150068 -37.7311087564)	LINESTRING(144.6529719320 -37.7288155244,144.6529773080 -37.7288389423,144.6529828403 -37.7288623403,144.6529884116 -37.7288857333,144.6529939048 -37.7289091363,144.6529992026 -37.7289325641,144.6530041878 -37.7289560317,144.6530087430 -37.7289795540,144.6530125918 -37.7290013081,144.6530161947 -37.7290230910,144.6530195460 -37.7290449005,144.6530226396 -37.7290667340,144.6530254698 -37.7290885891,144.6530280305 -37.7291104635,144.6530303159 -37.7291323545,144.6530333727 -37.7291649468,144.6530361160 -37.7291975640,144.6530384817 -37.7292302018,144.6530404058 -37.7292628557,144.6530418242 -37.7292955213,144.6530426730 -37.7293281942,144.6530428880 -37.7293608700,144.6530423340 -37.7294040598,144.6530410169 -37.7294472469,144.6530389655 -37.7294904220,144.6530362087 -37.7295335759,144.6530327754 -37.7295766993,144.6530286944 -37.7296197827,144.6530239947 -37.7296628170,144.6529540007 -37.7301989585,144.6528711643 -37.7307339456,144.6527789880 -37.7312680920,144.6526809742 -37.7318017115,144.6525806254 -37.7323351179,144.6524814441 -37.7328686251,144.6523869328 -37.7334025469)
373	Leakes Rd SA	1	1	1	482.973	POINT(144.6526568154 -37.7312391848)	LINESTRING(144.6523528239 -37.7333949654,144.6524440782 -37.7328609727,144.6525420524 -37.7323274908,144.6526417066 -37.7317941338,144.6527380009 -37.7312605156,144.6528258953 -37.7307262501,144.6529003501 -37.7301909512,144.6529563253 -37.7296542329,144.6529588266 -37.7296165672,144.6529601804 -37.7295788641,144.6529606272 -37.7295411340,144.6529604075 -37.7295033874,144.6529597618 -37.7294656348,144.6529589304 -37.7294278865,144.6529581540 -37.7293901530,144.6529570816 -37.7293459738,144.6529555202 -37.7293018038,144.6529536031 -37.7292576404,144.6529514638 -37.7292134812,144.6529492356 -37.7291693237,144.6529470518 -37.7291251652,144.6529415656 -37.7290828385)
374	Westcott Pde EA	1	1	1	126.538	POINT(144.6537742117 -37.7287356564)	LINESTRING(144.6544881265 -37.7287908685,144.6542470392 -37.7287629022,144.6540061308 -37.7287336342,144.6537648646 -37.7287069695,144.6535227042 -37.7286868133,144.6534614543 -37.7286834290,144.6534000888 -37.7286812871,144.6533386851 -37.7286806131,144.6532773210 -37.7286816328,144.6532227843 -37.7286846223,144.6531684147 -37.7286894101,144.6531141119 -37.7286949172,144.6530597757 -37.7287000646)
375	Westcott Pde	1	1	1	128.977	POINT(144.6537723576 -37.7286709344)	LINESTRING(144.6530461342 -37.7285902587,144.6544985810 -37.7287516100)
376	High St	1	1	1	276.585	POINT(144.6032642724 -37.6899023954)	LINESTRING(144.6043884650 -37.6907704629,144.6043543708 -37.6907423779,144.6042993900 -37.6906943875,144.6042444198 -37.6906463893,144.6041894282 -37.6905984066,144.6041343831 -37.6905504625,144.6040792525 -37.6905025802,144.6040240042 -37.6904547829,144.6039505763 -37.6903909522,144.6038774840 -37.6903268614,144.6038044011 -37.6902627598,144.6037310014 -37.6901988968,144.6036569585 -37.6901355219,144.6035819463 -37.6900728846,144.6035056386 -37.6900112342,144.6034236190 -37.6899473378,144.6033403908 -37.6898844264,144.6032562048 -37.6898222996,144.6031713119 -37.6897607567,144.6030859629 -37.6896995971,144.6030004086 -37.6896386203,144.6029148999 -37.6895776258,144.6028048021 -37.6894994406,144.6026941292 -37.6894217656,144.6025830381 -37.6893444615,144.6024716855 -37.6892673894,144.6023602284 -37.6891904099,144.6022488236 -37.6891133839,144.6021376279 -37.6890361724)
385	Chisholm Dr	1	1	1	73.637	POINT(144.7484389242 -37.7587466998)	LINESTRING(144.7483598962 -37.7590682933,144.7483767095 -37.7590370194,144.7483919326 -37.7590052338,144.7484056717 -37.7589729926,144.7484180329 -37.7589403520,144.7484291224 -37.7589073682,144.7484390466 -37.7588740975,144.7484479115 -37.7588405959,144.7484558233 -37.7588069197,144.7484628884 -37.7587731251,144.7484692128 -37.7587392683,144.7484749028 -37.7587054055,144.7485164981 -37.7584207562)
386	Chisholm Dr NA	83	1	1	42.323	POINT(144.7485576486 -37.7586127067)	LINESTRING(144.7485825910 -37.7584234796,144.7485327062 -37.7588019333)
387	Chisholm Dr	83	1	1	16.372	POINT(144.7484161148 -37.7591409812)	LINESTRING(144.7484517166 -37.7590729784,144.7483805131 -37.7592089840)
389	Western Fwy  Deer Park Byp	3	1	1	1723.879	POINT(144.7347788384 -37.7578944612)	LINESTRING(144.7284788981 -37.7521971575,144.7287367574 -37.7522912022,144.7289946850 -37.7523851308,144.7292524761 -37.7524792912,144.7295099261 -37.7525740314,144.7297065411 -37.7526461826,144.7299032148 -37.7527182567,144.7300991402 -37.7527915448,144.7302935107 -37.7528673385,144.7304607170 -37.7529352104,144.7306268615 -37.7530047288,144.7307916015 -37.7530762784,144.7309545946 -37.7531502437,144.7311295066 -37.7532338711,144.7313022876 -37.7533202683,144.7314736721 -37.7534084371,144.7316443952 -37.7534973790,144.7317053249 -37.7535295263,144.7317658887 -37.7535621063,144.7318261855 -37.7535949973,144.7318863147 -37.7536280777,144.7319463244 -37.7536613498,144.7320061292 -37.7536948529,144.7320657328 -37.7537285795,144.7321251391 -37.7537625219,144.7321843817 -37.7537967028,144.7322434217 -37.7538311032,144.7323022631 -37.7538657158,144.7323609101 -37.7539005330,144.7324193952 -37.7539355777,144.7324776805 -37.7539708306,144.7325357705 -37.7540062847,144.7325936695 -37.7540419326,144.7326514067 -37.7540777958,144.7327089476 -37.7541138565,144.7327662969 -37.7541501076,144.7328234591 -37.7541865421,144.7328804581 -37.7542231788,144.7329372649 -37.7542600023,144.7329938841 -37.7542970060,144.7330503206 -37.7543341831,144.7331065912 -37.7543715480,144.7331626740 -37.7544090897,144.7332185739 -37.7544468015,144.7332742958 -37.7544846771,144.7333298479 -37.7545227251,144.7333852170 -37.7545609400,144.7334404082 -37.7545993156,144.7334954265 -37.7546378455,144.7335502699 -37.7546765315,144.7336049356 -37.7547153749,144.7336594287 -37.7547543697,144.7337137544 -37.7547935098,144.7337678991 -37.7548327887,144.7338218717 -37.7548722159,144.7338756773 -37.7549117855,144.7339293212 -37.7549514917,144.7339827773 -37.7549913183,144.7340360671 -37.7550312844,144.7340891958 -37.7550713844,144.7341421688 -37.7551116125,144.7341949463 -37.7551519418,144.7342475636 -37.7551924020,144.7343000260 -37.7552329879,144.7343523389 -37.7552736938,144.7344048888 -37.7553141504,144.7344575786 -37.7553545098,144.7345095322 -37.7553954269,144.7345598732 -37.7554375572,144.7346526696 -37.7555211380,144.7347425844 -37.7556067059,144.7348303119 -37.7556937179,144.7349165460 -37.7557816312,144.7350834834 -37.7559568419,144.7352466772 -37.7561342734,144.7354069045 -37.7563134103,144.7355649425 -37.7564937369,144.7358199284 -37.7567903916,144.7360708417 -37.7570892326,144.7363177112 -37.7573901717,144.7365605656 -37.7576931209,144.7370684624 -37.7583467947,144.7375656617 -37.7590056408,144.7380580850 -37.7596667866,144.7385516541 -37.7603273593,144.7387197509 -37.7605517599,144.7388872882 -37.7607764228,144.7390550991 -37.7610009558,144.7392240169 -37.7612249665,144.7395233502 -37.7616174869,144.7398243226 -37.7620092233,144.7401263732 -37.7624004409,144.7404289414 -37.7627914052,144.7405866875 -37.7629946000,144.7407448910 -37.7631975723,144.7409032773 -37.7634004553,144.7410615721 -37.7636033821)
393	Christies Rd SA	1	1	1	378.198	POINT(144.7387420602 -37.7656210609)	LINESTRING(144.7385228369 -37.7673117401,144.7389498220 -37.7640908560,144.7389610230 -37.7640157140,144.7389470291 -37.7639307343)
394	Christies Rd	1	1	1	364.970	POINT(144.7387802224 -37.7656868977)	LINESTRING(144.7389995365 -37.7640555838,144.7385609083 -37.7673181756)
397	Taylors Rd EA	1	1	1	104.819	POINT(144.6580511955 -37.7170546424)	LINESTRING(144.6586313011 -37.7171627751,144.6574710898 -37.7169465095)
398	Taylors Rd	1	1	1	122.131	POINT(144.6564659967 -37.7165553998)	LINESTRING(144.6557933445 -37.7164163074,144.6565553201 -37.7165742011,144.6569060690 -37.7166398795,144.6571365059 -37.7166949700)
399	Leakes Rd NA	1	1	1	39.432	POINT(144.6557771874 -37.7136082484)	LINESTRING(144.6557642158 -37.7134311779,144.6557901590 -37.7137853185)
400	Leakes Rd	1	1	1	66.889	POINT(144.6552437816 -37.7158891364)	LINESTRING(144.6551916284 -37.7161871506,144.6552959349 -37.7155911209)
401	Leakes Rd	1	1	1	11.619	POINT(144.6547115172 -37.7186892733)	LINESTRING(144.6547041590 -37.7187412072,144.6547188754 -37.7186373394)
402	Leakes Rd	1	1	1	140.131	POINT(144.6552265025 -37.7173243273)	LINESTRING(144.6553482979 -37.7167014553,144.6551047070 -37.7179471941)
403	Hopkins Rd	1	1	1	38.825	POINT(144.7028099492 -37.7580703096)	LINESTRING(144.7027833492 -37.7582435687,144.7028365491 -37.7578970501)
404	Hopkins Rd	1	1	1	100.820	POINT(144.7029780834 -37.7579953624)	LINESTRING(144.7030505989 -37.7575457869,144.7029055679 -37.7584449350)
408	Hopkins Rd	1	1	1	110.738	POINT(144.7031190452 -37.7564906989)	LINESTRING(144.7030294207 -37.7569834418,144.7032086697 -37.7559979526)
413	Western Hwy	3	1	1	535.301	POINT(144.6445333755 -37.7193426507)	LINESTRING(144.6468174365 -37.7209325940,144.6467493642 -37.7208903428,144.6466813058 -37.7208480775,144.6466132198 -37.7208058402,144.6465450646 -37.7207636728,144.6464767644 -37.7207216407,144.6464083677 -37.7206797067,144.6463399986 -37.7206377446,144.6462717813 -37.7205956287,144.6462036863 -37.7205534082,144.6461356599 -37.7205111177,144.6460678292 -37.7204686328,144.6460003209 -37.7204258291,144.6459331239 -37.7203827351,144.6458661801 -37.7203393933,144.6457995810 -37.7202957224,144.6457334178 -37.7202516414,144.6455727345 -37.7201426430,144.6454131302 -37.7200326507,144.6452543963 -37.7199218685,144.6450963240 -37.7198105002,144.6449390244 -37.7196984138,144.6447825774 -37.7195855797,144.6446266447 -37.7194722969,144.6444708882 -37.7193588642,144.6443153947 -37.7192451633,144.6441603061 -37.7191311157,144.6440052783 -37.7190170158,144.6438499670 -37.7189031580,144.6436943624 -37.7187895770,144.6435386100 -37.7186761224,144.6433826486 -37.7185628477,144.6432264172 -37.7184498063,144.6431130062 -37.7183681690,144.6429993735 -37.7182867244,144.6428856437 -37.7182053641,144.6427719415 -37.7181239799,144.6426582845 -37.7180425563,144.6425446113 -37.7179611468,144.6424309284 -37.7178797456,144.6423172420 -37.7177983475,144.6422514520 -37.7177512478)
414	Hopkins Rd	1	1	1	286.864	POINT(144.7006324561 -37.7455268623)	LINESTRING(144.7007111362 -37.7468119167,144.7006475259 -37.7465101337,144.7006157947 -37.7462665470,144.7005928419 -37.7460120934,144.7005710235 -37.7456515722,144.7005572099 -37.7453575132,144.7005540498 -37.7449778546,144.7005978581 -37.7442399364)
417	Western Fwy	2	2	1	156.785	POINT(144.6937906695 -37.7429431556)	LINESTRING(144.6945909767 -37.7432536985,144.6929903623 -37.7426326113)
419		3	1	1	127.209	POINT(144.7002690178 -37.7431028647)	LINESTRING(144.7006706744 -37.7435242932,144.7006665818 -37.7434666253,144.7006639197 -37.7434087684,144.7006583967 -37.7433512893,144.7006457210 -37.7432947548,144.7006259502 -37.7432436661,144.7006005375 -37.7431939931,144.7005711022 -37.7431455662,144.7005392634 -37.7430982162,144.7005073066 -37.7430532663,144.7004730795 -37.7430092434,144.7004353475 -37.7429672674,144.7003928762 -37.7429284582,144.7003281351 -37.7428805453,144.7002580280 -37.7428372104,144.7001836937 -37.7427983710,144.7001062708 -37.7427639444,144.7000452567 -37.7427427792,144.6999817952 -37.7427261404,144.6999173547 -37.7427113120,144.6998534038 -37.7426955784)
420	Ferris Rd	1	1	1	41.082	POINT(144.6035046058 -37.6982066194)	LINESTRING(144.6035327145 -37.6980231384,144.6034764971 -37.6983900999)
421	Ferris Rd	1	1	1	66.752	POINT(144.6033293364 -37.6984653098)	LINESTRING(144.6032827399 -37.6987633482,144.6033759330 -37.6981672703)
424	Western Fwy	2	2	1	35.462	POINT(144.6103295510 -37.6962978478)	LINESTRING(144.6105218746 -37.6963457699,144.6101372274 -37.6962499257)
425		3	1	1	243.242	POINT(144.7039226581 -37.7476032004)	LINESTRING(144.7052956243 -37.7475848140,144.7049172953 -37.7475368578,144.7045196814 -37.7475171004,144.7043502859 -37.7475195733,144.7041809803 -37.7475234191,144.7040118999 -37.7475306969,144.7038514985 -37.7475416883,144.7036914291 -37.7475556070,144.7035316155 -37.7475714787,144.7033719815 -37.7475883292,144.7031660577 -37.7476117855,144.7029605199 -37.7476373415,144.7027551365 -37.7476637374,144.7025496759 -37.7476897133)
426	Hopkins Rd	1	1	1	91.862	POINT(144.7008366302 -37.7431210996)	LINESTRING(144.7009135994 -37.7427123240,144.7008508880 -37.7431149041,144.7007595141 -37.7435290923)
427	Hopkins Rd	1	1	1	90.345	POINT(144.7007807457 -37.7431221566)	LINESTRING(144.7007135803 -37.7435248777,144.7008479111 -37.7427194332)
428		1	1	1	125.903	POINT(144.7019760658 -37.7471777706)	LINESTRING(144.7016279361 -37.7476701089,144.7017664223 -37.7475303607,144.7023221938 -37.7466829680)
429	7-Eleven NA	1	1	1	128.687	POINT(144.7020470885 -37.7472236323)	LINESTRING(144.7023809901 -37.7467087009,144.7018272578 -37.7475892724,144.7017123283 -37.7477373348)
430	Springlake Ave WA	1	1	1	107.560	POINT(144.7390947122 -37.7524749207)	LINESTRING(144.7384844142 -37.7524429670,144.7387515217 -37.7524597697,144.7390185606 -37.7524776029,144.7392857367 -37.7524933750,144.7395532559 -37.7525039946,144.7395911394 -37.7525054477,144.7396291122 -37.7525068222,144.7396669366 -37.7525066077,144.7397043746 -37.7525032940)
431	Springlake Ave	1	1	1	112.431	POINT(144.7391138733 -37.7525573161)	LINESTRING(144.7397427268 -37.7526242182,144.7396997198 -37.7526106892,144.7396564211 -37.7525978756,144.7396123932 -37.7525868504,144.7395793535 -37.7525802731,144.7395459576 -37.7525748318,144.7395123174 -37.7525703549,144.7394785450 -37.7525666703,144.7394023087 -37.7525611118,144.7393257723 -37.7525581477,144.7392491573 -37.7525557732,144.7391726852 -37.7525519835,144.7389992628 -37.7525387511,144.7388261031 -37.7525233996,144.7386530486 -37.7525072005,144.7384799415 -37.7524914251)
434	Leakes Rd	1	1	1	119.256	POINT(144.6516988542 -37.7267841701)	LINESTRING(144.6519802514 -37.7272686173,144.6519050347 -37.7271663055,144.6518287847 -37.7270644230,144.6517546014 -37.7269616815,144.6516855850 -37.7268567927,144.6516348354 -37.7267699893,144.6515877958 -37.7266818417,144.6515436700 -37.7265927191,144.6515016620 -37.7265029906,144.6514795248 -37.7264517621,144.6514591003 -37.7264000744,144.6514393610 -37.7263482032,144.6514192790 -37.7262964237)
435	Leakes Rd	1	1	1	58.475	POINT(144.6515705849 -37.7263709656)	LINESTRING(144.6514683943 -37.7261204653,144.6516130196 -37.7264895791,144.6516730724 -37.7266207658)
436		3	1	1	156.182	POINT(144.6507494184 -37.7217237378)	LINESTRING(144.6498683991 -37.7217223963,144.6499519547 -37.7217327625,144.6500499832 -37.7217466460,144.6501482125 -37.7217592585,144.6502469438 -37.7217686931,144.6503422304 -37.7217739426,144.6504377430 -37.7217764398,144.6505333554 -37.7217770750,144.6506289416 -37.7217767389,144.6507132600 -37.7217758529,144.6507975660 -37.7217739390,144.6508817963 -37.7217707241,144.6509658875 -37.7217659349,144.6510486032 -37.7217597108,144.6511311548 -37.7217520894,144.6512134395 -37.7217428951,144.6512953546 -37.7217319524,144.6513787824 -37.7217182641,144.6514616379 -37.7217024290,144.6515442646 -37.7216857351,144.6516270057 -37.7216694706)
437	Leakes Rd	1	1	1	350.863	POINT(144.6521484422 -37.7231832542)	LINESTRING(144.6529651056 -37.7217809743,144.6528519493 -37.7218985344,144.6527379740 -37.7220156219,144.6526237939 -37.7221325911,144.6525100234 -37.7222497963,144.6523972767 -37.7223675919,144.6522861682 -37.7224863321,144.6521773123 -37.7226063713,144.6521343865 -37.7226544954,144.6520915400 -37.7227027153,144.6520491518 -37.7227511948,144.6520076009 -37.7228000975,144.6519672662 -37.7228495874,144.6519285269 -37.7228998282,144.6518917617 -37.7229509835,144.6518708539 -37.7229824376,144.6518510803 -37.7230143552,144.6518322854 -37.7230466605,144.6518143137 -37.7230792781,144.6517970096 -37.7231121321,144.6517802176 -37.7231451470,144.6517637821 -37.7231782471,144.6517282227 -37.7232521031,144.6516940265 -37.7233263750,144.6516611291 -37.7234010253,144.6516294661 -37.7234760168,144.6515989732 -37.7235513120,144.6515695860 -37.7236268735,144.6515412401 -37.7237026640,144.6515224802 -37.7237550375,144.6515045432 -37.7238075991,144.6514874013 -37.7238603325,144.6514710266 -37.7239132217,144.6514553910 -37.7239662504,144.6514404668 -37.7240194025,144.6514262261 -37.7240726619,144.6514166069 -37.7241107315,144.6514075609 -37.7241488925,144.6513990468 -37.7241871337,144.6513910230 -37.7242254441,144.6513834481 -37.7242638124,144.6513762804 -37.7243022276,144.6513694786 -37.7243406785,144.6513636421 -37.7243766913,144.6513584272 -37.7244127635,144.6513536644 -37.7244488789,144.6513491841 -37.7244850213,144.6513448169 -37.7245211745,144.6513403931 -37.7245573223,144.6513357433 -37.7245934485)
438	Leakes Rd	1	1	1	376.853	POINT(144.6517333047 -37.7239711108)	LINESTRING(144.6512254290 -37.7255827600,144.6512194491 -37.7254988417,144.6512126766 -37.7254149408,144.6512057060 -37.7253310442,144.6511991316 -37.7252471388,144.6511935479 -37.7251632114,144.6511895492 -37.7250792490,144.6511877300 -37.7249952384,144.6511876633 -37.7249615593,144.6511879767 -37.7249278626,144.6511888019 -37.7248941675,144.6511902706 -37.7248604928,144.6511925144 -37.7248268576,144.6511956651 -37.7247932810,144.6511998544 -37.7247597818,144.6512043267 -37.7247327388,144.6512098574 -37.7247058192,144.6512161732 -37.7246789916,144.6512230006 -37.7246522246,144.6512300661 -37.7246254868,144.6512370963 -37.7245987469,144.6512438178 -37.7245719734,144.6512623817 -37.7244935527,144.6512805078 -37.7244150508,144.6512986469 -37.7243365473,144.6513172496 -37.7242581218,144.6513367664 -37.7241798542,144.6513576482 -37.7241018240,144.6513803456 -37.7240241111,144.6514043340 -37.7239482534,144.6514296530 -37.7238726577,144.6514561885 -37.7237973130,144.6514838259 -37.7237222080,144.6515124510 -37.7236473316,144.6515419493 -37.7235726727,144.6515722066 -37.7234982202,144.6515987648 -37.7234336660,144.6516255917 -37.7233691381,144.6516530724 -37.7233047766,144.6516815921 -37.7232407213,144.6517115361 -37.7231771122,144.6517432894 -37.7231140892,144.6517772374 -37.7230517922,144.6518113946 -37.7229938879,144.6518474376 -37.7229366901,144.6518851004 -37.7228801183,144.6519241174 -37.7228240922,144.6519642226 -37.7227685316,144.6520051504 -37.7227133561,144.6520466350 -37.7226584854,144.6520984119 -37.7225913761,144.6521512386 -37.7225247565,144.6522051456 -37.7224586692,144.6522601634 -37.7223931567,144.6522824250 -37.7223674321)
439	Ferris Rd  Melton Hwy	1	1	1	209.717	POINT(144.6039275134 -37.6952581877)	LINESTRING(144.6037696989 -37.6961930601,144.6038849943 -37.6956108136,144.6040852370 -37.6943227885)
441	Western Fwy	2	2	1	10.525	POINT(144.7256987090 -37.7515961643)	LINESTRING(144.7257541822 -37.7516139184,144.7256432357 -37.7515784103)
442		1	1	1	105.830	POINT(144.6557869461 -37.7189784520)	LINESTRING(144.6551946832 -37.7189744963,144.6552997351 -37.7189971112,144.6554015471 -37.7190153920,144.6554970216 -37.7190264198,144.6555961116 -37.7190261285,144.6556971694 -37.7190207759,144.6557956472 -37.7190108844,144.6558855467 -37.7189958292,144.6559855220 -37.7189853091,144.6560852245 -37.7189729642,144.6561844567 -37.7189593167,144.6562830209 -37.7189448889,144.6563807196 -37.7189302032)
443	Woodlea Blvd EA	1	1	1	107.064	POINT(144.6557726259 -37.7191786484)	LINESTRING(144.6563631202 -37.7192887132,144.6562647095 -37.7192693537,144.6561665710 -37.7192486123,144.6560686106 -37.7192269607,144.6559707344 -37.7192048705,144.6558728483 -37.7191828134,144.6557748584 -37.7191612610,144.6556766705 -37.7191406849,144.6555781907 -37.7191215568,144.6554793250 -37.7191043483,144.6553799793 -37.7190895312,144.6552800596 -37.7190775769,144.6551794720 -37.7190689573)
446		1	1	1	43.548	POINT(144.7400706097 -37.7550322165)	LINESTRING(144.7399926356 -37.7548837661,144.7400962260 -37.7548927213,144.7401306735 -37.7549516334,144.7401185486 -37.7551956900)
447	Caroline Spring Blvd NA	1	1	1	38.679	POINT(144.7400500695 -37.7550462644)	LINESTRING(144.7400830942 -37.7551949703,144.7400956561 -37.7549558439,144.7400702646 -37.7549192288,144.7399863596 -37.7549125607)
448		1	1	1	92.462	POINT(144.7397605773 -37.7543850123)	LINESTRING(144.7397203766 -37.7547994600,144.7398007780 -37.7539705623)
449		1	1	1	10.678	POINT(144.7466675194 -37.7588675518)	LINESTRING(144.7467278681 -37.7588622925,144.7466071708 -37.7588728111)
452		1	1	1	125.004	POINT(144.7459060879 -37.7586433842)	LINESTRING(144.7465608306 -37.7588620408,144.7452513452 -37.7584247268)
453	Ballarat Rd  Western Hwy	1	1	1	26.666	POINT(144.7449151676 -37.7581231310)	LINESTRING(144.7450549647 -37.7581695334,144.7447753705 -37.7580767285)
454	Ballarat Rd  Western Hwy	1	1	1	105.263	POINT(144.7457897623 -37.7584229296)	LINESTRING(144.7463413258 -37.7586066433,144.7452381989 -37.7582392155)
455		1	1	1	9.933	POINT(144.7451931187 -37.7583304224)	LINESTRING(144.7452019084 -37.7583745305,144.7451843291 -37.7582863142)
457	Ballarat Rd  Western Hwy	1	1	1	64.423	POINT(144.7418928342 -37.7570923135)	LINESTRING(144.7422312232 -37.7572032013,144.7415544452 -37.7569814254)
458	Ballarat Rd  Western Hwy	1	1	1	9.341	POINT(144.7410405079 -37.7568094721)	LINESTRING(144.7410886883 -37.7568271437,144.7409923276 -37.7567918005)
460	Ballarat Rd  Western Hwy	1	1	1	26.221	POINT(144.7407695008 -37.7567132411)	LINESTRING(144.7409064090 -37.7567599066,144.7406325927 -37.7566665757)
461	Ballarat Rd  Western Hwy	1	1	1	36.311	POINT(144.7400665341 -37.7564425647)	LINESTRING(144.7402544407 -37.7565102007,144.7398786276 -37.7563749287)
462	Ballarat Rd  Western Hwy	1	1	1	61.200	POINT(144.7428938525 -37.7574401635)	LINESTRING(144.7432129663 -37.7575498721,144.7425747388 -37.7573304547)
463	Ballarat Rd  Western Hwy	1	1	1	14.346	POINT(144.7424514376 -37.7572897960)	LINESTRING(144.7425268453 -37.7573143859,144.7423760299 -37.7572652061)
464	Ballarat Rd  Western Hwy	1	1	1	19.628	POINT(144.7434473201 -37.7576334935)	LINESTRING(144.7435488879 -37.7576700613,144.7433457523 -37.7575969257)
465		1	1	1	9.120	POINT(144.7411152963 -37.7569841265)	LINESTRING(144.7411387166 -37.7570207053,144.7410918760 -37.7569475477)
466		1	1	1	181.764	POINT(144.7421148005 -37.7573603655)	LINESTRING(144.7430653433 -37.7576811078,144.7411642577 -37.7570396218)
467		1	1	1	10.262	POINT(144.7431600301 -37.7576647058)	LINESTRING(144.7432158594 -37.7576512887,144.7431042008 -37.7576781229)
468	Melton Hwy	1	1	1	109.605	POINT(144.6050866462 -37.6895239095)	LINESTRING(144.6049197027 -37.6899990499,144.6052535897 -37.6890487660)
479		1	1	1	331.452	POINT(144.6821181847 -37.7390828714)	LINESTRING(144.6838814121 -37.7394592808,144.6837294428 -37.7394261656,144.6835778775 -37.7393920079,144.6834273220 -37.7393552437,144.6832869384 -37.7393174026,144.6831475580 -37.7392772543,144.6830087116 -37.7392358993,144.6828699300 -37.7391944379,144.6826457660 -37.7391282343,144.6824217771 -37.7390616368,144.6821985330 -37.7389935448,144.6819766032 -37.7389228576,144.6818556202 -37.7388793604,144.6817361836 -37.7388328063,144.6816156436 -37.7387886965,144.6814913503 -37.7387525320,144.6814126818 -37.7387357738,144.6813327029 -37.7387228388,144.6812518706 -37.7387139241,144.6811706417 -37.7387092269,144.6811327029 -37.7387076415,144.6810943115 -37.7387070422,144.6810570115 -37.7387102004,144.6810223468 -37.7387198875,144.6809958553 -37.7387395494,144.6809765066 -37.7387661315,144.6809568863 -37.7387922774,144.6809295799 -37.7388106302,144.6808578724 -37.7388244826,144.6807819411 -37.7388222014,144.6807045480 -37.7388115887,144.6806284548 -37.7388004463,144.6805592658 -37.7387896665,144.6804910074 -37.7387752771,144.6804231213 -37.7387594439,144.6803550491 -37.7387443326)
480		1	1	1	370.071	POINT(144.6776723252 -37.7375365539)	LINESTRING(144.6795256719 -37.7383215414,144.6790858479 -37.7380928531,144.6758172069 -37.7367523790)
481		1	1	1	293.553	POINT(144.6266123219 -37.7059143811)	LINESTRING(144.6253359981 -37.7050656956,144.6256529360 -37.7052607951,144.6260945913 -37.7055366689,144.6264076526 -37.7057326335,144.6275371096 -37.7065379894,144.6277422316 -37.7066868781,144.6278900876 -37.7067622480)
482		1	1	1	281.353	POINT(144.6301346087 -37.7081581208)	LINESTRING(144.6291713796 -37.7072178320,144.6292159150 -37.7072490287,144.6292629363 -37.7072789658,144.6293049860 -37.7073114221,144.6293346064 -37.7073501762,144.6293400055 -37.7073704345,144.6293391345 -37.7073915783,144.6293349160 -37.7074130140,144.6293302724 -37.7074341476,144.6293204023 -37.7074669758,144.6293066299 -37.7074992309,144.6292940344 -37.7075315712,144.6292876954 -37.7075646548,144.6292885114 -37.7075874972,144.6292926335 -37.7076102414,144.6292994886 -37.7076326426,144.6293085035 -37.7076544555,144.6293315410 -37.7076965544,144.6293596144 -37.7077368703,144.6293909554 -37.7077758484,144.6294237955 -37.7078139344,144.6294924135 -37.7078885699,144.6295652196 -37.7079607788,144.6296415174 -37.7080307456,144.6297206103 -37.7080986549,144.6300521224 -37.7083588808,144.6303978311 -37.7086076876,144.6307492184 -37.7088519263,144.6310977664 -37.7090984479)
483		1	1	1	165.745	POINT(144.6600830288 -37.7297440711)	LINESTRING(144.6606197450 -37.7291313985,144.6595463125 -37.7303567386)
484	Western Hwy SA	1	1	1	165.861	POINT(144.6600506930 -37.7297257097)	LINESTRING(144.6595135958 -37.7303388046,144.6605877902 -37.7291126098)
485		1	1	1	18.561	POINT(144.6607856985 -37.7289099227)	LINESTRING(144.6607235470 -37.7289773858,144.6608478499 -37.7288424595)
486		1	1	1	18.695	POINT(144.6608287223 -37.7289282095)	LINESTRING(144.6608915874 -37.7288604145,144.6607658572 -37.7289960044)
497	Ferris Road SA	1	1	1	472.645	POINT(144.6026300487 -37.7020252519)	LINESTRING(144.6022400365 -37.7041290044,144.6030200608 -37.6999214397)
499	Navigation Drive EA	1	1	1	53.991	POINT(144.6079092484 -37.6879956796)	LINESTRING(144.6082073817 -37.6880536036,144.6076111150 -37.6879377555)
500	Zone connector	1	1	1	186.320	POINT(144.6071959240 -37.6877926456)	LINESTRING(144.6061694746 -37.6875851740,144.6082223734 -37.6880001165)
501	Windsor Gdns EA	1	1	1	93.134	POINT(144.7409476769 -37.7537381514)	LINESTRING(144.7414767695 -37.7537556095,144.7404185843 -37.7537206933)
502	Zone connector	1	1	1	91.968	POINT(144.7409534131 -37.7536958861)	LINESTRING(144.7404309032 -37.7536794698,144.7414759231 -37.7537123023)
503	Western Highway Service Rd NA	1	1	1	30.156	POINT(144.7418927775 -37.7561238008)	LINESTRING(144.7419132577 -37.7559892065,144.7418722974 -37.7562583949)
504	Zone connector	1	1	1	29.859	POINT(144.7418443613 -37.7561173142)	LINESTRING(144.7418230910 -37.7562504836,144.7418656317 -37.7559841445)
505	Eucumbene Dr SA	1	1	1	146.276	POINT(144.7436462077 -37.7595692695)	LINESTRING(144.7438477127 -37.7600502897,144.7439259906 -37.7592704361,144.7439201195 -37.7592407683,144.7438991110 -37.7592054518,144.7438651269 -37.7591729763,144.7438301004 -37.7591498074,144.7437634285 -37.7591319194,144.7436735366 -37.7591252327,144.7434844544 -37.7591109374,144.7433479175 -37.7591026891)
506	Zone connector	1	1	1	157.379	POINT(144.7437051468 -37.7595450546)	LINESTRING(144.7433933770 -37.7590481136,144.7438322719 -37.7590780346,144.7439071837 -37.7590898474,144.7439418251 -37.7590993172,144.7439736525 -37.7591186541,144.7439922762 -37.7591417656,144.7439985870 -37.7591640844,144.7439946025 -37.7592141283,144.7439854414 -37.7592761047,144.7439083794 -37.7600564426)
509	Zone connector	1	1	1	40.438	POINT(144.6292120417 -37.7068674835)	LINESTRING(144.6293800879 -37.7067433265,144.6290439956 -37.7069916402)
510	Zone connector	1	1	1	39.816	POINT(144.6290595887 -37.7067401361)	LINESTRING(144.6288871548 -37.7068561931,144.6292320227 -37.7066240790)
511	Western Freeway service Rd SA	1	1	1	102.907	POINT(144.6408358273 -37.7175484039)	LINESTRING(144.6405230203 -37.7179395598,144.6411486342 -37.7171572459)
512	Zone connector	1	1	1	101.634	POINT(144.6408719960 -37.7175742523)	LINESTRING(144.6411778253 -37.7171863864,144.6405661666 -37.7179621161)
513	BP Rockbank SA	1	1	1	94.420	POINT(144.6797923488 -37.7389893626)	LINESTRING(144.6797431827 -37.7394121322,144.6798415149 -37.7385665905)
514	Zone connector	1	1	1	94.420	POINT(144.6798319853 -37.7389922403)	LINESTRING(144.6798811571 -37.7385694682,144.6797828135 -37.7394150100)
515	Western Fwy	2	2	1	2166.047	POINT(144.5848805907 -37.6931970804)	LINESTRING(144.5967760144 -37.6953349025,144.5967287982 -37.6953332915,144.5966815820 -37.6953316801,144.5966343658 -37.6953300696,144.5965871494 -37.6953284614,144.5965399328 -37.6953268581,144.5964927160 -37.6953252582,144.5964454992 -37.6953236573,144.5963982827 -37.6953220511,144.5963510665 -37.6953204411,144.5963038503 -37.6953188286,144.5962566346 -37.6953172095,144.5962094194 -37.6953155793,144.5961622049 -37.6953139379,144.5961149909 -37.6953122873,144.5960677775 -37.6953106263,144.5960205648 -37.6953089537,144.5959786847 -37.6953074584,144.5959368053 -37.6953059524,144.5958949264 -37.6953044378,144.5958530478 -37.6953029167,144.5958111697 -37.6953013889,144.5957692919 -37.6952998536,144.5957274146 -37.6952983117,144.5956855376 -37.6952967641,144.5956436609 -37.6952952105,144.5956017846 -37.6952936505,144.5955599086 -37.6952920852,144.5955180329 -37.6952905154,144.5954761574 -37.6952889424,144.5954342822 -37.6952873653,144.5953924073 -37.6952857820,144.5953505330 -37.6952841899,144.5952921895 -37.6952819588,144.5952338468 -37.6952797165,144.5951755048 -37.6952774635,144.5951171633 -37.6952752003,144.5950588227 -37.6952729236,144.5950004829 -37.6952706343,144.5949421434 -37.6952683393,144.5948838038 -37.6952660456,144.5948254643 -37.6952637507,144.5947671250 -37.6952614524,144.5947087855 -37.6952591577,144.5946504454 -37.6952568734,144.5945921044 -37.6952546024,144.5945337629 -37.6952523407,144.5944754210 -37.6952500849,144.5944170789 -37.6952478317,144.5943574326 -37.6952455313,144.5942977860 -37.6952432353,144.5942381392 -37.6952409418,144.5941784925 -37.6952386488,144.5941188459 -37.6952363513,144.5940591994 -37.6952340518,144.5939995526 -37.6952317596,144.5939399047 -37.6952294837,144.5938802561 -37.6952272212,144.5938206069 -37.6952249689,144.5937609565 -37.6952227361,144.5937013045 -37.6952205319,144.5936416512 -37.6952183488,144.5935819968 -37.6952161854,144.5935223403 -37.6952140594,144.5934626807 -37.6952119886,144.5934112068 -37.6952102565,144.5933597304 -37.6952085697,144.5933082521 -37.6952069198,144.5932567724 -37.6952052979,144.5932052903 -37.6952037168,144.5931538062 -37.6952021760,144.5931023215 -37.6952006475,144.5930508376 -37.6951991033,144.5929993541 -37.6951975526,144.5929478705 -37.6951960048,144.5928963882 -37.6951944318,144.5928449086 -37.6951928057,144.5927934319 -37.6951911302,144.5927419571 -37.6951894166,144.5926904854 -37.6951876477,144.5926390178 -37.6951858063,144.5925963516 -37.6951842096,144.5925536890 -37.6951825526,144.5925110292 -37.6951808504,144.5924683714 -37.6951791179,144.5924257158 -37.6951773474,144.5923830630 -37.6951755348,144.5923404116 -37.6951737008,144.5922977603 -37.6951718660,144.5922551093 -37.6951700237,144.5922124592 -37.6951681669,144.5921698088 -37.6951663162,144.5921271565 -37.6951644924,144.5920845027 -37.6951626951,144.5920418478 -37.6951609151,144.5919991911 -37.6951591603,144.5919565323 -37.6951574388,144.5919076598 -37.6951555128,144.5918587848 -37.6951536264,144.5918099081 -37.6951517659,144.5917610308 -37.6951499177,144.5917121524 -37.6951480848,144.5916632729 -37.6951462722,144.5916143927 -37.6951444697,144.5915655126 -37.6951426671,144.5915166322 -37.6951408678,144.5914677514 -37.6951390752,144.5914188709 -37.6951372791,144.5913699911 -37.6951354693,144.5913211135 -37.6951336242,144.5912722373 -37.6951317555,144.5912233601 -37.6951299031,144.5911744797 -37.6951281066,144.5911231725 -37.6951262913,144.5910718627 -37.6951245239,144.5910205507 -37.6951227953,144.5909692371 -37.6951210962,144.5909179153 -37.6951194685,144.5908665902 -37.6951179025,144.5908152665 -37.6951163110,144.5907639488 -37.6951146071,144.5907126436 -37.6951128202,144.5906613412 -37.6951109788,144.5906100479 -37.6951089960,144.5905587701 -37.6951067848,144.5905075154 -37.6951043475,144.5904562748 -37.6951017220,144.5904050535 -37.6950988752,144.5903538566 -37.6950957744,144.5902908382 -37.6950916051,144.5902278539 -37.6950871162,144.5901648990 -37.6950823689,144.5901019692 -37.6950774245,144.5900390601 -37.6950722698,144.5899761815 -37.6950668824,144.5899133285 -37.6950613082,144.5898504963 -37.6950555927,144.5897876806 -37.6950497201,144.5897248907 -37.6950436760,144.5896621200 -37.6950375059,144.5895993623 -37.6950312552,144.5895366225 -37.6950249241,144.5894738990 -37.6950184920,144.5894111895 -37.6950119748,144.5893484916 -37.6950053883,144.5892802783 -37.6949981627,144.5892120772 -37.6949908651,144.5891438932 -37.6949834680,144.5890757317 -37.6949759438,144.5890075883 -37.6949682964,144.5889394648 -37.6949605372,144.5888713653 -37.6949526482,144.5888032936 -37.6949446115,144.5887352510 -37.6949364335,144.5886672343 -37.6949281199,144.5885992480 -37.6949196528,144.5885312965 -37.6949110145,144.5884633836 -37.6949022082,144.5883955041 -37.6948932404,144.5883276615 -37.6948841000,144.5882598592 -37.6948747759,144.5881986949 -37.6948661866,144.5881375678 -37.6948574315,144.5880764764 -37.6948485212,144.5880154193 -37.6948394664,144.5879543943 -37.6948302609,144.5878934061 -37.6948209026,144.5878324520 -37.6948114063,144.5877715288 -37.6948017872,144.5877106363 -37.6947920401,144.5876497778 -37.6947821602,144.5875889499 -37.6947721626,144.5875281493 -37.6947620620,144.5874673803 -37.6947518562,144.5874066412 -37.6947415390,144.5873459294 -37.6947311214,144.5872852423 -37.6947206143,144.5872108858 -37.6947076345,144.5871365599 -37.6946945447,144.5870622686 -37.6946813327,144.5869880160 -37.6946679859,144.5869137957 -37.6946545120,144.5868396111 -37.6946409145,144.5867654692 -37.6946271728,144.5866913765 -37.6946132666,144.5866173339 -37.6945992031,144.5865433369 -37.6945849890,144.5864693930 -37.6945706036,144.5863955093 -37.6945560267,144.5863216950 -37.6945412479,144.5862479414 -37.6945262792,144.5861742443 -37.6945111368,144.5861005997 -37.6944958368,144.5860441590 -37.6944839823,144.5859877605 -37.6944720020,144.5859314039 -37.6944598989,144.5858750888 -37.6944476761,144.5858188045 -37.6944353477,144.5857625589 -37.6944229085,144.5857063633 -37.6944103293,144.5856502291 -37.6943975806,144.5855941579 -37.6943846736,144.5855381415 -37.6943716170,144.5854821925 -37.6943583816,144.5854263233 -37.6943449385,144.5853705385 -37.6943312961,144.5853148278 -37.6943174638,144.5852592025 -37.6943034186,144.5852036739 -37.6942891377,144.5851203030 -37.6942672803,144.5850370799 -37.6942450702,144.5849539943 -37.6942225393,144.5848710356 -37.6941997197,144.5847882048 -37.6941765862,144.5847055157 -37.6941531357,144.5846229452 -37.6941294238,144.5845404702 -37.6941055060,144.5844580910 -37.6940813616,144.5843758254 -37.6940569751,144.5842936483 -37.6940324014,144.5842115349 -37.6940076955,144.5841294936 -37.6939828581,144.5840475285 -37.6939578633,144.5839656296 -37.6939327326,144.5838837871 -37.6939074874,144.5838149824 -37.6938861716,144.5837462239 -37.6938647623,144.5836775251 -37.6938432335,144.5836088997 -37.6938215591,144.5835403401 -37.6937997435,144.5834718465 -37.6937777981,144.5834034301 -37.6937557025,144.5833351024 -37.6937334364,144.5832668629 -37.6937110077,144.5831987056 -37.6936884225,144.5831306424 -37.6936656606,144.5830626853 -37.6936427018,144.5829948251 -37.6936195752,144.5829270568 -37.6935962793,144.5828594161 -37.6935727536,144.5827919387 -37.6935489377,144.5827192059 -37.6935228592,144.5826466458 -37.6934964793,144.5825742424 -37.6934698306,144.5825019796 -37.6934429453,144.5824298840 -37.6934157645,144.5823579616 -37.6933882964,144.5822861388 -37.6933606638,144.5822143421 -37.6933329896,144.5821425883 -37.6933052299,144.5820709105 -37.6932773470,144.5819992333 -37.6932494631,144.5819274814 -37.6932217003,144.5818556524 -37.6931940740,144.5817837770 -37.6931665234,144.5817118465 -37.6931390628,144.5816398527 -37.6931117067,144.5815898350 -37.6930928177,144.5815397673 -37.6930740116,144.5814896744 -37.6930552475,144.5814395811 -37.6930364840,144.5813894940 -37.6930177100,144.5813393999 -37.6929989477,144.5812892938 -37.6929802055,144.5812391706 -37.6929614919,144.5811890323 -37.6929428042,144.5811388803 -37.6929241395,144.5810887097 -37.6929055063,144.5810385153 -37.6928869131,144.5809882857 -37.6928683802,144.5809380268 -37.6928498970,144.5808877607 -37.6928314261,144.5808375092 -37.6928129302,144.5807778494 -37.6927909202,144.5807182003 -37.6927688919,144.5806585560 -37.6927468556,144.5805989104 -37.6927248215,144.5805392840 -37.6927027434,144.5804796764 -37.6926806334,144.5804200334 -37.6926585836,144.5803603012 -37.6926366861,144.5803005087 -37.6926149143,144.5802406629 -37.6925932332,144.5801807123 -37.6925717362,144.5801206052 -37.6925505160,144.5800603618 -37.6925295561,144.5799999941 -37.6925088192,144.5799394670 -37.6924883775,144.5798787456 -37.6924683030,144.5798229342 -37.6924502952,144.5797669501 -37.6924326233,144.5797108268 -37.6924152282,144.5796545977 -37.6923980506,144.5795982350 -37.6923811295,144.5795417419 -37.6923644811,144.5794851685 -37.6923480020,144.5794285649 -37.6923315891,144.5793719043 -37.6923152737,144.5793151816 -37.6922990938,144.5792584443 -37.6922829453,144.5792017402 -37.6922667244,144.5791450688 -37.6922504464,144.5790884051 -37.6922341514,144.5790317781 -37.6922177773,144.5789752167 -37.6922012623,144.5789185277 -37.6921844995,144.5788619063 -37.6921675938,144.5788053208 -37.6921506122,144.5787487398 -37.6921336216,144.5786921749 -37.6921165871,144.5786356394 -37.6920994915,144.5785790903 -37.6920824242,144.5785224850 -37.6920654745,144.5784658457 -37.6920486150,144.5784091785 -37.6920318134,144.5783524425 -37.6920151598,144.5782955965 -37.6919987440,144.5782386487 -37.6919825668,144.5781816112 -37.6919665871,144.5781244717 -37.6919508380,144.5780672181 -37.6919353529,144.5780092082 -37.6919199964,144.5779510827 -37.6919049137,144.5778928652 -37.6918900533,144.5778345791 -37.6918753639,144.5777762158 -37.6918608536,144.5777177729 -37.6918465439,144.5776592658 -37.6918323989,144.5776007094 -37.6918183828,144.5775420945 -37.6918045065,144.5774834218 -37.6917907834,144.5774247053 -37.6917771773,144.5773659591 -37.6917636523,144.5773071866 -37.6917502120,144.5772483779 -37.6917368706,144.5771895397 -37.6917236108,144.5771306786 -37.6917104151,144.5770624520 -37.6916951828,144.5769941995 -37.6916800231,144.5769259124 -37.6916649615,144.5768575821 -37.6916500236,144.5767892078 -37.6916351994,144.5767207966 -37.6916204816,144.5766523400 -37.6916058970,144.5765838296 -37.6915914723,144.5765152720 -37.6915771994,144.5764466671 -37.6915630686,144.5763780071 -37.6915491071,144.5763092843 -37.6915353416,144.5762405058 -37.6915217680,144.5761716703 -37.6915083751,144.5761027730 -37.6914951830,144.5760338094 -37.6914822116,144.5759823151 -37.6914727100,144.5759307723 -37.6914633729,144.5758791862 -37.6914541866,144.5758275616 -37.6914451376,144.5757758928 -37.6914362343,144.5757241829 -37.6914274807,144.5756724388 -37.6914188538,144.5756206673 -37.6914103311,144.5755688639 -37.6914019196,144.5755170296 -37.6913936275,144.5754651706 -37.6913854320,144.5754132933 -37.6913773102,144.5753614041 -37.6913692478,144.5753094964 -37.6913612594,144.5752575655 -37.6913533671,144.5752056062 -37.6913455930,144.5751274478 -37.6913340863,144.5750492506 -37.6913227448,144.5749710143 -37.6913115730,144.5748927390 -37.6913005753,144.5748144127 -37.6912897910,144.5747360428 -37.6912792053,144.5746576465 -37.6912687407,144.5745792413 -37.6912583193,144.5745008398 -37.6912478573,144.5744224332 -37.6912374178,144.5743439932 -37.6912271411,144.5742654913 -37.6912171678,144.5729896185 -37.6910588457)
517	High St	1	1	1	136.437	POINT(144.6034062281 -37.6898568888)	LINESTRING(144.6028509100 -37.6894297470,144.6030500495 -37.6895611854,144.6032153263 -37.6896735019,144.6033874231 -37.6897999633,144.6035548176 -37.6899302300,144.6036582367 -37.6900174350,144.6037584904 -37.6901069773,144.6038574778 -37.6901974544,144.6039570983 -37.6902874639)
518	Leakes Rd	1	1	1	36.654	POINT(144.6533205545 -37.7214238859)	LINESTRING(144.6534434354 -37.7212907355,144.6531976737 -37.7215570361)
525	Ferris Rd	1	1	1	554.863	POINT(144.6028469036 -37.7016767978)	LINESTRING(144.6033044829 -37.6992069742,144.6023893244 -37.7041465390)
526	Ferris Rd	1	1	1	43.365	POINT(144.6034135383 -37.6986262561)	LINESTRING(144.6034446118 -37.6984327164,144.6033824649 -37.6988197954)
527	Zone connector	1	1	1	75.284	POINT(144.6030849305 -37.6995414251)	LINESTRING(144.6030180781 -37.6998759596,144.6031517830 -37.6992068891)
528		1	1	1	41.627	POINT(144.6028871624 -37.6988679805)	LINESTRING(144.6026568058 -37.6988355884,144.6028298471 -37.6988704131,144.6031223418 -37.6988996491)
529		3	1	1	81.893	POINT(144.6086035143 -37.6955242034)	LINESTRING(144.6081548398 -37.6954256578,144.6090521888 -37.6956227488)
530	Melton Hwy	1	1	1	50.504	POINT(144.6044368968 -37.6929437095)	LINESTRING(144.6044801075 -37.6927190661,144.6043936861 -37.6931683523)
531	Western Hwy	3	1	1	835.576	POINT(144.6372280857 -37.7136662962)	LINESTRING(144.6337096448 -37.7111407533,144.6348945547 -37.7119942369,144.6364783043 -37.7131337672,144.6400168893 -37.7156497385,144.6407460582 -37.7161920959)
532	Western Hwy	3	1	1	72.206	POINT(144.6249050928 -37.7048060806)	LINESTRING(144.6246001965 -37.7045885531,144.6252099890 -37.7050236075)
533		1	1	1	17.771	POINT(144.6281822232 -37.7067440194)	LINESTRING(144.6280886289 -37.7067741442,144.6281354260 -37.7067590818,144.6281822232 -37.7067440194,144.6282290204 -37.7067289570,144.6282758175 -37.7067138946)
536	Western Hwy	2	2	1	132.470	POINT(144.6378989449 -37.7146553391)	LINESTRING(144.6384570839 -37.7150554423,144.6373408059 -37.7142552338)
537	Western Hwy	2	2	1	174.698	POINT(144.6356890191 -37.7130753641)	LINESTRING(144.6364328727 -37.7135961344,144.6349451654 -37.7125545901)
538	Leakes Rd	1	1	1	56.232	POINT(144.6519215644 -37.7270065998)	LINESTRING(144.6517706393 -37.7267830598,144.6519131378 -37.7270162534,144.6520742399 -37.7272275831)
539	Leakes Rd	1	1	1	25.454	POINT(144.6516343598 -37.7256926149)	LINESTRING(144.6517758616 -37.7256685658,144.6514928579 -37.7257166639)
540		3	1	1	29.667	POINT(144.6521371234 -37.7256075822)	LINESTRING(144.6523023907 -37.7255808564,144.6519718562 -37.7256343079)
542	Leakes Rd	1	1	1	43.056	POINT(144.6527632817 -37.7282480816)	LINESTRING(144.6526751281 -37.7280689688,144.6527882729 -37.7282761518,144.6528500354 -37.7284301588)
543	Leakes Rd	1	1	1	21.413	POINT(144.6529255573 -37.7289147948)	LINESTRING(144.6529439153 -37.7290099887,144.6529071993 -37.7288196009)
600	Leakes Rd	1	1	1	40.028	POINT(144.6536727436 -37.7210718709)	LINESTRING(144.6538042501 -37.7209249385,144.6535412371 -37.7212188031)
601	Leakes Rd	1	1	1	52.717	POINT(144.6548765972 -37.7181330936)	LINESTRING(144.6548354215 -37.7183679544,144.6549177728 -37.7178982322)
602	Leakes Rd	1	1	1	18.079	POINT(144.6547497503 -37.7184757267)	LINESTRING(144.6547356956 -37.7185562767,144.6547638049 -37.7183951767)
603	Leakes Rd	1	1	1	32.506	POINT(144.6554245836 -37.7161500115)	LINESTRING(144.6554495383 -37.7160051433,144.6553996290 -37.7162948794)
604	Leakes Rd	1	1	1	114.054	POINT(144.6556142638 -37.7148751958)	LINESTRING(144.6556877197 -37.7143654899,144.6555408080 -37.7153848981)
605	Leakes Rd	1	1	1	79.062	POINT(144.6550125167 -37.7184271942)	LINESTRING(144.6550890463 -37.7180767857,144.6549359871 -37.7187776011)
606	Leakes Rd	1	1	1	28.224	POINT(144.6557141557 -37.7167102727)	LINESTRING(144.6558740506 -37.7166994565,144.6555542608 -37.7167210889)
607	Taylors Rd	1	1	1	37.580	POINT(144.6557578056 -37.7165645175)	LINESTRING(144.6559675742 -37.7165967058,144.6555480370 -37.7165323290)
608	Western Hwy	3	1	1	19.174	POINT(144.6710738620 -37.7350717580)	LINESTRING(144.6711708110 -37.7351111918,144.6709769129 -37.7350323241)
609	Western Hwy	2	2	1	116.192	POINT(144.6718424508 -37.7353661832)	LINESTRING(144.6724460303 -37.7355786202,144.6712388713 -37.7351537456)
617		1	1	1	18.543	POINT(144.7005578500 -37.7424949194)	LINESTRING(144.7004545440 -37.7425115910,144.7006611560 -37.7424782477)
618		1	1	1	20.061	POINT(144.7005708371 -37.7425772774)	LINESTRING(144.7004568210 -37.7425746100,144.7006848532 -37.7425799449)
619	Hopkins Rd	1	1	1	29.433	POINT(144.7010609202 -37.7415904208)	LINESTRING(144.7010429246 -37.7417219934,144.7010789158 -37.7414588480)
620	Neales Rd W	1	1	1	317.971	POINT(144.7047273491 -37.7413532431)	LINESTRING(144.7029342899 -37.7411700747,144.7065204084 -37.7415364110)
621	Neales Rd W	1	1	1	40.315	POINT(144.7016352675 -37.7410677897)	LINESTRING(144.7018629189 -37.7410890257,144.7014076161 -37.7410465537)
622	Neales Rd W	1	1	1	55.680	POINT(144.7021959745 -37.7411424373)	LINESTRING(144.7025096149 -37.7411765421,144.7018823341 -37.7411083326)
625	Palm Springs Rd WA	1	1	1	156.298	POINT(144.7383012395 -37.7628269756)	LINESTRING(144.7380226804 -37.7622517250,144.7380143417 -37.7622719472,144.7380063150 -37.7622922437,144.7379988315 -37.7623126659,144.7379919265 -37.7623331725,144.7379854774 -37.7623537755,144.7379795260 -37.7623744707,144.7379741144 -37.7623952542,144.7379711043 -37.7624083334,144.7379684506 -37.7624214632,144.7379660800 -37.7624346287,144.7379639192 -37.7624478150,144.7379619527 -37.7624610400,144.7379602212 -37.7624742869,144.7379587259 -37.7624875518,144.7379574681 -37.7625008307,144.7379564469 -37.7625141217,144.7379556624 -37.7625274241,144.7379551169 -37.7625407340,144.7379548127 -37.7625540473,144.7379547430 -37.7625673414,144.7379549086 -37.7625806364,144.7379553243 -37.7625939276,144.7379560048 -37.7626072105,144.7379570831 -37.7626222622,144.7379584582 -37.7626373005,144.7379601225 -37.7626523207,144.7379620683 -37.7626673180,144.7379643133 -37.7626823114,144.7379668524 -37.7626972770,144.7379696540 -37.7627122140,144.7379726862 -37.7627271214,144.7379759609 -37.7627420080,144.7379794861 -37.7627568599,144.7379832314 -37.7627716786,144.7379871666 -37.7627864655,144.7379912968 -37.7628011994,144.7379956362 -37.7628158964,144.7380001536 -37.7628305604,144.7380048179 -37.7628451949,144.7380082600 -37.7628556817,144.7380118093 -37.7628661466,144.7380154814 -37.7628765848,144.7380192918 -37.7628869914,144.7380232303 -37.7628973852,144.7380272892 -37.7629077509,144.7380315050 -37.7629180766,144.7380359141 -37.7629283507,144.7380404964 -37.7629385607,144.7380452459 -37.7629487243,144.7380501985 -37.7629588261,144.7380553901 -37.7629688509,144.7380607840 -37.7629787881,144.7380663811 -37.7629886573,144.7380722415 -37.7629984281,144.7380784253 -37.7630080700,144.7380887905 -37.7630231367,144.7380996464 -37.7630379915,144.7381109277 -37.7630526494,144.7381225692 -37.7630671252,144.7381346735 -37.7630814108,144.7381472076 -37.7630954671,144.7381600007 -37.7631093821,144.7381728821 -37.7631232436,144.7381858155 -37.7631371369,144.7381988623 -37.7631509653,144.7382121141 -37.7631646687,144.7382256625 -37.7631781872,144.7382419099 -37.7631938249,144.7382584560 -37.7632092691,144.7382753180 -37.7632244972,144.7382925132 -37.7632394869,144.7383167386 -37.7632610074,144.7383409975 -37.7632825992,144.7383665386 -37.7633030288,144.7383946109 -37.7633210630,144.7384263352 -37.7633364874,144.7384599569 -37.7633494095,144.7384947985 -37.7633603963,144.7385301819 -37.7633700148,144.7385630976 -37.7633770830,144.7385966319 -37.7633822990,144.7386304136 -37.7633867742,144.7386640716 -37.7633916199)
626	Palm Springs Rd	1	1	1	168.761	POINT(144.7382691187 -37.7628931486)	LINESTRING(144.7386338543 -37.7635458082,144.7385802713 -37.7635085491,144.7385258633 -37.7634719442,144.7384712491 -37.7634355027,144.7384170474 -37.7633987342,144.7383638768 -37.7633611480,144.7383123562 -37.7633222534,144.7382631043 -37.7632815599,144.7382380886 -37.7632590445,144.7382139449 -37.7632359123,144.7381906495 -37.7632122176,144.7381681788 -37.7631880146,144.7381465089 -37.7631633574,144.7381256164 -37.7631383004,144.7381054774 -37.7631128978,144.7380926691 -37.7630957650,144.7380804766 -37.7630783439,144.7380688508 -37.7630606703,144.7380577423 -37.7630427800,144.7380471022 -37.7630247088,144.7380368812 -37.7630064924,144.7380270301 -37.7629881665,144.7380129692 -37.7629611767,144.7379992954 -37.7629340210,144.7379862104 -37.7629066767,144.7379739160 -37.7628791212,144.7379626140 -37.7628513316,144.7379525062 -37.7628232853,144.7379437943 -37.7627949595,144.7379351813 -37.7627611004,144.7379280878 -37.7627269952,144.7379223998 -37.7626926961,144.7379180037 -37.7626582557,144.7379147855 -37.7626237265,144.7379126315 -37.7625891608,144.7379114278 -37.7625546110,144.7379111413 -37.7625251542,144.7379116574 -37.7624956604,144.7379130796 -37.7624661723,144.7379155117 -37.7624367324,144.7379190573 -37.7624073835,144.7379238201 -37.7623781682,144.7379299038 -37.7623491293,144.7379378685 -37.7623198242,144.7379476304 -37.7622908625,144.7379587275 -37.7622621575,144.7379706976 -37.7622336223)
647	Christies Rd	1	1	1	11.403	POINT(144.7396283317 -37.7576654701)	LINESTRING(144.7396326518 -37.7576143229,144.7396240117 -37.7577166173)
648	Christies Rd	1	1	1	42.785	POINT(144.7395736041 -37.7569213893)	LINESTRING(144.7395558368 -37.7571132113,144.7395913714 -37.7567295667)
649		1	1	1	46.744	POINT(144.7400825833 -37.7566156763)	LINESTRING(144.7403394431 -37.7566389059,144.7401829926 -37.7565934258,144.7400181287 -37.7565940122,144.7398233927 -37.7566300617)
651		3	1	1	66.775	POINT(144.7391518780 -37.7556660875)	LINESTRING(144.7387944909 -37.7555738122,144.7390054729 -37.7556284029,144.7390792246 -37.7556546738,144.7391532882 -37.7556803453,144.7392281319 -37.7557045180,144.7392738359 -37.7557189233,144.7393197400 -37.7557330854,144.7393662669 -37.7557455167,144.7394138392 -37.7557547295,144.7394307227 -37.7557566519,144.7394477837 -37.7557575622,144.7394649028 -37.7557575817,144.7394819603 -37.7557568313,144.7394967203 -37.7557552583,144.7395113222 -37.7557528074)
652	Caroline Springs Blvd	1	1	1	25.286	POINT(144.7398212837 -37.7554840957)	LINESTRING(144.7398323210 -37.7553707572,144.7398102464 -37.7555974341)
663	Ballarat Rd  Western Hwy	1	1	1	58.191	POINT(144.7443478137 -37.7579517388)	LINESTRING(144.7446529676 -37.7580528427,144.7440426597 -37.7578506347)
669	Ballarat Rd  Western Hwy	1	1	1	31.565	POINT(144.7466269706 -37.7587256364)	LINESTRING(144.7467904296 -37.7587842280,144.7464635116 -37.7586670447)
670	Ballarat Rd  Western Hwy	1	1	1	9.201	POINT(144.7469038282 -37.7588283087)	LINESTRING(144.7469511080 -37.7588460189,144.7468565485 -37.7588105984)
671	Panamax Rd	1	1	1	255.784	POINT(144.7468861996 -37.7603748948)	LINESTRING(144.7471128567 -37.7592616045,144.7468930999 -37.7595560637,144.7468562255 -37.7596233601,144.7466649361 -37.7615016327)
673	Chisholm Dr	83	1	1	23.307	POINT(144.7484922100 -37.7589683887)	LINESTRING(144.7485089266 -37.7588637621,144.7484976756 -37.7589520818,144.7484752631 -37.7590715518)
676	Melton Hwy	1	1	1	23.060	POINT(144.6059773378 -37.6873183500)	LINESTRING(144.6060103547 -37.6872179336,144.6059443210 -37.6874187662)
677	Melton Hwy	1	1	1	50.922	POINT(144.6062782353 -37.6864716121)	LINESTRING(144.6063605787 -37.6862519440,144.6061958918 -37.6866912796)
678	Zone connector	1	1	1	39.661	POINT(144.6062136229 -37.6876741031)	LINESTRING(144.6064325874 -37.6877167822,144.6059946585 -37.6876314240)
680	Melton Hwy	1	1	1	99.256	POINT(144.6054757483 -37.6883250661)	LINESTRING(144.6053435167 -37.6887592394,144.6056079799 -37.6878908903)
681	Gateway Dr SA	1	1	1	165.333	POINT(144.6039186861 -37.6875833786)	LINESTRING(144.6034817610 -37.6880691148,144.6036641308 -37.6871675188,144.6038203871 -37.6871110635,144.6043743095 -37.6871320602)
682		1	1	1	15.303	POINT(144.6038549906 -37.6974593257)	LINESTRING(144.6039230364 -37.6974162738,144.6039058603 -37.6974259838,144.6038885922 -37.6974355998,144.6038715081 -37.6974454036,144.6038548839 -37.6974556768,144.6038379474 -37.6974672617,144.6038215341 -37.6974793220,144.6038053300 -37.6974915725,144.6037890212 -37.6975037279)
848		1	1	1	20.257	POINT(144.6033319783 -37.6977175774)	LINESTRING(144.6033505941 -37.6978075143,144.6033133626 -37.6976276403)
849		1	1	1	19.672	POINT(144.7469855363 -37.7591237209)	LINESTRING(144.7469643833 -37.7592105559,144.7470066894 -37.7590368859)
850		1	1	1	25.768	POINT(144.7481132971 -37.7590879061)	LINESTRING(144.7479732650 -37.7590619628,144.7480077196 -37.7590716321,144.7480426129 -37.7590804696,144.7480778900 -37.7590884216,144.7481134961 -37.7590954342,144.7481493765 -37.7591014534,144.7481854763 -37.7591064255,144.7482217408 -37.7591102965,144.7482581151 -37.7591130127)
859		83	1	1	16.977	POINT(144.7484877545 -37.7591504396)	LINESTRING(144.7484945684 -37.7590743132,144.7484809407 -37.7592265658)
860		1	1	1	27.587	POINT(144.7474375196 -37.7592080752)	LINESTRING(144.7475888747 -37.7592351006,144.7475513634 -37.7592261399,144.7475136104 -37.7592177201,144.7474756333 -37.7592098954,144.7474374498 -37.7592027196,144.7473990775 -37.7591962469,144.7473605340 -37.7591905314,144.7473218371 -37.7591856270,144.7472830044 -37.7591815879)
861		1	1	1	25.018	POINT(144.7398948529 -37.7558190461)	LINESTRING(144.7398731645 -37.7557078927,144.7399165413 -37.7559301995)
862		1	1	1	47.449	POINT(144.6034795030 -37.6976049058)	LINESTRING(144.6034393512 -37.6978160008,144.6035196549 -37.6973938103)
863	Leakes Rd	1	1	1	100.956	POINT(144.6512987574 -37.7251229367)	LINESTRING(144.6513047777 -37.7246695940,144.6512984990 -37.7247411714,144.6512918556 -37.7248127350,144.6512859417 -37.7248843258,144.6512818521 -37.7249559846,144.6512801422 -37.7250132868,144.6512795682 -37.7250706110,144.6512802232 -37.7251279323,144.6512822002 -37.7251852258,144.6512886895 -37.7252830183,144.6512979330 -37.7253806915,144.6513082783 -37.7254783169,144.6513180727 -37.7255759659)
864	Leakes Rd	1	1	1	50.994	POINT(144.6524101231 -37.7278610260)	LINESTRING(144.6525578749 -37.7280583424,144.6522623712 -37.7276637091)
865	Leakes Rd	1	1	1	46.124	POINT(144.6557792770 -37.7140926012)	LINESTRING(144.6557823271 -37.7138851484,144.6557762269 -37.7143000534)
875		1	1	1	19.981	POINT(144.6045684436 -37.6906393564)	LINESTRING(144.6045251022 -37.6907266395,144.6045363453 -37.6906866245,144.6045540927 -37.6906481131,144.6045780405 -37.6906117643,144.6046077791 -37.6905782000,144.6046213095 -37.6905665298)
877		1	1	1	11.351	POINT(144.7010064234 -37.7478573562)	LINESTRING(144.7009887453 -37.7479074791,144.7009992213 -37.7478744842,144.7010113028 -37.7478418211,144.7010249629 -37.7478095625)
879		1	1	1	10.685	POINT(144.7398460953 -37.7525065451)	LINESTRING(144.7398272162 -37.7525577070,144.7398303715 -37.7525386554,144.7398366448 -37.7525200925,144.7398459290 -37.7525023358,144.7398580651 -37.7524856891,144.7398728455 -37.7524704373)
880		1	1	1	167.376	POINT(144.7390581731 -37.7635435806)	LINESTRING(144.7387532186 -37.7635012878,144.7387628103 -37.7634701839,144.7387774555 -37.7634403357,144.7387969036 -37.7634122541,144.7388208219 -37.7633864196,144.7388488010 -37.7633632741,144.7388803623 -37.7633432136,144.7389149657 -37.7633265816,144.7389520192 -37.7633136624,144.7389908888 -37.7633046772,144.7390309094 -37.7632997797,144.7390713962 -37.7632990537,144.7391116565 -37.7633025117,144.7391510014 -37.7633100944,144.7391887578 -37.7633216721,144.7392242796 -37.7633370467,144.7392569589 -37.7633559552,144.7392862368 -37.7633780740,144.7393116122 -37.7634030247,144.7393326509 -37.7634303803,144.7393489929 -37.7634596728,144.7393603587 -37.7634904010,144.7393665538 -37.7635220391,144.7393674721 -37.7635540457,144.7393630980 -37.7635858733,144.7393535063 -37.7636169772,144.7393388611 -37.7636468252,144.7393194130 -37.7636749067,144.7392954947 -37.7637007412,144.7392675156 -37.7637238866,144.7392359543 -37.7637439469,144.7392013509 -37.7637605789,144.7391642974 -37.7637734980,144.7391254278 -37.7637824832,144.7390854072 -37.7637873806,144.7390449204 -37.7637881066,144.7390046601 -37.7637846487,144.7389653152 -37.7637770660,144.7389275588 -37.7637654884,144.7388920370 -37.7637501138,144.7388593577 -37.7637312054,144.7388300798 -37.7637090867,144.7388047044 -37.7636841361,144.7387836657 -37.7636567806,144.7387673237 -37.7636274882,144.7387559579 -37.7635967601,144.7387497628 -37.7635651220,144.7387488445 -37.7635331154)
881		1	1	1	55.138	POINT(144.6556463423 -37.7160350673)	LINESTRING(144.6556102537 -37.7157882335,144.6556077956 -37.7158499529,144.6556096397 -37.7159117466,144.6556153287 -37.7159735199,144.6556244049 -37.7160351781,144.6556364110 -37.7160966264,144.6556508893 -37.7161577703,144.6556673824 -37.7162185150,144.6556854327 -37.7162787658)
883	Ballarat Rd  Western Hwy	1	1	1	5.320	POINT(144.7469555644 -37.7586686929)	LINESTRING(144.7469300299 -37.7586558683,144.7469810990 -37.7586815176)
884	Ballarat Rd  Western Hwy	1	1	1	27.651	POINT(144.7490520122 -37.7597905697)	LINESTRING(144.7491871341 -37.7598541168,144.7489168904 -37.7597270227)
885	Ballarat Rd  Western Hwy	1	1	1	28.263	POINT(144.7487430077 -37.7596473157)	LINESTRING(144.7488827807 -37.7597100083,144.7486032347 -37.7595846230)
887	Caroline Springs Blvd	1	1	1	20.653	POINT(144.7397183199 -37.7550743517)	LINESTRING(144.7397109662 -37.7551670166,144.7397256736 -37.7549816867)
888	Ballarat Rd  Western Hwy	1	1	1	29.561	POINT(144.7413690190 -37.7569210211)	LINESTRING(144.7415227661 -37.7569747227,144.7412152719 -37.7568673194)
889	Christies Rd	1	1	1	31.966	POINT(144.7396075622 -37.7565774131)	LINESTRING(144.7395923247 -37.7567206076,144.7396227996 -37.7564342182)
890	Christies Rd	1	1	1	45.114	POINT(144.7396553132 -37.7573833818)	LINESTRING(144.7396746247 -37.7571811528,144.7396360017 -37.7575856101)
891	Christies Rd	1	1	1	34.181	POINT(144.7394691691 -37.7582189907)	LINESTRING(144.7394604637 -37.7583724880,144.7394778745 -37.7580654931)
893	Ballarat Rd  Western Hwy	1	1	1	24.659	POINT(144.7471096575 -37.7587407216)	LINESTRING(144.7469883745 -37.7586851005,144.7472309405 -37.7587963425)
894	Hopkins Rd	1	1	1	696.330	POINT(144.7034786493 -37.7529891590)	LINESTRING(144.7028471774 -37.7500624497,144.7029536126 -37.7501430852,144.7030623391 -37.7502221135,144.7031719820 -37.7503004989,144.7032811667 -37.7503792056,144.7033885184 -37.7504591979,144.7034926623 -37.7505414401,144.7035922238 -37.7506268964,144.7036858280 -37.7507165310,144.7037239014 -37.7507569804,144.7037600981 -37.7507985566,144.7037944880 -37.7508411454,144.7038271412 -37.7508846327,144.7038581279 -37.7509289047,144.7038875179 -37.7509738471,144.7039153814 -37.7510193460,144.7039417884 -37.7510652872,144.7039678974 -37.7511130039,144.7039930394 -37.7511612325,144.7040167746 -37.7512099690,144.7040386635 -37.7512592094,144.7040582662 -37.7513089498,144.7040751431 -37.7513591861,144.7040888546 -37.7514099143,144.7040989609 -37.7514611304,144.7041029141 -37.7514963481,144.7041039817 -37.7515316803,144.7041026911 -37.7515670914,144.7040995695 -37.7516025462,144.7040951443 -37.7516380092,144.7040899427 -37.7516734451,144.7040844922 -37.7517088185,144.7040793199 -37.7517440941,144.7040709982 -37.7517974202,144.7040610580 -37.7518505694,144.7040499268 -37.7519035892,144.7040380322 -37.7519565271,144.7040258020 -37.7520094307,144.7040136636 -37.7520623475,144.7040020447 -37.7521153249,144.7039913729 -37.7521684106,144.7039856349 -37.7521995300,144.7039801446 -37.7522306771,144.7039748360 -37.7522618447,144.7039696427 -37.7522930253,144.7039644986 -37.7523242115,144.7039593375 -37.7523553959,144.7039540933 -37.7523865711,144.7039486996 -37.7524177298,144.7039431699 -37.7524488774,144.7039375737 -37.7524800175,144.7039319275 -37.7525111520,144.7039262477 -37.7525422828,144.7039205509 -37.7525734117,144.7039148533 -37.7526045404,144.7039091714 -37.7526356709,144.7039035216 -37.7526668050,144.7038978943 -37.7526979397,144.7038922691 -37.7527290746,144.7038866476 -37.7527602099,144.7038810313 -37.7527913458,144.7038754220 -37.7528224824,144.7038698211 -37.7528536200,144.7038642303 -37.7528847587,144.7038586511 -37.7529158987,144.7038479499 -37.7529758459,144.7038372912 -37.7530357978,144.7038266598 -37.7530957527,144.7038160407 -37.7531557089,144.7038054189 -37.7532156648,144.7037947791 -37.7532756186,144.7037841065 -37.7533355687,144.7037733859 -37.7533955134,144.7037626196 -37.7534554530,144.7037518231 -37.7535153893,144.7037410008 -37.7535753225,144.7037301571 -37.7536352533,144.7037192964 -37.7536951822,144.7037084232 -37.7537551096,144.7036975418 -37.7538150360,144.7036866568 -37.7538749619,144.7036757607 -37.7539348867,144.7036648461 -37.7539948093,144.7036539176 -37.7540547303,144.7036429794 -37.7541146501,144.7036320361 -37.7541745693,144.7036210920 -37.7542344884,144.7036101516 -37.7542944078,144.7035992193 -37.7543543281,144.7035883067 -37.7544142506,144.7035774143 -37.7544741753,144.7035665306 -37.7545341009,144.7035556437 -37.7545940262,144.7035447418 -37.7546539497,144.7035338132 -37.7547138700,144.7035228462 -37.7547737859,144.7035118289 -37.7548336961,144.7035075376 -37.7548569311,144.7035032331 -37.7548801647,144.7034989163 -37.7549033968,144.7034945878 -37.7549266276,144.7034902485 -37.7549498571,144.7034858990 -37.7549730854,144.7034815402 -37.7549963126,144.7034771729 -37.7550195388,144.7034727851 -37.7550427634,144.7034683713 -37.7550659848,144.7034639412 -37.7550892043,144.7034595045 -37.7551124231,144.7034550708 -37.7551356421,144.7034506499 -37.7551588627,144.7034462515 -37.7551820859,144.7034418852 -37.7552053129,144.7034375351 -37.7552285406,144.7034331848 -37.7552517683,144.7034288440 -37.7552749971,144.7034245225 -37.7552982281,144.7034202299 -37.7553214624,144.7034159759 -37.7553447011,144.7034117702 -37.7553679452,144.7034076226 -37.7553911958,144.7034035210 -37.7554144505,144.7033994508 -37.7554377087,144.7033954182 -37.7554609710,144.7033914297 -37.7554842381,144.7033874914 -37.7555075105,144.7033836098 -37.7555307887,144.7033797912 -37.7555540733,144.7033760418 -37.7555773649,144.7033743289 -37.7555882218,144.7033726484 -37.7555990819,144.7033709974 -37.7556099448,144.7033693727 -37.7556208103,144.7033677714 -37.7556316779,144.7033661905 -37.7556425475,144.7033646271 -37.7556534186,144.7033630782 -37.7556642909,144.7033615502 -37.7556751655,144.7033600489 -37.7556860425,144.7033585700 -37.7556969214,144.7033571091 -37.7557078018,144.7033556618 -37.7557186835,144.7033542237 -37.7557295659,144.7033527905 -37.7557404487,144.7033513578 -37.7557513314,144.7033499328 -37.7557622154,144.7033485228 -37.7557731007,144.7033471236 -37.7557839868,144.7033457307 -37.7557948734,144.7033443397 -37.7558057601,144.7033429463 -37.7558166467,144.7033415461 -37.7558275327,144.7033401347 -37.7558384178,144.7033387127 -37.7558493017,144.7033372843 -37.7558601851,144.7033358511 -37.7558710681,144.7033344144 -37.7558819508,144.7033329758 -37.7558928333,144.7033315368 -37.7559037158,144.7033300987 -37.7559145984,144.7033286630 -37.7559254812)
895	Hopkins Rd	1	1	1	24.697	POINT(144.7026972685 -37.7501079637)	LINESTRING(144.7027979690 -37.7501853478,144.7025965681 -37.7500305795)
897	Hopkins Rd	1	1	1	35.638	POINT(144.7011025317 -37.7412680139)	LINESTRING(144.7010810240 -37.7414273495,144.7011240394 -37.7411086780)
898	Western Hwy	3	1	1	886.605	POINT(144.6653493178 -37.7318080414)	LINESTRING(144.6693977620 -37.7341837374,144.6613008735 -37.7294322692)
899	Melton Hwy	1	1	1	37.791	POINT(144.6046647715 -37.6912202097)	LINESTRING(144.6046897315 -37.6913932441,144.6046918179 -37.6913599647,144.6046926905 -37.6913265553,144.6046922228 -37.6912930973,144.6046902880 -37.6912596716,144.6046867596 -37.6912263594,144.6046815109 -37.6911932418,144.6046744154 -37.6911604000,144.6046340916 -37.6910590175)
900	High St	1	1	1	39.995	POINT(144.6043638082 -37.6904472762)	LINESTRING(144.6041537564 -37.6904102111,144.6042051810 -37.6904284474,144.6042584299 -37.6904433100,144.6043131445 -37.6904551310,144.6043689663 -37.6904642427,144.6044255364 -37.6904709772,144.6044824964 -37.6904756668,144.6045394875 -37.6904786437,144.6045961510 -37.6904802401)
901	Melton Hwy	1	1	1	45.289	POINT(144.6051709849 -37.6902794216)	LINESTRING(144.6051676489 -37.6900784433,144.6051645808 -37.6900903522,144.6051613854 -37.6901022453,144.6051584446 -37.6901141699,144.6051561400 -37.6901261732,144.6051522128 -37.6901539467,144.6051493009 -37.6901818221,144.6051478956 -37.6902097402,144.6051484883 -37.6902376419,144.6051552948 -37.6902939810,144.6051667329 -37.6903499456,144.6051800236 -37.6904057603,144.6051945311 -37.6904820013)
907	Hopkins Road NA	1	1	1	39.586	POINT(144.7013043701 -37.7403928238)	LINESTRING(144.7013240942 -37.7402155153,144.7012846459 -37.7405701319)
908	Melton Hwy	1	1	1	29.025	POINT(144.7012442387 -37.7407585868)	LINESTRING(144.7012618363 -37.7406288219,144.7012266412 -37.7408883514)
910	Melton Hwy	1	1	1	72.368	POINT(144.7011861987 -37.7405348177)	LINESTRING(144.7011357806 -37.7408577595,144.7012366167 -37.7402118744)
911	Grand Blvd WA	1	1	1	150.399	POINT(144.7016349931 -37.7571133063)	LINESTRING(144.7007943839 -37.7569972936,144.7018753628 -37.7571683650,144.7024783964 -37.7572289578)
912		1	1	1	157.476	POINT(144.7016412855 -37.7572373460)	LINESTRING(144.7025226720 -37.7573654908,144.7019587794 -37.7573020591,144.7007622560 -37.7571088784)
913	Hopkins Rd	1	1	1	12.697	POINT(144.7028598104 -37.7577665228)	LINESTRING(144.7028499909 -37.7578230681,144.7028696299 -37.7577099776)
914	Hopkins Rd	1	1	1	15.841	POINT(144.7028234085 -37.7575757251)	LINESTRING(144.7028401760 -37.7576458501,144.7028296026 -37.7575991184,144.7028184176 -37.7575524746,144.7028065601 -37.7575059366)
915	Hopkins Rd	1	1	1	664.922	POINT(144.7034855717 -37.7531149056)	LINESTRING(144.7032365159 -37.7559403106,144.7032367975 -37.7559388762,144.7032370792 -37.7559374418,144.7032373609 -37.7559360075,144.7032376426 -37.7559345732,144.7032379242 -37.7559331388,144.7032382057 -37.7559317044,144.7032384871 -37.7559302700,144.7032387681 -37.7559288356,144.7032390488 -37.7559274011,144.7032393291 -37.7559259666,144.7032396091 -37.7559245320,144.7032398891 -37.7559230975,144.7032401691 -37.7559216629,144.7032404493 -37.7559202284,144.7032407299 -37.7559187939,144.7032410111 -37.7559173595,144.7032412926 -37.7559159251,144.7032415741 -37.7559144908,144.7032418558 -37.7559130564,144.7032421378 -37.7559116221,144.7032424204 -37.7559101879,144.7032427035 -37.7559087537,144.7032429876 -37.7559073196,144.7032432726 -37.7559058857,144.7032435581 -37.7559044518,144.7032438438 -37.7559030180,144.7032441300 -37.7559015842,144.7032444170 -37.7559001505,144.7032447052 -37.7558987170,144.7032449949 -37.7558972836,144.7032452865 -37.7558958505,144.7032455802 -37.7558944177,144.7032509746 -37.7558683057,144.7032564040 -37.7558421982,144.7032618652 -37.7558160948,144.7032673547 -37.7557899951,144.7032728692 -37.7557638987,144.7032784054 -37.7557378051,144.7032839598 -37.7557117139,144.7032895292 -37.7556856248,144.7032951284 -37.7556595388,144.7033007669 -37.7556334581,144.7033064335 -37.7556073812,144.7033121168 -37.7555813065,144.7033178055 -37.7555552326,144.7033234885 -37.7555291578,144.7033291545 -37.7555030808,144.7033347922 -37.7554769999,144.7033404201 -37.7554509185,144.7033460574 -37.7554248382,144.7033516926 -37.7553987577,144.7033573145 -37.7553726754,144.7033629119 -37.7553465898,144.7033684734 -37.7553204994,144.7033739879 -37.7552944029,144.7033794439 -37.7552682987,144.7033848545 -37.7552421896,144.7033902362 -37.7552160766,144.7033955826 -37.7551899590,144.7034008873 -37.7551638362,144.7034061437 -37.7551377072,144.7034113455 -37.7551115715,144.7034164861 -37.7550854283,144.7034215591 -37.7550592769,144.7034307361 -37.7550112655,144.7034397868 -37.7549632391,144.7034487244 -37.7549151992,144.7034575619 -37.7548671475,144.7034663126 -37.7548190858,144.7034749895 -37.7547710156,144.7034836058 -37.7547229387,144.7034921747 -37.7546748567,144.7035006702 -37.7546267651,144.7035090684 -37.7545786627,144.7035173860 -37.7545305515,144.7035256398 -37.7544824333,144.7035338466 -37.7544343100,144.7035420230 -37.7543861833,144.7035501859 -37.7543380553,144.7035583521 -37.7542899276,144.7035664938 -37.7542417957,144.7035745829 -37.7541936583,144.7035826360 -37.7541455170,144.7035906701 -37.7540973737,144.7035987018 -37.7540492300,144.7036067480 -37.7540010879,144.7036148254 -37.7539529490,144.7036229507 -37.7539048152,144.7036311055 -37.7538566855,144.7036392660 -37.7538085563,144.7036474407 -37.7537604286,144.7036556384 -37.7537123033,144.7036638675 -37.7536641813,144.7036721368 -37.7536160637,144.7036804548 -37.7535679512,144.7036888301 -37.7535198450,144.7036973224 -37.7534714495,144.7037058753 -37.7534230606,144.7037144783 -37.7533746773,144.7037231211 -37.7533262983,144.7037317933 -37.7532779225,144.7037404845 -37.7532295488,144.7037491843 -37.7531811760,144.7037578823 -37.7531328031,144.7037665975 -37.7530844315,144.7037753476 -37.7530360639,144.7037841211 -37.7529876989,144.7037929063 -37.7529393352,144.7038016914 -37.7528909715,144.7038104647 -37.7528426063,144.7038192146 -37.7527942385,144.7038279295 -37.7527458668,144.7038366285 -37.7526974939,144.7038453315 -37.7526491214,144.7038540266 -37.7526007479,144.7038627021 -37.7525523723,144.7038713465 -37.7525039931,144.7038799479 -37.7524556092,144.7038884947 -37.7524072193,144.7038969752 -37.7523588220,144.7039053638 -37.7523104154,144.7039136608 -37.7522619990,144.7039218931 -37.7522135756,144.7039300875 -37.7521651481,144.7039382708 -37.7521167193,144.7039464700 -37.7520682922,144.7039547119 -37.7520198696,144.7039630233 -37.7519714545,144.7039644365 -37.7519632832,144.7039658549 -37.7519551125,144.7039672779 -37.7519469423,144.7039687049 -37.7519387726,144.7039701352 -37.7519306032,144.7039715682 -37.7519224341,144.7039730033 -37.7519142652,144.7039744398 -37.7519060964,144.7039758899 -37.7518979266,144.7039773587 -37.7518897587,144.7039788364 -37.7518815918,144.7039803134 -37.7518734249,144.7039817799 -37.7518652568,144.7039832262 -37.7518570866,144.7039846426 -37.7518489131,144.7039860193 -37.7518407354,144.7039873718 -37.7518325605,144.7039887171 -37.7518243844,144.7039900455 -37.7518162065,144.7039913472 -37.7518080261,144.7039926124 -37.7517998422,144.7039938312 -37.7517916543,144.7039949940 -37.7517834614,144.7039960909 -37.7517752629,144.7039971341 -37.7517670640,144.7039981392 -37.7517588616,144.7039990991 -37.7517506556,144.7040000071 -37.7517424460,144.7040008564 -37.7517342327,144.7040016401 -37.7517260156,144.7040023514 -37.7517177947,144.7040029834 -37.7517095701,144.7040057187 -37.7516803126,144.7040093004 -37.7516509660,144.7040130760 -37.7516215786,144.7040163929 -37.7515921991,144.7040185984 -37.7515628760,144.7040190399 -37.7515336578,144.7040170648 -37.7515045930,144.7040120205 -37.7514757301,144.7039990956 -37.7514316970,144.7039819130 -37.7513886094,144.7039612575 -37.7513463213,144.7039379140 -37.7513046868,144.7039126674 -37.7512635600,144.7038863026 -37.7512227951,144.7038596045 -37.7511822459,144.7038333578 -37.7511417667,144.7038063113 -37.7510995833,144.7037787380 -37.7510575420,144.7037504358 -37.7510157808,144.7037212024 -37.7509744378,144.7036908356 -37.7509336510,144.7036591330 -37.7508935584,144.7036258925 -37.7508542980,144.7035909117 -37.7508160078,144.7035663810 -37.7507915100,144.7035405309 -37.7507678871,144.7035136412 -37.7507449560,144.7034859916 -37.7507225336,144.7034578620 -37.7507004366,144.7034295322 -37.7506784820,144.7034012819 -37.7506564865,144.7033733909 -37.7506342670,144.7033206083 -37.7505917713,144.7032674995 -37.7505495309,144.7032141396 -37.7505074870,144.7031606040 -37.7504655806,144.7031069680 -37.7504237527,144.7030533069 -37.7503819445,144.7029996961 -37.7503400970,144.7029462107 -37.7502981512)
916	Hopkins Rd	1	1	1	19.787	POINT(144.7027963078 -37.7571616739)	LINESTRING(144.7026859995 -37.7571791632,144.7029066161 -37.7571441846)
917	Hopkins Rd	1	1	1	15.248	POINT(144.7033102182 -37.7560669452)	LINESTRING(144.7033205240 -37.7559988870,144.7032999125 -37.7561350033)
919	Hopkins Rd	1	1	1	42.400	POINT(144.7032404595 -37.7563541135)	LINESTRING(144.7032724017 -37.7561651884,144.7032085173 -37.7565430381)
920	Hopkins Rd	1	1	1	26.327	POINT(144.7027175577 -37.7572475010)	LINESTRING(144.7025684672 -37.7572376972,144.7026641050 -37.7572440982,144.7027597428 -37.7572504993,144.7028668216 -37.7572572936)
921		1	1	1	17.703	POINT(144.7029108872 -37.7576026315)	LINESTRING(144.7028950654 -37.7576812213,144.7029267090 -37.7575240416)
922	Hopkins Road SA	1	1	1	127.182	POINT(144.7027076206 -37.7590854717)	LINESTRING(144.7026296921 -37.7596533106,144.7027332138 -37.7590252433,144.7027854476 -37.7585168693)
923		1	1	1	17.955	POINT(144.7027802620 -37.7583939117)	LINESTRING(144.7027698345 -37.7584742008,144.7027906895 -37.7583136224)
924		1	1	1	129.276	POINT(144.7028020780 -37.7590814752)	LINESTRING(144.7028818088 -37.7585037752,144.7027223472 -37.7596591707)
925	Melton Hwy	1	1	1	17.503	POINT(144.6056451286 -37.6877880430)	LINESTRING(144.6056203916 -37.6878643259,144.6056698656 -37.6877117600)
927		1	1	1	21.675	POINT(144.6061430460 -37.6877852925)	LINESTRING(144.6062648400 -37.6877703838,144.6060212519 -37.6878002011)
928	Melton Hwy	1	1	1	22.493	POINT(144.6045343127 -37.6925697221)	LINESTRING(144.6045571089 -37.6924701413,144.6045115166 -37.6926693029)
929		1	1	1	20.470	POINT(144.6061013324 -37.6873356526)	LINESTRING(144.6061073280 -37.6872443224,144.6061037946 -37.6872671607,144.6061008077 -37.6872900756,144.6060984255 -37.6873130477,144.6060967057 -37.6873360573,144.6060957066 -37.6873590847,144.6060954860 -37.6873821104,144.6060961019 -37.6874051146,144.6060976124 -37.6874280779)
930		1	1	1	43.076	POINT(144.7015472971 -37.7411346622)	LINESTRING(144.7017919303 -37.7411199690,144.7017250911 -37.7411176490,144.7016540374 -37.7411170488,144.7016015323 -37.7411167340,144.7015482959 -37.7411184671,144.7014871762 -37.7411246501,144.7014263828 -37.7411325699,144.7013660405 -37.7411420708,144.7013062738 -37.7411529973)
931	Taylors Rd	1	1	1	132.870	POINT(144.6579210117 -37.7168573583)	LINESTRING(144.6571900521 -37.7167085776,144.6577956918 -37.7168391535,144.6586534271 -37.7170058403)
932	Leakes Rd	1	1	1	11.320	POINT(144.6550908471 -37.7169156378)	LINESTRING(144.6550813878 -37.7169660023,144.6551003065 -37.7168652733)
933		1	1	1	6.987	POINT(144.7485813975 -37.7595180096)	LINESTRING(144.7486154335 -37.7595342085,144.7485473616 -37.7595018107)
934		1	1	1	11.521	POINT(144.7484087626 -37.7594343723)	LINESTRING(144.7484656925 -37.7594599933,144.7483518327 -37.7594087512)
935		1	1	1	225.792	POINT(144.6040349644 -37.6951968169)	LINESTRING(144.6042104181 -37.6941915149,144.6041834453 -37.6943174347,144.6041559437 -37.6944432888,144.6041283100 -37.6945691263,144.6041009407 -37.6946949964,144.6040742322 -37.6948209480,144.6040485812 -37.6949470305,144.6040243841 -37.6950732927,144.6040036653 -37.6951908066,144.6039845205 -37.6953084884,144.6039664158 -37.6954262814,144.6039488174 -37.6955441292,144.6039311917 -37.6956619751,144.6039130048 -37.6957797625,144.6038937231 -37.6958974349,144.6038597139 -37.6962033570)
936	Western Hwy	3	1	1	76.772	POINT(144.6417255419 -37.7173838870)	LINESTRING(144.6420433754 -37.7176205776,144.6414077085 -37.7171471958)
938	Leakes Rd	1	1	1	78.480	POINT(144.6549951486 -37.7174202064)	LINESTRING(144.6549297582 -37.7177693796,144.6550605390 -37.7170710316)
940		1	1	1	21.152	POINT(144.6512867595 -37.7258954710)	LINESTRING(144.6513121005 -37.7259884618,144.6512614186 -37.7258024801)
941	Leakes Rd	1	1	1	19.123	POINT(144.6513508435 -37.7261658043)	LINESTRING(144.6513804668 -37.7262485510,144.6513212202 -37.7260830575)
942	Western Hwy	2	2	1	104.339	POINT(144.6216920279 -37.7030429283)	LINESTRING(144.6221329235 -37.7033569903,144.6212511324 -37.7027288650)
943	Western Hwy	3	1	1	46.527	POINT(144.6605671021 -37.7285607002)	LINESTRING(144.6603538433 -37.7284368875,144.6607803609 -37.7286845126)
944	Western Hwy	3	1	1	63.068	POINT(144.6706835097 -37.7344572345)	LINESTRING(144.6703822235 -37.7343034314,144.6709847959 -37.7346110374)
946		3	1	1	31.850	POINT(144.7000340339 -37.7425603610)	LINESTRING(144.6998532473 -37.7425565816,144.6998676157 -37.7425569526,144.6999062517 -37.7425579213,144.6999448848 -37.7425588733,144.6999835182 -37.7425598212,144.7000221530 -37.7425607277,144.7000607906 -37.7425615556,144.7000994191 -37.7425622737,144.7001380500 -37.7425629090,144.7001766819 -37.7425635112,144.7002153134 -37.7425641300)
948	Hopkins Rd	1	1	1	74.429	POINT(144.7031509395 -37.7568835852)	LINESTRING(144.7032070106 -37.7565519496,144.7030948685 -37.7572152194)
949	Western Fwy	3	1	1	33.834	POINT(144.7279310835 -37.7519626878)	LINESTRING(144.7277542855 -37.7519027263,144.7281078815 -37.7520226491)
950	Caroline Springs Blvd	1	1	1	25.907	POINT(144.7399660601 -37.7536710294)	LINESTRING(144.7399752990 -37.7535547941,144.7399568212 -37.7537872646)
952	Western Hwy	3	1	1	87.049	POINT(144.7278966322 -37.7523671828)	LINESTRING(144.7283503988 -37.7525234731,144.7277090451 -37.7523025534,144.7274428612 -37.7522108937)
953	Western Fwy	3	1	1	12.450	POINT(144.7161369677 -37.7494576766)	LINESTRING(144.7162126350 -37.7494670975,144.7160735108 -37.7494463249)
954	Western Fwy	80	3	1	562.611	POINT(144.7199131330 -37.7501594240)	LINESTRING(144.7230225446 -37.7507508022,144.7220293236 -37.7505425798,144.7206382719 -37.7502907336,144.7168022529 -37.7495683332)
955	Western Fwy	2	2	1	37.363	POINT(144.6847148219 -37.7396085628)	LINESTRING(144.6849171757 -37.7396597175,144.6845124681 -37.7395574081)
956	Ferris Rd  Melton Hwy	1	1	1	79.638	POINT(144.6041983769 -37.6937614239)	LINESTRING(144.6041422991 -37.6941169706,144.6042544546 -37.6934058756)
957	Ferris Rd	1	1	1	31.902	POINT(144.6033634510 -37.6980183902)	LINESTRING(144.6033563050 -37.6981636188,144.6034063503 -37.6978793113)
961	Christies Rd	1	1	1	19.781	POINT(144.7395401067 -37.7591279381)	LINESTRING(144.7395467478 -37.7590391718,144.7395334657 -37.7592167043)
1017		1	1	1	15.783	POINT(144.7400214491 -37.7524417136)	LINESTRING(144.7399331810 -37.7524430399,144.7399614626 -37.7524363093,144.7399916073 -37.7524324817,144.7400223443 -37.7524319309,144.7400524023 -37.7524350305,144.7400805104 -37.7524421542,144.7401053976 -37.7524536757)
1018		1	1	1	22.162	POINT(144.7401792228 -37.7525623192)	LINESTRING(144.7401522015 -37.7524702840,144.7401670086 -37.7524855196,144.7401791739 -37.7525021529,144.7401884892 -37.7525198994,144.7401947952 -37.7525384555,144.7401979839 -37.7525575035,144.7401980007 -37.7525767177,144.7401948455 -37.7525957693,144.7401885721 -37.7526143322,144.7401792880 -37.7526320889,144.7401671519 -37.7526487355,144.7401616732 -37.7526543889)
1019		1	1	1	9.767	POINT(144.7400432181 -37.7526957863)	LINESTRING(144.7400947909 -37.7526883435,144.7400735506 -37.7526953134,144.7400526009 -37.7526997641,144.7400310958 -37.7527020146,144.7400094031 -37.7527020265,144.7399866008 -37.7526996657)
1020		1	1	1	10.618	POINT(144.7398464095 -37.7526276079)	LINESTRING(144.7398730155 -37.7526641406,144.7398694470 -37.7526603459,144.7398659993 -37.7526564653,144.7398626749 -37.7526525032,144.7398594758 -37.7526484639,144.7398564046 -37.7526443519,144.7398534634 -37.7526401715,144.7398506546 -37.7526359271,144.7398479805 -37.7526316231,144.7398454434 -37.7526272638,144.7398430455 -37.7526228538,144.7398407892 -37.7526183973,144.7398386768 -37.7526138987,144.7398367105 -37.7526093624,144.7398348928 -37.7526047928,144.7398332258 -37.7526001943,144.7398317119 -37.7525955712,144.7398303534 -37.7525909280,144.7398291525 -37.7525862690,144.7398281117 -37.7525815986,144.7398272331 -37.7525769212)
1026		1	1	1	31.303	POINT(144.6050021978 -37.6904945323)	LINESTRING(144.6048225854 -37.6904700569,144.6048444763 -37.6904686053,144.6048665512 -37.6904678042,144.6048887583 -37.6904676544,144.6049110458 -37.6904681567,144.6049333618 -37.6904693119,144.6049556546 -37.6904711207,144.6049778723 -37.6904735840,144.6049999631 -37.6904767026,144.6050218752 -37.6904804771,144.6050435568 -37.6904849086,144.6050649560 -37.6904899976,144.6050860211 -37.6904957450,144.6051067002 -37.6905021516,144.6051269415 -37.6905092181,144.6051466932 -37.6905169454,144.6051659035 -37.6905253343)
1027		1	1	1	22.776	POINT(144.6052723160 -37.6908838271)	LINESTRING(144.6053123986 -37.6907815322,144.6053078519 -37.6908223661,144.6052966088 -37.6908623810,144.6052788614 -37.6909008922,144.6052549136 -37.6909372409,144.6052251750 -37.6909708051)
1028		1	1	1	22.776	POINT(144.6048267415 -37.6910668727)	LINESTRING(144.6049593481 -37.6910860407,144.6049075940 -37.6910878035,144.6048559918 -37.6910842057,144.6048054246 -37.6910753088,144.6047567576 -37.6910612650,144.6047108233 -37.6910423146)
1029		1	1	1	9.096	POINT(144.6045260105 -37.6908091607)	LINESTRING(144.6045317471 -37.6908488013,144.6045244709 -37.6908082822,144.6045205555 -37.6907674734)
1031		1	1	1	15.384	POINT(144.7016114129 -37.7478025376)	LINESTRING(144.7015613990 -37.7477478839,144.7015706203 -37.7477567839,144.7015796659 -37.7477658206,144.7015885166 -37.7477749937,144.7015971534 -37.7477843027,144.7016055573 -37.7477937474,144.7016137093 -37.7478033273,144.7016215905 -37.7478130421,144.7016291817 -37.7478228913,144.7016364640 -37.7478328748,144.7016434184 -37.7478429920,144.7016500258 -37.7478532427,144.7016562673 -37.7478636264)
1032		1	1	1	28.107	POINT(144.7012001613 -37.7477040869)	LINESTRING(144.7010650931 -37.7477548040,144.7010813484 -37.7477458661,144.7010979210 -37.7477370269,144.7011147974 -37.7477283493,144.7011319645 -37.7477198965,144.7011494089 -37.7477117316,144.7011671175 -37.7477039176,144.7011850770 -37.7476965176,144.7012032740 -37.7476895948,144.7012216954 -37.7476832121,144.7012403279 -37.7476774327,144.7012591582 -37.7476723196,144.7012781731 -37.7476679360,144.7012973593 -37.7476643448,144.7013167036 -37.7476616093,144.7013361926 -37.7476597924,144.7013558131 -37.7476589572)
1033		1	1	1	9.786	POINT(144.7016633551 -37.7479186957)	LINESTRING(144.7016593802 -37.7478757569,144.7016607694 -37.7478867000,144.7016620399 -37.7478976534,144.7016631916 -37.7479086159,144.7016642243 -37.7479195861,144.7016651379 -37.7479305630,144.7016659323 -37.7479415452,144.7016666073 -37.7479525316,144.7016671627 -37.7479635210)
1034		1	1	1	25.103	POINT(144.7014753345 -37.7481666761)	LINESTRING(144.7015935131 -37.7481194946,144.7015795594 -37.7481280345,144.7015652119 -37.7481363657,144.7015504932 -37.7481444455,144.7015354255 -37.7481522319,144.7015200312 -37.7481596822,144.7015043328 -37.7481667543,144.7014883526 -37.7481734057,144.7014721130 -37.7481795941,144.7014556364 -37.7481852771,144.7014389452 -37.7481904124,144.7014220618 -37.7481949575,144.7014050086 -37.7481988702,144.7013878079 -37.7482021080,144.7013704821 -37.7482046286,144.7013530537 -37.7482063897,144.7013355449 -37.7482073488)
1036		1	1	1	37.594	POINT(144.7403158729 -37.7558175881)	LINESTRING(144.7404328022 -37.7559590607,144.7401989437 -37.7556761154)
1038	Western Fwy  Deer Park Byp	3	1	1	89.413	POINT(144.7278545905 -37.7522551226)	LINESTRING(144.7283264838 -37.7524047529,144.7281975818 -37.7523649703,144.7277821236 -37.7522298929,144.7273828196 -37.7521054541)
1039	Western Fwy	80	2	1	235.412	POINT(144.7242803618 -37.7511423933)	LINESTRING(144.7255162340 -37.7515355355,144.7253032841 -37.7514531225,144.7244294208 -37.7511552755,144.7239178172 -37.7509887001,144.7234663492 -37.7508533232,144.7230752899 -37.7507609920,144.7230324226 -37.7507527047)
1081	Coburns Rd SA	1	1	1	156.719	POINT(144.5663940606 -37.6934471515)	LINESTRING(144.5662527612 -37.6941433418,144.5665353600 -37.6927509547)
1088		1	1	1	64.003	POINT(144.5672941242 -37.6890717824)	LINESTRING(144.5672493643 -37.6893575749,144.5673388840 -37.6887859888)
1089		1	1	1	10.215	POINT(144.5674137093 -37.6882468165)	LINESTRING(144.5674024595 -37.6882919103,144.5674249591 -37.6882017226)
1090		1	1	1	280.540	POINT(144.5649679414 -37.6890786398)	LINESTRING(144.5634664606 -37.6894709778,144.5635808994 -37.6894691659,144.5638303252 -37.6894512251,144.5639142397 -37.6894482255,144.5639981291 -37.6894433498,144.5640819659 -37.6894366603,144.5641657225 -37.6894282196,144.5642493714 -37.6894180901,144.5643328851 -37.6894063342,144.5644162361 -37.6893930143,144.5644993967 -37.6893781930,144.5645823395 -37.6893619325,144.5646650369 -37.6893442953,144.5647474614 -37.6893253439,144.5648295854 -37.6893051407,144.5649113814 -37.6892837482,144.5649928220 -37.6892612287,144.5650738795 -37.6892376447,144.5651545263 -37.6892130587,144.5652347351 -37.6891875330,144.5653144782 -37.6891611301,144.5653937281 -37.6891339124,144.5654724572 -37.6891059423,144.5655506381 -37.6890772824,144.5656282432 -37.6890479950,144.5658133807 -37.6889725960,144.5660275374 -37.6888802976,144.5662324407 -37.6887886409,144.5664491313 -37.6886815224)
1091		1	1	1	115.457	POINT(144.5626534103 -37.6894278994)	LINESTRING(144.5619973777 -37.6894087657,144.5633094429 -37.6894470331)
1092	Western Fwy	2	2	1	58.040	POINT(144.5613677705 -37.6893975057)	LINESTRING(144.5610404645 -37.6893641422,144.5616950766 -37.6894308691)
1093	Western Fwy	3	1	1	896.032	POINT(144.5670058162 -37.6900591624)	LINESTRING(144.5619646751 -37.6894748665,144.5627273731 -37.6895548184,144.5634897704 -37.6896365681,144.5642518341 -37.6897202380,144.5650135310 -37.6898059509,144.5664438974 -37.6899721013,144.5678734139 -37.6901428179,144.5693025300 -37.6903156767,144.5707316954 -37.6904882536,144.5716743142 -37.6906001394,144.5720463829 -37.6906435172)
1095		1	1	1	60.703	POINT(144.5667445772 -37.6885069271)	LINESTRING(144.5664581260 -37.6886592567,144.5669340344 -37.6884060411,144.5670311666 -37.6883546706)
1098		1	1	1	231.639	POINT(144.5673279268 -37.6895860464)	LINESTRING(144.5675126529 -37.6885540902,144.5671432007 -37.6906179881)
1099		1	1	1	293.086	POINT(144.5678019819 -37.6860987312)	LINESTRING(144.5675578126 -37.6874035716,144.5676139156 -37.6870560687,144.5677912447 -37.6861391958,144.5680462712 -37.6847945514)
1100		1	1	1	21.899	POINT(144.5674564132 -37.6880527927)	LINESTRING(144.5674399408 -37.6881504612,144.5674728857 -37.6879551240)
1101		1	1	1	27.140	POINT(144.5675194649 -37.6877743031)	LINESTRING(144.5675021248 -37.6878956482,144.5675368051 -37.6876529579)
1102		1	1	1	24.643	POINT(144.5673835812 -37.6877928472)	LINESTRING(144.5673968112 -37.6879032349,144.5673703513 -37.6876824594)
1103		1	1	1	63.394	POINT(144.5668982034 -37.6874851715)	LINESTRING(144.5672537041 -37.6875335818,144.5669342678 -37.6874921631,144.5665432923 -37.6874366810)
1104		1	1	1	160.961	POINT(144.5655908226 -37.6876534343)	LINESTRING(144.5664404825 -37.6874393101,144.5664142830 -37.6874386461,144.5663880589 -37.6874376454,144.5663618838 -37.6874373181,144.5663358314 -37.6874386747,144.5663086661 -37.6874420003,144.5662817630 -37.6874466975,144.5662553375 -37.6874528207,144.5662296051 -37.6874604244,144.5661242987 -37.6875016206,144.5660237570 -37.6875502897,144.5659249809 -37.6876017602,144.5658249717 -37.6876513608,144.5657571930 -37.6876840393,144.5656897144 -37.6877172295,144.5656211704 -37.6877487620,144.5655501952 -37.6877764673,144.5654653361 -37.6878041160,144.5653786530 -37.6878283900,144.5652903185 -37.6878481267,144.5652005051 -37.6878621634,144.5650893378 -37.6878695512,144.5649773890 -37.6878686350,144.5648651274 -37.6878643971,144.5647414621 -37.6878597871)
1105	Barries Rd EA	1	1	1	202.266	POINT(144.5696177161 -37.6878068920)	LINESTRING(144.5707550771 -37.6879418003,144.5684803551 -37.6876719835)
1106		1	1	1	54.193	POINT(144.5681265565 -37.6876163003)	LINESTRING(144.5684318687 -37.6876492566,144.5678212444 -37.6875833441)
1107		1	1	1	260.527	POINT(144.5693022175 -37.6876974322)	LINESTRING(144.5678383403 -37.6875168021,144.5688811473 -37.6876380528,144.5707655545 -37.6878781278)
1108	Coburns Rd NA	1	1	1	202.271	POINT(144.5680423925 -37.6857105919)	LINESTRING(144.5682213396 -37.6848115111,144.5678634454 -37.6866096617)
1109		1	1	1	43.932	POINT(144.5678148355 -37.6868494073)	LINESTRING(144.5678536843 -37.6866541326,144.5677759867 -37.6870446815)
1110	Barries Rd WA	1	1	1	130.614	POINT(144.5654356423 -37.6876293666)	LINESTRING(144.5647450362 -37.6877993990,144.5647565742 -37.6877998326,144.5647681125 -37.6878002598,144.5647796500 -37.6878006998,144.5647911854 -37.6878011721,144.5648036788 -37.6878017292,144.5648161698 -37.6878023188,144.5648286595 -37.6878029271,144.5648411488 -37.6878035399,144.5648536405 -37.6878041656,144.5648661310 -37.6878048074,144.5648786218 -37.6878054446,144.5648911146 -37.6878060564,144.5649036022 -37.6878066493,144.5649160907 -37.6878072308,144.5649285815 -37.6878077798,144.5649410756 -37.6878082755,144.5649535591 -37.6878087244,144.5649660450 -37.6878091340,144.5649785335 -37.6878094832,144.5649910249 -37.6878097512,144.5650035061 -37.6878099447,144.5650159892 -37.6878100709,144.5650284727 -37.6878101088,144.5650409554 -37.6878100375,144.5650534369 -37.6878098494,144.5650659158 -37.6878095562,144.5650783906 -37.6878091664,144.5650908600 -37.6878086884,144.5650993727 -37.6878082954,144.5651078803 -37.6878078354,144.5651163834 -37.6878073230,144.5651248825 -37.6878067730,144.5651333862 -37.6878061875,144.5651418853 -37.6878055598,144.5651503790 -37.6878048889,144.5651588669 -37.6878041740,144.5651673530 -37.6878034151,144.5651758330 -37.6878026129,144.5651843060 -37.6878017663,144.5651927715 -37.6878008747,144.5652012298 -37.6877999381,144.5652096803 -37.6877989572,144.5652181221 -37.6877979308,144.5652265545 -37.6877968581,144.5652349748 -37.6877957397,144.5652433855 -37.6877945758,144.5652517856 -37.6877933653,144.5652601744 -37.6877921073,144.5652685465 -37.6877908029,144.5652769069 -37.6877894519,144.5652852549 -37.6877880531,144.5652935893 -37.6877866055,144.5653019031 -37.6877851113,144.5653102032 -37.6877835694,144.5653184885 -37.6877819782,144.5653267575 -37.6877803358,144.5653357921 -37.6877784814,144.5653448085 -37.6877765717,144.5653538061 -37.6877746073,144.5653627843 -37.6877725888,144.5653717488 -37.6877705137,144.5653806929 -37.6877683837,144.5653896169 -37.6877662013,144.5653985210 -37.6877639691,144.5654074102 -37.6877616848,144.5654162783 -37.6877593493,144.5654251257 -37.6877569650,144.5654339527 -37.6877545343,144.5654427625 -37.6877520555,144.5654515508 -37.6877495289,144.5654603181 -37.6877469569,144.5654690648 -37.6877443420,144.5654777911 -37.6877416832,144.5654864957 -37.6877389800,144.5654951794 -37.6877362348,144.5655038426 -37.6877334499,144.5655124813 -37.6877306257,144.5655210985 -37.6877277604,144.5655296950 -37.6877248563,144.5655382714 -37.6877219155,144.5655468217 -37.6877189459,144.5655553530 -37.6877159421,144.5655638598 -37.6877128953,144.5655723364 -37.6877097965,144.5655799836 -37.6877069450,144.5655876054 -37.6877040509,144.5655951985 -37.6877011100,144.5656027596 -37.6876981184,144.5656102860 -37.6876950717,144.5656177790 -37.6876919734,144.5656252428 -37.6876888312,144.5656326818 -37.6876856526,144.5656400989 -37.6876824332,144.5656474874 -37.6876791727,144.5656548520 -37.6876758783,144.5656621976 -37.6876725576,144.5656695276 -37.6876692057,144.5656768349 -37.6876658226,144.5656841245 -37.6876624156,144.5656914014 -37.6876589918,144.5656986672 -37.6876555474,144.5657059166 -37.6876520815,144.5657131551 -37.6876486012,144.5657203879 -37.6876451136,144.5657276124 -37.6876416166,144.5657348276 -37.6876381076,144.5657420389 -37.6876345935,144.5657492516 -37.6876310814,144.5657564658 -37.6876275812,144.5657636828 -37.6876240846,144.5657708931 -37.6876205795,144.5657780871 -37.6876170536,144.5657852223 -37.6876135323,144.5657923471 -37.6876099979,144.5657994533 -37.6876064402,144.5658065327 -37.6876028492,144.5658135813 -37.6875992178,144.5658206027 -37.6875955534,144.5658276049 -37.6875918658,144.5658345956 -37.6875881647,144.5658415744 -37.6875844460,144.5658485362 -37.6875807073,144.5658554893 -37.6875769585,144.5658624418 -37.6875732090,144.5658693769 -37.6875694381,144.5658762962 -37.6875656486,144.5658832371 -37.6875618848,144.5658902370 -37.6875581907,144.5659007059 -37.6875528737,144.5659112577 -37.6875476592,144.5659218436 -37.6875424869,144.5659324150 -37.6875372967,144.5659784660 -37.6875145205,144.5660245261 -37.6874917558,144.5660705898 -37.6874689956,144.5661166516 -37.6874462331)
1111		1	1	1	73.831	POINT(144.5665728150 -37.6873987454)	LINESTRING(144.5661685820 -37.6874303504,144.5661990779 -37.6874164487,144.5662210759 -37.6874099811,144.5662430420 -37.6874034149,144.5662650718 -37.6873970460,144.5662872607 -37.6873911701,144.5663097042 -37.6873860831,144.5663324977 -37.6873820808,144.5663665798 -37.6873777645,144.5664009023 -37.6873746543,144.5664353996 -37.6873726289,144.5664700056 -37.6873715670,144.5665046545 -37.6873713471,144.5665392806 -37.6873718478,144.5665738179 -37.6873729479,144.5666115367 -37.6873751927,144.5666490969 -37.6873787193,144.5666865396 -37.6873831896,144.5667239058 -37.6873882652,144.5667612367 -37.6873936078,144.5667985734 -37.6873988793,144.5668359570 -37.6874037412,144.5669905282 -37.6874236269)
1112		1	1	1	10.319	POINT(144.5676586184 -37.6877475084)	LINESTRING(144.5676676374 -37.6877016306,144.5676495994 -37.6877933863)
1113		1	1	1	28.870	POINT(144.5675852356 -37.6881846772)	LINESTRING(144.5676071962 -37.6880559425,144.5675632750 -37.6883134117)
1114		1	1	1	26.289	POINT(144.5676476722 -37.6879296025)	LINESTRING(144.5676657545 -37.6878121805,144.5676295900 -37.6880470243)
1115		1	1	1	24.205	POINT(144.5678627947 -37.6884398068)	LINESTRING(144.5678024830 -37.6883418410,144.5678321080 -37.6883909998,144.5678623229 -37.6884399476,144.5678928023 -37.6884887782,144.5679232211 -37.6885375855)
1116		1	1	1	301.364	POINT(144.5692134898 -37.6894401578)	LINESTRING(144.5679363446 -37.6885861036,144.5679415795 -37.6885926347,144.5679468298 -37.6885991644,144.5679520955 -37.6886056926,144.5679573766 -37.6886122194,144.5679626731 -37.6886187446,144.5679679848 -37.6886252682,144.5679733119 -37.6886317900,144.5679786543 -37.6886383101,144.5679840120 -37.6886448283,144.5679893849 -37.6886513446,144.5679947731 -37.6886578590,144.5680001765 -37.6886643712,144.5680055951 -37.6886708814,144.5680110289 -37.6886773893,144.5680164779 -37.6886838950,144.5680219421 -37.6886903983,144.5680274214 -37.6886968992,144.5680329158 -37.6887033977,144.5680384253 -37.6887098936,144.5680439498 -37.6887163869,144.5680494895 -37.6887228775,144.5680550442 -37.6887293653,144.5680606139 -37.6887358504,144.5680661986 -37.6887423325,144.5680717983 -37.6887488117,144.5680774130 -37.6887552878,144.5680830427 -37.6887617608,144.5680886873 -37.6887682306,144.5680943468 -37.6887746972,144.5681000212 -37.6887811605,144.5681057104 -37.6887876204,144.5681114146 -37.6887940768,144.5681171336 -37.6888005298,144.5681228674 -37.6888069791,144.5681286160 -37.6888134247,144.5681343794 -37.6888198667,144.5681401576 -37.6888263048,144.5681459506 -37.6888327390,144.5681517582 -37.6888391693,144.5681575806 -37.6888455956,144.5681634177 -37.6888520178,144.5681692695 -37.6888584358,144.5681751359 -37.6888648497,144.5681810170 -37.6888712592,144.5681869127 -37.6888776643,144.5681928230 -37.6888840651,144.5681987479 -37.6888904613,144.5682046873 -37.6888968529,144.5682106414 -37.6889032400,144.5682166099 -37.6889096222,144.5682225930 -37.6889159998,144.5682285905 -37.6889223724,144.5682346026 -37.6889287402,144.5682406291 -37.6889351029,144.5682466700 -37.6889414606,144.5682527254 -37.6889478131,144.5682587952 -37.6889541605,144.5682648794 -37.6889605025,144.5682709779 -37.6889668393,144.5682770908 -37.6889731706,144.5682832180 -37.6889794964,144.5682893595 -37.6889858167,144.5682955154 -37.6889921314,144.5683016855 -37.6889984403,144.5683078699 -37.6890047436,144.5683140685 -37.6890110409,144.5683202813 -37.6890173324,144.5683265083 -37.6890236179,144.5683327496 -37.6890298974,144.5683390050 -37.6890361707,144.5683452745 -37.6890424379,144.5683515582 -37.6890486988,144.5683578560 -37.6890549534,144.5683641679 -37.6890612016,144.5683704938 -37.6890674434,144.5683768339 -37.6890736786,144.5683831879 -37.6890799072,144.5683895560 -37.6890861292,144.5683959381 -37.6890923444,144.5684023342 -37.6890985528,144.5684087442 -37.6891047543,144.5684151682 -37.6891109489,144.5684216061 -37.6891171364,144.5684280580 -37.6891233169,144.5684345237 -37.6891294902,144.5684410033 -37.6891356563,144.5684474968 -37.6891418150,144.5684540041 -37.6891479664,144.5684605252 -37.6891541104,144.5684670601 -37.6891602469,144.5684736088 -37.6891663757,144.5684801713 -37.6891724970,144.5684867476 -37.6891786105,144.5684933375 -37.6891847162,144.5684999412 -37.6891908141,144.5685065585 -37.6891969040,144.5685131896 -37.6892029859,144.5685198343 -37.6892090598,144.5685264926 -37.6892151256,144.5685331646 -37.6892211831,144.5685398501 -37.6892272323,144.5685465493 -37.6892332732,144.5685532620 -37.6892393057,144.5685599882 -37.6892453297,144.5685667280 -37.6892513452,144.5685734813 -37.6892573520,144.5685802481 -37.6892633501,144.5685870283 -37.6892693394,144.5685938221 -37.6892753199,144.5686006292 -37.6892812915,144.5686074498 -37.6892872542,144.5686142838 -37.6892932078,144.5686211311 -37.6892991522,144.5686279918 -37.6893050875,144.5686348659 -37.6893110135,144.5686417533 -37.6893169302,144.5686486540 -37.6893228375,144.5686555680 -37.6893287354,144.5686624953 -37.6893346237,144.5686694358 -37.6893405024,144.5686763895 -37.6893463714,144.5686833565 -37.6893522307,144.5686903367 -37.6893580801,144.5686973301 -37.6893639197,144.5687043366 -37.6893697493,144.5687113562 -37.6893755689,144.5687183890 -37.6893813784,144.5687254349 -37.6893871778,144.5687324939 -37.6893929669,144.5687395660 -37.6893987457,144.5687466511 -37.6894045141,144.5687537493 -37.6894102721,144.5687608605 -37.6894160196,144.5687679846 -37.6894217565,144.5687751218 -37.6894274827,144.5687822719 -37.6894331982,144.5687894349 -37.6894389029,144.5687966109 -37.6894445968,144.5688037998 -37.6894502797,144.5688110016 -37.6894559516,144.5688182163 -37.6894616124,144.5688254438 -37.6894672621,144.5688326841 -37.6894729006,144.5688399373 -37.6894785278,144.5688472032 -37.6894841437,144.5688544820 -37.6894897481,144.5688617735 -37.6894953410,144.5688690777 -37.6895009224,144.5688763947 -37.6895064922,144.5688837243 -37.6895120502,144.5688910667 -37.6895175965,144.5688984217 -37.6895231309,144.5689057894 -37.6895286534,144.5689131697 -37.6895341639,144.5689205626 -37.6895396624,144.5689279682 -37.6895451488,144.5689353863 -37.6895506230,144.5689428169 -37.6895560849,144.5689502601 -37.6895615344,144.5689577159 -37.6895669716,144.5689651841 -37.6895723963,144.5689726648 -37.6895778085,144.5689801580 -37.6895832080,144.5689876637 -37.6895885949,144.5689951817 -37.6895939690,144.5690027122 -37.6895993304,144.5690102551 -37.6896046788,144.5690178104 -37.6896100142,144.5690253780 -37.6896153366,144.5690329580 -37.6896206460,144.5690405503 -37.6896259421,144.5690481549 -37.6896312250,144.5690557717 -37.6896364947,144.5690634009 -37.6896417509,144.5690710423 -37.6896469937,144.5690786959 -37.6896522229,144.5690863617 -37.6896574386,144.5690940398 -37.6896626406,144.5691017300 -37.6896678289,144.5691094324 -37.6896730034,144.5691171469 -37.6896781640,144.5691248735 -37.6896833107,144.5691326122 -37.6896884433,144.5691403631 -37.6896935619,144.5691481260 -37.6896986664,144.5691559009 -37.6897037566,144.5691636879 -37.6897088325,144.5691714868 -37.6897138941,144.5691792978 -37.6897189413,144.5691871208 -37.6897239739,144.5691949557 -37.6897289920,144.5692028025 -37.6897339955,144.5692106613 -37.6897389842,144.5692185320 -37.6897439582,144.5692264145 -37.6897489173,144.5692343089 -37.6897538615,144.5692422152 -37.6897587907,144.5692501333 -37.6897637049,144.5692580632 -37.6897686039,144.5692660049 -37.6897734878,144.5692739584 -37.6897783564,144.5692819236 -37.6897832096,144.5692899006 -37.6897880474,144.5692978893 -37.6897928698,144.5693058897 -37.6897976766,144.5693139017 -37.6898024678,144.5693219255 -37.6898072433,144.5693299609 -37.6898120031,144.5693380079 -37.6898167470,144.5693460665 -37.6898214750,144.5693541367 -37.6898261871,144.5693622185 -37.6898308831,144.5693703119 -37.6898355630,144.5693784167 -37.6898402268,144.5693865331 -37.6898448743,144.5693946610 -37.6898495055,144.5694028004 -37.6898541203,144.5694109513 -37.6898587187,144.5694191136 -37.6898633005,144.5694272873 -37.6898678658,144.5694354724 -37.6898724143,144.5694436689 -37.6898769462,144.5694518768 -37.6898814612,144.5694600961 -37.6898859594,144.5694683267 -37.6898904406,144.5694765686 -37.6898949048,144.5694848218 -37.6898993519,144.5694930862 -37.6899037819,144.5695013620 -37.6899081947,144.5695096490 -37.6899125901,144.5695179472 -37.6899169682,144.5695262566 -37.6899213289,144.5695345772 -37.6899256720,144.5695429090 -37.6899299976,144.5695512520 -37.6899343056,144.5695596060 -37.6899385958,144.5695679712 -37.6899428682,144.5695763475 -37.6899471228,144.5695847349 -37.6899513595,144.5695931333 -37.6899555782,144.5696015428 -37.6899597788,144.5696099633 -37.6899639613,144.5696183948 -37.6899681256,144.5696268373 -37.6899722716,144.5696352908 -37.6899763993,144.5696437552 -37.6899805086,144.5696522305 -37.6899845994,144.5696607168 -37.6899886716,144.5696692140 -37.6899927252,144.5696777220 -37.6899967601,144.5696862409 -37.6900007763,144.5696947707 -37.6900047736,144.5697033113 -37.6900087521,144.5697118626 -37.6900127115,144.5697204248 -37.6900166520,144.5697289977 -37.6900205733,144.5697375814 -37.6900244754,144.5697461758 -37.6900283583,144.5697547810 -37.6900322219,144.5697633968 -37.6900360660,144.5697720233 -37.6900398908,144.5697806605 -37.6900436960,144.5697893083 -37.6900474815,144.5697979667 -37.6900512475,144.5698066358 -37.6900549936,144.5698153154 -37.6900587200,144.5698240056 -37.6900624265,144.5698327064 -37.6900661131,144.5698414176 -37.6900697796,144.5698501394 -37.6900734260,144.5698588717 -37.6900770523,144.5698676145 -37.6900806584,144.5698763677 -37.6900842441,144.5698851314 -37.6900878095,144.5698939054 -37.6900913545,144.5699026899 -37.6900948789,144.5699114848 -37.6900983828,144.5699202901 -37.6901018660,144.5699291057 -37.6901053285,144.5699379316 -37.6901087702,144.5699467678 -37.6901121911,144.5699556143 -37.6901155910,144.5699644711 -37.6901189699,144.5699733382 -37.6901223278,144.5699822155 -37.6901256645,144.5699911030 -37.6901289801,144.5700000008 -37.6901322743,144.5700089087 -37.6901355472,144.5700178268 -37.6901387987,144.5700267550 -37.6901420287,144.5700356934 -37.6901452371,144.5700446418 -37.6901484240,144.5700536004 -37.6901515891,144.5700625690 -37.6901547324,144.5700715477 -37.6901578540,144.5700805364 -37.6901609536,144.5700895352 -37.6901640312,144.5700985440 -37.6901670868,144.5701075627 -37.6901701203,144.5701165914 -37.6901731316,144.5701256301 -37.6901761206,144.5701346786 -37.6901790874,144.5701437371 -37.6901820317,144.5701528055 -37.6901849536,144.5701618838 -37.6901878529,144.5701709719 -37.6901907296,144.5701800698 -37.6901935837,144.5701891776 -37.6901964150,144.5701982952 -37.6901992234,144.5702074225 -37.6902020091,144.5702165597 -37.6902047717,144.5702257065 -37.6902075113,144.5702348631 -37.6902102279,144.5702440294 -37.6902129213,144.5702532054 -37.6902155914,144.5702623911 -37.6902182382,144.5702715864 -37.6902208617,144.5702807914 -37.6902234617,144.5702900059 -37.6902260382,144.5702992301 -37.6902285912,144.5703084639 -37.6902311204,144.5703177072 -37.6902336260,144.5703269601 -37.6902361078,144.5703362225 -37.6902385657,144.5703454944 -37.6902409996,144.5703547757 -37.6902434096,144.5703640666 -37.6902457955,144.5703733669 -37.6902481572,144.5703826767 -37.6902504948,144.5703919959 -37.6902528080,144.5704013244 -37.6902550969,144.5704106624 -37.6902573614,144.5704200097 -37.6902596014,144.5704293663 -37.6902618169,144.5704387323 -37.6902640077,144.5704481076 -37.6902661738,144.5704574922 -37.6902683151,144.5704668861 -37.6902704316,144.5704762892 -37.6902725232,144.5704857015 -37.6902745898,144.5704951231 -37.6902766313,144.5705045538 -37.6902786478,144.5705139937 -37.6902806390)
1117		1	1	1	124.671	POINT(144.5713752203 -37.6904557223)	LINESTRING(144.5706851676 -37.6903289161,144.5712208404 -37.6904360983,144.5716145725 -37.6905069862,144.5720660417 -37.6905823872)
1118	Western Fwy	2	2	1	148.600	POINT(144.5730563937 -37.6907452113)	LINESTRING(144.5722213788 -37.6906410522,144.5726190463 -37.6906913524,144.5735568427 -37.6908031147,144.5738905039 -37.6908494903)
1119	Western Fwy	3	1	1	2172.097	POINT(144.5858517993 -37.6929645159)	LINESTRING(144.5739222252 -37.6908707108,144.5745006109 -37.6909436460,144.5746231583 -37.6909599832,144.5747455708 -37.6909769507,144.5748679015 -37.6909942941,144.5749902034 -37.6910117591,144.5751124891 -37.6910291838,144.5752347463 -37.6910467374,144.5753569179 -37.6910646515,144.5754789468 -37.6910831576,144.5756008058 -37.6911022712,144.5757225394 -37.6911218859,144.5758441319 -37.6911420394,144.5759655673 -37.6911627698,144.5760615212 -37.6911796811,144.5761573409 -37.6911970683,144.5762530491 -37.6912148396,144.5763486686 -37.6912329034,144.5764442166 -37.6912512471,144.5765396656 -37.6912699137,144.5766350133 -37.6912889018,144.5767302572 -37.6913082107,144.5768253964 -37.6913278401,144.5769204300 -37.6913477900,144.5770153556 -37.6913680596,144.5771101706 -37.6913886480,144.5772048624 -37.6914095467,144.5772994433 -37.6914307603,144.5773939067 -37.6914522988,144.5774882463 -37.6914741718,144.5775703652 -37.6914935312,144.5776523752 -37.6915131799,144.5777342751 -37.6915331142,144.5778160635 -37.6915533308,144.5778977474 -37.6915738406,144.5779793155 -37.6915946392,144.5780607728 -37.6916157082,144.5781421247 -37.6916370290,144.5782233712 -37.6916586084,144.5783045059 -37.6916804511,144.5783855346 -37.6917025392,144.5784664633 -37.6917248544,144.5785472852 -37.6917473856,144.5786280050 -37.6917701461,144.5787086163 -37.6917931458,144.5787891128 -37.6918163947,144.5788654362 -37.6918387061,144.5789416516 -37.6918612491,144.5790177551 -37.6918840273,144.5790937432 -37.6919070441,144.5791696166 -37.6919303152,144.5792453697 -37.6919538315,144.5793210135 -37.6919775676,144.5793965589 -37.6920014980,144.5794720052 -37.6920256321,144.5795473439 -37.6920499768,144.5796225866 -37.6920745070,144.5796977451 -37.6920991974,144.5797728239 -37.6921240253,144.5798478196 -37.6921490106,144.5799227135 -37.6921741857,144.5799974869 -37.6921995832,144.5800879317 -37.6922306304,144.5801782362 -37.6922619331,144.5802683988 -37.6922934910,144.5803584178 -37.6923253034,144.5804482735 -37.6923574167,144.5805379672 -37.6923898134,144.5806275488 -37.6924224049,144.5807170683 -37.6924551023,144.5808065163 -37.6924879378,144.5808958676 -37.6925209379,144.5809851741 -37.6925540146,144.5810744872 -37.6925870796,144.5811638196 -37.6926201042,144.5812531466 -37.6926531380,144.5813424529 -37.6926862065,144.5814317236 -37.6927193352,144.5815035299 -37.6927460311,144.5815753165 -37.6927727604,144.5816470684 -37.6927995477,144.5817187710 -37.6928264175,144.5817904038 -37.6928534067,144.5818619791 -37.6928804916,144.5819335355 -37.6929076078,144.5820051120 -37.6929346909,144.5820766948 -37.6929617620,144.5821482718 -37.6929888430,144.5822198817 -37.6930158693,144.5822915630 -37.6930427764,144.5823633314 -37.6930695339,144.5824351655 -37.6930961811,144.5825070426 -37.6931227555,144.5825789404 -37.6931492951,144.5826418027 -37.6931724605,144.5827046922 -37.6931955796,144.5827676005 -37.6932186666,144.5828305194 -37.6932417356,144.5828934280 -37.6932648334,144.5829563333 -37.6932879369,144.5830192849 -37.6933109608,144.5830823321 -37.6933338198,144.5831454476 -37.6933565383,144.5832086255 -37.6933791489,144.5832719131 -37.6934015651,144.5833353572 -37.6934237008,144.5833989456 -37.6934455580,144.5834626656 -37.6934671759,144.5835265354 -37.6934885140,144.5835905734 -37.6935095318,144.5836588233 -37.6935314926,144.5837272507 -37.6935531076,144.5837958247 -37.6935744313,144.5838645147 -37.6935955179,144.5839333367 -37.6936163521,144.5840022910 -37.6936369124,144.5840713502 -37.6936572523,144.5841404868 -37.6936774256,144.5842097173 -37.6936974166,144.5842790413 -37.6937172044,144.5843484333 -37.6937368434,144.5844178677 -37.6937563876,144.5844873355 -37.6937758416,144.5845568546 -37.6937951808,144.5846264222 -37.6938144106,144.5846960353 -37.6938335366,144.5847501808 -37.6938483345,144.5848043593 -37.6938630569,144.5848585792 -37.6938776834,144.5849128487 -37.6938921936,144.5849671730 -37.6939065819,144.5850215445 -37.6939208587,144.5850759604 -37.6939350293,144.5851304178 -37.6939490991,144.5851849180 -37.6939630665,144.5852394610 -37.6939769293,144.5852940441 -37.6939906929,144.5853486647 -37.6940043628,144.5854033201 -37.6940179383,144.5854580138 -37.6940314177,144.5855127445 -37.6940448024,144.5855675113 -37.6940580941,144.5856187687 -37.6940704408,144.5856700595 -37.6940827009,144.5857213843 -37.6940948715,144.5857727438 -37.6941069495,144.5858241400 -37.6941189359,144.5858755701 -37.6941308313,144.5859270343 -37.6941426339,144.5859785328 -37.6941543423,144.5860300650 -37.6941659568,144.5860816307 -37.6941774780,144.5861332303 -37.6941889042,144.5861848636 -37.6942002338,144.5862365328 -37.6942114536,144.5862882381 -37.6942225691,144.5863399707 -37.6942336048,144.5863917220 -37.6942445855,144.5864670581 -37.6942604970,144.5865424241 -37.6942763201,144.5866178233 -37.6942920437,144.5866932590 -37.6943076567,144.5867687272 -37.6943231954,144.5868442227 -37.6943386514,144.5869197684 -37.6943539516,144.5869953872 -37.6943690227,144.5870710595 -37.6943838867,144.5871467886 -37.6943985702,144.5872225950 -37.6944129995,144.5872984991 -37.6944271006,144.5873744879 -37.6944408746,144.5874505620 -37.6944543551,144.5875267265 -37.6944675101,144.5876029870 -37.6944803078,144.5876928549 -37.6944949168,144.5877828331 -37.6945091000,144.5878729052 -37.6945229079,144.5879630546 -37.6945363912,144.5880532963 -37.6945495377,144.5881436209 -37.6945623271,144.5882340158 -37.6945748040,144.5883244683 -37.6945870128,144.5884149891 -37.6945989397,144.5885055725 -37.6946105684,144.5885962077 -37.6946219436,144.5886868838 -37.6946331098,144.5887775897 -37.6946440657,144.5888683398 -37.6946547928,144.5889591300 -37.6946653057,144.5890499563 -37.6946756192,144.5891374520 -37.6946853732,144.5892249813 -37.6946949384,144.5893125473 -37.6947042906,144.5894001527 -37.6947134056,144.5894878053 -37.6947222876,144.5895754944 -37.6947309452,144.5896632204 -37.6947393637,144.5897509843 -37.6947475285,144.5898387821 -37.6947554442,144.5899266152 -37.6947631158,144.5900144837 -37.6947705284,144.5901023877 -37.6947776674,144.5901903140 -37.6947845607,144.5902782717 -37.6947912060,144.5903662653 -37.6947975406,144.5904542995 -37.6948035018,144.5905471755 -37.6948093688,144.5906400899 -37.6948148542,144.5907330369 -37.6948199867,144.5908260104 -37.6948247951,144.5909190245 -37.6948292212,144.5910120669 -37.6948332710,144.5911051271 -37.6948370714,144.5911981946 -37.6948407491,144.5912912851 -37.6948442625,144.5913843880 -37.6948475686,144.5914774957 -37.6948507944,144.5915706006 -37.6948540666,144.5916636953 -37.6948574020,144.5917567900 -37.6948607389,144.5918498841 -37.6948640855,144.5919429771 -37.6948674503,144.5921269061 -37.6948741952,144.5923108310 -37.6948810094,144.5924947587 -37.6948877760,144.5926786958 -37.6948943779,144.5928626457 -37.6949007705,144.5930466034 -37.6949070206,144.5932305661 -37.6949131788,144.5934145310 -37.6949192958,144.5935984999 -37.6949253546,144.5937824727 -37.6949313384,144.5939664468 -37.6949372979,144.5941504196 -37.6949432835,144.5943343901 -37.6949493015,144.5945183603 -37.6949553272,144.5947023298 -37.6949613654,144.5948862984 -37.6949674209,144.5950367266 -37.6949723970,144.5951871538 -37.6949773925,144.5953375811 -37.6949823876,144.5954880093 -37.6949873628,144.5956384390 -37.6949923117,144.5957888695 -37.6949972451,144.5959393005 -37.6950021691,144.5960897316 -37.6950070898,144.5962401601 -37.6950120650,144.5963905869 -37.6950170726,144.5965410177 -37.6950219991,144.5966914585 -37.6950267308,144.5969651352 -37.6950348416,144.5972388287 -37.6950425956,144.5975125290 -37.6950502067,144.5977862259 -37.6950578893)
1120	Western Fwy	3	1	1	106.291	POINT(144.5670061243 -37.6911899069)	LINESTRING(144.5671001319 -37.6907174841,144.5669121166 -37.6916623267)
1121		1	1	1	11.184	POINT(144.5668235964 -37.6921973540)	LINESTRING(144.5668330105 -37.6921475876,144.5668141823 -37.6922471203)
1122		1	1	1	60.330	POINT(144.5664549250 -37.6938967407)	LINESTRING(144.5665137072 -37.6936293164,144.5663961428 -37.6941641640)
1123	Kamil St EA	1	1	1	96.837	POINT(144.5672584365 -37.6935986845)	LINESTRING(144.5678019233 -37.6936685210,144.5667149496 -37.6935288478)
1125		2	1	1	277.795	POINT(144.5669688539 -37.6906607237)	LINESTRING(144.5667205371 -37.6918949229,144.5668413973 -37.6912375606,144.5670532805 -37.6903121263,144.5672171762 -37.6894265333)
1126		1	1	1	27.949	POINT(144.5665612661 -37.6925247745)	LINESTRING(144.5665333034 -37.6926485609,144.5665892288 -37.6924009879)
1127		1	1	1	22.727	POINT(144.5666497451 -37.6922058907)	LINESTRING(144.5666282749 -37.6923067248,144.5666712152 -37.6921050565)
1128		1	1	1	357.588	POINT(144.5645065112 -37.6909087968)	LINESTRING(144.5661302585 -37.6918229194,144.5652492517 -37.6910702799,144.5647699632 -37.6907355028,144.5641633661 -37.6904308669,144.5636580913 -37.6902158213,144.5632252830 -37.6900849604,144.5628644784 -37.6900035486)
1129		1	1	1	17.978	POINT(144.5671756827 -37.6921650641)	LINESTRING(144.5672609914 -37.6921204980,144.5670903739 -37.6922096303)
1130		1	1	1	63.344	POINT(144.5667326456 -37.6926400842)	LINESTRING(144.5667916889 -37.6923589358,144.5666736024 -37.6929212315)
1131		1	1	1	61.772	POINT(144.5675798641 -37.6918905089)	LINESTRING(144.5678634252 -37.6917265032,144.5672963031 -37.6920545143)
1132		1	1	1	29.156	POINT(144.5670828910 -37.6920953180)	LINESTRING(144.5672354413 -37.6920720291,144.5672122009 -37.6920823447,144.5671892075 -37.6920931650,144.5671657201 -37.6921029761,144.5671409977 -37.6921102645,144.5671220760 -37.6921132583,144.5671027507 -37.6921145288,144.5670832629 -37.6921145784,144.5670638535 -37.6921139096,144.5670272509 -37.6921107975,144.5669909528 -37.6921055856,144.5669547766 -37.6920995339,144.5669185395 -37.6920939021)
1133		1	1	1	289.519	POINT(144.5695266256 -37.6913055214)	LINESTRING(144.5711021091 -37.6909715831,144.5710358455 -37.6909707699,144.5709694295 -37.6909705490,144.5709028771 -37.6909709212,144.5708362044 -37.6909718876,144.5707694275 -37.6909734491,144.5707025626 -37.6909756066,144.5706356256 -37.6909783610,144.5705686327 -37.6909817134,144.5705015999 -37.6909856646,144.5704345434 -37.6909902157,144.5703674793 -37.6909953675,144.5703004235 -37.6910011210,144.5702333923 -37.6910074771,144.5701664017 -37.6910144369,144.5700994678 -37.6910220011,144.5700326066 -37.6910301708,144.5699658343 -37.6910389470,144.5698991669 -37.6910483305,144.5698326206 -37.6910583223,144.5697662114 -37.6910689234,144.5696999554 -37.6910801347,144.5696338687 -37.6910919571,144.5695679674 -37.6911043916,144.5695022676 -37.6911174392,144.5694367853 -37.6911311007,144.5693715367 -37.6911453772,144.5693065378 -37.6911602695,144.5692418047 -37.6911757786,144.5691773536 -37.6911919055,144.5691132004 -37.6912086511,144.5690493613 -37.6912260163,144.5689858524 -37.6912440022,144.5689226898 -37.6912626095,144.5688598894 -37.6912818394,144.5687974676 -37.6913016927,144.5687354402 -37.6913221703,144.5686738234 -37.6913432733,144.5686126334 -37.6913650025,144.5685518861 -37.6913873589,144.5684915977 -37.6914103435,144.5684317843 -37.6914339571,144.5683724618 -37.6914582008,144.5683136466 -37.6914830755,144.5682553545 -37.6915085821,144.5681976018 -37.6915347216,144.5681404044 -37.6915614949,144.5680837785 -37.6915889030,144.5680277402 -37.6916169467,144.5679723056 -37.6916456271)
1134	Western Fwy	3	1	1	869.146	POINT(144.5670414923 -37.6903603702)	LINESTRING(144.5719302800 -37.6909285548,144.5702111430 -37.6907195330,144.5688301725 -37.6905594352,144.5656743310 -37.6901866627,144.5625113544 -37.6898273444,144.5621515203 -37.6897923108)
1135	Western Fwy	2	2	1	49.686	POINT(144.5724726492 -37.6910110934)	LINESTRING(144.5727523991 -37.6910422730,144.5721928992 -37.6909799138)
1136	Western Fwy	3	1	1	58.039	POINT(144.5715620068 -37.6909786843)	LINESTRING(144.5718914332 -37.6909951969,144.5715197163 -37.6909776310,144.5712327464 -37.6909621633)
1137	Western Fwy	2	2	1	187.759	POINT(144.5609212291 -37.6896796870)	LINESTRING(144.5619789958 -37.6897939783,144.5598634624 -37.6895653955)
1138	Western Fwy	3	1	1	3873.684	POINT(144.5382158637 -37.6884500459)	LINESTRING(144.5598103697 -37.6895436498,144.5593483376 -37.6895027895,144.5561825941 -37.6891773648,144.5513411272 -37.6886814993,144.5464968216 -37.6882030118,144.5416517531 -37.6877291510,144.5368079975 -37.6872471651,144.5360336904 -37.6871657200,144.5352597562 -37.6870818624,144.5344853790 -37.6870009716,144.5337097432 -37.6869284271,144.5334324832 -37.6869048109,144.5331549640 -37.6868828555,144.5328770962 -37.6868646117,144.5325987907 -37.6868521301,144.5323085038 -37.6868458768,144.5320180387 -37.6868451794,144.5317275812 -37.6868492694,144.5314373170 -37.6868573781,144.5311183453 -37.6868701624,144.5307996415 -37.6868873689,144.5304814982 -37.6869098108,144.5301642081 -37.6869383011,144.5296985203 -37.6869884668,144.5292341509 -37.6870465324,144.5287719577 -37.6871141509,144.5283127988 -37.6871929748,144.5279857488 -37.6872586947,144.5276613522 -37.6873325701,144.5273392569 -37.6874127790,144.5270191109 -37.6874974993,144.5266848484 -37.6875904410,144.5263528115 -37.6876884358,144.5260236460 -37.6877922238,144.5256979976 -37.6879025450,144.5253035911 -37.6880515340,144.5249156184 -37.6882112409,144.5245284187 -37.6883722926,144.5241363311 -37.6885253165,144.5238743383 -37.6886201679,144.5236105795 -37.6887119872,144.5233448094 -37.6888000352,144.5230767826 -37.6888835725,144.5227566792 -37.6889765607,144.5224340961 -37.6890641756,144.5221095271 -37.6891471601,144.5217834661 -37.6892262570,144.5213771777 -37.6893208571,144.5209691884 -37.6894109965,144.5205590587 -37.6894945047,144.5201463493 -37.6895692112,144.5198025545 -37.6896218675,144.5194568976 -37.6896667522,144.5191101891 -37.6897069204,144.5187632394 -37.6897454271,144.5184867323 -37.6897712934,144.5182093799 -37.6897924807,144.5179326572 -37.6898166195,144.5176580391 -37.6898513399,144.5175106302 -37.6898788867,144.5173649575 -37.6899122231,144.5172196665 -37.6899469245,144.5170734025 -37.6899785663,144.5169617443 -37.6899991727,144.5168496449 -37.6900182707,144.5167373691 -37.6900367652,144.5166251815 -37.6900555615)
1139		1	1	1	54.007	POINT(144.5624562579 -37.6899082460)	LINESTRING(144.5627552861 -37.6899635304,144.5621572298 -37.6898529616)
1140		1	1	1	59.212	POINT(144.5482655641 -37.6918933227)	LINESTRING(144.5481482660 -37.6921401126,144.5481880342 -37.6920770334,144.5482100098 -37.6920418260,144.5482321611 -37.6920066749,144.5482539608 -37.6919714110,144.5482748811 -37.6919358651,144.5482943945 -37.6918998679,144.5483119733 -37.6918632502,144.5483245826 -37.6918324467,144.5483355391 -37.6918012512,144.5483452936 -37.6917697706,144.5483542967 -37.6917381117,144.5483629993 -37.6917063816,144.5483718522 -37.6916746870,144.5483813061 -37.6916431351)
1141		1	1	1	47.464	POINT(144.5495233127 -37.6859600840)	LINESTRING(144.5494928882 -37.6861715078,144.5494985159 -37.6861448733,144.5495050940 -37.6861178481,144.5495122975 -37.6860905143,144.5495198017 -37.6860629541,144.5495272815 -37.6860352497,144.5495344122 -37.6860074832,144.5495408688 -37.6859797367,144.5495463265 -37.6859520925,144.5495504602 -37.6859246327,144.5495529453 -37.6858974395,144.5495534566 -37.6858705950,144.5495516695 -37.6858441814,144.5495472588 -37.6858182809,144.5495398999 -37.6857929756,144.5495292677 -37.6857683478,144.5495201753 -37.6857526114)
1142		1	1	1	614.201	POINT(144.5489377997 -37.6889082057)	LINESTRING(144.5483840564 -37.6916344035,144.5484769518 -37.6913394814,144.5486464974 -37.6907076194,144.5487821804 -37.6901364679,144.5489056517 -37.6895240795,144.5491274245 -37.6883428015,144.5492364081 -37.6875652541,144.5493243622 -37.6870727411,144.5494911664 -37.6861804034)
1143		1	1	1	49.025	POINT(144.5496179713 -37.6859838430)	LINESTRING(144.5496938340 -37.6857762684,144.5496784875 -37.6857971034,144.5496628179 -37.6858178109,144.5496477944 -37.6858387734,144.5496343863 -37.6858603732,144.5496253135 -37.6858780000,144.5496173668 -37.6858959849,144.5496103609 -37.6859142267,144.5496041105 -37.6859326241,144.5495872965 -37.6859919781,144.5495736997 -37.6860518889,144.5495616520 -37.6861120586,144.5495494851 -37.6861721893,144.5495482089 -37.6861783713,144.5495469889 -37.6861845605,144.5495457916 -37.6861907526,144.5495445829 -37.6861969433)
1144		1	1	1	48.259	POINT(144.5483541210 -37.6919392631)	LINESTRING(144.5484069996 -37.6917283586,144.5483988573 -37.6917545847,144.5483897207 -37.6917808849,144.5483798633 -37.6918072493,144.5483695587 -37.6918336679,144.5483590803 -37.6918601307,144.5483487017 -37.6918866277,144.5483386965 -37.6919131488,144.5483293381 -37.6919396841,144.5483209000 -37.6919662237,144.5483136559 -37.6919927574,144.5483078791 -37.6920192753,144.5483038433 -37.6920457674,144.5483018220 -37.6920722237,144.5483020886 -37.6920986342,144.5483049168 -37.6921249889,144.5483105800 -37.6921512778)
1145		1	1	1	621.127	POINT(144.5489763514 -37.6889633333)	LINESTRING(144.5495428222 -37.6862058341,144.5495069235 -37.6863871068,144.5492833184 -37.6875775950,144.5492334292 -37.6879502341,144.5491454573 -37.6885172977,144.5490215319 -37.6891835298,144.5488277270 -37.6901625869,144.5486835969 -37.6907431503,144.5486139962 -37.6910245654,144.5484096026 -37.6917195989)
1146	High Street WA	1	1	1	405.965	POINT(144.5522048855 -37.6854341499)	LINESTRING(144.5545049679 -37.6852793171,144.5509259499 -37.6855099628,144.5499051259 -37.6855890053)
1147		1	1	1	396.366	POINT(144.5522507948 -37.6853652962)	LINESTRING(144.5500032570 -37.6854910036,144.5502822930 -37.6854974821,144.5522371497 -37.6853870583,144.5544972088 -37.6852330355)
1148	Old Western Hwy WA	1	1	1	898.304	POINT(144.5208599733 -37.6870526046)	LINESTRING(144.5160392542 -37.6864593955,144.5161205105 -37.6865253952,144.5162007342 -37.6865922743,144.5162806997 -37.6866593732,144.5163611816 -37.6867260323,144.5164429542 -37.6867915921,144.5165267920 -37.6868553930,144.5166134695 -37.6869167754,144.5166902764 -37.6869679432,144.5167684208 -37.6870179583,144.5168479638 -37.6870666197,144.5169289665 -37.6871137264,144.5170114899 -37.6871590777,144.5170955951 -37.6872024724,144.5171813431 -37.6872437096,144.5172589137 -37.6872783891,144.5173378161 -37.6873112643,144.5174179278 -37.6873423548,144.5174991264 -37.6873716805,144.5175812894 -37.6873992612,144.5176642942 -37.6874251168,144.5177480185 -37.6874492669,144.5178523270 -37.6874769118,144.5179576324 -37.6875023150,144.5180638133 -37.6875255010,144.5181707480 -37.6875464944,144.5182783152 -37.6875653198,144.5183863932 -37.6875820018,144.5184948606 -37.6875965648,144.5185979590 -37.6876083502,144.5187014833 -37.6876181022,144.5188053337 -37.6876257963,144.5189094106 -37.6876314084,144.5190136142 -37.6876349142,144.5191178449 -37.6876362894,144.5192220029 -37.6876355098,144.5193200169 -37.6876324546,144.5194178960 -37.6876270036,144.5195156131 -37.6876194569,144.5196131409 -37.6876101145,144.5197104522 -37.6875992764,144.5198075198 -37.6875872427,144.5199043164 -37.6875743135,144.5200572964 -37.6875513589,144.5202094578 -37.6875252277,144.5203610207 -37.6874967752,144.5205122048 -37.6874668567,144.5206632303 -37.6874363274,144.5208143171 -37.6874060428,144.5209656851 -37.6873768582,144.5211463041 -37.6873424371,144.5213266906 -37.6873071880,144.5215070082 -37.6872716956,144.5216874203 -37.6872365448,144.5218680906 -37.6872023206,144.5220491824 -37.6871696078,144.5222308595 -37.6871389913,144.5223342478 -37.6871226299,144.5224378166 -37.6871069298,144.5225415639 -37.6870919590,144.5226454880 -37.6870777855,144.5227495868 -37.6870644775,144.5228538588 -37.6870521029,144.5229583018 -37.6870407299,144.5230954706 -37.6870274479,144.5232328802 -37.6870158210,144.5233704769 -37.6870055078,144.5235082069 -37.6869961672,144.5236460164 -37.6869874581,144.5237838516 -37.6869790391,144.5239216587 -37.6869705691,144.5239920644 -37.6869663276,144.5240624961 -37.6869623642,144.5241329485 -37.6869586254,144.5242034162 -37.6869550573,144.5242738940 -37.6869516063,144.5243443765 -37.6869482186,144.5244148585 -37.6869448406,144.5245292045 -37.6869397501,144.5246435990 -37.6869352495,144.5247580129 -37.6869309953,144.5248724171 -37.6869266439,144.5249867825 -37.6869218518,144.5251010802 -37.6869162752,144.5252152809 -37.6869095707,144.5252853393 -37.6869046550,144.5253553205 -37.6868990942,144.5254252455 -37.6868930642,144.5254951353 -37.6868867409,144.5255650111 -37.6868803004,144.5256348939 -37.6868739185,144.5257048048 -37.6868677712)
1150		1	1	1	445.432	POINT(144.5282723388 -37.6865435426)	LINESTRING(144.5257831303 -37.6868611770,144.5258577935 -37.6868529287,144.5259325056 -37.6868449187,144.5260071199 -37.6868364320,144.5260814896 -37.6868267533,144.5262103726 -37.6868075132,144.5263388397 -37.6867865411,144.5264669139 -37.6867640841,144.5265946182 -37.6867403894,144.5267207461 -37.6867154404,144.5268464009 -37.6866890057,144.5269717500 -37.6866616408,144.5270969611 -37.6866339008,144.5272672689 -37.6865948053,144.5274370934 -37.6865543637,144.5276070587 -37.6865143296,144.5277777890 -37.6864764565,144.5279083299 -37.6864489450,144.5280391762 -37.6864222809,144.5281705778 -37.6863975462,144.5283027845 -37.6863758229,144.5284891235 -37.6863501926,144.5286763186 -37.6863285128,144.5288641165 -37.6863101758,144.5290522639 -37.6862945736,144.5292411808 -37.6862824893,144.5294304482 -37.6862739666,144.5296198775 -37.6862671876,144.5298092798 -37.6862603340,144.5300233541 -37.6862528328,144.5302374915 -37.6862463812,144.5304516088 -37.6862396336,144.5306491820 -37.6862336841,144.5307626013 -37.6862260007)
1151		1	1	1	797.975	POINT(144.5202143838 -37.6871211123)	LINESTRING(144.5244830661 -37.6870378531,144.5243440931 -37.6870435934,144.5242117551 -37.6870485783,144.5240794597 -37.6870540907,144.5239472711 -37.6870609218,144.5237512809 -37.6870732972,144.5235554555 -37.6870872932,144.5233598003 -37.6871027381,144.5231643210 -37.6871194602,144.5230358002 -37.6871311254,144.5229073881 -37.6871435620,144.5227791594 -37.6871570845,144.5226511888 -37.6871720074,144.5224718099 -37.6871949855,144.5222927984 -37.6872197622,144.5221142108 -37.6872463797,144.5219361038 -37.6872748802,144.5216116556 -37.6873316456,144.5212883893 -37.6873926061,144.5209656347 -37.6874553739,144.5206427214 -37.6875175609,144.5204275643 -37.6875609850,144.5202128828 -37.6876062545,144.5199973807 -37.6876482642,144.5197797621 -37.6876819093,144.5196287765 -37.6876984468,144.5194769694 -37.6877102122,144.5193246868 -37.6877176243,144.5191722748 -37.6877211019,144.5190302080 -37.6877205117,144.5188881787 -37.6877159685,144.5187463647 -37.6877079276,144.5186049436 -37.6876968441,144.5184807462 -37.6876848046,144.5183569283 -37.6876701842,144.5182338392 -37.6876523430,144.5181118284 -37.6876306408,144.5179855004 -37.6876034767,144.5178605523 -37.6875723459,144.5177369459 -37.6875379062,144.5176146434 -37.6875008157,144.5174881184 -37.6874603415,144.5173627538 -37.6874174516,144.5172398412 -37.6873706351,144.5171206727 -37.6873183811,144.5169735771 -37.6872435043,144.5168317654 -37.6871622025,144.5166945563 -37.6870759030,144.5165612688 -37.6869860329,144.5164079441 -37.6868724865,144.5162614109 -37.6867532506,144.5161175942 -37.6866317388,144.5159724193 -37.6865113646)
1152		1	1	1	209.320	POINT(144.5481739701 -37.6856676949)	LINESTRING(144.5493594334 -37.6856413557,144.5493112342 -37.6856344849,144.5492631003 -37.6856271582,144.5492148356 -37.6856207434,144.5491662438 -37.6856166085,144.5490303541 -37.6856135145,144.5488943002 -37.6856164670,144.5487582226 -37.6856226372,144.5486222619 -37.6856291962,144.5478938582 -37.6856667788,144.5469865028 -37.6857219278)
1153		1	1	1	546.994	POINT(144.5276170034 -37.6866588953)	LINESTRING(144.5306808271 -37.6862988738,144.5297351150 -37.6863232969,144.5290554630 -37.6863526098,144.5283169587 -37.6864303268,144.5278093000 -37.6865303369,144.5267568628 -37.6867678353,144.5259483569 -37.6869158104,144.5255381586 -37.6869582895,144.5251938067 -37.6869846165,144.5245538764 -37.6870189427)
1154		1	1	1	102.745	POINT(144.5317438323 -37.6862690841)	LINESTRING(144.5323276963 -37.6862702344,144.5319315786 -37.6862599533,144.5311598551 -37.6862782445)
1155		1	1	1	118.480	POINT(144.5310220176 -37.6856119398)	LINESTRING(144.5309138418 -37.6861377598,144.5309452021 -37.6860035500,144.5309780140 -37.6857312237,144.5310486753 -37.6854287530,144.5311302054 -37.6850861673)
1156		1	1	1	973.460	POINT(144.5367357745 -37.6861741169)	LINESTRING(144.5312137030 -37.6862179076,144.5313687651 -37.6862120184,144.5315567995 -37.6862068047,144.5317448901 -37.6862035335,144.5319330032 -37.6862026587,144.5321177505 -37.6862044577,144.5323024564 -37.6862086153,144.5324870924 -37.6862146705,144.5326716299 -37.6862221624,144.5327746974 -37.6862273798,144.5328776764 -37.6862336651,144.5329806098 -37.6862404787,144.5330835407 -37.6862472813,144.5334910162 -37.6862757898,144.5338983010 -37.6863062784,144.5343057563 -37.6863348115,144.5347137437 -37.6863574540,144.5348679793 -37.6863639141,144.5350223266 -37.6863688997,144.5351767307 -37.6863716402,144.5353311372 -37.6863713651,144.5355082582 -37.6863663485,144.5356851879 -37.6863574390,144.5358620288 -37.6863468206,144.5360388836 -37.6863366774,144.5362802827 -37.6863238937,144.5365216478 -37.6863107078,144.5367629930 -37.6862972914,144.5370043328 -37.6862838165,144.5373132730 -37.6862665350,144.5376222005 -37.6862491096,144.5379311137 -37.6862315271,144.5382400113 -37.6862137745,144.5388520138 -37.6861781172,144.5394639770 -37.6861420374,144.5400759271 -37.6861058176,144.5406878906 -37.6860697404,144.5412999023 -37.6860341983,144.5419119406 -37.6859989347,144.5422571741 -37.6859765399)
1157	Harkness Rd NA	1	1	1	121.638	POINT(144.5310887365 -37.6856335624)	LINESTRING(144.5311759272 -37.6850931591,144.5311485565 -37.6852196481,144.5311178231 -37.6853458963,144.5310862491 -37.6854720842,144.5310563564 -37.6855983922,144.5310306671 -37.6857250005,144.5310117031 -37.6858520897,144.5310019865 -37.6859798401,144.5310018335 -37.6859976005,144.5310025340 -37.6860153782,144.5310040609 -37.6860331419,144.5310063873 -37.6860508604,144.5310094863 -37.6860685026,144.5310133309 -37.6860860374,144.5310178940 -37.6861034334,144.5310211295 -37.6861133561,144.5310250324 -37.6861231265,144.5310294207 -37.6861327862,144.5310341125 -37.6861423767,144.5310389256 -37.6861519396,144.5310436780 -37.6861615163,144.5310481877 -37.6861711483)
1158		1	1	1	146.155	POINT(144.5497034900 -37.6846864342)	LINESTRING(144.5495606091 -37.6853320181,144.5495685731 -37.6853143913,144.5495806501 -37.6852900679,144.5495921109 -37.6852655879,144.5496020311 -37.6852407165,144.5496113102 -37.6852107883,144.5496188201 -37.6851805254,144.5496254043 -37.6851500966,144.5496319064 -37.6851196708,144.5496889289 -37.6848497120,144.5497419070 -37.6845792211,144.5497932674 -37.6843085167,144.5498454367 -37.6840379177)
1159	Bulmans Rd NA	1	1	1	145.892	POINT(144.5497901680 -37.6846950878)	LINESTRING(144.5498985840 -37.6840455342,144.5498430798 -37.6843220936,144.5497855520 -37.6845984495,144.5497320713 -37.6848752094,144.5496887080 -37.6851529810,144.5496858431 -37.6851746324,144.5496833666 -37.6851963342,144.5496820072 -37.6852180548,144.5496824935 -37.6852397626,144.5496862025 -37.6852660265,144.5496923351 -37.6852920618,144.5496994372 -37.6853180057,144.5497060546 -37.6853439953)
1162		1	1	1	10.126	POINT(144.5496273561 -37.6854494733)	LINESTRING(144.5495701121 -37.6854517117,144.5495890276 -37.6854494090,144.5496081532 -37.6854479719,144.5496273834 -37.6854474247,144.5496466124 -37.6854477915,144.5496657347 -37.6854490965,144.5496846445 -37.6854513639)
1163		1	1	1	11.134	POINT(144.5494771970 -37.6855778157)	LINESTRING(144.5494815571 -37.6856272683,144.5494793878 -37.6856203853,144.5494775595 -37.6856134153,144.5494760693 -37.6856063724,144.5494749142 -37.6855992707,144.5494740915 -37.6855921243,144.5494735983 -37.6855849474,144.5494734315 -37.6855777541,144.5494735885 -37.6855705587,144.5494740662 -37.6855633751,144.5494748617 -37.6855562176,144.5494759723 -37.6855491003,144.5494773950 -37.6855420373,144.5494791270 -37.6855350429,144.5494811652 -37.6855281310)
1165		1	1	1	12.377	POINT(144.5497744668 -37.6855377362)	LINESTRING(144.5497532597 -37.6854891117,144.5497585003 -37.6854957955,144.5497634576 -37.6855026835,144.5497681086 -37.6855097566,144.5497724300 -37.6855169955,144.5497763987 -37.6855243809,144.5497799915 -37.6855318936,144.5497831855 -37.6855395145,144.5497859573 -37.6855472243,144.5497882839 -37.6855550037,144.5497901421 -37.6855628335,144.5497915089 -37.6855706945,144.5497923609 -37.6855785675,144.5497926753 -37.6855864332,144.5497924287 -37.6855942724)
1166		1	1	1	9.395	POINT(144.5496445023 -37.6856951880)	LINESTRING(144.5496953956 -37.6856901355,144.5496896876 -37.6856913534,144.5496839439 -37.6856924958,144.5496781676 -37.6856935608,144.5496723617 -37.6856945470,144.5496665292 -37.6856954524,144.5496606734 -37.6856962755,144.5496547971 -37.6856970145,144.5496489036 -37.6856976678,144.5496429959 -37.6856982337,144.5496370770 -37.6856987103,144.5496311501 -37.6856990962,144.5496252182 -37.6856993895,144.5496192844 -37.6856995886,144.5496133518 -37.6856996918,144.5496074234 -37.6856996973,144.5496015023 -37.6856996035,144.5495955916 -37.6856994087,144.5495896944 -37.6856991112)
1167	Botanica Spring Blvd WA	1	1	1	170.323	POINT(144.5470746041 -37.6921149452)	LINESTRING(144.5461181651 -37.6920030357,144.5463568770 -37.6920347718,144.5465953512 -37.6920678477,144.5468337660 -37.6921012586,144.5470722996 -37.6921339995,144.5473111305 -37.6921650657,144.5475504369 -37.6921934522,144.5477903972 -37.6922181542,144.5478096562 -37.6922200387,144.5478289487 -37.6922219687,144.5478482669 -37.6922237687,144.5478676028 -37.6922252629,144.5478869487 -37.6922262757,144.5479062967 -37.6922266312,144.5479256389 -37.6922261539,144.5479407584 -37.6922249727,144.5479557564 -37.6922230588,144.5479706659 -37.6922206120,144.5479855201 -37.6922178321,144.5480003523 -37.6922149190,144.5480151955 -37.6922120725,144.5480300829 -37.6922094925)
1168		1	1	1	169.725	POINT(144.5470557978 -37.6921847578)	LINESTRING(144.5479982122 -37.6923273314,144.5479844176 -37.6923215744,144.5479707328 -37.6923156225,144.5479570754 -37.6923096219,144.5479433632 -37.6923037187,144.5479295137 -37.6922980592,144.5479154446 -37.6922927894,144.5479010735 -37.6922880556,144.5478845782 -37.6922833779,144.5478678581 -37.6922792221,144.5478509590 -37.6922754965,144.5478339269 -37.6922721094,144.5478168077 -37.6922689692,144.5477996473 -37.6922659840,144.5477824917 -37.6922630624,144.5475511964 -37.6922321781,144.5473112133 -37.6922013084,144.5470666633 -37.6921673079,144.5468255208 -37.6921361784,144.5465867689 -37.6921027415,144.5463468216 -37.6920740157,144.5461072311 -37.6920438062)
1169	Clarkes Rd SA	1	1	1	178.162	POINT(144.5480196958 -37.6932137441)	LINESTRING(144.5478916663 -37.6940061505,144.5479285095 -37.6938177839,144.5479674320 -37.6936296159,144.5480068742 -37.6934414971,144.5480452768 -37.6932532783,144.5480810805 -37.6930648103,144.5481127257 -37.6928759436,144.5481386530 -37.6926865291,144.5481409215 -37.6926684084,144.5481432319 -37.6926502406,144.5481452913 -37.6926320472,144.5481468068 -37.6926138494,144.5481474853 -37.6925956688,144.5481470340 -37.6925775265,144.5481451599 -37.6925594441,144.5481411349 -37.6925395666,144.5481353417 -37.6925199668,144.5481282625 -37.6925005690,144.5481203794 -37.6924812975,144.5481121748 -37.6924620764,144.5481041310 -37.6924428301,144.5480967303 -37.6924234827)
1170		1	1	1	173.570	POINT(144.5480953074 -37.6932389610)	LINESTRING(144.5482491904 -37.6924685015,144.5482321060 -37.6925201632,144.5481992530 -37.6926662078,144.5481484857 -37.6929585234,144.5481064072 -37.6931689125,144.5480652635 -37.6933794251,144.5480244938 -37.6935899867,144.5479835371 -37.6938005230,144.5479418325 -37.6940109593)
1171		1	1	1	172.828	POINT(144.5493549227 -37.6924230755)	LINESTRING(144.5484050956 -37.6922476272,144.5484197519 -37.6922527101,144.5484342983 -37.6922580449,144.5484488171 -37.6922634426,144.5484633909 -37.6922687144,144.5484781023 -37.6922736713,144.5484930337 -37.6922781242,144.5485082677 -37.6922818842,144.5486202118 -37.6923027478,144.5487335641 -37.6923181281,144.5488479128 -37.6923296675,144.5489628456 -37.6923390083,144.5490779508 -37.6923477931,144.5491928161 -37.6923576640,144.5493070295 -37.6923702635,144.5493752463 -37.6923790044,144.5494434422 -37.6923879042,144.5495115805 -37.6923970852,144.5495796242 -37.6924066698,144.5496475365 -37.6924167803,144.5497152803 -37.6924275389,144.5497828189 -37.6924390681,144.5498219636 -37.6924459147,144.5498611619 -37.6924527678,144.5499002925 -37.6924598842,144.5499392342 -37.6924675207,144.5499778660 -37.6924759344,144.5500160665 -37.6924853819,144.5500537147 -37.6924961202,144.5500907132 -37.6925084833,144.5501268909 -37.6925222799,144.5501624716 -37.6925371190,144.5501976791 -37.6925526098,144.5502327374 -37.6925683611,144.5502678703 -37.6925839822,144.5503033018 -37.6925990819)
1172	Botanica Spring Blvd EA	1	1	1	169.454	POINT(144.5493395174 -37.6924872149)	LINESTRING(144.5502730728 -37.6926317355,144.5502403550 -37.6926173943,144.5502079433 -37.6926025268,144.5501756080 -37.6925875276,144.5501431197 -37.6925727917,144.5501102490 -37.6925587137,144.5500767662 -37.6925456884,144.5500424419 -37.6925341105,144.5500032199 -37.6925229655,144.5499633794 -37.6925132773,144.5499230561 -37.6925047614,144.5498823853 -37.6924971332,144.5498415026 -37.6924901081,144.5498005437 -37.6924834015,144.5497596439 -37.6924767288,144.5496935765 -37.6924663820,144.5496272793 -37.6924570007,144.5495608060 -37.6924483662,144.5494942106 -37.6924402599,144.5494275468 -37.6924324631,144.5493608686 -37.6924247570,144.5492942297 -37.6924169229,144.5492277928 -37.6924089437,144.5491613468 -37.6924009819,144.5490948758 -37.6923931471,144.5490283644 -37.6923855489,144.5489617966 -37.6923782968,144.5488951568 -37.6923715007,144.5488284294 -37.6923652699,144.5487841497 -37.6923612345,144.5487398412 -37.6923571365,144.5486954996 -37.6923532320,144.5486511208 -37.6923497770,144.5486067004 -37.6923470276,144.5485622343 -37.6923452398,144.5485177181 -37.6923446697,144.5484947230 -37.6923451542,144.5484717702 -37.6923463502,144.5484488483 -37.6923480635,144.5483996398 -37.6923546537)
1173		1	1	1	9.357	POINT(144.5482081159 -37.6921709130)	LINESTRING(144.5481545246 -37.6921726543,144.5481718437 -37.6921698619,144.5481896461 -37.6921680170,144.5482076017 -37.6921673816,144.5482253805 -37.6921682180,144.5482426524 -37.6921707882,144.5482590874 -37.6921753545)
1175		1	1	1	10.891	POINT(144.5480494520 -37.6922957965)	LINESTRING(144.5480533581 -37.6923442901,144.5480474321 -37.6923203715,144.5480456227 -37.6922958232,144.5480477645 -37.6922712605,144.5480536920 -37.6922472985)
1177		1	1	1	10.569	POINT(144.5481719757 -37.6924108778)	LINESTRING(144.5482335164 -37.6924196025,144.5481934426 -37.6924182233,144.5481538774 -37.6924123639,144.5481166605 -37.6924011346)
1178		1	1	1	11.048	POINT(144.5483552797 -37.6922899654)	LINESTRING(144.5483487352 -37.6922416582,144.5483549696 -37.6922573055,144.5483590253 -37.6922735921,144.5483608890 -37.6922902298,144.5483605477 -37.6923069305,144.5483579881 -37.6923234062,144.5483531971 -37.6923393688)
1180		1	1	1	97.099	POINT(144.5672653524 -37.6935598269)	LINESTRING(144.5667210226 -37.6934868061,144.5678096822 -37.6936328476)
1199		1	1	1	16.337	POINT(144.5671940368 -37.6883362564)	LINESTRING(144.5671018898 -37.6883455241,144.5672861838 -37.6883269888)
1221	One school Melton SA	1	1	1	62.634	POINT(144.5423964446 -37.6863472174)	LINESTRING(144.5424181757 -37.6866285231,144.5423747134 -37.6860659106)
1223		1	1	1	62.651	POINT(144.5424377212 -37.6863454841)	LINESTRING(144.5424144545 -37.6860641773,144.5424609879 -37.6866267899)
1224		1	1	1	108.974	POINT(144.5431407024 -37.6859254946)	LINESTRING(144.5425227109 -37.6859613148,144.5431358326 -37.6859264810,144.5437586368 -37.6858896711)
1225		1	1	1	872.630	POINT(144.5373190921 -37.6862149959)	LINESTRING(144.5422672164 -37.6860114069,144.5417463444 -37.6860459180,144.5412009482 -37.6860779919,144.5404820218 -37.6861215375,144.5397631715 -37.6861658803,144.5390442961 -37.6862099541,144.5383252939 -37.6862526928,144.5375862180 -37.6862991654,144.5368472142 -37.6863473573,144.5361077928 -37.6863890883,144.5353674639 -37.6864161781,144.5352058352 -37.6864185291,144.5350441472 -37.6864182360,144.5348824918 -37.6864154280,144.5347209611 -37.6864102343,144.5343723130 -37.6863908820,144.5340243024 -37.6863642793,144.5336763827 -37.6863364486,144.5333280073 -37.6863134127,144.5331654935 -37.6863055013,144.5330028744 -37.6862989672,144.5328401834 -37.6862935782,144.5326774541 -37.6862891020,144.5326005008 -37.6862875746,144.5325235297 -37.6862866326,144.5324465515 -37.6862859249,144.5323695768 -37.6862851000)
1227		1	1	1	114.106	POINT(144.5431863995 -37.6859763158)	LINESTRING(144.5438331478 -37.6859367444,144.5428403026 -37.6859985736,144.5425394127 -37.6860158728)
1228	Gleneagles Dr NA	1	1	1	110.359	POINT(144.5438832064 -37.6853152497)	LINESTRING(144.5438236690 -37.6848209022,144.5439427438 -37.6858095939)
1229		1	1	1	110.359	POINT(144.5438265396 -37.6853216045)	LINESTRING(144.5438860770 -37.6858159486,144.5437670022 -37.6848272570)
1230		1	1	1	235.945	POINT(144.5453838555 -37.6857800612)	LINESTRING(144.5440465535 -37.6858654104,144.5446760393 -37.6858276041,144.5454460566 -37.6857773064,144.5462162274 -37.6857285369,144.5467209838 -37.6856947008)
1232	John Batman Dr NA	1	1	1	94.486	POINT(144.5468042021 -37.6851760719)	LINESTRING(144.5467592144 -37.6847524021,144.5468491897 -37.6855997393)
1233		1	1	1	94.486	POINT(144.5467511042 -37.6851832666)	LINESTRING(144.5467960918 -37.6856069339,144.5467061165 -37.6847595969)
1234		1	1	1	210.468	POINT(144.5481708060 -37.6856079916)	LINESTRING(144.5469771419 -37.6856809106,144.5474184223 -37.6856552320,144.5480196572 -37.6856200441,144.5486210485 -37.6855866069,144.5487587809 -37.6855805584,144.5488966263 -37.6855756514,144.5490343329 -37.6855695305,144.5491716488 -37.6855598403,144.5492195526 -37.6855546919,144.5492672431 -37.6855483302,144.5493148484 -37.6855414832,144.5493624963 -37.6855348788)
1235		1	1	1	243.635	POINT(144.5453458940 -37.6858288495)	LINESTRING(144.5467265327 -37.6857413718,144.5464388489 -37.6857633517,144.5457112802 -37.6858109891,144.5451291673 -37.6858464385,144.5445470186 -37.6858815196,144.5439648409 -37.6859162989)
1236		1	1	1	38.882	POINT(144.5677398356 -37.6872263952)	LINESTRING(144.5677742181 -37.6870535712,144.5677054530 -37.6873992188)
1237		1	1	1	33.765	POINT(144.5673638963 -37.6886262838)	LINESTRING(144.5673402827 -37.6887770582,144.5673875099 -37.6884755092)
1239		1	1	1	37.364	POINT(144.5672106380 -37.6874504011)	LINESTRING(144.5670006083 -37.6874250982,144.5674206677 -37.6874757040)
1240	Western Fwy	3	1	1	32.549	POINT(144.5668815604 -37.6918158808)	LINESTRING(144.5669103477 -37.6916712158,144.5668527732 -37.6919605455)
1241	High St	1	1	1	17.410	POINT(144.6053335894 -37.6910792910)	LINESTRING(144.6054037614 -37.6911284150,144.6053787377 -37.6911017288,144.6053491042 -37.6910776396,144.6053351638 -37.6910693798,144.6053199636 -37.6910626653,144.6053038473 -37.6910570747,144.6052871584 -37.6910521865,144.6052702404 -37.6910475794,144.6052534369 -37.6910428317,144.6052464305 -37.6910405800)
1242	Hopkins Rd	1	1	1	19.254	POINT(144.7012576908 -37.7475572090)	LINESTRING(144.7011841416 -37.7474931670,144.7012537603 -37.7475591184,144.7013347901 -37.7476182992)
1243	Hopkins Rd	1	1	1	17.259	POINT(144.7017382152 -37.7484819651)	LINESTRING(144.7017018861 -37.7484081633,144.7017040300 -37.7484145760,144.7017762835 -37.7485517070)
1244	Hopkins Rd	1	1	1	20.888	POINT(144.7014352216 -37.7483424054)	LINESTRING(144.7015132770 -37.7484131885,144.7013571661 -37.7482716222)
1249		1	1	1	23.758	POINT(144.5672384141 -37.6882133869)	LINESTRING(144.5671192970 -37.6882625157,144.5672295256 -37.6882116265,144.5673593333 -37.6881649954)
1263	Leakes Rd	1	1	1	100.364	POINT(144.6526542499 -37.7220115359)	LINESTRING(144.6523052703 -37.7223689008,144.6523326632 -37.7223372466,144.6523898249 -37.7222732007,144.6524481473 -37.7222098962,144.6525111456 -37.7221444457,144.6525760141 -37.7220801027,144.6526423001 -37.7220165118,144.6530049272 -37.7216559872)
1264	Western Fwy	3	1	1	738.671	POINT(144.6141672030 -37.6982218164)	LINESTRING(144.6176183065 -37.7000647049,144.6168957802 -37.6995426281,144.6156782683 -37.6987047286,144.6153588824 -37.6984961426,144.6150345246 -37.6982923108,144.6147049949 -37.6980937723,144.6143700930 -37.6979010666,144.6140996359 -37.6977531481,144.6138249656 -37.6976100708,144.6135468272 -37.6974711944,144.6132659655 -37.6973358788,144.6130728471 -37.6972466507,144.6128775876 -37.6971603401,144.6126808825 -37.6970760564,144.6124834275 -37.6969929094,144.6123222462 -37.6969251145,144.6121605815 -37.6968579918,144.6119975624 -37.6967930679,144.6118323178 -37.6967318692,144.6115533016 -37.6966390370,144.6112706927 -37.6965530241,144.6109866467 -37.6964697390,144.6107033192 -37.6963850899)
1265	Western Hwy	3	1	1	59.999	POINT(144.6610059140 -37.7292787726)	LINESTRING(144.6612798828 -37.7294395500,144.6607319453 -37.7291179949)
1266	Leakes Rd	1	1	1	161.962	POINT(144.6542477649 -37.7202277039)	LINESTRING(144.6546642743 -37.7195788007,144.6545322525 -37.7198510181,144.6543749025 -37.7201147570,144.6542067236 -37.7203741741,144.6540256237 -37.7206277203,144.6538295109 -37.7208738462)
2385		3	1	1	299.579	POINT(144.7562763373 -37.7971884851)	LINESTRING(144.7579425983 -37.7974672303,144.7575466862 -37.7974244757,144.7569029751 -37.7973366869,144.7561824397 -37.7972056920,144.7552236601 -37.7970245302,144.7546119907 -37.7969094561)
2386	Western Fwy  Deer Park Byp	3	1	1	2895.896	POINT(144.7460042501 -37.7787837140)	LINESTRING(144.7492560906 -37.7913959680,144.7492284447 -37.7913278623,144.7492005701 -37.7912598116,144.7491731528 -37.7911916506,144.7491468790 -37.7911232142,144.7490603579 -37.7908939543,144.7489749728 -37.7906643325,144.7488965455 -37.7904333763,144.7488308979 -37.7902001130,144.7486672619 -37.7893851900,144.7485518230 -37.7885643720,144.7484539029 -37.7877413581,144.7483428231 -37.7869198473,144.7483106760 -37.7867193600,144.7482774852 -37.7865189763,144.7482442295 -37.7863185984,144.7482118877 -37.7861181285,144.7482043528 -37.7860694397,144.7481969963 -37.7860207338,144.7481897112 -37.7859720209,144.7481823904 -37.7859233115,144.7481750160 -37.7858746072,144.7481676417 -37.7858259028,144.7481602673 -37.7857771984,144.7481528930 -37.7857284940,144.7481455187 -37.7856797896,144.7481381443 -37.7856310851,144.7481307700 -37.7855823806,144.7481233956 -37.7855336760,144.7481160213 -37.7854849714,144.7481086469 -37.7854362668,144.7481012726 -37.7853875622,144.7480938982 -37.7853388575,144.7480865239 -37.7852901528,144.7480791496 -37.7852414481,144.7480717752 -37.7851927433,144.7480644009 -37.7851440385,144.7480570265 -37.7850953337,144.7480496522 -37.7850466288,144.7480422778 -37.7849979239,144.7480349035 -37.7849492190,144.7480275292 -37.7849005140,144.7480201548 -37.7848518090,144.7480127805 -37.7848031040,144.7480054061 -37.7847543989,144.7479980318 -37.7847056938,144.7479906574 -37.7846569887,144.7479832831 -37.7846082836,144.7479759088 -37.7845595784,144.7479685344 -37.7845108732,144.7479611601 -37.7844621679,144.7479537857 -37.7844134626,144.7479464114 -37.7843647573,144.7479390370 -37.7843160520,144.7479316627 -37.7842673466,144.7479242883 -37.7842186412,144.7479169140 -37.7841699357,144.7479095397 -37.7841212302,144.7479021653 -37.7840725247,144.7478947910 -37.7840238192,144.7478874166 -37.7839751136,144.7478800423 -37.7839264080,144.7478726679 -37.7838777024,144.7478652936 -37.7838289967,144.7478579193 -37.7837802910,144.7478505457 -37.7837315852,144.7478431727 -37.7836828793,144.7478357986 -37.7836341735,144.7478284219 -37.7835854679,144.7478210425 -37.7835367625,144.7478136612 -37.7834880573,144.7478062774 -37.7834393522,144.7477988906 -37.7833906474,144.7477915000 -37.7833419430,144.7477841059 -37.7832932388,144.7477767102 -37.7832445348,144.7477693142 -37.7831958307,144.7477619175 -37.7831471267,144.7477545196 -37.7830984228,144.7477471221 -37.7830497188,144.7477397265 -37.7830010146,144.7477323323 -37.7829523102,144.7477249390 -37.7829036057,144.7477175481 -37.7828549009,144.7477101613 -37.7828061958,144.7477027781 -37.7827574902,144.7476953978 -37.7827087844,144.7476880221 -37.7826600781,144.7476806527 -37.7826113711,144.7476732888 -37.7825626636,144.7476659301 -37.7825139556,144.7476585781 -37.7824652470,144.7476512343 -37.7824165375,144.7476438985 -37.7823678272,144.7476365701 -37.7823191162,144.7476292502 -37.7822704044,144.7476219403 -37.7822216916,144.7475972644 -37.7820570120,144.7475726216 -37.7818923289,144.7475480086 -37.7817276426,144.7475234220 -37.7815629535,144.7474988643 -37.7813982614,144.7474743362 -37.7812335661,144.7474498316 -37.7810688683,144.7474253444 -37.7809041685,144.7474008766 -37.7807394665,144.7473764302 -37.7805747621,144.7473519992 -37.7804100560,144.7473275774 -37.7802453486,144.7473031670 -37.7800806398,144.7472787698 -37.7799159294,144.7472543799 -37.7797512180,144.7472299911 -37.7795865060,144.7472056054 -37.7794217935,144.7471812250 -37.7792570800,144.7471568437 -37.7790923663,144.7471324553 -37.7789276529,144.7471080620 -37.7787629395,144.7470836658 -37.7785982261,144.7470592605 -37.7784335131,144.7470348401 -37.7782688012,144.7470103894 -37.7781040918,144.7469859160 -37.7779393840,144.7469614485 -37.7777746754,144.7469370155 -37.7776099632,144.7469227964 -37.7775139803,144.7469085890 -37.7774179961,144.7468944019 -37.7773220100,144.7468802439 -37.7772260211,144.7468661241 -37.7771300282,144.7468520355 -37.7770340322,144.7468379628 -37.7769380347,144.7468238905 -37.7768420371,144.7468098238 -37.7767460387,144.7467957677 -37.7766500392,144.7467817069 -37.7765540400,144.7467676259 -37.7764580425,144.7467535299 -37.7763620465,144.7467394240 -37.7762660513,144.7467252927 -37.7761700583,144.7467111207 -37.7760740689,144.7466969130 -37.7759780831,144.7466826749 -37.7758821000,144.7466683908 -37.7757861210,144.7466540453 -37.7756901476,144.7466396437 -37.7755941797,144.7466251910 -37.7754982165,144.7466106717 -37.7754022594,144.7465960705 -37.7753063100,144.7465813940 -37.7752103677,144.7465666467 -37.7751144319,144.7465518104 -37.7750185046,144.7465368668 -37.7749225876,144.7465250287 -37.7748471886,144.7465131090 -37.7747717974,144.7465011137 -37.7746964137,144.7464890488 -37.7746210368,144.7464769061 -37.7745456676,144.7464646856 -37.7744703062,144.7464524059 -37.7743949507,144.7464400854 -37.7743195993,144.7464277179 -37.7742442522,144.7464152972 -37.7741689105,144.7464028419 -37.7740935723,144.7463903704 -37.7740182357,144.7463778764 -37.7739429010,144.7463653540 -37.7738675692,144.7463528215 -37.7737922383,144.7463402974 -37.7737169065,144.7463277756 -37.7736415744,144.7463152498 -37.7735662426,144.7463027386 -37.7734909092,144.7462902603 -37.7734155723,144.7462778090 -37.7733402328,144.7462653783 -37.7732648911,144.7462529867 -37.7731895453,144.7462406528 -37.7731141935,144.7462283249 -37.7730388412,144.7462160120 -37.7729634871,144.7462038235 -37.7728881206,144.7461918685 -37.7728127307,144.7461855311 -37.7727719280,144.7461792968 -37.7727311152,144.7461731764 -37.7726902916,144.7461671808 -37.7726494566,144.7461613414 -37.7726085956,144.7461556442 -37.7725677219,144.7461500265 -37.7725268412,144.7461444259 -37.7724859590,144.7461388627 -37.7724450698,144.7461333582 -37.7724041756,144.7461278499 -37.7723632817,144.7461222753 -37.7723223934,144.7461166561 -37.7722815151,144.7461110122 -37.7722406388,144.7461052812 -37.7721997702,144.7460994004 -37.7721589150,144.7460933929 -37.7721180847,144.7460872774 -37.7720772641,144.7460809915 -37.7720364600,144.7460744728 -37.7719956791,144.7460677442 -37.7719549320,144.7460608247 -37.7719142045,144.7460536519 -37.7718735047,144.7460461639 -37.7718328410,144.7460383546 -37.7717922142,144.7460302540 -37.7717516223,144.7460218537 -37.7717110686,144.7460131452 -37.7716705562,144.7460082325 -37.7716485753,144.7460031449 -37.7716266189,144.7459979106 -37.7716046838,144.7459925583 -37.7715827669,144.7459870844 -37.7715608678,144.7459814778 -37.7715389896,144.7459757546 -37.7715171301,144.7459699309 -37.7714952873,144.7459640004 -37.7714734580,144.7459579588 -37.7714516474,144.7459518223 -37.7714298534,144.7459456070 -37.7714080734,144.7459393060 -37.7713863037,144.7459329156 -37.7713645501,144.7459264517 -37.7713428101,144.7459199303 -37.7713210809,144.7459133451 -37.7712993606,144.7459066919 -37.7712776532,144.7458999865 -37.7712559559,144.7458932447 -37.7712342656,144.7458864616 -37.7712125843,144.7458796316 -37.7711909122,144.7458727705 -37.7711692462,144.7458658942 -37.7711475833,144.7458590091 -37.7711259284,144.7458521047 -37.7711042773,144.7458451772 -37.7710826308,144.7458382226 -37.7710609898,144.7458315915 -37.7710404188,144.7458249407 -37.7710198518,144.7458182557 -37.7709992917,144.7458115219 -37.7709787416,144.7458047371 -37.7709582004,144.7457979087 -37.7709376681,144.7457910357 -37.7709171451,144.7457841167 -37.7708966317,144.7457771520 -37.7708761273,144.7457701423 -37.7708556324,144.7457630863 -37.7708351474,144.7457559829 -37.7708146727,144.7457488323 -37.7707942081,144.7457416352 -37.7707737537,144.7457343903 -37.7707533099,144.7457270963 -37.7707328770,144.7457197539 -37.7707124555,144.7457123633 -37.7706920447,144.7457049234 -37.7706716452,144.7456974329 -37.7706512573,144.7456898926 -37.7706308819,144.7456823026 -37.7706105179,144.7456746616 -37.7705901659,144.7456669686 -37.7705698261,144.7456592203 -37.7705495009,144.7456514181 -37.7705291885,144.7456435688 -37.7705088874,144.7456356793 -37.7704885961,144.7456254090 -37.7704623298,144.7456150822 -37.7704360772,144.7456047035 -37.7704098375,144.7455942772 -37.7703836096,144.7455838066 -37.7703573883,144.7455732898 -37.7703311785,144.7455627184 -37.7703049824,144.7455520843 -37.7702788022,144.7455413898 -37.7702526362,144.7455306381 -37.7702264848,144.7455198209 -37.7702003503,144.7455089301 -37.7701742349,144.7454979689 -37.7701481392,144.7454869395 -37.7701220614,144.7454758339 -37.7700960038,144.7454646438 -37.7700699688,144.7454533731 -37.7700439583,144.7454420235 -37.7700179691,144.7454305868 -37.7699920038,144.7454190550 -37.7699660649,144.7454074319 -37.7699401544,144.7453957192 -37.7699142690,144.7453839089 -37.7698884114,144.7453719928 -37.7698625843,144.7453599657 -37.7698367913,144.7453478325 -37.7698110292,144.7453356029 -37.7697852956,144.7453232868 -37.7697595879,144.7453079758 -37.7697278951,144.7452925498 -37.7696962369,144.7452770219 -37.7696646099,144.7452614051 -37.7696330103,144.7452457020 -37.7696014290,144.7452299087 -37.7695698756,144.7452140167 -37.7695383533,144.7451980179 -37.7695068648,144.7451819139 -37.7694754068,144.7451657088 -37.7694439812,144.7451493944 -37.7694125909,144.7451329625 -37.7693812391,144.7451164166 -37.7693499260,144.7450997589 -37.7693186498,144.7450829814 -37.7692874137,144.7450660758 -37.7692562210,144.7450490471 -37.7692250743,144.7450318961 -37.7691939693,144.7450146147 -37.7691629095,144.7449971950 -37.7691318982,144.7449796425 -37.7691009393,144.7449619573 -37.7690700273,144.7449441315 -37.7690391659,144.7449261572 -37.7690083585,144.7449080366 -37.7689776100,144.7448897710 -37.7689469148,144.7448713592 -37.7689162743,144.7448527996 -37.7688856898,144.7448317886 -37.7688514104,144.7448106102 -37.7688171951,144.7447892723 -37.7687830417,144.7447677829 -37.7687489480,144.7447461371 -37.7687149087,144.7447243358 -37.7686809311,144.7447023845 -37.7686470140,144.7446802887 -37.7686131558,144.7446580437 -37.7685793525,144.7446356510 -37.7685456100,144.7446131160 -37.7685119267,144.7445904441 -37.7684783010,144.7445676319 -37.7684447311,144.7445446796 -37.7684112206,144.7445215927 -37.7683777680,144.7444983762 -37.7683443716,144.7444750288 -37.7683110322,144.7444515488 -37.7682777509,144.7444279415 -37.7682445258,144.7444042121 -37.7682113553,144.7443803615 -37.7681782437,144.7443563857 -37.7681451885,144.7443322898 -37.7681121878,144.7443080789 -37.7680792399,144.7442837802 -37.7680463424,144.7442593788 -37.7680134921,144.7442348338 -37.7679807091,144.7442101037 -37.7679480134,144.7441601438 -37.7678826193,144.7441098537 -37.7678173828,144.7440591989 -37.7677523231,144.7440081449 -37.7676874595,144.7439568832 -37.7676226934,144.7439053665 -37.7675580507,144.7438532035 -37.7674937392,144.7438000026 -37.7674299666,144.7437475601 -37.7673698970,144.7436938879 -37.7673104962,144.7436401131 -37.7672511500,144.7435873631 -37.7671912444,144.7433744276 -37.7669392596,144.7431648994 -37.7666854788,144.7429567341 -37.7664309791,144.7427478874 -37.7661768375)
2387	Western Fwy  Deer Park Byp	2	2	1	180.572	POINT(144.7496810831 -37.7922011536)	LINESTRING(144.7501006832 -37.7929398868,144.7498717615 -37.7925769361,144.7496572229 -37.7922083543,144.7494551023 -37.7918353127,144.7492634345 -37.7914589826)
2388		3	1	1	119.606	POINT(144.7504454174 -37.7935277710)	LINESTRING(144.7507615614 -37.7940035338,144.7504431411 -37.7935286906,144.7501293446 -37.7930518979)
2389		3	1	1	283.857	POINT(144.7515006970 -37.7951913910)	LINESTRING(144.7522244656 -37.7962934502,144.7521728335 -37.7962691968,144.7521208019 -37.7962454038,144.7520695692 -37.7962206901,144.7520203336 -37.7961936748,144.7519494094 -37.7961501357,144.7518805852 -37.7961043390,144.7518156617 -37.7960553840,144.7517564398 -37.7960023700,144.7516986769 -37.7959383252,144.7516480633 -37.7958703487,144.7516024399 -37.7957999306,144.7515596477 -37.7957285614,144.7514998456 -37.7956177102,144.7514469293 -37.7955045760,144.7513971818 -37.7953904085,144.7513468862 -37.7952764574,144.7512349499 -37.7950220163,144.7511265671 -37.7947665539,144.7510157226 -37.7945118268,144.7508964016 -37.7942595919,144.7508718535 -37.7942130638,144.7508458152 -37.7941670302,144.7508191808 -37.7941211943,144.7507928445 -37.7940752595)
2391		1	1	1	71.148	POINT(144.7529385759 -37.7953275458)	LINESTRING(144.7529870957 -37.7950101807,144.7528900562 -37.7956449095)
2392		3	1	1	26.523	POINT(144.7543557022 -37.7968911309)	LINESTRING(144.7545016832 -37.7969210462,144.7542097211 -37.7968612157)
2393		3	1	1	22.771	POINT(144.7530013192 -37.7966560721)	LINESTRING(144.7531338045 -37.7966396320,144.7531041332 -37.7966401802,144.7530677299 -37.7966402443,144.7530314650 -37.7966412765,144.7529955463 -37.7966447292,144.7529664074 -37.7966503667,144.7529378974 -37.7966579616,144.7529096389 -37.7966663395,144.7528812547 -37.7966743259)
2394		3	1	1	76.388	POINT(144.7536385547 -37.7967143541)	LINESTRING(144.7540547921 -37.7968123890,144.7532223173 -37.7966163190)
2395		3	1	1	17.756	POINT(144.7530725464 -37.7965433717)	LINESTRING(144.7531692126 -37.7965663912,144.7529758803 -37.7965203522)
2396		3	1	1	7.498	POINT(144.7541464420 -37.7968319497)	LINESTRING(144.7541876353 -37.7968406257,144.7541052487 -37.7968232737)
2397	Western Fwy  Deer Park Byp	3	1	1	865.457	POINT(144.7540617631 -37.7952272574)	LINESTRING(144.7579561335 -37.7974094802,144.7578675828 -37.7973980353,144.7577789193 -37.7973870359,144.7576904814 -37.7973751456,144.7576026071 -37.7973610277,144.7574296087 -37.7973272569,144.7572579077 -37.7972894055,144.7570869856 -37.7972492158,144.7569163237 -37.7972084300,144.7567376831 -37.7971661375,144.7565593103 -37.7971230786,144.7563818422 -37.7970778788,144.7562059163 -37.7970291641,144.7559500242 -37.7969523821,144.7556961863 -37.7968713046,144.7554448367 -37.7967855732,144.7551964096 -37.7966948291,144.7549202885 -37.7965871164,144.7546475146 -37.7964740394,144.7543784459 -37.7963555643,144.7541134405 -37.7962316575,144.7538439554 -37.7960986905,144.7535785251 -37.7959605504,144.7533182644 -37.7958164999,144.7530642883 -37.7956658018,144.7528234835 -37.7955111391,144.7525894964 -37.7953499029,144.7523606739 -37.7951839470,144.7521353630 -37.7950151249,144.7520105234 -37.7949186425,144.7518881037 -37.7948202082,144.7517679838 -37.7947200109,144.7516500437 -37.7946182395,144.7514989495 -37.7944833192,144.7513508644 -37.7943462962,144.7512057329 -37.7942073087,144.7510634996 -37.7940664948,144.7510116821 -37.7940132174,144.7509610770 -37.7939592068,144.7509113964 -37.7939046536,144.7508623528 -37.7938497488,144.7507632635 -37.7937368187,144.7506656879 -37.7936230591,144.7505696478 -37.7935084863,144.7504751649 -37.7933931170,144.7504037640 -37.7933030631,144.7503338820 -37.7932122594,144.7502646075 -37.7931211555,144.7501950293 -37.7930302016)
2398	Western Fwy  Deer Park Byp	3	1	1	48.516	POINT(144.7583845920 -37.7974807467)	LINESTRING(144.7586578103 -37.7975108170,144.7581113738 -37.7974506763)
2399		1	1	1	33.191	POINT(144.7525179356 -37.7966617199)	LINESTRING(144.7524986481 -37.7968100651,144.7525372230 -37.7965133744)
2400		1	1	1	52.705	POINT(144.7523729193 -37.7966215230)	LINESTRING(144.7523947951 -37.7968556251,144.7524006536 -37.7968072527,144.7524075794 -37.7967588801,144.7524123706 -37.7967105078,144.7524118254 -37.7966621363,144.7524062112 -37.7966276869,144.7523968797 -37.7965936450,144.7523858781 -37.7965597979,144.7523752537 -37.7965259327,144.7523647726 -37.7964904755,144.7523538937 -37.7964550920,144.7523428556 -37.7964197380,144.7523327855 -37.7963899851)
2401		1	1	1	44.204	POINT(144.7524430157 -37.7971195366)	LINESTRING(144.7524191425 -37.7973172436,144.7524668890 -37.7969218291)
2402		1	1	1	32.046	POINT(144.7524145716 -37.7974935769)	LINESTRING(144.7523926954 -37.7976365168,144.7524364479 -37.7973506368)
2403	Middle Rd WA	1	1	1	230.657	POINT(144.7509449171 -37.7972305546)	LINESTRING(144.7500462310 -37.7965595216,144.7501790116 -37.7967213805,144.7503119418 -37.7968831630,144.7504445727 -37.7970450972,144.7505764553 -37.7972074110,144.7506339977 -37.7972815282,144.7506902718 -37.7973563214,144.7507482706 -37.7974301693,144.7508109872 -37.7975014506,144.7508465780 -37.7975374768,144.7508839752 -37.7975723971,144.7509232722 -37.7976059654,144.7509645623 -37.7976379353,144.7509945016 -37.7976585087,144.7510258308 -37.7976778010,144.7510580302 -37.7976962415,144.7510905801 -37.7977142595,144.7511231587 -37.7977321000,144.7511561349 -37.7977495089,144.7511897859 -37.7977660348,144.7512243890 -37.7977812266,144.7512722205 -37.7977995952,144.7513211066 -37.7978162343,144.7513708070 -37.7978313440,144.7514210815 -37.7978451245,144.7514656120 -37.7978562156,144.7515106130 -37.7978661549,144.7515560610 -37.7978746367,144.7516019323 -37.7978813552,144.7516659241 -37.7978872453,144.7517303239 -37.7978902220,144.7517948869 -37.7978920333,144.7518593684 -37.7978944273)
2404		1	1	1	16.680	POINT(144.7521073337 -37.7979182827)	LINESTRING(144.7520128463 -37.7979117984,144.7522018212 -37.7979247670)
2405		1	1	1	24.845	POINT(144.7521260053 -37.7978503246)	LINESTRING(144.7519884159 -37.7978802094,144.7520230752 -37.7978749543,144.7520577197 -37.7978693023,144.7520922475 -37.7978631179,144.7521265566 -37.7978562656,144.7521605449 -37.7978486102,144.7521941106 -37.7978400161,144.7522271515 -37.7978303480,144.7522595658 -37.7978194704)
2407		1	1	1	10.662	POINT(144.7523617079 -37.7977184910)	LINESTRING(144.7523549417 -37.7977660958,144.7523684741 -37.7976708862)
2409		1	1	1	29.478	POINT(144.7526490191 -37.7974770132)	LINESTRING(144.7526681146 -37.7973454357,144.7526299236 -37.7976085905)
2410		1	1	1	238.428	POINT(144.7509371266 -37.7972684725)	LINESTRING(144.7518921868 -37.7979467440,144.7518175088 -37.7979420030,144.7517427354 -37.7979378253,144.7516681528 -37.7979325210,144.7515940471 -37.7979244003,144.7515466449 -37.7979171261,144.7514996059 -37.7979083846,144.7514529996 -37.7978982776,144.7514068952 -37.7978869073,144.7513551295 -37.7978727181,144.7513039549 -37.7978571602,144.7512536187 -37.7978400275,144.7512043685 -37.7978211141,144.7511686159 -37.7978054176,144.7511338469 -37.7977883427,144.7510997752 -37.7977703555,144.7510661142 -37.7977519223,144.7510324218 -37.7977332718,144.7509990921 -37.7977141840,144.7509666631 -37.7976942145,144.7509356728 -37.7976729190,144.7508932494 -37.7976398923,144.7508529667 -37.7976051660,144.7508144685 -37.7975691509,144.7507773983 -37.7975322578,144.7507116970 -37.7974613270,144.7506496709 -37.7973882927,144.7505894329 -37.7973142502,144.7505290959 -37.7972402946,144.7503948051 -37.7970766437,144.7502619948 -37.7969122349,144.7501297767 -37.7967475229,144.7499972625 -37.7965829619)
2411		1	1	1	31.408	POINT(144.7521673738 -37.7981657546)	LINESTRING(144.7521980088 -37.7983061953,144.7521953037 -37.7982682014,144.7521932091 -37.7982301462,144.7521898936 -37.7981922136,144.7521835256 -37.7981545879,144.7521739179 -37.7981210363,144.7521615946 -37.7980879847,144.7521481850 -37.7980551331,144.7521352592 -37.7980304410)
2412		1	1	1	17.993	POINT(144.7522698427 -37.7983880222)	LINESTRING(144.7522592867 -37.7984684285,144.7522803988 -37.7983076158)
2413		1	1	1	59.125	POINT(144.7521983384 -37.7987592574)	LINESTRING(144.7521641674 -37.7990235198,144.7522325094 -37.7984949942)
2414		1	1	1	62.870	POINT(144.7527099978 -37.7970401236)	LINESTRING(144.7527491791 -37.7967593539,144.7526708165 -37.7973208923)
2415		1	1	1	30.113	POINT(144.7526091206 -37.7977519336)	LINESTRING(144.7526286280 -37.7976175178,144.7525896131 -37.7978863491)
2416		1	1	1	22.881	POINT(144.7528347797 -37.7959232985)	LINESTRING(144.7528480251 -37.7958210264,144.7528215344 -37.7960255705)
2417		1	1	1	36.199	POINT(144.7528000179 -37.7961963550)	LINESTRING(144.7528203790 -37.7960345100,144.7527796567 -37.7963581997)
2418		1	1	1	134.838	POINT(144.7526552041 -37.7956494922)	LINESTRING(144.7525701139 -37.7962515748,144.7527402944 -37.7950474046)
2419		1	1	1	32.926	POINT(144.7528421780 -37.7948678735)	LINESTRING(144.7527882058 -37.7950098443,144.7527893838 -37.7950004440,144.7527905754 -37.7949907449,144.7527918043 -37.7949807851,144.7527930938 -37.7949706029,144.7527944673 -37.7949602365,144.7527959482 -37.7949497242,144.7527975600 -37.7949391041,144.7527993262 -37.7949284145,144.7528012700 -37.7949176936,144.7528034151 -37.7949069796,144.7528057846 -37.7948963106,144.7528084023 -37.7948857251,144.7528112913 -37.7948752610,144.7528144752 -37.7948649567,144.7528179774 -37.7948548504,144.7528218212 -37.7948449803,144.7528260302 -37.7948353847,144.7528306278 -37.7948261016,144.7528356374 -37.7948171694,144.7528410823 -37.7948086263,144.7528469861 -37.7948005104,144.7528533722 -37.7947928600,144.7528602639 -37.7947857134,144.7528676847 -37.7947791087,144.7528756581 -37.7947730841,144.7528842075 -37.7947676779,144.7528933562 -37.7947629283,144.7529031277 -37.7947588735,144.7529135455 -37.7947555517,144.7529246329 -37.7947530012)
2420		1	1	1	18.806	POINT(144.7527206721 -37.7949185289)	LINESTRING(144.7527073075 -37.7950023639,144.7527340367 -37.7948346938)
2421		1	1	1	30.740	POINT(144.7527552380 -37.7946885492)	LINESTRING(144.7527353318 -37.7948257661,144.7527751441 -37.7945513320)
2422		1	1	1	51.548	POINT(144.7528958631 -37.7938553487)	LINESTRING(144.7528430601 -37.7940831718,144.7529486661 -37.7936275248)
2423		1	1	1	26.989	POINT(144.7525292012 -37.7983221554)	LINESTRING(144.7525420892 -37.7982013272,144.7525163131 -37.7984429833)
2424		1	1	1	54.559	POINT(144.7525011904 -37.7987196694)	LINESTRING(144.7525321801 -37.7984757697,144.7524702008 -37.7989635683)
2425		1	1	1	31.843	POINT(144.7524504851 -37.7991148174)	LINESTRING(144.7524690357 -37.7989725067,144.7524319346 -37.7992571278)
2426		1	1	1	356.098	POINT(144.7521552441 -37.8012142211)	LINESTRING(144.7523790266 -37.7996241707,144.7519314617 -37.8028042373)
2430		1	1	1	32.586	POINT(144.7515241178 -37.7993045468)	LINESTRING(144.7513399982 -37.7992881638,144.7517082374 -37.7993209297)
2431		1	1	1	17.670	POINT(144.7518908043 -37.7993361349)	LINESTRING(144.7517908092 -37.7993284204,144.7519907995 -37.7993438493)
2432	Agar Dr WA	1	1	1	186.455	POINT(144.7501822112 -37.7992037222)	LINESTRING(144.7491280528 -37.7991146436,144.7512363696 -37.7992928007)
2433		1	1	1	21.189	POINT(144.7519722931 -37.7992420379)	LINESTRING(144.7518602360 -37.7992794563,144.7518887190 -37.7992717459,144.7519172970 -37.7992639379,144.7519457764 -37.7992558157,144.7519739637 -37.7992471627,144.7520016651 -37.7992377622,144.7520286872 -37.7992273975,144.7520548363 -37.7992158522,144.7520799187 -37.7992029095)
2434		1	1	1	112.399	POINT(144.7513245171 -37.7993764017)	LINESTRING(144.7519556799 -37.7994502058,144.7518232791 -37.7994377392,144.7516907677 -37.7994258538,144.7515584776 -37.7994128060,144.7514267406 -37.7993968523,144.7513394605 -37.7993827951,144.7512527706 -37.7993663530,144.7511660498 -37.7993500558,144.7510786767 -37.7993364334,144.7509825600 -37.7993257248,144.7508860049 -37.7993175332,144.7507892744 -37.7993103484,144.7506926317 -37.7993026602)
2435		1	1	1	134.672	POINT(144.7498818380 -37.7992218746)	LINESTRING(144.7506433256 -37.7992854951,144.7491203503 -37.7991582542)
2436	Calarco Dr EA	1	1	1	183.324	POINT(144.7546359271 -37.7996219557)	LINESTRING(144.7556724496 -37.7997090279,144.7535994046 -37.7995348834)
2437		1	1	1	37.919	POINT(144.7533467855 -37.7995255163)	LINESTRING(144.7535603868 -37.7995458085,144.7532383461 -37.7995138422,144.7531322547 -37.7995053075)
2438		1	1	1	44.592	POINT(144.7528687016 -37.7994841056)	LINESTRING(144.7531209413 -37.7995043974,144.7526164619 -37.7994638138)
2439		1	1	1	45.676	POINT(144.7528695692 -37.7993838498)	LINESTRING(144.7526114684 -37.7993610401,144.7531276699 -37.7994066594)
2440		1	1	1	216.578	POINT(144.7544619464 -37.7995478003)	LINESTRING(144.7532395798 -37.7994391883,144.7534517549 -37.7994730522,144.7556862000 -37.7996561847)
2441		1	1	1	30.216	POINT(144.7522992995 -37.7981636464)	LINESTRING(144.7522815721 -37.7982986781,144.7523170269 -37.7980286145)
2442		1	1	1	33.076	POINT(144.7520847352 -37.7997588559)	LINESTRING(144.7520651697 -37.7999066507,144.7521043008 -37.7996110608)
2443		1	1	1	80.291	POINT(144.7520191758 -37.8002745750)	LINESTRING(144.7519743365 -37.8006335585,144.7520640150 -37.7999155898)
2444		1	1	1	56.765	POINT(144.7519526739 -37.8009279967)	LINESTRING(144.7519196731 -37.8011816878,144.7519856747 -37.8006743046)
2445	Robinsons Rd SA	1	1	1	174.896	POINT(144.7517986828 -37.8020139009)	LINESTRING(144.7517038476 -37.8027960602,144.7518935179 -37.8012317332)
2474		3	1	1	104.566	POINT(144.7513631863 -37.7935499939)	LINESTRING(144.7509208512 -37.7932379696,144.7511456579 -37.7934306298,144.7514380579 -37.7936281342,144.7518102337 -37.7938585806)
2475		3	1	1	56.659	POINT(144.7521018627 -37.7940227251)	LINESTRING(144.7518503507 -37.7938636408,144.7523533747 -37.7941818091)
2476		3	1	1	29.684	POINT(144.7525142585 -37.7943063099)	LINESTRING(144.7523823871 -37.7942230667,144.7526461300 -37.7943895529)
2477		3	1	1	138.409	POINT(144.7503354777 -37.7925685436)	LINESTRING(144.7499189989 -37.7920408897,144.7501195141 -37.7923171933,144.7505038751 -37.7928108681,144.7507528578 -37.7930950656)
2478	Western Fwy  Deer Park Byp	3	1	1	833.970	POINT(144.7532341144 -37.7945137068)	LINESTRING(144.7498385897 -37.7920617119,144.7498906530 -37.7921521903,144.7499423960 -37.7922427884,144.7499947797 -37.7923331467,144.7500487648 -37.7924229056,144.7501157346 -37.7925307107,144.7501839882 -37.7926380260,144.7502542670 -37.7927445005,144.7503273123 -37.7928497834,144.7503978807 -37.7929458260,144.7504709674 -37.7930407064,144.7505458614 -37.7931347231,144.7506218515 -37.7932281748,144.7507475724 -37.7933806417,144.7508752054 -37.7935321324,144.7510054725 -37.7936821938,144.7511390958 -37.7938303726,144.7512611635 -37.7939609330,144.7513858174 -37.7940899904,144.7515134374 -37.7942172054,144.7516444034 -37.7943422383,144.7517889368 -37.7944759114,144.7519362514 -37.7946077638,144.7520881075 -37.7947362103,144.7522462655 -37.7948596654,144.7524664544 -37.7950144129,144.7526950058 -37.7951616469,144.7529278838 -37.7953049043,144.7531610530 -37.7954477216,144.7533310275 -37.7955528095,144.7535019089 -37.7956569990,144.7536744889 -37.7957593808,144.7538495593 -37.7958590455,144.7539871375 -37.7959342107,144.7541262992 -37.7960075748,144.7542672182 -37.7960787893,144.7544100681 -37.7961475060,144.7545691697 -37.7962197694,144.7547303580 -37.7962891476,144.7548931127 -37.7963562556,144.7550569133 -37.7964217084,144.7552783711 -37.7965082493,144.7555012097 -37.7965926191,144.7557259338 -37.7966737105,144.7559530485 -37.7967504160,144.7561262842 -37.7968035132,144.7563013932 -37.7968527620,144.7564772516 -37.7969004713,144.7566527352 -37.7969489503)
2479	Western Fwy  Deer Park Byp	3	1	1	60.014	POINT(144.7496943677 -37.7917293346)	LINESTRING(144.7495680184 -37.7914783164,144.7497122932 -37.7917741055,144.7498213943 -37.7919790238)
2480		3	1	1	29.405	POINT(144.7525891981 -37.7942293298)	LINESTRING(144.7524405568 -37.7941917447,144.7524704859 -37.7942087643,144.7524999038 -37.7942266287,144.7525303442 -37.7942428034,144.7525633409 -37.7942547541,144.7525913869 -37.7942606846,144.7526204254 -37.7942639508,144.7526495422 -37.7942638966,144.7526778230 -37.7942598661,144.7526990579 -37.7942522617,144.7527181623 -37.7942411419,144.7527364145 -37.7942286161)
2482		2	2	1	67.728	POINT(144.7553999397 -37.7964058911)	LINESTRING(144.7550725285 -37.7962474736,144.7551786179 -37.7963045079,144.7552863132 -37.7963597063,144.7553954998 -37.7964130929,144.7555060630 -37.7964646918,144.7556178883 -37.7965145274,144.7557308611 -37.7965626236)
2483	Western Fwy  Deer Park Byp	2	2	1	149.856	POINT(144.7576664616 -37.7971310026)	LINESTRING(144.7568399482 -37.7969809024,144.7572066714 -37.7970671468,144.7575363314 -37.7971342390,144.7579545665 -37.7972049763,144.7584997842 -37.7972798390)
2484	Western Fwy  Deer Park Byp	3	1	1	1765.045	POINT(144.7688183799 -37.7981290073)	LINESTRING(144.7588332708 -37.7973311403,144.7633514863 -37.7976875870,144.7678698954 -37.7980425350,144.7723879174 -37.7984004751,144.7769049716 -37.7987658977,144.7777734905 -37.7988387809,144.7788031578 -37.7989268928)
2485		2	2	1	88.967	POINT(144.7562065354 -37.7967446085)	LINESTRING(144.7557429940 -37.7965858604,144.7560232830 -37.7966912649,144.7563988612 -37.7968182350,144.7566713445 -37.7969029216)
2486		1	1	1	10.852	POINT(144.7532389338 -37.7930123761)	LINESTRING(144.7532865987 -37.7929375116,144.7532703942 -37.7930341872)
2487		1	1	1	31.869	POINT(144.7530765610 -37.7944296423)	LINESTRING(144.7530899238 -37.7942868439,144.7530631982 -37.7945724405)
2488		1	1	1	12.720	POINT(144.7531580366 -37.7934910743)	LINESTRING(144.7531950669 -37.7934444175,144.7531751724 -37.7935576397)
2489		1	1	1	31.473	POINT(144.7531487159 -37.7939373529)	LINESTRING(144.7531678059 -37.7937980647,144.7531350628 -37.7940234309,144.7531299367 -37.7940792638)
2491		1	1	1	40.499	POINT(144.7532317421 -37.7932386603)	LINESTRING(144.7532643778 -37.7930585269,144.7531991063 -37.7934187932)
2492		1	1	1	32.213	POINT(144.7532122879 -37.7944601675)	LINESTRING(144.7531928176 -37.7943146556,144.7532023202 -37.7944643585,144.7532322851 -37.7946019193)
2494		1	1	1	449.883	POINT(144.7534494866 -37.7909664597)	LINESTRING(144.7531283644 -37.7929702057,144.7532486885 -37.7924946827,144.7533422413 -37.7920627717,144.7536345633 -37.7898483218,144.7537703667 -37.7889614651)
2496	Robinsons Rd NA	1	1	1	425.735	POINT(144.7535683037 -37.7908729663)	LINESTRING(144.7538373744 -37.7889723811,144.7537716310 -37.7893483502,144.7534005809 -37.7920226862,144.7533332972 -37.7924574486,144.7532993495 -37.7927743287)
2499		3	1	1	1044.281	POINT(144.7845522127 -37.7952848591)	LINESTRING(144.7820152182 -37.7989604009,144.7821376963 -37.7989508839,144.7822602325 -37.7989417491,144.7823826524 -37.7989318500,144.7825047812 -37.7989200404,144.7826030180 -37.7989093770,144.7827011309 -37.7988978458,144.7827987814 -37.7988843736,144.7828956309 -37.7988678875,144.7830368976 -37.7988384953,144.7831767685 -37.7988049746,144.7833153663 -37.7987681589,144.7834528138 -37.7987288812,144.7835856396 -37.7986886628,144.7837172922 -37.7986459919,144.7838473094 -37.7986003746,144.7839752288 -37.7985513170,144.7841236123 -37.7984898016,144.7842697041 -37.7984247807,144.7844125842 -37.7983555715,144.7845513331 -37.7982814909,144.7846367586 -37.7982296155,144.7847187316 -37.7981742293,144.7847992954 -37.7981174125,144.7848804935 -37.7980612455,144.7849332882 -37.7980263838,144.7849863031 -37.7979917159,144.7850387876 -37.7979565770,144.7850899911 -37.7979203022,144.7851493242 -37.7978756617,144.7852074144 -37.7978299873,144.7852641254 -37.7977832491,144.7853193211 -37.7977354170,144.7854048181 -37.7976577100,144.7854880159 -37.7975784150,144.7855684859 -37.7974974027,144.7856457995 -37.7974145441,144.7857520040 -37.7972943106,144.7858543059 -37.7971718810,144.7859510020 -37.7970467464,144.7860403893 -37.7969183978,144.7861313159 -37.7967720588,144.7862145010 -37.7966227146,144.7862896823 -37.7964707471,144.7863565977 -37.7963165385,144.7864073356 -37.7961802745,144.7864505925 -37.7960422835,144.7864868441 -37.7959030028,144.7865165661 -37.7957628702,144.7865584996 -37.7954776530,144.7865833522 -37.7951909322,144.7866012966 -37.7949036049,144.7866225054 -37.7946165682,144.7866366592 -37.7944555649,144.7866503794 -37.7942945347,144.7866647538 -37.7941335450,144.7866808706 -37.7939726627,144.7867140185 -37.7936743746,144.7867495093 -37.7933762449,144.7867879845 -37.7930783528,144.7868300859 -37.7927807773,144.7868596950 -37.7925893252,144.7868915560 -37.7923980909,144.7869254931 -37.7922070770,144.7869613304 -37.7920162864,144.7869832155 -37.7919078472,144.7870064912 -37.7917995842,144.7870303231 -37.7916913916,144.7870538769 -37.7915831636)
2502	Western Fwy  Deer Park Byp EA	3	1	1	2142.544	POINT(144.7853006686 -37.7996901092)	LINESTRING(144.7974047030 -37.8007121504,144.7965400560 -37.8006809414,144.7949742914 -37.8005898331,144.7931831783 -37.8003729734,144.7918728882 -37.8001594418,144.7902825504 -37.7999229139,144.7893633972 -37.7998382787,144.7881233656 -37.7997972444,144.7872856154 -37.7997707073,144.7862096591 -37.7997057399,144.7833334448 -37.7994776133,144.7804669220 -37.7992575996,144.7731988833 -37.7986679221)
2504		3	1	1	167.132	POINT(144.7872659114 -37.7908006104)	LINESTRING(144.7870851257 -37.7915378689,144.7874466971 -37.7900633445)
2505	Western Fwy  Deer Park Byp	3	1	1	63.736	POINT(144.7792028742 -37.7989427770)	LINESTRING(144.7788422454 -37.7989145130,144.7795635030 -37.7989710410)
2506	Western Fwy  Deer Park Byp	3	1	1	1596.391	POINT(144.7885596774 -37.7996384421)	LINESTRING(144.7796089260 -37.7989905902,144.7803786626 -37.7990602956,144.7813708144 -37.7991385003,144.7823633101 -37.7992140016,144.7833557903 -37.7992896213,144.7843478957 -37.7993681812,144.7846434035 -37.7993943503,144.7849386959 -37.7994222660,144.7852341794 -37.7994484765,144.7855302609 -37.7994695300,144.7858195309 -37.7994861549,144.7861091452 -37.7994999946,144.7863989145 -37.7995076589,144.7866886497 -37.7995057574,144.7869659726 -37.7994930104,144.7872425869 -37.7994713821,144.7875184411 -37.7994433184,144.7877934839 -37.7994112651,144.7880819304 -37.7993698463,144.7883686897 -37.7993208410,144.7886554608 -37.7992718969,144.7889439428 -37.7992306613,144.7893026252 -37.7991888766,144.7896623778 -37.7991521997,144.7900231334 -37.7991245600,144.7903848247 -37.7991098865,144.7906887848 -37.7991100166,144.7909926822 -37.7991206151,144.7912960806 -37.7991396754,144.7915985436 -37.7991651909,144.7919400734 -37.7992000955,144.7922804472 -37.7992424185,144.7926186318 -37.7992939335,144.7929535938 -37.7993564138,144.7931680276 -37.7994072363,144.7933791789 -37.7994665954,144.7935892886 -37.7995287366,144.7938005972 -37.7995879054,144.7940581036 -37.7996564083,144.7943157747 -37.7997246582,144.7945746992 -37.7997895642,144.7948359655 -37.7998480354,144.7953124141 -37.7999371428,144.7957925136 -37.8000138835,144.7962851676 -37.8001021700,144.7967604133 -37.8001798489,144.7970948116 -37.8002288321,144.7973286980 -37.8002600771,144.7975076150 -37.8002866240)
2508	Western Fwy  Deer Park Byp	3	1	1	197.177	POINT(144.7808299418 -37.7989585526)	LINESTRING(144.7797091849 -37.7989378393,144.7803151013 -37.7989436394,144.7807978954 -37.7989549794,144.7815317292 -37.7989714744,144.7817454280 -37.7989792593,144.7819506402 -37.7989768176)
2510	Western Ring  Deer Park Byp NA	3	1	1	1903.214	POINT(144.7822538398 -37.7950478462)	LINESTRING(144.7880530970 -37.7901242525,144.7880380159 -37.7902364347,144.7880251924 -37.7903487382,144.7880169504 -37.7904612656,144.7880146564 -37.7905621061,144.7880161954 -37.7906629891,144.7880203056 -37.7907638639,144.7880257249 -37.7908646796,144.7880354338 -37.7910380773,144.7880471145 -37.7912114473,144.7880637656 -37.7913844633,144.7880883859 -37.7915567988,144.7881356675 -37.7917811509,144.7881946217 -37.7920039379,144.7882574223 -37.7922262264,144.7883162432 -37.7924490829,144.7883424538 -37.7925530878,144.7883688740 -37.7926570905,144.7883929555 -37.7927613801,144.7884121499 -37.7928662459,144.7884339568 -37.7930357775,144.7884489026 -37.7932058461,144.7884579576 -37.7933762130,144.7884620916 -37.7935466391,144.7884616119 -37.7937292692,144.7884556377 -37.7939118953,144.7884437861 -37.7940943271,144.7884256740 -37.7942763748,144.7884028102 -37.7944526571,144.7883745764 -37.7946285348,144.7883393252 -37.7948035395,144.7882954093 -37.7949772031,144.7882247250 -37.7952056078,144.7881430367 -37.7954318653,144.7880515649 -37.7956558306,144.7879515301 -37.7958773586,144.7878896202 -37.7960004788,144.7878221927 -37.7961218438,144.7877509881 -37.7962419259,144.7876777467 -37.7963611976,144.7875850460 -37.7965095402,144.7874897063 -37.7966568843,144.7873900107 -37.7968023367,144.7872842425 -37.7969450045,144.7871496387 -37.7971127694,144.7870086176 -37.7972773202,144.7868613387 -37.7974384086,144.7867079613 -37.7975957866,144.7866135442 -37.7976853064,144.7865150874 -37.7977721401,144.7864143902 -37.7978574468,144.7863132523 -37.7979423854,144.7861756997 -37.7980600617,144.7860377487 -37.7981775416,144.7858963837 -37.7982922422,144.7857485890 -37.7984015801,144.7855615805 -37.7985252689,144.7853679342 -37.7986426265,144.7851696258 -37.7987552341,144.7849686311 -37.7988646729,144.7847983310 -37.7989542466,144.7846254871 -37.7990408204,144.7844498810 -37.7991237946,144.7842712939 -37.7992025702,144.7841125326 -37.7992674215,144.7839513501 -37.7993285553,144.7837881564 -37.7993863148,144.7836233615 -37.7994410431,144.7834062630 -37.7995086131,144.7831870912 -37.7995720261,144.7829660258 -37.7996311870,144.7827432464 -37.7996860008,144.7825011252 -37.7997415935,144.7822574749 -37.7997932189,144.7820120138 -37.7998385913,144.7817644605 -37.7998754250,144.7815083027 -37.7999032167,144.7812506923 -37.7999223886,144.7809922681 -37.7999345464,144.7807336684 -37.7999412958,144.7804928532 -37.7999429821,144.7802519667 -37.7999392554,144.7800113638 -37.7999297311,144.7797713991 -37.7999140246,144.7795183663 -37.7998904797,144.7792663312 -37.7998603459,144.7790154991 -37.7998242937,144.7787660757 -37.7997829937,144.7785900307 -37.7997495157,144.7784152742 -37.7997118677,144.7782416116 -37.7996710347,144.7780688485 -37.7996280018,144.7777727919 -37.7995454549,144.7774798555 -37.7994556198,144.7771863048 -37.7993673659,144.7768884053 -37.7992895629,144.7766813921 -37.7992458802,144.7764723775 -37.7992082382,144.7762622557 -37.7991741525,144.7760519210 -37.7991411385,144.7760132213 -37.7991353234)
2512	Western Fwy  Deer Park Byp	3	1	1	1091.405	POINT(144.7648893150 -37.7979996614)	LINESTRING(144.7710626354 -37.7984990500,144.7685015454 -37.7982879842,144.7587158995 -37.7975002771)
2513	Western Fwy  Deer Park Byp	2	2	1	84.769	POINT(144.7724352048 -37.7986292776)	LINESTRING(144.7729146046 -37.7986687121,144.7719558049 -37.7985898431)
2514	Western Fwy  Deer Park Byp	2	2	1	140.755	POINT(144.7739164178 -37.7988315676)	LINESTRING(144.7747044983 -37.7989397593,144.7746007434 -37.7989240181,144.7744970049 -37.7989082072,144.7743932335 -37.7988925356,144.7742893796 -37.7988772121,144.7741917893 -37.7988632950,144.7740941232 -37.7988497108,144.7739964298 -37.7988362461,144.7738987576 -37.7988226878,144.7738322374 -37.7988132435,144.7737657375 -37.7988037064,144.7736992073 -37.7987943087,144.7736325962 -37.7987852825,144.7735064719 -37.7987692046,144.7733802061 -37.7987538230,144.7732538837 -37.7987387198,144.7731275896 -37.7987234775)
2515	Western Fwy  Deer Park Byp	2	2	1	34.187	POINT(144.7717513086 -37.7985718735)	LINESTRING(144.7719444942 -37.7985889127,144.7715581229 -37.7985548343)
2527		1	1	1	19.511	POINT(144.7531409346 -37.7941768015)	LINESTRING(144.7531489623 -37.7940893644,144.7531329069 -37.7942642384)
2528		1	1	1	66.627	POINT(144.7530421973 -37.7933275174)	LINESTRING(144.7529702899 -37.7936215187,144.7529815654 -37.7935728691,144.7531141444 -37.7930336814)
2529	Western Fwy  Deer Park Byp	2	2	1	103.101	POINT(144.7754250796 -37.7990531964)	LINESTRING(144.7760020497 -37.7991336447,144.7757515312 -37.7990960015,144.7754503286 -37.7990542684,144.7751488009 -37.7990138968,144.7748474357 -37.7989728445)
10000		83	1		12.904	POINT(144.7485818138 -37.7598957530)	LINESTRING(144.7486294145 -37.7599365696,144.7486259939 -37.7599349463,144.7486226210 -37.7599332492,144.7486192968 -37.7599314804,144.7486160222 -37.7599296419,144.7486127982 -37.7599277356,144.7486096258 -37.7599257635,144.7486065058 -37.7599237276,144.7486034393 -37.7599216300,144.7486004272 -37.7599194726,144.7485974704 -37.7599172574,144.7485945700 -37.7599149865,144.7485917268 -37.7599126618,144.7485889418 -37.7599102853,144.7485862160 -37.7599078589,144.7485835504 -37.7599053848,144.7485809458 -37.7599028649,144.7485784032 -37.7599003012,144.7485759237 -37.7598976957,144.7485735080 -37.7598950504,144.7485711573 -37.7598923673,144.7485688724 -37.7598896484,144.7485666543 -37.7598868956,144.7485645040 -37.7598841110,144.7485624224 -37.7598812967,144.7485604105 -37.7598784544,144.7485584691 -37.7598755864,144.7485565994 -37.7598726945,144.7485548021 -37.7598697807,144.7485530784 -37.7598668472,144.7485514291 -37.7598638958,144.7485498552 -37.7598609285,144.7485483576 -37.7598579474,144.7485469373 -37.7598549544,144.7485455953 -37.7598519516,144.7485443324 -37.7598489409,144.7485431498 -37.7598459243)
10002		1	1		21.697	POINT(144.7498787256 -37.7600008742)	LINESTRING(144.7497748456 -37.7599484181,144.7498100390 -37.7599652078,144.7498445477 -37.7599828950,144.7498787309 -37.7600010076,144.7499129477 -37.7600190734,144.7499475571 -37.7600366203,144.7499829184 -37.7600531761)
10004		3	1		19.941	POINT(144.6574716741 -37.7267229464)	LINESTRING(144.6573799928 -37.7266702415,144.6575634925 -37.7267756116)
10006		1	1		15.424	POINT(144.7394573278 -37.7585738310)	LINESTRING(144.7394620204 -37.7586431586,144.7394620489 -37.7586277712,144.7394612248 -37.7586123901,144.7394598024 -37.7585970138,144.7394580359 -37.7585816407,144.7394561793 -37.7585662695,144.7394544869 -37.7585508986,144.7394532129 -37.7585355265,144.7394526113 -37.7585201518,144.7394529365 -37.7585047729)
10012		1	1		6.223	POINT(144.7400054903 -37.7534004394)	LINESTRING(144.7400059002 -37.7533728391,144.7400054075 -37.7533790419,144.7400051940 -37.7533852544,144.7400051851 -37.7533914742,144.7400053062 -37.7533976988,144.7400054829 -37.7534039256,144.7400056404 -37.7534101523,144.7400057043 -37.7534163763,144.7400056000 -37.7534225952,144.7400052559 -37.7534287693)
10013		3	1		7.878	POINT(144.7423945551 -37.7653754831)	LINESTRING(144.7423721947 -37.7653444890,144.7424171950 -37.7654057309)
10018		1	1		7.313	POINT(144.7397865698 -37.7556287020)	LINESTRING(144.7397904324 -37.7555959390,144.7397826954 -37.7556614052)
10019		1	1		2.760	POINT(144.7398541114 -37.7550543325)	LINESTRING(144.7398561680 -37.7550420270,144.7398520534 -37.7550666303)
10021		1	1		3.691	POINT(144.7396757183 -37.7553158464)	LINESTRING(144.7396741828 -37.7553323082,144.7396772460 -37.7552992133)
10022		3	1		4.126	POINT(144.7095211474 -37.7482019519)	LINESTRING(144.7095434112 -37.7482058038,144.7094974807 -37.7481982153)
10024		3	1		3.429	POINT(144.7427501512 -37.7661858715)	LINESTRING(144.7427513401 -37.7661810391,144.7427306678 -37.7661548967)
10028		1	1		2.401	POINT(144.7394016387 -37.7598100326)	LINESTRING(144.7394008518 -37.7598207929,144.7394024220 -37.7597992454)
10034		3	1		26.562	POINT(144.6570304116 -37.7269199461)	LINESTRING(144.6571519992 -37.7269907940,144.6569087856 -37.7268491094)
10035		1	1		21.396	POINT(144.7496912411 -37.7600991756)	LINESTRING(144.7497987371 -37.7601437040,144.7497753653 -37.7601329943,144.7497515869 -37.7601228599,144.7497275110 -37.7601131458,144.7497032468 -37.7601036970,144.7496789033 -37.7600943584,144.7496545899 -37.7600849751,144.7496304157 -37.7600753920,144.7496064898 -37.7600654541,144.7495829214 -37.7600550064)
10043		1	1		0.768	POINT(144.7484541727 -37.7590717910)	LINESTRING(144.7484558088 -37.7590680118,144.7484512384 -37.7590738917)
10049		1	1		37.437	POINT(144.7404470918 -37.7565814214)	LINESTRING(144.7406404713 -37.7566521273,144.7402544407 -37.7565102007)
10050		1	1		4.577	POINT(144.7425510375 -37.7573223104)	LINESTRING(144.7425747492 -37.7573304583,144.7425694408 -37.7573286437,144.7425641241 -37.7573268444,144.7425588011 -37.7573250568,144.7425534735 -37.7573232774,144.7425481434 -37.7573215029,144.7425428126 -37.7573197295,144.7425374829 -37.7573179540,144.7425321564 -37.7573161728,144.7425268348 -37.7573143824)
10051		1	1		28.083	POINT(144.6031244695 -37.6990799903)	LINESTRING(144.6031124700 -37.6992019708,144.6031198660 -37.6991706750,144.6031290587 -37.6991355254,144.6031377079 -37.6990987926,144.6031434733 -37.6990627476,144.6031440148 -37.6990296611,144.6031369923 -37.6990018041,144.6031200655 -37.6989814473,144.6030908944 -37.6989708616)
10052		1	1		50.525	POINT(144.6032271834 -37.6989866093)	LINESTRING(144.6031714395 -37.6992093483,144.6032827399 -37.6987633482)
10056		1	1		22.828	POINT(144.6059216630 -37.6878586965)	LINESTRING(144.6060227168 -37.6878000218,144.6060052474 -37.6878028436,144.6059878163 -37.6878069843,144.6059705764 -37.6878123604,144.6059536805 -37.6878188885,144.6059372815 -37.6878264851,144.6059215322 -37.6878350668,144.6059065854 -37.6878445501,144.6058925940 -37.6878548515,144.6058797108 -37.6878658876,144.6058680886 -37.6878775748,144.6058578803 -37.6878898299,144.6058492387 -37.6879025692,144.6058423167 -37.6879157093,144.6058365262 -37.6879285730)
10057		1	1		18.560	POINT(144.6061299895 -37.6875054792)	LINESTRING(144.6060974908 -37.6874262294,144.6060982993 -37.6874370156,144.6060994015 -37.6874483458,144.6061008766 -37.6874600555,144.6061028041 -37.6874719805,144.6061052631 -37.6874839562,144.6061083329 -37.6874958185,144.6061120929 -37.6875074027,144.6061166222 -37.6875185447,144.6061220002 -37.6875290799,144.6061283061 -37.6875388441,144.6061356192 -37.6875476729,144.6061440188 -37.6875554018,144.6061535842 -37.6875618665,144.6061643947 -37.6875669026,144.6061765294 -37.6875703458)
10058		1	1		26.694	POINT(144.7402980461 -37.7537806327)	LINESTRING(144.7404185956 -37.7537206937,144.7403865688 -37.7537220525,144.7403533463 -37.7537278664,144.7403202283 -37.7537376734,144.7402885150 -37.7537510115,144.7402595067 -37.7537674186,144.7402345035 -37.7537864328,144.7402148058 -37.7538075919,144.7402017137 -37.7538304342,144.7401965274 -37.7538544974)
10059		1	1		49.257	POINT(144.7403100807 -37.7535038002)	LINESTRING(144.7402093094 -37.7533140583,144.7402065693 -37.7533617938,144.7402103777 -37.7534137322,144.7402208598 -37.7534673079,144.7402381407 -37.7535199552,144.7402623453 -37.7535691086,144.7402935988 -37.7536122023,144.7403320262 -37.7536466709,144.7403777527 -37.7536699486,144.7404309032 -37.7536794698)
10060		1	1		52.290	POINT(144.7420456089 -37.7564423120)	LINESTRING(144.7418722974 -37.7562583949,144.7418729571 -37.7562945246,144.7418851356 -37.7563278647,144.7419069234 -37.7563589319,144.7419364110 -37.7563882429,144.7419716890 -37.7564163145,144.7420108481 -37.7564436634,144.7420519787 -37.7564708064,144.7420931715 -37.7564982600,144.7421325170 -37.7565265412,144.7421681058 -37.7565561666,144.7421980285 -37.7565876529,144.7422203756 -37.7566215169)
10062		1	1		54.188	POINT(144.7415538643 -37.7562716063)	LINESTRING(144.7412725351 -37.7562228993,144.7412919892 -37.7562296329,144.7413128579 -37.7562366983,144.7413349803 -37.7562440021,144.7413581954 -37.7562514510,144.7413823423 -37.7562589513,144.7414072600 -37.7562664098,144.7414327876 -37.7562737331,144.7414587639 -37.7562808276,144.7414850281 -37.7562876000,144.7415114192 -37.7562939570,144.7415377763 -37.7562998049,144.7415639382 -37.7563050506,144.7415897442 -37.7563096004,144.7416150331 -37.7563133610,144.7416396441 -37.7563162391,144.7416634161 -37.7563181411,144.7416861882 -37.7563189737,144.7417077994 -37.7563186434,144.7417280887 -37.7563170568,144.7417468952 -37.7563141205,144.7417640579 -37.7563097411,144.7417794157 -37.7563038252,144.7417928078 -37.7562962794,144.7418040732 -37.7562870101,144.7418130509 -37.7562759241,144.7418195798 -37.7562629279,144.7418234991 -37.7562479281)
10063		1	1		27.295	POINT(144.7432940261 -37.7590062160)	LINESTRING(144.7433593258 -37.7591033783,144.7433516861 -37.7591026273,144.7433443069 -37.7591013286,144.7433371889 -37.7590995055,144.7433303330 -37.7590971813,144.7433237401 -37.7590943794,144.7433174110 -37.7590911229,144.7433113466 -37.7590874352,144.7433055478 -37.7590833397,144.7433000154 -37.7590788596,144.7432947503 -37.7590740182,144.7432897533 -37.7590688388,144.7432850253 -37.7590633447,144.7432805672 -37.7590575593,144.7432763798 -37.7590515058,144.7432724639 -37.7590452075,144.7432688206 -37.7590386878,144.7432654505 -37.7590319699,144.7432623546 -37.7590250771,144.7432595337 -37.7590180328,144.7432569887 -37.7590108602,144.7432547205 -37.7590035827,144.7432527299 -37.7589962235,144.7432510177 -37.7589888059,144.7432495849 -37.7589813533,144.7432484323 -37.7589738890,144.7432475607 -37.7589664362,144.7432469710 -37.7589590183,144.7432466642 -37.7589516585,144.7432466409 -37.7589443802,144.7432469022 -37.7589372067,144.7432474488 -37.7589301612,144.7432482816 -37.7589232671,144.7432494015 -37.7589165477,144.7432508094 -37.7589100263,144.7432525061 -37.7589037261,144.7432544924 -37.7588976706)
10064		1	1		27.198	POINT(144.7432191899 -37.7590671114)	LINESTRING(144.7433686850 -37.7591039437,144.7433601743 -37.7591033578,144.7433516920 -37.7591026335,144.7433432374 -37.7591017753,144.7433348099 -37.7591007879,144.7433264089 -37.7590996761,144.7433180337 -37.7590984446,144.7433096839 -37.7590970980,144.7433013587 -37.7590956410,144.7432930575 -37.7590940783,144.7432847799 -37.7590924147,144.7432765251 -37.7590906547,144.7432682926 -37.7590888032,144.7432600817 -37.7590868647,144.7432518918 -37.7590848440,144.7432437225 -37.7590827458,144.7432355729 -37.7590805748,144.7432274426 -37.7590783356,144.7432193309 -37.7590760330,144.7432112372 -37.7590736716,144.7432031610 -37.7590712562,144.7431951016 -37.7590687914,144.7431870583 -37.7590662820,144.7431790307 -37.7590637325,144.7431710181 -37.7590611478,144.7431630199 -37.7590585325,144.7431550355 -37.7590558912,144.7431470643 -37.7590532288,144.7431391056 -37.7590505498,144.7431311590 -37.7590478591,144.7431232237 -37.7590451611,144.7431152991 -37.7590424608,144.7431073848 -37.7590397627,144.7430994800 -37.7590370715,144.7430915842 -37.7590343920,144.7430836967 -37.7590317289,144.7430758169 -37.7590290867)
10065		1	1		18.955	POINT(144.7433509374 -37.7589880552)	LINESTRING(144.7433131676 -37.7589155461,144.7433118207 -37.7589197284,144.7433107833 -37.7589240386,144.7433100487 -37.7589284630,144.7433096099 -37.7589329880,144.7433094598 -37.7589376000,144.7433095917 -37.7589422852,144.7433099985 -37.7589470302,144.7433106733 -37.7589518211,144.7433116091 -37.7589566445,144.7433127991 -37.7589614865,144.7433142363 -37.7589663337,144.7433159137 -37.7589711723,144.7433178245 -37.7589759887,144.7433199616 -37.7589807692,144.7433223181 -37.7589855003,144.7433248872 -37.7589901683,144.7433276618 -37.7589947594,144.7433306350 -37.7589992602,144.7433337999 -37.7590036569,144.7433371495 -37.7590079360,144.7433406770 -37.7590120836,144.7433443753 -37.7590160864,144.7433482376 -37.7590199304,144.7433522568 -37.7590236022,144.7433564261 -37.7590270881,144.7433607385 -37.7590303745,144.7433651871 -37.7590334476,144.7433697649 -37.7590362939,144.7433744650 -37.7590388997,144.7433792804 -37.7590412514,144.7433842043 -37.7590433354,144.7433892297 -37.7590451379,144.7433943496 -37.7590466453,144.7433995571 -37.7590478441,144.7434048453 -37.7590487205,144.7434102072 -37.7590492610)
10066		1	1		28.325	POINT(144.7432435390 -37.7590270022)	LINESTRING(144.7430887730 -37.7590039966,144.7431135976 -37.7590117780,144.7431399092 -37.7590185913,144.7431675776 -37.7590245138,144.7431964728 -37.7590296226,144.7432264647 -37.7590339950,144.7432574232 -37.7590377080,144.7432892183 -37.7590408389,144.7433217198 -37.7590434648,144.7433547977 -37.7590456629,144.7433883219 -37.7590475103,144.7434043527 -37.7590488618)
10070		1	1		59.164	POINT(144.6285841883 -37.7067917606)	LINESTRING(144.6282758175 -37.7067138946,144.6283432773 -37.7067056799,144.6284136778 -37.7067188591,144.6284858089 -37.7067468375,144.6285584603 -37.7067830203,144.6286304217 -37.7068208130,144.6287004830 -37.7068536207,144.6287674338 -37.7068748487,144.6288300640 -37.7068779025,144.6288871634 -37.7068561872)
10077		1	1		40.879	POINT(144.6796881082 -37.7384381592)	LINESTRING(144.6798415138 -37.7385665994,144.6798382972 -37.7385297148,144.6798213023 -37.7384962152,144.6797930187 -37.7384656845,144.6797559359 -37.7384377064,144.6797125437 -37.7384118649,144.6796653315 -37.7383877438,144.6796167891 -37.7383649270,144.6795694061 -37.7383429982,144.6795256719 -37.7383215414)
10078		1	1		52.920	POINT(144.6801200359 -37.7386385952)	LINESTRING(144.6803721064 -37.7387481191,144.6803101339 -37.7387271823,144.6802421031 -37.7386937011,144.6801714057 -37.7386531684,144.6801014334 -37.7386110767,144.6800355778 -37.7385729187,144.6799772306 -37.7385441870,144.6799297835 -37.7385303744,144.6798966281 -37.7385369736,144.6798811560 -37.7385694772)
10079		1	1		21.006	POINT(144.7399656429 -37.7538818549)	LINESTRING(144.7399767245 -37.7537877258,144.7399700052 -37.7538504489,144.7399616854 -37.7539130731,144.7399545399 -37.7539757735)
10081		1	1		8.757	POINT(144.7398765253 -37.7537904648)	LINESTRING(144.7399171400 -37.7537847652,144.7399120090 -37.7537920137,144.7398999942 -37.7537954251,144.7398839390 -37.7537954689,144.7398666870 -37.7537926146,144.7398510820 -37.7537873320,144.7398399674 -37.7537800906,144.7398362589 -37.7537716861)
10082		1	1		2.557	POINT(144.7400267298 -37.7531883351)	LINESTRING(144.7400292572 -37.7531771173,144.7400242524 -37.7531997676)
10083		1	1		18.307	POINT(144.7401341942 -37.7532088600)	LINESTRING(144.7400493347 -37.7531764553,144.7400495902 -37.7531836364,144.7400524142 -37.7531892874,144.7400575395 -37.7531939371,144.7400646794 -37.7531977108,144.7400735474 -37.7532007338,144.7400838569 -37.7532031313,144.7400953211 -37.7532050285,144.7401076536 -37.7532065508,144.7401205676 -37.7532078233,144.7401337766 -37.7532089714,144.7401469940 -37.7532101201,144.7401599330 -37.7532113949,144.7401723072 -37.7532129210,144.7401838298 -37.7532148235,144.7401942143 -37.7532172278,144.7402031741 -37.7532202591,144.7402104224 -37.7532240426,144.7402156727 -37.7532287037,144.7402186384 -37.7532343674,144.7402190329 -37.7532411592)
10085		1	1		21.865	POINT(144.7398083680 -37.7538722268)	LINESTRING(144.7398007780 -37.7539705623,144.7398062326 -37.7539051771,144.7398108379 -37.7538397455,144.7398159696 -37.7537743413)
10086		1	1		12.130	POINT(144.7398776820 -37.7539580100)	LINESTRING(144.7398206205 -37.7539717655,144.7398279813 -37.7539610757,144.7398449252 -37.7539545592,144.7398674820 -37.7539520150,144.7398916813 -37.7539532417,144.7399135528 -37.7539580382,144.7399291262 -37.7539662032,144.7399344311 -37.7539775356)
10087		1	1		33.328	POINT(144.7399096290 -37.7544824569)	LINESTRING(144.7399225100 -37.7543328192,144.7399141215 -37.7544324848,144.7399059615 -37.7545321628,144.7398967239 -37.7546317770)
10088		1	1		10.677	POINT(144.7399550264 -37.7545959904)	LINESTRING(144.7400011143 -37.7545680604,144.7399752887 -37.7545819378,144.7399484189 -37.7545961197,144.7399267580 -37.7546125192,144.7399165595 -37.7546330489)
10093		3	1		19.889	POINT(144.6412780377 -37.7171632267)	LINESTRING(144.6413814944 -37.7171709154,144.6413749424 -37.7171665198,144.6413677445 -37.7171625770,144.6413599659 -37.7171590851,144.6413516717 -37.7171560419,144.6413429271 -37.7171534456,144.6413337971 -37.7171512942,144.6413243469 -37.7171495856,144.6413146417 -37.7171483180,144.6413047466 -37.7171474893,144.6412947267 -37.7171470975,144.6412846472 -37.7171471408,144.6412745731 -37.7171476170,144.6412645698 -37.7171485243,144.6412547022 -37.7171498606,144.6412450355 -37.7171516240,144.6412356350 -37.7171538125,144.6412265656 -37.7171564241,144.6412178925 -37.7171594569,144.6412096810 -37.7171629088,144.6412019961 -37.7171667778,144.6411949029 -37.7171710621,144.6411884666 -37.7171757597,144.6411827524 -37.7171808684,144.6411778253 -37.7171863864)
10095		1	1		26.127	POINT(144.6411518461 -37.7170466026)	LINESTRING(144.6411486342 -37.7171572459,144.6411544953 -37.7171492936,144.6411597289 -37.7171409108,144.6411643360 -37.7171321428,144.6411683178 -37.7171230348,144.6411716753 -37.7171136322,144.6411744095 -37.7171039803,144.6411765214 -37.7170941245,144.6411780121 -37.7170841099,144.6411788826 -37.7170739821,144.6411791340 -37.7170637861,144.6411787674 -37.7170535675,144.6411777837 -37.7170433715,144.6411761840 -37.7170332433,144.6411739693 -37.7170232284,144.6411711407 -37.7170133721,144.6411676993 -37.7170037195,144.6411636460 -37.7169943162,144.6411589819 -37.7169852073,144.6411537081 -37.7169764383,144.6411478255 -37.7169680544,144.6411413353 -37.7169601009,144.6411342385 -37.7169526231,144.6411265361 -37.7169456664,144.6411182291 -37.7169392761)
10096		3	1		34.579	POINT(144.6412774160 -37.7170318741)	LINESTRING(144.6414225888 -37.7171366565,144.6413264139 -37.7170662170,144.6412291747 -37.7169966880,144.6411314974 -37.7169275433)
10106		3	1		18.806	POINT(144.6415676781 -37.7167762739)	LINESTRING(144.6414868938 -37.7167208195,144.6415402710 -37.7167583765,144.6415946670 -37.7167947359,144.6416485897 -37.7168315213)
10107		3	1		26.482	POINT(144.7405562788 -37.7626154695)	LINESTRING(144.7404984230 -37.7625051498,144.7406150215 -37.7627246575)
10108		3	1		86.124	POINT(144.7404648798 -37.7601856977)	LINESTRING(144.7404853244 -37.7598025542,144.7404960217 -37.7598482957,144.7405031009 -37.7598945561,144.7405068751 -37.7599410863,144.7405076577 -37.7599876372,144.7404975609 -37.7601341368,144.7404754996 -37.7602800503,144.7404480450 -37.7604256707,144.7404217681 -37.7605712908)
10111		3	1		43.434	POINT(144.6481875695 -37.7217924115)	LINESTRING(144.6483743839 -37.7219199746,144.6482517678 -37.7218328050,144.6481281466 -37.7217465490,144.6479996416 -37.7216656704)
10112		3	1		44.981	POINT(144.6482379175 -37.7217498681)	LINESTRING(144.6484410881 -37.7218727680,144.6480344576 -37.7216273078)
10115		1	1		5.651	POINT(144.7008429378 -37.7468989715)	LINESTRING(144.7008317706 -37.7468744502,144.7008380519 -37.7468905495,144.7008466718 -37.7469061140,144.7008547987 -37.7469218202)
10119		1	1		18.622	POINT(144.6027895146 -37.6893686873)	LINESTRING(144.6027083549 -37.6893149222,144.6028708364 -37.6894223921)
10128		1	1		13.589	POINT(144.7399272653 -37.7549412562)	LINESTRING(144.7399906610 -37.7549129025,144.7399855785 -37.7549126588,144.7399804218 -37.7549127211,144.7399752095 -37.7549130777,144.7399699602 -37.7549137174,144.7399646925 -37.7549146286,144.7399594249 -37.7549157999,144.7399541761 -37.7549172199,144.7399489646 -37.7549188770,144.7399438090 -37.7549207598,144.7399387279 -37.7549228569,144.7399337399 -37.7549251567,144.7399288636 -37.7549276479,144.7399241176 -37.7549303190,144.7399195204 -37.7549331586,144.7399150906 -37.7549361551,144.7399108469 -37.7549392970,144.7399068078 -37.7549425731,144.7399029919 -37.7549459717,144.7398994177 -37.7549494815,144.7398961040 -37.7549530910,144.7398930692 -37.7549567887,144.7398903319 -37.7549605631,144.7398879108 -37.7549644029,144.7398858245 -37.7549682965,144.7398840914 -37.7549722325,144.7398827302 -37.7549761994,144.7398817595 -37.7549801858,144.7398811979 -37.7549841803)
10129		1	1		22.922	POINT(144.7398715387 -37.7548802527)	LINESTRING(144.7398817629 -37.7547776361,144.7398613450 -37.7549830901)
10131		1	1		15.736	POINT(144.7399386080 -37.7548364313)	LINESTRING(144.7399020273 -37.7547747273,144.7399016927 -37.7547813522,144.7399020076 -37.7547881860,144.7399029490 -37.7547951733,144.7399044941 -37.7548022586,144.7399066199 -37.7548093867,144.7399093036 -37.7548165021,144.7399125223 -37.7548235495,144.7399162532 -37.7548304733,144.7399204732 -37.7548372183,144.7399251596 -37.7548437291,144.7399302894 -37.7548499502,144.7399358397 -37.7548558262,144.7399417877 -37.7548613018,144.7399481105 -37.7548663216,144.7399547852 -37.7548708302,144.7399617888 -37.7548747722,144.7399690986 -37.7548780921,144.7399766915 -37.7548807347,144.7399845448 -37.7548826445,144.7399926356 -37.7548837661)
10133		3	1		45.308	POINT(144.6099000258 -37.6961689582)	LINESTRING(144.6101432049 -37.6962349061,144.6096554067 -37.6961036449)
10134		3	1		123.294	POINT(144.6094376135 -37.6961819924)	LINESTRING(144.6101252724 -37.6962799648,144.6092178301 -37.6961329060,144.6087459851 -37.6960844606)
10136		3	1		8.419	POINT(144.6039363238 -37.6973548895)	LINESTRING(144.6039734791 -37.6973342365,144.6038900040 -37.6973713232)
10137		3	1		62.743	POINT(144.6036688129 -37.6977591174)	LINESTRING(144.6037904806 -37.6975026402,144.6037543084 -37.6975361457,144.6037217580 -37.6975724971,144.6036929105 -37.6976109688,144.6036675008 -37.6976512750,144.6036452640 -37.6976931297,144.6036259349 -37.6977362470,144.6036092485 -37.6977803411,144.6035949397 -37.6978251262,144.6035827435 -37.6978703162,144.6035723947 -37.6979156255,144.6035636284 -37.6979607680,144.6035524705 -37.6980250333)
10138		3	1		19.786	POINT(144.6043988287 -37.6971056895)	LINESTRING(144.6044895738 -37.6970531032,144.6043090648 -37.6971593864)
10139		3	1		23.248	POINT(144.6708608002 -37.7349821412)	LINESTRING(144.6709779145 -37.7350327314,144.6707474478 -37.7349302854)
10141		1	1		21.799	POINT(144.6707590092 -37.7350526449)	LINESTRING(144.6707883585 -37.7351439357,144.6707934758 -37.7351289583,144.6707961313 -37.7351132406,144.6707964442 -37.7350970273,144.6707945338 -37.7350805626,144.6707905191 -37.7350640911,144.6707845196 -37.7350478572,144.6707766544 -37.7350321054,144.6707670427 -37.7350170801,144.6707558037 -37.7350030258,144.6707430568 -37.7349901870,144.6707289211 -37.7349788081,144.6707135158 -37.7349691335)
10144		3	1		37.196	POINT(144.6710244291 -37.7351604557)	LINESTRING(144.6712241649 -37.7351830229,144.6712110944 -37.7351785543,144.6711973800 -37.7351741309,144.6711830889 -37.7351697884,144.6711682878 -37.7351655625,144.6711530440 -37.7351614890,144.6711374243 -37.7351576036,144.6711214958 -37.7351539421,144.6711053254 -37.7351505402,144.6710889801 -37.7351474338,144.6710725270 -37.7351446585,144.6710560330 -37.7351422500,144.6710395652 -37.7351402443,144.6710231905 -37.7351386769,144.6710069759 -37.7351375836,144.6709909884 -37.7351370003,144.6709752950 -37.7351369627,144.6709599627 -37.7351375064,144.6709450586 -37.7351386673,144.6709306495 -37.7351404811,144.6709168026 -37.7351429836,144.6709035847 -37.7351462105,144.6708910630 -37.7351501976,144.6708793043 -37.7351549806,144.6708683757 -37.7351605953,144.6708583441 -37.7351670774,144.6708492767 -37.7351744627,144.6708412403 -37.7351827869,144.6708343020 -37.7351920858)
10146		3	1		27.156	POINT(144.6711095264 -37.7346749069)	LINESTRING(144.6709801515 -37.7346086665,144.6712409536 -37.7347394468)
10149		1	1		20.362	POINT(144.7412887508 -37.7564857135)	LINESTRING(144.7411812205 -37.7564517151,144.7412526553 -37.7564748030,144.7413248040 -37.7564965506,144.7413961820 -37.7565197398)
10150		1	1		12.563	POINT(144.7413532970 -37.7564700694)	LINESTRING(144.7413133355 -37.7564236903,144.7413184164 -37.7564387228,144.7413271494 -37.7564529709,144.7413389255 -37.7564662326,144.7413531357 -37.7564783054,144.7413691712 -37.7564889871,144.7413864230 -37.7564980755,144.7414042822 -37.7565053683)
10152		1	1		11.669	POINT(144.7412910491 -37.7562672540)	LINESTRING(144.7412753777 -37.7562238933,144.7412836549 -37.7562280275,144.7412895260 -37.7562335831,144.7412933402 -37.7562403563,144.7412954466 -37.7562481434,144.7412961942 -37.7562567407,144.7412959321 -37.7562659447,144.7412950095 -37.7562755515,144.7412937755 -37.7562853576,144.7412925790 -37.7562951592,144.7412917692 -37.7563047527,144.7412916953 -37.7563139343,144.7412927062 -37.7563225004)
10157		1	1		20.200	POINT(144.7397130793 -37.7548898585)	LINESTRING(144.7397058119 -37.7549807015,144.7397104181 -37.7549202711,144.7397150645 -37.7548598426,144.7397203774 -37.7547994511)
10158		1	1		12.408	POINT(144.7398228941 -37.7549728944)	LINESTRING(144.7397653969 -37.7549836573,144.7397671144 -37.7549784313,144.7397711360 -37.7549741463,144.7397771240 -37.7549707697,144.7397847407 -37.7549682690,144.7397936485 -37.7549666117,144.7398035097 -37.7549657652,144.7398139867 -37.7549656971,144.7398247416 -37.7549663748,144.7398354370 -37.7549677657,144.7398457350 -37.7549698374,144.7398552981 -37.7549725572,144.7398637885 -37.7549758927,144.7398708686 -37.7549798114,144.7398762007 -37.7549842806,144.7398794471 -37.7549892680,144.7398802702 -37.7549947409)
10159		1	1		60.144	POINT(144.7402027050 -37.7535839529)	LINESTRING(144.7402093094 -37.7533140583,144.7401993665 -37.7534217797,144.7401961776 -37.7535298269,144.7401966819 -37.7536380574,144.7401978188 -37.7537463284,144.7401965274 -37.7538544974)
10160		3	1		108.385	POINT(144.6369002786 -37.7139138338)	LINESTRING(144.6373541691 -37.7142435681,144.6370582129 -37.7140278488,144.6367635585 -37.7138110006,144.6364460615 -37.7135843451)
10162		3	1		25.852	POINT(144.6372144875 -37.7143315320)	LINESTRING(144.6373244396 -37.7142859917,144.6372974461 -37.7142750332,144.6372658269 -37.7142751363,144.6372319380 -37.7142843807,144.6371981356 -37.7143008461,144.6371667757 -37.7143226121,144.6371402144 -37.7143477585,144.6371208078 -37.7143743649,144.6371109120 -37.7144005109)
10171		3	1		17.898	POINT(144.7386709855 -37.7555959789)	LINESTRING(144.7385772465 -37.7555646654,144.7387647298 -37.7556272914)
10173		3	1		50.283	POINT(144.7157954760 -37.7493957302)	LINESTRING(144.7160746100 -37.7494464890,144.7155174808 -37.7493446774)
10179		1	1		6.003	POINT(144.6707048365 -37.7352897971)	LINESTRING(144.6706712874 -37.7352906392,144.6706796733 -37.7352933822,144.6706893958 -37.7352942546,144.6706996598 -37.7352934150,144.6707096704 -37.7352910218,144.6707186329 -37.7352872336,144.6707257523 -37.7352822090,144.6707302337 -37.7352761064)
10180		1	1		14.283	POINT(144.6707111319 -37.7353371331)	LINESTRING(144.6706928239 -37.7354009154,144.6707019122 -37.7353587130,144.6707143098 -37.7353170031,144.6707302337 -37.7352761064)
10181		1	1		13.168	POINT(144.6707194455 -37.7353107647)	LINESTRING(144.6707771707 -37.7352800053,144.6707658386 -37.7352938167,144.6707505030 -37.7353070478,144.6707323340 -37.7353186690,144.6707125018 -37.7353276506,144.6706921765 -37.7353329629,144.6706725284 -37.7353335763,144.6706547274 -37.7353284611)
10182		1	1		9.149	POINT(144.6706783382 -37.7353591477)	LINESTRING(144.6706928239 -37.7354009154,144.6706936225 -37.7353894844,144.6706921561 -37.7353776852,144.6706885355 -37.7353659549,144.6706828716 -37.7353547303,144.6706752751 -37.7353444485,144.6706658568 -37.7353355465,144.6706547274 -37.7353284611)
10183		1	1		14.573	POINT(144.6707564787 -37.7353408786)	LINESTRING(144.6707771707 -37.7352800053,144.6707574102 -37.7353204675,144.6707455512 -37.7353632772,144.6707372986 -37.7354066470)
10184		1	1		14.840	POINT(144.6707090971 -37.7353431217)	LINESTRING(144.6706712874 -37.7352906392,144.6706896120 -37.7353020045,144.6707055303 -37.7353162156,144.6707187072 -37.7353326063,144.6707288076 -37.7353505108,144.6707354963 -37.7353692631,144.6707384384 -37.7353881972,144.6707372986 -37.7354066470)
10185		3	1		41.686	POINT(144.6843000045 -37.7394739423)	LINESTRING(144.6845207422 -37.7395429777,144.6840803101 -37.7394043190)
10186		3	1		56.292	POINT(144.6841913935 -37.7395232853)	LINESTRING(144.6845006019 -37.7395874524,144.6844497459 -37.7395751717,144.6843984963 -37.7395634990,144.6843470503 -37.7395523685,144.6842954454 -37.7395416751,144.6842437194 -37.7395313142,144.6841919100 -37.7395211806,144.6841400548 -37.7395111696,144.6840881916 -37.7395011762,144.6840363580 -37.7394910955,144.6839845918 -37.7394808227,144.6839329306 -37.7394702527,144.6838814121 -37.7394592808)
10189		1	1		20.653	POINT(144.7431772247 -37.7589584680)	LINESTRING(144.7430887730 -37.7590039966,144.7430958165 -37.7590060398,144.7431029601 -37.7590073711,144.7431101827 -37.7590080230,144.7431174630 -37.7590080275,144.7431247799 -37.7590074169,144.7431321123 -37.7590062234,144.7431394390 -37.7590044792,144.7431467388 -37.7590022164,144.7431539905 -37.7589994674,144.7431611730 -37.7589962642,144.7431682652 -37.7589926392,144.7431752458 -37.7589886245,144.7431820936 -37.7589842523,144.7431887876 -37.7589795548,144.7431953065 -37.7589745642,144.7432016292 -37.7589693128,144.7432077346 -37.7589638327,144.7432136014 -37.7589581562,144.7432192084 -37.7589523154,144.7432245346 -37.7589463425,144.7432295588 -37.7589402698,144.7432342597 -37.7589341295,144.7432386162 -37.7589279537,144.7432426072 -37.7589217747,144.7432462115 -37.7589156247,144.7432494079 -37.7589095359,144.7432521753 -37.7589035404,144.7432544924 -37.7588976706)
10190		1	1		26.794	POINT(144.7432001796 -37.7589810652)	LINESTRING(144.7433131676 -37.7589155461,144.7433100368 -37.7589230728,144.7433061728 -37.7589305843,144.7433016145 -37.7589380528,144.7432964008 -37.7589454503,144.7432905706 -37.7589527489,144.7432841629 -37.7589599206,144.7432772165 -37.7589669375,144.7432697704 -37.7589737718,144.7432618634 -37.7589803954,144.7432535344 -37.7589867805,144.7432448225 -37.7589928992,144.7432357664 -37.7589987234,144.7432264051 -37.7590042253,144.7432167775 -37.7590093770,144.7432069225 -37.7590141504,144.7431968790 -37.7590185179,144.7431866859 -37.7590224512,144.7431763821 -37.7590259227,144.7431660066 -37.7590289042,144.7431555982 -37.7590313680,144.7431451959 -37.7590332861,144.7431348385 -37.7590346305,144.7431245649 -37.7590353733,144.7431144142 -37.7590354867,144.7431044251 -37.7590349426,144.7430946366 -37.7590337132,144.7430850876 -37.7590317706,144.7430758169 -37.7590290867)
10191		1	1		37.962	POINT(144.7438392954 -37.7579140099)	LINESTRING(144.7440326446 -37.7578814351,144.7440193356 -37.7578774244,144.7440053594 -37.7578739722,144.7439907920 -37.7578710766,144.7439757098 -37.7578687358,144.7439601888 -37.7578669478,144.7439443053 -37.7578657108,144.7439281355 -37.7578650230,144.7439117556 -37.7578648824,144.7438952417 -37.7578652871,144.7438786701 -37.7578662353,144.7438621170 -37.7578677251,144.7438456586 -37.7578697547,144.7438293709 -37.7578723221,144.7438133304 -37.7578754256,144.7437976131 -37.7578790631,144.7437822952 -37.7578832328,144.7437674530 -37.7578879329,144.7437531625 -37.7578931615,144.7437395002 -37.7578989167,144.7437265420 -37.7579051965,144.7437143643 -37.7579119993,144.7437030432 -37.7579193230,144.7436926549 -37.7579271658,144.7436832756 -37.7579355258,144.7436749815 -37.7579444012,144.7436678488 -37.7579537900,144.7436619537 -37.7579636904,144.7436573724 -37.7579741006)
10192		1	1		33.828	POINT(144.7435844236 -37.7578196134)	LINESTRING(144.7435900286 -37.7579648615,144.7436032785 -37.7579227891,144.7436135274 -37.7578763929,144.7436185149 -37.7578286679,144.7436159804 -37.7577826092,144.7436036635 -37.7577412116,144.7435793036 -37.7577074703,144.7435406403 -37.7576843801)
10193		1	1		47.811	POINT(144.7437990638 -37.7577532500)	LINESTRING(144.7440503515 -37.7578361238,144.7438827080 -37.7577816538,144.7437150563 -37.7577271995,144.7435488879 -37.7576700613)
10207		3	1		23.282	POINT(144.6555534748 -37.7255202886)	LINESTRING(144.6554519694 -37.7254534191,144.6555951241 -37.7255528832,144.6556559816 -37.7255864771)
10210		3	1		31.741	POINT(144.7411978037 -37.7636781855)	LINESTRING(144.7411101872 -37.7635531095,144.7411329840 -37.7635884105,144.7411562972 -37.7636235034,144.7411800847 -37.7636584012,144.7412043046 -37.7636931169,144.7412289147 -37.7637276634,144.7412538730 -37.7637620538,144.7412860588 -37.7638021594)
10211		3	1		29.678	POINT(144.7411475143 -37.7637136555)	LINESTRING(144.7410590286 -37.7636001215,144.7412356356 -37.7638274778)
10218		3	1		34.437	POINT(144.6947455248 -37.7433552439)	LINESTRING(144.6949173265 -37.7434291279,144.6945729109 -37.7432817470)
10219		3	1		33.762	POINT(144.6947716865 -37.7433070958)	LINESTRING(144.6949435868 -37.7433746539,144.6945997434 -37.7432395711)
10221		3	1		6.300	POINT(144.5985762206 -37.6950871690)	LINESTRING(144.5985404159 -37.6950857769,144.5986119662 -37.6950885651)
10227		3	1		107.070	POINT(144.6314560045 -37.7095270917)	LINESTRING(144.6309989211 -37.7092088312,144.6312043609 -37.7093523188,144.6315600606 -37.7095977030,144.6319125146 -37.7098455928)
10228		1	1		110.490	POINT(144.6315263053 -37.7094552208)	LINESTRING(144.6310933405 -37.7090953176,144.6313891892 -37.7093337460,144.6316673237 -37.7095797422,144.6319590719 -37.7098154113)
10229		3	1		17.410	POINT(144.6252650607 -37.7050877476)	LINESTRING(144.6251938906 -37.7050333232,144.6253361841 -37.7051422410)
10235		3	1		17.863	POINT(144.7272894026 -37.7520737386)	LINESTRING(144.7273828196 -37.7521054541,144.7271963057 -37.7520418166)
10242		1	1		11.259	POINT(144.5986227799 -37.6953991968)	LINESTRING(144.5986870721 -37.6954005269,144.5985590784 -37.6953978604)
10243		3	1		28.008	POINT(144.5987206834 -37.6954558205)	LINESTRING(144.5988787718 -37.6954664020,144.5985613879 -37.6954452984)
10249		1	1		17.120	POINT(144.7012426642 -37.7412024750)	LINESTRING(144.7013082745 -37.7411526316,144.7013019053 -37.7411539656,144.7012956249 -37.7411556147,144.7012894421 -37.7411575657,144.7012833655 -37.7411598053,144.7012774038 -37.7411623203,144.7012715658 -37.7411650974,144.7012658602 -37.7411681233,144.7012602957 -37.7411713848,144.7012548809 -37.7411748686,144.7012496246 -37.7411785614,144.7012445354 -37.7411824501,144.7012396222 -37.7411865213,144.7012348935 -37.7411907617,144.7012303581 -37.7411951581,144.7012260248 -37.7411996973,144.7012219021 -37.7412043660,144.7012179988 -37.7412091509,144.7012143237 -37.7412140387,144.7012108853 -37.7412190163,144.7012076925 -37.7412240703,144.7012047539 -37.7412291874,144.7012020782 -37.7412343545,144.7011996742 -37.7412395583,144.7011975505 -37.7412447854,144.7011957158 -37.7412500227,144.7011941789 -37.7412552569,144.7011929484 -37.7412604746,144.7011920331 -37.7412656627)
10250		1	1		14.310	POINT(144.7010538927 -37.7410490296)	LINESTRING(144.7010842824 -37.7411066743,144.7010847778 -37.7411009453,144.7010847578 -37.7410950227,144.7010842372 -37.7410889512,144.7010832311 -37.7410827757,144.7010817543 -37.7410765409,144.7010798219 -37.7410702918,144.7010774488 -37.7410640731,144.7010746500 -37.7410579298,144.7010714405 -37.7410519065,144.7010678352 -37.7410460482,144.7010638490 -37.7410403997,144.7010594970 -37.7410350058,144.7010547941 -37.7410299113,144.7010497553 -37.7410251612,144.7010443955 -37.7410208001,144.7010387297 -37.7410168730,144.7010327729 -37.7410134247,144.7010265400 -37.7410104999,144.7010200460 -37.7410081437,144.7010133059 -37.7410064006,144.7010063347 -37.7410053157)
10251		1	1		35.687	POINT(144.7012074311 -37.7410260024)	LINESTRING(144.7014087726 -37.7410466616,144.7013751941 -37.7410434834,144.7013416287 -37.7410402219,144.7013080747 -37.7410368874,144.7012745304 -37.7410334903,144.7012409943 -37.7410300412,144.7012074647 -37.7410265505,144.7011739401 -37.7410230285,144.7011404188 -37.7410194857,144.7011068992 -37.7410159326,144.7010733798 -37.7410123797,144.7010398588 -37.7410088372,144.7010063347 -37.7410053157)
10252		1	1		33.651	POINT(144.7012864234 -37.7410412612)	LINESTRING(144.7011435075 -37.7411127201,144.7011459756 -37.7411015260,144.7011502019 -37.7410909357,144.7011560757 -37.7410809436,144.7011634862 -37.7410715439,144.7011723225 -37.7410627311,144.7011824738 -37.7410544994,144.7011938295 -37.7410468431,144.7012062785 -37.7410397567,144.7012197103 -37.7410332343,144.7012340139 -37.7410272704,144.7012490786 -37.7410218593,144.7012647936 -37.7410169953,144.7012810480 -37.7410126728,144.7012977312 -37.7410088860,144.7013147322 -37.7410056293,144.7013319403 -37.7410028971,144.7013492446 -37.7410006836,144.7013665345 -37.7409989832,144.7013836991 -37.7409977902,144.7014006275 -37.7409970989,144.7014172091 -37.7409969038,144.7014333329 -37.7409971990,144.7014488882 -37.7409979789,144.7014637643 -37.7409992380)
10253		1	1		41.693	POINT(144.7012310136 -37.7409751250)	LINESTRING(144.7009934116 -37.7409641757,144.7010329159 -37.7409647131,144.7010724240 -37.7409655192,144.7011119296 -37.7409666011,144.7011514265 -37.7409679654,144.7011909085 -37.7409696192,144.7012303693 -37.7409715693,144.7012698027 -37.7409738225,144.7013092024 -37.7409763858,144.7013485623 -37.7409792660,144.7013878760 -37.7409824700,144.7014271374 -37.7409860047,144.7014663401 -37.7409836332)
10263		3	1		18.429	POINT(144.7087121968 -37.7481263653)	LINESTRING(144.7088159650 -37.7481336594,144.7086071991 -37.7481191145)
10267		1	1		30.538	POINT(144.7019001284 -37.7491589927)	LINESTRING(144.7019528441 -37.7490377319,144.7019635446 -37.7490735436,144.7019622375 -37.7491120900,144.7019503812 -37.7491512611,144.7019294340 -37.7491889469,144.7019008544 -37.7492230374,144.7018661008 -37.7492514227,144.7018266316 -37.7492719929)
10270		1	1		19.350	POINT(144.7018385987 -37.7491419097)	LINESTRING(144.7017842845 -37.7492102286,144.7018096622 -37.7491967296,144.7018335818 -37.7491789990,144.7018544668 -37.7491581637,144.7018707408 -37.7491353509,144.7018808274 -37.7491116875,144.7018831503 -37.7490883007,144.7018761329 -37.7490663175)
10272		1	1		96.252	POINT(144.6035954901 -37.6975929921)	LINESTRING(144.6036780817 -37.6971651365,144.6036661313 -37.6972347132,144.6036532203 -37.6973045496,144.6036396031 -37.6973743075,144.6036254696 -37.6974440079,144.6036110097 -37.6975136718,144.6035964134 -37.6975833200,144.6035818706 -37.6976529735,144.6035675713 -37.6977226533,144.6035537054 -37.6977923801,144.6035404628 -37.6978621751,144.6035280336 -37.6979320590,144.6035129584 -37.6980212436)
10274		1	1		30.525	POINT(144.6035334768 -37.6972562173)	LINESTRING(144.6036387413 -37.6971603573,144.6036368651 -37.6971695694,144.6036343076 -37.6971787150,144.6036310386 -37.6971880961,144.6036270921 -37.6971976558,144.6036225019 -37.6972073371,144.6036173021 -37.6972170830,144.6036115266 -37.6972268366,144.6036052093 -37.6972365408,144.6035983843 -37.6972461388,144.6035910855 -37.6972555735,144.6035833468 -37.6972647879,144.6035752022 -37.6972737252,144.6035666857 -37.6972823283,144.6035578312 -37.6972905402,144.6035486727 -37.6972983040,144.6035392442 -37.6973055627,144.6035295796 -37.6973122594,144.6035197129 -37.6973183370,144.6035096780 -37.6973237386,144.6034995089 -37.6973284073,144.6034892395 -37.6973322859,144.6034789039 -37.6973353177,144.6034685360 -37.6973374456,144.6034581697 -37.6973386127,144.6034478390 -37.6973387619,144.6034375779 -37.6973378363,144.6034274203 -37.6973357789,144.6034174002 -37.6973325328)
10275		3	1		32.150	POINT(144.6036117919 -37.6972588838)	LINESTRING(144.6036953383 -37.6973687545,144.6036825993 -37.6973659321,144.6036708187 -37.6973623753,144.6036596486 -37.6973578502,144.6036490848 -37.6973524166,144.6036391236 -37.6973461339,144.6036297608 -37.6973390619,144.6036209926 -37.6973312601,144.6036128150 -37.6973227881,144.6036052240 -37.6973137056,144.6035982157 -37.6973040721,144.6035917861 -37.6972939473,144.6035859313 -37.6972833907,144.6035806473 -37.6972724621,144.6035759302 -37.6972612209,144.6035717760 -37.6972497268,144.6035681807 -37.6972380395,144.6035651404 -37.6972262185,144.6035626512 -37.6972143233,144.6035607090 -37.6972024138,144.6035593099 -37.6971905494,144.6035584501 -37.6971787897,144.6035581254 -37.6971671945,144.6035583320 -37.6971558232,144.6035590658 -37.6971447355,144.6035603230 -37.6971339910,144.6035620997 -37.6971236493)
10276		1	1		7.462	POINT(144.6034326030 -37.6978490635)	LINESTRING(144.6034259175 -37.6978822972,144.6034393512 -37.6978160008)
10277		3	1		11.400	POINT(144.6030253485 -37.6970457243)	LINESTRING(144.6030708732 -37.6970822662,144.6029799920 -37.6970091094)
10278		3	1		5.383	POINT(144.6029697800 -37.6970477168)	LINESTRING(144.6029883705 -37.6970669500,144.6029496173 -37.6970294607)
10281		1	1		12.675	POINT(144.7406701431 -37.7562743549)	LINESTRING(144.7406032564 -37.7562527093,144.7406477422 -37.7562670653,144.7406922765 -37.7562813289,144.7407364945 -37.7562961776)
10282		1	1		40.401	POINT(144.7408230910 -37.7561890367)	LINESTRING(144.7406110395 -37.7562382286,144.7406314245 -37.7562432288,144.7406521453 -37.7562451286,144.7406730586 -37.7562442369,144.7406941403 -37.7562409024,144.7407153667 -37.7562354736,144.7407367137 -37.7562282992,144.7407581577 -37.7562197278,144.7407796746 -37.7562101080,144.7408012406 -37.7561997884,144.7408228319 -37.7561891176,144.7408444244 -37.7561784444,144.7408659944 -37.7561681173,144.7408875179 -37.7561584849,144.7409089711 -37.7561498958,144.7409303301 -37.7561426987,144.7409515710 -37.7561372422,144.7409726699 -37.7561338750,144.7409936030 -37.7561329456,144.7410143463 -37.7561348026,144.7410348760 -37.7561397948)
10284		3	1		32.176	POINT(144.6938138761 -37.7424511354)	LINESTRING(144.6936451547 -37.7423963416,144.6937565245 -37.7424354613,144.6938702253 -37.7424704775,144.6939838887 -37.7425055661)
10288		1	1		46.922	POINT(144.6032195466 -37.6974299389)	LINESTRING(144.6033135355 -37.6976284755,144.6033025616 -37.6975826080,144.6032887610 -37.6975370780,144.6032722515 -37.6974919949,144.6032531506 -37.6974474684,144.6032315761 -37.6974036081,144.6032076457 -37.6973605233,144.6031814771 -37.6973183238,144.6031531880 -37.6972771190,144.6031228960 -37.6972370185)
10291		3	1		7.055	POINT(144.6998199637 -37.7426916598)	LINESTRING(144.6998568774 -37.7426964330,144.6998373991 -37.7426924612,144.6998175026 -37.7426898200,144.6997973811 -37.7426882457,144.6997776901 -37.7426874815)
10292		3	1		9.772	POINT(144.6998334813 -37.7426539197)	LINESTRING(144.6998888899 -37.7426518347,144.6998518921 -37.7426526191,144.6998149141 -37.7426548311,144.6997779086 -37.7426560083)
10293		1	1		12.418	POINT(144.7007511605 -37.7435841754)	LINESTRING(144.7007595141 -37.7435290923,144.7007428603 -37.7436399800)
10294		1	1		12.354	POINT(144.7006601527 -37.7435796697)	LINESTRING(144.7006492181 -37.7436337703,144.7006509436 -37.7436246257,144.7006530607 -37.7436155026,144.7006554555 -37.7436063958,144.7006580138 -37.7435972997,144.7006606215 -37.7435882092,144.7006631645 -37.7435791190,144.7006655287 -37.7435700236,144.7006676000 -37.7435609179,144.7006692643 -37.7435517964,144.7006704074 -37.7435426538,144.7006709152 -37.7435334849,144.7006706738 -37.7435242843)
10295		1	1		12.748	POINT(144.7007011337 -37.7435813102)	LINESTRING(144.7006886935 -37.7436377908,144.7006964853 -37.7436000903,144.7007056931 -37.7435625594,144.7007135818 -37.7435248688)
10297		3	1		6.813	POINT(144.6349306084 -37.7125214564)	LINESTRING(144.6349583542 -37.7125428007,144.6349398471 -37.7125287126,144.6349216803 -37.7125141046,144.6349030789 -37.7124998599)
10299		3	1		25.129	POINT(144.6211263401 -37.7027998209)	LINESTRING(144.6212305853 -37.7027566019,144.6212138314 -37.7027485985,144.6211941540 -37.7027455011,144.6211726089 -37.7027468690,144.6211500086 -37.7027521496,144.6211271657 -37.7027607902,144.6211048930 -37.7027722384,144.6210840031 -37.7027859415,144.6210653086 -37.7028013469,144.6210496221 -37.7028179022,144.6210377563 -37.7028350546,144.6210305238 -37.7028522516,144.6210287373 -37.7028689407)
10300		1	1		71.263	POINT(144.6206600004 -37.7024185895)	LINESTRING(144.6209020742 -37.7026719895,144.6208926848 -37.7026467985,144.6208817442 -37.7026221171,144.6208693331 -37.7025979278,144.6208555324 -37.7025742129,144.6208404230 -37.7025509549,144.6208240856 -37.7025281363,144.6208066011 -37.7025057394,144.6207880504 -37.7024837468,144.6207685143 -37.7024621408,144.6207480735 -37.7024409039,144.6207268090 -37.7024200186,144.6207048016 -37.7023994672,144.6206821322 -37.7023792322,144.6206588814 -37.7023592960,144.6206351303 -37.7023396411,144.6206109596 -37.7023202499,144.6205864502 -37.7023011048,144.6205616829 -37.7022821883,144.6205367385 -37.7022634828,144.6205116979 -37.7022449708,144.6204866419 -37.7022266346,144.6204616514 -37.7022084568,144.6204368072 -37.7021904197,144.6204121900 -37.7021725058)
10301		3	1		95.767	POINT(144.6208599324 -37.7024286862)	LINESTRING(144.6212644479 -37.7027171635,144.6211965838 -37.7026693400,144.6211289911 -37.7026214399,144.6210615374 -37.7025734171,144.6209941925 -37.7025252979,144.6209269267 -37.7024771088,144.6208597101 -37.7024288762,144.6207925127 -37.7023806265,144.6207253047 -37.7023323861,144.6206580560 -37.7022841814,144.6205907369 -37.7022360388,144.6205233174 -37.7021879848,144.6204557676 -37.7021400456)
10322		3	1		15.627	POINT(144.6606709241 -37.7290651195)	LINESTRING(144.6607438037 -37.7291053547,144.6606954648 -37.7290782829,144.6606464679 -37.7290519339,144.6605981326 -37.7290248584)
10323		1	1		9.045	POINT(144.6605970167 -37.7290732198)	LINESTRING(144.6605877837 -37.7291126172,144.6605947123 -37.7291027577,144.6605998177 -37.7290913333,144.6606027651 -37.7290791086,144.6606032192 -37.7290668480,144.6606008451 -37.7290553162,144.6605953077 -37.7290452777,144.6605862303 -37.7290374727)
10324		1	1		14.997	POINT(144.6606900186 -37.7290141143)	LINESTRING(144.6607658572 -37.7289960044,144.6607496735 -37.7290087220,144.6607287649 -37.7290181555,144.6607047499 -37.7290241950,144.6606792467 -37.7290267309,144.6606538739 -37.7290256534,144.6606302500 -37.7290208529,144.6606100350 -37.7290122441)
10325		3	1		8.988	POINT(144.6606635412 -37.7291325199)	LINESTRING(144.6607118436 -37.7291453967,144.6606997707 -37.7291389159,144.6606857187 -37.7291326244,144.6606706581 -37.7291273050,144.6606555594 -37.7291237406,144.6606413929 -37.7291227140,144.6606291291 -37.7291250082,144.6606197385 -37.7291314059)
10327		1	1		19.800	POINT(144.6606926426 -37.7290635659)	LINESTRING(144.6607658572 -37.7289960044,144.6607177497 -37.7290415359,144.6606667513 -37.7290852572,144.6606197385 -37.7291314059)
10328		3	1		14.233	POINT(144.6607293297 -37.7290367357)	LINESTRING(144.6607556620 -37.7290927144,144.6607397597 -37.7290806099,144.6607266887 -37.7290651579,144.6607170130 -37.7290474927,144.6607112969 -37.7290287485,144.6607101044 -37.7290100598,144.6607139997 -37.7289925608,144.6607235470 -37.7289773858)
10329		1	1		19.202	POINT(144.6606555283 -37.7290448768)	LINESTRING(144.6605877837 -37.7291126172,144.6606318787 -37.7290668673,144.6606785120 -37.7290226074,144.6607235470 -37.7289773858)
10340		3	1		26.463	POINT(144.7422778638 -37.7657098615)	LINESTRING(144.7423673216 -37.7658054579,144.7423375697 -37.7657729914,144.7423127068 -37.7657465336,144.7422875055 -37.7657202615,144.7422622078 -37.7656940409,144.7422370559 -37.7656677376,144.7422122916 -37.7656412172,144.7421881571 -37.7656143456)
10341		3	1		24.746	POINT(144.7423479284 -37.7656810547)	LINESTRING(144.7424159078 -37.7657779735,144.7423545469 -37.7656905044,144.7422804415 -37.7655829881)
10350		1	1		11.006	POINT(144.7467909058 -37.7588510146)	LINESTRING(144.7468482100 -37.7588422950,144.7468351077 -37.7588408556,144.7468258571 -37.7588398753,144.7468164310 -37.7588401867,144.7468068548 -37.7588415545,144.7467971536 -37.7588437435,144.7467873528 -37.7588465182,144.7467774775 -37.7588496435,144.7467675530 -37.7588528840,144.7467576046 -37.7588560045,144.7467476575 -37.7588587696,144.7467377369 -37.7588609440,144.7467278681 -37.7588622925)
10356		1	1		13.170	POINT(144.7422585253 -37.7568173840)	LINESTRING(144.7421877363 -37.7567986148,144.7422346037 -37.7568120345,144.7422826480 -37.7568230572,144.7423297748 -37.7568360043)
10357		1	1		10.493	POINT(144.7423065165 -37.7567848586)	LINESTRING(144.7422841845 -37.7567401558,144.7422911696 -37.7567550279,144.7422971504 -37.7567709858,144.7423034514 -37.7567868214,144.7423113968 -37.7568013261,144.7423223107 -37.7568132918,144.7423376448 -37.7568215531)
10361		3	1		37.707	POINT(144.7282860098 -37.7521242726)	LINESTRING(144.7280921915 -37.7520515704,144.7284793431 -37.7521973198)
10363		3	1		8.559	POINT(144.6226116953 -37.7036802773)	LINESTRING(144.6226455659 -37.7037079440,144.6225777767 -37.7036526838)
10365		1	1		49.115	POINT(144.7396107051 -37.7579330990)	LINESTRING(144.7396243007 -37.7577131956,144.7396126988 -37.7578601057,144.7396033398 -37.7580071177,144.7395971820 -37.7581542198)
10366		1	1		29.913	POINT(144.7397249577 -37.7580620520)	LINESTRING(144.7398504243 -37.7579822725,144.7398056828 -37.7579886246,144.7397616549 -37.7580031578,144.7397203080 -37.7580244897,144.7396839334 -37.7580512237,144.7396548226 -37.7580819634,144.7396352671 -37.7581153124,144.7396170775 -37.7581545779)
10368		1	1		35.666	POINT(144.7396604254 -37.7579745460)	LINESTRING(144.7395176360 -37.7580669026,144.7395298135 -37.7580258673,144.7395589537 -37.7579869500,144.7396010132 -37.7579523234,144.7396519491 -37.7579241596,144.7397077181 -37.7579046308,144.7397642773 -37.7578959088,144.7398175834 -37.7579001660)
10369		1	1		24.790	POINT(144.7397438460 -37.7578169990)	LINESTRING(144.7396835811 -37.7577197623,144.7396838837 -37.7577386771,144.7396868731 -37.7577588597,144.7396924775 -37.7577792812,144.7397005811 -37.7577995159,144.7397110686 -37.7578191382,144.7397238244 -37.7578377221,144.7397387329 -37.7578548420,144.7397556786 -37.7578700721,144.7397745459 -37.7578829867,144.7397952194 -37.7578931599,144.7398175834 -37.7579001660)
10370		1	1		13.777	POINT(144.7392946775 -37.7618856239)	LINESTRING(144.7393001359 -37.7618238012,144.7392965781 -37.7618649896,144.7392929550 -37.7619061744,144.7392892120 -37.7619473524)
10371		1	1		14.467	POINT(144.7392551487 -37.7618745404)	LINESTRING(144.7392486292 -37.7619392855,144.7392531553 -37.7618958991,144.7392576131 -37.7618527779,144.7392616532 -37.7618096324)
10374		1	1		5.124	POINT(144.7394431998 -37.7594931410)	LINESTRING(144.7394409594 -37.7595157451,144.7394423286 -37.7595058942,144.7394454322 -37.7594698212)
10376		1	1		43.509	POINT(144.6528306214 -37.7286302365)	LINESTRING(144.6528875261 -37.7288219741,144.6528813745 -37.7287897751,144.6528751893 -37.7287574647,144.6528687918 -37.7287251097,144.6528620032 -37.7286927765,144.6528546447 -37.7286605318,144.6528465374 -37.7286284421,144.6528375025 -37.7285965741,144.6528273611 -37.7285649942,144.6528159346 -37.7285337690,144.6528030440 -37.7285029652,144.6527885105 -37.7284726492,144.6527721553 -37.7284428878)
10377		1	1		40.661	POINT(144.6529085260 -37.7285763301)	LINESTRING(144.6530605482 -37.7286999914,144.6530453676 -37.7287007717,144.6530306384 -37.7287002374,144.6530163504 -37.7286984550,144.6530024930 -37.7286954910,144.6529890559 -37.7286914121,144.6529760288 -37.7286862846,144.6529634013 -37.7286801752,144.6529511630 -37.7286731504,144.6529393036 -37.7286652767,144.6529278126 -37.7286566207,144.6529166797 -37.7286472489,144.6529058945 -37.7286372278,144.6528954466 -37.7286266241,144.6528853257 -37.7286155041,144.6528755214 -37.7286039345,144.6528660233 -37.7285919818,144.6528568211 -37.7285797126,144.6528479043 -37.7285671933,144.6528392626 -37.7285544906,144.6528308857 -37.7285416709,144.6528227631 -37.7285288008,144.6528148845 -37.7285159468,144.6528072395 -37.7285031755,144.6527998177 -37.7284905534,144.6527926087 -37.7284781470,144.6527856023 -37.7284660229,144.6527787879 -37.7284542477,144.6527721553 -37.7284428878)
10378		1	1		44.167	POINT(144.6529018047 -37.7286240546)	LINESTRING(144.6528310660 -37.7284349177,144.6528505596 -37.7284752732,144.6528647151 -37.7285054368,144.6528783282 -37.7285357774,144.6528913716 -37.7285662873,144.6529038180 -37.7285969585,144.6529156400 -37.7286277834,144.6529268105 -37.7286587542,144.6529373020 -37.7286898631,144.6529470872 -37.7287211024,144.6529561388 -37.7287524642,144.6529644295 -37.7287839408,144.6529719320 -37.7288155244)
10379		1	1		16.411	POINT(144.6530069799 -37.7287513499)	LINESTRING(144.6530605482 -37.7286999914,144.6530545469 -37.7287007930,144.6530486670 -37.7287020350,144.6530429187 -37.7287036950,144.6530373123 -37.7287057505,144.6530318580 -37.7287081792,144.6530265660 -37.7287109587,144.6530214466 -37.7287140666,144.6530165100 -37.7287174805,144.6530117665 -37.7287211780,144.6530072262 -37.7287251367,144.6530028995 -37.7287293342,144.6529987965 -37.7287337480,144.6529949275 -37.7287383559,144.6529913027 -37.7287431354,144.6529879324 -37.7287480641,144.6529848268 -37.7287531196,144.6529819962 -37.7287582796,144.6529794507 -37.7287635215,144.6529772006 -37.7287688231,144.6529752561 -37.7287741618,144.6529736275 -37.7287795155,144.6529723251 -37.7287848615,144.6529713590 -37.7287901776,144.6529707395 -37.7287954413,144.6529704768 -37.7288006302,144.6529705812 -37.7288057220,144.6529710628 -37.7288106942,144.6529719320 -37.7288155244)
10380		1	1		25.155	POINT(144.6529496968 -37.7285130149)	LINESTRING(144.6528690047 -37.7284254000,144.6528768763 -37.7284415366,144.6528812564 -37.7284498480,144.6528858744 -37.7284582680,144.6528907349 -37.7284667571,144.6528958428 -37.7284752760,144.6529012028 -37.7284837850,144.6529068194 -37.7284922446,144.6529126975 -37.7285006156,144.6529188418 -37.7285088582,144.6529252569 -37.7285169331,144.6529319476 -37.7285248008,144.6529389186 -37.7285324218,144.6529461745 -37.7285397566,144.6529537202 -37.7285467657,144.6529615602 -37.7285534097,144.6529696994 -37.7285596490,144.6529781423 -37.7285654443,144.6529868938 -37.7285707560,144.6529959586 -37.7285755446,144.6530053412 -37.7285797707,144.6530150465 -37.7285833947,144.6530250792 -37.7285863773,144.6530354440 -37.7285886788,144.6530461455 -37.7285902599)
10381		1	1		30.481	POINT(144.6529760950 -37.7286967459)	LINESTRING(144.6529268725 -37.7288172276,144.6529253834 -37.7288082686,144.6529242672 -37.7287987921,144.6529235300 -37.7287888651,144.6529231780 -37.7287785546,144.6529232172 -37.7287679276,144.6529236538 -37.7287570512,144.6529244938 -37.7287459922,144.6529257433 -37.7287348177,144.6529274086 -37.7287235947,144.6529294955 -37.7287123903,144.6529320104 -37.7287012714,144.6529349592 -37.7286903050,144.6529383482 -37.7286795581,144.6529421833 -37.7286690977,144.6529464707 -37.7286589909,144.6529512166 -37.7286493046,144.6529564269 -37.7286401059,144.6529621079 -37.7286314617,144.6529682656 -37.7286234390,144.6529749062 -37.7286161049,144.6529820357 -37.7286095263,144.6529896602 -37.7286037703,144.6529977859 -37.7285989038,144.6530064189 -37.7285949939,144.6530155652 -37.7285921076,144.6530252310 -37.7285903118,144.6530354224 -37.7285896736,144.6530461455 -37.7285902599)
10385		1	1		43.542	POINT(144.6058973497 -37.6876109348)	LINESTRING(144.6059635805 -37.6874227319,144.6058954021 -37.6876111422,144.6058316306 -37.6878003916)
10387		1	1		21.479	POINT(144.6056537343 -37.6874028761)	LINESTRING(144.6055393549 -37.6874149816,144.6055484400 -37.6874172161,144.6055580351 -37.6874191705,144.6055680698 -37.6874208345,144.6055784734 -37.6874221975,144.6055891754 -37.6874232492,144.6056001051 -37.6874239790,144.6056111920 -37.6874243765,144.6056223654 -37.6874244313,144.6056335547 -37.6874241329,144.6056446894 -37.6874234708,144.6056556989 -37.6874224346,144.6056665125 -37.6874210138,144.6056770597 -37.6874191980,144.6056872698 -37.6874169768,144.6056970723 -37.6874143396,144.6057063966 -37.6874112760,144.6057151721 -37.6874077755,144.6057233282 -37.6874038278,144.6057307942 -37.6873994223,144.6057374996 -37.6873945486,144.6057433738 -37.6873891963,144.6057483463 -37.6873833548,144.6057523463 -37.6873770138,144.6057553033 -37.6873701627)
10388		1	1		38.517	POINT(144.6057315639 -37.6875452674)	LINESTRING(144.6056698656 -37.6877117600,144.6056824142 -37.6876745581,144.6056957324 -37.6876375246,144.6057096169 -37.6876006148,144.6057238644 -37.6875637841,144.6057382716 -37.6875269877,144.6057526351 -37.6874901811,144.6057667516 -37.6874533194,144.6057804178 -37.6874163581,144.6057934304 -37.6873792524)
10391		1	1		30.582	POINT(144.6032251623 -37.6989003469)	LINESTRING(144.6033429808 -37.6988158266,144.6033342589 -37.6988436036,144.6033178525 -37.6988706875,144.6032949885 -37.6988962448,144.6032668937 -37.6989194422,144.6032347947 -37.6989394462,144.6031999186 -37.6989554235,144.6031634919 -37.6989665408,144.6031267416 -37.6989719646,144.6030908944 -37.6989708616)
10392		1	1		19.812	POINT(144.6032025409 -37.6988296314)	LINESTRING(144.6031248360 -37.6988840271,144.6031347039 -37.6988842692,144.6031448257 -37.6988834275,144.6031547651 -37.6988815395,144.6031644881 -37.6988786795,144.6031739609 -37.6988749220,144.6031831497 -37.6988703412,144.6031920204 -37.6988650117,144.6032005393 -37.6988590078,144.6032086724 -37.6988524039,144.6032163859 -37.6988452744,144.6032236459 -37.6988376936,144.6032304184 -37.6988297359,144.6032366697 -37.6988214758,144.6032423659 -37.6988129876,144.6032474730 -37.6988043457,144.6032519571 -37.6987956244,144.6032557845 -37.6987868983,144.6032589211 -37.6987782416,144.6032613332 -37.6987697287,144.6032629898 -37.6987614150)
10393		1	1		17.531	POINT(144.6037173719 -37.6968622692)	LINESTRING(144.6037332105 -37.6967844912,144.6037015852 -37.6969402429)
10403		3	1		18.611	POINT(144.7024461814 -37.7477040281)	LINESTRING(144.7025504836 -37.7476896112,144.7023420094 -37.7477184787)
10412		3	1		33.360	POINT(144.6475493931 -37.7208814419)	LINESTRING(144.6473990857 -37.7207899250,144.6476996408 -37.7209730297)
10413		3	1		44.496	POINT(144.6476495125 -37.7208569005)	LINESTRING(144.6474345434 -37.7207519314,144.6475754069 -37.7208244566,144.6477210294 -37.7208922703,144.6478655745 -37.7209614429)
10423		1	1		15.251	POINT(144.7010539168 -37.7419962619)	LINESTRING(144.7010620828 -37.7419287008,144.7010458365 -37.7420652405)
10432		1	1		20.914	POINT(144.6523121626 -37.7275050555)	LINESTRING(144.6523479862 -37.7274240276,144.6523411219 -37.7274267603,144.6523346860 -37.7274300225,144.6523286760 -37.7274337813,144.6523230892 -37.7274380035,144.6523179229 -37.7274426560,144.6523131746 -37.7274477060,144.6523088415 -37.7274531202,144.6523049209 -37.7274588656,144.6523014103 -37.7274649093,144.6522983070 -37.7274712182,144.6522956083 -37.7274777592,144.6522933115 -37.7274844992,144.6522914141 -37.7274914053,144.6522899133 -37.7274984444,144.6522888065 -37.7275055834,144.6522880910 -37.7275127893,144.6522877642 -37.7275200290,144.6522878234 -37.7275272696,144.6522882661 -37.7275344779,144.6522890894 -37.7275416210,144.6522902908 -37.7275486657,144.6522918675 -37.7275555790,144.6522938171 -37.7275623279,144.6522961367 -37.7275688794,144.6522988238 -37.7275752003,144.6523018756 -37.7275812577,144.6523052896 -37.7275870184,144.6523090630 -37.7275924496)
10433		1	1		45.432	POINT(144.6521831593 -37.7274140399)	LINESTRING(144.6520571974 -37.7272357105,144.6520791502 -37.7272649960,144.6521006140 -37.7272945056,144.6521216829 -37.7273241962,144.6521424511 -37.7273540247,144.6521630125 -37.7273839482,144.6521834615 -37.7274139234,144.6522038920 -37.7274439073,144.6522243983 -37.7274738568,144.6522450744 -37.7275037289,144.6522660144 -37.7275334804,144.6522873126 -37.7275630683,144.6523090630 -37.7275924496)
10434		1	1		39.309	POINT(144.6522662825 -37.7274954503)	LINESTRING(144.6522794942 -37.7276556883,144.6522463112 -37.7276022801,144.6522411999 -37.7275928074,144.6522366604 -37.7275828367,144.6522326981 -37.7275724263,144.6522293183 -37.7275616346,144.6522265263 -37.7275505196,144.6522243273 -37.7275391399,144.6522227268 -37.7275275535,144.6522217299 -37.7275158188,144.6522213420 -37.7275039941,144.6522215684 -37.7274921376,144.6522224144 -37.7274803077,144.6522238853 -37.7274685625,144.6522259864 -37.7274569604,144.6522287229 -37.7274455597,144.6522321003 -37.7274344185,144.6522361238 -37.7274235953,144.6522407987 -37.7274131483,144.6522461303 -37.7274031357,144.6522521239 -37.7273936158,144.6522587849 -37.7273846469,144.6522661184 -37.7273762873,144.6522741299 -37.7273685953,144.6522828246 -37.7273616291,144.6522922078 -37.7273554470,144.6523022848 -37.7273501073,144.6523130610 -37.7273456683,144.6523245416 -37.7273421882)
10435		1	1		26.906	POINT(144.6522073044 -37.7272853152)	LINESTRING(144.6520912824 -37.7272194557,144.6520990752 -37.7272292533,144.6521076187 -37.7272391709,144.6521168641 -37.7272491221,144.6521267629 -37.7272590206,144.6521372664 -37.7272687799,144.6521483260 -37.7272783137,144.6521598930 -37.7272875355,144.6521719187 -37.7272963590,144.6521843546 -37.7273046978,144.6521971519 -37.7273124656,144.6522102621 -37.7273195759,144.6522236364 -37.7273259423,144.6522372263 -37.7273314785,144.6522509830 -37.7273360981,144.6522648580 -37.7273397146,144.6522788027 -37.7273422418,144.6522927682 -37.7273435932,144.6523067061 -37.7273436825,144.6523205676 -37.7273424232,144.6523343042 -37.7273397289)
10436		1	1		50.676	POINT(144.6521132803 -37.7274708403)	LINESTRING(144.6522461647 -37.7276729539,144.6521976493 -37.7275978388,144.6521777170 -37.7275679793,144.6521580554 -37.7275380043,144.6521385856 -37.7275079478,144.6521192286 -37.7274778435,144.6520999054 -37.7274477252,144.6520805370 -37.7274176269,144.6520610443 -37.7273875823,144.6520413484 -37.7273576252,144.6520213703 -37.7273277894,144.6520010309 -37.7272981088,144.6519802514 -37.7272686173)
10437		1	1		39.541	POINT(144.6521595161 -37.7273553979)	LINESTRING(144.6523479862 -37.7274240276,144.6523341860 -37.7274282003,144.6523200839 -37.7274312825,144.6523057203 -37.7274333170,144.6522911359 -37.7274343463,144.6522763712 -37.7274344133,144.6522614667 -37.7274335606,144.6522464629 -37.7274318311,144.6522314004 -37.7274292674,144.6522163198 -37.7274259122,144.6522012615 -37.7274218083,144.6521862661 -37.7274169985,144.6521713742 -37.7274115253,144.6521566262 -37.7274054317,144.6521420628 -37.7273987602,144.6521277244 -37.7273915536,144.6521136517 -37.7273838547,144.6520998850 -37.7273757062,144.6520864651 -37.7273671508,144.6520734324 -37.7273582312,144.6520608274 -37.7273489901,144.6520486907 -37.7273394704,144.6520370628 -37.7273297146,144.6520259844 -37.7273197656,144.6520154958 -37.7273096661,144.6520056377 -37.7272994588,144.6519964505 -37.7272891864,144.6519879749 -37.7272788916,144.6519802514 -37.7272686173)
10441		3	1		30.614	POINT(144.6609248399 -37.7287609228)	LINESTRING(144.6607921369 -37.7286718243,144.6609248742 -37.7287608783,144.6610574868 -37.7288500662)
10442		1	1		19.063	POINT(144.6609446264 -37.7288411710)	LINESTRING(144.6608478499 -37.7288424595,144.6608683294 -37.7288285611,144.6608948327 -37.7288224296,144.6609253016 -37.7288227638,144.6609576782 -37.7288282624,144.6609899042 -37.7288376242,144.6610199215 -37.7288495478,144.6610456720 -37.7288627320)
10443		3	1		22.213	POINT(144.6608333736 -37.7287834620)	LINESTRING(144.6607568088 -37.7287098893,144.6607982207 -37.7287373223,144.6608429395 -37.7287681636,144.6608820533 -37.7287964898,144.6609012400 -37.7288292145,144.6608915874 -37.7288604145)
10446		3	1		18.224	POINT(144.6545231899 -37.7257155362)	LINESTRING(144.6546170845 -37.7257491501,144.6545234059 -37.7257140071,144.6544278647 -37.7256824076)
10447		3	1		12.382	POINT(144.6563192614 -37.7265019985)	LINESTRING(144.6563757983 -37.7265352986,144.6562630915 -37.7264685493)
10448		3	1		33.339	POINT(144.6561749850 -37.7264935866)	LINESTRING(144.6563366675 -37.7265711271,144.6560119177 -37.7264163883)
10450		3	1		32.541	POINT(144.6756905271 -37.7366442512)	LINESTRING(144.6758620669 -37.7366988270,144.6755186894 -37.7365897232)
10466		1	1		6.937	POINT(144.7009915166 -37.7472497433)	LINESTRING(144.7009830732 -37.7472177386,144.7010004552 -37.7472785834)
10467		1	1		17.610	POINT(144.6055532236 -37.6913461137)	LINESTRING(144.6056186982 -37.6914061023,144.6054885380 -37.6912856783)
10469		1	1		10.568	POINT(144.6039930427 -37.6903246247)	LINESTRING(144.6039555916 -37.6902861025,144.6040331435 -37.6903587497)
10477		1	1		12.013	POINT(144.6040959270 -37.6942693985)	LINESTRING(144.6040852370 -37.6943227885,144.6041066213 -37.6942160221)
10482		1	1		2.835	POINT(144.6047987716 -37.6916291479)	LINESTRING(144.6048049853 -37.6916197719,144.6048013197 -37.6916253775,144.6047955997 -37.6916374448,144.6047937093 -37.6916435726)
10508		1	1		60.895	POINT(144.6554869314 -37.7164998628)	LINESTRING(144.6552244750 -37.7166324983,144.6552288971 -37.7166152981,144.6552355543 -37.7165984911,144.6552442971 -37.7165822612,144.6552550067 -37.7165666263,144.6552675645 -37.7165516043,144.6552818515 -37.7165372129,144.6552977492 -37.7165234701,144.6553151387 -37.7165103936,144.6553339013 -37.7164980015,144.6553539183 -37.7164863114,144.6553750709 -37.7164753414,144.6553972403 -37.7164651091,144.6554203078 -37.7164556325,144.6554441547 -37.7164469295,144.6554686622 -37.7164390178,144.6554937115 -37.7164319154,144.6555191840 -37.7164256401,144.6555449608 -37.7164202098,144.6555709232 -37.7164156423,144.6555969526 -37.7164119554,144.6556229300 -37.7164091671,144.6556487368 -37.7164072951,144.6556742542 -37.7164063574,144.6556993635 -37.7164063718,144.6557239460 -37.7164073561,144.6557478828 -37.7164093283,144.6557710552 -37.7164123061,144.6557933445 -37.7164163074)
10509		1	1		48.681	POINT(144.6553687377 -37.7163509335)	LINESTRING(144.6555594061 -37.7164859661,144.6555415620 -37.7164827754,144.6555232902 -37.7164787355,144.6555048803 -37.7164739112,144.6554864047 -37.7164683336,144.6554679356 -37.7164620338,144.6554495455 -37.7164550428,144.6554313067 -37.7164473918,144.6554132915 -37.7164391119,144.6553955722 -37.7164302340,144.6553782212 -37.7164207894,144.6553613108 -37.7164108091,144.6553449133 -37.7164003242,144.6553291011 -37.7163893658,144.6553139466 -37.7163779650,144.6552995220 -37.7163661528,144.6552858997 -37.7163539604,144.6552731521 -37.7163414188,144.6552613514 -37.7163285592,144.6552505699 -37.7163154126,144.6552408802 -37.7163020102,144.6552323544 -37.7162883829,144.6552250649 -37.7162745619,144.6552190840 -37.7162605783,144.6552144841 -37.7162464632,144.6552113376 -37.7162322477,144.6552097167 -37.7162179628,144.6552096937 -37.7162036397,144.6552113411 -37.7161893093)
10510		1	1		48.722	POINT(144.6551490997 -37.7164025659)	LINESTRING(144.6551063041 -37.7166189575,144.6551345472 -37.7164749967,144.6551641502 -37.7163311977,144.6551918427 -37.7161859263)
10511		1	1		22.627	POINT(144.6554322742 -37.7167564095)	LINESTRING(144.6555542608 -37.7167210889,144.6555388594 -37.7167223681,144.6555228194 -37.7167241872,144.6555063455 -37.7167265652,144.6554896425 -37.7167295210,144.6554729150 -37.7167330737,144.6554563678 -37.7167372422,144.6554402056 -37.7167420455,144.6554246330 -37.7167475025,144.6554098549 -37.7167536324,144.6553960759 -37.7167604539,144.6553835007 -37.7167679863,144.6553723340 -37.7167762483,144.6553627806 -37.7167852590,144.6553550452 -37.7167950375,144.6553493325 -37.7168056026,144.6553458471 -37.7168169733)
10512		1	1		46.010	POINT(144.6554039743 -37.7164996401)	LINESTRING(144.6554594958 -37.7162971257,144.6554261266 -37.7164324020,144.6553837414 -37.7165664182,144.6553482979 -37.7167014553)
10514		1	1		3.199	POINT(144.7411465197 -37.7570338438)	LINESTRING(144.7411642682 -37.7570396254,144.7411569343 -37.7570371494,144.7411508731 -37.7570344342,144.7411461310 -37.7570309278,144.7411423101 -37.7570263156,144.7411387114 -37.7570206973)
10515		1	1		3.507	POINT(144.7430837712 -37.7576808226)	LINESTRING(144.7431042117 -37.7576781202,144.7430987640 -37.7576794403,144.7430931508 -37.7576807280,144.7430874502 -37.7576818239,144.7430817401 -37.7576825689,144.7430760985 -37.7576828035,144.7430706034 -37.7576823684,144.7430653328 -37.7576811042)
10518		1	1		7.351	POINT(144.7452211224 -37.7584052798)	LINESTRING(144.7452513557 -37.7584247303,144.7452394023 -37.7584196012,144.7452284807 -37.7584127033,144.7452189306 -37.7584043920,144.7452110920 -37.7583950226,144.7452053046 -37.7583849503,144.7452019084 -37.7583745305)
10522		1	1		4.291	POINT(144.7465811290 -37.7588680830)	LINESTRING(144.7466071708 -37.7588728111,144.7465913399 -37.7588717394,144.7465758802 -37.7588673444,144.7465608306 -37.7588620408)
10524		1	1		17.883	POINT(144.7451466163 -37.7582043686)	LINESTRING(144.7452382094 -37.7582392190,144.7451768483 -37.7582164774,144.7451163779 -37.7581921772,144.7450549647 -37.7581695334)
10525		1	1		17.328	POINT(144.7451216949 -37.7582302444)	LINESTRING(144.7451845255 -37.7582872997,144.7451749889 -37.7582638667,144.7451575108 -37.7582429022,144.7451340450 -37.7582244219,144.7451065455 -37.7582084411,144.7450769662 -37.7581949754,144.7450472609 -37.7581840402)
10528		1	1		12.335	POINT(144.7411514663 -37.7568474651)	LINESTRING(144.7412173556 -37.7568680472,144.7410872413 -37.7568266130)
10529		1	1		8.101	POINT(144.7410764585 -37.7569119664)	LINESTRING(144.7410918812 -37.7569475557,144.7410853609 -37.7569337809,144.7410804729 -37.7569187931,144.7410750321 -37.7569043100,144.7410668532 -37.7568920489,144.7410533051 -37.7568835438)
10530		1	1		12.796	POINT(144.7432796264 -37.7575732946)	LINESTRING(144.7433457523 -37.7575969257,144.7433015919 -37.7575810614,144.7432573521 -37.7575653360,144.7432129663 -37.7575498721)
10531		1	1		11.990	POINT(144.7432773610 -37.7576293406)	LINESTRING(144.7433375047 -37.7576112446,144.7433203854 -37.7576084013,144.7433032586 -37.7576111230,144.7432860772 -37.7576177834,144.7432687938 -37.7576267564,144.7432513612 -37.7576364158,144.7432337322 -37.7576451353,144.7432158594 -37.7576512887)
10545		1	1		40.883	POINT(144.7483220174 -37.7592424593)	LINESTRING(144.7483526213 -37.7594091061,144.7483392311 -37.7594018883,144.7483275337 -37.7593936594,144.7483174462 -37.7593844979,144.7483088947 -37.7593744697,144.7483018054 -37.7593636409,144.7482961045 -37.7593520776,144.7482917180 -37.7593398459,144.7482885721 -37.7593270117,144.7482865930 -37.7593136412,144.7482857068 -37.7592998004,144.7482858397 -37.7592855553,144.7482869177 -37.7592709721,144.7482888671 -37.7592561168,144.7482916140 -37.7592410555,144.7482950845 -37.7592258541,144.7482992047 -37.7592105789,144.7483039009 -37.7591952957,144.7483090991 -37.7591800708,144.7483147256 -37.7591649701,144.7483207063 -37.7591500597,144.7483269676 -37.7591354057,144.7483334355 -37.7591210741,144.7483400361 -37.7591071310,144.7483466957 -37.7590936424,144.7483533404 -37.7590806745,144.7483598962 -37.7590682933)
10546		1	1		10.949	POINT(144.7483172275 -37.7590951604)	LINESTRING(144.7482581151 -37.7591130127,144.7482861886 -37.7591134720,144.7483091484 -37.7591074381,144.7483302676 -37.7590972744,144.7483477742 -37.7590839148,144.7483598962 -37.7590682933)
10547		1	1		68.379	POINT(144.7483336170 -37.7593505404)	LINESTRING(144.7484214647 -37.7596341263,144.7484134787 -37.7596157648,144.7484039311 -37.7595978395,144.7483933116 -37.7595802575,144.7483821101 -37.7595629259,144.7483699181 -37.7595457213,144.7483567831 -37.7595289373,144.7483433409 -37.7595122883,144.7483302272 -37.7594954888,144.7483173002 -37.7594787357,144.7483042694 -37.7594620176,144.7482917959 -37.7594450674,144.7482805409 -37.7594276181,144.7482706617 -37.7594099881,144.7482617013 -37.7593920268,144.7482539695 -37.7593737359,144.7482477760 -37.7593551171,144.7482472355 -37.7593527807,144.7482468938 -37.7593504168,144.7482467006 -37.7593480387,144.7482466057 -37.7593456596,144.7482466218 -37.7593432636,144.7482467682 -37.7593408687,144.7482470027 -37.7593384765,144.7482472830 -37.7593360883,144.7482476255 -37.7593336819,144.7482480418 -37.7593312823,144.7482484917 -37.7593288858,144.7482489351 -37.7593264888,144.7482493678 -37.7593241027,144.7482498104 -37.7593217176,144.7482502538 -37.7593193327,144.7482506890 -37.7593169468,144.7482512434 -37.7593137589,144.7482517816 -37.7593105690,144.7482523313 -37.7593073806,144.7482529201 -37.7593041966,144.7482535497 -37.7593010151,144.7482542069 -37.7592978369,144.7482548983 -37.7592946634,144.7482556304 -37.7592914957,144.7482564006 -37.7592883355,144.7482572070 -37.7592851808,144.7482580561 -37.7592820332,144.7482589546 -37.7592788944,144.7482598959 -37.7592757662,144.7482608798 -37.7592726458,144.7482619192 -37.7592695369,144.7482630273 -37.7592664434,144.7482644080 -37.7592628518,144.7482658662 -37.7592592790,144.7482673927 -37.7592557238,144.7482689786 -37.7592521853,144.7482706382 -37.7592486637,144.7482723690 -37.7592451633,144.7482741429 -37.7592416759,144.7482759320 -37.7592381935,144.7482777476 -37.7592347148,144.7482795968 -37.7592312470,144.7482814521 -37.7592277811,144.7482832861 -37.7592243083,144.7482850977 -37.7592208311,144.7482869004 -37.7592173509,144.7482886844 -37.7592138648,144.7482904399 -37.7592103698,144.7482947882 -37.7592014911,144.7482990593 -37.7591925889,144.7483032924 -37.7591836751,144.7483075270 -37.7591747619,144.7483117570 -37.7591658464,144.7483159666 -37.7591569248,144.7483201821 -37.7591480050,144.7483244295 -37.7591390947,144.7483286996 -37.7591301929,144.7483329842 -37.7591212955,144.7483373094 -37.7591124104,144.7483417013 -37.7591035460,144.7483461549 -37.7590947022,144.7483506605 -37.7590858748,144.7483552353 -37.7590770698,144.7483598962 -37.7590682933)
10548		1	1		43.746	POINT(144.7483790537 -37.7594987035)	LINESTRING(144.7485934244 -37.7595983118,144.7485574552 -37.7595816610,144.7485217470 -37.7595650423,144.7484860743 -37.7595483755,144.7484504246 -37.7595316775,144.7484147857 -37.7595149650,144.7483791451 -37.7594982548,144.7483434904 -37.7594815638,144.7483078095 -37.7594649088,144.7482720897 -37.7594483065,144.7482363189 -37.7594317738,144.7482004847 -37.7594153274,144.7481645746 -37.7593989841)
10549		1	1		27.789	POINT(144.7482871251 -37.7592978006)	LINESTRING(144.7483813081 -37.7592074654,144.7483761416 -37.7592179325,144.7483686060 -37.7592309411,144.7483606246 -37.7592444482,144.7483522123 -37.7592582619,144.7483433838 -37.7592721901,144.7483341540 -37.7592860408,144.7483245375 -37.7592996220,144.7483145491 -37.7593127417,144.7483042037 -37.7593252079,144.7482935160 -37.7593368285,144.7482825008 -37.7593474116,144.7482711729 -37.7593567651,144.7482595470 -37.7593646969,144.7482476379 -37.7593710152,144.7482354604 -37.7593755278,144.7482230293 -37.7593780428,144.7482103593 -37.7593783682,144.7481974653 -37.7593763118,144.7481843789 -37.7593716895)
10550		1	1		34.387	POINT(144.7482876994 -37.7595257827)	LINESTRING(144.7484214647 -37.7596341263,144.7484153095 -37.7596199312,144.7484078382 -37.7596062417,144.7483991356 -37.7595930403,144.7483892862 -37.7595803094,144.7483783747 -37.7595680316,144.7483664858 -37.7595561892,144.7483537039 -37.7595447647,144.7483401137 -37.7595337405,144.7483257999 -37.7595230991,144.7483108470 -37.7595128229,144.7482953398 -37.7595028944,144.7482793627 -37.7594932960,144.7482630004 -37.7594840102,144.7482463376 -37.7594750193,144.7482294588 -37.7594663060,144.7482124487 -37.7594578525,144.7481953918 -37.7594496414,144.7481783729 -37.7594416550,144.7481614764 -37.7594338759,144.7481447702 -37.7594262788)
10552		1	1		45.583	POINT(144.7484252478 -37.7593337044)	LINESTRING(144.7482019563 -37.7592298934,144.7482393639 -37.7592469704,144.7482767018 -37.7592641426,144.7483139642 -37.7592814177,144.7483511694 -37.7592987707,144.7483883358 -37.7593161766,144.7484254820 -37.7593336101,144.7484626262 -37.7593510464,144.7484997869 -37.7593684602,144.7485369824 -37.7593858265,144.7485742312 -37.7594031202,144.7486115518 -37.7594203163,144.7486489624 -37.7594373896)
10553		1	1		28.408	POINT(144.7485657873 -37.7593317700)	LINESTRING(144.7484809407 -37.7592265658,144.7484809945 -37.7592451503,144.7484844903 -37.7592634918,144.7484911145 -37.7592815037,144.7485005534 -37.7592990994,144.7485124932 -37.7593161924,144.7485266202 -37.7593326958,144.7485426208 -37.7593485232,144.7485601813 -37.7593635880,144.7485789879 -37.7593778035,144.7485987269 -37.7593910830,144.7486190847 -37.7594033400,144.7486397475 -37.7594144879,144.7486604017 -37.7594244400)
10554		1	1		28.950	POINT(144.7485406495 -37.7595286151)	LINESTRING(144.7484595965 -37.7596251082,144.7484566232 -37.7596138824,144.7484557326 -37.7596017970,144.7484567841 -37.7595890382,144.7484596372 -37.7595757922,144.7484641514 -37.7595622449,144.7484701859 -37.7595485826,144.7484776003 -37.7595349913,144.7484862541 -37.7595216573,144.7484960065 -37.7595087667,144.7485067171 -37.7594965055,144.7485182453 -37.7594850600,144.7485304505 -37.7594746162,144.7485431922 -37.7594653603,144.7485563297 -37.7594574784,144.7485697225 -37.7594511566,144.7485832301 -37.7594465812,144.7485967118 -37.7594439381,144.7486100272 -37.7594434136,144.7486230355 -37.7594451938,144.7486355964 -37.7594494648)
10555		1	1		57.024	POINT(144.7395579997 -37.7560465765)	LINESTRING(144.7397238449 -37.7558494730,144.7397220342 -37.7558671185,144.7397192305 -37.7558848414,144.7397154046 -37.7559031956,144.7397105861 -37.7559220633,144.7397048046 -37.7559413272,144.7396980897 -37.7559608697,144.7396904709 -37.7559805731,144.7396819779 -37.7560003201,144.7396726402 -37.7560199929,144.7396624874 -37.7560394741,144.7396515490 -37.7560586461,144.7396398547 -37.7560773914,144.7396274340 -37.7560955924,144.7396143166 -37.7561131316,144.7396005319 -37.7561298914,144.7395861096 -37.7561457543,144.7395710793 -37.7561606028,144.7395554705 -37.7561743192,144.7395393129 -37.7561867860,144.7395226359 -37.7561978858,144.7395054692 -37.7562075009,144.7394878423 -37.7562155138,144.7394697849 -37.7562218070,144.7394513265 -37.7562262628,144.7394324967 -37.7562287639,144.7394133251 -37.7562291925,144.7393938412 -37.7562274312,144.7393796760 -37.7562260658)
10556		1	1		29.680	POINT(144.7394801150 -37.7563390695)	LINESTRING(144.7395826198 -37.7564364525,144.7395827240 -37.7564208241,144.7395798407 -37.7564055217,144.7395742122 -37.7563905947,144.7395660808 -37.7563760926,144.7395556886 -37.7563620648,144.7395432780 -37.7563485608,144.7395290912 -37.7563356300,144.7395133703 -37.7563233218,144.7394963578 -37.7563116857,144.7394782958 -37.7563007712,144.7394594265 -37.7562906277,144.7394399922 -37.7562813046,144.7394202352 -37.7562728514,144.7394003976 -37.7562653174,144.7393807218 -37.7562587523,144.7393649571 -37.7562553028)
10557		1	1		47.138	POINT(144.7396200888 -37.7563222942)	LINESTRING(144.7398660322 -37.7564049706,144.7398249759 -37.7563900708,144.7397839972 -37.7563751436,144.7397429899 -37.7563602371,144.7397019247 -37.7563454197,144.7396607717 -37.7563307596,144.7396195016 -37.7563163252,144.7395780846 -37.7563021848,144.7395364913 -37.7562884067,144.7394946920 -37.7562750592,144.7394526571 -37.7562622107,144.7394103571 -37.7562499295,144.7393723165 -37.7562406843)
10558		1	1		53.117	POINT(144.7397741499 -37.7559713740)	LINESTRING(144.7394966299 -37.7558773470,144.7395427152 -37.7558934270,144.7395888546 -37.7559093245,144.7396350720 -37.7559250805,144.7396813514 -37.7559407241,144.7397276766 -37.7559562846,144.7397740317 -37.7559717911,144.7398204006 -37.7559872728,144.7398667672 -37.7560027590,144.7399131154 -37.7560182787,144.7399594293 -37.7560338612,144.7400056927 -37.7560495357,144.7400518896 -37.7560653314)
10559		1	1		19.703	POINT(144.7399848935 -37.7559964566)	LINESTRING(144.7399163212 -37.7559290714,144.7399231450 -37.7559495724,144.7399348802 -37.7559688791,144.7399507483 -37.7559868663,144.7399699705 -37.7560034086,144.7399917682 -37.7560183806,144.7400153629 -37.7560316571,144.7400399759 -37.7560431128,144.7400648286 -37.7560526223)
10560		1	1		58.266	POINT(144.7398471904 -37.7562471827)	LINESTRING(144.7396623219 -37.7564381622,144.7396663035 -37.7564127438,144.7396729194 -37.7563858848,144.7396820207 -37.7563579680,144.7396934581 -37.7563293761,144.7397070824 -37.7563004919,144.7397227446 -37.7562716980,144.7397402954 -37.7562433773,144.7397595857 -37.7562159125,144.7397804662 -37.7561896862,144.7398027880 -37.7561650813,144.7398264017 -37.7561424805,144.7398511582 -37.7561222664,144.7398769083 -37.7561048220,144.7399035030 -37.7560905299,144.7399307930 -37.7560797728,144.7399586291 -37.7560729334,144.7399868622 -37.7560703946,144.7400153432 -37.7560725391,144.7400439550 -37.7560797607)
10561		1	1		20.675	POINT(144.7395747398 -37.7556842533)	LINESTRING(144.7395113222 -37.7557528074,144.7395339894 -37.7557463608,144.7395539241 -37.7557355957,144.7395712077 -37.7557212589,144.7395859213 -37.7557040973,144.7395981462 -37.7556848575,144.7396079637 -37.7556642865,144.7396154551 -37.7556431309,144.7396207015 -37.7556221377,144.7396237951 -37.7556019535)
10562		1	1		92.504	POINT(144.7396232183 -37.7560187285)	LINESTRING(144.7396028241 -37.7564342603,144.7396118297 -37.7563305873,144.7396175324 -37.7562267541,144.7396210255 -37.7561228136,144.7396234025 -37.7560188187,144.7396257568 -37.7559148222,144.7396291817 -37.7558108768,144.7396347707 -37.7557070354,144.7396436172 -37.7556033508)
10563		1	1		90.967	POINT(144.7397543594 -37.7559886558)	LINESTRING(144.7399001887 -37.7563481139,144.7398648504 -37.7563333631,144.7398325287 -37.7563158950,144.7398031641 -37.7562959173,144.7397766291 -37.7562736030,144.7397527960 -37.7562491254,144.7397315373 -37.7562226577,144.7397127253 -37.7561943730,144.7396962324 -37.7561644445,144.7396819311 -37.7561330454,144.7396696936 -37.7561003489,144.7396593924 -37.7560665281,144.7396509000 -37.7560317563,144.7396440885 -37.7559962066,144.7396388306 -37.7559600523,144.7396349985 -37.7559234664,144.7396324646 -37.7558866222,144.7396311014 -37.7558496928,144.7396307811 -37.7558128515,144.7396313763 -37.7557762714,144.7396327593 -37.7557401257,144.7396348025 -37.7557045876,144.7396373783 -37.7556698303,144.7396403591 -37.7556360270,144.7396436172 -37.7556033508)
10564		1	1		93.118	POINT(144.7395909271 -37.7563090464)	LINESTRING(144.7394630578 -37.7559172228,144.7395049074 -37.7559494067,144.7395340872 -37.7559908241,144.7395554280 -37.7560383049,144.7395760849 -37.7560845211,144.7395972402 -37.7561309713,144.7396142135 -37.7561785822,144.7396293280 -37.7562266986,144.7396449069 -37.7562746654,144.7396655372 -37.7563282931,144.7396871935 -37.7563818109,144.7397057442 -37.7564357729,144.7397101942 -37.7565395739,144.7397035158 -37.7566572268,144.7397072136 -37.7567136541)
10565		1	1		95.707	POINT(144.7397553642 -37.7562832472)	LINESTRING(144.7397833589 -37.7558532162,144.7397781935 -37.7559244986,144.7397731241 -37.7559961222,144.7397681717 -37.7560677510,144.7397633280 -37.7561393845,144.7397585852 -37.7562110223,144.7397539352 -37.7562826639,144.7397493698 -37.7563543090,144.7397448811 -37.7564259571,144.7397404610 -37.7564976078,144.7397361013 -37.7565692607,144.7397317942 -37.7566409153,144.7397273604 -37.7567125611)
10566		1	1		12.981	POINT(144.7397806038 -37.7566666277)	LINESTRING(144.7398289981 -37.7566290240,144.7398180231 -37.7566318001,144.7398075401 -37.7566358869,144.7397976285 -37.7566411390,144.7397883673 -37.7566474110,144.7397798359 -37.7566545577,144.7397721133 -37.7566624337,144.7397652788 -37.7566708937,144.7397594116 -37.7566797924,144.7397545909 -37.7566889843,144.7397508959 -37.7566983243,144.7397484057 -37.7567076669,144.7397466975 -37.7567177113)
10567		1	1		17.773	POINT(144.7472010540 -37.7592221030)	LINESTRING(144.7472867138 -37.7591819738,144.7472630832 -37.7591820596,144.7472400058 -37.7591867658,144.7472177809 -37.7591953367,144.7471967075 -37.7592070167,144.7471770848 -37.7592210500,144.7471592119 -37.7592366810,144.7471433878 -37.7592531539,144.7471299117 -37.7592697131)
10568		1	1		33.670	POINT(144.7472498028 -37.7589595493)	LINESTRING(144.7472106797 -37.7588234285,144.7472217466 -37.7588294139,144.7472320953 -37.7588365384,144.7472413364 -37.7588445338,144.7472495001 -37.7588533309,144.7472566166 -37.7588628605,144.7472627161 -37.7588730534,144.7472678288 -37.7588838402,144.7472719848 -37.7588951519,144.7472752144 -37.7589069190,144.7472775477 -37.7589190726,144.7472790150 -37.7589315432,144.7472796464 -37.7589442617,144.7472794722 -37.7589571588,144.7472785226 -37.7589701653,144.7472768276 -37.7589832120,144.7472744176 -37.7589962297,144.7472713228 -37.7590091490,144.7472675732 -37.7590219009,144.7472631992 -37.7590344160,144.7472582309 -37.7590466252,144.7472526985 -37.7590584591,144.7472466322 -37.7590698486,144.7472400622 -37.7590807245,144.7472330186 -37.7590910175,144.7472255318 -37.7591006584)
10569		1	1		20.301	POINT(144.7469765001 -37.7589506691)	LINESTRING(144.7470063874 -37.7590381255,144.7470099797 -37.7590125412,144.7470088551 -37.7589853918,144.7470029432 -37.7589580873,144.7469921736 -37.7589320381,144.7469764758 -37.7589086542,144.7469557793 -37.7588893458,144.7469340661 -37.7588744554)
10570		1	1		26.925	POINT(144.7472653512 -37.7589847605)	LINESTRING(144.7473958195 -37.7590479069,144.7471339374 -37.7589224782)
10628		1	1		23.992	POINT(144.7394405266 -37.7592061325)	LINESTRING(144.7394349660 -37.7593136817,144.7394425406 -37.7592102636,144.7394460712 -37.7590981879)
10630		1	1		51.173	POINT(144.7397258762 -37.7592620460)	LINESTRING(144.7394747218 -37.7593151868,144.7394769146 -37.7593013665,144.7394816378 -37.7592888059,144.7394887370 -37.7592774692,144.7394980576 -37.7592673205,144.7395094450 -37.7592583239,144.7395227445 -37.7592504437,144.7395378017 -37.7592436438,144.7395544620 -37.7592378886,144.7395725707 -37.7592331420,144.7395919733 -37.7592293682,144.7396125153 -37.7592265314,144.7396340419 -37.7592245957,144.7396563988 -37.7592235253,144.7396794313 -37.7592232842,144.7397029847 -37.7592238366,144.7397269046 -37.7592251467,144.7397510364 -37.7592271786,144.7397752254 -37.7592298964,144.7397993172 -37.7592332643,144.7398231570 -37.7592372463,144.7398465905 -37.7592418067,144.7398694629 -37.7592469096,144.7398916197 -37.7592525190,144.7399129063 -37.7592585992,144.7399331682 -37.7592651143,144.7399522507 -37.7592720284,144.7399699993 -37.7592793056,144.7399862594 -37.7592869101)
10631		1	1		10.730	POINT(144.7395275415 -37.7592637165)	LINESTRING(144.7395335391 -37.7592157224,144.7395215459 -37.7593117248)
10632		3	1		26.878	POINT(144.7007915948 -37.7424364874)	LINESTRING(144.7006545322 -37.7424793166,144.7006624768 -37.7424780695,144.7006706707 -37.7424768431,144.7006790879 -37.7424756281,144.7006877027 -37.7424744149,144.7006964891 -37.7424731944,144.7007054213 -37.7424719570,144.7007144734 -37.7424706935,144.7007236196 -37.7424693943,144.7007328340 -37.7424680502,144.7007420906 -37.7424666517,144.7007513638 -37.7424651894,144.7007606275 -37.7424636540,144.7007698559 -37.7424620361,144.7007790232 -37.7424603262,144.7007881034 -37.7424585151,144.7007970708 -37.7424565932,144.7008058995 -37.7424545514,144.7008145635 -37.7424523800,144.7008230370 -37.7424500698,144.7008312942 -37.7424476114,144.7008393092 -37.7424449953,144.7008470561 -37.7424422123,144.7008545091 -37.7424392528,144.7008616422 -37.7424361076,144.7008684297 -37.7424327672,144.7008748456 -37.7424292223,144.7008808641 -37.7424254634,144.7008864593 -37.7424214812,144.7008916054 -37.7424172663,144.7008962765 -37.7424128093,144.7009004467 -37.7424081009,144.7009040901 -37.7424031315,144.7009071809 -37.7423978919,144.7009096933 -37.7423923727,144.7009116013 -37.7423865644,144.7009128790 -37.7423804577)
10633		1	1		38.127	POINT(144.7008804090 -37.7425500182)	LINESTRING(144.7008479111 -37.7427194332,144.7008693096 -37.7426064084,144.7008925480 -37.7424935895,144.7009128790 -37.7423804577)
10634		1	1		16.037	POINT(144.7009344221 -37.7426419591)	LINESTRING(144.7009553246 -37.7425720159,144.7009419599 -37.7426188936,144.7009254573 -37.7426652885,144.7009135994 -37.7427123240)
10635		3	1		27.557	POINT(144.7008075281 -37.7426391959)	LINESTRING(144.7006818105 -37.7425798737,144.7006934811 -37.7425803940,144.7007055712 -37.7425814112,144.7007180001 -37.7425829124,144.7007306868 -37.7425848848,144.7007435506 -37.7425873155,144.7007565108 -37.7425901916,144.7007694865 -37.7425935002,144.7007823970 -37.7425972284,144.7007951613 -37.7426013633,144.7008076988 -37.7426058921,144.7008199287 -37.7426108018,144.7008317701 -37.7426160797,144.7008431423 -37.7426217127,144.7008539645 -37.7426276880,144.7008641559 -37.7426339928,144.7008736356 -37.7426406141,144.7008823229 -37.7426475390,144.7008901370 -37.7426547548,144.7008969971 -37.7426622484,144.7009028225 -37.7426700070,144.7009075322 -37.7426780177,144.7009110456 -37.7426862677,144.7009132817 -37.7426947440,144.7009141600 -37.7427034337,144.7009135994 -37.7427123240)
10636		1	1		21.342	POINT(144.7008316507 -37.7426252625)	LINESTRING(144.7009156375 -37.7425690286,144.7009114780 -37.7425822988,144.7009044666 -37.7425949153,144.7008949159 -37.7426068019,144.7008831384 -37.7426178829,144.7008694467 -37.7426280823,144.7008541533 -37.7426373244,144.7008375706 -37.7426455334,144.7008200113 -37.7426526333,144.7008017878 -37.7426585485,144.7007832126 -37.7426632030,144.7007645982 -37.7426665211,144.7007462573 -37.7426684268,144.7007285022 -37.7426688445)
10639		1	1		48.418	POINT(144.6511255945 -37.7259270218)	LINESTRING(144.6513024593 -37.7260884270,144.6512865032 -37.7260519703,144.6512656098 -37.7260170159,144.6512402900 -37.7259835913,144.6512110549 -37.7259517234,144.6511784154 -37.7259214396,144.6511428823 -37.7258927671,144.6511049667 -37.7258657332,144.6510651794 -37.7258403649,144.6510240316 -37.7258166895,144.6509820339 -37.7257947344,144.6509396976 -37.7257745265)
10640		1	1		40.358	POINT(144.6511340018 -37.7256759754)	LINESTRING(144.6512982257 -37.7255771248,144.6512984418 -37.7255884599,144.6512968896 -37.7255998379,144.6512936679 -37.7256112089,144.6512888756 -37.7256225231,144.6512826116 -37.7256337304,144.6512749745 -37.7256447811,144.6512660632 -37.7256556252,144.6512559766 -37.7256662128,144.6512448134 -37.7256764941,144.6512326725 -37.7256864191,144.6512196527 -37.7256959379,144.6512058527 -37.7257050006,144.6511913715 -37.7257135573,144.6511763078 -37.7257215582,144.6511607604 -37.7257289533,144.6511448282 -37.7257356928,144.6511286100 -37.7257417266,144.6511122045 -37.7257470050,144.6510957106 -37.7257514781,144.6510792272 -37.7257550958,144.6510628530 -37.7257578084,144.6510466868 -37.7257595660,144.6510308275 -37.7257603186,144.6510153739 -37.7257600163,144.6510004247 -37.7257586093,144.6509860789 -37.7257560476,144.6509724352 -37.7257522813,144.6509595924 -37.7257472606)
10641		3	1		76.151	POINT(144.6517132518 -37.7258789657)	LINESTRING(144.6519851311 -37.7256482273,144.6519572227 -37.7256534121,144.6519288453 -37.7256599899,144.6519001338 -37.7256678999,144.6518712232 -37.7256770812,144.6518422483 -37.7256874729,144.6518133441 -37.7256990140,144.6517846455 -37.7257116437,144.6517562873 -37.7257253010,144.6517284046 -37.7257399251,144.6517011322 -37.7257554551,144.6516746050 -37.7257718300,144.6516489580 -37.7257889889,144.6516243260 -37.7258068710,144.6516008440 -37.7258254153,144.6515786469 -37.7258445610,144.6515578696 -37.7258642471,144.6515386470 -37.7258844127,144.6515211140 -37.7259049969,144.6515054055 -37.7259259389,144.6514916565 -37.7259471777,144.6514800019 -37.7259686524,144.6514705765 -37.7259903021,144.6514635153 -37.7260120660,144.6514589533 -37.7260338830,144.6514570252 -37.7260556924,144.6514578661 -37.7260774332,144.6514616108 -37.7260990445,144.6514683943 -37.7261204653)
10642		1	1		61.961	POINT(144.6514027087 -37.7258489265)	LINESTRING(144.6513378423 -37.7255740349,144.6513429468 -37.7256202314,144.6513490112 -37.7256664074,144.6513560624 -37.7257125330,144.6513641275 -37.7257585784,144.6513732336 -37.7258045135,144.6513834076 -37.7258503087,144.6513946767 -37.7258959339,144.6514070679 -37.7259413593,144.6514206082 -37.7259865550,144.6514353247 -37.7260314912,144.6514512443 -37.7260761379,144.6514683943 -37.7261204653)
10643		3	1		29.366	POINT(144.6513494119 -37.7256505515)	LINESTRING(144.6514890833 -37.7257012057,144.6514699004 -37.7257035200,144.6514496167 -37.7257042117,144.6514285452 -37.7257033509,144.6514069991 -37.7257010077,144.6513852917 -37.7256972521,144.6513637361 -37.7256921542,144.6513426455 -37.7256857840,144.6513223330 -37.7256782116,144.6513031119 -37.7256695071,144.6512852953 -37.7256597405,144.6512691965 -37.7256489818,144.6512551285 -37.7256373011,144.6512434046 -37.7256247686,144.6512343379 -37.7256114542,144.6512282417 -37.7255974280,144.6512254290 -37.7255827600)
10644		1	1		24.800	POINT(144.6512434537 -37.7256944831)	LINESTRING(144.6512617931 -37.7258038543,144.6512576006 -37.7257838533,144.6512535012 -37.7257638284,144.6512494565 -37.7257437907,144.6512455196 -37.7257237381,144.6512417434 -37.7257036682,144.6512381810 -37.7256835789,144.6512348852 -37.7256634677,144.6512319092 -37.7256433325,144.6512293058 -37.7256231710,144.6512271281 -37.7256029810,144.6512254290 -37.7255827600)
10645		3	1		161.554	POINT(144.6524764832 -37.7214724110)	LINESTRING(144.6516217183 -37.7216542899,144.6516489260 -37.7216487694,144.6516760292 -37.7216429265,144.6517030193 -37.7216367648,144.6517298880 -37.7216302879,144.6517564640 -37.7216234617,144.6517828914 -37.7216162765,144.6518092264 -37.7216088737,144.6518355253 -37.7216013947,144.6518618049 -37.7215937831,144.6518880064 -37.7215860025,144.6519141937 -37.7215781909,144.6519404306 -37.7215704859,144.6519667212 -37.7215629513,144.6519930503 -37.7215555004,144.6520193862 -37.7215480645,144.6520456976 -37.7215405750,144.6520714089 -37.7215332055,144.6520971121 -37.7215258184,144.6521227898 -37.7215183764,144.6521484243 -37.7215108423,144.6521740077 -37.7215031095,144.6521995247 -37.7214952375,144.6522250600 -37.7214874050,144.6522506988 -37.7214797904,144.6522763482 -37.7214723519,144.6523020457 -37.7214650111,144.6523278623 -37.7214579516,144.6523538695 -37.7214513575,144.6523800053 -37.7214452518,144.6524062881 -37.7214395374,144.6524327154 -37.7214342640,144.6524592848 -37.7214294815,144.6524733051 -37.7214272606,144.6524873925 -37.7214253081,144.6525015277 -37.7214235727,144.6525156912 -37.7214220029,144.6525299063 -37.7214205962,144.6525441510 -37.7214193787,144.6525584184 -37.7214183345,144.6525727011 -37.7214174476,144.6525870088 -37.7214167226,144.6526013299 -37.7214161657,144.6526156597 -37.7214157617,144.6526299935 -37.7214154953,144.6526443141 -37.7214152663,144.6526586414 -37.7214151147,144.6526729582 -37.7214152359,144.6526872474 -37.7214158259,144.6527104990 -37.7214176608,144.6527336605 -37.7214201877,144.6527567170 -37.7214232951,144.6527796535 -37.7214268716,144.6528028400 -37.7214312901,144.6528258098 -37.7214364255,144.6528487520 -37.7214416601,144.6528718558 -37.7214463764,144.6528945381 -37.7214507074,144.6529172753 -37.7214549557,144.6529401512 -37.7214584475,144.6529632498 -37.7214605092,144.6529858563 -37.7214610979,144.6530085218 -37.7214605696,144.6530310466 -37.7214587435,144.6530532309 -37.7214554393,144.6530729925 -37.7214508995,144.6530922368 -37.7214449992,144.6531109887 -37.7214380830,144.6531292728 -37.7214304957,144.6531473537 -37.7214220818,144.6531648266 -37.7214128596,144.6531817438 -37.7214029878,144.6531981573 -37.7213926251,144.6532142139 -37.7213816212,144.6532296613 -37.7213700654,144.6532445775 -37.7213580695,144.6532590404 -37.7213457450,144.6532728030 -37.7213332434,144.6532860261 -37.7213203731,144.6532988266 -37.7213072301,144.6533200607 -37.7212845933)
10646		1	1		49.615	POINT(144.6531548249 -37.7214656423)	LINESTRING(144.6529893540 -37.7216461868,144.6533200607 -37.7212845933)
10649		1	1		64.123	POINT(144.6532504541 -37.7218119773)	LINESTRING(144.6530205003 -37.7216657877,144.6530320925 -37.7216557718,144.6530445698 -37.7216477926,144.6530578594 -37.7216417703,144.6530718884 -37.7216376250,144.6530865841 -37.7216352769,144.6531018735 -37.7216346463,144.6531176838 -37.7216356534,144.6531339422 -37.7216382182,144.6531505757 -37.7216422611,144.6531675116 -37.7216477022,144.6531846770 -37.7216544617,144.6532019991 -37.7216624598,144.6532194049 -37.7216716167,144.6532368217 -37.7216818525,144.6532541765 -37.7216930876,144.6532713966 -37.7217052420,144.6532884091 -37.7217182361,144.6533051411 -37.7217319898,144.6533215198 -37.7217464235,144.6533374723 -37.7217614574,144.6533529258 -37.7217770116,144.6533678075 -37.7217930064,144.6533820444 -37.7218093619,144.6533955637 -37.7218259983,144.6534082926 -37.7218428358,144.6534201582 -37.7218597946,144.6534310876 -37.7218767950,144.6534410081 -37.7218937570,144.6534498468 -37.7219106009,144.6534575307 -37.7219272470,144.6534639872 -37.7219436153,144.6534691432 -37.7219596260,144.6534729260 -37.7219751995,144.6534752627 -37.7219902558,144.6534760804 -37.7220047152)
10650		1	1		32.502	POINT(144.6530824620 -37.7216680346)	LINESTRING(144.6531995786 -37.7215549720,144.6529651056 -37.7217809743)
10651		3	1		155.319	POINT(144.6523534371 -37.7216361176)	LINESTRING(144.6516313182 -37.7216848430,144.6516529087 -37.7216807957,144.6516745858 -37.7216770405,144.6516963125 -37.7216734580,144.6517180518 -37.7216699288,144.6517397456 -37.7216664793,144.6517614690 -37.7216631472,144.6517832038 -37.7216598596,144.6518049313 -37.7216565435,144.6518266571 -37.7216532233,144.6518483880 -37.7216499231,144.6518701055 -37.7216465704,144.6518917911 -37.7216430928,144.6519134514 -37.7216395361,144.6519350965 -37.7216359168,144.6519566904 -37.7216321213,144.6519781972 -37.7216280359,144.6520140114 -37.7216206243,144.6520496730 -37.7216127547,144.6520852155 -37.7216045455,144.6521206725 -37.7215961151,144.6521560688 -37.7215872955,144.6521913178 -37.7215781048,144.6522265522 -37.7215688765,144.6522619049 -37.7215599442,144.6522972305 -37.7215512198,144.6523325898 -37.7215425666,144.6523680938 -37.7215343259,144.6524038535 -37.7215268389,144.6524397471 -37.7215201643,144.6524758282 -37.7215141170,144.6525120781 -37.7215087496,144.6525484779 -37.7215041146,144.6525651138 -37.7215023823,144.6525818073 -37.7215010036,144.6525985374 -37.7214999010,144.6526152830 -37.7214989968,144.6526320820 -37.7214982714,144.6526488964 -37.7214977680,144.6526657190 -37.7214974964,144.6526825424 -37.7214974666,144.6526993551 -37.7214976741,144.6527161633 -37.7214981159,144.6527329578 -37.7214988038,144.6527497292 -37.7214997495,144.6527664099 -37.7215010611,144.6527830490 -37.7215026985,144.6527996750 -37.7215044416,144.6528163165 -37.7215060706,144.6528323486 -37.7215074622,144.6528483890 -37.7215087941,144.6528644292 -37.7215101274,144.6528804606 -37.7215115228,144.6528971395 -37.7215128269,144.6529138441 -37.7215140283,144.6529304779 -37.7215155656,144.6529469444 -37.7215178777,144.6529620995 -37.7215205142,144.6529771959 -37.7215235398,144.6529918273 -37.7215274863,144.6530055872 -37.7215328855,144.6530174903 -37.7215392145,144.6530285588 -37.7215465714,144.6530382966 -37.7215549379,144.6530462080 -37.7215642959,144.6530531338 -37.7215768361,144.6530575459 -37.7215902110,144.6530598442 -37.7216040075,144.6530604287 -37.7216178122,144.6530589500 -37.7216324385,144.6530552640 -37.7216468994,144.6530500475 -37.7216611447,144.6530439770 -37.7216751242,144.6530365383 -37.7216896583,144.6530278689 -37.7217037888,144.6530183506 -37.7217176039,144.6530083652 -37.7217311917,144.6529983086 -37.7217440296,144.6529876585 -37.7217565742,144.6529765468 -37.7217688732,144.6529651056 -37.7217809743)
10655		3	1		130.992	POINT(144.6040740059 -37.6929200152)	LINESTRING(144.6037425990 -37.6934235999,144.6037688746 -37.6934062728,144.6037943122 -37.6933885822,144.6038192957 -37.6933704743,144.6038439456 -37.6933520640,144.6038683826 -37.6933334658,144.6038927273 -37.6933147944,144.6039171002 -37.6932961647,144.6039334286 -37.6932838127,144.6039497866 -37.6932714735,144.6039660843 -37.6932590829,144.6039822320 -37.6932465766,144.6039981397 -37.6932338906,144.6040137178 -37.6932209606,144.6040288764 -37.6932077225,144.6040468762 -37.6931912932,144.6040645525 -37.6931746276,144.6040818588 -37.6931577141,144.6040987483 -37.6931405411,144.6041151745 -37.6931230970,144.6041310910 -37.6931053702,144.6041464510 -37.6930873491,144.6041602815 -37.6930705167,144.6041738654 -37.6930535119,144.6041870278 -37.6930362927,144.6041995941 -37.6930188169,144.6042113895 -37.6930010423,144.6042222394 -37.6929829269,144.6042319689 -37.6929644286,144.6042656558 -37.6928873143,144.6042934560 -37.6928087514,144.6043169255 -37.6927291259,144.6043376201 -37.6926488237,144.6043570958 -37.6925682305,144.6043769083 -37.6924877322,144.6043986137 -37.6924077148)
10656		1	1		111.509	POINT(144.6043358329 -37.6929090757)	LINESTRING(144.6042345543 -37.6934048939,144.6042899490 -37.6930731769,144.6043546191 -37.6927425752,144.6044374007 -37.6924147801)
10657		3	1		63.086	POINT(144.6040583592 -37.6933782042)	LINESTRING(144.6037735111 -37.6934443234,144.6037974715 -37.6934287111,144.6038211178 -37.6934130748,144.6038449523 -37.6933975974,144.6038692137 -37.6933826299,144.6038941408 -37.6933685235,144.6039199724 -37.6933556293,144.6039469475 -37.6933442987,144.6039653418 -37.6933377230,144.6039842007 -37.6933317732,144.6040034501 -37.6933265689,144.6040230156 -37.6933222299,144.6040428232 -37.6933188759,144.6040627986 -37.6933166265,144.6040828675 -37.6933156016,144.6041065862 -37.6933161186,144.6041301638 -37.6933183361,144.6041535914 -37.6933219295,144.6041768600 -37.6933265742,144.6041999610 -37.6933319456,144.6042228854 -37.6933377192,144.6042456243 -37.6933435702,144.6042578987 -37.6933463151,144.6042707070 -37.6933487744,144.6042835563 -37.6933513561,144.6042959534 -37.6933544686,144.6043074051 -37.6933585199,144.6043174183 -37.6933639183,144.6043254999 -37.6933710721,144.6043318364 -37.6933811369,144.6043350643 -37.6933920960,144.6043358542 -37.6934036981,144.6043348766 -37.6934156916,144.6043328020 -37.6934278253,144.6043303010 -37.6934398477,144.6043280324 -37.6934515790)
10658		1	1		32.238	POINT(144.6043709431 -37.6933093314)	LINESTRING(144.6043941727 -37.6931658223,144.6043477719 -37.6934535792)
10678		1	1		9.640	POINT(144.6046255600 -37.6917000547)	LINESTRING(144.6046126198 -37.6917422639,144.6046385815 -37.6916579819)
10699		3	1		36.495	POINT(144.6051024238 -37.6967470781)	LINESTRING(144.6052757978 -37.6966567073,144.6049299939 -37.6968382784)
10703	Ferris Rd	1	1		43.664	POINT(144.6033533967 -37.6990145255)	LINESTRING(144.6034022069 -37.6988217798,144.6033044829 -37.6992069742)
10704	Ferris Rd	1	1		5.072	POINT(144.6034704402 -37.6984124401)	LINESTRING(144.6034764985 -37.6983900910,144.6034643538 -37.6984347008)
10705	Zone connector	1	1		5.221	POINT(144.6030290382 -37.6998989741)	LINESTRING(144.6030200608 -37.6999214397,144.6030380826 -37.6998766772)
10706		1	1		38.883	POINT(144.6024815167 -37.6987469884)	LINESTRING(144.6023188071 -37.6986356222,144.6023358922 -37.6986570716,144.6023529758 -37.6986776965,144.6023712896 -37.6986975588,144.6023915671 -37.6987161067,144.6024249991 -37.6987413105,144.6024608761 -37.6987644520,144.6024985402 -37.6987858529,144.6025373338 -37.6988058347,144.6025653595 -37.6988193270,144.6025941420 -37.6988319026,144.6026238427 -37.6988428570,144.6026553048 -37.6988515339)
10707		1	1		38.530	POINT(144.6032126200 -37.6990533118)	LINESTRING(144.6031198476 -37.6989152711,144.6031442190 -37.6989192403,144.6031662841 -37.6989266420,144.6031864624 -37.6989371740,144.6032047709 -37.6989504973,144.6032212264 -37.6989662729,144.6032358460 -37.6989841617,144.6032486466 -37.6990038247,144.6032596451 -37.6990249229,144.6032688584 -37.6990471172,144.6032763036 -37.6990700687,144.6032819976 -37.6990934381,144.6032859573 -37.6991168867,144.6032881998 -37.6991400752,144.6032887418 -37.6991626647,144.6032876004 -37.6991843161,144.6032847926 -37.6992046904)
10708		1	1		7.833	POINT(144.6033226518 -37.6988003990)	LINESTRING(144.6033429808 -37.6988158266,144.6033414558 -37.6988193640,144.6033386555 -37.6988203251,144.6033348617 -37.6988190605,144.6033303559 -37.6988159205,144.6033254199 -37.6988112558,144.6033203352 -37.6988054170,144.6033153836 -37.6987987544,144.6033108466 -37.6987916188,144.6033070059 -37.6987843605,144.6033041432 -37.6987773302,144.6033025401 -37.6987708783,144.6033024901 -37.6987652813)
10712		3	1		27.309	POINT(144.6092017949 -37.6956552512)	LINESTRING(144.6090521888 -37.6956227488,144.6093517104 -37.6956876463)
10713		1	1		3.989	POINT(144.6115347377 -37.6963429965)	LINESTRING(144.6115142643 -37.6963356853,144.6115559603 -37.6963498284)
10714	Melton Hwy	1	1		6.065	POINT(144.6044860672 -37.6926919587)	LINESTRING(144.6044922007 -37.6926653337,144.6044801075 -37.6927190661)
10715	Western Hwy	3	1		13.326	POINT(144.6336531328 -37.7111009163)	LINESTRING(144.6335962206 -37.7110612456,144.6337096448 -37.7111407533)
10717		1	1		11.882	POINT(144.6252837458 -37.7050316862)	LINESTRING(144.6252323255 -37.7049971412,144.6253359981 -37.7050656956)
10718		1	1		18.190	POINT(144.6279875700 -37.7067756890)	LINESTRING(144.6278897933 -37.7067620980,144.6279351336 -37.7067798917,144.6279864547 -37.7067871740,144.6280392276 -37.7067849673,144.6280886289 -37.7067741442)
10725		3	1		109.394	POINT(144.6367309799 -37.7140164029)	LINESTRING(144.6370463087 -37.7144228773,144.6370487264 -37.7143795974,144.6370443757 -37.7143220485,144.6370314892 -37.7142652580,144.6370108049 -37.7142093018,144.6369830607 -37.7141542558,144.6369489945 -37.7141001959,144.6369093444 -37.7140471980,144.6368648482 -37.7139953380,144.6368162438 -37.7139446919,144.6367642693 -37.7138953356,144.6367096625 -37.7138473450,144.6366531614 -37.7138007959,144.6365955040 -37.7137557643,144.6365374281 -37.7137123262,144.6364796717 -37.7136705573,144.6364064951 -37.7136197129)
10727	Leakes Rd	1	1		20.215	POINT(144.6517130684 -37.7267066491)	LINESTRING(144.6516730724 -37.7266207658,144.6517534558 -37.7267911108)
10728		1	1		17.665	POINT(144.6518738407 -37.7256513919)	LINESTRING(144.6519720137 -37.7256342824,144.6517758616 -37.7256685658)
10729		3	1		19.572	POINT(144.6524081031 -37.7255674803)	LINESTRING(144.6525183907 -37.7255535503,144.6522986402 -37.7255814629)
10731	Leakes Rd	1	1		13.092	POINT(144.6526249484 -37.7280213955)	LINESTRING(144.6525923215 -37.7279690928,144.6526568588 -37.7280752100)
10732	Leakes Rd	1	1		8.248	POINT(144.6529327381 -37.7290462296)	LINESTRING(144.6529415656 -37.7290828385,144.6529237869 -37.7290100012)
10733	Leakes Rd	1	1		6.247	POINT(144.6538080007 -37.7208961906)	LINESTRING(144.6538295109 -37.7208738462,144.6537858971 -37.7209182011)
10734		3	1		87.304	POINT(144.6535211944 -37.7216120892)	LINESTRING(144.6535574795 -37.7212278986,144.6535317746 -37.7212688342,144.6535191872 -37.7213030534,144.6535110756 -37.7213386849,144.6535042385 -37.7213742209,144.6534949546 -37.7214324307,144.6534901337 -37.7214910575,144.6534882245 -37.7215498782,144.6534876758 -37.7216086698,144.6534897217 -37.7217021336,144.6534955354 -37.7217955368,144.6535027880 -37.7218889181,144.6535158818 -37.7220046553)
10735		1	1		11.514	POINT(144.6534842994 -37.7212502662)	LINESTRING(144.6535249948 -37.7212097075,144.6534434354 -37.7212907355)
10736	Leakes Rd	1	1		3.905	POINT(144.6547700425 -37.7183783144)	LINESTRING(144.6547638049 -37.7183951767,144.6547762854 -37.7183614670)
10737	Leakes Rd	1	1		10.119	POINT(144.6547280214 -37.7185923106)	LINESTRING(144.6547188754 -37.7186373394,144.6547372305 -37.7185474803)
10739	Leakes Rd	1	1		10.041	POINT(144.6557707431 -37.7143425168)	LINESTRING(144.6557762832 -37.7142962247,144.6557648679 -37.7143860999)
10741		1	1		14.570	POINT(144.6550969874 -37.7180119626)	LINESTRING(144.6551048782 -37.7179463188,144.6550890463 -37.7180767857)
10742	Taylors Rd	1	1		3.316	POINT(144.6559892308 -37.7165988277)	LINESTRING(144.6560045733 -37.7166014074,144.6559673424 -37.7165966703)
10743		1	1		8.243	POINT(144.6559238151 -37.7167026769)	LINESTRING(144.6559667731 -37.7167074836,144.6559577101 -37.7167056709,144.6559485631 -37.7167040277,144.6559393462 -37.7167025746,144.6559300733 -37.7167013322,144.6559207586 -37.7167003211,144.6559114162 -37.7166995618,144.6559020602 -37.7166990752,144.6558927045 -37.7166988816,144.6558833633 -37.7166990019,144.6558740506 -37.7166994565)
10744		1	1		36.584	POINT(144.6554641663 -37.7158420273)	LINESTRING(144.6554787024 -37.7156768569,144.6554495383 -37.7160051433)
10745		1	1		16.522	POINT(144.6557376565 -37.7163380054)	LINESTRING(144.6556854327 -37.7162787658,144.6556886259 -37.7162880190,144.6556926520 -37.7162972775,144.6556974735 -37.7163064705,144.6557030528 -37.7163155273,144.6557093523 -37.7163243770,144.6557163345 -37.7163329488,144.6557239617 -37.7163411719,144.6557321966 -37.7163489755,144.6557410014 -37.7163562888,144.6557503387 -37.7163630409,144.6557601709 -37.7163691610,144.6557704603 -37.7163745783,144.6557811696 -37.7163792220,144.6557922610 -37.7163830214,144.6558036970 -37.7163859054)
10746	Western Hwy	3	1		7.393	POINT(144.6712080479 -37.7351255275)	LINESTRING(144.6712469629 -37.7351393669,144.6711708110 -37.7351111918)
10747	Western Hwy	3	1		15.740	POINT(144.6725369215 -37.7355903510)	LINESTRING(144.6726205501 -37.7356163291,144.6724541218 -37.7355642416)
10766		1	1		22.232	POINT(144.7003339212 -37.7425299021)	LINESTRING(144.7002085471 -37.7425482815,144.7004569778 -37.7425111983)
10767		1	1		21.645	POINT(144.7003343720 -37.7425772122)	LINESTRING(144.7002112499 -37.7425798050,144.7004573085 -37.7425746214)
10768		1	1		17.838	POINT(144.7006068187 -37.7441630257)	LINESTRING(144.7005976548 -37.7442433611,144.7006160767 -37.7440836164)
10770		1	1		12.102	POINT(144.7009810336 -37.7418966168)	LINESTRING(144.7009783733 -37.7419507867,144.7009836839 -37.7418420374)
10771		1	1		6.102	POINT(144.7010175608 -37.7417459912)	LINESTRING(144.7010118657 -37.7417731579,144.7010233116 -37.7417190413)
10772	Neales Rd W	1	1		22.453	POINT(144.7028099283 -37.7411556511)	LINESTRING(144.7026836164 -37.7411410243,144.7029362533 -37.7411702752)
10773	Neales Rd W	1	1		1.990	POINT(144.7018740814 -37.7410908654)	LINESTRING(144.7018850563 -37.7410927433,144.7018629189 -37.7410890257)
10774	Neales Rd W	1	1		14.049	POINT(144.7025916573 -37.7411683253)	LINESTRING(144.7026709907 -37.7411756998,144.7025123203 -37.7411609510)
10777		1	1		9.398	POINT(144.7188234421 -37.7495858656)	LINESTRING(144.7187717820 -37.7495748730,144.7188749509 -37.7495969161)
10778		3	1		77.364	POINT(144.7197820622 -37.7497548406)	LINESTRING(144.7193546348 -37.7496733091,144.7202099278 -37.7498362567)
10781		3	1		27.404	POINT(144.7272973015 -37.7521700806)	LINESTRING(144.7274362418 -37.7522257766,144.7271582032 -37.7521144941)
10817	Christies Rd	1	1		3.267	POINT(144.7396343277 -37.7575995639)	LINESTRING(144.7396360526 -37.7575850768,144.7396326518 -37.7576143229)
10819		1	1		6.135	POINT(144.7394926613 -37.7576783059)	LINESTRING(144.7394886366 -37.7577057546,144.7394968691 -37.7576509789)
10820		1	1		33.929	POINT(144.7394866140 -37.7579143068)	LINESTRING(144.7394777863 -37.7580670481,144.7394953790 -37.7577623238)
10822		1	1		12.678	POINT(144.7395296464 -37.7571674351)	LINESTRING(144.7395230639 -37.7572233457,144.7395260984 -37.7572092678,144.7395348190 -37.7571240856,144.7395361910 -37.7571098836)
10824		1	1		25.278	POINT(144.7404685305 -37.7566808926)	LINESTRING(144.7406010782 -37.7567243689,144.7403353348 -37.7566377116)
10825		1	1		14.406	POINT(144.7422997848 -37.7572414760)	LINESTRING(144.7423760299 -37.7572652061,144.7422236034 -37.7572177360)
10826		1	1		8.347	POINT(144.7409499836 -37.7567754147)	LINESTRING(144.7409923276 -37.7567918005,144.7409064090 -37.7567599066)
10832		1	1		8.911	POINT(144.7398420879 -37.7552215225)	LINESTRING(144.7398419137 -37.7551812418,144.7398422611 -37.7552613606)
10833		1	1		5.397	POINT(144.7398537093 -37.7553492906)	LINESTRING(144.7398554347 -37.7553252326,144.7398519957 -37.7553736828)
10850	Ballarat Rd  Western Hwy	1	1		11.500	POINT(144.7447173852 -37.7580573162)	LINESTRING(144.7447775993 -37.7580774683,144.7446571591 -37.7580371721)
10860		1	1		12.651	POINT(144.7464072894 -37.7586296949)	LINESTRING(144.7464726662 -37.7586530512,144.7463413258 -37.7586066433)
10861	Ballarat Rd  Western Hwy	1	1		6.624	POINT(144.7468242865 -37.7587974613)	LINESTRING(144.7468576955 -37.7588110280,144.7467904296 -37.7587842280)
10862	Ballarat Rd  Western Hwy	1	1		10.083	POINT(144.7470030774 -37.7588663411)	LINESTRING(144.7470529799 -37.7588876191,144.7469511080 -37.7588460189)
10863		1	1		7.488	POINT(144.7470214385 -37.7592510267)	LINESTRING(144.7470011870 -37.7592806566,144.7470417076 -37.7592214475)
10864	Panamax Rd	1	1		10.806	POINT(144.7471299741 -37.7592136934)	LINESTRING(144.7471649523 -37.7591737759,144.7470954890 -37.7592539150)
10865		1	1		2.374	POINT(144.7476924138 -37.7591881333)	LINESTRING(144.7477040152 -37.7591936931,144.7476814552 -37.7591819665)
10866		1	1		0.979	POINT(144.7480211540 -37.7593337776)	LINESTRING(144.7480257894 -37.7593360440,144.7480161089 -37.7593317044)
10868		1	1		38.121	POINT(144.7474250726 -37.7588697975)	LINESTRING(144.7472390399 -37.7587818681,144.7476111664 -37.7589576704)
10869		1	1		46.198	POINT(144.7473721347 -37.7589922358)	LINESTRING(144.7471492334 -37.7590694577,144.7471582581 -37.7590577441,144.7471684669 -37.7590463897,144.7471797863 -37.7590354184,144.7471921431 -37.7590248541,144.7472054641 -37.7590147205,144.7472196760 -37.7590050415,144.7472347055 -37.7589958409,144.7472504793 -37.7589871426,144.7472669242 -37.7589789703,144.7472839670 -37.7589713480,144.7473015342 -37.7589642994,144.7473195527 -37.7589578483,144.7473379492 -37.7589520186,144.7473566505 -37.7589468342,144.7473755832 -37.7589423188,144.7473946740 -37.7589384962,144.7474138498 -37.7589353903,144.7474330373 -37.7589330250,144.7474521631 -37.7589314240,144.7474711540 -37.7589306112,144.7474899367 -37.7589306104,144.7475084380 -37.7589314455,144.7475265846 -37.7589331402,144.7475443032 -37.7589357184,144.7475615206 -37.7589392039,144.7475781634 -37.7589436205,144.7475941585 -37.7589489921,144.7476089144 -37.7589566462)
10876	Melton Hwy	1	1		6.441	POINT(144.6060233892 -37.6871908134)	LINESTRING(144.6060364895 -37.6871637894,144.6060103547 -37.6872179336)
10877	Melton Hwy	1	1		8.134	POINT(144.6063739399 -37.6862206179)	LINESTRING(144.6063881965 -37.6861856195,144.6063593671 -37.6862551761)
10884		1	1		43.042	POINT(144.6059482489 -37.6876559683)	LINESTRING(144.6057458116 -37.6877309907,144.6057607091 -37.6877013467,144.6057841715 -37.6876752075,144.6058148915 -37.6876525906,144.6058515615 -37.6876335131,144.6058928744 -37.6876179924,144.6059375226 -37.6876060459,144.6059841989 -37.6875976908,144.6060315959 -37.6875929444,144.6060784063 -37.6875918242,144.6061233226 -37.6875943474,144.6061650376 -37.6876005313)
10886		3	1		18.224	POINT(144.7386973957 -37.7555477768)	LINESTRING(144.7386001194 -37.7555210626,144.7387961386 -37.7555742385)
11052		1	1		8.143	POINT(144.6033585725 -37.6978412989)	LINESTRING(144.6033664649 -37.6978776063,144.6033501724 -37.6978054771)
11053		1	1		7.006	POINT(144.7469545813 -37.7592384991)	LINESTRING(144.7469426649 -37.7592667251,144.7469654053 -37.7592063606)
11054		1	1		3.824	POINT(144.7479531128 -37.7590566039)	LINESTRING(144.7479343202 -37.7590501980,144.7479749573 -37.7590624377)
11060		3	1		5.564	POINT(144.7021153346 -37.7457526409)	LINESTRING(144.7020863966 -37.7457424056,144.7021441086 -37.7457629060)
11066		3	1		39.625	POINT(144.6496501758 -37.7216831163)	LINESTRING(144.6494379416 -37.7216275297,144.6494979173 -37.7216453606,144.6495575741 -37.7216636039,144.6496173814 -37.7216815974,144.6496775328 -37.7216986111,144.6497382214 -37.7217139149,144.6497996408 -37.7217267786,144.6498656105 -37.7217379841)
11070		1	1		8.979	POINT(144.6039659821 -37.6973943392)	LINESTRING(144.6040087422 -37.6973723552,144.6039230364 -37.6974162738)
11071		3	1		95.129	POINT(144.6046642962 -37.6930782932)	LINESTRING(144.6045513504 -37.6926719908,144.6045410751 -37.6927141126,144.6045338115 -37.6927554856,144.6045293064 -37.6927973449,144.6045274878 -37.6928395816,144.6045282840 -37.6928820869,144.6045316231 -37.6929247517,144.6045374332 -37.6929674672,144.6045456424 -37.6930101244,144.6045561790 -37.6930526145,144.6045689711 -37.6930948285,144.6045839468 -37.6931366575,144.6046010343 -37.6931779926,144.6046201617 -37.6932187249,144.6046412571 -37.6932587455,144.6046642488 -37.6932979454,144.6046890648 -37.6933362158,144.6047156333 -37.6933734477,144.6047438825 -37.6934095322,144.6047737405 -37.6934443605,144.6048051416 -37.6934778414)
11072		3	1		51.965	POINT(144.6045216036 -37.6934221971)	LINESTRING(144.6042732041 -37.6934141532,144.6042820264 -37.6933906070,144.6042991856 -37.6933730901,144.6043235401 -37.6933612093,144.6043539830 -37.6933545230,144.6043894070 -37.6933525895,144.6044287051 -37.6933549672,144.6044707701 -37.6933612143,144.6045144949 -37.6933708892,144.6045587724 -37.6933835502,144.6046024954 -37.6933987557,144.6046445568 -37.6934160640,144.6046838496 -37.6934350335,144.6047192665 -37.6934552223,144.6047497005 -37.6934761890,144.6047740270 -37.6934974879)
11076		1	1		23.758	POINT(144.6055499980 -37.6912195779)	LINESTRING(144.6054904545 -37.6911225741,144.6056110380 -37.6913138860)
11081		1	1		31.974	POINT(144.6059057313 -37.6875073924)	LINESTRING(144.6059995445 -37.6876161572,144.6059782696 -37.6876105985,144.6059576370 -37.6876025822,144.6059378742 -37.6875923645,144.6059191550 -37.6875801910,144.6059016535 -37.6875663072,144.6058855434 -37.6875509586,144.6058709989 -37.6875343908,144.6058581937 -37.6875168493,144.6058473019 -37.6874985796,144.6058384973 -37.6874798273,144.6058319539 -37.6874608378,144.6058278456 -37.6874418567,144.6058263463 -37.6874231296,144.6058276300 -37.6874049020,144.6058318705 -37.6873874194)
11083		3	1		58.706	POINT(144.5997577635 -37.6949960221)	LINESTRING(144.5994239659 -37.6950151138,144.5994795751 -37.6950134835,144.5995351820 -37.6950117945,144.5995907786 -37.6950099266,144.5996463570 -37.6950077596,144.5997019229 -37.6950053641,144.5997574766 -37.6950027700,144.5998129962 -37.6949997965,144.5998684601 -37.6949962631,144.5999238260 -37.6949922031,144.5999791396 -37.6949876845,144.6000343692 -37.6949825881,144.6000894830 -37.6949767947)
11086		1	1		29.950	POINT(144.6290972217 -37.7071051184)	LINESTRING(144.6290448031 -37.7069910436,144.6290329398 -37.7070052395,144.6290280876 -37.7070227553,144.6290281562 -37.7070415922,144.6290310550 -37.7070597511,144.6290397166 -37.7070833318,144.6290538907 -37.7071055286,144.6290712871 -37.7071266768,144.6290896158 -37.7071471118,144.6291083030 -37.7071664932,144.6291286198 -37.7071848812,144.6291502580 -37.7072023324,144.6291729095 -37.7072189037)
11089		1	1		0.440	POINT(144.7484947011 -37.7590742187)	LINESTRING(144.7484951916 -37.7590725638,144.7484943755 -37.7590764685)
11090		1	1		7.293	POINT(144.7476311545 -37.7592426124)	LINESTRING(144.7476694754 -37.7592505283,144.7475888747 -37.7592351006)
11091		1	1		12.095	POINT(144.7398716064 -37.7556557193)	LINESTRING(144.7398698003 -37.7556007705,144.7398734736 -37.7557094771)
11092		1	1		30.461	POINT(144.6035409148 -37.6972581955)	LINESTRING(144.6035195280 -37.6973944775,144.6035623476 -37.6971224929)
11093	Leakes Rd	1	1		9.679	POINT(144.6513298741 -37.7246354626)	LINESTRING(144.6513358889 -37.7245923177,144.6513239135 -37.7246788593)
11094	Leakes Rd	1	1		12.553	POINT(144.6525716641 -37.7281130683)	LINESTRING(144.6526042013 -37.7281637081,144.6525385686 -37.7280634475)
11095	Leakes Rd	1	1		12.045	POINT(144.6557961779 -37.7138387452)	LINESTRING(144.6557901590 -37.7137853185,144.6558021099 -37.7138932633)
11105		1	1		4.555	POINT(144.6045225711 -37.6907448307)	LINESTRING(144.6045205555 -37.6907674734,144.6045251022 -37.6907266395)
11106		1	1		25.971	POINT(144.6045919004 -37.6909536379)	LINESTRING(144.6046540615 -37.6910567719,144.6046495318 -37.6910463002,144.6046443930 -37.6910359915,144.6046387202 -37.6910258268,144.6046325890 -37.6910157868,144.6046260744 -37.6910058523,144.6046192519 -37.6909960042,144.6046121968 -37.6909862234,144.6046049844 -37.6909764905,144.6045976900 -37.6909667865,144.6045903889 -37.6909570922,144.6045831564 -37.6909473884,144.6045760678 -37.6909376560,144.6045691985 -37.6909278757,144.6045626238 -37.6909180284,144.6045564189 -37.6909080949,144.6045506592 -37.6908980561,144.6045454199 -37.6908878927,144.6045407765 -37.6908775856,144.6045368042 -37.6908671157,144.6045335783 -37.6908564637,144.6045311741 -37.6908456105)
11107		1	1		37.811	POINT(144.6044875543 -37.6909222269)	LINESTRING(144.6045964106 -37.6910691881,144.6045916936 -37.6910577271,144.6045866874 -37.6910463285,144.6045813978 -37.6910349952,144.6045758308 -37.6910237301,144.6045699920 -37.6910125361,144.6045638874 -37.6910014161,144.6045575228 -37.6909903730,144.6045509039 -37.6909794097,144.6045440366 -37.6909685291,144.6045369268 -37.6909577341,144.6045295803 -37.6909470277,144.6045220028 -37.6909364126,144.6045142003 -37.6909258919,144.6045061785 -37.6909154684,144.6044979433 -37.6909051450,144.6044895004 -37.6908949246,144.6044808558 -37.6908848102,144.6044720152 -37.6908748045,144.6044629845 -37.6908649107,144.6044537695 -37.6908551314,144.6044443760 -37.6908454697,144.6044348099 -37.6908359284,144.6044250769 -37.6908265105,144.6044151829 -37.6908172188,144.6044051337 -37.6908080563,144.6043949352 -37.6907990258,144.6043845932 -37.6907901302,144.6043741134 -37.6907813726)
11109		1	1		20.424	POINT(144.6047098426 -37.6904830425)	LINESTRING(144.6045931686 -37.6904959140,144.6046261906 -37.6904957215,144.6046591012 -37.6904935892,144.6046919174 -37.6904899805,144.6047246567 -37.6904853593,144.6047573363 -37.6904801891,144.6047899734 -37.6904749338,144.6048225854 -37.6904700569)
11110		1	1		34.476	POINT(144.6047194572 -37.6903405896)	LINESTRING(144.6045940702 -37.6904486657,144.6046015472 -37.6904487010,144.6046088829 -37.6904483881,144.6046160790 -37.6904477368,144.6046231373 -37.6904467569,144.6046300595 -37.6904454582,144.6046368474 -37.6904438503,144.6046435029 -37.6904419432,144.6046500276 -37.6904397465,144.6046564234 -37.6904372701,144.6046626921 -37.6904345237,144.6046688354 -37.6904315170,144.6046748551 -37.6904282600,144.6046807530 -37.6904247623,144.6046865309 -37.6904210338,144.6046921905 -37.6904170841,144.6046977336 -37.6904129232,144.6047031620 -37.6904085606,144.6047084775 -37.6904040063,144.6047136819 -37.6903992701,144.6047187769 -37.6903943616,144.6047237643 -37.6903892906,144.6047286459 -37.6903840670,144.6047334235 -37.6903787005,144.6047380989 -37.6903732009,144.6047426738 -37.6903675780,144.6047471500 -37.6903618415,144.6047515293 -37.6903560012,144.6047558135 -37.6903500669,144.6047600043 -37.6903440483,144.6047641035 -37.6903379553,144.6047681130 -37.6903317977,144.6047720344 -37.6903255851,144.6047758696 -37.6903193273,144.6047796204 -37.6903130343,144.6047832885 -37.6903067156,144.6047868756 -37.6903003812,144.6047903837 -37.6902940407,144.6047938144 -37.6902877040,144.6047971696 -37.6902813808,144.6048004510 -37.6902750809,144.6048036604 -37.6902688140,144.6048067995 -37.6902625901,144.6048098702 -37.6902564187,144.6048128743 -37.6902503098,144.6048158134 -37.6902442730,144.6048186895 -37.6902383182,144.6048215042 -37.6902324552,144.6048242594 -37.6902266936,144.6048265794 -37.6902219026)
11112		1	1		35.337	POINT(144.6052539906 -37.6906300394)	LINESTRING(144.6051942760 -37.6904806606,144.6051954197 -37.6904862131,144.6051967289 -37.6904917445,144.6051981963 -37.6904972557,144.6051998146 -37.6905027473,144.6052015766 -37.6905082204,144.6052034751 -37.6905136756,144.6052055028 -37.6905191137,144.6052076525 -37.6905245357,144.6052099170 -37.6905299422,144.6052122890 -37.6905353340,144.6052147613 -37.6905407121,144.6052173265 -37.6905460772,144.6052199776 -37.6905514301,144.6052227073 -37.6905567716,144.6052255082 -37.6905621025,144.6052283732 -37.6905674236,144.6052312951 -37.6905727358,144.6052342665 -37.6905780399,144.6052372803 -37.6905833366,144.6052403292 -37.6905886267,144.6052434060 -37.6905939111,144.6052465034 -37.6905991906,144.6052496142 -37.6906044660,144.6052527311 -37.6906097381,144.6052558470 -37.6906150077,144.6052589545 -37.6906202756,144.6052620465 -37.6906255426,144.6052651156 -37.6906308095,144.6052681548 -37.6906360771,144.6052711566 -37.6906413463,144.6052741139 -37.6906466179,144.6052770194 -37.6906518926,144.6052798660 -37.6906571713,144.6052826462 -37.6906624547,144.6052853530 -37.6906677437,144.6052879791 -37.6906730391,144.6052905172 -37.6906783417,144.6052929601 -37.6906836523,144.6052953006 -37.6906889717,144.6052975313 -37.6906943007,144.6052996452 -37.6906996402,144.6053016348 -37.6907049909,144.6053034931 -37.6907103536,144.6053052127 -37.6907157291,144.6053067865 -37.6907211184,144.6053082071 -37.6907265221,144.6053094673 -37.6907319410,144.6053105600 -37.6907373761,144.6053114778 -37.6907428280,144.6053122135 -37.6907482976,144.6053127599 -37.6907537857,144.6053131097 -37.6907592932,144.6053132557 -37.6907648207,144.6053131907 -37.6907703692,144.6053129074 -37.6907759394,144.6053123986 -37.6907815322)
11113		1	1		41.774	POINT(144.6052665577 -37.6906970937)	LINESTRING(144.6051545926 -37.6905383816,144.6051631544 -37.6905425314,144.6051724160 -37.6905475100,144.6051813231 -37.6905527796,144.6051898871 -37.6905583296,144.6051981194 -37.6905641495,144.6052060314 -37.6905702287,144.6052136346 -37.6905765566,144.6052209404 -37.6905831226,144.6052279601 -37.6905899162,144.6052347051 -37.6905969268,144.6052411870 -37.6906041437,144.6052474171 -37.6906115564,144.6052534067 -37.6906191544,144.6052591674 -37.6906269270,144.6052647105 -37.6906348638,144.6052700475 -37.6906429540,144.6052751897 -37.6906511871,144.6052801485 -37.6906595525,144.6052849354 -37.6906680398,144.6052895619 -37.6906766382,144.6052940392 -37.6906853372,144.6052983787 -37.6906941262,144.6053025921 -37.6907029947,144.6053066905 -37.6907119321,144.6053106855 -37.6907209277,144.6053145884 -37.6907299710,144.6053184106 -37.6907390515,144.6053221637 -37.6907481585,144.6053258589 -37.6907572815,144.6053295076 -37.6907664099,144.6053331214 -37.6907755331,144.6053367116 -37.6907846406,144.6053402896 -37.6907937217,144.6053438669 -37.6908027659,144.6053474547 -37.6908117626,144.6053510647 -37.6908207012,144.6053547081 -37.6908295711,144.6053583963 -37.6908383619,144.6053621408 -37.6908470628,144.6053659531 -37.6908556633,144.6053698444 -37.6908641528)
11118		1	1		18.890	POINT(144.7010354285 -37.7477267227)	LINESTRING(144.7010249629 -37.7478095625,144.7010289378 -37.7477995492,144.7010324529 -37.7477893778,144.7010355056 -37.7477790692,144.7010380928 -37.7477686446,144.7010402118 -37.7477581249,144.7010418597 -37.7477475311,144.7010430336 -37.7477368844,144.7010437307 -37.7477262056,144.7010439481 -37.7477155159,144.7010436830 -37.7477048362,144.7010429324 -37.7476941876,144.7010416937 -37.7476835911,144.7010399638 -37.7476730677,144.7010377400 -37.7476626384,144.7010350194 -37.7476523244,144.7010317991 -37.7476421465)
11119		1	1		24.705	POINT(144.7014499557 -37.7476814961)	LINESTRING(144.7013347314 -37.7476182563,144.7013370006 -37.7476198957,144.7013392913 -37.7476215157,144.7013416031 -37.7476231168,144.7013439353 -37.7476246995,144.7013462874 -37.7476262642,144.7013486589 -37.7476278115,144.7013510492 -37.7476293419,144.7013534577 -37.7476308558,144.7013558839 -37.7476323538,144.7013583271 -37.7476338363,144.7013607869 -37.7476353038,144.7013632627 -37.7476367569,144.7013657539 -37.7476381960,144.7013682600 -37.7476396216,144.7013707803 -37.7476410342,144.7013733143 -37.7476424343,144.7013758616 -37.7476438224,144.7013784214 -37.7476451989,144.7013809933 -37.7476465645,144.7013835767 -37.7476479195,144.7013861709 -37.7476492645,144.7013887756 -37.7476506000,144.7013913900 -37.7476519264,144.7013940137 -37.7476532442,144.7013966460 -37.7476545540,144.7013992865 -37.7476558562,144.7014019345 -37.7476571513,144.7014045894 -37.7476584399,144.7014072509 -37.7476597224,144.7014099181 -37.7476609992,144.7014125907 -37.7476622710,144.7014152680 -37.7476635381,144.7014179495 -37.7476648011,144.7014206346 -37.7476660605,144.7014233228 -37.7476673168,144.7014260134 -37.7476685704,144.7014287060 -37.7476698219,144.7014314000 -37.7476710718,144.7014340947 -37.7476723204,144.7014367898 -37.7476735684,144.7014394844 -37.7476748163,144.7014421783 -37.7476760644,144.7014448706 -37.7476773134,144.7014475610 -37.7476785636,144.7014502488 -37.7476798157,144.7014529335 -37.7476810701,144.7014556145 -37.7476823272,144.7014582912 -37.7476835876,144.7014609632 -37.7476848518,144.7014636297 -37.7476861203,144.7014662903 -37.7476873935,144.7014689445 -37.7476886720,144.7014715915 -37.7476899562,144.7014742310 -37.7476912466,144.7014768622 -37.7476925438,144.7014794848 -37.7476938482,144.7014820980 -37.7476951603,144.7014847013 -37.7476964806,144.7014872942 -37.7476978096,144.7014898762 -37.7476991479,144.7014924465 -37.7477004958,144.7014950048 -37.7477018539,144.7014975504 -37.7477032226,144.7015000827 -37.7477046026,144.7015026013 -37.7477059942,144.7015051055 -37.7477073979,144.7015075947 -37.7477088143,144.7015100685 -37.7477102438,144.7015125262 -37.7477116870,144.7015149673 -37.7477131443,144.7015173913 -37.7477146162,144.7015197975 -37.7477161032,144.7015221854 -37.7477176059,144.7015245545 -37.7477191246,144.7015269041 -37.7477206599,144.7015292338 -37.7477222123,144.7015315429 -37.7477237823,144.7015338309 -37.7477253703,144.7015360972 -37.7477269770,144.7015383414 -37.7477286026,144.7015405627 -37.7477302479,144.7015427607 -37.7477319131,144.7015449347 -37.7477335989,144.7015470843 -37.7477353058,144.7015492089 -37.7477370341,144.7015513078 -37.7477387845,144.7015533806 -37.7477405574,144.7015554267 -37.7477423533,144.7015574455 -37.7477441727,144.7015594364 -37.7477460160,144.7015613990 -37.7477478839)
11121		1	1		17.477	POINT(144.7016749797 -37.7478031838)	LINESTRING(144.7017139231 -37.7477352803,144.7017064610 -37.7477447268,144.7016987461 -37.7477542902,144.7016909246 -37.7477639696,144.7016831427 -37.7477737644,144.7016755464 -37.7477836735,144.7016682820 -37.7477936963,144.7016614956 -37.7478038318,144.7016553332 -37.7478140793,144.7016499412 -37.7478244379,144.7016454656 -37.7478349068,144.7016420525 -37.7478454852,144.7016398482 -37.7478561722,144.7016389988 -37.7478669671,144.7016396392 -37.7478778023)
11122		1	1		25.087	POINT(144.7016689651 -37.7480272763)	LINESTRING(144.7017446382 -37.7479326890,144.7017267489 -37.7479470796,144.7017114210 -37.7479632556,144.7016980660 -37.7479808019,144.7016860954 -37.7479993029,144.7016749205 -37.7480183433,144.7016639529 -37.7480375077,144.7016526040 -37.7480563807,144.7016402852 -37.7480745468,144.7016264080 -37.7480915908,144.7016103840 -37.7481070971,144.7015916244 -37.7481206505)
11123		1	1		25.571	POINT(144.7016451690 -37.7480790088)	LINESTRING(144.7016671249 -37.7479627723,144.7016670527 -37.7479770018,144.7016655570 -37.7479912396,144.7016628756 -37.7480054804,144.7016592468 -37.7480197188,144.7016549084 -37.7480339496,144.7016500986 -37.7480481674,144.7016450554 -37.7480623670,144.7016400168 -37.7480765430,144.7016352208 -37.7480906902,144.7016309054 -37.7481048033,144.7016273087 -37.7481188769,144.7016246688 -37.7481329058,144.7016232236 -37.7481468847,144.7016232112 -37.7481608082,144.7016248696 -37.7481746711,144.7016284369 -37.7481884680)
11132		1	1		2.137	POINT(144.7398272227 -37.7525675826)	LINESTRING(144.7398272331 -37.7525769212,144.7398272162 -37.7525577070)
11133		1	1		28.320	POINT(144.7398070900 -37.7524158152)	LINESTRING(144.7397043746 -37.7525032940,144.7397456378 -37.7524942479,144.7397829371 -37.7524760395,144.7398158155 -37.7524506209,144.7398438164 -37.7524199441,144.7398664829 -37.7523859613,144.7398833582 -37.7523506247,144.7398939857 -37.7523158862)
11134		1	1		17.187	POINT(144.7398961435 -37.7524027126)	LINESTRING(144.7398728455 -37.7524704373,144.7398868191 -37.7524520871,144.7398960150 -37.7524319593,144.7399016530 -37.7524105262,144.7399049531 -37.7523882598,144.7399071354 -37.7523656324,144.7399094198 -37.7523431160,144.7399130263 -37.7523211828)
11135		1	1		10.376	POINT(144.7401564549 -37.7524598558)	LINESTRING(144.7401362127 -37.7524142470,144.7401411745 -37.7524252284,144.7401458585 -37.7524363184,144.7401504492 -37.7524474466,144.7401551314 -37.7524585423,144.7401600897 -37.7524695348,144.7401655088 -37.7524803537,144.7401715733 -37.7524909282,144.7401784680 -37.7525011877)
11136		1	1		21.002	POINT(144.7402110826 -37.7524879114)	LINESTRING(144.7401025633 -37.7524523636,144.7401155051 -37.7524581789,144.7401286244 -37.7524637371,144.7401419086 -37.7524690517,144.7401553452 -37.7524741358,144.7401689216 -37.7524790031,144.7401826252 -37.7524836667,144.7401964434 -37.7524881400,144.7402103637 -37.7524924365,144.7402243735 -37.7524965696,144.7402384601 -37.7525005525,144.7402526110 -37.7525043987,144.7402668137 -37.7525081215,144.7402810555 -37.7525117342,144.7402953239 -37.7525152504,144.7403096062 -37.7525186833,144.7403238899 -37.7525220463)
11137		1	1		18.810	POINT(144.7401791448 -37.7527126361)	LINESTRING(144.7402417749 -37.7526503571,144.7402379665 -37.7526517739,144.7402342181 -37.7526532828,144.7402305298 -37.7526548816,144.7402269017 -37.7526565679,144.7402233340 -37.7526583395,144.7402198267 -37.7526601942,144.7402163799 -37.7526621297,144.7402129938 -37.7526641437,144.7402096685 -37.7526662339,144.7402064040 -37.7526683982,144.7402032006 -37.7526706341,144.7402000582 -37.7526729395,144.7401969771 -37.7526753120,144.7401939573 -37.7526777495,144.7401909989 -37.7526802496,144.7401881020 -37.7526828101,144.7401852668 -37.7526854287,144.7401824933 -37.7526881032,144.7401797817 -37.7526908312,144.7401771321 -37.7526936105,144.7401745446 -37.7526964389,144.7401720193 -37.7526993141,144.7401695563 -37.7527022338,144.7401671557 -37.7527051957,144.7401648176 -37.7527081976,144.7401625422 -37.7527112372,144.7401603295 -37.7527143122,144.7401581796 -37.7527174204,144.7401560928 -37.7527205596,144.7401540690 -37.7527237274,144.7401521084 -37.7527269215,144.7401502111 -37.7527301398,144.7401483772 -37.7527333799,144.7401466068 -37.7527366396,144.7401449000 -37.7527399166,144.7401432570 -37.7527432086,144.7401416778 -37.7527465134,144.7401401626 -37.7527498287,144.7401387114 -37.7527531523,144.7401373244 -37.7527564818,144.7401360017 -37.7527598151,144.7401347434 -37.7527631498,144.7401335496 -37.7527664836,144.7401324204 -37.7527698144,144.7401313559 -37.7527731398,144.7401303563 -37.7527764576,144.7401294216 -37.7527797655,144.7401285520 -37.7527830612,144.7401277475 -37.7527863425)
11139		1	1		5.666	POINT(144.7398837639 -37.7526850088)	LINESTRING(144.7398930345 -37.7527125604,144.7398730155 -37.7526641406)
11141		1	1		3.561	POINT(144.7387508907 -37.7635156756)	LINESTRING(144.7387488445 -37.7635331154,144.7387532186 -37.7635012878)
11142		1	1		17.477	POINT(144.7387602101 -37.7633806201)	LINESTRING(144.7386605752 -37.7633911165,144.7386767433 -37.7633933186,144.7386917434 -37.7633946997,144.7387069971 -37.7633954266,144.7387223976 -37.7633954803,144.7387378380 -37.7633948416,144.7387532117 -37.7633934915,144.7387684118 -37.7633914109,144.7387833315 -37.7633885808,144.7387978640 -37.7633849822,144.7388119025 -37.7633805959,144.7388253402 -37.7633754030,144.7388380703 -37.7633693843,144.7388499861 -37.7633625208)
11143		1	1		23.054	POINT(144.7389645206 -37.7632536962)	LINESTRING(144.7388933135 -37.7633369887,144.7389140152 -37.7633252465,144.7389322961 -37.7633113980,144.7389484644 -37.7632957662,144.7389628283 -37.7632786740,144.7389756959 -37.7632604443,144.7389873756 -37.7632414003,144.7389981754 -37.7632218646,144.7390084037 -37.7632021605,144.7390183686 -37.7631826107,144.7390284588 -37.7631635662)
11144		1	1		26.620	POINT(144.7392470319 -37.7632823713)	LINESTRING(144.7391998631 -37.7631668094,144.7392057746 -37.7632063927,144.7392152601 -37.7632458966,144.7392287834 -37.7632847188,144.7392467921 -37.7633221191,144.7392697333 -37.7633573575,144.7392980544 -37.7633896939)
11145		1	1		21.003	POINT(144.7393617819 -37.7636908616)	LINESTRING(144.7394752498 -37.7636569218,144.7394580054 -37.7636565870,144.7394414967 -37.7636574773,144.7394250811 -37.7636594712,144.7394087917 -37.7636624789,144.7393926618 -37.7636664107,144.7393767247 -37.7636711767,144.7393610134 -37.7636766873,144.7393455612 -37.7636828527,144.7393304014 -37.7636895831,144.7393155671 -37.7636967887,144.7393010916 -37.7637043798,144.7392870080 -37.7637122666,144.7392733496 -37.7637203594,144.7392601496 -37.7637285685)
11146		1	1		41.768	POINT(144.7391152399 -37.7638937043)	LINESTRING(144.7392381141 -37.7637425741,144.7392138135 -37.7637586361,144.7391899777 -37.7637756734,144.7391667811 -37.7637936321,144.7391443978 -37.7638124585,144.7391230021 -37.7638320987,144.7391027683 -37.7638524987,144.7390838706 -37.7638736048,144.7390664832 -37.7638953630,144.7390507804 -37.7639177196,144.7390369364 -37.7639406205,144.7390251254 -37.7639640121,144.7390155218 -37.7639878403,144.7390082996 -37.7640120514,144.7389995365 -37.7640555838)
11147		1	1		24.670	POINT(144.7389031382 -37.7638242979)	LINESTRING(144.7389471488 -37.7639314611,144.7389434435 -37.7639096132,144.7389392423 -37.7638873836,144.7389342607 -37.7638650311,144.7389282140 -37.7638428149,144.7389208177 -37.7638209939,144.7389117874 -37.7637998271,144.7389008384 -37.7637795734,144.7388876862 -37.7637604920,144.7388720463 -37.7637428417,144.7388536342 -37.7637268815)
11148		1	1		22.064	POINT(144.7387196747 -37.7636133954)	LINESTRING(144.7388057691 -37.7636851830,144.7387944250 -37.7636742355,144.7387828384 -37.7636634473,144.7387710250 -37.7636528104,144.7387590004 -37.7636423166,144.7387467803 -37.7636319580,144.7387343804 -37.7636217264,144.7387218163 -37.7636116138,144.7387091038 -37.7636016122,144.7386962584 -37.7635917134,144.7386832959 -37.7635819094,144.7386702320 -37.7635721922,144.7386570822 -37.7635625536,144.7386438623 -37.7635529856,144.7386305520 -37.7635435120)
11150		3	1		6.253	POINT(144.5978143398 -37.6950585603)	LINESTRING(144.5977785512 -37.6950576738,144.5978496249 -37.6950594531)
11151		3	1		5.723	POINT(144.5985758419 -37.6950353913)	LINESTRING(144.5985432878 -37.6950385908,144.5986078565 -37.6950321393)
11153	Ballarat Rd  Western Hwy	1	1		3.074	POINT(144.7469205079 -37.7586508908)	LINESTRING(144.7469038467 -37.7586444750,144.7469343143 -37.7586580201)
11154	Ballarat Rd  Western Hwy	1	1		2.630	POINT(144.7491997792 -37.7598603693)	LINESTRING(144.7492127427 -37.7598663304,144.7491871292 -37.7598541145)
11155	Ballarat Rd  Western Hwy	1	1		3.873	POINT(144.7489017800 -37.7597189415)	LINESTRING(144.7489200854 -37.7597285253,144.7488827807 -37.7597100083)
11157	Caroline Springs Blvd	1	1		1.001	POINT(144.7397106293 -37.7551719951)	LINESTRING(144.7397102531 -37.7551759989,144.7397109665 -37.7551670121)
11158	Ballarat Rd  Western Hwy	1	1		2.884	POINT(144.7415375475 -37.7569781911)	LINESTRING(144.7415544452 -37.7569814254,144.7415227609 -37.7569747209)
11159	Christies Rd	1	1		1.001	POINT(144.7395918225 -37.7567249619)	LINESTRING(144.7395913705 -37.7567295757,144.7395923252 -37.7567206031)
11161	Christies Rd	1	1		3.680	POINT(144.7394595170 -37.7583890229)	LINESTRING(144.7394585702 -37.7584055361,144.7394604637 -37.7583724880)
11164	Hopkins Rd	1	1		30.348	POINT(144.7027357577 -37.7499711452)	LINESTRING(144.7026176601 -37.7498718078,144.7028560133 -37.7500691438)
11165	Hopkins Rd	1	1		21.140	POINT(144.7028648747 -37.7502471891)	LINESTRING(144.7029579107 -37.7503073269,144.7027716979 -37.7501871020)
11167		3	1		9.443	POINT(144.6988921053 -37.7428943201)	LINESTRING(144.6989316676 -37.7428654377,144.6988974325 -37.7428898514,144.6988553479 -37.7429250836)
11168	Hopkins Rd	1	1		3.509	POINT(144.7010799704 -37.7414431360)	LINESTRING(144.7010789146 -37.7414588569,144.7010810240 -37.7414273495)
11169	Western Hwy	3	1		32.562	POINT(144.6695469823 -37.7342703212)	LINESTRING(144.6696968737 -37.7343563593,144.6693977620 -37.7341837374)
11170		3	1		38.062	POINT(144.6091247617 -37.6957058669)	LINESTRING(144.6089112233 -37.6956780467,144.6093383054 -37.6957336865)
11171	Melton Hwy	1	1		6.317	POINT(144.6046864634 -37.6914214747)	LINESTRING(144.6046822816 -37.6914460776,144.6046899623 -37.6913895629)
11172	High St	1	1		1.001	POINT(144.6041453353 -37.6904099562)	LINESTRING(144.6041442116 -37.6904053027,144.6041537616 -37.6904102129)
11182	Melton Hwy	1	1		7.038	POINT(144.7012829445 -37.7406018983)	LINESTRING(144.7012846459 -37.7405701319,144.7012812349 -37.7406333656)
11183		1	1		20.481	POINT(144.7010667981 -37.7409142011)	LINESTRING(144.7009774987 -37.7409640124,144.7009964968 -37.7409638964,144.7010051167 -37.7409630714,144.7010137082 -37.7409616729,144.7010222428 -37.7409597295,144.7010306918 -37.7409572702,144.7010390266 -37.7409543238,144.7010472184 -37.7409509192,144.7010552387 -37.7409470850,144.7010630588 -37.7409428503,144.7010706500 -37.7409382438,144.7010779838 -37.7409332944,144.7010850314 -37.7409280309,144.7010917643 -37.7409224822,144.7010981537 -37.7409166770,144.7011041710 -37.7409106442,144.7011097876 -37.7409044127,144.7011149749 -37.7408980113,144.7011197041 -37.7408914688,144.7011239466 -37.7408848141,144.7011276739 -37.7408780759,144.7011308572 -37.7408712832,144.7011334679 -37.7408644648,144.7011354773 -37.7408576495,144.7011368568 -37.7408508661)
11184		1	1		25.555	POINT(144.7011065043 -37.7409503525)	LINESTRING(144.7012073784 -37.7408828061,144.7012051355 -37.7408932141,144.7012013246 -37.7409034275,144.7011960543 -37.7409134021,144.7011894332 -37.7409230935,144.7011815701 -37.7409324574,144.7011725735 -37.7409414494,144.7011625521 -37.7409500250,144.7011516145 -37.7409581401,144.7011398695 -37.7409657502,144.7011274256 -37.7409728109,144.7011143915 -37.7409792779,144.7011008759 -37.7409851068,144.7010869873 -37.7409902534,144.7010728346 -37.7409946731,144.7010585262 -37.7409983217,144.7010441709 -37.7410011548,144.7010298772 -37.7410031280,144.7010157540 -37.7410041971,144.7010019097 -37.7410043175,144.7009884531 -37.7410034450)
11186		1	1		23.961	POINT(144.7013476972 -37.7409433005)	LINESTRING(144.7012465625 -37.7408890411,144.7012463626 -37.7408985441,144.7012483220 -37.7409073954,144.7012522772 -37.7409156198,144.7012580645 -37.7409232423,144.7012655203 -37.7409302876,144.7012744810 -37.7409367807,144.7012847831 -37.7409427465,144.7012962630 -37.7409482099,144.7013087570 -37.7409531956,144.7013221017 -37.7409577287,144.7013361333 -37.7409618339,144.7013506883 -37.7409655361,144.7013656031 -37.7409688603,144.7013807141 -37.7409718313,144.7013958578 -37.7409744739,144.7014108706 -37.7409768132,144.7014255887 -37.7409788738,144.7014398488 -37.7409806808,144.7014534871 -37.7409822589,144.7014663401 -37.7409836332)
11188		1	1		30.510	POINT(144.7026715672 -37.7574373321)	LINESTRING(144.7028065601 -37.7575059366,144.7028056890 -37.7575027919,144.7028046929 -37.7574996996,144.7028035740 -37.7574966592,144.7028023345 -37.7574936703,144.7028009766 -37.7574907324,144.7027995023 -37.7574878450,144.7027979140 -37.7574850076,144.7027962137 -37.7574822198,144.7027944036 -37.7574794811,144.7027924858 -37.7574767911,144.7027904626 -37.7574741491,144.7027883361 -37.7574715549,144.7027861085 -37.7574690078,144.7027837819 -37.7574665074,144.7027813585 -37.7574640533,144.7027788404 -37.7574616450,144.7027762299 -37.7574592820,144.7027735291 -37.7574569638,144.7027707401 -37.7574546900,144.7027678651 -37.7574524601,144.7027649063 -37.7574502736,144.7027618658 -37.7574481300,144.7027587459 -37.7574460289,144.7027555486 -37.7574439697,144.7027522762 -37.7574419521,144.7027489307 -37.7574399755,144.7027455144 -37.7574380395,144.7027420295 -37.7574361436,144.7027384780 -37.7574342874,144.7027348622 -37.7574324702,144.7027311843 -37.7574306918,144.7027274463 -37.7574289515,144.7027236504 -37.7574272490,144.7027197989 -37.7574255838,144.7027158939 -37.7574239553,144.7027119375 -37.7574223631,144.7027079319 -37.7574208068,144.7027038793 -37.7574192858,144.7026997818 -37.7574177997,144.7026956416 -37.7574163481,144.7026914609 -37.7574149303,144.7026872418 -37.7574135461,144.7026829866 -37.7574121948,144.7026786972 -37.7574108761,144.7026743760 -37.7574095894,144.7026700251 -37.7574083343,144.7026656467 -37.7574071103,144.7026612428 -37.7574059169,144.7026568157 -37.7574047537,144.7026523676 -37.7574036201,144.7026479006 -37.7574025158,144.7026434169 -37.7574014402,144.7026389186 -37.7574003929,144.7026344079 -37.7573993733,144.7026298870 -37.7573983811,144.7026253580 -37.7573974157,144.7026208231 -37.7573964767,144.7026162844 -37.7573955635,144.7026117442 -37.7573946758,144.7026072046 -37.7573938131,144.7026026677 -37.7573929748,144.7025981358 -37.7573921605,144.7025936109 -37.7573913697,144.7025890952 -37.7573906020,144.7025845910 -37.7573898569,144.7025801004 -37.7573891339,144.7025756255 -37.7573884325,144.7025711685 -37.7573877522,144.7025667315 -37.7573870927,144.7025623168 -37.7573864534,144.7025579265 -37.7573858338,144.7025535628 -37.7573852334,144.7025492278 -37.7573846519,144.7025449237 -37.7573840887,144.7025406526 -37.7573835433,144.7025364167 -37.7573830153,144.7025322183 -37.7573825043,144.7025280593 -37.7573820096,144.7025239421 -37.7573815309,144.7025198688 -37.7573810676)
11189		1	1		21.756	POINT(144.7029637659 -37.7570696347)	LINESTRING(144.7029022304 -37.7571448799,144.7029056574 -37.7571442767,144.7029090081 -37.7571435674,144.7029122835 -37.7571427543,144.7029154847 -37.7571418397,144.7029186126 -37.7571408258,144.7029216682 -37.7571397148,144.7029246525 -37.7571385091,144.7029275664 -37.7571372110,144.7029304110 -37.7571358226,144.7029331871 -37.7571343463,144.7029358959 -37.7571327843,144.7029385382 -37.7571311388,144.7029411150 -37.7571294123,144.7029436274 -37.7571276068,144.7029460763 -37.7571257247,144.7029484627 -37.7571237682,144.7029507875 -37.7571217397,144.7029530518 -37.7571196413,144.7029552565 -37.7571174754,144.7029574026 -37.7571152441,144.7029594911 -37.7571129499,144.7029615230 -37.7571105948,144.7029634992 -37.7571081813,144.7029654207 -37.7571057115,144.7029672885 -37.7571031878,144.7029691036 -37.7571006124,144.7029708670 -37.7570979875,144.7029725796 -37.7570953154,144.7029742424 -37.7570925984,144.7029758564 -37.7570898388,144.7029774226 -37.7570870388,144.7029789420 -37.7570842007,144.7029804155 -37.7570813268,144.7029818441 -37.7570784193,144.7029832288 -37.7570754804,144.7029845706 -37.7570725125,144.7029858704 -37.7570695178,144.7029871293 -37.7570664986,144.7029883482 -37.7570634571,144.7029895280 -37.7570603957,144.7029906699 -37.7570573165,144.7029917747 -37.7570542219,144.7029928434 -37.7570511140,144.7029938771 -37.7570479953,144.7029948766 -37.7570448678,144.7029958431 -37.7570417340,144.7029967773 -37.7570385960,144.7029976804 -37.7570354562,144.7029985533 -37.7570323168,144.7029993970 -37.7570291800,144.7030002125 -37.7570260482,144.7030010007 -37.7570229235,144.7030017626 -37.7570198083,144.7030024992 -37.7570167048,144.7030032116 -37.7570136154,144.7030039006 -37.7570105421,144.7030045672 -37.7570074874,144.7030052125 -37.7570044535,144.7030058373 -37.7570014427,144.7030064428 -37.7569984571,144.7030070298 -37.7569954991,144.7030075994 -37.7569925710,144.7030081525 -37.7569896750,144.7030086900 -37.7569868134,144.7030092131 -37.7569839884,144.7030097226 -37.7569812023)
11190	Hopkins Rd	1	1		8.313	POINT(144.7028432101 -37.7578598763)	LINESTRING(144.7028365491 -37.7578970501,144.7028499909 -37.7578230681)
11191	Hopkins Rd	1	1		6.699	POINT(144.7032324364 -37.7559701623)	LINESTRING(144.7032283678 -37.7560001922,144.7032365168 -37.7559403061)
11192		1	1		60.803	POINT(144.7029780930 -37.7572539758)	LINESTRING(144.7029267090 -37.7575240416,144.7029330500 -37.7574902450,144.7029394425 -37.7574564544,144.7029458778 -37.7574226687,144.7029523470 -37.7573888871,144.7029588413 -37.7573551083,144.7029653519 -37.7573213314,144.7029718701 -37.7572875555,144.7029783870 -37.7572537793,144.7029848938 -37.7572200020,144.7029913817 -37.7571862225,144.7029978420 -37.7571524398,144.7030042659 -37.7571186528,144.7030106444 -37.7570848606,144.7030169690 -37.7570510620,144.7030232307 -37.7570172561,144.7030294207 -37.7569834418)
11193		1	1		6.947	POINT(144.7028355824 -37.7576747298)	LINESTRING(144.7028301984 -37.7577056974,144.7028338448 -37.7576902703,144.7028380464 -37.7576748091,144.7028407149 -37.7576593725,144.7028397618 -37.7576440192)
11196		1	1		9.175	POINT(144.7033348058 -37.7559607135)	LINESTRING(144.7033294430 -37.7559195689,144.7033401529 -37.7560016199)
11197		1	1		3.945	POINT(144.7032958346 -37.7561525427)	LINESTRING(144.7032999125 -37.7561350033,144.7032916879 -37.7561698695)
11198		1	1		53.478	POINT(144.7027989521 -37.7572902814)	LINESTRING(144.7030555069 -37.7572105239,144.7030465196 -37.7572376851,144.7030304237 -37.7572617929,144.7030080342 -37.7572827441,144.7029801119 -37.7573007089,144.7029474181 -37.7573158575,144.7029107138 -37.7573283603,144.7028707599 -37.7573383875,144.7028283177 -37.7573461093,144.7027841481 -37.7573516960,144.7027390122 -37.7573553179,144.7026936710 -37.7573571452,144.7026488857 -37.7573573482,144.7026054173 -37.7573560972,144.7025640268 -37.7573535623,144.7025254753 -37.7573499140)
11199		1	1		37.871	POINT(144.7030826534 -37.7573811180)	LINESTRING(144.7031153334 -37.7572129293,144.7031112380 -37.7572355262,144.7031069964 -37.7572579666,144.7031026534 -37.7572803951,144.7030982291 -37.7573028141,144.7030937437 -37.7573252260,144.7030892172 -37.7573476331,144.7030846700 -37.7573700377,144.7030801220 -37.7573924422,144.7030755935 -37.7574148488,144.7030711046 -37.7574372600,144.7030666754 -37.7574596781,144.7030623260 -37.7574821054,144.7030580767 -37.7575045442,144.7030539475 -37.7575269969,144.7030500047 -37.7575494707)
11201		1	1		19.151	POINT(144.7025835448 -37.7571965815)	LINESTRING(144.7024768269 -37.7572129398,144.7024915286 -37.7572139937,144.7025047900 -37.7572141115,144.7025180156 -37.7572135167,144.7025312098 -37.7572122926,144.7025443770 -37.7572105220,144.7025575215 -37.7572082882,144.7025706476 -37.7572056741,144.7025837597 -37.7572027628,144.7025968621 -37.7571996374,144.7026099591 -37.7571963809,144.7026230552 -37.7571930763,144.7026361545 -37.7571898067,144.7026492616 -37.7571866552,144.7026623806 -37.7571837047,144.7026755160 -37.7571810385,144.7026886721 -37.7571787394)
11202		1	1		39.427	POINT(144.7029772804 -37.7573885703)	LINESTRING(144.7028664691 -37.7572572712,144.7028912047 -37.7572607765,144.7029142750 -37.7572678214,144.7029356584 -37.7572780651,144.7029553335 -37.7572911668,144.7029732787 -37.7573067856,144.7029894724 -37.7573245808,144.7030038932 -37.7573442115,144.7030165195 -37.7573653370,144.7030273297 -37.7573876163,144.7030363024 -37.7574107087,144.7030434160 -37.7574342735,144.7030486490 -37.7574579697,144.7030519797 -37.7574814566,144.7030533868 -37.7575043933,144.7030528487 -37.7575264391,144.7030503621 -37.7575472550)
11203		1	1		8.239	POINT(144.7025211591 -37.7572332508)	LINESTRING(144.7024754799 -37.7572286647,144.7024826032 -37.7572293883,144.7024883217 -37.7572299839,144.7024940390 -37.7572305890,144.7024997556 -37.7572312000,144.7025054720 -37.7572318133,144.7025111886 -37.7572324255,144.7025169059 -37.7572330329,144.7025226243 -37.7572336319,144.7025283443 -37.7572342191,144.7025340664 -37.7572347908,144.7025397909 -37.7572353435,144.7025455184 -37.7572358737,144.7025512494 -37.7572363776,144.7025569842 -37.7572368519,144.7025627233 -37.7572372930,144.7025684672 -37.7572376972)
11204		1	1		3.544	POINT(144.7028922259 -37.7576960915)	LINESTRING(144.7028893456 -37.7577121176,144.7028951927 -37.7576805891)
11206		1	1		6.363	POINT(144.7027885623 -37.7584882293)	LINESTRING(144.7027854476 -37.7585168693,144.7027916998 -37.7584598796)
11207		1	1		8.229	POINT(144.7027965251 -37.7582819498)	LINESTRING(144.7027900271 -37.7583187229,144.7028031049 -37.7582454645)
11208		1	1		6.991	POINT(144.7028837942 -37.7584734193)	LINESTRING(144.7028859502 -37.7584421815,144.7028816480 -37.7585049407)
11210		1	1		3.177	POINT(144.6056140510 -37.6878772068)	LINESTRING(144.6056079799 -37.6878908903,144.6056204753 -37.6878640679)
11212		1	1		24.104	POINT(144.6064011373 -37.6877628544)	LINESTRING(144.6065369797 -37.6877553855,144.6062635377 -37.6877705432)
11213	Melton Hwy	1	1		5.713	POINT(144.6045434724 -37.6924476559)	LINESTRING(144.6045512393 -37.6924231860,144.6045361860 -37.6924731916)
11214		1	1		7.576	POINT(144.6061204834 -37.6872114157)	LINESTRING(144.6061341489 -37.6871795309,144.6061073280 -37.6872443224)
11215		1	1		7.921	POINT(144.7018377370 -37.7411220433)	LINESTRING(144.7018818553 -37.7411241657,144.7017919303 -37.7411199690)
11216	Taylors Rd	1	1		5.491	POINT(144.6571599228 -37.7167012379)	LINESTRING(144.6571305730 -37.7166935517,144.6571900521 -37.7167085776)
11217	Leakes Rd	1	1		11.819	POINT(144.6550709591 -37.7170185054)	LINESTRING(144.6550605390 -37.7170710316,144.6550813878 -37.7169660023)
11218		1	1		1.969	POINT(144.7486239593 -37.7595389839)	LINESTRING(144.7486333274 -37.7595438537,144.7486148040 -37.7595339090)
11219		1	1		8.557	POINT(144.7485066338 -37.7594808074)	LINESTRING(144.7485473714 -37.7595018153,144.7484656925 -37.7594599933)
11220		1	1		15.914	POINT(144.7485788908 -37.7594659973)	LINESTRING(144.7485474739 -37.7595018641,144.7485352559 -37.7594893605,144.7485320739 -37.7594713934,144.7485369672 -37.7594529249,144.7485489748 -37.7594389171,144.7485684737 -37.7594326709,144.7485913645 -37.7594343494,144.7486148141 -37.7594409932,144.7486359892 -37.7594496431)
11221		1	1		35.010	POINT(144.7012646729 -37.7409587185)	LINESTRING(144.7014116759 -37.7410469324,144.7013985251 -37.7410454498,144.7013850671 -37.7410434337,144.7013713654 -37.7410409004,144.7013574839 -37.7410378659,144.7013434861 -37.7410343465,144.7013294358 -37.7410303584,144.7013153967 -37.7410259177,144.7013014323 -37.7410210407,144.7012876065 -37.7410157436,144.7012739829 -37.7410100425,144.7012606251 -37.7410039536,144.7012475969 -37.7409974932,144.7012349619 -37.7409906773,144.7012227839 -37.7409835223,144.7012111264 -37.7409760443,144.7012000532 -37.7409682594,144.7011896280 -37.7409601840,144.7011799145 -37.7409518341,144.7011709763 -37.7409432260,144.7011628771 -37.7409343758,144.7011556805 -37.7409252998,144.7011494504 -37.7409160141,144.7011442503 -37.7409065350,144.7011401440 -37.7408968786,144.7011371951 -37.7408870611,144.7011354673 -37.7408770986,144.7011350243 -37.7408670075,144.7011359298 -37.7408568039)
11222		1	1		28.032	POINT(144.7011101392 -37.7409812215)	LINESTRING(144.7010844140 -37.7411056993,144.7010901333 -37.7410699951,144.7010972756 -37.7410344448,144.7011053141 -37.7409989907,144.7011137226 -37.7409635752,144.7011219743 -37.7409281405,144.7011295429 -37.7408926289,144.7011359019 -37.7408569827)
11223		3	1		11.860	POINT(144.5968433738 -37.6953372354)	LINESTRING(144.5969107574 -37.6953395659,144.5967760144 -37.6953349025)
11224		1	1		24.106	POINT(144.6038443818 -37.6963116086)	LINESTRING(144.6038597139 -37.6962033570,144.6038289450 -37.6964188922)
11225		1	1		9.584	POINT(144.6042157098 -37.6941521728)	LINESTRING(144.6042216435 -37.6941089957,144.6042097320 -37.6941947177)
11226		1	1		12.789	POINT(144.6037592088 -37.6962427891)	LINESTRING(144.6037473598 -37.6962995964,144.6037710857 -37.6961860567)
11227		3	1		19.988	POINT(144.6001976446 -37.6956471492)	LINESTRING(144.6003048963 -37.6956749801,144.6000885576 -37.6956198081)
11228		3	1		15.659	POINT(144.6080703814 -37.6954029736)	LINESTRING(144.6079863445 -37.6953800861,144.6081548398 -37.6954256578)
11229		1	1		10.201	POINT(144.6051826703 -37.6900353503)	LINESTRING(144.6051981576 -37.6899912307,144.6051673186 -37.6900797254)
11230		3	1		4.918	POINT(144.6245695176 -37.7045869745)	LINESTRING(144.6245493517 -37.7045716395,144.6245897090 -37.7046022720)
11231		2	2		16.892	POINT(144.6106163633 -37.6963577460)	LINESTRING(144.6107053076 -37.6963856839,144.6105263812 -37.6963303839)
11232		3	1		9.579	POINT(144.6407862476 -37.7162186205)	LINESTRING(144.6407445892 -37.7161910033,144.6408283605 -37.7162460809)
11233		3	1		12.127	POINT(144.6468678694 -37.7209635437)	LINESTRING(144.6469231503 -37.7209962753,144.6468134833 -37.7209301403)
11234	Western Hwy	3	1		23.282	POINT(144.6421540278 -37.7176803445)	LINESTRING(144.6422514604 -37.7177512538,144.6420570165 -37.7176091155)
11235		3	1		11.483	POINT(144.6468548427 -37.7204719330)	LINESTRING(144.6468028209 -37.7204408477,144.6469073342 -37.7205027795)
11238		1	1		14.341	POINT(144.6549335299 -37.7178347446)	LINESTRING(144.6549177728 -37.7178982322,144.6549494440 -37.7177716865)
11239		3	1		11.671	POINT(144.6496247333 -37.7229191998)	LINESTRING(144.6496625785 -37.7229625287,144.6495859710 -37.7228768082)
11240	Leakes Rd	1	1		6.085	POINT(144.6514094507 -37.7262705921)	LINESTRING(144.6514193876 -37.7262967036,144.6513996132 -37.7262442583)
11241		1	1		10.591	POINT(144.6513261486 -37.7260339087)	LINESTRING(144.6513407278 -37.7260797741,144.6513117853 -37.7259873053)
11242		3	1		22.809	POINT(144.6555086254 -37.7255637262)	LINESTRING(144.6554014390 -37.7255059147,144.6556156608 -37.7256215798)
11243		3	1		20.847	POINT(144.6543583995 -37.7245746936)	LINESTRING(144.6542878824 -37.7244993005,144.6544296911 -37.7246495676)
11244	Western Hwy	2	2		1.001	POINT(144.6221371512 -37.7033600018)	LINESTRING(144.6221413832 -37.7033630164,144.6221329192 -37.7033569873)
11245	Western Hwy	3	1		5.310	POINT(144.6603447930 -37.7284130157)	LINESTRING(144.6603200838 -37.7283993872,144.6603697238 -37.7284265822)
11246	Western Hwy	3	1		3.931	POINT(144.6703629281 -37.7342940091)	LINESTRING(144.6703445935 -37.7342843402,144.6703822235 -37.7343034314)
11247		3	1		9.829	POINT(144.6931718277 -37.7422649592)	LINESTRING(144.6931215312 -37.7422456101,144.6932219981 -37.7422843446)
11248		3	1		46.602	POINT(144.6938544853 -37.7425344688)	LINESTRING(144.6936188013 -37.7424387039,144.6940901700 -37.7426302329)
11249		3	1		24.727	POINT(144.6928817155 -37.7425720054)	LINESTRING(144.6930074877 -37.7426217271,144.6927560328 -37.7425222136)
11250		3	1		31.354	POINT(144.6756562980 -37.7366924490)	LINESTRING(144.6758172550 -37.7367523987,144.6754943366 -37.7366328358)
11251		3	1		20.634	POINT(144.6736404230 -37.7359522280)	LINESTRING(144.6737490282 -37.7359869799,144.6735314284 -37.7359175387)
11252		3	1		20.206	POINT(144.7087132732 -37.7480679269)	LINESTRING(144.7088254741 -37.7480870031,144.7086007987 -37.7480489384)
11253		3	1		26.983	POINT(144.7054377595 -37.7476222146)	LINESTRING(144.7055882740 -37.7476448859,144.7052868145 -37.7475996340)
11256		3	1		23.658	POINT(144.6958563027 -37.7429944121)	LINESTRING(144.6957251567 -37.7429749926,144.6957441464 -37.7429773224,144.6957630659 -37.7429800863,144.6957819290 -37.7429831923,144.6958007496 -37.7429865483,144.6958195412 -37.7429900621,144.6958383178 -37.7429936417,144.6958570930 -37.7429971951,144.6958758806 -37.7430006300,144.6958946944 -37.7430038545,144.6959135482 -37.7430067764,144.6959324556 -37.7430093037,144.6959514305 -37.7430113442,144.6959704865 -37.7430128059,144.6959893237 -37.7430136985)
11257		3	1		1.001	POINT(144.6998475616 -37.7425564348)	LINESTRING(144.6998418702 -37.7425562879,144.6998532530 -37.7425565818)
11261		1	1		0.754	POINT(144.7469841144 -37.7586837468)	LINESTRING(144.7469810990 -37.7586815176,144.7469883745 -37.7586851005)
11263		83	1		7.185	POINT(144.7485307397 -37.7588334348)	LINESTRING(144.7485328023 -37.7588012040,144.7485286788 -37.7588657181)
11264		1	1		42.429	POINT(144.7012192425 -37.7410778006)	LINESTRING(144.7012466728 -37.7408882273,144.7011917942 -37.7412672989)
11266		3	1		1.715	POINT(144.6384736263 -37.7150464497)	LINESTRING(144.6384807267 -37.7150517185,144.6384736778 -37.7150463859,144.6384666374 -37.7150410458)
11267		3	1		7.166	POINT(144.7004236116 -37.7450934254)	LINESTRING(144.7003879468 -37.7450778397,144.7004592479 -37.7451090337)
11268		3	1		5.762	POINT(144.7004594030 -37.7450546686)	LINESTRING(144.7004313180 -37.7450414289,144.7004878932 -37.7450675650)
11270		1	1		7.888	POINT(144.7007223173 -37.7468463445)	LINESTRING(144.7007340049 -37.7468801473,144.7007110639 -37.7468115734)
11271	Hopkins Rd	1	1		1.001	POINT(144.7032077643 -37.7565474916)	LINESTRING(144.7032085188 -37.7565430292,144.7032070098 -37.7565519541)
11272	Western Fwy	2	2		35.071	POINT(144.7275656102 -37.7518540816)	LINESTRING(144.7273843170 -37.7517897159,144.7277486708 -37.7519179434)
11274		3	1		36.123	POINT(144.7283163038 -37.7520479349)	LINESTRING(144.7281235715 -37.7519937278,144.7285109138 -37.7521018757)
11275		3	1		6.727	POINT(144.7374534388 -37.7551850465)	LINESTRING(144.7374190465 -37.7551718353,144.7374878822 -37.7551982223)
11276		1	1		2.174	POINT(144.7391607781 -37.7557772587)	LINESTRING(144.7391489724 -37.7557735881,144.7391718158 -37.7557810556)
11277	Caroline Springs Blvd	1	1		1.619	POINT(144.7399760484 -37.7535475720)	LINESTRING(144.7399767895 -37.7535402898,144.7399752986 -37.7535547985)
11278		1	1		5.541	POINT(144.7399173688 -37.7530010903)	LINESTRING(144.7399149111 -37.7530263856,144.7399198703 -37.7529767166)
11280	Western Hwy	3	1		1.392	POINT(144.7283576465 -37.7525259739)	LINESTRING(144.7283649063 -37.7525284677,144.7283503936 -37.7525234713)
11282		3	1		54.527	POINT(144.7165085254 -37.7495097858)	LINESTRING(144.7168125502 -37.7495540969,144.7162026645 -37.7494656088)
11283	Western Fwy	80	2		1.265	POINT(144.7230280117 -37.7507519977)	LINESTRING(144.7230355022 -37.7507533001,144.7230215363 -37.7507505908)
11284		80	2		104.696	POINT(144.7263103975 -37.7517966215)	LINESTRING(144.7268587446 -37.7519652474,144.7257541822 -37.7516139184)
11285		1	1		5.946	POINT(144.7463142894 -37.7583658035)	LINESTRING(144.7462858220 -37.7583514763,144.7463433251 -37.7583796002)
11286	Western Fwy	3	1		3.264	POINT(144.6849382897 -37.7396479603)	LINESTRING(144.6849560631 -37.7396519472,144.6849203337 -37.7396439938)
11287	Ferris Rd  Melton Hwy	1	1		1.002	POINT(144.6041415946 -37.6941214374)	LINESTRING(144.6041408894 -37.6941259086,144.6041422998 -37.6941169661)
11289	Ferris Rd	1	1		0.225	POINT(144.6033760111 -37.6981660217)	LINESTRING(144.6033759330 -37.6981672703,144.6033761105 -37.6981652511)
11290		1	1		4.808	POINT(144.7469131658 -37.7594050509)	LINESTRING(144.7468991673 -37.7594235738,144.7469267946 -37.7593862691)
11291		1	1		3.375	POINT(144.7479280073 -37.7591016688)	LINESTRING(144.7479111937 -37.7590941330,144.7479444238 -37.7591093201)
11298		1	1		48.802	POINT(144.7397949161 -37.7591403720)	LINESTRING(144.7395925041 -37.7590077753,144.7395958505 -37.7590488483,144.7396103328 -37.7590770474,144.7396336657 -37.7591019765,144.7396644228 -37.7591241243,144.7397011778 -37.7591439798,144.7397425043 -37.7591620318,144.7397869760 -37.7591787690,144.7398331667 -37.7591946804,144.7398796498 -37.7592102546,144.7399249993 -37.7592259806,144.7399677886 -37.7592423472,144.7400065915 -37.7592598431)
11299		1	1		4.298	POINT(144.7395495136 -37.7590263530)	LINESTRING(144.7395527130 -37.7590070590,144.7395462846 -37.7590453632)
11306		1	1		6.420	POINT(144.7399126357 -37.7524581792)	LINESTRING(144.7398886422 -37.7524800074,144.7399423011 -37.7524408694)
11307		1	1		3.991	POINT(144.7401225244 -37.7524650820)	LINESTRING(144.7401053976 -37.7524536757,144.7401364216 -37.7524798714)
11308		1	1		18.390	POINT(144.7402386680 -37.7524788760)	LINESTRING(144.7401632877 -37.7524265515,144.7401724701 -37.7524396611,144.7401834246 -37.7524514053,144.7401959326 -37.7524624667,144.7402097846 -37.7524728149,144.7402247710 -37.7524824193,144.7402406822 -37.7524912496,144.7402573085 -37.7524992751,144.7402744403 -37.7525064653,144.7402918681 -37.7525127897,144.7403093822 -37.7525182178,144.7403267731 -37.7525227192)
11309		1	1		6.921	POINT(144.7401250843 -37.7526683054)	LINESTRING(144.7401474317 -37.7526432141,144.7401440955 -37.7526467618,144.7401408136 -37.7526504170,144.7401375561 -37.7526541404,144.7401342931 -37.7526578926,144.7401309948 -37.7526616342,144.7401276312 -37.7526653260,144.7401241725 -37.7526689286,144.7401205889 -37.7526724026,144.7401168505 -37.7526757087,144.7401129274 -37.7526788076,144.7401087898 -37.7526816598,144.7401044078 -37.7526842261,144.7400997514 -37.7526864671,144.7400947909 -37.7526883435)
11310		1	1		10.172	POINT(144.7399313729 -37.7526801021)	LINESTRING(144.7399866008 -37.7526996657,144.7399725985 -37.7526975882,144.7399587637 -37.7526943192,144.7399452669 -37.7526899460,144.7399322786 -37.7526845563,144.7399199694 -37.7526782374,144.7399085099 -37.7526710769,144.7398980706 -37.7526631622,144.7398889855 -37.7526547521)
11311		1	1		15.435	POINT(144.7401319591 -37.7527123277)	LINESTRING(144.7401624707 -37.7526535660,144.7401505524 -37.7526681675,144.7401394246 -37.7526860370,144.7401305479 -37.7527048837,144.7401234448 -37.7527244166,144.7401176381 -37.7527443446,144.7401126502 -37.7527643765,144.7401080040 -37.7527842214)
11312		1	1		16.589	POINT(144.7398117734 -37.7526666174)	LINESTRING(144.7398748746 -37.7527190029,144.7398666998 -37.7527037028,144.7398557730 -37.7526900660,144.7398426999 -37.7526773962,144.7398278153 -37.7526657119,144.7398114538 -37.7526550312,144.7397939502 -37.7526453725,144.7397756391 -37.7526367539,144.7397568555 -37.7526291938,144.7397379338 -37.7526227105)
11313		1	1		23.641	POINT(144.7398641955 -37.7526625200)	LINESTRING(144.7399914364 -37.7527001663,144.7399788584 -37.7526986453,144.7399664090 -37.7526967209,144.7399540787 -37.7526944235,144.7399418579 -37.7526917833,144.7399297371 -37.7526888308,144.7399177067 -37.7526855963,144.7399057571 -37.7526821101,144.7398938788 -37.7526784026,144.7398820623 -37.7526745040,144.7398702980 -37.7526704448,144.7398585764 -37.7526662552,144.7398468878 -37.7526619656,144.7398352229 -37.7526576064,144.7398235719 -37.7526532079,144.7398119254 -37.7526488003,144.7398002737 -37.7526444142,144.7397886075 -37.7526400797,144.7397769170 -37.7526358272,144.7397651928 -37.7526316871,144.7397534253 -37.7526276897,144.7397416050 -37.7526238653)
11314		1	1		21.637	POINT(144.7398196366 -37.7524733787)	LINESTRING(144.7397015853 -37.7525035409,144.7397807840 -37.7524887014,144.7398575694 -37.7524651327,144.7399347909 -37.7524426567)
11331		1	1		43.007	POINT(144.6047376082 -37.6904015428)	LINESTRING(144.6046213018 -37.6905665364,144.6046652334 -37.6905241980,144.6047037452 -37.6904786036,144.6047377248 -37.6904304320,144.6047680601 -37.6903803620,144.6047956390 -37.6903290725,144.6048213492 -37.6902772423,144.6048459982 -37.6902255281)
11332		1	1		21.551	POINT(144.6047100354 -37.6905140343)	LINESTRING(144.6046196469 -37.6905679638,144.6046438462 -37.6905481376,144.6046700280 -37.6905290703,144.6046980265 -37.6905114701,144.6047276757 -37.6904960452,144.6047588098 -37.6904835040,144.6047912631 -37.6904745547,144.6048248696 -37.6904699055)
11333		1	1		32.885	POINT(144.6052493241 -37.6906408887)	LINESTRING(144.6051652919 -37.6905250672,144.6051812735 -37.6905328155,144.6051964083 -37.6905416799,144.6052106840 -37.6905515763,144.6052240887 -37.6905624204,144.6052366101 -37.6905741281,144.6052482362 -37.6905866150,144.6052589550 -37.6905997969,144.6052687542 -37.6906135896,144.6052776219 -37.6906279089,144.6052855459 -37.6906426705,144.6052925140 -37.6906577902,144.6052985143 -37.6906731838,144.6053035345 -37.6906887671,144.6053075627 -37.6907044557,144.6053105867 -37.6907201656,144.6053125943 -37.6907358124,144.6053135736 -37.6907513119,144.6053135124 -37.6907665799,144.6053123986 -37.6907815322)
11334		1	1		44.812	POINT(144.6052914386 -37.6906724435)	LINESTRING(144.6052141777 -37.6904794870,144.6053695584 -37.6908635401)
11335		1	1		27.714	POINT(144.6051057539 -37.6910346764)	LINESTRING(144.6052251750 -37.6909708051,144.6051972540 -37.6909977735,144.6051642242 -37.6910218978,144.6051270701 -37.6910427856,144.6050867757 -37.6910600445,144.6050443255 -37.6910732822,144.6050007037 -37.6910821063,144.6049568945 -37.6910861243)
11336		1	1		29.985	POINT(144.6051286117 -37.6910810409)	LINESTRING(144.6052251750 -37.6909708051,144.6051968895 -37.6910021924,144.6051682156 -37.6910334172,144.6051395993 -37.6910646856,144.6051114866 -37.6910962036,144.6050843235 -37.6911281772,144.6050585560 -37.6911608125,144.6050346301 -37.6911943155)
11337		1	1		25.349	POINT(144.6051406464 -37.6911212785)	LINESTRING(144.6052389424 -37.6910551705,144.6052312900 -37.6910526922,144.6052291546 -37.6910520929,144.6052270288 -37.6910515588,144.6052249126 -37.6910510890,144.6052228062 -37.6910506826,144.6052207094 -37.6910503388,144.6052186223 -37.6910500569,144.6052165449 -37.6910498360,144.6052144771 -37.6910496752,144.6052124190 -37.6910495738,144.6052103705 -37.6910495309,144.6052083317 -37.6910495458,144.6052063025 -37.6910496175,144.6052042829 -37.6910497453,144.6052022730 -37.6910499284,144.6052002727 -37.6910501658,144.6051982821 -37.6910504569,144.6051963010 -37.6910508008,144.6051943296 -37.6910511966,144.6051923678 -37.6910516435,144.6051904156 -37.6910521408,144.6051884730 -37.6910526875,144.6051865400 -37.6910532830,144.6051846166 -37.6910539263,144.6051827027 -37.6910546166,144.6051807985 -37.6910553531,144.6051789039 -37.6910561350,144.6051770188 -37.6910569614,144.6051751433 -37.6910578317,144.6051732773 -37.6910587448,144.6051714210 -37.6910597000,144.6051695742 -37.6910606965,144.6051677369 -37.6910617335,144.6051659092 -37.6910628101,144.6051640910 -37.6910639255,144.6051622824 -37.6910650788,144.6051604833 -37.6910662694,144.6051586938 -37.6910674963,144.6051569138 -37.6910687587,144.6051551433 -37.6910700559,144.6051533823 -37.6910713869,144.6051516309 -37.6910727510,144.6051498890 -37.6910741473,144.6051481565 -37.6910755750,144.6051464336 -37.6910770333,144.6051447202 -37.6910785214,144.6051430162 -37.6910800385,144.6051413218 -37.6910815836,144.6051396369 -37.6910831561,144.6051379614 -37.6910847551,144.6051362954 -37.6910863797,144.6051346389 -37.6910880292,144.6051329918 -37.6910897027,144.6051313542 -37.6910913994,144.6051297261 -37.6910931184,144.6051281075 -37.6910948590,144.6051264982 -37.6910966204,144.6051248985 -37.6910984017,144.6051233082 -37.6911002020,144.6051217273 -37.6911020206,144.6051201558 -37.6911038567,144.6051185938 -37.6911057094,144.6051170412 -37.6911075779,144.6051154980 -37.6911094614,144.6051139643 -37.6911113590,144.6051124400 -37.6911132700,144.6051109250 -37.6911151935,144.6051094195 -37.6911171287,144.6051079234 -37.6911190748,144.6051064366 -37.6911210309,144.6051049593 -37.6911229962,144.6051034914 -37.6911249700,144.6051020328 -37.6911269513,144.6051005836 -37.6911289394,144.6050991438 -37.6911309334,144.6050977134 -37.6911329326,144.6050962923 -37.6911349361,144.6050948806 -37.6911369430,144.6050934782 -37.6911389526,144.6050920852 -37.6911409640,144.6050907016 -37.6911429765,144.6050893273 -37.6911449891,144.6050879623 -37.6911470011,144.6050866066 -37.6911490116,144.6050852603 -37.6911510199,144.6050839234 -37.6911530251,144.6050825957 -37.6911550263,144.6050812774 -37.6911570229,144.6050799684 -37.6911590138,144.6050786687 -37.6911609984,144.6050773783 -37.6911629758,144.6050760972 -37.6911649451,144.6050748253 -37.6911669056,144.6050735628 -37.6911688564,144.6050723096 -37.6911707967,144.6050710657 -37.6911727257,144.6050698310 -37.6911746426,144.6050686056 -37.6911765466,144.6050673895 -37.6911784367,144.6050661827 -37.6911803122,144.6050649851 -37.6911821724,144.6050637968 -37.6911840162,144.6050626177 -37.6911858430,144.6050614479 -37.6911876520,144.6050602873 -37.6911894422,144.6050591360 -37.6911912129,144.6050579939 -37.6911929632,144.6050568610 -37.6911946923,144.6050557373 -37.6911963995,144.6050546229 -37.6911980838,144.6050535177 -37.6911997445,144.6050524218 -37.6912013808)
11339		1	1		26.569	POINT(144.6051074100 -37.6910598263)	LINESTRING(144.6052464305 -37.6910405800,144.6052365903 -37.6910378075,144.6052266845 -37.6910357620,144.6052167160 -37.6910343974,144.6052066878 -37.6910336672,144.6051966028 -37.6910335252,144.6051864638 -37.6910339252,144.6051762740 -37.6910348209,144.6051660361 -37.6910361659,144.6051557532 -37.6910379140,144.6051454282 -37.6910400190,144.6051350640 -37.6910424344,144.6051246635 -37.6910451142,144.6051142298 -37.6910480119,144.6051037657 -37.6910510813,144.6050932741 -37.6910542761,144.6050827580 -37.6910575501,144.6050722204 -37.6910608569,144.6050616642 -37.6910641503,144.6050510923 -37.6910673840,144.6050405077 -37.6910705117,144.6050299132 -37.6910734871,144.6050193119 -37.6910762640,144.6050087067 -37.6910787961,144.6049981004 -37.6910810370,144.6049874962 -37.6910829406,144.6049768968 -37.6910844605,144.6049663052 -37.6910855504,144.6049557244 -37.6910861642)
11340		1	1		27.573	POINT(144.6046114096 -37.6909566619)	LINESTRING(144.6047108233 -37.6910423146,144.6046734407 -37.6910241114,144.6046386288 -37.6910016333,144.6046072052 -37.6909755570,144.6045799876 -37.6909465590,144.6045577937 -37.6909153159,144.6045414410 -37.6908825045,144.6045317471 -37.6908488013)
11342		1	1		41.711	POINT(144.6045449896 -37.6909094433)	LINESTRING(144.6047108233 -37.6910423146,144.6046548316 -37.6910138705,144.6046050509 -37.6909789734,144.6045597427 -37.6909394168,144.6045171686 -37.6908969941,144.6044755899 -37.6908534987,144.6044332682 -37.6908107238,144.6043884650 -37.6907704629)
11344		1	1		19.723	POINT(144.7014589418 -37.7477137570)	LINESTRING(144.7013568829 -37.7476746703,144.7013645898 -37.7476747368,144.7013729499 -37.7476751443,144.7013812820 -37.7476758991,144.7013895781 -37.7476769878,144.7013978303 -37.7476783973,144.7014060305 -37.7476801142,144.7014141707 -37.7476821254,144.7014222429 -37.7476844175,144.7014302391 -37.7476869772,144.7014381512 -37.7476897914,144.7014459713 -37.7476928467,144.7014536913 -37.7476961299,144.7014613033 -37.7476996276,144.7014687991 -37.7477033267,144.7014761709 -37.7477072139,144.7014834105 -37.7477112758,144.7014905100 -37.7477154993,144.7014974614 -37.7477198711,144.7015042566 -37.7477243779,144.7015108876 -37.7477290064,144.7015173465 -37.7477337433,144.7015236252 -37.7477385755,144.7015297157 -37.7477434896,144.7015356100 -37.7477484724,144.7015413000 -37.7477535105,144.7015466686 -37.7477584969)
11345		1	1		28.265	POINT(144.7014900186 -37.7476515644)	LINESTRING(144.7013482350 -37.7476066975,144.7013647958 -37.7476191718,144.7013827952 -37.7476311072,144.7014026205 -37.7476427950,144.7014238819 -37.7476539319,144.7014461896 -37.7476642148,144.7014691540 -37.7476733403,144.7014923852 -37.7476810053,144.7015154936 -37.7476869064,144.7015380893 -37.7476907404,144.7015597828 -37.7476922041,144.7015801841 -37.7476909941,144.7015989036 -37.7476868074,144.7016155515 -37.7476793406,144.7016297381 -37.7476682904)
11346		1	1		7.415	POINT(144.7010381193 -37.7477752080)	LINESTRING(144.7010241553 -37.7478114698,144.7010281145 -37.7478025326,144.7010323960 -37.7477934189,144.7010371535 -37.7477844236,144.7010426139 -37.7477757949,144.7010490043 -37.7477677805,144.7010565515 -37.7477606286,144.7010654843 -37.7477545888)
11347		1	1		1.557	POINT(144.7016592377 -37.7478652768)	LINESTRING(144.7016562673 -37.7478636264,144.7016577317 -37.7478668968,144.7016586145 -37.7478703205,144.7016591534 -37.7478738185,144.7016595777 -37.7478773127)
11348		1	1		18.045	POINT(144.7016158248 -37.7480421584)	LINESTRING(144.7016472128 -37.7479628609,144.7016473213 -37.7479760542,144.7016464371 -37.7479895889,144.7016445356 -37.7480032568,144.7016415886 -37.7480169216,144.7016375679 -37.7480304469,144.7016324455 -37.7480436966,144.7016261931 -37.7480565342,144.7016187826 -37.7480688235,144.7016101858 -37.7480804281,144.7016003746 -37.7480912118,144.7015893208 -37.7481010382,144.7015771481 -37.7481096116)
11349		1	1		29.760	POINT(144.7016961387 -37.7480604405)	LINESTRING(144.7017581281 -37.7479442657,144.7017383746 -37.7479591832,144.7017198453 -37.7479757829,144.7017027482 -37.7479938384,144.7016872917 -37.7480131229,144.7016736838 -37.7480334098,144.7016621327 -37.7480544724,144.7016528465 -37.7480760841,144.7016460336 -37.7480980182,144.7016419019 -37.7481200482,144.7016406598 -37.7481419473,144.7016425153 -37.7481634889,144.7016476767 -37.7481844464)
11351		1	1		50.744	POINT(144.7011418754 -37.7480677153)	LINESTRING(144.7013362087 -37.7482073125,144.7013161999 -37.7482075693,144.7012958983 -37.7482062216,144.7012754074 -37.7482033507,144.7012548306 -37.7481990381,144.7012342714 -37.7481933650,144.7012138331 -37.7481864129,144.7011936194 -37.7481782632,144.7011737337 -37.7481689972,144.7011542793 -37.7481586963,144.7011353599 -37.7481474418,144.7011170788 -37.7481353152,144.7010995395 -37.7481223978,144.7010828456 -37.7481087710,144.7010671003 -37.7480945162,144.7010524073 -37.7480797147,144.7010388700 -37.7480644479,144.7010265917 -37.7480487972,144.7010156761 -37.7480328440,144.7010062266 -37.7480166696,144.7009983466 -37.7480003554,144.7009921396 -37.7479839828,144.7009877091 -37.7479676332,144.7009851585 -37.7479513879,144.7009845912 -37.7479353283,144.7009861109 -37.7479195358,144.7009898208 -37.7479040918)
11353		1	1		57.417	POINT(144.7011649514 -37.7480962853)	LINESTRING(144.7013578848 -37.7482722739,144.7013344747 -37.7482543397,144.7013079096 -37.7482392385,144.7012789415 -37.7482263089,144.7012483224 -37.7482148897,144.7012168043 -37.7482043195,144.7011851392 -37.7481939371,144.7011540791 -37.7481830810,144.7011243762 -37.7481710899,144.7010967823 -37.7481573027,144.7010720495 -37.7481410578,144.7010509299 -37.7481216941,144.7010367970 -37.7481047745,144.7010239681 -37.7480868261,144.7010125760 -37.7480680143,144.7010027538 -37.7480485045,144.7009946343 -37.7480284624,144.7009883505 -37.7480080535,144.7009840354 -37.7479874432,144.7009818218 -37.7479667972,144.7009818427 -37.7479462808,144.7009842311 -37.7479260597,144.7009891199 -37.7479062994)
11354		3	1		58.492	POINT(144.7011170457 -37.7481071517)	LINESTRING(144.7013473864 -37.7482866971,144.7013269789 -37.7482704849,144.7013044121 -37.7482563467,144.7012801088 -37.7482438324,144.7012545170 -37.7482325144,144.7012280844 -37.7482219650,144.7012012588 -37.7482117568,144.7011744881 -37.7482014622,144.7011482201 -37.7481906535,144.7011229027 -37.7481789032,144.7010989835 -37.7481657838,144.7010769106 -37.7481508676,144.7010561156 -37.7481328575,144.7010378611 -37.7481129986,144.7010215140 -37.7480917688,144.7010064415 -37.7480696462,144.7009920105 -37.7480471089,144.7009775881 -37.7480246348,144.7009625413 -37.7480027020,144.7009462373 -37.7479817884,144.7009280430 -37.7479623723,144.7009073255 -37.7479449314,144.7008834519 -37.7479299440)
11355		3	1		50.484	POINT(144.7011041357 -37.7480621230)	LINESTRING(144.7013348433 -37.7481916139,144.7013019397 -37.7481905043,144.7012693930 -37.7481853796,144.7012382765 -37.7481766406,144.7012084133 -37.7481647174,144.7011796268 -37.7481500406,144.7011517399 -37.7481330406,144.7011245759 -37.7481141476,144.7010979580 -37.7480937921,144.7010717093 -37.7480724045,144.7010456529 -37.7480504151,144.7010196121 -37.7480282544,144.7009934100 -37.7480063527,144.7009668697 -37.7479851404,144.7009398145 -37.7479650479,144.7009120675 -37.7479465057,144.7008834519 -37.7479299440)
11356		1	1		13.688	POINT(144.7401672349 -37.7526698463)	LINESTRING(144.7402408918 -37.7526506723,144.7400929573 -37.7526889452)
11357		1	1		25.171	POINT(144.7015012626 -37.7476834725)	LINESTRING(144.7013568829 -37.7476746703,144.7013623494 -37.7476746657,144.7013686068 -37.7476747858,144.7013749540 -37.7476750400,144.7013813842 -37.7476754176,144.7013878904 -37.7476759082,144.7013944657 -37.7476765013,144.7014011031 -37.7476771861,144.7014077958 -37.7476779523,144.7014145368 -37.7476787892,144.7014213192 -37.7476796862,144.7014281362 -37.7476806329,144.7014349806 -37.7476816187,144.7014418458 -37.7476826330,144.7014487246 -37.7476836653,144.7014556103 -37.7476847049,144.7014624959 -37.7476857415,144.7014693744 -37.7476867643,144.7014762390 -37.7476877629,144.7014830827 -37.7476887267,144.7014898986 -37.7476896451,144.7014966798 -37.7476905077,144.7015034194 -37.7476913037,144.7015101104 -37.7476920228,144.7015167460 -37.7476926542,144.7015233191 -37.7476931876,144.7015298229 -37.7476936123,144.7015362505 -37.7476939177,144.7015425950 -37.7476940933,144.7015488493 -37.7476941286,144.7015550067 -37.7476940130,144.7015610602 -37.7476937360,144.7015670028 -37.7476932869,144.7015728276 -37.7476926553,144.7015785278 -37.7476918306,144.7015840964 -37.7476908022,144.7015895265 -37.7476895596,144.7015948111 -37.7476880922,144.7015999434 -37.7476863895,144.7016049164 -37.7476844410,144.7016097232 -37.7476822359,144.7016143568 -37.7476797639,144.7016188105 -37.7476770144,144.7016230771 -37.7476739767,144.7016271499 -37.7476706404,144.7016310219 -37.7476669949)
11359		1	1		48.600	POINT(144.7011099030 -37.7411094526)	LINESTRING(144.7009842717 -37.7409640819,144.7010488466 -37.7409678170,144.7011138526 -37.7409793510,144.7011716161 -37.7410010790,144.7012144635 -37.7410353960,144.7012164501 -37.7410634664,144.7012129669 -37.7411025568,144.7011915828 -37.7412687462)
11361		1	1		14.380	POINT(144.7396786645 -37.7571188259)	LINESTRING(144.7396829852 -37.7570546928,144.7396743719 -37.7571838000)
11363	Western Fwy  Deer Park Byp	3	1		1.001	POINT(144.7283317831 -37.7524063884)	LINESTRING(144.7283370878 -37.7524080255,144.7283264785 -37.7524047512)
11366	Western Fwy	80	2		12.019	POINT(144.7255868020 -37.7515426644)	LINESTRING(144.7256509159 -37.7515634082,144.7255249829 -37.7515214027)
11367		3	1		12.391	POINT(144.7255628788 -37.7515860440)	LINESTRING(144.7256280887 -37.7516079977,144.7254987362 -37.7515638012)
11369		3	1		28.290	POINT(144.7273130604 -37.7521412195)	LINESTRING(144.7274566463 -37.7521984782,144.7271693163 -37.7520840702)
11442		1	1		8.317	POINT(144.5672236968 -37.6893896989)	LINESTRING(144.5672171762 -37.6894265333,144.5672301229 -37.6893523933)
11443		1	1		21.564	POINT(144.5673861215 -37.6883773264)	LINESTRING(144.5673676745 -37.6884741203,144.5674048553 -37.6882823070)
11445		1	1		14.562	POINT(144.5633918182 -37.6894510746)	LINESTRING(144.5633094429 -37.6894470331,144.5634747208 -37.6894550957)
11446	Western Fwy	3	1		2.703	POINT(144.5610238509 -37.6893782804)	LINESTRING(144.5610083473 -37.6893767948,144.5610388355 -37.6893798545)
11447	Western Fwy	3	1		24.518	POINT(144.5618307912 -37.6894608948)	LINESTRING(144.5616925341 -37.6894464882,144.5619689637 -37.6894753161)
11449		1	1		26.617	POINT(144.5618452737 -37.6894039474)	LINESTRING(144.5616949441 -37.6893990991,144.5619973777 -37.6894087657)
11451		1	1		12.764	POINT(144.5670667428 -37.6882938550)	LINESTRING(144.5670090509 -37.6883284837,144.5670477698 -37.6883055002,144.5670855097 -37.6882814210,144.5671252712 -37.6882597576)
11452		1	1		35.762	POINT(144.5674171048 -37.6884292544)	LINESTRING(144.5672858557 -37.6883270218,144.5673121756 -37.6883290292,144.5673381027 -37.6883348172,144.5673633416 -37.6883439738,144.5673875995 -37.6883561205,144.5674105838 -37.6883708787,144.5674320015 -37.6883878698,144.5674515600 -37.6884067153,144.5674689665 -37.6884270367,144.5674839281 -37.6884484553,144.5674961522 -37.6884705927,144.5675053459 -37.6884930702,144.5675112165 -37.6885155094,144.5675134712 -37.6885375316,144.5675118173 -37.6885587583)
11454		1	1		6.943	POINT(144.5674326911 -37.6881754396)	LINESTRING(144.5674240232 -37.6882054740,144.5674409551 -37.6881444471)
11455		1	1		6.892	POINT(144.5674974201 -37.6879267897)	LINESTRING(144.5674926115 -37.6879572075,144.5675021254 -37.6878956437)
11456		1	1		5.285	POINT(144.5674054957 -37.6879256038)	LINESTRING(144.5674137084 -37.6879488738,144.5673968112 -37.6879032349)
11458		1	1		9.167	POINT(144.5664891181 -37.6874455943)	LINESTRING(144.5665397797 -37.6874521823,144.5664368338 -37.6874392176)
11460		1	1		4.668	POINT(144.5684553860 -37.6876684730)	LINESTRING(144.5684814634 -37.6876721149,144.5684291791 -37.6876648606)
11461		1	1		5.083	POINT(144.5678585053 -37.6866321952)	LINESTRING(144.5678634454 -37.6866096617,144.5678535656 -37.6866547297)
11462		1	1		19.584	POINT(144.5673178336 -37.6876099731)	LINESTRING(144.5673705918 -37.6876844659,144.5673663378 -37.6876632236,144.5673586362 -37.6876413610,144.5673476630 -37.6876198046,144.5673335938 -37.6875994810,144.5673166044 -37.6875813166,144.5672968706 -37.6875662379,144.5672745681 -37.6875551714,144.5672498727 -37.6875490436)
11464		1	1		5.001	POINT(144.5661377986 -37.6874311901)	LINESTRING(144.5661166274 -37.6874462451,144.5661592375 -37.6874164356)
11465		1	1		37.368	POINT(144.5676318427 -37.6874806104)	LINESTRING(144.5674210524 -37.6874598203,144.5678427348 -37.6875013954)
11466		1	1		13.288	POINT(144.5674895022 -37.6874357606)	LINESTRING(144.5674236628 -37.6874601348,144.5674415080 -37.6874605543,144.5674601143 -37.6874579180,144.5674786043 -37.6874525903,144.5674961004 -37.6874449354,144.5675117253 -37.6874353175,144.5675246012 -37.6874241009,144.5675338509 -37.6874116499,144.5675385966 -37.6873983286)
11467		1	1		34.134	POINT(144.5677058610 -37.6875545747)	LINESTRING(144.5677447701 -37.6874041173,144.5676669632 -37.6877050600)
11468		1	1		43.119	POINT(144.5674752165 -37.6874790008)	LINESTRING(144.5676661359 -37.6873943203,144.5676633125 -37.6874050985,144.5676592585 -37.6874154313,144.5676540315 -37.6874253217,144.5676476891 -37.6874347728,144.5676402890 -37.6874437875,144.5676318890 -37.6874523688,144.5676225466 -37.6874605199,144.5676123196 -37.6874682436,144.5676012656 -37.6874755431,144.5675894423 -37.6874824213,144.5675769073 -37.6874888814,144.5675637184 -37.6874949262,144.5675499332 -37.6875005589,144.5675356093 -37.6875057824,144.5675208045 -37.6875105997,144.5675055764 -37.6875150140,144.5674899826 -37.6875190281,144.5674740809 -37.6875226453,144.5674579289 -37.6875258683,144.5674415844 -37.6875287004,144.5674251048 -37.6875311444,144.5674085480 -37.6875332035,144.5673919716 -37.6875348806,144.5673754333 -37.6875361788,144.5673589907 -37.6875371011,144.5673427016 -37.6875376504,144.5673266235 -37.6875378300,144.5673108141 -37.6875376426,144.5672953312 -37.6875370915,144.5672802324 -37.6875361796,144.5672655754 -37.6875349099,144.5672514177 -37.6875332854)
11469		1	1		29.232	POINT(144.5676975483 -37.6875888496)	LINESTRING(144.5675759689 -37.6876591953,144.5675862957 -37.6876302852,144.5676072623 -37.6876039725,144.5676367170 -37.6875808250,144.5676725085 -37.6875614109,144.5677124850 -37.6875462982,144.5677544950 -37.6875360549,144.5677963869 -37.6875312491,144.5678360093 -37.6875324487)
11470		1	1		27.813	POINT(144.5675374191 -37.6875270738)	LINESTRING(144.5675170170 -37.6876512823,144.5675578902 -37.6874030911)
11471		1	1		50.758	POINT(144.5675333740 -37.6875739121)	LINESTRING(144.5678204771 -37.6875991556,144.5672468007 -37.6875486453)
11472		1	1		18.408	POINT(144.5677463855 -37.6876467044)	LINESTRING(144.5678230916 -37.6875994378,144.5678094720 -37.6875990256,144.5677959927 -37.6876006114,144.5677827677 -37.6876040079,144.5677699109 -37.6876090281,144.5677575361 -37.6876154847,144.5677457574 -37.6876231905,144.5677346886 -37.6876319583,144.5677244437 -37.6876416009,144.5677151365 -37.6876519312,144.5677068810 -37.6876627619,144.5676997911 -37.6876739058,144.5676939807 -37.6876851758,144.5676895637 -37.6876963846,144.5676866540 -37.6877073450)
11473		1	1		31.069	POINT(144.5676943508 -37.6874927757)	LINESTRING(144.5678279148 -37.6875681697,144.5678023653 -37.6875645160,144.5677756727 -37.6875589749,144.5677484358 -37.6875516523,144.5677212532 -37.6875426544,144.5676947237 -37.6875320871,144.5676694459 -37.6875200564,144.5676460186 -37.6875066685,144.5676250405 -37.6874920293,144.5676071103 -37.6874762447,144.5675928266 -37.6874594210,144.5675827883 -37.6874416640,144.5675775940 -37.6874230798,144.5675778423 -37.6874037745)
11474		1	1		28.273	POINT(144.5675377568 -37.6884350310)	LINESTRING(144.5675639577 -37.6883094099,144.5675602090 -37.6883304008,144.5675561670 -37.6883513567,144.5675518859 -37.6883722839,144.5675474194 -37.6883931890,144.5675428216 -37.6884140785,144.5675381462 -37.6884349588,144.5675334474 -37.6884558365,144.5675287789 -37.6884767182,144.5675241948 -37.6884976101,144.5675197488 -37.6885185190,144.5675154951 -37.6885394512,144.5675115203 -37.6885604171)
11475		1	1		1.226	POINT(144.5676085489 -37.6880506286)	LINESTRING(144.5676098368 -37.6880451103,144.5676071954 -37.6880559470)
11476		1	1		1.903	POINT(144.5676477093 -37.6878015740)	LINESTRING(144.5676495994 -37.6877933863,144.5676459999 -37.6878102754)
11477		1	1		35.204	POINT(144.5677341382 -37.6881975360)	LINESTRING(144.5676694951 -37.6880482628,144.5676677486 -37.6880675347,144.5676683276 -37.6880866568,144.5676710212 -37.6881056346,144.5676756184 -37.6881244740,144.5676819083 -37.6881431808,144.5676896799 -37.6881617605,144.5676987223 -37.6881802191,144.5677088246 -37.6881985623,144.5677197757 -37.6882167957,144.5677313648 -37.6882349252,144.5677433809 -37.6882529565,144.5677556130 -37.6882708953,144.5677678502 -37.6882887474,144.5677798816 -37.6883065186,144.5677914962 -37.6883242145,144.5678024830 -37.6883418410)
11478		1	1		5.347	POINT(144.5679382729 -37.6885587513)	LINESTRING(144.5679232211 -37.6885375855,144.5679542048 -37.6885789845)
11479		1	1		61.154	POINT(144.5676720313 -37.6884825391)	LINESTRING(144.5674269937 -37.6884794815,144.5674327221 -37.6884598250,144.5674365143 -37.6884460545,144.5674414879 -37.6884334444,144.5674486883 -37.6884218859,144.5674586939 -37.6884117320,144.5674751446 -37.6884009839,144.5674939310 -37.6883927882,144.5675144855 -37.6883867859,144.5675362408 -37.6883826181,144.5675586295 -37.6883799256,144.5675810841 -37.6883783496,144.5676030373 -37.6883775309,144.5676230030 -37.6883776682,144.5676429954 -37.6883790637,144.5676628891 -37.6883816390,144.5676825584 -37.6883853159,144.5677018777 -37.6883900160,144.5677207214 -37.6883956611,144.5677389637 -37.6884021729,144.5677500499 -37.6884069022,144.5677606884 -37.6884122905,144.5677708826 -37.6884182548,144.5677806360 -37.6884247120,144.5677899522 -37.6884315792,144.5677988345 -37.6884387734,144.5678072866 -37.6884462116,144.5678218084 -37.6884609924,144.5679197988 -37.6885948625)
11480		1	1		15.955	POINT(144.5705969912 -37.6903124593)	LINESTRING(144.5705088679 -37.6902958556,144.5705281918 -37.6902999602,144.5705477368 -37.6903039149,144.5705673321 -37.6903077152,144.5705869677 -37.6903113912,144.5706066335 -37.6903149729,144.5706263193 -37.6903184903,144.5706460152 -37.6903219735,144.5706657111 -37.6903254524,144.5706853954 -37.6903289617)
11481	Western Fwy	3	1		15.243	POINT(144.5721328928 -37.6906500940)	LINESTRING(144.5720463829 -37.6906435172,144.5722189222 -37.6906566893)
11482	Western Fwy	3	1		3.157	POINT(144.5739044915 -37.6908678973)	LINESTRING(144.5738870612 -37.6908650007,144.5739222308 -37.6908707115)
11483		3	1		14.934	POINT(144.5721457631 -37.6905960713)	LINESTRING(144.5720629892 -37.6905818774,144.5722290186 -37.6906101230)
11484		3	1		11.516	POINT(144.5671315425 -37.6906690725)	LINESTRING(144.5671432036 -37.6906179717,144.5671197904 -37.6907199336)
11485		1	1		29.297	POINT(144.5665465396 -37.6935003017)	LINESTRING(144.5665791874 -37.6933708299,144.5665137072 -37.6936293164)
11486		1	1		21.755	POINT(144.5666161256 -37.6935756043)	LINESTRING(144.5667161822 -37.6935290062,144.5666998329 -37.6935279404,144.5666830763 -37.6935287783,144.5666661383 -37.6935313785,144.5666492451 -37.6935355992,144.5666326224 -37.6935412989,144.5666164964 -37.6935483360,144.5666010931 -37.6935565688,144.5665866383 -37.6935658556,144.5665733581 -37.6935760550,144.5665614785 -37.6935870252,144.5665512255 -37.6935986246,144.5665428250 -37.6936107116,144.5665365030 -37.6936231446,144.5665324855 -37.6936357819)
11491		1	1		23.751	POINT(144.5666959454 -37.6920001636)	LINESTRING(144.5666712152 -37.6921050565,144.5667205371 -37.6918949229)
11492		1	1		11.179	POINT(144.5665441017 -37.6927008739)	LINESTRING(144.5665353582 -37.6927509636,144.5665528936 -37.6926513319)
11493		1	1		11.352	POINT(144.5666189490 -37.6923535780)	LINESTRING(144.5666087953 -37.6924038634,144.5666290716 -37.6923029835)
11494		1	1		75.407	POINT(144.5663355053 -37.6921111571)	LINESTRING(144.5665495236 -37.6923977691,144.5665513792 -37.6923735166,144.5665476246 -37.6923491024,144.5665406007 -37.6923247821,144.5665326483 -37.6923008116,144.5665231352 -37.6922747976,144.5665116873 -37.6922492337,144.5664985987 -37.6922241464,144.5664841633 -37.6921995626,144.5664625731 -37.6921666730,144.5664390238 -37.6921345927,144.5664137223 -37.6921033469,144.5663868752 -37.6920729608,144.5663606002 -37.6920463129,144.5663326538 -37.6920207100,144.5663038869 -37.6919956307,144.5662751504 -37.6919705533,144.5662336014 -37.6919344462,144.5661914856 -37.6918987448,144.5661494217 -37.6918630070,144.5661143178 -37.6918324752)
11496		1	1		73.491	POINT(144.5664807219 -37.6919318729)	LINESTRING(144.5668144706 -37.6919505490,144.5668083065 -37.6919666747,144.5667972349 -37.6919812469,144.5667822846 -37.6919943245,144.5667644844 -37.6920059659,144.5667448631 -37.6920162300,144.5667244495 -37.6920251753,144.5667042725 -37.6920328606,144.5666811949 -37.6920397880,144.5666571683 -37.6920445866,144.5666324555 -37.6920475188,144.5666073190 -37.6920488475,144.5665820214 -37.6920488354,144.5665568255 -37.6920477451,144.5665319939 -37.6920458393,144.5665127255 -37.6920435758,144.5664936147 -37.6920403309,144.5664747316 -37.6920361692,144.5664561466 -37.6920311551,144.5664379302 -37.6920253534,144.5664201525 -37.6920188285,144.5664028839 -37.6920116450,144.5663836104 -37.6920023192,144.5663652252 -37.6919919210,144.5663475697 -37.6919806690,144.5663304853 -37.6919687813,144.5663138135 -37.6919564764,144.5662973957 -37.6919439726,144.5662810732 -37.6919314882,144.5662601349 -37.6919150171,144.5662398341 -37.6918980542,144.5662200161 -37.6918807200,144.5662005263 -37.6918631350,144.5661812101 -37.6918454198,144.5661619130 -37.6918276949,144.5661420901 -37.6918098533)
11497		1	1		20.937	POINT(144.5668528038 -37.6920547028)	LINESTRING(144.5668726542 -37.6919618767,144.5668329993 -37.6921476468)
11498		1	1		12.582	POINT(144.5668029744 -37.6923032062)	LINESTRING(144.5668141823 -37.6922471203,144.5667916889 -37.6923589358)
11499		1	1		30.961	POINT(144.5669464239 -37.6922810742)	LINESTRING(144.5670903739 -37.6922096303,144.5670653973 -37.6922213117,144.5670381902 -37.6922319394,144.5670095150 -37.6922418866,144.5669801337 -37.6922515265,144.5669508088 -37.6922612324,144.5669223025 -37.6922713774,144.5668953770 -37.6922823349,144.5668707946 -37.6922944780,144.5668493175 -37.6923081800,144.5668317081 -37.6923238140,144.5668187285 -37.6923417533,144.5668111411 -37.6923623711)
11500		1	1		6.859	POINT(144.5672905699 -37.6921004339)	LINESTRING(144.5673197896 -37.6920799415,144.5672609914 -37.6921204980)
11501		1	1		5.640	POINT(144.5672613663 -37.6920576666)	LINESTRING(144.5672857668 -37.6920411026,144.5672350744 -37.6920721919)
11502		1	1		30.867	POINT(144.5668048700 -37.6920069339)	LINESTRING(144.5669219173 -37.6920944270,144.5669119642 -37.6920926393,144.5669020088 -37.6920903791,144.5668920750 -37.6920876646,144.5668821868 -37.6920845141,144.5668723681 -37.6920809456,144.5668626428 -37.6920769775,144.5668530347 -37.6920726278,144.5668435679 -37.6920679148,144.5668342661 -37.6920628566,144.5668251533 -37.6920574714,144.5668162535 -37.6920517775,144.5668075905 -37.6920457929,144.5667991881 -37.6920395359,144.5667910705 -37.6920330247,144.5667832613 -37.6920262773,144.5667757846 -37.6920193122,144.5667686642 -37.6920121473,144.5667619241 -37.6920048009,144.5667555882 -37.6919972912,144.5667496803 -37.6919896364,144.5667442244 -37.6919818545,144.5667392443 -37.6919739640,144.5667347641 -37.6919659828,144.5667308075 -37.6919579292,144.5667273986 -37.6919498214,144.5667245611 -37.6919416776,144.5667223191 -37.6919335159,144.5667206963 -37.6919253545,144.5667197168 -37.6919172116,144.5667194044 -37.6919091055,144.5667197831 -37.6919010542,144.5667208766 -37.6918930760)
11503	Western Fwy	3	1		23.674	POINT(144.5720628545 -37.6909464661)	LINESTRING(144.5721956748 -37.6909643199,144.5719302800 -37.6909285548)
11504	Western Fwy	2	2		21.218	POINT(144.5728742028 -37.6910429313)	LINESTRING(144.5729929247 -37.6910592560,144.5727551746 -37.6910266791)
11505		3	1		26.343	POINT(144.5720395335 -37.6910031249)	LINESTRING(144.5721882170 -37.6910111985,144.5718893434 -37.6909950982)
11506		1	1		11.776	POINT(144.5711671432 -37.6909589954)	LINESTRING(144.5712336818 -37.6909622138,144.5711000086 -37.6909558076)
11507		1	1		13.251	POINT(144.5679104868 -37.6916798690)	LINESTRING(144.5679723056 -37.6916456271,144.5678496866 -37.6917149436)
11508	Western Fwy	3	1		15.015	POINT(144.5620663420 -37.6897853537)	LINESTRING(144.5621515203 -37.6897923108,144.5619816881 -37.6897783750)
11509	Western Fwy	3	1		5.416	POINT(144.5598370176 -37.6895465528)	LINESTRING(144.5598672762 -37.6895499134,144.5598062639 -37.6895432867)
11510		1	1		10.755	POINT(144.5628130324 -37.6899759453)	LINESTRING(144.5628717293 -37.6899888090,144.5627537677 -37.6899632497)
11511		3	1		16.802	POINT(144.5620640324 -37.6898387552)	LINESTRING(144.5621572298 -37.6898529616,144.5619695130 -37.6898247421)
11512		1	1		1.001	POINT(144.5494920090 -37.6861758315)	LINESTRING(144.5494911647 -37.6861804123,144.5494928892 -37.6861715034)
11513		1	1		1.033	POINT(144.5483826128 -37.6916388621)	LINESTRING(144.5483812221 -37.6916434154,144.5483840577 -37.6916343992)
11514		1	1		1.001	POINT(144.5484083183 -37.6917240616)	LINESTRING(144.5484096052 -37.6917195901,144.5484069982 -37.6917283630)
11515		1	1		1.025	POINT(144.5495437267 -37.6862012908)	LINESTRING(144.5495446254 -37.6861967259,144.5495428213 -37.6862058385)
11519		1	1		3.842	POINT(144.5323486892 -37.6862855454)	LINESTRING(144.5323707173 -37.6862851122,144.5323270440 -37.6862859747)
11520		1	1		39.679	POINT(144.5309877805 -37.6862219508)	LINESTRING(144.5307626013 -37.6862260007,144.5312137030 -37.6862179076)
11523		1	1		28.538	POINT(144.5310266288 -37.6862054488)	LINESTRING(144.5311594122 -37.6862624991,144.5311487078 -37.6862625354,144.5311375546 -37.6862621547,144.5311260211 -37.6862613659,144.5311141757 -37.6862601781,144.5311020870 -37.6862586004,144.5310898235 -37.6862566417,144.5310774535 -37.6862543112,144.5310650457 -37.6862516178,144.5310526683 -37.6862485705,144.5310403901 -37.6862451785,144.5310282793 -37.6862414508,144.5310164045 -37.6862373963,144.5310048342 -37.6862330241,144.5309936368 -37.6862283433,144.5309828808 -37.6862233629,144.5309726347 -37.6862180919,144.5309629670 -37.6862125394,144.5309539461 -37.6862067144,144.5309456405 -37.6862006259,144.5309381187 -37.6861942829,144.5309314492 -37.6861876946,144.5309257005 -37.6861808699,144.5309209409 -37.6861738178,144.5309172391 -37.6861665475,144.5309146634 -37.6861590679,144.5309132824 -37.6861513881,144.5309131645 -37.6861435170,144.5309143782 -37.6861354639)
11524		1	1		16.594	POINT(144.5311225170 -37.6861992032)	LINESTRING(144.5310477798 -37.6861702770,144.5310506931 -37.6861755742,144.5310542617 -37.6861804878,144.5310584443 -37.6861850310,144.5310631996 -37.6861892166,144.5310684863 -37.6861930577,144.5310742630 -37.6861965673,144.5310804885 -37.6861997584,144.5310871215 -37.6862026440,144.5310941206 -37.6862052370,144.5311014445 -37.6862075504,144.5311090520 -37.6862095973,144.5311169017 -37.6862113906,144.5311249523 -37.6862129433,144.5311331625 -37.6862142684,144.5311414911 -37.6862153789,144.5311498966 -37.6862162879,144.5311583379 -37.6862170081,144.5311667735 -37.6862175528,144.5311751622 -37.6862179348,144.5311834627 -37.6862181672,144.5311916336 -37.6862182629,144.5311996338 -37.6862182350,144.5312074217 -37.6862180963,144.5312149562 -37.6862178600)
11527		1	1		22.900	POINT(144.5495205666 -37.6854291407)	LINESTRING(144.5494811652 -37.6855281310,144.5494857744 -37.6855139597,144.5494905480 -37.6854998198,144.5494954830 -37.6854857122,144.5495005769 -37.6854716378,144.5495058267 -37.6854575976,144.5495112296 -37.6854435924,144.5495167830 -37.6854296232,144.5495224841 -37.6854156910,144.5495283299 -37.6854017965,144.5495343179 -37.6853879408,144.5495404452 -37.6853741247,144.5495467090 -37.6853603493,144.5495531065 -37.6853466153,144.5495606091 -37.6853320181)
11528		1	1		29.788	POINT(144.5494683636 -37.6854384588)	LINESTRING(144.5493616118 -37.6855350014,144.5493834214 -37.6855305041,144.5494037264 -37.6855234486,144.5494226059 -37.6855140966,144.5494401392 -37.6855027100,144.5494564055 -37.6854895506,144.5494714840 -37.6854748801,144.5494854540 -37.6854589604,144.5494983946 -37.6854420533,144.5495103851 -37.6854244205,144.5495215046 -37.6854063239,144.5495318325 -37.6853880252,144.5495414478 -37.6853697863,144.5495504299 -37.6853518689,144.5495606091 -37.6853320181)
11529		1	1		20.780	POINT(144.5494658908 -37.6854933027)	LINESTRING(144.5493614721 -37.6855350208,144.5493776367 -37.6855319691,144.5493932303 -37.6855275382,144.5494083488 -37.6855219615,144.5494230880 -37.6855154717,144.5494375437 -37.6855083022,144.5494518118 -37.6855006859,144.5494659881 -37.6854928558,144.5494801684 -37.6854850452,144.5494944486 -37.6854774870,144.5495089245 -37.6854704143,144.5495236919 -37.6854640601,144.5495388466 -37.6854586577,144.5495544845 -37.6854544399,144.5495707014 -37.6854516400)
11530		1	1		13.249	POINT(144.5495265787 -37.6856685341)	LINESTRING(144.5495896944 -37.6856991112,144.5495863117 -37.6856988586,144.5495829242 -37.6856985033,144.5495795352 -37.6856980475,144.5495761479 -37.6856974935,144.5495727658 -37.6856968436,144.5495693919 -37.6856961000,144.5495660297 -37.6856952652,144.5495626825 -37.6856943412,144.5495593534 -37.6856933305,144.5495560459 -37.6856922353,144.5495527631 -37.6856910578,144.5495495084 -37.6856898004,144.5495462850 -37.6856884653,144.5495430963 -37.6856870547,144.5495399455 -37.6856855711,144.5495368359 -37.6856840166,144.5495337708 -37.6856823936,144.5495307535 -37.6856807042,144.5495277873 -37.6856789509,144.5495248754 -37.6856771358,144.5495220212 -37.6856752612,144.5495192279 -37.6856733295,144.5495164988 -37.6856713429,144.5495138372 -37.6856693036,144.5495112465 -37.6856672140,144.5495087298 -37.6856650764,144.5495062904 -37.6856628929,144.5495039317 -37.6856606659,144.5495016570 -37.6856583977,144.5494994695 -37.6856560906,144.5494973725 -37.6856537467,144.5494953692 -37.6856513685,144.5494934631 -37.6856489581,144.5494916573 -37.6856465179,144.5494899552 -37.6856440502,144.5494883601 -37.6856415571,144.5494868751 -37.6856390410,144.5494855037 -37.6856365042,144.5494842491 -37.6856339490,144.5494831145 -37.6856313775,144.5494821034 -37.6856287922,144.5494812189 -37.6856261952)
11531		1	1		14.404	POINT(144.5495002788 -37.6856911612)	LINESTRING(144.5495201753 -37.6857526114,144.5495125484 -37.6857376713,144.5495064229 -37.6857223202,144.5495014464 -37.6857066541,144.5494972662 -37.6856907690,144.5494935300 -37.6856747610,144.5494898851 -37.6856587260,144.5494859792 -37.6856427602,144.5494814597 -37.6856269595)
11532		1	1		19.698	POINT(144.5494472912 -37.6856937413)	LINESTRING(144.5495213989 -37.6857547292,144.5495087430 -37.6857353782,144.5494934212 -37.6857165512,144.5494756821 -37.6856987259,144.5494557743 -37.6856823804,144.5494339463 -37.6856679926,144.5494104466 -37.6856560404,144.5493855238 -37.6856470018,144.5493594265 -37.6856413547)
11536		1	1		33.029	POINT(144.5498457812 -37.6854233711)	LINESTRING(144.5497059056 -37.6853434103,144.5497088967 -37.6853530197,144.5497128719 -37.6853623411,144.5497177832 -37.6853713704,144.5497235826 -37.6853801041,144.5497302220 -37.6853885381,144.5497376536 -37.6853966688,144.5497458292 -37.6854044922,144.5497547009 -37.6854120045,144.5497642207 -37.6854192020,144.5497743406 -37.6854260807,144.5497850126 -37.6854326368,144.5497961886 -37.6854388666,144.5498078208 -37.6854447662,144.5498198610 -37.6854503317,144.5498322613 -37.6854555593,144.5498449737 -37.6854604452,144.5498579501 -37.6854649857,144.5498711426 -37.6854691767,144.5498845032 -37.6854730146,144.5498979839 -37.6854764954,144.5499115367 -37.6854796154,144.5499251135 -37.6854823707,144.5499386664 -37.6854847575,144.5499521473 -37.6854867720,144.5499655084 -37.6854884103,144.5499787015 -37.6854896686,144.5499916786 -37.6854905431,144.5500043919 -37.6854910299)
11537		1	1		17.063	POINT(144.5497280407 -37.6854178737)	LINESTRING(144.5497054075 -37.6853414539,144.5497067218 -37.6853468102,144.5497079554 -37.6853522020,144.5497091211 -37.6853576246,144.5497102314 -37.6853630732,144.5497112992 -37.6853685428,144.5497123370 -37.6853740288,144.5497133575 -37.6853795263,144.5497143734 -37.6853850304,144.5497153975 -37.6853905365,144.5497164423 -37.6853960396,144.5497175206 -37.6854015350,144.5497186451 -37.6854070179,144.5497198284 -37.6854124834,144.5497210831 -37.6854179267,144.5497224221 -37.6854233430,144.5497238580 -37.6854287276,144.5497254034 -37.6854340755,144.5497270710 -37.6854393821,144.5497288735 -37.6854446424,144.5497308236 -37.6854498517,144.5497329340 -37.6854550052,144.5497352174 -37.6854600980,144.5497376864 -37.6854651253,144.5497403537 -37.6854700824,144.5497432320 -37.6854749643,144.5497463340 -37.6854797664,144.5497496723 -37.6854844838,144.5497532597 -37.6854891117)
11542		1	1		22.265	POINT(144.5497444692 -37.6856888829)	LINESTRING(144.5497924287 -37.6855942724,144.5497908544 -37.6856106291,144.5497873200 -37.6856267115,144.5497820512 -37.6856425371,144.5497752735 -37.6856581236,144.5497672127 -37.6856734882,144.5497580942 -37.6856886487,144.5497481437 -37.6857036225,144.5497375868 -37.6857184270,144.5497266493 -37.6857330799,144.5497155565 -37.6857475985,144.5497045343 -37.6857620005,144.5496938082 -37.6857763033)
11544		1	1		21.897	POINT(144.5497986626 -37.6856393363)	LINESTRING(144.5499051259 -37.6855890053,144.5498984096 -37.6855896940,144.5498918346 -37.6855906974,144.5498853931 -37.6855919983,144.5498790770 -37.6855935797,144.5498728783 -37.6855954246,144.5498667890 -37.6855975157,144.5498608013 -37.6855998362,144.5498549070 -37.6856023689,144.5498490981 -37.6856050967,144.5498433668 -37.6856080026,144.5498377050 -37.6856110694,144.5498321047 -37.6856142802,144.5498265580 -37.6856176179,144.5498210569 -37.6856210653,144.5498155933 -37.6856246055,144.5498101593 -37.6856282213,144.5498047469 -37.6856318957,144.5497993481 -37.6856356116,144.5497939550 -37.6856393519,144.5497885595 -37.6856430996,144.5497831537 -37.6856468376,144.5497777295 -37.6856505489,144.5497722790 -37.6856542162,144.5497667943 -37.6856578227,144.5497612672 -37.6856613512,144.5497556899 -37.6856647846,144.5497500544 -37.6856681059,144.5497443526 -37.6856712980,144.5497385766 -37.6856743439,144.5497327184 -37.6856772264,144.5497267700 -37.6856799285,144.5497207234 -37.6856824331,144.5497145706 -37.6856847232,144.5497083037 -37.6856867817,144.5497019147 -37.6856885915,144.5496953956 -37.6856901355)
11549		1	1		21.426	POINT(144.5494731151 -37.6856702691)	LINESTRING(144.5495898933 -37.6856991213,144.5495558852 -37.6856950057,144.5495226665 -37.6856875346,144.5494899862 -37.6856778927,144.5494575285 -37.6856672591,144.5494249775 -37.6856568128,144.5493920174 -37.6856477329,144.5493583323 -37.6856411987)
11550		1	1		14.464	POINT(144.5497506101 -37.6856490928)	LINESTRING(144.5497924287 -37.6855942724,144.5497882572 -37.6856148535,144.5497777803 -37.6856349619,144.5497621220 -37.6856535720,144.5497424062 -37.6856696582,144.5497197569 -37.6856821948,144.5496952981 -37.6856901563)
11551		1	1		28.533	POINT(144.5498436587 -37.6854712883)	LINESTRING(144.5496846445 -37.6854513639,144.5497303545 -37.6854574637,144.5497759612 -37.6854643934,144.5498215346 -37.6854715689,144.5498671448 -37.6854784057,144.5499128618 -37.6854843197,144.5499587557 -37.6854887264,144.5500048965 -37.6854910416)
11552		1	1		12.937	POINT(144.5480974043 -37.6922049187)	LINESTRING(144.5480533108 -37.6922488394,144.5480599421 -37.6922328113,144.5480711007 -37.6922179322,144.5480859324 -37.6922044937,144.5481035831 -37.6921927875,144.5481231986 -37.6921831054,144.5481439248 -37.6921757391,144.5481557369 -37.6921724588)
11553		1	1		13.396	POINT(144.5480953205 -37.6921787441)	LINESTRING(144.5480294198 -37.6922096074,144.5480500025 -37.6922049615,144.5480701819 -37.6921982815,144.5480894792 -37.6921897311,144.5481074161 -37.6921794737,144.5481235136 -37.6921676730,144.5481372933 -37.6921544926,144.5481482765 -37.6921400959)
11554		1	1		14.731	POINT(144.5481002784 -37.6921916266)	LINESTRING(144.5480536920 -37.6922472985,144.5480609982 -37.6922298649,144.5480728324 -37.6922140162,144.5480877279 -37.6921992110,144.5481042179 -37.6921849083,144.5481208356 -37.6921705669,144.5481361142 -37.6921556457,144.5481485869 -37.6921396035)
11555		1	1		12.198	POINT(144.5480943620 -37.6921906834)	LINESTRING(144.5480295003 -37.6922095934,144.5480485231 -37.6922054254,144.5480670755 -37.6921999702,144.5480853490 -37.6921937555,144.5481035352 -37.6921873089,144.5481218258 -37.6921811580,144.5481404123 -37.6921758306,144.5481594863 -37.6921718543)
11556		1	1		8.651	POINT(144.5480794900 -37.6923780024)	LINESTRING(144.5481166605 -37.6924011346,144.5481061101 -37.6923964130,144.5480959364 -37.6923908619,144.5480863278 -37.6923845553,144.5480774728 -37.6923775675,144.5480695597 -37.6923699725,144.5480627770 -37.6923618445,144.5480573132 -37.6923532575,144.5480533570 -37.6923442857)
11557		1	1		14.245	POINT(144.5480521718 -37.6923712701)	LINESTRING(144.5480971128 -37.6924244827,144.5480928423 -37.6924145564,144.5480876934 -37.6924047686,144.5480817112 -37.6923951768,144.5480749406 -37.6923858386,144.5480674270 -37.6923768114,144.5480592153 -37.6923681529,144.5480503506 -37.6923599205,144.5480408782 -37.6923521718,144.5480308431 -37.6923449643,144.5480202903 -37.6923383556,144.5480092651 -37.6923324031,144.5479978125 -37.6923271646)
11558		1	1		9.858	POINT(144.5480752244 -37.6923853556)	LINESTRING(144.5480975943 -37.6924257415,144.5480533454 -37.6923442389)
11559		1	1		13.488	POINT(144.5480556522 -37.6923642834)	LINESTRING(144.5481166605 -37.6924011346,144.5480902373 -37.6923896828,144.5480668084 -37.6923741249,144.5480445805 -37.6923568435,144.5480217603 -37.6923402209,144.5479965544 -37.6923266395)
11560		1	1		14.769	POINT(144.5483023323 -37.6923851358)	LINESTRING(144.5483531971 -37.6923393688,144.5483454728 -37.6923566130,144.5483332292 -37.6923732344,144.5483172883 -37.6923884496,144.5482984719 -37.6924014755,144.5482776019 -37.6924115287,144.5482555002 -37.6924178261,144.5482329888 -37.6924195844)
11561		1	1		17.172	POINT(144.5483012486 -37.6924040943)	LINESTRING(144.5483531971 -37.6923393688,144.5483435995 -37.6923595675,144.5483289158 -37.6923780495,144.5483111456 -37.6923954946,144.5482922884 -37.6924125825,144.5482743438 -37.6924299931,144.5482593112 -37.6924484062,144.5482491904 -37.6924685015)
11562		1	1		16.706	POINT(144.5483184722 -37.6923871705)	LINESTRING(144.5484006899 -37.6923545131,144.5483752711 -37.6923608239,144.5483513431 -37.6923713891,144.5483282896 -37.6923842526,144.5483054942 -37.6923974583,144.5482823407 -37.6924090501,144.5482582128 -37.6924170718,144.5482324943 -37.6924195673)
11563		1	1		11.106	POINT(144.5483098152 -37.6922039510)	LINESTRING(144.5482590874 -37.6921753545,144.5482754422 -37.6921808159,144.5482911946 -37.6921878963,144.5483059964 -37.6921964265,144.5483194995 -37.6922062371,144.5483313558 -37.6922171587,144.5483412171 -37.6922290222,144.5483487352 -37.6922416582)
11564		1	1		10.803	POINT(144.5483292066 -37.6921969367)	LINESTRING(144.5483102468 -37.6921497309,144.5483137839 -37.6921632861,144.5483183568 -37.6921766467,144.5483237387 -37.6921898501,144.5483297029 -37.6922029337,144.5483360227 -37.6922159348,144.5483424714 -37.6922288908,144.5483488088 -37.6922418429)
11565		1	1		15.393	POINT(144.5483321600 -37.6922111117)	LINESTRING(144.5482574258 -37.6921748929,144.5482801198 -37.6921827636,144.5483014868 -37.6921927849,144.5483220182 -37.6922041755,144.5483422055 -37.6922161543,144.5483625401 -37.6922279401,144.5483835135 -37.6922387517,144.5484056171 -37.6922478081)
11567		1	1		12.520	POINT(144.5495196547 -37.6854841623)	LINESTRING(144.5494809736 -37.6855287810,144.5494835898 -37.6855213117,144.5494870180 -37.6855138361,144.5494912104 -37.6855064300,144.5494961191 -37.6854991693,144.5495016962 -37.6854921296,144.5495078939 -37.6854853868,144.5495146644 -37.6854790167,144.5495219598 -37.6854730951,144.5495297322 -37.6854676978,144.5495379338 -37.6854629007,144.5495465167 -37.6854587795,144.5495554331 -37.6854554099,144.5495646352 -37.6854528680,144.5495740750 -37.6854512293)
11568		1	1		7.762	POINT(144.5497256909 -37.6854671546)	LINESTRING(144.5496837639 -37.6854512583,144.5496897956 -37.6854521778,144.5496957645 -37.6854534695,144.5497016472 -37.6854551118,144.5497074207 -37.6854570830,144.5497130618 -37.6854593615,144.5497185473 -37.6854619256,144.5497238541 -37.6854647537,144.5497289590 -37.6854678242,144.5497338389 -37.6854711152,144.5497384705 -37.6854746053,144.5497428309 -37.6854782727,144.5497468967 -37.6854820958,144.5497506449 -37.6854860529,144.5497540522 -37.6854901224)
11573		1	1		18.357	POINT(144.5666535725 -37.6934361229)	LINESTRING(144.5665991389 -37.6933716749,144.5665984818 -37.6933843490,144.5666008680 -37.6933971060,144.5666059905 -37.6934097552,144.5666135424 -37.6934221059,144.5666232168 -37.6934339675,144.5666347067 -37.6934451492,144.5666477051 -37.6934554604,144.5666619050 -37.6934647103,144.5666769997 -37.6934727083,144.5666926819 -37.6934792636,144.5667086449 -37.6934841856,144.5667245817 -37.6934872836)
11575		1	1		13.622	POINT(144.5677957276 -37.6874605161)	LINESTRING(144.5677644287 -37.6874065665,144.5677643492 -37.6874261256,144.5677708376 -37.6874464559,144.5677828806 -37.6874658498,144.5677994647 -37.6874825993,144.5678195767 -37.6874949965,144.5678422031 -37.6875013336)
11576		1	1		43.344	POINT(144.5675291752 -37.6876427234)	LINESTRING(144.5674132494 -37.6874907403,144.5674316094 -37.6874938257,144.5674492455 -37.6874985073,144.5674661442 -37.6875046876,144.5674822915 -37.6875122696,144.5674976738 -37.6875211557,144.5675122772 -37.6875312487,144.5675260879 -37.6875424513,144.5675390923 -37.6875546662,144.5675512764 -37.6875677961,144.5675626266 -37.6875817436,144.5675731290 -37.6875964115,144.5675827698 -37.6876117024,144.5675915354 -37.6876275191,144.5675994119 -37.6876437642,144.5676063855 -37.6876603404,144.5676124424 -37.6876771504,144.5676175690 -37.6876940969,144.5676217513 -37.6877110826,144.5676249756 -37.6877280101,144.5676272282 -37.6877447823,144.5676284953 -37.6877613017,144.5676287630 -37.6877774710,144.5676280176 -37.6877931930,144.5676262454 -37.6878083703)
11581		1	1		5.847	POINT(144.5670639439 -37.6883543361)	LINESTRING(144.5670422244 -37.6883677640,144.5670461121 -37.6883659267,144.5670509307 -37.6883635685,144.5670557686 -37.6883611893,144.5670606365 -37.6883588295,144.5670655446 -37.6883565298,144.5670705035 -37.6883543307,144.5670755236 -37.6883522729,144.5670806154 -37.6883503969,144.5670857893 -37.6883487432,144.5670910557 -37.6883473525,144.5670964251 -37.6883462653,144.5671019079 -37.6883455222)
11585		1	1		23.504	POINT(144.5423903629 -37.6859688925)	LINESTRING(144.5422571741 -37.6859765399,144.5422952361 -37.6859741446,144.5423333102 -37.6859718740,144.5423713933 -37.6859696957,144.5424094823 -37.6859675772,144.5424475739 -37.6859654861,144.5424856650 -37.6859633897,144.5425237523 -37.6859612556)
11586		1	1		23.843	POINT(144.5424024844 -37.6860057803)	LINESTRING(144.5425379708 -37.6860001653,144.5424993173 -37.6860021066,144.5424606286 -37.6860036165,144.5424219207 -37.6860048867,144.5423832096 -37.6860061090,144.5423445111 -37.6860074753,144.5423058415 -37.6860091773,144.5422672164 -37.6860114069)
11587		1	1		12.438	POINT(144.5423299075 -37.6860333231)	LINESTRING(144.5423749169 -37.6860685444,144.5423704192 -37.6860544459,144.5423599595 -37.6860417432,144.5423449111 -37.6860307875,144.5423266673 -37.6860219291,144.5423066211 -37.6860155184,144.5422861659 -37.6860119057,144.5422666948 -37.6860114415)
11588		1	1		18.468	POINT(144.5423448408 -37.6860140674)	LINESTRING(144.5422569295 -37.6859765558,144.5422856783 -37.6859774724,144.5423156136 -37.6859833625,144.5423447761 -37.6859935846,144.5423712064 -37.6860074973,144.5423929450 -37.6860244590,144.5424080324 -37.6860438282,144.5424145195 -37.6860649630)
11589		1	1		12.834	POINT(144.5424686987 -37.6860415640)	LINESTRING(144.5425414083 -37.6860315484,144.5425202185 -37.6860324081,144.5424963407 -37.6860333131,144.5424720020 -37.6860350473,144.5424494293 -37.6860383948,144.5424308497 -37.6860441394,144.5424184904 -37.6860530652,144.5424146015 -37.6860659549)
11590		1	1		19.065	POINT(144.5424405470 -37.6860067467)	LINESTRING(144.5423747964 -37.6860669853,144.5423783930 -37.6860447321,144.5423910780 -37.6860236369,144.5424109304 -37.6860044350,144.5424360371 -37.6859878611,144.5424644853 -37.6859746500,144.5424943621 -37.6859655365,144.5425237545 -37.6859612555)
11591		1	1		11.731	POINT(144.5438981822 -37.6859186698)	LINESTRING(144.5439648409 -37.6859162989,144.5439458253 -37.6859172509,144.5439267877 -37.6859179151,144.5439077370 -37.6859184094,144.5438886825 -37.6859188515,144.5438696332 -37.6859193595,144.5438505982 -37.6859200511,144.5438315866 -37.6859210441)
11592		1	1		25.464	POINT(144.5439026062 -37.6858775415)	LINESTRING(144.5437586368 -37.6858896711,144.5437998403 -37.6858868394,144.5438409723 -37.6858833848,144.5438820612 -37.6858795542,144.5439231355 -37.6858755945,144.5439642234 -37.6858717527,144.5440053533 -37.6858682757,144.5440465535 -37.6858654104)
11594		1	1		15.517	POINT(144.5438295764 -37.6858585485)	LINESTRING(144.5437556873 -37.6858898454,144.5437801432 -37.6858868233,144.5438059533 -37.6858806784,144.5438311293 -37.6858716945,144.5438536829 -37.6858601552,144.5438716258 -37.6858463440,144.5438829699 -37.6858305446,144.5438857268 -37.6858130407)
11595		1	1		12.309	POINT(144.5439861096 -37.6858423909)	LINESTRING(144.5439423771 -37.6858065487,144.5439472688 -37.6858206251,144.5439576195 -37.6858334917,144.5439721975 -37.6858447381,144.5439897709 -37.6858539540,144.5440091082 -37.6858607290,144.5440289774 -37.6858646527,144.5440481470 -37.6858653147)
11596		1	1		14.499	POINT(144.5439169709 -37.6858722017)	LINESTRING(144.5439663865 -37.6859162066,144.5439462742 -37.6859136012,144.5439291751 -37.6859042869,144.5439150032 -37.6858898960,144.5439036725 -37.6858720610,144.5438950971 -37.6858524142,144.5438891910 -37.6858325880,144.5438858682 -37.6858142148)
11597		1	1		17.354	POINT(144.5438949404 -37.6858715916)	LINESTRING(144.5439425362 -37.6858078698,144.5439413118 -37.6858289680,144.5439334136 -37.6858505266,144.5439198917 -37.6858712851,144.5439017964 -37.6858899829,144.5438801779 -37.6859053596,144.5438560864 -37.6859161545,144.5438305723 -37.6859211072)
11598		1	1		22.578	POINT(144.5468489527 -37.6856877995)	LINESTRING(144.5467209838 -37.6856947008,144.5467575455 -37.6856923976,144.5467941304 -37.6856903357,144.5468307309 -37.6856884371,144.5468673397 -37.6856866235,144.5469039494 -37.6856848166,144.5469405526 -37.6856829384,144.5469771419 -37.6856809106)
11599		1	1		22.963	POINT(144.5468563454 -37.6857316365)	LINESTRING(144.5469865028 -37.6857219278,144.5469493222 -37.6857243184,144.5469121656 -37.6857269314,144.5468750270 -37.6857297109,144.5468379003 -37.6857326007,144.5468007797 -37.6857355448,144.5467636592 -37.6857384872,144.5467265327 -37.6857413718)
11600		1	1		13.144	POINT(144.5467652285 -37.6856570713)	LINESTRING(144.5467181219 -37.6856948926,144.5467370400 -37.6856908410,144.5467542219 -37.6856820407,144.5467691472 -37.6856695793,144.5467812954 -37.6856545446,144.5467901461 -37.6856380240,144.5467951789 -37.6856211053,144.5467958733 -37.6856048760)
11601		1	1		16.040	POINT(144.5469058746 -37.6856460115)	LINESTRING(144.5468490189 -37.6855981311,144.5468548785 -37.6856168049,144.5468674716 -37.6856344137,144.5468853600 -37.6856502202,144.5469071054 -37.6856634872,144.5469312697 -37.6856734777,144.5469564144 -37.6856794544,144.5469811015 -37.6856806802)
11602		1	1		20.898	POINT(144.5467950556 -37.6856771974)	LINESTRING(144.5468490615 -37.6855985315,144.5468479223 -37.6856243096,144.5468398259 -37.6856511122,144.5468256235 -37.6856772539,144.5468061661 -37.6857010494,144.5467823051 -37.6857208135,144.5467548916 -37.6857348607,144.5467247768 -37.6857415059)
11603		1	1		23.044	POINT(144.5468824094 -37.6856700313)	LINESTRING(144.5469872398 -37.6857218830,144.5469516979 -37.6857202802,144.5469153504 -37.6857119606,144.5468803218 -37.6856979351,144.5468487366 -37.6856792149,144.5468227193 -37.6856568108,144.5468043942 -37.6856317341,144.5467958860 -37.6856049957)
11604		1	1		1.001	POINT(144.5677751029 -37.6870491241)	LINESTRING(144.5677759885 -37.6870446726,144.5677742172 -37.6870535756)
11605		1	1		1.001	POINT(144.5673395830 -37.6887815257)	LINESTRING(144.5673388826 -37.6887859978,144.5673402834 -37.6887770537)
11607		1	1		1.063	POINT(144.5669963110 -37.6874244884)	LINESTRING(144.5669904616 -37.6874236183,144.5670023579 -37.6874253090)
11608	Western Fwy	3	1		1.002	POINT(144.5669112326 -37.6916667690)	LINESTRING(144.5669121183 -37.6916623178,144.5669103468 -37.6916712203)
11609		1	1		29.194	POINT(144.5497931908 -37.6856787726)	LINESTRING(144.5499075569 -37.6855888171,144.5498964018 -37.6855900667,144.5498856277 -37.6855920338,144.5498752207 -37.6855946821,144.5498651669 -37.6855979756,144.5498554525 -37.6856018779,144.5498460634 -37.6856063529,144.5498369858 -37.6856113645,144.5498282058 -37.6856168764,144.5498197095 -37.6856228526,144.5498114830 -37.6856292567,144.5498035123 -37.6856360526,144.5497957836 -37.6856432041,144.5497882830 -37.6856506751,144.5497809965 -37.6856584293,144.5497739103 -37.6856664307,144.5497670104 -37.6856746429,144.5497602830 -37.6856830299,144.5497537141 -37.6856915554,144.5497472898 -37.6857001833,144.5497409962 -37.6857088773,144.5497348195 -37.6857176013,144.5497287457 -37.6857263192,144.5497227609 -37.6857349947,144.5497168512 -37.6857435916,144.5497110027 -37.6857520738,144.5497052015 -37.6857604051,144.5496994336 -37.6857685493,144.5496936853 -37.6857764702)
11611		1	1		14.141	POINT(144.5483525075 -37.6922048333)	LINESTRING(144.5483104696 -37.6921507654,144.5483159801 -37.6921679689,144.5483248131 -37.6921847490,144.5483365860 -37.6922006897,144.5483509163 -37.6922153752,144.5483674217 -37.6922283897,144.5483857195 -37.6922393174,144.5484054274 -37.6922477423)
11612		1	1		19.413	POINT(144.5483175782 -37.6924065002)	LINESTRING(144.5484011742 -37.6923544483,144.5483718909 -37.6923609146,144.5483438410 -37.6923718953,144.5483177902 -37.6923866728,144.5482945041 -37.6924045300,144.5482747485 -37.6924247493,144.5482592891 -37.6924466136,144.5482488914 -37.6924694055)
11619		1	1		16.164	POINT(144.7016942755 -37.7478027024)	LINESTRING(144.7017134740 -37.7477358588,144.7017013413 -37.7477539223,144.7016918545 -37.7477731337,144.7016848800 -37.7477931997,144.7016802848 -37.7478138272,144.7016779354 -37.7478347228,144.7016776986 -37.7478555933,144.7016794387 -37.7478762119)
11622	High St	1	1		1.001	POINT(144.6054072338 -37.6911310323)	LINESTRING(144.6054096747 -37.6911361100,144.6054037580 -37.6911284114)
11623	Hopkins Rd	1	1		1.001	POINT(144.7011804560 -37.7474916095)	LINESTRING(144.7011785572 -37.7474853238,144.7011841453 -37.7474931705)
11624	Hopkins Rd	1	1		1.001	POINT(144.7017004322 -37.7484038152)	LINESTRING(144.7016989769 -37.7483994614,144.7017018876 -37.7484081676)
11625	Hopkins Rd	1	1		6.234	POINT(144.7015309285 -37.7484346787)	LINESTRING(144.7015456406 -37.7484630640,144.7015132770 -37.7484131885)
11627		1	1		2.813	POINT(144.5664560337 -37.6886788975)	LINESTRING(144.5664416912 -37.6886852004,144.5664692299 -37.6886723257)
11629		1	1		6.589	POINT(144.5673951123 -37.6881593681)	LINESTRING(144.5673574726 -37.6881656638,144.5673751865 -37.6881637475,144.5673912443 -37.6881609961,144.5674054804 -37.6881571743,144.5674160894 -37.6881512395,144.5674212655 -37.6881421491)
11630		1	1		13.592	POINT(144.5674345024 -37.6881677412)	LINESTRING(144.5673576495 -37.6881656003,144.5674006836 -37.6881688594,144.5674350185 -37.6881717509,144.5674658180 -37.6881725649,144.5674888462 -37.6881673785,144.5674998674 -37.6881522686)
11631		1	1		39.471	POINT(144.5308695258 -37.6862320047)	LINESTRING(144.5310404920 -37.6861550961,144.5310347867 -37.6862078191,144.5309734878 -37.6862475791,144.5308789485 -37.6862753586,144.5307735220 -37.6862921402,144.5306795616 -37.6862989065)
11634	Leakes Rd	1	1		1.002	POINT(144.6522856350 -37.7223637226)	LINESTRING(144.6522824185 -37.7223674395,144.6522888515 -37.7223600058)
11635	Western Fwy	3	2		1.001	POINT(144.6176225030 -37.7000677372)	LINESTRING(144.6176267037 -37.7000707725,144.6176183023 -37.7000647019)
11636	Western Hwy	3	1		1.001	POINT(144.6612963096 -37.7294295909)	LINESTRING(144.6613008827 -37.7294322745,144.6612917365 -37.7294269072)
11637		1	1		39.228	POINT(144.6550045147 -37.7191441696)	LINESTRING(144.6551954151 -37.7190703235,144.6551228392 -37.7190705455,144.6550469604 -37.7190824242,144.6549737941 -37.7191050607,144.6549093554 -37.7191375565,144.6548596596 -37.7191790127,144.6548307221 -37.7192285307)
11638		1	1		32.101	POINT(144.6550852770 -37.7188849912)	LINESTRING(144.6549758625 -37.7187799618,144.6549811414 -37.7188224113,144.6550061379 -37.7188644534,144.6550461718 -37.7189025913,144.6550964566 -37.7189352169,144.6551522058 -37.7189607223,144.6552086330 -37.7189774993)
11639		1	1		48.657	POINT(144.6546532422 -37.7189554262)	LINESTRING(144.6546022017 -37.7191705140,144.6547042824 -37.7187403367)
11640		1	1		52.104	POINT(144.6548646505 -37.7189975731)	LINESTRING(144.6549183044 -37.7187660958,144.6548107043 -37.7192270002)
11642	Leakes Rd	1	1		1.037	POINT(144.6546655564 -37.7195742627)	LINESTRING(144.6546670612 -37.7195700276,144.6546641474 -37.7195790623)
11643		1	1		12.863	POINT(144.6551930912 -37.7190248452)	LINESTRING(144.6552174727 -37.7190722137,144.6552074654 -37.7190690574,144.6551991397 -37.7190620570,144.6551925530 -37.7190521312,144.6551877628 -37.7190401987,144.6551848265 -37.7190271782,144.6551838013 -37.7190139884,144.6551847448 -37.7190015479,144.6551877144 -37.7189907756,144.6551927673 -37.7189825901,144.6551999610 -37.7189779101,144.6552093529 -37.7189776543)
13436	Western Fwy  Deer Park Byp	3	1		6.751	POINT(144.7492686534 -37.7914253651)	LINESTRING(144.7492818961 -37.7914531108,144.7492560906 -37.7913959680)
13438		3	1		12.995	POINT(144.7501566970 -37.7929830154)	LINESTRING(144.7501964597 -37.7930320714,144.7501184942 -37.7929328717)
13439		3	1		12.282	POINT(144.7500971311 -37.7930029720)	LINESTRING(144.7501293446 -37.7930518979,144.7500650612 -37.7929539171)
13440		3	1		8.721	POINT(144.7507871523 -37.7940370148)	LINESTRING(144.7508122015 -37.7940709149,144.7507615614 -37.7940035338)
13443		3	1		4.639	POINT(144.7540788075 -37.7968179271)	LINESTRING(144.7541052487 -37.7968232737,144.7540543637 -37.7968122881)
13444		3	1		6.082	POINT(144.7532014214 -37.7965762986)	LINESTRING(144.7532336864 -37.7965861787,144.7531692126 -37.7965663912)
13445		3	1		6.852	POINT(144.7531775957 -37.7966425127)	LINESTRING(144.7532109483 -37.7966464594,144.7531921422 -37.7966429019,144.7531728239 -37.7966407059,144.7531533084 -37.7966396860,144.7531338045 -37.7966396320)
13446		3	1		9.746	POINT(144.7545579156 -37.7968992834)	LINESTRING(144.7546119907 -37.7969094561,144.7545042041 -37.7968890718)
13448		3	1		2.676	POINT(144.7541963827 -37.7968586301)	LINESTRING(144.7542113314 -37.7968615456,144.7541818228 -37.7968556758)
13449	Western Fwy  Deer Park Byp	3	1		14.439	POINT(144.7580363449 -37.7974225063)	LINESTRING(144.7581170194 -37.7974354206,144.7579561335 -37.7974094802)
13450		3	1		15.065	POINT(144.7580207993 -37.7974741529)	LINESTRING(144.7581058831 -37.7974818259,144.7579356709 -37.7974664822)
13452		3	1		4.930	POINT(144.7586874526 -37.7974977839)	LINESTRING(144.7587158995 -37.7975002771,144.7586602001 -37.7974952031)
13453		1	1		12.648	POINT(144.7524926619 -37.7968664670)	LINESTRING(144.7524866997 -37.7969233228,144.7524986481 -37.7968100651)
13454		1	1		6.732	POINT(144.7523912188 -37.7968857376)	LINESTRING(144.7523876461 -37.7969158545,144.7523947951 -37.7968556251)
13455		3	1		15.174	POINT(144.7522788470 -37.7963475924)	LINESTRING(144.7523354232 -37.7963977783,144.7523321927 -37.7963899478,144.7523279890 -37.7963824938,144.7523228946 -37.7963753963,144.7523169922 -37.7963686353,144.7523103643 -37.7963621907,144.7523030936 -37.7963560424,144.7522952626 -37.7963501705,144.7522869540 -37.7963445549,144.7522782503 -37.7963391756,144.7522692341 -37.7963340126,144.7522599882 -37.7963290457,144.7522505949 -37.7963242550,144.7522411371 -37.7963196204,144.7522316972 -37.7963151220,144.7522223578 -37.7963107396,144.7522132016 -37.7963064533)
13457		1	1		3.557	POINT(144.7524377317 -37.7973354756)	LINESTRING(144.7524364479 -37.7973506368,144.7524389532 -37.7973187372)
13459		1	1		4.294	POINT(144.7523705857 -37.7976533314)	LINESTRING(144.7523682122 -37.7976727293,144.7523729840 -37.7976343322)
13460		1	1		13.740	POINT(144.7519356976 -37.7979030695)	LINESTRING(144.7518581575 -37.7978943824,144.7520128463 -37.7979117984)
13461		1	1		11.617	POINT(144.7519248740 -37.7978874372)	LINESTRING(144.7518581575 -37.7978943824,144.7519025059 -37.7978943002,144.7519456207 -37.7978879860,144.7519884159 -37.7978802094)
13462		1	1		29.405	POINT(144.7523359575 -37.7978972747)	LINESTRING(144.7523170269 -37.7980286145,144.7523549423 -37.7977660913)
13463		1	1		8.437	POINT(144.7522927890 -37.7977957169)	LINESTRING(144.7522595658 -37.7978194704,144.7522809158 -37.7978084472,144.7522982803 -37.7977924070,144.7523105269 -37.7977733722,144.7523156417 -37.7977608075)
13464		1	1		62.144	POINT(144.7522194310 -37.7979389609)	LINESTRING(144.7525302997 -37.7978809744,144.7525268199 -37.7978975309,144.7525205265 -37.7979126663,144.7525114492 -37.7979268614,144.7524997541 -37.7979395591,144.7524854163 -37.7979500994,144.7524687719 -37.7979585982,144.7524507285 -37.7979654793,144.7524321935 -37.7979711665,144.7524092147 -37.7979763421,144.7523855646 -37.7979795528,144.7523615754 -37.7979814626,144.7523375793 -37.7979827353,144.7523096989 -37.7979834024,144.7522817846 -37.7979829297,144.7522538750 -37.7979817175,144.7522260084 -37.7979801663,144.7521963240 -37.7979780930,144.7521667078 -37.7979754324,144.7521371343 -37.7979724372,144.7521075782 -37.7979693600,144.7520787577 -37.7979662032,144.7520499786 -37.7979628085,144.7520212011 -37.7979594038,144.7519923856 -37.7979562172,144.7519669618 -37.7979535368,144.7519415253 -37.7979509166,144.7519160545 -37.7979485521,144.7518905278 -37.7979466387)
13465		1	1		3.194	POINT(144.7522557921 -37.7984824926)	LINESTRING(144.7522523070 -37.7984965925,144.7522592867 -37.7984684285)
13466		1	1		20.799	POINT(144.7521855749 -37.7983977173)	LINESTRING(144.7521731061 -37.7984902793,144.7521978818 -37.7983044110)
13467		1	1		25.865	POINT(144.7520140490 -37.7979836910)	LINESTRING(144.7521352592 -37.7980304410,144.7521218354 -37.7980116409,144.7521035307 -37.7979959855,144.7520811343 -37.7979831563,144.7520554356 -37.7979728347,144.7520272240 -37.7979647020,144.7519972888 -37.7979584397,144.7519664193 -37.7979537292,144.7519354049 -37.7979502519,144.7519050350 -37.7979476893,144.7518760988 -37.7979457226)
13468		1	1		65.585	POINT(144.7521441406 -37.7993181602)	LINESTRING(144.7521043008 -37.7996110608,144.7521095074 -37.7995719890,144.7521147746 -37.7995329223,144.7521200918 -37.7994938597,144.7521254486 -37.7994548004,144.7521308343 -37.7994157435,144.7521362384 -37.7993766881,144.7521416504 -37.7993376334,144.7521470598 -37.7992985784,144.7521524560 -37.7992595224,144.7521578284 -37.7992204643,144.7521631665 -37.7991814034,144.7521684599 -37.7991423388,144.7521736979 -37.7991032695,144.7521788700 -37.7990641948,144.7521839656 -37.7990251136)
13469		1	1		2.815	POINT(144.7526695187 -37.7973329730)	LINESTRING(144.7526709077 -37.7973202383,144.7526681146 -37.7973454357)
13470		1	1		1.002	POINT(144.7526292761 -37.7976130519)	LINESTRING(144.7526299249 -37.7976085816,144.7526286274 -37.7976175223)
13471		3	1		13.429	POINT(144.7528231895 -37.7967063205)	LINESTRING(144.7528819785 -37.7966741223,144.7528595288 -37.7966825180,144.7528386206 -37.7966943633,144.7528201704 -37.7967089883,144.7528050949 -37.7967257228,144.7527943110 -37.7967438968,144.7527887352 -37.7967628403)
13472		1	1		45.020	POINT(144.7527940382 -37.7965621713)	LINESTRING(144.7528193470 -37.7963606425,144.7528122056 -37.7964181584,144.7528051884 -37.7964756846,144.7527982011 -37.7965332132,144.7527911494 -37.7965907365,144.7527839389 -37.7966482465,144.7527764753 -37.7967057355,144.7527686643 -37.7967631957)
13473		3	1		49.920	POINT(144.7524811625 -37.7963537292)	LINESTRING(144.7527204073 -37.7963522625,144.7527167009 -37.7963674476,144.7527098807 -37.7963801033,144.7527001692 -37.7963903648,144.7526877892 -37.7963983677,144.7526729631 -37.7964042472,144.7526559138 -37.7964081388,144.7526368637 -37.7964101779,144.7526160356 -37.7964104999,144.7525936521 -37.7964092400,144.7525699358 -37.7964065338,144.7525451093 -37.7964025166,144.7525193954 -37.7963973238,144.7524930166 -37.7963910908,144.7524661955 -37.7963839530,144.7524391549 -37.7963760457,144.7524121173 -37.7963675043,144.7523853053 -37.7963584643,144.7523589417 -37.7963490610,144.7523332491 -37.7963394298,144.7523084500 -37.7963297061,144.7522847672 -37.7963200252,144.7522624232 -37.7963105227,144.7522416408 -37.7963013337,144.7522226425 -37.7962925938)
13474		1	1		1.001	POINT(144.7528209436 -37.7960299772)	LINESTRING(144.7528215355 -37.7960255616,144.7528203785 -37.7960345145)
13475		1	1		21.668	POINT(144.7528801304 -37.7957251915)	LINESTRING(144.7528925044 -37.7956288959,144.7528678224 -37.7958226274)
13476		1	1		29.588	POINT(144.7525536761 -37.7963820721)	LINESTRING(144.7525370594 -37.7965146331,144.7525703275 -37.7962500634)
13477		3	1		53.458	POINT(144.7527401329 -37.7963964173)	LINESTRING(144.7529775299 -37.7965207450,144.7529205319 -37.7965065799,144.7528596557 -37.7964898195,144.7527973836 -37.7964703236,144.7527361983 -37.7964479517,144.7526785822 -37.7964225636,144.7526270178 -37.7963940188,144.7525839877 -37.7963621772,144.7525519744 -37.7963268982,144.7525334604 -37.7962880415,144.7525309283 -37.7962454669)
13478		1	1		4.966	POINT(144.7527840870 -37.7950301335)	LINESTRING(144.7527796825 -37.7950520794,144.7527884378 -37.7950079931)
13479		1	1		1.001	POINT(144.7527346965 -37.7948304066)	LINESTRING(144.7527340352 -37.7948347027,144.7527353325 -37.7948257616)
13480		1	1		4.864	POINT(144.7527040746 -37.7950225127)	LINESTRING(144.7527006817 -37.7950443184,144.7527075338 -37.7950009445)
13481		1	1		52.455	POINT(144.7528089279 -37.7943162147)	LINESTRING(144.7527751428 -37.7945513409,144.7527841541 -37.7944843786,144.7527922437 -37.7944173078,144.7528001028 -37.7943502100,144.7528084228 -37.7942831662,144.7528178949 -37.7942162577,144.7528292102 -37.7941495659,144.7528430601 -37.7940831718)
13482		1	1		4.091	POINT(144.7525140638 -37.7984615333)	LINESTRING(144.7525163131 -37.7984429833,144.7525116975 -37.7984795618)
13483		1	1		35.559	POINT(144.7525855863 -37.7980447192)	LINESTRING(144.7526095800 -37.7978867914,144.7526048060 -37.7979185148,144.7525997629 -37.7979502161,144.7525945511 -37.7979819034,144.7525892709 -37.7980135848,144.7525840230 -37.7980452683,144.7525789076 -37.7980769621,144.7525740252 -37.7981086742,144.7525694762 -37.7981404128,144.7525653611 -37.7981721859,144.7525617705 -37.7982040460)
13484		1	1		52.994	POINT(144.7523761202 -37.7980555731)	LINESTRING(144.7521982002 -37.7979245185,144.7522616156 -37.7979267943,144.7523255941 -37.7979284144,144.7523880268 -37.7979344208,144.7524468048 -37.7979498556,144.7524663582 -37.7979594554,144.7524837410 -37.7979717276,144.7524989137 -37.7979858956,144.7525118363 -37.7980011827,144.7525205659 -37.7980150011,144.7525269660 -37.7980297100,144.7525314055 -37.7980449410,144.7525342533 -37.7980603256,144.7525358348 -37.7980953863,144.7525325015 -37.7981305376,144.7525270236 -37.7981657146,144.7525221734 -37.7982008075)
13485		1	1		1.001	POINT(144.7524696315 -37.7989680857)	LINESTRING(144.7524702020 -37.7989635594,144.7524690351 -37.7989725111)
13488		1	1		41.623	POINT(144.7524058040 -37.7994384619)	LINESTRING(144.7524325297 -37.7992525625,144.7523790266 -37.7996241707)
13489		1	1		7.334	POINT(144.7517492361 -37.7993246869)	LINESTRING(144.7517079558 -37.7993209046,144.7517908092 -37.7993284204)
13490		1	1		9.151	POINT(144.7512879508 -37.7992983663)	LINESTRING(144.7512363696 -37.7992928007,144.7513394769 -37.7993039416)
13491		1	1		13.799	POINT(144.7517864406 -37.7992931011)	LINESTRING(144.7517081975 -37.7993051019,144.7517302836 -37.7993058702,144.7517523583 -37.7993045084,144.7517743551 -37.7993014083,144.7517962077 -37.7992969614,144.7518178497 -37.7992915594,144.7518392146 -37.7992855938,144.7518602360 -37.7992794563)
13492		1	1		21.803	POINT(144.7521159612 -37.7991174372)	LINESTRING(144.7520799187 -37.7992029095,144.7521037139 -37.7991850800,144.7521201089 -37.7991623555,144.7521304879 -37.7991361010,144.7521364870 -37.7991075473,144.7521397424 -37.7990779250,144.7521418903 -37.7990484647,144.7521445669 -37.7990203971)
13494		1	1		4.632	POINT(144.7506684382 -37.7992862144)	LINESTRING(144.7506948066 -37.7992870289,144.7506421689 -37.7992853984)
13495		1	1		58.106	POINT(144.7522860657 -37.7994570295)	LINESTRING(144.7526153743 -37.7994795324,144.7524499096 -37.7994678761,144.7522842313 -37.7994579621,144.7521186311 -37.7994474890,144.7519570957 -37.7994345031)
13496		1	1		18.405	POINT(144.7519949210 -37.7995278991)	LINESTRING(144.7520251300 -37.7996045170,144.7520262209 -37.7995912913,144.7520261173 -37.7995770974,144.7520247646 -37.7995623140,144.7520221082 -37.7995473202,144.7520180934 -37.7995324948,144.7520126658 -37.7995182167,144.7520057706 -37.7995048648,144.7519973534 -37.7994928180,144.7519873595 -37.7994824552,144.7519757344 -37.7994741552,144.7519624234 -37.7994682971,144.7519473721 -37.7994652596)
13498		1	1		1.001	POINT(144.7531266009 -37.7995048527)	LINESTRING(144.7531322660 -37.7995053084,144.7531209357 -37.7995043969)
13499		1	1		3.587	POINT(144.7535798105 -37.7995324349)	LINESTRING(144.7536000495 -37.7995349376,144.7535597589 -37.7995298979)
13500		1	1		10.521	POINT(144.7531844233 -37.7994308784)	LINESTRING(144.7531251376 -37.7994222585,144.7532427276 -37.7994396907)
13501		1	1		55.000	POINT(144.7523037917 -37.7993526577)	LINESTRING(144.7519924728 -37.7993281789,144.7520313798 -37.7993311658,144.7520702901 -37.7993341285,144.7521092028 -37.7993370744,144.7521481169 -37.7993400106,144.7521870313 -37.7993429446,144.7522259452 -37.7993458837,144.7522648574 -37.7993488351,144.7523037671 -37.7993518062,144.7523426732 -37.7993548042,144.7523815747 -37.7993578366,144.7524204707 -37.7993609105,144.7524593601 -37.7993640334,144.7524982420 -37.7993672125,144.7525371154 -37.7993704551,144.7525759792 -37.7993737686,144.7526148325 -37.7993771603)
13502		1	1		44.398	POINT(144.7521622030 -37.7993484925)	LINESTRING(144.7523531368 -37.7992477216,144.7523477285 -37.7992700013,144.7523377277 -37.7992912181,144.7523235600 -37.7993112960,144.7523056510 -37.7993301594,144.7522844262 -37.7993477324,144.7522603113 -37.7993639392,144.7522337317 -37.7993787041,144.7522051130 -37.7993919513,144.7521748809 -37.7994036049,144.7521434609 -37.7994135892,144.7521112785 -37.7994218284,144.7520787593 -37.7994282467,144.7520463290 -37.7994327684,144.7520144129 -37.7994353175,144.7519834369 -37.7994358184,144.7519538263 -37.7994341953)
13503		1	1		13.971	POINT(144.7525539187 -37.7993113812)	LINESTRING(144.7525111542 -37.7992632986,144.7525109542 -37.7992704905,144.7525121543 -37.7992776572,144.7525146440 -37.7992847456,144.7525183127 -37.7992917020,144.7525230499 -37.7992984730,144.7525287451 -37.7993050054,144.7525352877 -37.7993112456,144.7525425674 -37.7993171403,144.7525504735 -37.7993226359,144.7525588956 -37.7993276792,144.7525677231 -37.7993322167,144.7525768455 -37.7993361950,144.7525861523 -37.7993395606,144.7525955330 -37.7993422602,144.7526048771 -37.7993442403,144.7526140740 -37.7993454476)
13504		1	1		26.184	POINT(144.7525075576 -37.7995480687)	LINESTRING(144.7526147021 -37.7994794783,144.7525976232 -37.7994791808,144.7525805668 -37.7994809246,144.7525636650 -37.7994845505,144.7525470502 -37.7994898993,144.7525308545 -37.7994968118,144.7525152102 -37.7995051288,144.7525002495 -37.7995146910,144.7524861046 -37.7995253392,144.7524729078 -37.7995369142,144.7524607914 -37.7995492567,144.7524498875 -37.7995622076,144.7524403283 -37.7995756075,144.7524322462 -37.7995892974,144.7524257734 -37.7996031179,144.7524210420 -37.7996169099,144.7524181763 -37.7996305450)
13505		1	1		74.110	POINT(144.7523865312 -37.7992426295)	LINESTRING(144.7526204331 -37.7994483273,144.7525995236 -37.7994466100,144.7525782639 -37.7994447610,144.7525567317 -37.7994427365,144.7525350051 -37.7994404931,144.7525131618 -37.7994379870,144.7524912798 -37.7994351746,144.7524694370 -37.7994320123,144.7524477112 -37.7994284564,144.7524261805 -37.7994244634,144.7524049225 -37.7994199896,144.7523840153 -37.7994149914,144.7523635368 -37.7994094251,144.7523435648 -37.7994032471,144.7523241772 -37.7993964138,144.7523054520 -37.7993888816,144.7522874670 -37.7993806068,144.7522703000 -37.7993715458,144.7522540291 -37.7993616550,144.7522387321 -37.7993508907,144.7522244869 -37.7993392094,144.7522113713 -37.7993265674,144.7522019264 -37.7993156084,144.7521939511 -37.7993041830,144.7521873409 -37.7992923269,144.7521819914 -37.7992800756,144.7521777980 -37.7992674646,144.7521746560 -37.7992545295,144.7521724611 -37.7992413058,144.7521711086 -37.7992278292,144.7521704940 -37.7992141352,144.7521705127 -37.7992002593,144.7521710602 -37.7991862371,144.7521720320 -37.7991721041,144.7521733235 -37.7991578959,144.7521748302 -37.7991436482,144.7521764475 -37.7991293963,144.7521780709 -37.7991151760,144.7521795959 -37.7991010227,144.7521809178 -37.7990869720,144.7521819322 -37.7990730594,144.7521825345 -37.7990593206,144.7521826202 -37.7990457911,144.7521826093 -37.7990446987,144.7521826100 -37.7990436063,144.7521826218 -37.7990425138,144.7521826445 -37.7990414214,144.7521826774 -37.7990403291,144.7521827202 -37.7990392368,144.7521827725 -37.7990381447,144.7521828338 -37.7990370527,144.7521829037 -37.7990359609,144.7521829818 -37.7990348693,144.7521830675 -37.7990337780,144.7521831606 -37.7990326870,144.7521832604 -37.7990315963,144.7521833667 -37.7990305059,144.7521834790 -37.7990294159,144.7521835968 -37.7990283263,144.7521837197 -37.7990272371,144.7521838473 -37.7990261484,144.7521839791 -37.7990250602,144.7521841147 -37.7990239726,144.7521842537 -37.7990228855)
13507		1	1		50.386	POINT(144.7523897757 -37.7994899214)	LINESTRING(144.7521834716 -37.7996176045,144.7521899641 -37.7995902957,144.7522017970 -37.7995637250,144.7522184694 -37.7995380936,144.7522394804 -37.7995136030,144.7522643289 -37.7994904543,144.7522925139 -37.7994688489,144.7523235345 -37.7994489880,144.7523568896 -37.7994310728,144.7523920783 -37.7994153048,144.7524285997 -37.7994018851,144.7524659526 -37.7993910150,144.7525036361 -37.7993828959,144.7525411493 -37.7993777289,144.7525779911 -37.7993757154,144.7526136606 -37.7993770567)
13508		1	1		1.001	POINT(144.7522809852 -37.7983031492)	LINESTRING(144.7522803976 -37.7983076248,144.7522815727 -37.7982986736)
13509		1	1		1.001	POINT(144.7520645692 -37.7999109590)	LINESTRING(144.7520640139 -37.7999155988,144.7520651703 -37.7999066463)
13511		1	1		4.556	POINT(144.7519899966 -37.8006541855)	LINESTRING(144.7519856747 -37.8006743046,144.7519942862 -37.8006339407)
13513		1	1		5.939	POINT(144.7518967799 -37.8012050523)	LINESTRING(144.7518935179 -37.8012317332,144.7519000666 -37.8011786205)
13560		3	1		3.137	POINT(144.7518243305 -37.7938672591)	LINESTRING(144.7518102337 -37.7938585806,144.7518381921 -37.7938760935)
13561		3	1		4.867	POINT(144.7523616579 -37.7942085876)	LINESTRING(144.7523409388 -37.7941940864,144.7523823915 -37.7942230696)
13562	Western Fwy  Deer Park Byp	3	1		9.078	POINT(144.7498207225 -37.7920238282)	LINESTRING(144.7498030510 -37.7919851226,144.7498385897 -37.7920617119)
13563	Western Fwy  Deer Park Byp	3	1		12.312	POINT(144.7495273682 -37.7914321956)	LINESTRING(144.7495056517 -37.7913788786,144.7495494494 -37.7914839726)
13564		3	1		22.613	POINT(144.7508309181 -37.7931743966)	LINESTRING(144.7507519279 -37.7930940043,144.7507892644 -37.7931353514,144.7508282243 -37.7931757888,144.7508689294 -37.7932151219,144.7509115016 -37.7932531558)
13565		3	1		10.467	POINT(144.7498892464 -37.7920056997)	LINESTRING(144.7498575935 -37.7919659108,144.7498642487 -37.7919735720,144.7498829338 -37.7919971460,144.7499025832 -37.7920203429,144.7499219820 -37.7920450003)
13566		3	1		7.013	POINT(144.7524075665 -37.7941737349)	LINESTRING(144.7523753881 -37.7941554465,144.7523935889 -37.7941659900,144.7524125018 -37.7941757702,144.7524405568 -37.7941917447)
13567		3	1		18.532	POINT(144.7527830288 -37.7941589536)	LINESTRING(144.7527364145 -37.7942286161,144.7527488269 -37.7942192168,144.7527600782 -37.7942089491,144.7527702356 -37.7941979121,144.7527793660 -37.7941862051,144.7527875366 -37.7941739274,144.7527948143 -37.7941611781,144.7528012662 -37.7941480566,144.7528069593 -37.7941346621,144.7528119607 -37.7941210938,144.7528163374 -37.7941074510,144.7528201565 -37.7940938328,144.7528234850 -37.7940803387)
13568		3	1		82.750	POINT(144.7528405676 -37.7946893830)	LINESTRING(144.7526453926 -37.7943890874,144.7527090015 -37.7944267545,144.7527737067 -37.7944635291,144.7528360170 -37.7945022880,144.7528924414 -37.7945459075,144.7529246997 -37.7945771085,144.7529537863 -37.7946104134,144.7529786518 -37.7946456614,144.7529982468 -37.7946826919,144.7530106638 -37.7947189585,144.7530176544 -37.7947563232,144.7530205735 -37.7947942052,144.7530207758 -37.7948320237,144.7530161951 -37.7948768258,144.7530065967 -37.7949212935,144.7529956637 -37.7949656960,144.7529870771 -37.7950103024)
13569		3	1		44.905	POINT(144.7531693431 -37.7947788552)	LINESTRING(144.7529221285 -37.7947535773,144.7529539746 -37.7947471234,144.7529871547 -37.7947420964,144.7530213552 -37.7947385529,144.7530562627 -37.7947365496,144.7530915637 -37.7947361431,144.7531269448 -37.7947373901,144.7531620923 -37.7947403472,144.7531966928 -37.7947450711,144.7532304329 -37.7947516185,144.7532629989 -37.7947600459,144.7532940775 -37.7947704101,144.7533233551 -37.7947827677,144.7533505183 -37.7947971753,144.7533752535 -37.7948136896,144.7533972432 -37.7948323699)
13570		3	1		2.775	POINT(144.7550624619 -37.7962426918)	LINESTRING(144.7550502001 -37.7962354516,144.7550762843 -37.7962494927)
13571	Western Fwy  Deer Park Byp	3	1		16.982	POINT(144.7567419046 -37.7969723710)	LINESTRING(144.7566507844 -37.7969484114,144.7568342769 -37.7969959756)
13572	Western Fwy  Deer Park Byp	3	1		30.762	POINT(144.7586588586 -37.7973126706)	LINESTRING(144.7584866211 -37.7972939924,144.7588332708 -37.7973311403)
13573		2	2		17.799	POINT(144.7567557406 -37.7969254168)	LINESTRING(144.7566605327 -37.7968995614,144.7568522048 -37.7969509709)
13574		2	2		3.770	POINT(144.7557312028 -37.7965808289)	LINESTRING(144.7557125348 -37.7965726840,144.7557503588 -37.7965886299)
13575		1	1		49.345	POINT(144.7530350885 -37.7947931369)	LINESTRING(144.7530632598 -37.7945717825,144.7530067178 -37.7950129495)
13576		1	1		2.784	POINT(144.7530915698 -37.7942744195)	LINESTRING(144.7530932098 -37.7942619626,144.7530899238 -37.7942868439)
13582		1	1		3.934	POINT(144.7532669111 -37.7930491221)	LINESTRING(144.7532708214 -37.7930316386,144.7532629436 -37.7930664428)
13583		1	1		5.294	POINT(144.7531926547 -37.7942905203)	LINESTRING(144.7531925045 -37.7942670852,144.7531928176 -37.7943146556)
13584		3	1		31.026	POINT(144.7533140625 -37.7947264612)	LINESTRING(144.7532318669 -37.7945999994,144.7532437804 -37.7946380523,144.7532618511 -37.7946746540,144.7532849387 -37.7947099076,144.7533119026 -37.7947439161,144.7533416023 -37.7947767824,144.7533728974 -37.7948086095,144.7534046104 -37.7948395241)
13585		1	1		18.594	POINT(144.7532833715 -37.7928531007)	LINESTRING(144.7532997717 -37.7927703877,144.7532668703 -37.7929354466)
13586		1	1		7.416	POINT(144.7531215206 -37.7930008316)	LINESTRING(144.7531141444 -37.7930336814,144.7531289062 -37.7929680646)
13598		3	1		6.187	POINT(144.7870785486 -37.7915650847)	LINESTRING(144.7870720386 -37.7915924967,144.7870851257 -37.7915378689)
13600	Western Fwy  Deer Park Byp	3	1		3.285	POINT(144.7788216303 -37.7989285416)	LINESTRING(144.7788031578 -37.7989268928,144.7788402812 -37.7989301611)
13601	Western Fwy  Deer Park Byp	3	1		4.616	POINT(144.7795878841 -37.7989888407)	LINESTRING(144.7795615387 -37.7989866891,144.7796137448 -37.7989910266)
13602		3	1		6.092	POINT(144.7819835376 -37.7989764470)	LINESTRING(144.7819480763 -37.7989768481,144.7820173466 -37.7989760362)
13603		3	1		12.898	POINT(144.7796368291 -37.7989386853)	LINESTRING(144.7795643585 -37.7989395040,144.7797110224 -37.7989378569)
13608	Western Fwy  Deer Park Byp	3	1		43.993	POINT(144.7713116263 -37.7985191224)	LINESTRING(144.7715603306 -37.7985392064,144.7710626354 -37.7984990500)
13609	Western Fwy  Deer Park Byp	3	1		25.000	POINT(144.7730584674 -37.7986605561)	LINESTRING(144.7732003253 -37.7986680391,144.7729166652 -37.7986530717)
13610		2	2		14.658	POINT(144.7747823110 -37.7989491907)	LINESTRING(144.7748648602 -37.7989592612,144.7747001354 -37.7989390974)
13611		2	2		19.341	POINT(144.7730189521 -37.7987116641)	LINESTRING(144.7731275970 -37.7987234784,144.7729096817 -37.7986999269)
13612	Western Fwy  Deer Park Byp	2	2		1.001	POINT(144.7719499319 -37.7985893872)	LINESTRING(144.7719558163 -37.7985898440,144.7719444886 -37.7985889122)
13613		1	1		46.150	POINT(144.7521735193 -37.7994833111)	LINESTRING(144.7519888656 -37.7993594997,144.7520061756 -37.7993612403,144.7520237813 -37.7993637983,144.7520416076 -37.7993671444,144.7520595795 -37.7993712492,144.7520776220 -37.7993760834,144.7520956598 -37.7993816175,144.7521136181 -37.7993878222,144.7521314218 -37.7993946682,144.7521489957 -37.7994021261,144.7521662648 -37.7994101664,144.7521831541 -37.7994187600,144.7521995885 -37.7994278773,144.7522154929 -37.7994374891,144.7522307923 -37.7994475659,144.7522454116 -37.7994580785,144.7522592757 -37.7994689974,144.7522723097 -37.7994802932,144.7522844383 -37.7994919367,144.7522955867 -37.7995038985,144.7523056796 -37.7995161491,144.7523146421 -37.7995286592,144.7523223991 -37.7995413996,144.7523288755 -37.7995543407,144.7523339963 -37.7995674532,144.7523376863 -37.7995807079,144.7523398707 -37.7995940752,144.7523404741 -37.7996075259,144.7523394212 -37.7996210347)
13614		1	1		4.234	POINT(144.7531978914 -37.7934254851)	LINESTRING(144.7532012992 -37.7934066897,144.7531945038 -37.7934443557)
13616		1	1		1.201	POINT(144.7531294863 -37.7940841639)	LINESTRING(144.7531299806 -37.7940787857,144.7531289920 -37.7940895534)
13617		1	1		1.222	POINT(144.7529690396 -37.7936269129)	LINESTRING(144.7529677884 -37.7936323116,144.7529702909 -37.7936215143)
13618		1	1		86.212	POINT(144.7532590797 -37.7934169728)	LINESTRING(144.7532910417 -37.7930307690,144.7532802375 -37.7932617028,144.7532409893 -37.7935519488,144.7532385967 -37.7935874914,144.7532271184 -37.7938034459)
13619		1	1		26.942	POINT(144.7531517845 -37.7936786949)	LINESTRING(144.7531751724 -37.7935576397,144.7531476725 -37.7937987671)
13621	Western Fwy  Deer Park Byp	3	1		1.001	POINT(144.7760076383 -37.7991344845)	LINESTRING(144.7760132325 -37.7991353251,144.7760020441 -37.7991336439)
24810		3	1	1	182.549	POINT(144.7540777131 -37.7954491852)	LINESTRING(144.7533963445 -37.7948314972,144.7534781868 -37.7949109727,144.7535596184 -37.7949908568,144.7536408297 -37.7950709914,144.7537220109 -37.7951512180,144.7538033525 -37.7952313783,144.7538850446 -37.7953113139,144.7539672778 -37.7953908667,144.7540502423 -37.7954698782,144.7541341284 -37.7955481901,144.7542191264 -37.7956256442,144.7543054268 -37.7957020820,144.7543932198 -37.7957773453,144.7544826958 -37.7958512758,144.7545740451 -37.7959237151,144.7546674581 -37.7959945049,144.7547631250 -37.7960634869)
24811		3	1	1	30.034	POINT(144.7549138042 -37.7961542556)	LINESTRING(144.7547774082 -37.7960730594,144.7550502001 -37.7962354516)
24812		3	1		1.915	POINT(144.7547704422 -37.7960697085)	LINESTRING(144.7547631250 -37.7960634869,144.7547798491 -37.7960745125)
271468		1	1	1	30.336	POINT(144.5666037066 -37.6932357267)	LINESTRING(144.5666282258 -37.6931006232,144.5665791874 -37.6933708299)
271469		1	1		20.332	POINT(144.5666508479 -37.6930107527)	LINESTRING(144.5666736042 -37.6929212226,144.5666282258 -37.6931006232)
271472	Melton Hwy	1	1	1	30.326	POINT(144.6060996960 -37.6870358608)	LINESTRING(144.6061436594 -37.6869039166,144.6060557325 -37.6871678047)
271474		1	1		24.878	POINT(144.6061600472 -37.6867954264)	LINESTRING(144.6061971960 -37.6866878004,144.6061230942 -37.6869038695)
271476	Melton Hwy	1	1	1	16.099	POINT(144.6052974820 -37.6888922522)	LINESTRING(144.6052751469 -37.6889624998,144.6053198171 -37.6888220045)
271479	Gateway Dr	1	1	1	27.587	POINT(144.6047664243 -37.6872194363)	LINESTRING(144.6046191779 -37.6871766589,144.6049136707 -37.6872622137)
271480	Gateway Dr	1	1		22.689	POINT(144.6045019815 -37.6871549792)	LINESTRING(144.6043743095 -37.6871320602,144.6046255578 -37.6871785124)
271481	Gateway Dr	1	1	1	42.587	POINT(144.6053037023 -37.6873681710)	LINESTRING(144.6050744594 -37.6873064510,144.6055329452 -37.6874298909)
271486	Zone connector	1	1	1	63.840	POINT(144.6068927726 -37.6878091221)	LINESTRING(144.6072450505 -37.6878783949,144.6065404947 -37.6877398492)
271487	Zone connector	1	1		33.298	POINT(144.6074330367 -37.6879009376)	LINESTRING(144.6076162507 -37.6879387533,144.6072498496 -37.6878631112)
271489	Taylors Rd new connection WA	1	1	1	87.535	POINT(144.6526923351 -37.7160652439)	LINESTRING(144.6522015105 -37.7159999401,144.6531831598 -37.7161305477)
271490	Taylors Rd	1	1	1	36.127	POINT(144.6538133434 -37.7161865932)	LINESTRING(144.6536104389 -37.7161612698,144.6540162480 -37.7162119166)
271492		1	1		17.707	POINT(144.6550750556 -37.7162177479)	LINESTRING(144.6549812145 -37.7162393998,144.6549979668 -37.7162404515,144.6550222375 -37.7162404653,144.6550473705 -37.7162386538,144.6550722215 -37.7162348988,144.6550956464 -37.7162290821,144.6551165012 -37.7162210853,144.6551336416 -37.7162107904,144.6551459236 -37.7161980791,144.6551522030 -37.7161828331)
271493	Taylors Rd	1	1	1	25.434	POINT(144.6533944646 -37.7161459828)	LINESTRING(144.6532518984 -37.7161267985,144.6535370308 -37.7161651672)
271495		1	1		6.374	POINT(144.6535715681 -37.7161710265)	LINESTRING(144.6535363840 -37.7161650801,144.6536073375 -37.7161768200)
271496		1	1		7.086	POINT(144.6532098471 -37.7161356260)	LINESTRING(144.6531704586 -37.7161288578,144.6532491994 -37.7161424039)
271497	Taylors Rd	1	1	1	36.897	POINT(144.6548108519 -37.7163244282)	LINESTRING(144.6546034809 -37.7162992789,144.6550182229 -37.7163495775)
271498	Taylors Rd	1	1		6.187	POINT(144.6545727156 -37.7162954007)	LINESTRING(144.6545377832 -37.7162911433,144.6546072959 -37.7162997415)
271499		1	1		69.274	POINT(144.6554109928 -37.7163672377)	LINESTRING(144.6550192030 -37.7163178436,144.6557969333 -37.7164170510)
271500		1	1		47.702	POINT(144.6551861058 -37.7165344551)	LINESTRING(144.6550084332 -37.7163961693,144.6550375826 -37.7164010371,144.6550668064 -37.7164084744,144.6550958320 -37.7164182911,144.6551243865 -37.7164302969,144.6551521972 -37.7164443017,144.6551789913 -37.7164601152,144.6552044962 -37.7164775474,144.6552284391 -37.7164964079,144.6552505472 -37.7165165067,144.6552705477 -37.7165376534,144.6552881681 -37.7165596580,144.6553031354 -37.7165823301,144.6553151770 -37.7166054798,144.6553240201 -37.7166289167,144.6553293920 -37.7166524506,144.6553310199 -37.7166758914,144.6553286311 -37.7166990489)
271502	Taylors Rd	1	1	1	77.177	POINT(144.6544731949 -37.7164234934)	LINESTRING(144.6549070786 -37.7164754191,144.6540393111 -37.7163715677)
271503	Taylors Rd	1	1	1	157.674	POINT(144.6530676722 -37.7162149184)	LINESTRING(144.6539498023 -37.7163414882,144.6521855421 -37.7160883483)
271504		1	1		8.776	POINT(144.6539930469 -37.7163484317)	LINESTRING(144.6540422880 -37.7163560024,144.6539443777 -37.7163407099)
271507	Taylors Rd	1	1	1	79.526	POINT(144.6569990743 -37.7168143662)	LINESTRING(144.6574350816 -37.7169091728,144.6565630671 -37.7167195595)
271508	Taylors Rd	1	1		4.772	POINT(144.6574446041 -37.7169426214)	LINESTRING(144.6574722774 -37.7169467309,144.6574190616 -37.7169383418)
271509	Taylors Rd	1	1	1	46.803	POINT(144.6562495037 -37.7166853355)	LINESTRING(144.6565067401 -37.7167392719,144.6559922673 -37.7166313992)
271511		1	1		4.549	POINT(144.6565419842 -37.7167144884)	LINESTRING(144.6565665935 -37.7167203263,144.6565169378 -37.7167088381)
271512		1	1		56.553	POINT(144.6552243170 -37.7165191680)	LINESTRING(144.6555404577 -37.7165632377,144.6554777670 -37.7165536874,144.6554151139 -37.7165446158,144.6553523703 -37.7165359315,144.6552895530 -37.7165275660,144.6552266789 -37.7165194505,144.6551637647 -37.7165115164,144.6551008275 -37.7165036948,144.6550378839 -37.7164959171,144.6549070786 -37.7164754191)
271513		1	1		48.919	POINT(144.6551493457 -37.7164052240)	LINESTRING(144.6553413881 -37.7162831938,144.6553257810 -37.7163265631,144.6552959946 -37.7163674530,144.6552547526 -37.7164045605,144.6552047789 -37.7164365825,144.6551487972 -37.7164622157,144.6550895314 -37.7164801572,144.6550297052 -37.7164891038,144.6549070786 -37.7164754191)
271514		1	1		12.028	POINT(144.6556136318 -37.7157410830)	LINESTRING(144.6556173589 -37.7156876179,144.6556099580 -37.7157956574)
271517		1	1		39.620	POINT(144.7019690203 -37.7492277423)	LINESTRING(144.7020440971 -37.7493952993,144.7020257703 -37.7493628419,144.7020095350 -37.7493297005,144.7019948848 -37.7492960399,144.7019813136 -37.7492620248,144.7019683152 -37.7492278201,144.7019553835 -37.7491935906,144.7019420123 -37.7491595009,144.7019276953 -37.7491257159,144.7019119264 -37.7490924003,144.7018941994 -37.7490597190)
271518		1	1		40.123	POINT(144.7020900201 -37.7491865170)	LINESTRING(144.7020060634 -37.7490158565,144.7021757225 -37.7493507580)
271519	Meskos Rd	1	1	1	72.653	POINT(144.7014489729 -37.7491354258)	LINESTRING(144.7011137956 -37.7489970544,144.7011363034 -37.7490220082,144.7011836057 -37.7490725394,144.7012316799 -37.7491223502,144.7012833022 -37.7491674972,144.7013417578 -37.7492048681,144.7013813709 -37.7492214764,144.7014249090 -37.7492336373,144.7014710789 -37.7492426171,144.7015182715 -37.7492497389,144.7015653828 -37.7492559178,144.7016123481 -37.7492600701,144.7016582737 -37.7492605708,144.7017023750 -37.7492559410,144.7017504841 -37.7492426873,144.7017975295 -37.7492224439)
271520	Meskos Rd	1	1		1.002	POINT(144.7010942902 -37.7490025291)	LINESTRING(144.7010909838 -37.7489988633,144.7010975967 -37.7490061949)
271521		1	1		39.930	POINT(144.7020213626 -37.7491903921)	LINESTRING(144.7018046358 -37.7492373007,144.7018497750 -37.7492202549,144.7018966159 -37.7492066314,144.7019447964 -37.7491956860,144.7019939545 -37.7491866745,144.7020437281 -37.7491788528,144.7020937553 -37.7491714766,144.7021436740 -37.7491638017,144.7021931221 -37.7491550838,144.7022417377 -37.7491445789)
271522	Hopkins Rd	1	1	1	48.813	POINT(144.7019045104 -37.7488165308)	LINESTRING(144.7018007994 -37.7486129687,144.7020082215 -37.7490200924)
271523	Hopkins Rd	1	1		7.316	POINT(144.7017889399 -37.7485828784)	LINESTRING(144.7017762835 -37.7485517070,144.7018015251 -37.7486143931)
271525		1	1		24.854	POINT(144.7021504332 -37.7490770913)	LINESTRING(144.7020621224 -37.7489995548,144.7020744512 -37.7490219526,144.7020895502 -37.7490456732,144.7021071653 -37.7490694484,144.7021270423 -37.7490920099,144.7021489271 -37.7491120894,144.7021725656 -37.7491284187,144.7021977038 -37.7491397296,144.7022240873 -37.7491447539,144.7022514622 -37.7491422232)
271526	Sheahan Rd	1	1	1	98.991	POINT(144.7028042503 -37.7491387569)	LINESTRING(144.7033584706 -37.7491023114,144.7030921013 -37.7490800792,144.7027634545 -37.7490780938,144.7022575273 -37.7492008406)
271527	Sheahan Rd	1	1		1.002	POINT(144.7033662169 -37.7490871351)	LINESTRING(144.7033718799 -37.7490876077,144.7033605539 -37.7490866624)
271528		1	1		39.533	POINT(144.7020458365 -37.7492429853)	LINESTRING(144.7022679615 -37.7492147686,144.7022245896 -37.7492233768,144.7021801970 -37.7492290329,144.7021351031 -37.7492326035,144.7020896270 -37.7492349551,144.7020440883 -37.7492369542,144.7019988062 -37.7492394674,144.7019541002 -37.7492433614,144.7019102895 -37.7492495026,144.7018676935 -37.7492587576,144.7018266316 -37.7492719929)
271529		1	1		17.387	POINT(144.7022218187 -37.7492731775)	LINESTRING(144.7022739022 -37.7492133273,144.7022567608 -37.7492191638,144.7022403228 -37.7492279160,144.7022250598 -37.7492390657,144.7022114430 -37.7492520951,144.7021999441 -37.7492664861,144.7021910344 -37.7492817206,144.7021851855 -37.7492972806,144.7021828688 -37.7493126481,144.7021845558 -37.7493273051,144.7021895757 -37.7493389963)
271530		1	1		36.052	POINT(144.7020769530 -37.7491259499)	LINESTRING(144.7022544946 -37.7491851168,144.7022124422 -37.7491913393,144.7021682987 -37.7491907642,144.7021233845 -37.7491840543,144.7020790199 -37.7491718723,144.7020365254 -37.7491548810,144.7019972214 -37.7491337430,144.7019624282 -37.7491091212,144.7019334664 -37.7490816783,144.7019116562 -37.7490520771)
271531	Hopkins Rd	1	1	1	20.072	POINT(144.7020931282 -37.7494757428)	LINESTRING(144.7021426769 -37.7495570354,144.7020435796 -37.7493944502)
271532	Hopkins Rd	1	1		9.171	POINT(144.7021805179 -37.7495873919)	LINESTRING(144.7022039167 -37.7496217709,144.7021588898 -37.7495473911)
271533	Hopkins Rd	1	1	1	51.487	POINT(144.7023826422 -37.7498058708)	LINESTRING(144.7025687297 -37.7499828302,144.7025481404 -37.7499664298,144.7025278280 -37.7499498082,144.7025077875 -37.7499329732,144.7024880141 -37.7499159327,144.7024685028 -37.7498986946,144.7024492486 -37.7498812668,144.7024302466 -37.7498636572,144.7024114919 -37.7498458736,144.7023929794 -37.7498279240,144.7023747042 -37.7498098161,144.7023566615 -37.7497915580,144.7023388461 -37.7497731574,144.7023212533 -37.7497546222,144.7023038779 -37.7497359604,144.7022867152 -37.7497171798,144.7022697600 -37.7496982883,144.7022530076 -37.7496792938,144.7022364528 -37.7496602041,144.7022200908 -37.7496410272,144.7022039167 -37.7496217709)
271535		1	1		5.839	POINT(144.7025765410 -37.7500132685)	LINESTRING(144.7025990267 -37.7500324689,144.7025542960 -37.7499936687)
271536		1	1		23.706	POINT(144.7019135885 -37.7493378396)	LINESTRING(144.7019912999 -37.7494174097,144.7019800047 -37.7493983247,144.7019675549 -37.7493770392,144.7019539525 -37.7493547570,144.7019391995 -37.7493326819,144.7019232980 -37.7493120176,144.7019062499 -37.7492939680,144.7018880572 -37.7492797370,144.7018687219 -37.7492705282,144.7018482461 -37.7492675456,144.7018266316 -37.7492719929)
271537		1	1		31.387	POINT(144.7021557024 -37.7492580865)	LINESTRING(144.7021002218 -37.7493786481,144.7020883585 -37.7493475316,144.7020872034 -37.7493132540,144.7020955385 -37.7492776821,144.7021121459 -37.7492426825,144.7021358077 -37.7492101220,144.7021653061 -37.7491818670,144.7021994231 -37.7491597845,144.7022369409 -37.7491457409)
271538		1	1		36.538	POINT(144.7019854187 -37.7492865227)	LINESTRING(144.7018067341 -37.7492363978,144.7018512445 -37.7492241478,144.7018998287 -37.7492224123,144.7019503238 -37.7492298157,144.7020005667 -37.7492449827,144.7020483944 -37.7492665375,144.7020916438 -37.7492931048,144.7021281518 -37.7493233089,144.7021572379 -37.7493573446)
271539		1	1		7.320	POINT(144.5257447658 -37.6868723719)	LINESTRING(144.5257055588 -37.6868835505,144.5257215821 -37.6868805825,144.5257369696 -37.6868754889,144.5257521374 -37.6868696382,144.5257675017 -37.6868643986,144.5257834788 -37.6868611385)
271540		1	1		18.186	POINT(144.5308455590 -37.6861828879)	LINESTRING(144.5307601838 -37.6862261644,144.5308174713 -37.6862082405,144.5308629951 -37.6861873794,144.5308979280 -37.6861598666,144.5309159584 -37.6861287013)
271543		1	1		7.877	POINT(144.5245218642 -37.6870203052)	LINESTRING(144.5245664495 -37.6870182683,144.5244770166 -37.6870223329)
271546		1	1		42.667	POINT(144.5309216289 -37.6862964076)	LINESTRING(144.5311642383 -37.6862938965,144.5306790762 -37.6862989190)
271547	Kingswood PI WA	1	1	1	54.422	POINT(144.7390334383 -37.7577325240)	LINESTRING(144.7387327582 -37.7576747268,144.7393341184 -37.7577903211)
271548	Eucumbene Dr	1	1	1	54.422	POINT(144.7390145580 -37.7578023273)	LINESTRING(144.7393152381 -37.7578601244,144.7387138779 -37.7577445302)
271549		1	1		28.404	POINT(144.7393766275 -37.7579568214)	LINESTRING(144.7394377374 -37.7580707074,144.7394374800 -37.7580430730,144.7394336582 -37.7580139015,144.7394262075 -37.7579842745,144.7394150634 -37.7579552737,144.7394001613 -37.7579279807,144.7393814366 -37.7579034771,144.7393588248 -37.7578828444,144.7393322614 -37.7578671644,144.7393016818 -37.7578575186)
271550		1	1		16.488	POINT(144.7394207926 -37.7577907277)	LINESTRING(144.7393301270 -37.7577895539,144.7393567438 -37.7577939646,144.7393877591 -37.7577975512,144.7394199509 -37.7577993063,144.7394500969 -37.7577982227,144.7394749751 -37.7577932931,144.7394913634 -37.7577835102,144.7394960397 -37.7577678668)
271551		1	1		34.133	POINT(144.7394426896 -37.7577971746)	LINESTRING(144.7395644598 -37.7577132643,144.7395638172 -37.7577219813,144.7395632764 -37.7577307632,144.7395627198 -37.7577395758,144.7395620301 -37.7577483853,144.7395610898 -37.7577571576,144.7395597816 -37.7577658588,144.7395579880 -37.7577744548,144.7395555916 -37.7577829118,144.7395524749 -37.7577911957,144.7395485205 -37.7577992725,144.7395452476 -37.7578049077,144.7395416526 -37.7578105232,144.7395377219 -37.7578160545,144.7395334419 -37.7578214372,144.7395287991 -37.7578266065,144.7395237798 -37.7578314982,144.7395183705 -37.7578360475,144.7395125575 -37.7578401901,144.7395063274 -37.7578438614,144.7394996664 -37.7578469968,144.7394819825 -37.7578534121,144.7394634937 -37.7578584557,144.7394443595 -37.7578622017,144.7394247397 -37.7578647239,144.7394047937 -37.7578660964,144.7393846812 -37.7578663931,144.7393645619 -37.7578656881,144.7393445953 -37.7578640553,144.7393249411 -37.7578615687,144.7393057589 -37.7578583023)
271567		1	1		9.846	POINT(144.6064866544 -37.6877283264)	LINESTRING(144.6065406819 -37.6877398860,144.6064325874 -37.6877167822)
271568		1	1		28.668	POINT(144.6055096604 -37.6875944395)	LINESTRING(144.6055927025 -37.6876962827,144.6055959740 -37.6876669790,144.6055881401 -37.6876377613,144.6055710525 -37.6876093245,144.6055465628 -37.6875823638,144.6055165226 -37.6875575739,144.6054827835 -37.6875356500,144.6054471971 -37.6875172871,144.6054116151 -37.6875031800)
271569		1	1		8.134	POINT(144.6049240803 -37.6900349519)	LINESTRING(144.6049079041 -37.6900690535,144.6049398932 -37.6900003738)
271570		1	1		11.300	POINT(144.6052643354 -37.6890061862)	LINESTRING(144.6052512545 -37.6890554125,144.6052772670 -37.6889558318)
271572		1	1		7.712	POINT(144.6053323155 -37.6887888397)	LINESTRING(144.6053198171 -37.6888220045,144.6053446713 -37.6887554485)
271573		1	1		18.091	POINT(144.6049881189 -37.6872742279)	LINESTRING(144.6048884181 -37.6872548774,144.6050882681 -37.6872935337)
271574	Taylors Rd	1	1	1	42.161	POINT(144.6543005754 -37.7162637499)	LINESTRING(144.6540633676 -37.7162363564,144.6545377832 -37.7162911433)
271575	Taylors Rd	1	1		4.525	POINT(144.6540379771 -37.7162319796)	LINESTRING(144.6540131466 -37.7162274667,144.6540633676 -37.7162363564)
271576	Taylors Rd	1	1	1	79.627	POINT(144.6545341698 -37.7161851234)	LINESTRING(144.6540866601 -37.7161307904,144.6549816795 -37.7162394563)
271577		1	1		5.722	POINT(144.6540581141 -37.7161323408)	LINESTRING(144.6540256496 -37.7161334040,144.6540906611 -37.7161312762)
271578	Leakes Rd	1	1	1	230.868	POINT(144.6554550257 -37.7144622944)	LINESTRING(144.6553247515 -37.7154955918,144.6555852998 -37.7134289826)
271579	Leakes Rd	1	1		11.135	POINT(144.6553200358 -37.7155461307)	LINESTRING(144.6553152631 -37.7155954768,144.6553247515 -37.7154955918)
271581	Leakes Rd	1	1	1	31.939	POINT(144.6555189497 -37.7155365697)	LINESTRING(144.6555395199 -37.7153938360,144.6554983795 -37.7156793031)
271582	Leakes Rd	1	1		1.002	POINT(144.6555401643 -37.7153893648)	LINESTRING(144.6555408093 -37.7153848892,144.6555395192 -37.7153938405)
271583	Leakes Rd	1	1	1	21.812	POINT(144.6551476099 -37.7167228224)	LINESTRING(144.6551298303 -37.7168199169,144.6551653896 -37.7166257279)
271584	Leakes Rd	1	1		5.370	POINT(144.6551249414 -37.7168438411)	LINESTRING(144.6551199895 -37.7168675957,144.6551298303 -37.7168199169)
271585	Leakes Rd	1	1	1	20.765	POINT(144.6549507209 -37.7167133397)	LINESTRING(144.6549771902 -37.7168043617,144.6549242517 -37.7166223175)
271586		1	1		17.692	POINT(144.6548791763 -37.7165535525)	LINESTRING(144.6549242517 -37.7166223175,144.6549195387 -37.7166071061,144.6549138605 -37.7165911754,144.6549070942 -37.7165750160,144.6548991169 -37.7165591186,144.6548898057 -37.7165439738,144.6548790378 -37.7165300725,144.6548666903 -37.7165179052,144.6548526404 -37.7165079626,144.6548367650 -37.7165007354,144.6548189415 -37.7164967143)
271587		1	1		5.436	POINT(144.6549796733 -37.7168281342)	LINESTRING(144.6549818738 -37.7168531223,144.6549771902 -37.7168043617)
271590		1	1		32.435	POINT(144.6553018002 -37.7166195804)	LINESTRING(144.6552604064 -37.7166559009,144.6552610676 -37.7166523074,144.6552617394 -37.7166487140,144.6552624284 -37.7166451223,144.6552631410 -37.7166415333,144.6552638838 -37.7166379484,144.6552646632 -37.7166343690,144.6552654857 -37.7166307963,144.6552663578 -37.7166272315,144.6552672860 -37.7166236760,144.6552682767 -37.7166201311,144.6552698461 -37.7166131130,144.6552708402 -37.7166056754,144.6552715438 -37.7165980057,144.6552722418 -37.7165902916,144.6552732189 -37.7165827208,144.6552747602 -37.7165754808,144.6552771504 -37.7165687592,144.6552806743 -37.7165627438,144.6552856168 -37.7165576220,144.6552922628 -37.7165535816,144.6552967465 -37.7165520186,144.6553016854 -37.7165511125,144.6553069259 -37.7165508273,144.6553123147 -37.7165511271,144.6553176981 -37.7165519758,144.6553229227 -37.7165533374,144.6553278349 -37.7165551759,144.6553322813 -37.7165574553,144.6553361083 -37.7165601395,144.6553391624 -37.7165631925,144.6553418479 -37.7165677592,144.6553429170 -37.7165725812,144.6553426550 -37.7165776135,144.6553413471 -37.7165828110,144.6553392786 -37.7165881287,144.6553367347 -37.7165935215,144.6553340006 -37.7165989444,144.6553313616 -37.7166043522,144.6553291029 -37.7166096999,144.6553275098 -37.7166149425,144.6553255343 -37.7166236127,144.6553235238 -37.7166322782,144.6553214931 -37.7166409411,144.6553194575 -37.7166496034,144.6553174319 -37.7166582669,144.6553154314 -37.7166669338,144.6553134709 -37.7166756059,144.6553115656 -37.7166842853,144.6553097304 -37.7166929739,144.6553079805 -37.7167016737)
271591		1	1		59.191	POINT(144.6058552944 -37.6874921954)	LINESTRING(144.6055341815 -37.6874135888,144.6061774197 -37.6875705258)
271592		1	1		48.705	POINT(144.6056687981 -37.6876134090)	LINESTRING(144.6055263728 -37.6874447565,144.6055860052 -37.6874668672,144.6056417839 -37.6874990653,144.6056918742 -37.6875393772,144.6057344409 -37.6875858292,144.6057676493 -37.6876364476,144.6057896645 -37.6876892589,144.6057986514 -37.6877422894,144.6057927752 -37.6877935654)
271593		1	1		47.786	POINT(144.6056526442 -37.6874725539)	LINESTRING(144.6058865428 -37.6874068691,144.6058710262 -37.6874382615,144.6058392326 -37.6874672888,144.6057971340 -37.6874903980,144.6057470404 -37.6875077735,144.6056912616 -37.6875195997,144.6056321074 -37.6875260609,144.6055718877 -37.6875273414,144.6055129123 -37.6875236258,144.6054574912 -37.6875150982,144.6054072401 -37.6875017099)
271594		1	1		54.164	POINT(144.6056962104 -37.6875742051)	LINESTRING(144.6059911220 -37.6876469539,144.6059550709 -37.6876397891,144.6058929018 -37.6876271780,144.6058308497 -37.6876141152,144.6057689835 -37.6876004947,144.6057073720 -37.6875862110,144.6056460841 -37.6875711582,144.6055851889 -37.6875552306,144.6055247552 -37.6875383224,144.6054648519 -37.6875203279,144.6054042379 -37.6875007012)
271595	Ian Cowie Way WA	1	1	1	132.669	POINT(144.6511694719 -37.7275546281)	LINESTRING(144.6504350890 -37.7276909732,144.6519038548 -37.7274182828)
271596		1	1	1	134.449	POINT(144.6512153980 -37.7276337866)	LINESTRING(144.6519603985 -37.7274982049,144.6504703974 -37.7277693681)
271597		1	1		20.690	POINT(144.6519527079 -37.7273431305)	LINESTRING(144.6519038548 -37.7274182828,144.6519280414 -37.7274098247,144.6519488045 -37.7273950431,144.6519656592 -37.7273754916,144.6519781207 -37.7273527241,144.6519857040 -37.7273282945,144.6519879242 -37.7273037565,144.6519842964 -37.7272806640,144.6519743358 -37.7272605707)
271598		1	1		38.752	POINT(144.6521147467 -37.7273802960)	LINESTRING(144.6518993339 -37.7274191221,144.6519834054 -37.7274051589,144.6520421159 -37.7273957329,144.6521007973 -37.7273862287,144.6521593240 -37.7273762813,144.6522175701 -37.7273655255,144.6522754102 -37.7273535962,144.6523286554 -37.7273411519)
271599		1	1		42.959	POINT(144.6521114154 -37.7275019702)	LINESTRING(144.6519003046 -37.7274189419,144.6519485474 -37.7274174034,144.6520192574 -37.7274250140,144.6520892248 -37.7274438086,144.6521559071 -37.7274719851,144.6522167617 -37.7275077413,144.6522692464 -37.7275492749,144.6523099703 -37.7275936560)
271600		1	1		33.895	POINT(144.6521091470 -37.7275821978)	LINESTRING(144.6522469073 -37.7276739456,144.6522281262 -37.7276504395,144.6521928594 -37.7276098372,144.6521532447 -37.7275710021,144.6521097588 -37.7275372247,144.6520628784 -37.7275117954,144.6520130804 -37.7274980049,144.6519587263 -37.7274985092)
271601		1	1		33.881	POINT(144.6520223295 -37.7273684327)	LINESTRING(144.6520537646 -37.7272312076,144.6520721746 -37.7273013240,144.6520724290 -37.7273527836,144.6520614942 -37.7274026985,144.6520391717 -37.7274465867,144.6520052631 -37.7274799664,144.6519591481 -37.7274984324)
271602		1	1		36.310	POINT(144.6521535446 -37.7274615685)	LINESTRING(144.6523521455 -37.7274225841,144.6523198662 -37.7274315215,144.6522479719 -37.7274489557,144.6521746186 -37.7274631461,144.6521004494 -37.7274754362,144.6520261076 -37.7274871697,144.6519513926 -37.7274998438)
271637		1	1	1	18.321	POINT(144.7012188223 -37.7415864535)	LINESTRING(144.7012319428 -37.7415047327,144.7012057018 -37.7416681742)
271638		1	1		16.956	POINT(144.7012050505 -37.7414326277)	LINESTRING(144.7011781800 -37.7413605246,144.7011802641 -37.7413850480,144.7011908907 -37.7414090147,144.7012057158 -37.7414326957,144.7012203955 -37.7414563618,144.7012305859 -37.7414802838,144.7012319428 -37.7415047327)
271639		1	1		13.844	POINT(144.7011564462 -37.7417156184)	LINESTRING(144.7012057018 -37.7416681742,144.7011939826 -37.7416895955,144.7011712602 -37.7417071478,144.7011445307 -37.7417233649,144.7011207901 -37.7417407805,144.7011070346 -37.7417619284)
271640		1	1	1	27.395	POINT(144.7009329805 -37.7416398676)	LINESTRING(144.7009148333 -37.7417622041,144.7009511277 -37.7415175309)
271642		1	1		21.995	POINT(144.7009469617 -37.7418545819)	LINESTRING(144.7009786539 -37.7419489459,144.7009787877 -37.7419275769,144.7009736200 -37.7419065113,144.7009646520 -37.7418856614,144.7009533849 -37.7418649391,144.7009413198 -37.7418442565,144.7009299580 -37.7418235258,144.7009208005 -37.7418026589,144.7009153486 -37.7417815680,144.7009151354 -37.7417601679)
271643		1	1		13.523	POINT(144.7009963771 -37.7414702690)	LINESTRING(144.7009511277 -37.7415175309,144.7009555906 -37.7415052317,144.7009642843 -37.7414942705,144.7009759947 -37.7414842645,144.7009895073 -37.7414748310,144.7010036079 -37.7414655872,144.7010170821 -37.7414561503,144.7010287156 -37.7414461376,144.7010372942 -37.7414351662,144.7010416034 -37.7414228533)

