$LINK:NO	NAME	LINKBEHAVTYPE	DISPLAYTYPE	LEVEL	LENGTH2D	WKTLOCWGS84	WKTPOLYLINEWGS84
1	Ballarat Rd  Western Hwy	1	1	1	42.812	POINT(144.7409590993 -37.7563740309)	LINESTRING(144.7407364841 -37.7562961739,144.7411817144 -37.7564518878)
2	Ballarat Rd  Western Hwy	1	1	1	24.236	POINT(144.7411609059 -37.7561838649)	LINESTRING(144.7410348760 -37.7561397948,144.7412869358 -37.7562279349)
3		1	1	1	11.400	POINT(144.7413030208 -37.7563730954)	LINESTRING(144.7412927062 -37.7563225004,144.7413133355 -37.7564236903)
4	Caroline Springs Blvd	1	1	1	16.276	POINT(144.7398892434 -37.7547047066)	LINESTRING(144.7398967239 -37.7546317770,144.7398817629 -37.7547776361)
6	Ballarat Rd  Western Hwy	83	1	1	130.808	POINT(144.7492721193 -37.7602324834)	LINESTRING(144.7499148338 -37.7605284005,144.7486294047 -37.7599365651)
7	Ballarat Rd  Western Hwy	83	1	1	26.113	POINT(144.7484830808 -37.7597420697)	LINESTRING(144.7485256342 -37.7598545305,144.7484405274 -37.7596296086)
8	Western Fwy	2	2	1	26.285	POINT(144.7005870278 -37.7451385359)	LINESTRING(144.7004532950 -37.7450857715,144.7007207605 -37.7451913003)
9	Western Fwy	2	2	1	5.933	POINT(144.7021716995 -37.7457807853)	LINESTRING(144.7021415018 -37.7457688934,144.7022018972 -37.7457926773)
10	Ballarat Rd  Western Hwy	1	1	1	114.653	POINT(144.7492094893 -37.7596918083)	LINESTRING(144.7486441331 -37.7594351977,144.7497748456 -37.7599484181)
11	Ballarat Rd  Western Hwy	1	1	1	37.451	POINT(144.7501783724 -37.7601218225)	LINESTRING(144.7499926551 -37.7600394547,144.7503640897 -37.7602041902)
12	Hopkins Rd	1	1	1	77.257	POINT(144.7017107151 -37.7487398450)	LINESTRING(144.7019154393 -37.7490480833,144.7018038387 -37.7488606396,144.7017048734 -37.7487103695,144.7015880853 -37.7485373039,144.7015032082 -37.7484355255)
13	Western Hwy	3	1	1	398.627	POINT(144.6689113535 -37.7338788197)	LINESTRING(144.6707587584 -37.7349173361,144.6670639487 -37.7328402888)
14	Western Hwy	3	1	1	86.947	POINT(144.6730843336 -37.7357526346)	LINESTRING(144.6735404399 -37.7359034599,144.6726282272 -37.7356018090)
15		3	1	1	19.768	POINT(144.6038711356 -37.6973727520)	LINESTRING(144.6039712047 -37.6973501272,144.6039545136 -37.6973571026,144.6039379263 -37.6973642669,144.6039211313 -37.6973710532,144.6039038171 -37.6973768941,144.6038854698 -37.6973819865,144.6038667925 -37.6973863854,144.6038478275 -37.6973897420,144.6038286172 -37.6973917072,144.6038108055 -37.6973917288,144.6037930107 -37.6973902611,144.6037752228 -37.6973881977,144.6037574315 -37.6973864321)
19		3	1	1	41.611	POINT(144.6032410562 -37.6972092845)	LINESTRING(144.6034174002 -37.6973325328,144.6033825364 -37.6973188205,144.6033492889 -37.6973029875,144.6033174994 -37.6972852803,144.6032870095 -37.6972659456,144.6032576609 -37.6972452299,144.6032292951 -37.6972233798,144.6032017539 -37.6972006419,144.6031748789 -37.6971772628,144.6031485116 -37.6971534890,144.6031224939 -37.6971295673,144.6030966672 -37.6971057442,144.6030708732 -37.6970822662)
20		3	1	1	23.007	POINT(144.6030559593 -37.6971523966)	LINESTRING(144.6031253638 -37.6972401384,144.6029865548 -37.6970646546)
21	Norton Dr	1	1	1	58.148	POINT(144.6024584455 -37.6891462783)	LINESTRING(144.6022068720 -37.6889765110,144.6027100190 -37.6893160452)
33	Neales Rd W	1	1	1	541.218	POINT(144.6969079801 -37.7405073701)	LINESTRING(144.6938571459 -37.7401887926,144.6999588144 -37.7408259463)
34	Neales Rd W	1	1	1	634.938	POINT(144.6974273259 -37.7406308805)	LINESTRING(144.7010063459 -37.7410053169,144.6938483059 -37.7402564421)
35	Neales Rd W	1	1	1	108.844	POINT(144.7020774385 -37.7410625827)	LINESTRING(144.7014637643 -37.7409992380,144.7026911126 -37.7411259274)
36	Neales Rd W	1	1	1	342.860	POINT(144.7045809906 -37.7414004024)	LINESTRING(144.7065149840 -37.7415942724,144.7026469973 -37.7412065319)
37		3	1	1	73.857	POINT(144.7003081864 -37.7426760713)	LINESTRING(144.7007279925 -37.7426845762,144.6998883802 -37.7426675664)
43	Hopkins Rd	1	1	1	365.776	POINT(144.7007160963 -37.7452650476)	LINESTRING(144.7007445645 -37.7436294380,144.7007239025 -37.7437572505,144.7006903435 -37.7440032921,144.7006608370 -37.7442445673,144.7006418429 -37.7444143673,144.7006262626 -37.7446243698,144.7006089973 -37.7449334584,144.7005989552 -37.7452081323,144.7006378695 -37.7459203428,144.7006887355 -37.7463050716,144.7007225101 -37.7465176739,144.7008337589 -37.7468990800)
44	Hopkins Rd	1	1	1	90.574	POINT(144.7008809728 -37.7472561484)	LINESTRING(144.7010329396 -37.7476454661,144.7009886759 -37.7475166339,144.7009422197 -37.7473882795,144.7008945001 -37.7472601996,144.7008195866 -37.7471032294,144.7007696851 -37.7469731571,144.7007286320 -37.7468678485)
47	Hopkins Rd	1	1	1	9.395	POINT(144.7017429784 -37.7483288870)	LINESTRING(144.7017345464 -37.7482871759,144.7017514104 -37.7483705981)
55	Hopkins Rd	1	1	1	54.605	POINT(144.7024206398 -37.7496635014)	LINESTRING(144.7022899152 -37.7494408273,144.7025513645 -37.7498861748)
60	Caroline Springs Blvd	1	1	1	44.399	POINT(144.7400684732 -37.7529789895)	LINESTRING(144.7401081920 -37.7527834240,144.7400747435 -37.7529252729,144.7400478196 -37.7530270380,144.7400292397 -37.7531772593)
61	Caroline Springs Blvd	1	1	1	9.530	POINT(144.7402133501 -37.7532837643)	LINESTRING(144.7402190329 -37.7532411592,144.7402076673 -37.7533263694)
64	Caroline Springs Blvd	1	1	1	84.605	POINT(144.7401006688 -37.7542181831)	LINESTRING(144.7401965274 -37.7538544974,144.7401910784 -37.7539221927,144.7401863700 -37.7539899535,144.7401801803 -37.7540575833,144.7401702873 -37.7541248856,144.7401600504 -37.7541672623,144.7401470441 -37.7542092376,144.7401339749 -37.7542512055,144.7401235496 -37.7542935599,144.7401200431 -37.7543450282,144.7401220296 -37.7543973850,144.7401192529 -37.7544485495,144.7401014568 -37.7544964410,144.7400812644 -37.7545184817,144.7400545512 -37.7545365974,144.7400252297 -37.7545531433,144.7399972123 -37.7545704740)
65	Ballarat Rd  Western Hwy	1	1	1	14.249	POINT(144.7480942996 -37.7593671139)	LINESTRING(144.7481645746 -37.7593989841,144.7480240246 -37.7593352437)
66	Meskos Rd	1	1	1	40.208	POINT(144.7017866803 -37.7494892544)	LINESTRING(144.7020051971 -37.7494361178,144.7015681636 -37.7495423910)
67	Meskos Rd	1	1	1	188.153	POINT(144.7008650815 -37.7488109664)	LINESTRING(144.7003561629 -37.7481033243,144.7003956939 -37.7481615080,144.7004352248 -37.7482196916,144.7004722479 -37.7482788496,144.7005092101 -37.7483464200,144.7005433100 -37.7484149646,144.7005762402 -37.7484838694,144.7006098568 -37.7485568030,144.7006422308 -37.7486300966,144.7006747391 -37.7487033522,144.7007073409 -37.7487765000,144.7007400768 -37.7488496098,144.7007743441 -37.7489222667,144.7008080963 -37.7489907213,144.7008432847 -37.7490587186,144.7008816544 -37.7491255818,144.7009186381 -37.7491847543,144.7009583989 -37.7492427839,144.7010032694 -37.7492982664,144.7010459767 -37.7493440885,144.7010927474 -37.7493873585,144.7011457884 -37.7494252897,144.7011922705 -37.7494598436,144.7012599927 -37.7494950240,144.7013250581 -37.7495099001,144.7013879229 -37.7495007359)
70		3	1	1	77.382	POINT(144.6993484594 -37.7427828540)	LINESTRING(144.6997777014 -37.7426874816,144.6997047474 -37.7426871647,144.6996312311 -37.7426895661,144.6995572333 -37.7426948077,144.6994832940 -37.7427030115,144.6994099521 -37.7427142969,144.6993377454 -37.7427287809,144.6992672091 -37.7427465774,144.6991988752 -37.7427677977,144.6991332703 -37.7427925502,144.6990709135 -37.7428209418,144.6990123139 -37.7428530792,144.6989572239 -37.7428895662)
72	Western Hwy	3	1	1	200.769	POINT(144.6327819608 -37.7104320777)	LINESTRING(144.6319398308 -37.7098226916,144.6327439901 -37.7104233573,144.6336260240 -37.7110400615)
73	Western Hwy	3	1	1	2099.306	POINT(144.6821740477 -37.7385074905)	LINESTRING(144.6712321322 -37.7347535547,144.6713344642 -37.7347935749,144.6714365659 -37.7348339397,144.6715386916 -37.7348744228,144.6716409709 -37.7349147488,144.6717435722 -37.7349546566,144.6718466545 -37.7349938813,144.6719503661 -37.7350321533,144.6720487901 -37.7350671632,144.6721476774 -37.7351012413,144.6722468824 -37.7351346294,144.6723462683 -37.7351675721,144.6724456913 -37.7352003109,144.6725450366 -37.7352330968,144.6726441595 -37.7352661702,144.6740986585 -37.7357591041,144.6755511579 -37.7362559903,144.6770033280 -37.7367536597,144.6784567984 -37.7372489291,144.6799132231 -37.7377386233,144.6813742501 -37.7382195647,144.6828415171 -37.7386885721,144.6830280151 -37.7387461507,144.6832151911 -37.7388022375,144.6834028579 -37.7388572028,144.6835908343 -37.7389114184,144.6837789386 -37.7389652556,144.6839669911 -37.7390190860,144.6841548362 -37.7390732878,144.6843401390 -37.7391271273,144.6845254808 -37.7391809597,144.6847108744 -37.7392347039,144.6848963537 -37.7392882850,144.6850819324 -37.7393416220,144.6852676798 -37.7393946502,144.6854536476 -37.7394472994,144.6856122807 -37.7394912626,144.6857713148 -37.7395342659,144.6859304526 -37.7395768219,144.6860894764 -37.7396194639,144.6862481221 -37.7396627120,144.6864061570 -37.7397070937,144.6865634002 -37.7397531511,144.6866895946 -37.7397914127,144.6868154994 -37.7398303815,144.6869410172 -37.7398701067,144.6870660982 -37.7399106518,144.6871906928 -37.7399520801,144.6873147512 -37.7399944553,144.6874382051 -37.7400378340,144.6875901606 -37.7400931310,144.6877411860 -37.7401500485,144.6878915195 -37.7402082403,144.6880413699 -37.7402673487,144.6881909326 -37.7403270103,144.6883404702 -37.7403868884,144.6884900516 -37.7404465680,144.6886444211 -37.7405083466,144.6887983888 -37.7405706965,144.6889521327 -37.7406334296,144.6891058249 -37.7406963556,144.6892595709 -37.7407592572,144.6894134711 -37.7408219144,144.6895676863 -37.7408841323,144.6897487936 -37.7409566823,144.6899299812 -37.7410290674,144.6901112966 -37.7411012613,144.6902927618 -37.7411732277,144.6904743801 -37.7412449228,144.6906562086 -37.7413163240,144.6908382591 -37.7413873908,144.6909808826 -37.7414426072,144.6911237319 -37.7414974407,144.6912667388 -37.7415520062,144.6914098000 -37.7416064053,144.6915528663 -37.7416607601,144.6916958672 -37.7417151847,144.6918387542 -37.7417698014,144.6920213332 -37.7418398574,144.6922038671 -37.7419099921,144.6923863690 -37.7419801843,144.6925688517 -37.7420504128,144.6927513284 -37.7421206564,144.6929338120 -37.7421908939,144.6931163095 -37.7422611017)
78	Western Hwy	3	1	1	238.081	POINT(144.6692428717 -37.7336626622)	LINESTRING(144.6681544331 -37.7330268667,144.6698828184 -37.7340524083,144.6703333205 -37.7342973102)
82	Sheahan Rd	1	1	1	176.555	POINT(144.7033118713 -37.7492226959)	LINESTRING(144.7023276492 -37.7492980635,144.7028505464 -37.7491713970,144.7029719923 -37.7491488376,144.7030820867 -37.7491480244,144.7032884997 -37.7491611580,144.7042994343 -37.7492619044)
83	Sheahan Rd	1	1	1	127.971	POINT(144.7035760447 -37.7492583024)	LINESTRING(144.7042999896 -37.7493047605,144.7031883388 -37.7492119781,144.7029828419 -37.7492211770,144.7028542359 -37.7492432701)
84	Western Fwy	3	1	1	909.764	POINT(144.6037667670 -37.6953731788)	LINESTRING(144.5986086473 -37.6950884319,144.5997983233 -37.6951361910,144.6010067197 -37.6951733239,144.6022150459 -37.6952117419,144.6034231966 -37.6952533728,144.6040549976 -37.6952764540,144.6046867455 -37.6953005191,144.6053183520 -37.6953266481,144.6059497289 -37.6953559211,144.6061712245 -37.6953670805,144.6063926604 -37.6953790304,144.6066139636 -37.6953923280,144.6068350609 -37.6954075303,144.6070413924 -37.6954233588,144.6072475516 -37.6954406337,144.6074534271 -37.6954598236,144.6076589075 -37.6954813969,144.6078438829 -37.6955028879,144.6080285145 -37.6955262593,144.6082126570 -37.6955518724,144.6083746718 -37.6955733973,144.6085220287 -37.6955928679,144.6086539732 -37.6956131287,144.6087786251 -37.6956348209,144.6089185508 -37.6956585855)
90	Western Hwy	3	1	1	98.244	POINT(144.6598535573 -37.7281382455)	LINESTRING(144.6594075303 -37.7278722512,144.6602995843 -37.7284042389)
91	Ballarat Rd  Western Hwy	1	1	1	76.206	POINT(144.7417919643 -37.7566591793)	LINESTRING(144.7413961820 -37.7565197398,144.7421877466 -37.7567986185)
92	Ballarat Rd  Western Hwy	1	1	1	14.722	POINT(144.7422530099 -37.7566826886)	LINESTRING(144.7422203756 -37.7566215169,144.7422517810 -37.7566832400,144.7422859599 -37.7567432743)
94	Melton Hwy	1	1	1	137.387	POINT(144.6063841508 -37.6861166256)	LINESTRING(144.6066094566 -37.6855246961,144.6061588451 -37.6867085504)
95	Melton Hwy	1	1	1	216.624	POINT(144.6060834231 -37.6864333985)	LINESTRING(144.6057608596 -37.6873741066,144.6064059866 -37.6854926785)
99	Western Hwy	2	2	1	180.669	POINT(144.6472043961 -37.7211487822)	LINESTRING(144.6480345736 -37.7216273741,144.6463742187 -37.7206701872)
103	Western Hwy	3	1	1	1011.344	POINT(144.6523228915 -37.7236734154)	LINESTRING(144.6477095700 -37.7209592527,144.6550212435 -37.7253239552,144.6569379112 -37.7263865016)
104		3	1	1	781.257	POINT(144.6979004932 -37.7456790747)	LINESTRING(144.7008834519 -37.7479299440,144.7008722005 -37.7479239807,144.7008609636 -37.7479180005,144.7008497631 -37.7479119780,144.7008386199 -37.7479058625,144.7008275281 -37.7478996880,144.7008164218 -37.7478935305,144.7008052348 -37.7478874660,144.7007940164 -37.7478814830,144.7007827609 -37.7478755416,144.7007714080 -37.7478697215,144.7007598972 -37.7478641024,144.7007482699 -37.7478586735,144.7007365268 -37.7478533968,144.7007246286 -37.7478483498,144.7007125363 -37.7478436097,144.7007009148 -37.7478394671,144.7006891283 -37.7478356163,144.7006772191 -37.7478320010,144.7006652294 -37.7478285647,144.7006531028 -37.7478253486,144.7006408747 -37.7478223744,144.7006285969 -37.7478195208,144.7006163211 -37.7478166664,144.7006040079 -37.7478138463,144.7005916645 -37.7478111067,144.7005793372 -37.7478083256,144.7005670725 -37.7478053809,144.7005549152 -37.7478022558,144.7005428096 -37.7477990053,144.7005307535 -37.7477956410,144.7005187448 -37.7477921742,144.7005025945 -37.7477873197,144.7004865239 -37.7477823003,144.7004705012 -37.7477771833,144.7004544948 -37.7477720358,144.7004384518 -37.7477669020,144.7004224210 -37.7477617427,144.7004064481 -37.7477564760,144.7003905789 -37.7477510197,144.7003748476 -37.7477454197,144.7003591906 -37.7477396865,144.7003436651 -37.7477337405,144.7003283283 -37.7477275023,144.7003132210 -37.7477209932,144.7002982853 -37.7477142340,144.7002835575 -37.7477071984,144.7002690741 -37.7476998602,144.7002577897 -37.7476937729,144.7002467122 -37.7476874470,144.7002358187 -37.7476809214,144.7002250863 -37.7476742351,144.7002144999 -37.7476673645,144.7002040996 -37.7476603154,144.7001938612 -37.7476531177,144.7001837609 -37.7476458015,144.7001737910 -37.7476383459,144.7001639816 -37.7476307566,144.7001543057 -37.7476230597,144.7001447362 -37.7476152813,144.7001352990 -37.7476074325,144.7001259872 -37.7475994898,144.7001167784 -37.7475914716,144.7001076503 -37.7475833966,144.7000976581 -37.7475744417,144.7000877561 -37.7475654236,144.7000779698 -37.7475563274,144.7000683251 -37.7475471381,144.7000587833 -37.7475378481,144.7000493609 -37.7475284808,144.7000401068 -37.7475190106,144.7000310699 -37.7475094121,144.7000222557 -37.7474997193,144.7000136285 -37.7474899194,144.7000052433 -37.7474799910,144.6999971553 -37.7474699129,144.6999893717 -37.7474597237,144.6999818541 -37.7474494065,144.6999746614 -37.7474389480,144.6999678523 -37.7474283348,144.6999626719 -37.7474196023,144.6999578046 -37.7474107543,144.6999532200 -37.7474018109,144.6999488876 -37.7473927922,144.6999448289 -37.7473836658,144.6999410626 -37.7473744588,144.6999375146 -37.7473651955,144.6999341108 -37.7473559001,144.6999308651 -37.7473465361,144.6999278154 -37.7473371299,144.6999248865 -37.7473276986,144.6999220030 -37.7473182592,144.6999191616 -37.7473088307,144.6999163935 -37.7472993885,144.6999136908 -37.7472899344,144.6999110452 -37.7472804703,144.6999084409 -37.7472710122,144.6999058843 -37.7472615457,144.6999034121 -37.7472520655,144.6999010612 -37.7472425665,144.6998988405 -37.7472330419,144.6998967320 -37.7472235009,144.6998947273 -37.7472139459,144.6998928185 -37.7472043789,144.6998910079 -37.7471947981,144.6998892987 -37.7471852053,144.6998876829 -37.7471756023,144.6998861523 -37.7471659908,144.6998846913 -37.7471563773,144.6998833081 -37.7471467561,144.6998820334 -37.7471371260,144.6998808979 -37.7471274855,144.6998793283 -37.7471121541,144.6998779672 -37.7470968094,144.6998768045 -37.7470814543,144.6998758300 -37.7470660918,144.6998750923 -37.7470507116,144.6998745804 -37.7470353249,144.6998741928 -37.7470199350,144.6998738280 -37.7470045452,144.6998735195 -37.7469891462,144.6998733015 -37.7469737461,144.6998730726 -37.7469583461,144.6998727314 -37.7469429477,144.6998722720 -37.7469275582,144.6998717413 -37.7469121699,144.6998711179 -37.7468967839,144.6998703800 -37.7468814014,144.6998694001 -37.7468643127,144.6998682817 -37.7468472291,144.6998670830 -37.7468301487,144.6998658620 -37.7468130693,144.6998646231 -37.7467959906,144.6998633392 -37.7467789140,144.6998620204 -37.7467618390,144.6998606770 -37.7467447652,144.6998593056 -37.7467276925,144.6998579027 -37.7467106213,144.6998564787 -37.7466935512,144.6998550438 -37.7466764817,144.6998535823 -37.7466594138,144.6998520949 -37.7466423473,144.6998506163 -37.7466252803,144.6998491810 -37.7466082110,144.6998477132 -37.7465900259,144.6998462850 -37.7465718387,144.6998448793 -37.7465536505,144.6998434789 -37.7465354620,144.6998421158 -37.7465172679,144.6998407872 -37.7464990721,144.6998394229 -37.7464808782,144.6998379526 -37.7464626896,144.6998364004 -37.7464445123,144.6998347892 -37.7464263380,144.6998330487 -37.7464081717,144.6998311089 -37.7463900185,144.6998289491 -37.7463718870,144.6998266070 -37.7463537691,144.6998241024 -37.7463356646,144.6998214547 -37.7463175733,144.6998194196 -37.7463044327,144.6998172698 -37.7462913032,144.6998150236 -37.7462781837,144.6998126990 -37.7462650729,144.6998103201 -37.7462519601,144.6998078719 -37.7462388551,144.6998053093 -37.7462257641,144.6998025874 -37.7462126937,144.6997997241 -37.7461996537,144.6997967321 -37.7461866311,144.6997935664 -37.7461736349,144.6997901825 -37.7461606740,144.6997865787 -37.7461477620,144.6997827742 -37.7461348850,144.6997787649 -37.7461220470,144.6997745467 -37.7461092520,144.6997691814 -37.7460938405,144.6997635579 -37.7460784854,144.6997577035 -37.7460631839,144.6997516452 -37.7460479332,144.6997453846 -37.7460327166,144.6997389140 -37.7460175541,144.6997322284 -37.7460024500,144.6997253227 -37.7459874092,144.6997182008 -37.7459724339,144.6997108642 -37.7459575225,144.6997033072 -37.7459426802,144.6996955243 -37.7459279122,144.6996875545 -37.7459132242,144.6996793831 -37.7458986040,144.6996709501 -37.7458840785,144.6996621954 -37.7458696747,144.6996476645 -37.7458468795,144.6996326454 -37.7458242792,144.6996171807 -37.7458018665,144.6996013132 -37.7457796340,144.6995849374 -37.7457575968,144.6995680886 -37.7457357805,144.6995509537 -37.7457141003,144.6995337194 -37.7456924711,144.6995166236 -37.7456707175,144.6994995221 -37.7456489590,144.6994819497 -37.7456274535,144.6994634410 -37.7456064594,144.6994209748 -37.7455619263,144.6993768875 -37.7455183574,144.6993311535 -37.7454758698,144.6992837466 -37.7454345806,144.6992326886 -37.7453922883,144.6991801870 -37.7453510502,144.6991256441 -37.7453115994,144.6990684625 -37.7452746694,144.6990001165 -37.7452370807,144.6989287765 -37.7452029445,144.6988562011 -37.7451702384,144.6987841489 -37.7451369396,144.6986686797 -37.7450810486,144.6985532581 -37.7450250896,144.6984374358 -37.7449696648,144.6983207649 -37.7449153766,144.6982070030 -37.7448644708,144.6980924393 -37.7448146892,144.6979775236 -37.7447654021,144.6978627060 -37.7447159797,144.6977119748 -37.7446506558,144.6975611857 -37.7445854152,144.6974103081 -37.7445203028,144.6972593116 -37.7444553632,144.6970555680 -37.7443682408,144.6968516126 -37.7442814280,144.6966476431 -37.7441946356,144.6964438576 -37.7441075741,144.6962912322 -37.7440423177,144.6961386038 -37.7439770632,144.6959862476 -37.7439114177,144.6958344388 -37.7438449883,144.6956041292 -37.7437420297,144.6953747053 -37.7436378342,144.6951456357 -37.7435331439,144.6949163889 -37.7434287007)
107		3	1	1	171.424	POINT(144.6988166594 -37.7436416287)	LINESTRING(144.6988884732 -37.7429426273,144.6988428458 -37.7429804715,144.6988086326 -37.7430123700,144.6987702157 -37.7430580380,144.6987440515 -37.7430981315,144.6987199112 -37.7431354504,144.6987007437 -37.7431692447,144.6986836732 -37.7432040266,144.6986685695 -37.7432393154,144.6986581755 -37.7432684977,144.6986496456 -37.7432983713,144.6986422736 -37.7433290537,144.6986354577 -37.7433601825,144.6986299204 -37.7433870965,144.6986251156 -37.7434138463,144.6986212423 -37.7434404781,144.6986184934 -37.7434671008,144.6986164635 -37.7434994677,144.6986156375 -37.7435318552,144.6986161959 -37.7435640944,144.6986183012 -37.7435960032,144.6986224295 -37.7436275670,144.6986284301 -37.7436594396,144.6986354508 -37.7436919596,144.6986425080 -37.7437250558,144.6986481485 -37.7437543614,144.6986536444 -37.7437831035,144.6986596993 -37.7438111262,144.6986670271 -37.7438385039,144.6986766290 -37.7438676464,144.6986876255 -37.7438967988,144.6986997369 -37.7439259225,144.6987126633 -37.7439549652,144.6987239139 -37.7439788025,144.6987358065 -37.7440023620,144.6987483885 -37.7440256421,144.6987616753 -37.7440485799,144.6987696005 -37.7440612710,144.6987780404 -37.7440739060,144.6987869379 -37.7440865797,144.6987961269 -37.7440992352,144.6988055316 -37.7441117653,144.6988152033 -37.7441241580,144.6988251578 -37.7441364927,144.6988353279 -37.7441487431,144.6988457030 -37.7441608773,144.6988563135 -37.7441729113,144.6988671586 -37.7441848963,144.6988781867 -37.7441968263,144.6988893362 -37.7442086477,144.6989006281 -37.7442203562,144.6989120741 -37.7442319559,144.6989236860 -37.7442434500,144.6989324811 -37.7442519602,144.6989413859 -37.7442603847,144.6989503955 -37.7442687060,144.6989595156 -37.7442769168,144.6989687819 -37.7442850361,144.6989782070 -37.7442930843,144.6989877858 -37.7443010779,144.6989974785 -37.7443090044,144.6990072689 -37.7443168437,144.6990171807 -37.7443246074,144.6990272251 -37.7443323240,144.6990361487 -37.7443390660)
108		3	1	1	162.569	POINT(144.6948537694 -37.7427409618)	LINESTRING(144.6939838781 -37.7425055628,144.6941035981 -37.7425440422,144.6942231499 -37.7425828620,144.6943426596 -37.7426217671,144.6944622534 -37.7426605018,144.6945820575 -37.7426988108,144.6947021981 -37.7427364388,144.6948228012 -37.7427731304,144.6948824510 -37.7427908558,144.6949422129 -37.7428083584,144.6950021056 -37.7428255832,144.6950621476 -37.7428424749,144.6951223577 -37.7428589785,144.6951827544 -37.7428750388,144.6952433565 -37.7428906008,144.6952803586 -37.7428999155,144.6953174165 -37.7429091397,144.6953545630 -37.7429181452,144.6953918312 -37.7429268038,144.6954292541 -37.7429349875,144.6954668647 -37.7429425680,144.6955046959 -37.7429494174,144.6955363800 -37.7429543383,144.6955682336 -37.7429585160,144.6956002106 -37.7429621532,144.6956322646 -37.7429654525,144.6956643494 -37.7429686166,144.6956964189 -37.7429718484,144.6957284266 -37.7429753504)
111	Christies Rd	1	1	1	94.924	POINT(144.7395848953 -37.7585808197)	LINESTRING(144.7395971820 -37.7581542198,144.7395726086 -37.7590074171)
112	Christies Rd	1	1	1	13.291	POINT(144.7394406857 -37.7589163090)	LINESTRING(144.7394377205 -37.7589760115,144.7394436509 -37.7588566064)
113	Christies Rd	1	1	1	14.813	POINT(144.7394559051 -37.7584718778)	LINESTRING(144.7394532295 -37.7585384341,144.7394585807 -37.7584053215)
114	Western Hwy	3	1	1	462.962	POINT(144.7367819223 -37.7560227033)	LINESTRING(144.7393723165 -37.7562406843,144.7393249227 -37.7562257699,144.7392776456 -37.7562106054,144.7392303977 -37.7561953783,144.7391830915 -37.7561802763,144.7391356392 -37.7561654870,144.7390879534 -37.7561511980,144.7390399464 -37.7561375969,144.7389846989 -37.7561227311,144.7389292379 -37.7561083406,144.7388735675 -37.7560944499,144.7388176919 -37.7560810833,144.7387616153 -37.7560682653,144.7387053419 -37.7560560204,144.7386488759 -37.7560443729,144.7385544187 -37.7560258550,144.7384596749 -37.7560081772,144.7383646515 -37.7559914239,144.7382693556 -37.7559756793,144.7381737944 -37.7559610281,144.7380779751 -37.7559475545,144.7379819047 -37.7559353431,144.7378869867 -37.7559243912,144.7377918530 -37.7559143976,144.7376965300 -37.7559055001,144.7376010445 -37.7558978366,144.7375054231 -37.7558915450,144.7374096923 -37.7558867631,144.7373138790 -37.7558836288,144.7372029365 -37.7558824781,144.7370919999 -37.7558838542,144.7369810711 -37.7558871353,144.7368701523 -37.7558916997,144.7367592455 -37.7558969257,144.7366483528 -37.7559021913,144.7365374761 -37.7559068750,144.7364059961 -37.7559127376,144.7362745816 -37.7559198941,144.7361431981 -37.7559275939,144.7360118112 -37.7559350860,144.7358803862 -37.7559416195,144.7357488888 -37.7559464436,144.7356172844 -37.7559488073,144.7355379059 -37.7559488255,144.7354585246 -37.7559478645,144.7353791560 -37.7559459987,144.7352998157 -37.7559433026,144.7352205190 -37.7559398504,144.7351412814 -37.7559357166,144.7350621184 -37.7559309756,144.7350080106 -37.7559273485,144.7349539367 -37.7559233027,144.7348999170 -37.7559187911,144.7348459718 -37.7559137663,144.7347921216 -37.7559081810,144.7347383868 -37.7559019879,144.7346847876 -37.7558951399,144.7346281160 -37.7558870690,144.7345716326 -37.7558782002,144.7345153115 -37.7558686647,144.7344591268 -37.7558585942,144.7344030528 -37.7558481200,144.7343470636 -37.7558373736,144.7342911334 -37.7558264865,144.7342142375 -37.7558114935,144.7341864170 -37.7558060220)
115	Western Hwy	1	1	1	37.718	POINT(144.7389542971 -37.7557081299)	LINESTRING(144.7387569414 -37.7556417705,144.7391516527 -37.7557744894)
119	Western Hwy	1	1	1	30.619	POINT(144.7393305140 -37.7558365065)	LINESTRING(144.7391712764 -37.7557808672,144.7394897516 -37.7558921458)
124	Western Fwy	2	2	1	669.450	POINT(144.7237987471 -37.7508255117)	LINESTRING(144.7202054427 -37.7498515872,144.7225185503 -37.7502746689,144.7232592064 -37.7504329338,144.7239543046 -37.7506080172,144.7245767854 -37.7508022134,144.7251794075 -37.7510055369,144.7263037525 -37.7514001675,144.7273757588 -37.7518039214)
125		2	2	1	23.608	POINT(144.7406692772 -37.7627832606)	LINESTRING(144.7406160349 -37.7626858347,144.7406843433 -37.7628109158,144.7407225354 -37.7628806572)
126		3	1	1	157.363	POINT(144.7416575301 -37.7650451479)	LINESTRING(144.7421881571 -37.7656143456,144.7421701810 -37.7655938302,144.7421521965 -37.7655733194,144.7421342099 -37.7655528097,144.7421162275 -37.7655322978,144.7420982555 -37.7655117801,144.7420803002 -37.7654912534,144.7420623677 -37.7654707141,144.7420443686 -37.7654500461,144.7420263975 -37.7654293628,144.7420084445 -37.7654086696,144.7419904994 -37.7653879722,144.7419725522 -37.7653672759,144.7419545927 -37.7653465862,144.7419366110 -37.7653259086,144.7419185600 -37.7653051665,144.7419005134 -37.7652844219,144.7418824613 -37.7652636803,144.7418643937 -37.7652429471,144.7418463005 -37.7652222280,144.7418281717 -37.7652015283,144.7418099975 -37.7651808536,144.7417917667 -37.7651601690,144.7417735171 -37.7651394946,144.7417552386 -37.7651188361,144.7417369213 -37.7650981991,144.7417185553 -37.7650775893,144.7417001307 -37.7650570124,144.7416816375 -37.7650364741,144.7416630987 -37.7650159772,144.7416445180 -37.7649955036,144.7416258855 -37.7649750594,144.7416071915 -37.7649546504,144.7415884261 -37.7649342826,144.7415695794 -37.7649139620,144.7415506415 -37.7648936947,144.7415316656 -37.7648735146,144.7415126253 -37.7648533717,144.7414935111 -37.7648332725,144.7414743132 -37.7648132233,144.7414550219 -37.7647932305,144.7414356274 -37.7647733007,144.7414161201 -37.7647534402,144.7413965770 -37.7647337047,144.7413769480 -37.7647140217,144.7413572237 -37.7646943979,144.7413373946 -37.7646748404,144.7413174512 -37.7646553562,144.7412973840 -37.7646359522,144.7412771836 -37.7646166354,144.7412569420 -37.7645974715,144.7412365942 -37.7645783766,144.7412161309 -37.7645593585,144.7411955431 -37.7645404247,144.7411748218 -37.7645215827,144.7411539579 -37.7645028403,144.7411329424 -37.7644842051,144.7411253202 -37.7644775257)
128		3	1	1	18.168	POINT(144.7404328815 -37.7622628581)	LINESTRING(144.7404069851 -37.7621842266,144.7404431991 -37.7622912149,144.7404584914 -37.7623423890)
129		3	1	1	77.986	POINT(144.7402500449 -37.7595350052)	LINESTRING(144.7399928532 -37.7592715850,144.7400513422 -37.7593009203,144.7401107125 -37.7593293891,144.7401683201 -37.7593595910,144.7402215208 -37.7593941256,144.7402641476 -37.7594296971,144.7403026804 -37.7594682690,144.7403381116 -37.7595088347,144.7403714337 -37.7595503880,144.7403919663 -37.7595779495,144.7404109046 -37.7596062609,144.7404279726 -37.7596352872,144.7404428945 -37.7596649938,144.7404575597 -37.7597026011,144.7404689270 -37.7597409925,144.7404789753 -37.7597796975,144.7404896831 -37.7598182456)
132	Western Hwy	3	1	1	1454.935	POINT(144.6287609598 -37.7081156994)	LINESTRING(144.6348897206 -37.7125115293,144.6226321991 -37.7037196088)
133	Western Hwy	3	1	1	50.062	POINT(144.6223529179 -37.7035136979)	LINESTRING(144.6225644612 -37.7036643851,144.6221413747 -37.7033630104)
134	Western Fwy	3	1	1	44.197	POINT(144.7191155619 -37.7496433597)	LINESTRING(144.7188714319 -37.7495962368,144.7193596919 -37.7496904826)
136		3	1	1	855.142	POINT(144.7329641944 -37.7536469203)	LINESTRING(144.7285042427 -37.7521221082,144.7294139779 -37.7523660816,144.7297509998 -37.7524647039,144.7300778760 -37.7525632378,144.7304036770 -37.7526639516,144.7306877110 -37.7527539057,144.7309710560 -37.7528452275,144.7312534438 -37.7529383649,144.7315346066 -37.7530337656,144.7317670136 -37.7531157055,144.7319981871 -37.7531998253,144.7322622647 -37.7532956193,144.7338242868 -37.7539246025,144.7345689093 -37.7542055058,144.7374212442 -37.7551725804)
139		3	1	1	104.706	POINT(144.7380381597 -37.7553662272)	LINESTRING(144.7374903298 -37.7551819465,144.7385859896 -37.7555505075)
140	Caroline Springs Blvd	1	1	1	39.811	POINT(144.7399385249 -37.7541542966)	LINESTRING(144.7399545399 -37.7539757735,144.7399225100 -37.7543328192)
141	Caroline Springs Blvd	1	1	1	19.319	POINT(144.7400150763 -37.7532863034)	LINESTRING(144.7400242534 -37.7531997587,144.7400058992 -37.7533728480)
142	Caroline Springs Blvd	1	1	1	12.533	POINT(144.7399810908 -37.7534840502)	LINESTRING(144.7399853921 -37.7534278106,144.7399767895 -37.7535402898)
143	Caroline Springs Blvd	1	1	1	83.654	POINT(144.7398653664 -37.7533998331)	LINESTRING(144.7398159686 -37.7537743502,144.7398687414 -37.7533165601,144.7399149111 -37.7530263856)
147	Western Fwy  Deer Park Byp	2	2	1	201.228	POINT(144.7418167000 -37.7646031146)	LINESTRING(144.7412336799 -37.7638248569,144.7415240343 -37.7642139788,144.7417947430 -37.7645734492,144.7420654080 -37.7649328597,144.7423996989 -37.7653813925)
148	Western Fwy  Deer Park Byp	3	1	1	2994.543	POINT(144.7459426341 -37.7783981455)	LINESTRING(144.7423971836 -37.7654088514,144.7430157043 -37.7662189557,144.7430794803 -37.7662991366,144.7431436026 -37.7663790526,144.7432082189 -37.7664588300,144.7433602850 -37.7666425365,144.7435149907 -37.7668248163,144.7436709064 -37.7670062581,144.7438266864 -37.7671875461,144.7439809877 -37.7673693619,144.7441324708 -37.7675523861,144.7442798743 -37.7677373908,144.7443592476 -37.7678406515,144.7444373118 -37.7679446584,144.7445140968 -37.7680492939,144.7445896827 -37.7681545052,144.7446641495 -37.7682602398,144.7447375776 -37.7683664451,144.7448100376 -37.7684730547,144.7448571630 -37.7685436510,144.7449035541 -37.7686145468,144.7449492231 -37.7686857429,144.7449941751 -37.7687572290,144.7450384149 -37.7688289946,144.7450819473 -37.7689010294,144.7451247837 -37.7689733338,144.7451731844 -37.7690565026,144.7452208876 -37.7691399236,144.7452677846 -37.7692236033,144.7453137756 -37.7693075637,144.7453587611 -37.7693918268,144.7454026417 -37.7694764146,144.7454453374 -37.7695613873,144.7455033268 -37.7696800169,144.7455601312 -37.7697990342,144.7456155012 -37.7699184337,144.7456692080 -37.7700382511,144.7457210229 -37.7701585220,144.7457707177 -37.7702792821,144.7458180765 -37.7704005987,144.7458765121 -37.7705583957,144.7459323627 -37.7707168384,144.7459855692 -37.7708758649,144.7460360820 -37.7710354388,144.7460838513 -37.7711955234,144.7461288275 -37.7713560824,144.7461709451 -37.7715170186,144.7461952583 -37.7716191830,144.7462170883 -37.7717217451,144.7462369906 -37.7718247091,144.7462555025 -37.7719279951,144.7462731639 -37.7720315228,144.7462905206 -37.7721352376,144.7463080810 -37.7722388490,144.7463414724 -37.7724378746,144.7463733323 -37.7726369859,144.7464040807 -37.7728362607,144.7464341148 -37.7730356384,144.7464638447 -37.7732351420,144.7464936649 -37.7734346861,144.7465239656 -37.7736341581,144.7465578982 -37.7738552447,144.7465917154 -37.7740763467,144.7466254618 -37.7742974599,144.7466591824 -37.7745185800,144.7466929220 -37.7747397027,144.7467267255 -37.7749608237,144.7467606397 -37.7751819518,144.7467941275 -37.7753985494,144.7468278906 -37.7756151001,144.7468617556 -37.7758316205,144.7468955490 -37.7760481268,144.7469290977 -37.7762646357,144.7469622335 -37.7764811969,144.7469947745 -37.7766977715,144.7470232158 -37.7768914841,144.7470510951 -37.7770852405,144.7470786027 -37.7772790898,144.7471059148 -37.7774729799,144.7471332124 -37.7776668942,144.7471606771 -37.7778608165,144.7471884849 -37.7780546945,144.7472030804 -37.7781555469,144.7472177044 -37.7782564015,144.7472323764 -37.7783572565,144.7472471158 -37.7784581099,144.7472619418 -37.7785589600,144.7472768739 -37.7786598050,144.7472919293 -37.7787606280,144.7473113234 -37.7788897820,144.7473307856 -37.7790189385,144.7473503608 -37.7791480929,144.7473700940 -37.7792772406,144.7473900301 -37.7794063770,144.7474102142 -37.7795354976,144.7474306893 -37.7796645875,144.7474483290 -37.7797727677,144.7474664813 -37.7798808728,144.7474848994 -37.7799888986,144.7475033356 -37.7800968343,144.7475215625 -37.7802047869,144.7475393263 -37.7803127056,144.7475563905 -37.7804206385,144.7475792300 -37.7805735598,144.7476009497 -37.7807266370,144.7476220026 -37.7808798316,144.7476428515 -37.7810331740,144.7476639352 -37.7811865125,144.7476857181 -37.7813398791,144.7477086504 -37.7814931990,144.7477227173 -37.7815816828,144.7477374150 -37.7816700426,144.7477524959 -37.7817583135,144.7477676982 -37.7818464462,144.7477827914 -37.7819345696,144.7477975168 -37.7820226444,144.7478116327 -37.7821107293,144.7478297003 -37.7822295573,144.7478470623 -37.7823485048,144.7478639768 -37.7824675289,144.7478807142 -37.7825866721,144.7478975243 -37.7827058287,144.7479146748 -37.7828250157,144.7479324244 -37.7829441861,144.7479513558 -37.7830663574,144.7479708052 -37.7831884365,144.7479905687 -37.7833104544,144.7480104340 -37.7834323873,144.7480302010 -37.7835542875,144.7480496730 -37.7836762257,144.7480686348 -37.7837981583,144.7480848436 -37.7839054721,144.7481007295 -37.7840128172,144.7481163925 -37.7841202420,144.7481319188 -37.7842277008,144.7481474001 -37.7843351850,144.7481629284 -37.7844426861,144.7481785894 -37.7845501554,144.7481922328 -37.7846434602,144.7482058290 -37.7847367815,144.7482194232 -37.7848301151,144.7482330609 -37.7849234566,144.7482467875 -37.7850168020,144.7482606483 -37.7851101469,144.7482746884 -37.7852034843,144.7482983215 -37.7853582145,144.7483222583 -37.7855129016,144.7483464152 -37.7856675539,144.7483707090 -37.7858221791,144.7483950562 -37.7859767854,144.7484193628 -37.7861313123,144.7489283434 -37.7895198083,144.7490598436 -37.7902134790,144.7493041230 -37.7909899465,144.7494828401 -37.7913939687)
149		3	1	1	269.824	POINT(144.7070899826 -37.7478761325)	LINESTRING(144.7085928633 -37.7481225189,144.7083404005 -37.7480919998,144.7080877696 -37.7480622419,144.7078354747 -37.7480309615,144.7075840198 -37.7479958748,144.7073332916 -37.7479557676,144.7070834821 -37.7479121130,144.7068342081 -37.7478664550,144.7065850866 -37.7478203378,144.7063361257 -37.7477736474,144.7060875303 -37.7477257421,144.7058390810 -37.7476773509,144.7055905587 -37.7476292026)
154	Western Hwy	2	2	1	170.162	POINT(144.6746323379 -37.7362878342)	LINESTRING(144.6755209555 -37.7365904951,144.6737437202 -37.7359851720)
159		3	1	1	143.106	POINT(144.6553095339 -37.7260885551)	LINESTRING(144.6560100829 -37.7264143535,144.6557079229 -37.7262857041,144.6556489102 -37.7262566147,144.6555899269 -37.7262274256,144.6554894485 -37.7261768434,144.6553895818 -37.7261255322,144.6552900138 -37.7260740199,144.6551903680 -37.7260228001,144.6550902694 -37.7259723651,144.6549893439 -37.7259232056,144.6548871969 -37.7258758007,144.6548483029 -37.7258587680,144.6548088843 -37.7258423402,144.6547690465 -37.7258263393,144.6547289081 -37.7258105918,144.6546885720 -37.7257949159,144.6546482088 -37.7257791549,144.6546080066 -37.7257631580)
160		3	1	1	101.284	POINT(144.6538647822 -37.7255977995)	LINESTRING(144.6544206953 -37.7256970919,144.6542584393 -37.7256461086,144.6541454723 -37.7256218016,144.6540313880 -37.7255994382,144.6539163442 -37.7255791676,144.6537644908 -37.7255564715,144.6535777507 -37.7255335132,144.6534543880 -37.7255175795,144.6532997005 -37.7255004261)
161		3	1	1	151.190	POINT(144.6489823370 -37.7223979908)	LINESTRING(144.6495874725 -37.7228783456,144.6493903154 -37.7226764784,144.6491309317 -37.7224560234,144.6488248435 -37.7222245625,144.6483743839 -37.7219199746)
168	Western Hwy	3	1	1	605.458	POINT(144.6442368293 -37.7186254840)	LINESTRING(144.6416619222 -37.7168198342,144.6426023168 -37.7174919018,144.6435427908 -37.7181639001,144.6444831178 -37.7188360271,144.6454231119 -37.7195085097,144.6455799673 -37.7196222893,144.6457360631 -37.7197365727,144.6458931167 -37.7198496847,144.6460529593 -37.7199600412,144.6461204307 -37.7200040446,144.6461891539 -37.7200470643,144.6462585903 -37.7200896362,144.6463281140 -37.7201322484,144.6464495620 -37.7202067171,144.6465713902 -37.7202807529,144.6466934566 -37.7203546678,144.6468154279 -37.7204286577)
169	Western Hwy	3	1	1	78.548	POINT(144.6411712614 -37.7164719806)	LINESTRING(144.6408411575 -37.7162340073,144.6415013653 -37.7167099532)
172	Western Hwy	3	1	1	312.758	POINT(144.6397928438 -37.7160013698)	LINESTRING(144.6411182291 -37.7169392761,144.6384674584 -37.7150634516)
174		3	1	1	158.379	POINT(144.6486462777 -37.7212933576)	LINESTRING(144.6478571681 -37.7209571890,144.6479797944 -37.7210192422,144.6481022927 -37.7210814570,144.6482250472 -37.7211433484,144.6483484423 -37.7212044315,144.6484410592 -37.7212500166,144.6485338218 -37.7212954429,144.6486274203 -37.7213397215,144.6487225448 -37.7213818636,144.6488323070 -37.7214270231,144.6489434538 -37.7214700752,144.6490558622 -37.7215110323,144.6491694092 -37.7215499063,144.6492362287 -37.7215708092,144.6493038145 -37.7215901662,144.6493717068 -37.7216089049,144.6494394459 -37.7216279527)
175		2	2	1	42.692	POINT(144.6560488798 -37.7257442432)	LINESTRING(144.6558551361 -37.7256285734,144.6562426235 -37.7258599128)
179		3	1	1	34.727	POINT(144.6041542739 -37.6972563861)	LINESTRING(144.6043090648 -37.6971593864,144.6039994831 -37.6973533856)
180		3	1	1	72.529	POINT(144.5990202276 -37.6950235059)	LINESTRING(144.5986078565 -37.6950321393,144.5993205461 -37.6950181658,144.5994323500 -37.6950148664)
182		3	1	1	139.613	POINT(144.6052980334 -37.6939648914)	LINESTRING(144.6047718354 -37.6934952411,144.6047836638 -37.6935073676,144.6054486299 -37.6941396347,144.6058301578 -37.6944293164)
184	Western Fwy	3	1	1	970.159	POINT(144.6041783870 -37.6957523435)	LINESTRING(144.6096624734 -37.6961049466,144.6089488958 -37.6959734997,144.6082661167 -37.6958572714,144.6075178633 -37.6957659753,144.6068154151 -37.6957045698,144.6061019289 -37.6956655437,144.5986870721 -37.6954005269)
187	Western Hwy	3	1	1	857.764	POINT(144.6523768538 -37.7241507551)	LINESTRING(144.6563020410 -37.7264405318,144.6559961853 -37.7262701624,144.6555704307 -37.7260324513,144.6553693353 -37.7259139577,144.6551679884 -37.7257953905,144.6549665828 -37.7256768916,144.6547593479 -37.7255550115,144.6545521074 -37.7254331320,144.6543448327 -37.7253112838,144.6541374952 -37.7251894974,144.6539300662 -37.7250678036,144.6537225172 -37.7249462330,144.6535148120 -37.7248248118,144.6531932139 -37.7246374407,144.6528712346 -37.7244504974,144.6525490444 -37.7242637994,144.6522268135 -37.7240771637,144.6519047119 -37.7238904079,144.6515829098 -37.7237033492,144.6512615519 -37.7235157901,144.6509490030 -37.7233325639,144.6506367863 -37.7231489444,144.6503248216 -37.7229650449,144.6500130119 -37.7227809687,144.6497012603 -37.7225968192,144.6493894720 -37.7224127012,144.6484529870 -37.7218601505)
189	Western Fwy  Deer Park Byp	3	1	1	1562.258	POINT(144.7372232439 -37.7597587011)	LINESTRING(144.7422222771 -37.7655145767,144.7410385086 -37.7639852237,144.7406705771 -37.7634993521,144.7403027365 -37.7630134301,144.7399348469 -37.7625275240,144.7395667683 -37.7620417001,144.7391983609 -37.7615560250,144.7388295082 -37.7610705958,144.7384044139 -37.7605094912,144.7379808634 -37.7599476294,144.7375574246 -37.7593856481,144.7371327295 -37.7588242697,144.7367053511 -37.7582641393,144.7362738994 -37.7577059512,144.7358370001 -37.7571504197,144.7357765716 -37.7570744316,144.7357159160 -37.7569985481,144.7356548157 -37.7569228469,144.7355930779 -37.7568474376,144.7355305098 -37.7567724296,144.7354669182 -37.7566979329,144.7354021117 -37.7566240594,144.7353348093 -37.7565496670,144.7352662890 -37.7564760075,144.7351967909 -37.7564029588,144.7351265483 -37.7563303914,144.7350557939 -37.7562581757,144.7349847544 -37.7561861766,144.7349136574 -37.7561142604,144.7348555084 -37.7560555692,144.7347970896 -37.7559970016,144.7347383664 -37.7559386089,144.7346792888 -37.7558804270,144.7346198065 -37.7558224915,144.7345598692 -37.7557648383,144.7344994207 -37.7557074971,144.7344694783 -37.7556795810,144.7344392519 -37.7556518775,144.7344088211 -37.7556243522,144.7343782540 -37.7555969593,144.7343476129 -37.7555696488,144.7343169884 -37.7555423957,144.7342864082 -37.7555151195,144.7342558644 -37.7554877982,144.7342253011 -37.7554604705,144.7341947007 -37.7554331708,144.7341640114 -37.7554059032,144.7341332094 -37.7553786965,144.7341022636 -37.7553515735,144.7340711509 -37.7553245635,144.7340399009 -37.7552976768,144.7340085357 -37.7552708832,144.7339770505 -37.7552441777,144.7339454463 -37.7552175603,144.7339137243 -37.7551910311,144.7338818857 -37.7551645902,144.7338499287 -37.7551382353,144.7338210639 -37.7551146149,144.7337920801 -37.7550910880,144.7337629937 -37.7550676488,144.7337338167 -37.7550442885,144.7337045616 -37.7550209980,144.7336752406 -37.7549977684,144.7336458515 -37.7549745797,144.7336164267 -37.7549514476,144.7335869221 -37.7549283510,144.7335573409 -37.7549053078,144.7335276736 -37.7548823265,144.7334979109 -37.7548594153,144.7334680433 -37.7548365823,144.7334380669 -37.7548138402,144.7334080075 -37.7547911877,144.7333778651 -37.7547686044,144.7333476250 -37.7547460947,144.7333172783 -37.7547236673,144.7332868159 -37.7547013308,144.7332562288 -37.7546790938,144.7332255132 -37.7546569689,144.7331946957 -37.7546349581,144.7331637732 -37.7546130401,144.7331327340 -37.7545912185,144.7331015717 -37.7545695006,144.7330702797 -37.7545478936,144.7330388517 -37.7545264049,144.7330072819 -37.7545050424,144.7329742930 -37.7544829574,144.7329411647 -37.7544610075,144.7329079050 -37.7544391870,144.7328745215 -37.7544174904,144.7328410221 -37.7543959118,144.7328074142 -37.7543744455,144.7327736998 -37.7543530822,144.7327398491 -37.7543318251,144.7327058703 -37.7543106962,144.7326717814 -37.7542896882,144.7326375946 -37.7542687902,144.7326033217 -37.7542479911,144.7325689748 -37.7542272799,144.7322089068 -37.7540156213)
194	Western Fwy	3	1	1	617.373	POINT(144.6972302191 -37.7438681723)	LINESTRING(144.6940798660 -37.7426437626,144.6988537872 -37.7445006401,144.7003806433 -37.7450925341)
196	Western Fwy	3	1	1	1313.493	POINT(144.7017706985 -37.7457012123)	LINESTRING(144.7086038737 -37.7480381258,144.7081248784 -37.7479596951,144.7079356394 -37.7479288771,144.7077317697 -37.7478920757,144.7075280990 -37.7478538616,144.7073247596 -37.7478144521,144.7071217043 -37.7477740320,144.7069188857 -37.7477327861,144.7067162568 -37.7476908994,144.7065137272 -37.7476485480,144.7063626267 -37.7476171267,144.7062114702 -37.7475859192,144.7060604904 -37.7475543880,144.7059099263 -37.7475219981,144.7057599997 -37.7474882120,144.7056109319 -37.7474524929,144.7054629111 -37.7474142967,144.7053775026 -37.7473905733,144.7052926024 -37.7473655737,144.7052081493 -37.7473394840,144.7051240725 -37.7473124882,144.7050403013 -37.7472847707,144.7049567648 -37.7472565161,144.7048734489 -37.7472279289,144.7047812877 -37.7471955456,144.7046896463 -37.7471622698,144.7045983601 -37.7471282735,144.7045073212 -37.7470937491,144.7044164370 -37.7470588952,144.7043255444 -37.7470238836,144.7042346584 -37.7469889550,144.7040366945 -37.7469126495,144.7038391651 -37.7468356969,144.7036419230 -37.7467582707,144.7034448101 -37.7466805397,144.7032477377 -37.7466027004,144.7030505907 -37.7465249386,144.7028532808 -37.7464474509,144.7026882051 -37.7463828513,144.7025231109 -37.7463182836,144.7023580035 -37.7462537393,144.7021928882 -37.7461892098,144.7020277706 -37.7461246863,144.7018626559 -37.7460601604,144.7016975487 -37.7459956231,144.7012494577 -37.7458204285,144.7008013761 -37.7456452173,144.7003532965 -37.7454700014,144.6999052112 -37.7452947929,144.6994571128 -37.7451196037,144.6990089939 -37.7449444457,144.6985608472 -37.7447693311,144.6980453256 -37.7445679633,144.6975297730 -37.7443666457,144.6970141981 -37.7441653646,144.6964986095 -37.7439641061,144.6959830157 -37.7437628564,144.6954674254 -37.7435616019,144.6949518458 -37.7433603281)
198	Melton Hwy	1	1	1	88.940	POINT(144.6046481689 -37.6920540904)	LINESTRING(144.6047506915 -37.6916661249,144.6047017981 -37.6917954000,144.6046561069 -37.6919427525,144.6046084727 -37.6921356272,144.6045803059 -37.6922638772,144.6045475776 -37.6924490559)
199	Melton Hwy	139	1	1	51.912	POINT(144.6048711351 -37.6913984628)	LINESTRING(144.6049874287 -37.6911839988,144.6048812712 -37.6913751283,144.6047551145 -37.6916134296)
200	Melton Hwy	1	1	1	113.323	POINT(144.6043143013 -37.6927437364)	LINESTRING(144.6041928912 -37.6932444709,144.6044357114 -37.6922429986)
201	Melton Hwy	139	1	1	24.186	POINT(144.6046031218 -37.6915460507)	LINESTRING(144.6045738291 -37.6916523744,144.6046324146 -37.6914397268)
202	Western Fwy	3	1	1	1471.985	POINT(144.6180713154 -37.7004437906)	LINESTRING(144.6115563843 -37.6963331045,144.6117781223 -37.6963999827,144.6119536452 -37.6964555210,144.6121609776 -37.6965322157,144.6123661374 -37.6966117974,144.6125697109 -37.6966938102,144.6127719907 -37.6967776912,144.6129856656 -37.6968686659,144.6131979021 -37.6969617974,144.6134085613 -37.6970571581,144.6136174761 -37.6971548073,144.6138946161 -37.6972873457,144.6141700052 -37.6974223661,144.6144421654 -37.6975615242,144.6147095248 -37.6977064323,144.6152610638 -37.6980254984,144.6158020319 -37.6983558111,144.6163341959 -37.6986949974,144.6168594105 -37.6990407440,144.6171616032 -37.6992488052,144.6174578204 -37.6994621091,144.6177517263 -37.6996771713,144.6180471622 -37.6998906450,144.6184122572 -37.7001491854,144.6187782279 -37.7004070773,144.6191441347 -37.7006650819,144.6195090759 -37.7009239876,144.6198756118 -37.7011862707,144.6202412538 -37.7014493101,144.6206064886 -37.7017126371,144.6209718638 -37.7019758269,144.6212853790 -37.7022011965,144.6215989441 -37.7024265368,144.6219123795 -37.7026520039,144.6222254949 -37.7028777463,144.6224466604 -37.7030378630,144.6226674868 -37.7031982087,144.6228883351 -37.7033584952,144.6231095845 -37.7035184472,144.6234735075 -37.7037800988,144.6238380334 -37.7040412807,144.6242028014 -37.7043022748,144.6245674509 -37.7045633633)
203	Western Fwy	2	2	1	204.518	POINT(144.6104420235 -37.6960203286)	LINESTRING(144.6093414642 -37.6957180840,144.6096524872 -37.6957788358,144.6101942902 -37.6959087518,144.6109400461 -37.6961234472,144.6115333349 -37.6963250278)
205	Western Fwy	2	2	1	146.686	POINT(144.5977416443 -37.6953847749)	LINESTRING(144.5985742543 -37.6954143637,144.5982665174 -37.6953996108,144.5969078862 -37.6953552324)
208	Western Fwy	2	2	1	61.258	POINT(144.5981934670 -37.6950567906)	LINESTRING(144.5978455608 -37.6950435330,144.5985413732 -37.6950700482)
209	Ballarat Rd  Western Hwy	1	1	1	52.776	POINT(144.7403274163 -37.7561590701)	LINESTRING(144.7400518791 -37.7560653278,144.7403270797 -37.7561599223,144.7406032564 -37.7562527093)
210	Caroline Springs Blvd	1	1	1	7.469	POINT(144.7398391648 -37.7552904553)	LINESTRING(144.7398427254 -37.7552569972,144.7398356041 -37.7553239134)
211	Caroline Springs Blvd	1	1	1	21.294	POINT(144.7397731218 -37.7557565511)	LINESTRING(144.7397827236 -37.7556611245,144.7397635200 -37.7558519775)
212	Caroline Springs Blvd	1	1	1	7.161	POINT(144.7398386711 -37.7550141157)	LINESTRING(144.7398414921 -37.7549820000,144.7398358500 -37.7550462314)
213	Caroline Springs Blvd	1	1	1	12.997	POINT(144.7398309810 -37.7551238192)	LINESTRING(144.7398361377 -37.7550655324,144.7398258244 -37.7551821060)
215	Caroline Springs Blvd	1	1	1	30.266	POINT(144.7396589000 -37.7554678296)	LINESTRING(144.7396436172 -37.7556033508,144.7396741828 -37.7553323082)
217	Caroline Springs Blvd	1	1	1	14.217	POINT(144.7396836838 -37.7552383681)	LINESTRING(144.7396769450 -37.7553020580,144.7396904227 -37.7551746783)
220	Western Fwy	2	2	1	31.520	POINT(144.7270231234 -37.7520020894)	LINESTRING(144.7271886852 -37.7520563521,144.7268575617 -37.7519478266)
222	Western Fwy	3	1	1	3983.376	POINT(144.5387895601 -37.6882566330)	LINESTRING(144.5165743160 -37.6898579951,144.5168776553 -37.6898028115,144.5171807167 -37.6897465507,144.5174843339 -37.6896924442,144.5177893409 -37.6896437236,144.5180693560 -37.6896061602,144.5183504172 -37.6895735463,144.5186318963 -37.6895429102,144.5189131655 -37.6895112805,144.5192625170 -37.6894727951,144.5196122555 -37.6894360573,144.5199612178 -37.6893958124,144.5203082406 -37.6893468057,144.5207002465 -37.6892806201,144.5210902234 -37.6892068240,144.5214774356 -37.6891245964,144.5218611473 -37.6890331161,144.5222282462 -37.6889341230,144.5225912073 -37.6888256473,144.5229510660 -37.6887105467,144.5233088575 -37.6885916792,144.5238072027 -37.6884161254,144.5243004592 -37.6882315124,144.5247928844 -37.6880453794,144.5252887354 -37.6878652659,144.5257642452 -37.6876961608,144.5262403516 -37.6875277075,144.5267207861 -37.6873680745,144.5272092802 -37.6872254301,144.5275983779 -37.6871293016,144.5279921874 -37.6870452650,144.5283893979 -37.6869713728,144.5287886984 -37.6869056772,144.5292002136 -37.6868473167,144.5296139056 -37.6867987304,144.5300290741 -37.6867581190,144.5304450182 -37.6867236832,144.5308254202 -37.6866976052,144.5312065017 -37.6866777331,144.5315880197 -37.6866640856,144.5319697312 -37.6866566814,144.5324275011 -37.6866560376,144.5328852678 -37.6866633718,144.5333428563 -37.6866771992,144.5338000917 -37.6866960348,144.5341206946 -37.6867131201,144.5344409295 -37.6867344115,144.5347608346 -37.6867588596,144.5350804481 -37.6867854152,144.5359662125 -37.6868672347,144.5368506899 -37.6869577004,144.5377347060 -37.6870512896,144.5386190867 -37.6871424800,144.5403514315 -37.6873136858,144.5420840341 -37.6874832604,144.5438166391 -37.6876528189,144.5455489913 -37.6878239766,144.5471897022 -37.6879883952,144.5488301978 -37.6881541582,144.5504706414 -37.6883202464,144.5521111964 -37.6884856403,144.5528542739 -37.6885599248,144.5535974014 -37.6886338969,144.5543405058 -37.6887080126,144.5550835139 -37.6887827284,144.5561506641 -37.6888916335,144.5572176450 -37.6890015803,144.5582846506 -37.6891113736,144.5593518749 -37.6892198180,144.5600076351 -37.6892846607,144.5606635754 -37.6893483784,144.5610095985 -37.6893768979)
224	Western Fwy	2	2	1	60.823	POINT(144.7091589836 -37.7481421965)	LINESTRING(144.7094974807 -37.7481982153,144.7088204864 -37.7480861777)
228	Western Fwy	3	1	1	39.150	POINT(144.6934190596 -37.7423610030)	LINESTRING(144.6932193178 -37.7422833020,144.6936188013 -37.7424387039)
229	Western Fwy	2	1	1	757.504	POINT(144.6888675251 -37.7410712322)	LINESTRING(144.6927648892 -37.7425081210,144.6910395230 -37.7418300893,144.6901177576 -37.7414729273,144.6891957898 -37.7411161636,144.6882732238 -37.7407603622,144.6880686863 -37.7406817750,144.6878640430 -37.7406033618,144.6876592988 -37.7405251150,144.6874545006 -37.7404470430,144.6872307027 -37.7403611161,144.6870069549 -37.7402748757,144.6867824510 -37.7401896639,144.6865564626 -37.7401068542,144.6864068851 -37.7400538312,144.6862566481 -37.7400019251,144.6861054297 -37.7399516838,144.6859529687 -37.7399036778,144.6857821808 -37.7398536861,144.6856102351 -37.7398064988,144.6854377917 -37.7397608225,144.6852653967 -37.7397153372,144.6851896620 -37.7396954358,144.6851137686 -37.7396758579,144.6850378928 -37.7396564302,144.6849620445 -37.7396369368)
230	Hopkins Rd	1	1	1	110.774	POINT(144.7011691175 -37.7420978430)	LINESTRING(144.7012817329 -37.7416066998,144.7012411596 -37.7418241904,144.7011653033 -37.7421601582,144.7010559499 -37.7425864884)
231	Hopkins Rd	1	1	1	16.169	POINT(144.7009174598 -37.7423049648)	LINESTRING(144.7009005147 -37.7423764173,144.7009344049 -37.7422335122)
232	Hopkins Rd	1	1	1	21.988	POINT(144.7013379425 -37.7413793091)	LINESTRING(144.7013513363 -37.7412810114,144.7013245488 -37.7414776066)
233	Hopkins Rd	1	1	1	45.622	POINT(144.7010128243 -37.7419504297)	LINESTRING(144.7009761301 -37.7421534962,144.7010495186 -37.7417473627)
240	Western Fwy  Deer Park Byp	2	2	1	50.694	POINT(144.7425737584 -37.7659669989)	LINESTRING(144.7427325586 -37.7661571608,144.7424149583 -37.7657768365)
243	Ferris Rd  Melton Hwy	1	1	1	93.321	POINT(144.6036452294 -37.6967093438)	LINESTRING(144.6035620997 -37.6971236493,144.6036531015 -37.6966992144,144.6037282205 -37.6962943428)
244	Ferris Rd  Melton Hwy	1	1	1	25.018	POINT(144.6036996686 -37.6970538846)	LINESTRING(144.6037212554 -37.6969426325,144.6036780817 -37.6971651365)
248	Ferris Rd  Melton Hwy	1	1	1	104.271	POINT(144.6038465536 -37.6963283881)	LINESTRING(144.6039404966 -37.6958641569,144.6039091194 -37.6960690487,144.6037521784 -37.6967902833)
251	Hopkins Rd	1	1	1	29.815	POINT(144.7019869109 -37.7491783682)	LINESTRING(144.7020545792 -37.7493012679,144.7019192425 -37.7490554683)
252	Hopkins Rd	1	1	1	39.362	POINT(144.7019202931 -37.7488588479)	LINESTRING(144.7018270391 -37.7486979748,144.7020135470 -37.7490197207)
255	Hopkins Rd	1	1	1	27.814	POINT(144.7010972888 -37.7473787310)	LINESTRING(144.7010173824 -37.7472703088,144.7010950686 -37.7473821957,144.7011785627 -37.7474853316)
256	Hopkins Rd	1	1	1	34.790	POINT(144.7009277582 -37.7470676387)	LINESTRING(144.7008636192 -37.7469196751,144.7009918973 -37.7472156020)
257		3	1	1	58.308	POINT(144.7020358301 -37.7478344369)	LINESTRING(144.7023452818 -37.7477340002,144.7022832579 -37.7477421760,144.7022212964 -37.7477495706,144.7021607245 -37.7477583165,144.7021018548 -37.7477706056,144.7020547936 -37.7477838856,144.7020085579 -37.7477995229,144.7019636920 -37.7478174067,144.7019207026 -37.7478373997,144.7018779879 -37.7478615674,144.7018373179 -37.7478887299,144.7017969389 -37.7479174930,144.7017558092 -37.7479458653)
260	Hopkins Rd	1	1	1	88.996	POINT(144.7005970282 -37.7440317686)	LINESTRING(144.7005448368 -37.7444297738,144.7006492196 -37.7436337613)
262		3	1	1	345.520	POINT(144.6979109221 -37.7427784487)	LINESTRING(144.6959803406 -37.7429976482,144.6960893999 -37.7430012848,144.6961984694 -37.7430057381,144.6963075184 -37.7430085579,144.6964165161 -37.7430072938,144.6965325733 -37.7430009649,144.6966483055 -37.7429910334,144.6967635566 -37.7429778955,144.6968781705 -37.7429619472,144.6972558710 -37.7428968321,144.6976302787 -37.7428200417,144.6980030441 -37.7427376093,144.6983758177 -37.7426555680,144.6983881447 -37.7426528841,144.6984004489 -37.7426501348,144.6984127426 -37.7426473560,144.6984250385 -37.7426445833,144.6984373376 -37.7426418158,144.6984496330 -37.7426390382,144.6984619294 -37.7426362634,144.6984742316 -37.7426335047,144.6984865353 -37.7426307580,144.6984988416 -37.7426280186,144.6985111550 -37.7426252995,144.6985234801 -37.7426226138,144.6985358098 -37.7426199583,144.6985481482 -37.7426173274,144.6985604992 -37.7426147344,144.6985728670 -37.7426121924,144.6985852451 -37.7426096981,144.6985976369 -37.7426072462,144.6986100459 -37.7426048497,144.6986224755 -37.7426025222,144.6986349261 -37.7426002642,144.6986473952 -37.7425980698,144.6986598827 -37.7425959422,144.6986723887 -37.7425938849,144.6986800609 -37.7425926714,144.6986877442 -37.7425915025,144.6986954368 -37.7425903717,144.6987031366 -37.7425892725,144.6987108439 -37.7425882061,144.6987185591 -37.7425871751,144.6987262808 -37.7425861747,144.6987340076 -37.7425852004,144.6987417423 -37.7425842535,144.6987494826 -37.7425833357,144.6987572276 -37.7425824424,144.6987649761 -37.7425815690,144.6987727310 -37.7425807166,144.6987804899 -37.7425798871,144.6987882519 -37.7425790760,144.6987960161 -37.7425782783,144.6988037844 -37.7425774956,144.6988115553 -37.7425767295,144.6988193281 -37.7425759755,144.6988271020 -37.7425752286,144.6988348768 -37.7425744906,144.6988426532 -37.7425737631,144.6988504305 -37.7425730411,144.6988582079 -37.7425723202,144.6988659825 -37.7425716008,144.6988737577 -37.7425708848,144.6988815330 -37.7425701697,144.6988893080 -37.7425694531,144.6988980172 -37.7425686464,144.6989067261 -37.7425678376,144.6989154352 -37.7425670306,144.6989241452 -37.7425662292,144.6989328584 -37.7425654315,144.6989415721 -37.7425646367,144.6989502868 -37.7425638491,144.6989590032 -37.7425630733,144.6989677214 -37.7425623077,144.6989764409 -37.7425615509,144.6989851622 -37.7425608073,144.6989938859 -37.7425600814,144.6990026103 -37.7425593719,144.6990113367 -37.7425586771,144.6990200654 -37.7425580015,144.6990287970 -37.7425573496,144.6990375289 -37.7425567200,144.6990462632 -37.7425561112,144.6990550002 -37.7425555277,144.6990637403 -37.7425549738,144.6990724811 -37.7425544483,144.6990812244 -37.7425539495,144.6990899705 -37.7425534819,144.6990987195 -37.7425530501,144.6991074706 -37.7425526513,144.6991162241 -37.7425522845,144.6991249800 -37.7425519566,144.6991337383 -37.7425516745,144.6991723379 -37.7425506426,144.6992109457 -37.7425498051,144.6992495594 -37.7425491546,144.6992881766 -37.7425486839,144.6993267957 -37.7425484103,144.6993654170 -37.7425483314,144.6994040386 -37.7425484098,144.6994426591 -37.7425486082,144.6994812909 -37.7425489392,144.6995199206 -37.7425494152,144.6995585483 -37.7425499987,144.6995971739 -37.7425506526,144.6996358110 -37.7425513894,144.6996744451 -37.7425522214,144.6997130774 -37.7425531113,144.6997517088 -37.7425540219,144.6997903457 -37.7425549658,144.6998289809 -37.7425559551,144.6998418815 -37.7425562882)
263	Leakes Rd	1	1	1	34.375	POINT(144.6526881783 -37.7283032981)	LINESTRING(144.6527721553 -37.7284428878,144.6526042013 -37.7281637081)
264	Leakes Rd	1	1	1	48.724	POINT(144.6524677959 -37.7277727248)	LINESTRING(144.6523261667 -37.7275844029,144.6526094252 -37.7279610461)
265		3	1	1	264.804	POINT(144.6500392480 -37.7240876674)	LINESTRING(144.6504296402 -37.7252210637,144.6504078829 -37.7250548091,144.6504103122 -37.7248715232,144.6503975091 -37.7244916754,144.6503837169 -37.7244301479,144.6503695312 -37.7243686528,144.6503547106 -37.7243072475,144.6503390135 -37.7242459893,144.6503221985 -37.7241849355,144.6503040240 -37.7241241435,144.6502842485 -37.7240636707,144.6502631511 -37.7240044956,144.6502406178 -37.7239456414,144.6502167962 -37.7238870898,144.6501918341 -37.7238288224,144.6501658791 -37.7237708208,144.6501390790 -37.7237130667,144.6501115815 -37.7236555418,144.6500924553 -37.7236163866,144.6500729209 -37.7235773348,144.6500528341 -37.7235384540,144.6500320508 -37.7234998119,144.6500104266 -37.7234614761,144.6499878173 -37.7234235142,144.6499640788 -37.7233859938,144.6499221028 -37.7233244996,144.6498777586 -37.7232640559,144.6498316920 -37.7232043763,144.6497845490 -37.7231451741,144.6497369754 -37.7230861629,144.6496896171 -37.7230270562,144.6496431199 -37.7229675674)
267	Ian Cowie Way	1	1	1	83.694	POINT(144.6528107399 -37.7273873133)	LINESTRING(144.6532783844 -37.7274089844,144.6532165538 -37.7273997631,144.6531547476 -37.7273904318,144.6530928925 -37.7273813206,144.6530309151 -37.7273727598,144.6529921921 -37.7273674653,144.6529534407 -37.7273622268,144.6529145816 -37.7273577034,144.6528755353 -37.7273545543,144.6528234193 -37.7273523636,144.6527712000 -37.7273517262,144.6527189835 -37.7273526084,144.6526668761 -37.7273549767,144.6526246079 -37.7273578045,144.6525824205 -37.7273616459,144.6525405848 -37.7273670858,144.6524993716 -37.7273747093,144.6524604703 -37.7273849899,144.6524225795 -37.7273976032,144.6523850929 -37.7274111497,144.6523474042 -37.7274242296)
268	Ian Cowie Way	1	1	1	86.656	POINT(144.6528074048 -37.7273124573)	LINESTRING(144.6523231618 -37.7273425358,144.6523625221 -37.7273326206,144.6524017832 -37.7273224057,144.6524412428 -37.7273127904,144.6524811988 -37.7273046741,144.6525253957 -37.7272975756,144.6525699291 -37.7272917757,144.6526147095 -37.7272873729,144.6526596474 -37.7272844656,144.6527099450 -37.7272831241,144.6527603074 -37.7272835659,144.6528106551 -37.7272853655,144.6528609085 -37.7272880975,144.6529125706 -37.7272921003,144.6529640644 -37.7272974054,144.6530154583 -37.7273034167,144.6530668205 -37.7273095382,144.6531237997 -37.7273164753,144.6531806951 -37.7273238402,144.6532375571 -37.7273313762,144.6532944357 -37.7273388267)
270	Leakes Rd	1	1	1	34.300	POINT(144.6547069385 -37.7193381782)	LINESTRING(144.6547537548 -37.7191884187,144.6546601222 -37.7194879375)
271	Leakes Rd	1	1	1	272.685	POINT(144.6538665941 -37.7201566234)	LINESTRING(144.6531873996 -37.7212156243,144.6533108878 -37.7211188825,144.6534319404 -37.7210115434,144.6537040672 -37.7207606147,144.6539498291 -37.7205086158,144.6541726310 -37.7201782984,144.6543472407 -37.7198403894,144.6544495796 -37.7194897128,144.6545287552 -37.7190710401)
273		3	1	1	171.978	POINT(144.6532778845 -37.7227351220)	LINESTRING(144.6529535477 -37.7220054392,144.6536022213 -37.7234647977)
274	Christies Rd	1	1	1	17.303	POINT(144.7394501380 -37.7593921278)	LINESTRING(144.7394454322 -37.7594698212,144.7394548439 -37.7593144343)
277	Christies Rd	1	1	1	31.961	POINT(144.7394317145 -37.7596565809)	LINESTRING(144.7394222959 -37.7598000608,144.7394411330 -37.7595131007)
279	Christies Rd	1	1	1	136.075	POINT(144.7392372590 -37.7625573207)	LINESTRING(144.7392892120 -37.7619473524,144.7392771381 -37.7620757988,144.7392651377 -37.7622042493,144.7392531556 -37.7623327008,144.7392411368 -37.7624611498,144.7392290262 -37.7625895931,144.7392167689 -37.7627180273,144.7392043096 -37.7628464491,144.7392013292 -37.7628731125,144.7391978498 -37.7628997594,144.7391942257 -37.7629264008,144.7391908110 -37.7629530480,144.7391879600 -37.7629797121,144.7391860267 -37.7630064045,144.7391853656 -37.7630331362,144.7391859646 -37.7630523035,144.7391874647 -37.7630714394,144.7391896201 -37.7630905524,144.7391921850 -37.7631096511,144.7391949137 -37.7631287440,144.7391975606 -37.7631478399,144.7391998798 -37.7631669471)
280	Christies Rd	2	1	1	141.146	POINT(144.7391154719 -37.7625652845)	LINESTRING(144.7389978224 -37.7631836911,144.7391037088 -37.7630153826,144.7391466905 -37.7628714959,144.7391529020 -37.7628274390,144.7391615198 -37.7627699443,144.7391695385 -37.7626591864,144.7391820390 -37.7625399677,144.7391927367 -37.7624204764,144.7392023099 -37.7623007614,144.7392114408 -37.7621808481,144.7392208069 -37.7620608565,144.7392310847 -37.7619409301)
281	Christies Rd	1	1	1	221.857	POINT(144.7393313460 -37.7608138827)	LINESTRING(144.7392616532 -37.7618096324,144.7394010389 -37.7598181196)
282	Christies Rd	1	1	1	280.267	POINT(144.7394108995 -37.7605671409)	LINESTRING(144.7395216498 -37.7593102919,144.7394862665 -37.7597983681,144.7394089053 -37.7605593920,144.7393001359 -37.7618238012)
283	Christies Rd	1	1	1	39.058	POINT(144.7397236595 -37.7568852585)	LINESTRING(144.7397394857 -37.7567101260,144.7397078334 -37.7570603906)
285	Christies Rd	1	1	1	4.475	POINT(144.7396161981 -37.7578890650)	LINESTRING(144.7396176091 -37.7578689776,144.7396147872 -37.7579091524)
287	Christies Rd	1	1	1	23.382	POINT(144.7394868874 -37.7577708610)	LINESTRING(144.7394758387 -37.7578756088,144.7394979361 -37.7576661130)
288	Christies Rd	1	1	1	40.631	POINT(144.7395085880 -37.7573907208)	LINESTRING(144.7394911103 -37.7575728488,144.7395260658 -37.7572085922)
290	Caroline Springs Blvd	1	1	1	32.223	POINT(144.7399130912 -37.7528344548)	LINESTRING(144.7399193875 -37.7529791911,144.7399223806 -37.7529638493,144.7399257817 -37.7529485313,144.7399292847 -37.7529332193,144.7399325838 -37.7529178954,144.7399353729 -37.7529025418,144.7399373462 -37.7528871406,144.7399381978 -37.7528716741,144.7399380216 -37.7528586205,144.7399371982 -37.7528455660,144.7399357621 -37.7528325306,144.7399337473 -37.7528195344,144.7399311884 -37.7528065975,144.7399281194 -37.7527937400,144.7399245747 -37.7527809817,144.7399211871 -37.7527709277,144.7399171624 -37.7527610221,144.7399126742 -37.7527512247,144.7399078964 -37.7527414947,144.7399030028 -37.7527317917,144.7398981671 -37.7527220753,144.7398847846 -37.7526972664)
291	Caroline Springs Blvd	1	1	1	181.814	POINT(144.7399878290 -37.7515092770)	LINESTRING(144.7399130263 -37.7523211828,144.7399255330 -37.7522636978,144.7399436921 -37.7521972866,144.7399606703 -37.7521307175,144.7399746965 -37.7520637533,144.7399991673 -37.7519032166,144.7400171824 -37.7517420860,144.7400311017 -37.7515806320,144.7400432850 -37.7514191248,144.7400511323 -37.7513173350,144.7400580655 -37.7512154722,144.7400620508 -37.7511135780,144.7400610546 -37.7510116939,144.7400548802 -37.7509324577,144.7400445224 -37.7508534391,144.7400324911 -37.7507745075,144.7400212966 -37.7506955323)
292	Caroline Springs Blvd	1	1	1	196.211	POINT(144.7401502056 -37.7515629624)	LINESTRING(144.7401735906 -37.7506844203,144.7401751525 -37.7506966220,144.7401767050 -37.7507088246,144.7401782552 -37.7507210273,144.7401798100 -37.7507332296,144.7401813765 -37.7507454310,144.7401829616 -37.7507576309,144.7401845722 -37.7507698286,144.7401862276 -37.7507820267,144.7401879272 -37.7507942211,144.7401896500 -37.7508064135,144.7401913752 -37.7508186056,144.7401930817 -37.7508307993,144.7401947487 -37.7508429964,144.7401963552 -37.7508551984,144.7401979283 -37.7508673963,144.7401994968 -37.7508795949,144.7402010398 -37.7508917957,144.7402025361 -37.7509039998,144.7402039649 -37.7509162086,144.7402053049 -37.7509284232,144.7402065353 -37.7509406451,144.7402076724 -37.7509528666,144.7402087413 -37.7509650927,144.7402097318 -37.7509773231,144.7402106338 -37.7509895577,144.7402114373 -37.7510017962,144.7402121322 -37.7510140383,144.7402127084 -37.7510262839,144.7402132043 -37.7510398379,144.7402135648 -37.7510533950,144.7402138041 -37.7510669543,144.7402139362 -37.7510805150,144.7402139752 -37.7510940763,144.7402139351 -37.7511076373,144.7402138300 -37.7511211973,144.7402136406 -37.7511347619,144.7402133480 -37.7511483254,144.7402129669 -37.7511618879,144.7402125116 -37.7511754492,144.7402119968 -37.7511890094,144.7402114368 -37.7512025684,144.7402108463 -37.7512161262,144.7402102056 -37.7512296890,144.7402094957 -37.7512432498,144.7402087310 -37.7512568088,144.7402079260 -37.7512703665,144.7402070952 -37.7512839233,144.7402062530 -37.7512974796,144.7402054139 -37.7513110359,144.7402045688 -37.7513245886,144.7402037015 -37.7513381404,144.7402028166 -37.7513516915,144.7402019184 -37.7513652421,144.7402010115 -37.7513787923,144.7402001003 -37.7513923423,144.7401991893 -37.7514058923,144.7401977355 -37.7514276716,144.7401962894 -37.7514494512,144.7401948382 -37.7514712307,144.7401933693 -37.7514930093,144.7401918699 -37.7515147866,144.7401903273 -37.7515365620,144.7401887289 -37.7515583348,144.7401870854 -37.7515801076,144.7401854118 -37.7516018790,144.7401837014 -37.7516236487,144.7401819477 -37.7516454162,144.7401801441 -37.7516671811,144.7401782839 -37.7516889429,144.7401763606 -37.7517107012,144.7401744618 -37.7517324605,144.7401726226 -37.7517542257,144.7401707575 -37.7517759899,144.7401687811 -37.7517977463,144.7401666082 -37.7518194884,144.7401641532 -37.7518412093,144.7401613308 -37.7518629022,144.7401580254 -37.7518855961,144.7401544620 -37.7519082682,144.7401506358 -37.7519309150,144.7401465415 -37.7519535327,144.7401421743 -37.7519761177,144.7401375288 -37.7519986663,144.7401326002 -37.7520211748,144.7401287200 -37.7520370582,144.7401243911 -37.7520528727,144.7401198041 -37.7520686473,144.7401151495 -37.7520844112,144.7401106178 -37.7521001934,144.7401063997 -37.7521160231,144.7401026855 -37.7521319292,144.7400995712 -37.7521464937,144.7400965146 -37.7521610823,144.7400936447 -37.7521756967,144.7400910905 -37.7521903390,144.7400889809 -37.7522050109,144.7400874451 -37.7522197142,144.7400866118 -37.7522344509,144.7400864390 -37.7522461524,144.7400866398 -37.7522578714,144.7400872499 -37.7522695882,144.7400883052 -37.7522812830,144.7400898415 -37.7522929361,144.7400918946 -37.7523045277,144.7400945003 -37.7523160381,144.7400984485 -37.7523294294,144.7401033090 -37.7523426307,144.7401088330 -37.7523556940,144.7401147717 -37.7523686710,144.7401208763 -37.7523816135,144.7401268979 -37.7523945732,144.7401453897 -37.7524336300)
293	Chisholm Dr	1	1	1	82.774	POINT(144.7407875855 -37.7525664975)	LINESTRING(144.7403238899 -37.7525220463,144.7403471855 -37.7525274828,144.7403703960 -37.7525332096,144.7403935851 -37.7525390089,144.7404168169 -37.7525446632,144.7404401550 -37.7525499544,144.7404636634 -37.7525546648,144.7404874060 -37.7525585767,144.7405961095 -37.7525720043,144.7407054350 -37.7525817458,144.7408152128 -37.7525888065,144.7409252733 -37.7525941917,144.7410354469 -37.7525989068,144.7411455640 -37.7526039569,144.7412554549 -37.7526103474)
294	Chisholm Dr	1	1	1	90.277	POINT(144.7407440041 -37.7526323820)	LINESTRING(144.7412548253 -37.7526576576,144.7411380687 -37.7526492445,144.7410213278 -37.7526387702,144.7409045908 -37.7526277806,144.7407878460 -37.7526178216,144.7406710816 -37.7526104390,144.7405542859 -37.7526071785,144.7404374471 -37.7526095861,144.7404129111 -37.7526115011,144.7403885718 -37.7526146015,144.7403643755 -37.7526185642,144.7403402687 -37.7526230657,144.7403161977 -37.7526277828,144.7402921088 -37.7526323921,144.7402395646 -37.7526511460)
295	High St	139	1	1	10.914	POINT(144.6040448060 -37.6903693912)	LINESTRING(144.6039952583 -37.6903398250,144.6040943537 -37.6903989573)
301	High St	139	1	1	31.037	POINT(144.6053800117 -37.6909864326)	LINESTRING(144.6053188723 -37.6908554341,144.6054411512 -37.6911174309)
302	High St	139	1	1	16.867	POINT(144.6054029197 -37.6911975374)	LINESTRING(144.6054460376 -37.6912653233,144.6053598018 -37.6911297514)
303	High St	1	1	1	218.766	POINT(144.6063679654 -37.6920098319)	LINESTRING(144.6072366766 -37.6927116987,144.6070333349 -37.6925617033,144.6068266544 -37.6924142057,144.6066191393 -37.6922673324,144.6064132935 -37.6921014101,144.6060739661 -37.6918238981,144.6057854913 -37.6915935981,144.6056017454 -37.6914134551,144.6055017196 -37.6913057660)
304	High St	1	1	1	218.083	POINT(144.6063986212 -37.6919822985)	LINESTRING(144.6055353713 -37.6912802954,144.6056893592 -37.6914553272,144.6058751647 -37.6916109368,144.6066290610 -37.6922122992,144.6068589215 -37.6923795462,144.6070879418 -37.6925474154,144.6072643955 -37.6926819525)
307	Melton Hwy	1	1	1	188.649	POINT(144.6055485211 -37.6886340246)	LINESTRING(144.6057994058 -37.6878087352,144.6052976364 -37.6894593048)
308	Ferris Rd  Melton Hwy	1	1	1	113.663	POINT(144.6042691896 -37.6939612547)	LINESTRING(144.6043477598 -37.6934536560,144.6041906195 -37.6944688499)
309	Ferris Rd  Melton Hwy	1	1	1	50.506	POINT(144.6040728927 -37.6943456978)	LINESTRING(144.6040384478 -37.6945712923,144.6041073375 -37.6941201026)
310		1	1	1	307.206	POINT(144.6020371022 -37.6979496687)	LINESTRING(144.6030908944 -37.6989708616,144.6030495340 -37.6989653713,144.6030081172 -37.6989601098,144.6029666862 -37.6989549054,144.6029252834 -37.6989495867,144.6028839513 -37.6989439820,144.6028427322 -37.6989379198,144.6028016685 -37.6989312284,144.6027811265 -37.6989276840,144.6027605848 -37.6989240660,144.6027400886 -37.6989202805,144.6027196828 -37.6989162338,144.6026994123 -37.6989118321,144.6026793222 -37.6989069817,144.6026594573 -37.6989015887,144.6026379610 -37.6988951709,144.6026166344 -37.6988883465,144.6025955250 -37.6988810896,144.6025746800 -37.6988733744,144.6025541471 -37.6988651750,144.6025339736 -37.6988564657,144.6025142068 -37.6988472205,144.6024931708 -37.6988367284,144.6024724143 -37.6988258041,144.6024520611 -37.6988143919,144.6024322346 -37.6988024360,144.6024130588 -37.6987898803,144.6023946571 -37.6987766691,144.6023771533 -37.6987627466,144.6023576938 -37.6987450380,144.6023397937 -37.6987263312,144.6023230447 -37.6987068893,144.6023070385 -37.6986869754,144.6022913669 -37.6986668524,144.6022756216 -37.6986467836,144.6022593944 -37.6986270320,144.6022368626 -37.6986006350,144.6022143010 -37.6985742502,144.6021917957 -37.6985478348,144.6021694328 -37.6985213459,144.6021472984 -37.6984947409,144.6021254785 -37.6984679770,144.6021040592 -37.6984410113,144.6020278581 -37.6983430317,144.6019524424 -37.6982446473,144.6018780116 -37.6981457880,144.6018047650 -37.6980463836,144.6017329020 -37.6979463639,144.6016626220 -37.6978456590,144.6015941243 -37.6977441987,144.6015704791 -37.6977076835,144.6015476158 -37.6976708577,144.6015253627 -37.6976337907,144.6015035481 -37.6975965520,144.6014820002 -37.6975592108,144.6014605474 -37.6975218367,144.6014390180 -37.6974844989,144.6014177778 -37.6974468862,144.6013972119 -37.6974090230,144.6013769297 -37.6973710560,144.6013565410 -37.6973331317,144.6013356554 -37.6972953969,144.6013138823 -37.6972579982,144.6012908316 -37.6972210822,144.6012781967 -37.6972017079,144.6012653760 -37.6971823753,144.6012522172 -37.6971631803,144.6012385680 -37.6971442186,144.6012242761 -37.6971255861,144.6012091891 -37.6971073788,144.6011931547 -37.6970896925,144.6011673743 -37.6970642483,144.6011399846 -37.6970398821,144.6011114244 -37.6970163001,144.6010821326 -37.6969932080,144.6010525483 -37.6969703120,144.6010231103 -37.6969473180,144.6009942574 -37.6969239319)
311		1	1	1	225.544	POINT(144.6016731245 -37.6977684640)	LINESTRING(144.6010228690 -37.6969020397,144.6010543454 -37.6969263389,144.6010863806 -37.6969502405,144.6011185555 -37.6969740426,144.6011504511 -37.6969980435,144.6011816481 -37.6970225416,144.6012117275 -37.6970478350,144.6012402703 -37.6970742222,144.6012570083 -37.6970912361,144.6012729954 -37.6971087105,144.6012882996 -37.6971265843,144.6013029892 -37.6971447964,144.6013171321 -37.6971632857,144.6013307967 -37.6971819911,144.6013440509 -37.6972008517,144.6013686731 -37.6972381601,144.6013917442 -37.6972760830,144.6014136627 -37.6973144614,144.6014348272 -37.6973531366,144.6014556361 -37.6973919496,144.6014764879 -37.6974307416,144.6014977813 -37.6974693536,144.6015215311 -37.6975125697,144.6015446199 -37.6975560289,144.6015674677 -37.6975995752,144.6015904948 -37.6976430528,144.6016141214 -37.6976863057,144.6016387676 -37.6977291782,144.6016648538 -37.6977715142,144.6017200208 -37.6978548500,144.6017775611 -37.6979371764,144.6018369745 -37.6980186995,144.6018977609 -37.6980996256,144.6019594199 -37.6981801608,144.6020214515 -37.6982605111,144.6020833554 -37.6983408827,144.6021164993 -37.6983836442,144.6021500899 -37.6984261868,144.6021840054 -37.6984685701,144.6022181239 -37.6985108540,144.6022523237 -37.6985530980,144.6022864829 -37.6985953619,144.6023204796 -37.6986377054)
313	Western Hwy	3	1	1	53.749	POINT(144.6471768484 -37.7206210233)	LINESTRING(144.6469309727 -37.7204774504,144.6474227242 -37.7207645960)
320	Western Fwy	3	1	1	338.789	POINT(144.6190278866 -37.7011169401)	LINESTRING(144.6204422767 -37.7021516208,144.6192555789 -37.7012857994,144.6180740932 -37.7004153653,144.6176132837 -37.7000823995)
323	Western Hwy	2	2	1	60.201	POINT(144.6566622279 -37.7266646969)	LINESTRING(144.6569368003 -37.7268263587,144.6563876555 -37.7265030347)
324	Western Hwy	3	1	1	378.126	POINT(144.6588988752 -37.7279826069)	LINESTRING(144.6606219464 -37.7289996351,144.6571758039 -37.7269655646)
326	Ballarat Rd  Western Hwy	1	1	1	42.736	POINT(144.7500067101 -37.7602430421)	LINESTRING(144.7502146928 -37.7603423847,144.7497987274 -37.7601436994)
327	Ballarat Rd  Western Hwy	1	1	1	38.692	POINT(144.7494028452 -37.7599538733)	LINESTRING(144.7495929477 -37.7600414160,144.7492127427 -37.7598663304)
332		3	1	1	281.904	POINT(144.6016444840 -37.6963346575)	LINESTRING(144.6029648046 -37.6970192851,144.6029335320 -37.6969900625,144.6029025238 -37.6969606526,144.6028715816 -37.6969311958,144.6028405072 -37.6969018327,144.6028091024 -37.6968727038,144.6027771689 -37.6968439498,144.6027445083 -37.6968157112,144.6027185963 -37.6967941289,144.6026923211 -37.6967728157,144.6026656965 -37.6967517704,144.6026387362 -37.6967309918,144.6026114540 -37.6967104788,144.6025838637 -37.6966902302,144.6025559791 -37.6966702447,144.6025123908 -37.6966397173,144.6024683479 -37.6966095856,144.6024238455 -37.6965798720,144.6023788784 -37.6965505989,144.6023334415 -37.6965217887,144.6022875299 -37.6964934639,144.6022411384 -37.6964656468,144.6021454019 -37.6964096503,144.6020488626 -37.6963544619,144.6019514404 -37.6963002341,144.6018530555 -37.6962471194,144.6017536279 -37.6961952704,144.6016530776 -37.6961448395,144.6015513248 -37.6960959793,144.6014769617 -37.6960618671,144.6014017862 -37.6960288528,144.6013258713 -37.6959968803,144.6012492902 -37.6959658939,144.6011721160 -37.6959358376,144.6010944220 -37.6959066556,144.6010162812 -37.6958782918,144.6009166860 -37.6958440050,144.6008161254 -37.6958115330,144.6007148628 -37.6957803810,144.6006131612 -37.6957500539,144.6005112842 -37.6957200567,144.6004094949 -37.6956898946,144.6003080567 -37.6956590724)
333		3	1	1	107.850	POINT(144.5994847530 -37.6955430084)	LINESTRING(144.6000889746 -37.6956198841,144.6000217004 -37.6956076212,144.5999544887 -37.6955951159,144.5998871519 -37.6955830953,144.5998195023 -37.6955722864,144.5996927052 -37.6955551935,144.5995654436 -37.6955402934,144.5994379608 -37.6955264638,144.5993105001 -37.6955125824,144.5992026054 -37.6955007282,144.5990946509 -37.6954892156,144.5989866726 -37.6954778395,144.5988787062 -37.6954663951)
334	Western Hwy	3	1	1	673.331	POINT(144.6281843690 -37.7071663771)	LINESTRING(144.6253495596 -37.7051305828,144.6310191783 -37.7092021154)
336		3	1	1	99.601	POINT(144.6049528879 -37.6967965694)	LINESTRING(144.6054190236 -37.6965415377,144.6051464297 -37.6966779805,144.6049273128 -37.6968011266,144.6046321060 -37.6969724168,144.6044895738 -37.6970531032)
337		3	1	1	285.306	POINT(144.6071658123 -37.6962679757)	LINESTRING(144.6087544225 -37.6960691602,144.6086856088 -37.6960651763,144.6086168192 -37.6960607028,144.6085480355 -37.6960561070,144.6084792399 -37.6960517559,144.6084104142 -37.6960480167,144.6083415405 -37.6960452566,144.6082726007 -37.6960438427,144.6081968353 -37.6960437876,144.6081210746 -37.6960448782,144.6080453294 -37.6960469616,144.6079696107 -37.6960498843,144.6078939296 -37.6960534931,144.6078182971 -37.6960576349,144.6077427240 -37.6960621563,144.6076795580 -37.6960662622,144.6076164295 -37.6960708082,144.6075533542 -37.6960758295,144.6074903481 -37.6960813615,144.6074274271 -37.6960874395,144.6073646069 -37.6960940988,144.6073019034 -37.6961013748,144.6072343457 -37.6961099391,144.6071669265 -37.6961191914,144.6070996426 -37.6961290742,144.6070324909 -37.6961395296,144.6069654683 -37.6961504998,144.6068985716 -37.6961619273,144.6068317978 -37.6961737540,144.6067683201 -37.6961853546,144.6067049417 -37.6961973301,144.6066416923 -37.6962097370,144.6065786016 -37.6962226320,144.6065156993 -37.6962360716,144.6064530151 -37.6962501125,144.6063905787 -37.6962648112,144.6063186664 -37.6962824795,144.6062469706 -37.6963007407,144.6061755354 -37.6963196486,144.6061044050 -37.6963392571,144.6060336237 -37.6963596202,144.6059632357 -37.6963807917,144.6058932851 -37.6964028256,144.6057579716 -37.6964398633,144.6056778651 -37.6964649180,144.6055899685 -37.6964947072)
339		3	1	1	311.305	POINT(144.6016704535 -37.6943744829)	LINESTRING(144.6000805537 -37.6949618927,144.6003316365 -37.6949336957,144.6005940002 -37.6948877200,144.6006292702 -37.6948796468,144.6006645154 -37.6948715075,144.6006996983 -37.6948632028,144.6007348414 -37.6948547089,144.6007699333 -37.6948460827,144.6008049732 -37.6948373252,144.6008399604 -37.6948284375,144.6008749177 -37.6948194133,144.6009098212 -37.6948102586,144.6009446701 -37.6948009742,144.6009794633 -37.6947915613,144.6010142186 -37.6947820147,144.6010489174 -37.6947723391,144.6010835588 -37.6947625357,144.6011181419 -37.6947526052,144.6011526787 -37.6947425440,144.6011871564 -37.6947323555,144.6012215740 -37.6947220406,144.6012559307 -37.6947116003,144.6012902327 -37.6947010323,144.6013244730 -37.6946903386,144.6013586505 -37.6946795201,144.6013927645 -37.6946685775,144.6014268153 -37.6946575106,144.6014608018 -37.6946463195,144.6014947229 -37.6946350051,144.6015285778 -37.6946235680,144.6015623612 -37.6946120099,144.6015960775 -37.6946003292,144.6016297259 -37.6945885266,144.6016633055 -37.6945766026,144.6016968049 -37.6945645613,144.6017302348 -37.6945523988,144.6017635942 -37.6945401156,144.6017968821 -37.6945277124,144.6018300813 -37.6945151957,144.6018632084 -37.6945025591,144.6018962624 -37.6944898032,144.6019292423 -37.6944769285,144.6019621852 -37.6944640339,144.6019950936 -37.6944510807,144.6020278459 -37.6944378896,144.6020603207 -37.6944242818,144.6021480987 -37.6943863948,144.6022353865 -37.6943477711,144.6023216192 -37.6943077503,144.6024062321 -37.6942656720,144.6025542869 -37.6941856278,144.6026991590 -37.6941019303,144.6028420194 -37.6940159958,144.6029840391 -37.6939292406,144.6031199874 -37.6938576651,144.6032409436 -37.6937803912)
343	Western Hwy	3	1	1	782.925	POINT(144.6799768811 -37.7380372935)	LINESTRING(144.6840874392 -37.7393896259,144.6822535582 -37.7388341172,144.6774505005 -37.7372348521,144.6758690301 -37.7366840555)
345	Panamax Rd	1	1	1	233.570	POINT(144.7467388655 -37.7604519803)	LINESTRING(144.7465835443 -37.7614939480,144.7467851205 -37.7596008621,144.7468104334 -37.7595440801,144.7468994505 -37.7594231892)
347	Panamax Rd	1	1	1	13.880	POINT(144.7469476346 -37.7593243455)	LINESTRING(144.7469092377 -37.7593788563,144.7469860314 -37.7592698347)
348	Panamax Rd	1	1	1	19.884	POINT(144.7470961430 -37.7591445021)	LINESTRING(144.7470409550 -37.7592225112,144.7471513309 -37.7590664928)
349	Panamax Rd	1	1	1	9.726	POINT(144.7471952302 -37.7591372315)	LINESTRING(144.7472255318 -37.7591006584,144.7471649286 -37.7591738045)
350	Delma Rd	1	1	1	107.868	POINT(144.7434222605 -37.7584312675)	LINESTRING(144.7432544924 -37.7588976706,144.7435900286 -37.7579648615)
351	Delma Rd	1	1	1	109.002	POINT(144.7434852700 -37.7584448248)	LINESTRING(144.7436573724 -37.7579741006,144.7433131676 -37.7589155461)
352	Eucumbene Dr	1	1	1	307.413	POINT(144.7414662885 -37.7585039505)	LINESTRING(144.7430758169 -37.7590290867,144.7426219728 -37.7588775333,144.7421680150 -37.7587261904,144.7417142846 -37.7585744255,144.7412611224 -37.7584216061,144.7409587771 -37.7583155197,144.7406576728 -37.7582070447,144.7403550122 -37.7581016515,144.7400479980 -37.7580048104,144.7400294803 -37.7579996112,144.7400107826 -37.7579948114,144.7399919202 -37.7579904367,144.7399729086 -37.7579865128,144.7399625122 -37.7579845754,144.7399520502 -37.7579828450,144.7399415220 -37.7579814316,144.7399309270 -37.7579804450,144.7399211398 -37.7579800523,144.7399113288 -37.7579800902,144.7399015094 -37.7579803518,144.7398916970 -37.7579806305,144.7398812927 -37.7579809420,144.7398708941 -37.7579813674,144.7398604977 -37.7579818383,144.7398501001 -37.7579822865)
353	Eucumbene Dr	1	1	1	312.917	POINT(144.7414544011 -37.7584517348)	LINESTRING(144.7398175834 -37.7579001660,144.7400266780 -37.7579478188,144.7430887730 -37.7590039966)
354	Ballarat Rd  Western Hwy	1	1	1	31.446	POINT(144.7478503472 -37.7592764300)	LINESTRING(144.7480063940 -37.7593454356,144.7476943004 -37.7592074243)
355	Ballarat Rd  Western Hwy	1	1	1	29.505	POINT(144.7475371953 -37.7591142600)	LINESTRING(144.7476814552 -37.7591819665,144.7473929355 -37.7590465533)
356	Ballarat Rd  Western Hwy	1	1	1	8.203	POINT(144.7470939424 -37.7589052570)	LINESTRING(144.7471349050 -37.7589228948,144.7470529799 -37.7588876191)
358	Ballarat Rd  Western Hwy	1	1	1	30.764	POINT(144.7477704605 -37.7590119715)	LINESTRING(144.7476188383 -37.7589430086,144.7479220826 -37.7590809344)
359	Ballarat Rd  Western Hwy	1	1	1	26.617	POINT(144.7480745817 -37.7591702583)	LINESTRING(144.7479443632 -37.7591092918,144.7482048001 -37.7592312248)
360	Ballarat Rd  Western Hwy	1	1	1	58.314	POINT(144.7466177608 -37.7585184772)	LINESTRING(144.7463281057 -37.7583909073,144.7469074159 -37.7586460469)
362	Ballarat Rd  Western Hwy	1	1	1	387.337	POINT(144.7443112445 -37.7575932743)	LINESTRING(144.7423297748 -37.7568360043,144.7424938950 -37.7568918724,144.7426580477 -37.7569476809,144.7428222086 -37.7570034745,144.7429863532 -37.7570592978,144.7431504571 -37.7571151954,144.7433144959 -37.7571712120,144.7434784452 -37.7572273921,144.7436240009 -37.7572770879,144.7437697217 -37.7573264995,144.7439154457 -37.7573759091,144.7440610108 -37.7574255992,144.7442062550 -37.7574758522,144.7443510162 -37.7575269506,144.7444951324 -37.7575791767,144.7446218904 -37.7576259724,144.7447484359 -37.7576731696,144.7448746300 -37.7577209589,144.7450003339 -37.7577695311,144.7451254088 -37.7578190766,144.7452497160 -37.7578697862,144.7453731167 -37.7579218504,144.7455059725 -37.7579803566,144.7456375031 -37.7580407037,144.7457680700 -37.7581023894,144.7458980346 -37.7581649118,144.7460277582 -37.7582277688,144.7461576023 -37.7582904584,144.7462879282 -37.7583524786)
363	Gateway Dr	1	1	1	232.611	POINT(144.6044482738 -37.6876932075)	LINESTRING(144.6053781082 -37.6875539317,144.6048201001 -37.6874735971,144.6037167258 -37.6873280263,144.6035344154 -37.6880734517)
371	Western Fwy	3	1	1	541.032	POINT(144.7125274856 -37.7487657652)	LINESTRING(144.7155211718 -37.7493271670,144.7129118146 -37.7488486552,144.7110048230 -37.7484916534,144.7095349301 -37.7482041449)
372	Leakes Rd	1	1	1	92.377	POINT(144.6528547682 -37.7291008169)	LINESTRING(144.6529719320 -37.7288155244,144.6529773080 -37.7288389423,144.6529828403 -37.7288623403,144.6529884116 -37.7288857333,144.6529939048 -37.7289091363,144.6529992026 -37.7289325641,144.6530041878 -37.7289560317,144.6530087430 -37.7289795540,144.6530125918 -37.7290013081,144.6530161947 -37.7290230910,144.6530195460 -37.7290449005,144.6530226396 -37.7290667340,144.6530254698 -37.7290885891,144.6530280305 -37.7291104635,144.6530303159 -37.7291323545,144.6530333727 -37.7291649468,144.6530361160 -37.7291975640,144.6530369905 -37.7292785576,144.6530314586 -37.7293159291,144.6530090178 -37.7293497741,144.6529636393 -37.7293730117,144.6529101710 -37.7293714847,144.6526548224 -37.7293491544)
373	Leakes Rd	1	1	1	50.312	POINT(144.6528177378 -37.7292030043)	LINESTRING(144.6526566375 -37.7292795759,144.6528973633 -37.7293088802,144.6529263602 -37.7293094989,144.6529476383 -37.7292965609,144.6529589198 -37.7292524017,144.6529619041 -37.7292113120,144.6529537092 -37.7291504531,144.6529415656 -37.7290828385)
374	Westcott Pde	1	1	1	126.538	POINT(144.6537742117 -37.7287356564)	LINESTRING(144.6544881265 -37.7287908685,144.6542470392 -37.7287629022,144.6540061308 -37.7287336342,144.6537648646 -37.7287069695,144.6535227042 -37.7286868133,144.6534614543 -37.7286834290,144.6534000888 -37.7286812871,144.6533386851 -37.7286806131,144.6532773210 -37.7286816328,144.6532227843 -37.7286846223,144.6531684147 -37.7286894101,144.6531141119 -37.7286949172,144.6530597757 -37.7287000646)
375	Westcott Pde	1	1	1	128.977	POINT(144.6537723576 -37.7286709344)	LINESTRING(144.6530461342 -37.7285902587,144.6544985810 -37.7287516100)
376	High St	1	1	1	241.359	POINT(144.6030980686 -37.6898011781)	LINESTRING(144.6040897467 -37.6905503848,144.6036969008 -37.6902168866,144.6036228580 -37.6901535117,144.6035478458 -37.6900908744,144.6034715381 -37.6900292240,144.6033895184 -37.6899653276,144.6033062902 -37.6899024163,144.6032221043 -37.6898402895,144.6031372114 -37.6897787466,144.6030518624 -37.6897175870,144.6029663081 -37.6896566103,144.6028807994 -37.6895956158,144.6027707016 -37.6895174306,144.6026600287 -37.6894397555,144.6025489376 -37.6893624515,144.6024375850 -37.6892853794,144.6023261279 -37.6892083999,144.6022147231 -37.6891313740,144.6021035274 -37.6890541624)
385	Chisholm Dr	1	1	1	73.637	POINT(144.7484389242 -37.7587466998)	LINESTRING(144.7483598962 -37.7590682933,144.7483767095 -37.7590370194,144.7483919326 -37.7590052338,144.7484056717 -37.7589729926,144.7484180329 -37.7589403520,144.7484291224 -37.7589073682,144.7484390466 -37.7588740975,144.7484479115 -37.7588405959,144.7484558233 -37.7588069197,144.7484628884 -37.7587731251,144.7484692128 -37.7587392683,144.7484749028 -37.7587054055,144.7485164981 -37.7584207562)
386	Chisholm Dr	83	1	1	42.323	POINT(144.7485576486 -37.7586127067)	LINESTRING(144.7485825910 -37.7584234796,144.7485327062 -37.7588019333)
387	Chisholm Dr	83	1	1	16.372	POINT(144.7484161148 -37.7591409812)	LINESTRING(144.7484517166 -37.7590729784,144.7483805131 -37.7592089840)
389	Western Fwy  Deer Park Byp	2	2	1	215.623	POINT(144.7295753600 -37.7526336413)	LINESTRING(144.7284705625 -37.7522114455,144.7287284321 -37.7523054940,144.7289863391 -37.7523994150,144.7292441045 -37.7524935660,144.7295015481 -37.7525883038,144.7296981725 -37.7526604585,144.7298947750 -37.7527325064,144.7300904831 -37.7528057133,144.7303145051 -37.7528919154,144.7304980925 -37.7529754667,144.7306747785 -37.7530580655)
393	Christies Rd	1	1	1	378.198	POINT(144.7387420602 -37.7656210609)	LINESTRING(144.7385228369 -37.7673117401,144.7389498220 -37.7640908560,144.7389610230 -37.7640157140,144.7389470291 -37.7639307343)
394	Christies Rd	1	1	1	364.970	POINT(144.7387802224 -37.7656868977)	LINESTRING(144.7389995365 -37.7640555838,144.7385609083 -37.7673181756)
397	Taylors Rd	1	1	1	95.435	POINT(144.6580989070 -37.7169952294)	LINESTRING(144.6586277346 -37.7170914510,144.6575700794 -37.7168990076)
398	Taylors Rd	1	1	1	138.697	POINT(144.6563969335 -37.7165153288)	LINESTRING(144.6556311879 -37.7163677439,144.6565797040 -37.7165509819,144.6569251519 -37.7166200087,144.6571636576 -37.7166627313)
399	Leakes Rd	1	1	1	42.784	POINT(144.6556357033 -37.7137493526)	LINESTRING(144.6556416398 -37.7135569661,144.6556297667 -37.7139417386)
400	Leakes Rd	1	1	1	200.155	POINT(144.6553163734 -37.7144407648)	LINESTRING(144.6551900386 -37.7153354835,144.6554427082 -37.7135460354)
401	Leakes Rd	1	1	1	38.281	POINT(144.6546158547 -37.7185576773)	LINESTRING(144.6545849810 -37.7187281116,144.6546467283 -37.7183872425)
402	Leakes Rd	1	1	1	146.571	POINT(144.6552093930 -37.7173124405)	LINESTRING(144.6553330888 -37.7166604996,144.6552115933 -37.7173006833,144.6550856978 -37.7179643791)
403	Hopkins Rd	1	1	1	38.825	POINT(144.7028099492 -37.7580703096)	LINESTRING(144.7027833492 -37.7582435687,144.7028365491 -37.7578970501)
404	Hopkins Rd	1	1	1	100.820	POINT(144.7029780834 -37.7579953624)	LINESTRING(144.7030505989 -37.7575457869,144.7029055679 -37.7584449350)
408	Hopkins Rd	1	1	1	110.738	POINT(144.7031190452 -37.7564906989)	LINESTRING(144.7030294207 -37.7569834418,144.7032086697 -37.7559979526)
413	Western Hwy	3	1	1	486.003	POINT(144.6443054638 -37.7192102098)	LINESTRING(144.6463787355 -37.7206537528,144.6459877090 -37.7204380062,144.6459205549 -37.7203949398,144.6458535272 -37.7203515436,144.6457868203 -37.7203078020,144.6457205299 -37.7202636363,144.6455597205 -37.7201545524,144.6454000106 -37.7200444873,144.6452411950 -37.7199336480,144.6450830460 -37.7198222258,144.6449256603 -37.7197100781,144.6447691425 -37.7195971929,144.6446131655 -37.7194838778,144.6444573942 -37.7193704344,144.6443018653 -37.7192567077,144.6441467500 -37.7191426405,144.6439917509 -37.7190285617,144.6438364554 -37.7189147154,144.6436808817 -37.7188011569,144.6435251506 -37.7186877179,144.6433692169 -37.7185744633,144.6432130043 -37.7184614355,144.6430996280 -37.7183798232,144.6429860250 -37.7182983999,144.6428722913 -37.7182170369,144.6427585827 -37.7181356480,144.6426449279 -37.7180542261,144.6425312562 -37.7179728176,144.6424175738 -37.7178914168,144.6423038881 -37.7178100193,144.6422380982 -37.7177629195)
414	Hopkins Rd	1	1	1	262.033	POINT(144.7006140831 -37.7456281867)	LINESTRING(144.7007088571 -37.7467977451,144.7006258150 -37.7465080320,144.7005819708 -37.7462651807,144.7005590569 -37.7460111574,144.7005372547 -37.7456509040,144.7005234563 -37.7453571693,144.7005203017 -37.7449781720,144.7005617229 -37.7444536143)
417	Western Fwy	2	2	1	179.802	POINT(144.6936824637 -37.7428826096)	LINESTRING(144.6945997434 -37.7432395711,144.6927651841 -37.7425256465)
419		3	1	1	136.047	POINT(144.7002154440 -37.7431383884)	LINESTRING(144.7006195598 -37.7435726485,144.7006285619 -37.7433886009,144.7006238610 -37.7433270148,144.7005794641 -37.7431846360,144.7005275317 -37.7430964037,144.7004609769 -37.7430143411,144.7003908386 -37.7429466305,144.7003107254 -37.7428862540,144.7001902587 -37.7428150498,144.7000588450 -37.7427576433,144.6999833320 -37.7427367044,144.6999048081 -37.7427237232,144.6998439629 -37.7427201349,144.6997827654 -37.7427192517)
420	Ferris Rd	1	1	1	98.998	POINT(144.6035535558 -37.6979489066)	LINESTRING(144.6036306145 -37.6975077106,144.6034764971 -37.6983900999)
421	Ferris Rd	1	1	1	66.752	POINT(144.6033293364 -37.6984653098)	LINESTRING(144.6032827399 -37.6987633482,144.6033759330 -37.6981672703)
424	Western Fwy	2	2	1	35.462	POINT(144.6103295510 -37.6962978478)	LINESTRING(144.6105218746 -37.6963457699,144.6101372274 -37.6962499257)
425		3	1	1	174.755	POINT(144.7043076688 -37.7475555574)	LINESTRING(144.7052956243 -37.7475848140,144.7049172953 -37.7475368578,144.7045196814 -37.7475171004,144.7043502859 -37.7475195733,144.7041809803 -37.7475234191,144.7040118999 -37.7475306969,144.7038514985 -37.7475416883,144.7036914291 -37.7475556070,144.7035316155 -37.7475714787,144.7033719815 -37.7475883292,144.7033190883 -37.7475943541)
426	Hopkins Rd	1	1	1	93.481	POINT(144.7008996379 -37.7431212089)	LINESTRING(144.7010279549 -37.7427133361,144.7009173269 -37.7430642668,144.7007713250 -37.7435290923)
427	Hopkins Rd	1	1	1	89.696	POINT(144.7007650412 -37.7431183301)	LINESTRING(144.7006931531 -37.7435175957,144.7008369294 -37.7427190623)
428		1	1	1	125.903	POINT(144.7019760658 -37.7471777706)	LINESTRING(144.7016279361 -37.7476701089,144.7017664223 -37.7475303607,144.7023221938 -37.7466829680)
429		1	1	1	128.687	POINT(144.7020470885 -37.7472236323)	LINESTRING(144.7023809901 -37.7467087009,144.7018272578 -37.7475892724,144.7017123283 -37.7477373348)
430	Springlake Ave	1	1	1	107.560	POINT(144.7390947122 -37.7524749207)	LINESTRING(144.7384844142 -37.7524429670,144.7387515217 -37.7524597697,144.7390185606 -37.7524776029,144.7392857367 -37.7524933750,144.7395532559 -37.7525039946,144.7395911394 -37.7525054477,144.7396291122 -37.7525068222,144.7396669366 -37.7525066077,144.7397043746 -37.7525032940)
431	Springlake Ave	1	1	1	112.431	POINT(144.7391138733 -37.7525573161)	LINESTRING(144.7397427268 -37.7526242182,144.7396997198 -37.7526106892,144.7396564211 -37.7525978756,144.7396123932 -37.7525868504,144.7395793535 -37.7525802731,144.7395459576 -37.7525748318,144.7395123174 -37.7525703549,144.7394785450 -37.7525666703,144.7394023087 -37.7525611118,144.7393257723 -37.7525581477,144.7392491573 -37.7525557732,144.7391726852 -37.7525519835,144.7389992628 -37.7525387511,144.7388261031 -37.7525233996,144.7386530486 -37.7525072005,144.7384799415 -37.7524914251)
434	Leakes Rd	1	1	1	95.363	POINT(144.6514321577 -37.7270770600)	LINESTRING(144.6518958692 -37.7272968581,144.6517315413 -37.7272047608,144.6515345715 -37.7271061502,144.6509645564 -37.7268591851)
435	Leakes Rd	1	1	1	50.336	POINT(144.6504901026 -37.7258181769)	LINESTRING(144.6506266004 -37.7256189651,144.6503936102 -37.7259588075,144.6503531317 -37.7260167047)
436		3	1	1	59.256	POINT(144.6501998919 -37.7217499261)	LINESTRING(144.6498683991 -37.7217223963,144.6499519547 -37.7217327625,144.6500499832 -37.7217466460,144.6501482125 -37.7217592585,144.6502469438 -37.7217686931,144.6503422304 -37.7217739426,144.6504377430 -37.7217764398,144.6505333554 -37.7217770750,144.6505373751 -37.7217770609)
437	Leakes Rd	1	1	1	66.709	POINT(144.6523445145 -37.7222693333)	LINESTRING(144.6525720084 -37.7220297542,144.6524582790 -37.7221469173,144.6523456383 -37.7222646023,144.6522346824 -37.7223831796,144.6521259583 -37.7225030737,144.6521189255 -37.7225109581)
438	Leakes Rd	1	1	1	52.639	POINT(144.6506870224 -37.7249429230)	LINESTRING(144.6505918735 -37.7251673778,144.6507821714 -37.7247184674)
439	Ferris Rd  Melton Hwy	1	1	1	175.248	POINT(144.6038702077 -37.6954079210)	LINESTRING(144.6037500381 -37.6961906225,144.6039903772 -37.6946252112)
441	Western Fwy	80	2	1	10.525	POINT(144.7252018434 -37.7514051906)	LINESTRING(144.7252573167 -37.7514229446,144.7251463701 -37.7513874365)
442		1	1	1	105.830	POINT(144.6557869461 -37.7189784520)	LINESTRING(144.6551946832 -37.7189744963,144.6552997351 -37.7189971112,144.6554015471 -37.7190153920,144.6554970216 -37.7190264198,144.6555961116 -37.7190261285,144.6556971694 -37.7190207759,144.6557956472 -37.7190108844,144.6558855467 -37.7189958292,144.6559855220 -37.7189853091,144.6560852245 -37.7189729642,144.6561844567 -37.7189593167,144.6562830209 -37.7189448889,144.6563807196 -37.7189302032)
443		1	1	1	107.064	POINT(144.6557726259 -37.7191786484)	LINESTRING(144.6563631202 -37.7192887132,144.6562647095 -37.7192693537,144.6561665710 -37.7192486123,144.6560686106 -37.7192269607,144.6559707344 -37.7192048705,144.6558728483 -37.7191828134,144.6557748584 -37.7191612610,144.6556766705 -37.7191406849,144.6555781907 -37.7191215568,144.6554793250 -37.7191043483,144.6553799793 -37.7190895312,144.6552800596 -37.7190775769,144.6551794720 -37.7190689573)
446		1	1	1	43.548	POINT(144.7400706097 -37.7550322165)	LINESTRING(144.7399926356 -37.7548837661,144.7400962260 -37.7548927213,144.7401306735 -37.7549516334,144.7401185486 -37.7551956900)
447		1	1	1	38.679	POINT(144.7400500695 -37.7550462644)	LINESTRING(144.7400830942 -37.7551949703,144.7400956561 -37.7549558439,144.7400702646 -37.7549192288,144.7399863596 -37.7549125607)
448		1	1	1	92.462	POINT(144.7397605773 -37.7543850123)	LINESTRING(144.7397203766 -37.7547994600,144.7398007780 -37.7539705623)
449		1	1	1	10.678	POINT(144.7466675194 -37.7588675518)	LINESTRING(144.7467278681 -37.7588622925,144.7466071708 -37.7588728111)
452		1	1	1	125.004	POINT(144.7459060879 -37.7586433842)	LINESTRING(144.7465608306 -37.7588620408,144.7452513452 -37.7584247268)
453	Ballarat Rd  Western Hwy	1	1	1	26.666	POINT(144.7449151676 -37.7581231310)	LINESTRING(144.7450549647 -37.7581695334,144.7447753705 -37.7580767285)
454	Ballarat Rd  Western Hwy	1	1	1	105.263	POINT(144.7457897623 -37.7584229296)	LINESTRING(144.7463413258 -37.7586066433,144.7452381989 -37.7582392155)
455		1	1	1	9.933	POINT(144.7451931187 -37.7583304224)	LINESTRING(144.7452019084 -37.7583745305,144.7451843291 -37.7582863142)
457	Ballarat Rd  Western Hwy	1	1	1	66.136	POINT(144.7418809438 -37.7570859750)	LINESTRING(144.7422308898 -37.7571948024,144.7415309978 -37.7569771474)
458	Ballarat Rd  Western Hwy	1	1	1	9.341	POINT(144.7410405079 -37.7568094721)	LINESTRING(144.7410886883 -37.7568271437,144.7409923276 -37.7567918005)
460	Ballarat Rd  Western Hwy	1	1	1	26.221	POINT(144.7407695008 -37.7567132411)	LINESTRING(144.7409064090 -37.7567599066,144.7406325927 -37.7566665757)
461	Ballarat Rd  Western Hwy	1	1	1	36.311	POINT(144.7400665341 -37.7564425647)	LINESTRING(144.7402544407 -37.7565102007,144.7398786276 -37.7563749287)
462	Ballarat Rd  Western Hwy	1	1	1	61.200	POINT(144.7428938525 -37.7574401635)	LINESTRING(144.7432129663 -37.7575498721,144.7425747388 -37.7573304547)
463	Ballarat Rd  Western Hwy	1	1	1	23.246	POINT(144.7424051277 -37.7572736497)	LINESTRING(144.7425268453 -37.7573143859,144.7422834101 -37.7572329135)
464	Ballarat Rd  Western Hwy	1	1	1	19.628	POINT(144.7434473201 -37.7576334935)	LINESTRING(144.7435488879 -37.7576700613,144.7433457523 -37.7575969257)
465		1	1	1	9.120	POINT(144.7411152963 -37.7569841265)	LINESTRING(144.7411387166 -37.7570207053,144.7410918760 -37.7569475477)
466		1	1	1	181.764	POINT(144.7421148005 -37.7573603655)	LINESTRING(144.7430653433 -37.7576811078,144.7411642577 -37.7570396218)
467		1	1	1	10.262	POINT(144.7431600301 -37.7576647058)	LINESTRING(144.7432158594 -37.7576512887,144.7431042008 -37.7576781229)
468	Melton Hwy	1	1	1	32.507	POINT(144.6054430622 -37.6883945870)	LINESTRING(144.6053999681 -37.6885368233,144.6054861563 -37.6882523503)
479		1	1	1	331.452	POINT(144.6821181847 -37.7390828714)	LINESTRING(144.6838814121 -37.7394592808,144.6837294428 -37.7394261656,144.6835778775 -37.7393920079,144.6834273220 -37.7393552437,144.6832869384 -37.7393174026,144.6831475580 -37.7392772543,144.6830087116 -37.7392358993,144.6828699300 -37.7391944379,144.6826457660 -37.7391282343,144.6824217771 -37.7390616368,144.6821985330 -37.7389935448,144.6819766032 -37.7389228576,144.6818556202 -37.7388793604,144.6817361836 -37.7388328063,144.6816156436 -37.7387886965,144.6814913503 -37.7387525320,144.6814126818 -37.7387357738,144.6813327029 -37.7387228388,144.6812518706 -37.7387139241,144.6811706417 -37.7387092269,144.6811327029 -37.7387076415,144.6810943115 -37.7387070422,144.6810570115 -37.7387102004,144.6810223468 -37.7387198875,144.6809958553 -37.7387395494,144.6809765066 -37.7387661315,144.6809568863 -37.7387922774,144.6809295799 -37.7388106302,144.6808578724 -37.7388244826,144.6807819411 -37.7388222014,144.6807045480 -37.7388115887,144.6806284548 -37.7388004463,144.6805592658 -37.7387896665,144.6804910074 -37.7387752771,144.6804231213 -37.7387594439,144.6803550491 -37.7387443326)
480		1	1	1	370.071	POINT(144.6776723252 -37.7375365539)	LINESTRING(144.6795256719 -37.7383215414,144.6790858479 -37.7380928531,144.6758172069 -37.7367523790)
481		1	1	1	294.860	POINT(144.6266181209 -37.7058994504)	LINESTRING(144.6253480258 -37.7050355616,144.6257351257 -37.7052877570,144.6260945913 -37.7055366689,144.6264076526 -37.7057326335,144.6275371096 -37.7065379894,144.6277422316 -37.7066868781,144.6278900876 -37.7067622480)
482		1	1	1	281.353	POINT(144.6301346087 -37.7081581208)	LINESTRING(144.6291713796 -37.7072178320,144.6292159150 -37.7072490287,144.6292629363 -37.7072789658,144.6293049860 -37.7073114221,144.6293346064 -37.7073501762,144.6293400055 -37.7073704345,144.6293391345 -37.7073915783,144.6293349160 -37.7074130140,144.6293302724 -37.7074341476,144.6293204023 -37.7074669758,144.6293066299 -37.7074992309,144.6292940344 -37.7075315712,144.6292876954 -37.7075646548,144.6292885114 -37.7075874972,144.6292926335 -37.7076102414,144.6292994886 -37.7076326426,144.6293085035 -37.7076544555,144.6293315410 -37.7076965544,144.6293596144 -37.7077368703,144.6293909554 -37.7077758484,144.6294237955 -37.7078139344,144.6294924135 -37.7078885699,144.6295652196 -37.7079607788,144.6296415174 -37.7080307456,144.6297206103 -37.7080986549,144.6300521224 -37.7083588808,144.6303978311 -37.7086076876,144.6307492184 -37.7088519263,144.6310977664 -37.7090984479)
497	Zone connector	1	1	1	148.442	POINT(144.6023625259 -37.7034682947)	LINESTRING(144.6022400365 -37.7041290044,144.6024850153 -37.7028075791)
499	Zone connector	1	1	1	168.959	POINT(144.6072710909 -37.6878830656)	LINESTRING(144.6082026367 -37.6880688978,144.6063395451 -37.6876972330)
500	Zone connector	1	1	1	186.320	POINT(144.6071959240 -37.6877926456)	LINESTRING(144.6061694746 -37.6875851740,144.6082223734 -37.6880001165)
501	Zone connector	1	1	1	93.134	POINT(144.7409476769 -37.7537381514)	LINESTRING(144.7414767695 -37.7537556095,144.7404185843 -37.7537206933)
502	Zone connector	1	1	1	91.968	POINT(144.7409534131 -37.7536958861)	LINESTRING(144.7404309032 -37.7536794698,144.7414759231 -37.7537123023)
503	Zone connector	1	1	1	30.156	POINT(144.7418927775 -37.7561238008)	LINESTRING(144.7419132577 -37.7559892065,144.7418722974 -37.7562583949)
504	Zone connector	1	1	1	29.859	POINT(144.7418443613 -37.7561173142)	LINESTRING(144.7418230910 -37.7562504836,144.7418656317 -37.7559841445)
505	Zone connector	1	1	1	146.276	POINT(144.7436462077 -37.7595692695)	LINESTRING(144.7438477127 -37.7600502897,144.7439259906 -37.7592704361,144.7439201195 -37.7592407683,144.7438991110 -37.7592054518,144.7438651269 -37.7591729763,144.7438301004 -37.7591498074,144.7437634285 -37.7591319194,144.7436735366 -37.7591252327,144.7434844544 -37.7591109374,144.7433479175 -37.7591026891)
506	Zone connector	1	1	1	157.379	POINT(144.7437051468 -37.7595450546)	LINESTRING(144.7433933770 -37.7590481136,144.7438322719 -37.7590780346,144.7439071837 -37.7590898474,144.7439418251 -37.7590993172,144.7439736525 -37.7591186541,144.7439922762 -37.7591417656,144.7439985870 -37.7591640844,144.7439946025 -37.7592141283,144.7439854414 -37.7592761047,144.7439083794 -37.7600564426)
509	Zone connector	1	1	1	40.438	POINT(144.6292120417 -37.7068674835)	LINESTRING(144.6293800879 -37.7067433265,144.6290439956 -37.7069916402)
510	Zone connector	1	1	1	39.816	POINT(144.6290595887 -37.7067401361)	LINESTRING(144.6288871548 -37.7068561931,144.6292320227 -37.7066240790)
513	Zone connector	1	1	1	94.420	POINT(144.6797923488 -37.7389893626)	LINESTRING(144.6797431827 -37.7394121322,144.6798415149 -37.7385665905)
514	Zone connector	1	1	1	94.420	POINT(144.6798319853 -37.7389922403)	LINESTRING(144.6798811571 -37.7385694682,144.6797828135 -37.7394150100)
515	Western Fwy	2	2	1	2166.047	POINT(144.5848805907 -37.6931970804)	LINESTRING(144.5967760144 -37.6953349025,144.5967287982 -37.6953332915,144.5966815820 -37.6953316801,144.5966343658 -37.6953300696,144.5965871494 -37.6953284614,144.5965399328 -37.6953268581,144.5964927160 -37.6953252582,144.5964454992 -37.6953236573,144.5963982827 -37.6953220511,144.5963510665 -37.6953204411,144.5963038503 -37.6953188286,144.5962566346 -37.6953172095,144.5962094194 -37.6953155793,144.5961622049 -37.6953139379,144.5961149909 -37.6953122873,144.5960677775 -37.6953106263,144.5960205648 -37.6953089537,144.5959786847 -37.6953074584,144.5959368053 -37.6953059524,144.5958949264 -37.6953044378,144.5958530478 -37.6953029167,144.5958111697 -37.6953013889,144.5957692919 -37.6952998536,144.5957274146 -37.6952983117,144.5956855376 -37.6952967641,144.5956436609 -37.6952952105,144.5956017846 -37.6952936505,144.5955599086 -37.6952920852,144.5955180329 -37.6952905154,144.5954761574 -37.6952889424,144.5954342822 -37.6952873653,144.5953924073 -37.6952857820,144.5953505330 -37.6952841899,144.5952921895 -37.6952819588,144.5952338468 -37.6952797165,144.5951755048 -37.6952774635,144.5951171633 -37.6952752003,144.5950588227 -37.6952729236,144.5950004829 -37.6952706343,144.5949421434 -37.6952683393,144.5948838038 -37.6952660456,144.5948254643 -37.6952637507,144.5947671250 -37.6952614524,144.5947087855 -37.6952591577,144.5946504454 -37.6952568734,144.5945921044 -37.6952546024,144.5945337629 -37.6952523407,144.5944754210 -37.6952500849,144.5944170789 -37.6952478317,144.5943574326 -37.6952455313,144.5942977860 -37.6952432353,144.5942381392 -37.6952409418,144.5941784925 -37.6952386488,144.5941188459 -37.6952363513,144.5940591994 -37.6952340518,144.5939995526 -37.6952317596,144.5939399047 -37.6952294837,144.5938802561 -37.6952272212,144.5938206069 -37.6952249689,144.5937609565 -37.6952227361,144.5937013045 -37.6952205319,144.5936416512 -37.6952183488,144.5935819968 -37.6952161854,144.5935223403 -37.6952140594,144.5934626807 -37.6952119886,144.5934112068 -37.6952102565,144.5933597304 -37.6952085697,144.5933082521 -37.6952069198,144.5932567724 -37.6952052979,144.5932052903 -37.6952037168,144.5931538062 -37.6952021760,144.5931023215 -37.6952006475,144.5930508376 -37.6951991033,144.5929993541 -37.6951975526,144.5929478705 -37.6951960048,144.5928963882 -37.6951944318,144.5928449086 -37.6951928057,144.5927934319 -37.6951911302,144.5927419571 -37.6951894166,144.5926904854 -37.6951876477,144.5926390178 -37.6951858063,144.5925963516 -37.6951842096,144.5925536890 -37.6951825526,144.5925110292 -37.6951808504,144.5924683714 -37.6951791179,144.5924257158 -37.6951773474,144.5923830630 -37.6951755348,144.5923404116 -37.6951737008,144.5922977603 -37.6951718660,144.5922551093 -37.6951700237,144.5922124592 -37.6951681669,144.5921698088 -37.6951663162,144.5921271565 -37.6951644924,144.5920845027 -37.6951626951,144.5920418478 -37.6951609151,144.5919991911 -37.6951591603,144.5919565323 -37.6951574388,144.5919076598 -37.6951555128,144.5918587848 -37.6951536264,144.5918099081 -37.6951517659,144.5917610308 -37.6951499177,144.5917121524 -37.6951480848,144.5916632729 -37.6951462722,144.5916143927 -37.6951444697,144.5915655126 -37.6951426671,144.5915166322 -37.6951408678,144.5914677514 -37.6951390752,144.5914188709 -37.6951372791,144.5913699911 -37.6951354693,144.5913211135 -37.6951336242,144.5912722373 -37.6951317555,144.5912233601 -37.6951299031,144.5911744797 -37.6951281066,144.5911231725 -37.6951262913,144.5910718627 -37.6951245239,144.5910205507 -37.6951227953,144.5909692371 -37.6951210962,144.5909179153 -37.6951194685,144.5908665902 -37.6951179025,144.5908152665 -37.6951163110,144.5907639488 -37.6951146071,144.5907126436 -37.6951128202,144.5906613412 -37.6951109788,144.5906100479 -37.6951089960,144.5905587701 -37.6951067848,144.5905075154 -37.6951043475,144.5904562748 -37.6951017220,144.5904050535 -37.6950988752,144.5903538566 -37.6950957744,144.5902908382 -37.6950916051,144.5902278539 -37.6950871162,144.5901648990 -37.6950823689,144.5901019692 -37.6950774245,144.5900390601 -37.6950722698,144.5899761815 -37.6950668824,144.5899133285 -37.6950613082,144.5898504963 -37.6950555927,144.5897876806 -37.6950497201,144.5897248907 -37.6950436760,144.5896621200 -37.6950375059,144.5895993623 -37.6950312552,144.5895366225 -37.6950249241,144.5894738990 -37.6950184920,144.5894111895 -37.6950119748,144.5893484916 -37.6950053883,144.5892802783 -37.6949981627,144.5892120772 -37.6949908651,144.5891438932 -37.6949834680,144.5890757317 -37.6949759438,144.5890075883 -37.6949682964,144.5889394648 -37.6949605372,144.5888713653 -37.6949526482,144.5888032936 -37.6949446115,144.5887352510 -37.6949364335,144.5886672343 -37.6949281199,144.5885992480 -37.6949196528,144.5885312965 -37.6949110145,144.5884633836 -37.6949022082,144.5883955041 -37.6948932404,144.5883276615 -37.6948841000,144.5882598592 -37.6948747759,144.5881986949 -37.6948661866,144.5881375678 -37.6948574315,144.5880764764 -37.6948485212,144.5880154193 -37.6948394664,144.5879543943 -37.6948302609,144.5878934061 -37.6948209026,144.5878324520 -37.6948114063,144.5877715288 -37.6948017872,144.5877106363 -37.6947920401,144.5876497778 -37.6947821602,144.5875889499 -37.6947721626,144.5875281493 -37.6947620620,144.5874673803 -37.6947518562,144.5874066412 -37.6947415390,144.5873459294 -37.6947311214,144.5872852423 -37.6947206143,144.5872108858 -37.6947076345,144.5871365599 -37.6946945447,144.5870622686 -37.6946813327,144.5869880160 -37.6946679859,144.5869137957 -37.6946545120,144.5868396111 -37.6946409145,144.5867654692 -37.6946271728,144.5866913765 -37.6946132666,144.5866173339 -37.6945992031,144.5865433369 -37.6945849890,144.5864693930 -37.6945706036,144.5863955093 -37.6945560267,144.5863216950 -37.6945412479,144.5862479414 -37.6945262792,144.5861742443 -37.6945111368,144.5861005997 -37.6944958368,144.5860441590 -37.6944839823,144.5859877605 -37.6944720020,144.5859314039 -37.6944598989,144.5858750888 -37.6944476761,144.5858188045 -37.6944353477,144.5857625589 -37.6944229085,144.5857063633 -37.6944103293,144.5856502291 -37.6943975806,144.5855941579 -37.6943846736,144.5855381415 -37.6943716170,144.5854821925 -37.6943583816,144.5854263233 -37.6943449385,144.5853705385 -37.6943312961,144.5853148278 -37.6943174638,144.5852592025 -37.6943034186,144.5852036739 -37.6942891377,144.5851203030 -37.6942672803,144.5850370799 -37.6942450702,144.5849539943 -37.6942225393,144.5848710356 -37.6941997197,144.5847882048 -37.6941765862,144.5847055157 -37.6941531357,144.5846229452 -37.6941294238,144.5845404702 -37.6941055060,144.5844580910 -37.6940813616,144.5843758254 -37.6940569751,144.5842936483 -37.6940324014,144.5842115349 -37.6940076955,144.5841294936 -37.6939828581,144.5840475285 -37.6939578633,144.5839656296 -37.6939327326,144.5838837871 -37.6939074874,144.5838149824 -37.6938861716,144.5837462239 -37.6938647623,144.5836775251 -37.6938432335,144.5836088997 -37.6938215591,144.5835403401 -37.6937997435,144.5834718465 -37.6937777981,144.5834034301 -37.6937557025,144.5833351024 -37.6937334364,144.5832668629 -37.6937110077,144.5831987056 -37.6936884225,144.5831306424 -37.6936656606,144.5830626853 -37.6936427018,144.5829948251 -37.6936195752,144.5829270568 -37.6935962793,144.5828594161 -37.6935727536,144.5827919387 -37.6935489377,144.5827192059 -37.6935228592,144.5826466458 -37.6934964793,144.5825742424 -37.6934698306,144.5825019796 -37.6934429453,144.5824298840 -37.6934157645,144.5823579616 -37.6933882964,144.5822861388 -37.6933606638,144.5822143421 -37.6933329896,144.5821425883 -37.6933052299,144.5820709105 -37.6932773470,144.5819992333 -37.6932494631,144.5819274814 -37.6932217003,144.5818556524 -37.6931940740,144.5817837770 -37.6931665234,144.5817118465 -37.6931390628,144.5816398527 -37.6931117067,144.5815898350 -37.6930928177,144.5815397673 -37.6930740116,144.5814896744 -37.6930552475,144.5814395811 -37.6930364840,144.5813894940 -37.6930177100,144.5813393999 -37.6929989477,144.5812892938 -37.6929802055,144.5812391706 -37.6929614919,144.5811890323 -37.6929428042,144.5811388803 -37.6929241395,144.5810887097 -37.6929055063,144.5810385153 -37.6928869131,144.5809882857 -37.6928683802,144.5809380268 -37.6928498970,144.5808877607 -37.6928314261,144.5808375092 -37.6928129302,144.5807778494 -37.6927909202,144.5807182003 -37.6927688919,144.5806585560 -37.6927468556,144.5805989104 -37.6927248215,144.5805392840 -37.6927027434,144.5804796764 -37.6926806334,144.5804200334 -37.6926585836,144.5803603012 -37.6926366861,144.5803005087 -37.6926149143,144.5802406629 -37.6925932332,144.5801807123 -37.6925717362,144.5801206052 -37.6925505160,144.5800603618 -37.6925295561,144.5799999941 -37.6925088192,144.5799394670 -37.6924883775,144.5798787456 -37.6924683030,144.5798229342 -37.6924502952,144.5797669501 -37.6924326233,144.5797108268 -37.6924152282,144.5796545977 -37.6923980506,144.5795982350 -37.6923811295,144.5795417419 -37.6923644811,144.5794851685 -37.6923480020,144.5794285649 -37.6923315891,144.5793719043 -37.6923152737,144.5793151816 -37.6922990938,144.5792584443 -37.6922829453,144.5792017402 -37.6922667244,144.5791450688 -37.6922504464,144.5790884051 -37.6922341514,144.5790317781 -37.6922177773,144.5789752167 -37.6922012623,144.5789185277 -37.6921844995,144.5788619063 -37.6921675938,144.5788053208 -37.6921506122,144.5787487398 -37.6921336216,144.5786921749 -37.6921165871,144.5786356394 -37.6920994915,144.5785790903 -37.6920824242,144.5785224850 -37.6920654745,144.5784658457 -37.6920486150,144.5784091785 -37.6920318134,144.5783524425 -37.6920151598,144.5782955965 -37.6919987440,144.5782386487 -37.6919825668,144.5781816112 -37.6919665871,144.5781244717 -37.6919508380,144.5780672181 -37.6919353529,144.5780092082 -37.6919199964,144.5779510827 -37.6919049137,144.5778928652 -37.6918900533,144.5778345791 -37.6918753639,144.5777762158 -37.6918608536,144.5777177729 -37.6918465439,144.5776592658 -37.6918323989,144.5776007094 -37.6918183828,144.5775420945 -37.6918045065,144.5774834218 -37.6917907834,144.5774247053 -37.6917771773,144.5773659591 -37.6917636523,144.5773071866 -37.6917502120,144.5772483779 -37.6917368706,144.5771895397 -37.6917236108,144.5771306786 -37.6917104151,144.5770624520 -37.6916951828,144.5769941995 -37.6916800231,144.5769259124 -37.6916649615,144.5768575821 -37.6916500236,144.5767892078 -37.6916351994,144.5767207966 -37.6916204816,144.5766523400 -37.6916058970,144.5765838296 -37.6915914723,144.5765152720 -37.6915771994,144.5764466671 -37.6915630686,144.5763780071 -37.6915491071,144.5763092843 -37.6915353416,144.5762405058 -37.6915217680,144.5761716703 -37.6915083751,144.5761027730 -37.6914951830,144.5760338094 -37.6914822116,144.5759823151 -37.6914727100,144.5759307723 -37.6914633729,144.5758791862 -37.6914541866,144.5758275616 -37.6914451376,144.5757758928 -37.6914362343,144.5757241829 -37.6914274807,144.5756724388 -37.6914188538,144.5756206673 -37.6914103311,144.5755688639 -37.6914019196,144.5755170296 -37.6913936275,144.5754651706 -37.6913854320,144.5754132933 -37.6913773102,144.5753614041 -37.6913692478,144.5753094964 -37.6913612594,144.5752575655 -37.6913533671,144.5752056062 -37.6913455930,144.5751274478 -37.6913340863,144.5750492506 -37.6913227448,144.5749710143 -37.6913115730,144.5748927390 -37.6913005753,144.5748144127 -37.6912897910,144.5747360428 -37.6912792053,144.5746576465 -37.6912687407,144.5745792413 -37.6912583193,144.5745008398 -37.6912478573,144.5744224332 -37.6912374178,144.5743439932 -37.6912271411,144.5742654913 -37.6912171678,144.5729896185 -37.6910588457)
517	High St	1	1	1	139.915	POINT(144.6034053614 -37.6898800223)	LINESTRING(144.6028509100 -37.6894297470,144.6033876836 -37.6898285624,144.6037342411 -37.6901213691,144.6039564341 -37.6903331366)
518	Leakes Rd	1	1	1	27.627	POINT(144.6530115774 -37.7216366362)	LINESTRING(144.6531186413 -37.7215457110,144.6529045136 -37.7217275613)
525	Ferris Rd	1	1	1	85.421	POINT(144.6032340386 -37.6995872087)	LINESTRING(144.6033044829 -37.6992069742,144.6031635943 -37.6999674412)
526	Ferris Rd	1	1	1	43.365	POINT(144.6034135383 -37.6986262561)	LINESTRING(144.6034446118 -37.6984327164,144.6033824649 -37.6988197954)
527	Zone connector	1	1	1	75.284	POINT(144.6030849305 -37.6995414251)	LINESTRING(144.6030180781 -37.6998759596,144.6031517830 -37.6992068891)
528		1	1	1	41.627	POINT(144.6028871624 -37.6988679805)	LINESTRING(144.6026568058 -37.6988355884,144.6028298471 -37.6988704131,144.6031223418 -37.6988996491)
529		2	2	1	95.892	POINT(144.6085281967 -37.6955035051)	LINESTRING(144.6080042047 -37.6953842613,144.6090521888 -37.6956227488)
530	Melton Hwy	1	1	1	35.848	POINT(144.6044505981 -37.6928786562)	LINESTRING(144.6044801075 -37.6927190661,144.6044210887 -37.6930382460)
531	Western Hwy	3	1	1	835.604	POINT(144.6372417180 -37.7136546554)	LINESTRING(144.6337230428 -37.7111291122,144.6349079448 -37.7119825902,144.6364916510 -37.7131220894,144.6400303586 -37.7156381484,144.6407596904 -37.7161806270)
532	Western Hwy	3	1	1	72.206	POINT(144.6249184200 -37.7047943877)	LINESTRING(144.6246135237 -37.7045768602,144.6252233162 -37.7050119146)
533		1	1	1	17.771	POINT(144.6281822232 -37.7067440194)	LINESTRING(144.6280886289 -37.7067741442,144.6281354260 -37.7067590818,144.6281822232 -37.7067440194,144.6282290204 -37.7067289570,144.6282758175 -37.7067138946)
536	Western Hwy	3	1	1	132.470	POINT(144.6378989449 -37.7146553391)	LINESTRING(144.6384570839 -37.7150554423,144.6373408059 -37.7142552338)
537	Western Hwy	3	1	1	174.698	POINT(144.6356890191 -37.7130753641)	LINESTRING(144.6364328727 -37.7135961344,144.6349451654 -37.7125545901)
538	Leakes Rd	1	1	1	115.342	POINT(144.6514481455 -37.7269666460)	LINESTRING(144.6508992178 -37.7266835438,144.6513478658 -37.7268765123,144.6516050657 -37.7270101951,144.6517849876 -37.7271157690,144.6519903597 -37.7272533834)
539	Leakes Rd	1	1	1	123.858	POINT(144.6516330300 -37.7254750717)	LINESTRING(144.6523321956 -37.7254526519,144.6521591226 -37.7254758955,144.6519828576 -37.7254960428,144.6518049188 -37.7255109039,144.6516268245 -37.7255182890,144.6514500932 -37.7255160084,144.6512762431 -37.7255018722,144.6511067927 -37.7254736908,144.6509432602 -37.7254292742)
542	Leakes Rd	1	1	1	43.056	POINT(144.6527632817 -37.7282480816)	LINESTRING(144.6526751281 -37.7280689688,144.6527882729 -37.7282761518,144.6528500354 -37.7284301588)
543	Leakes Rd	1	1	1	21.413	POINT(144.6529255573 -37.7289147948)	LINESTRING(144.6529439153 -37.7290099887,144.6529071993 -37.7288196009)
600	Leakes Rd	1	1	1	62.016	POINT(144.6535770635 -37.7211382524)	LINESTRING(144.6538042501 -37.7209249385,144.6536906568 -37.7210315955,144.6535770635 -37.7211382524,144.6534634702 -37.7212449091,144.6533498770 -37.7213515657)
601	Leakes Rd	1	1	1	52.680	POINT(144.6548297986 -37.7174806963)	LINESTRING(144.6547920665 -37.7177157497,144.6548675308 -37.7172456422)
602	Leakes Rd	1	1	1	60.749	POINT(144.6547532198 -37.7180889625)	LINESTRING(144.6547116989 -37.7183602143,144.6547947406 -37.7178177097)
603	Leakes Rd	1	1	1	20.613	POINT(144.6554026811 -37.7158309979)	LINESTRING(144.6554179662 -37.7157390738,144.6553873959 -37.7159229219)
604	Leakes Rd	1	1	1	31.376	POINT(144.6554428923 -37.7155571228)	LINESTRING(144.6554623607 -37.7154168403,144.6554234239 -37.7156974050)
605	Leakes Rd	1	1	1	80.859	POINT(144.6549586125 -37.7184120913)	LINESTRING(144.6550607159 -37.7180574917,144.6548565090 -37.7187666893)
606	Leakes Rd	1	1	1	40.234	POINT(144.6556971853 -37.7166856607)	LINESTRING(144.6559233818 -37.7166928089,144.6558464193 -37.7166807100,144.6557400434 -37.7166735992,144.6556380537 -37.7166725891,144.6554711523 -37.7166994019)
607	Taylors Rd	1	1	1	79.764	POINT(144.6568750501 -37.7167481325)	LINESTRING(144.6573177062 -37.7168262205,144.6564323941 -37.7166700444)
608	Western Hwy	3	1	1	19.174	POINT(144.6710829640 -37.7350577621)	LINESTRING(144.6711799130 -37.7350971960,144.6709860150 -37.7350183282)
609	Western Hwy	3	1	1	116.192	POINT(144.6718586339 -37.7353374258)	LINESTRING(144.6724622134 -37.7355498629,144.6712550545 -37.7351249881)
617		1	1	1	18.543	POINT(144.7005578500 -37.7424949194)	LINESTRING(144.7004545440 -37.7425115910,144.7006611560 -37.7424782477)
618		1	1	1	40.535	POINT(144.7005713201 -37.7425909085)	LINESTRING(144.7003409703 -37.7425847890,144.7008016698 -37.7425970279)
619	Hopkins Rd	1	1	1	30.591	POINT(144.7010707192 -37.7415870399)	LINESTRING(144.7010531999 -37.7417238850,144.7010882386 -37.7414501945)
620	Neales Rd W	1	1	1	317.971	POINT(144.7047273491 -37.7413532431)	LINESTRING(144.7029342899 -37.7411700747,144.7065204084 -37.7415364110)
621	Neales Rd W	1	1	1	26.112	POINT(144.7016621811 -37.7411013899)	LINESTRING(144.7018093682 -37.7411167973,144.7015149940 -37.7410859826)
622	Neales Rd W	1	1	1	55.680	POINT(144.7021905526 -37.7411736182)	LINESTRING(144.7025041930 -37.7412077230,144.7018769121 -37.7411395135)
625	Palm Springs Rd	1	1	1	166.486	POINT(144.7383579118 -37.7628303453)	LINESTRING(144.7380226804 -37.7622517250,144.7380143417 -37.7622719472,144.7380063150 -37.7622922437,144.7379988315 -37.7623126659,144.7379919265 -37.7623331725,144.7379854774 -37.7623537755,144.7379795260 -37.7623744707,144.7379741144 -37.7623952542,144.7379711043 -37.7624083334,144.7379684506 -37.7624214632,144.7379660800 -37.7624346287,144.7379639192 -37.7624478150,144.7379619527 -37.7624610400,144.7379602212 -37.7624742869,144.7379587259 -37.7624875518,144.7379574681 -37.7625008307,144.7379564469 -37.7625141217,144.7379556624 -37.7625274241,144.7379551169 -37.7625407340,144.7379548127 -37.7625540473,144.7379547430 -37.7625673414,144.7379549086 -37.7625806364,144.7379553243 -37.7625939276,144.7379560048 -37.7626072105,144.7379570831 -37.7626222622,144.7379584582 -37.7626373005,144.7379601225 -37.7626523207,144.7379620683 -37.7626673180,144.7379643133 -37.7626823114,144.7379668524 -37.7626972770,144.7379696540 -37.7627122140,144.7379726862 -37.7627271214,144.7379759609 -37.7627420080,144.7379794861 -37.7627568599,144.7379832314 -37.7627716786,144.7379871666 -37.7627864655,144.7379912968 -37.7628011994,144.7379956362 -37.7628158964,144.7380001536 -37.7628305604,144.7380048179 -37.7628451949,144.7380082600 -37.7628556817,144.7380118093 -37.7628661466,144.7380154814 -37.7628765848,144.7380192918 -37.7628869914,144.7380232303 -37.7628973852,144.7380272892 -37.7629077509,144.7380315050 -37.7629180766,144.7380359141 -37.7629283507,144.7380404964 -37.7629385607,144.7380452459 -37.7629487243,144.7380501985 -37.7629588261,144.7380553901 -37.7629688509,144.7380607840 -37.7629787881,144.7380663811 -37.7629886573,144.7380722415 -37.7629984281,144.7380784253 -37.7630080700,144.7380887905 -37.7630231367,144.7380996464 -37.7630379915,144.7381109277 -37.7630526494,144.7381225692 -37.7630671252,144.7381346735 -37.7630814108,144.7381472076 -37.7630954671,144.7381600007 -37.7631093821,144.7381728821 -37.7631232436,144.7381858155 -37.7631371369,144.7381988623 -37.7631509653,144.7382121141 -37.7631646687,144.7382256625 -37.7631781872,144.7382419099 -37.7631938249,144.7382584560 -37.7632092691,144.7382753180 -37.7632244972,144.7382925132 -37.7632394869,144.7383167386 -37.7632610074,144.7383409975 -37.7632825992,144.7383665386 -37.7633030288,144.7383946109 -37.7633210630,144.7384263352 -37.7633364874,144.7384599569 -37.7633494095,144.7384947985 -37.7633603963,144.7385301819 -37.7633700148,144.7385630976 -37.7633770830,144.7385966319 -37.7633822990,144.7386304136 -37.7633867742,144.7386746507 -37.7633920596,144.7387162139 -37.7633974780,144.7387490568 -37.7633980889,144.7387792880 -37.7633960476)
626	Palm Springs Rd	1	1	1	168.761	POINT(144.7382691187 -37.7628931486)	LINESTRING(144.7386338543 -37.7635458082,144.7385802713 -37.7635085491,144.7385258633 -37.7634719442,144.7384712491 -37.7634355027,144.7384170474 -37.7633987342,144.7383638768 -37.7633611480,144.7383123562 -37.7633222534,144.7382631043 -37.7632815599,144.7382380886 -37.7632590445,144.7382139449 -37.7632359123,144.7381906495 -37.7632122176,144.7381681788 -37.7631880146,144.7381465089 -37.7631633574,144.7381256164 -37.7631383004,144.7381054774 -37.7631128978,144.7380926691 -37.7630957650,144.7380804766 -37.7630783439,144.7380688508 -37.7630606703,144.7380577423 -37.7630427800,144.7380471022 -37.7630247088,144.7380368812 -37.7630064924,144.7380270301 -37.7629881665,144.7380129692 -37.7629611767,144.7379992954 -37.7629340210,144.7379862104 -37.7629066767,144.7379739160 -37.7628791212,144.7379626140 -37.7628513316,144.7379525062 -37.7628232853,144.7379437943 -37.7627949595,144.7379351813 -37.7627611004,144.7379280878 -37.7627269952,144.7379223998 -37.7626926961,144.7379180037 -37.7626582557,144.7379147855 -37.7626237265,144.7379126315 -37.7625891608,144.7379114278 -37.7625546110,144.7379111413 -37.7625251542,144.7379116574 -37.7624956604,144.7379130796 -37.7624661723,144.7379155117 -37.7624367324,144.7379190573 -37.7624073835,144.7379238201 -37.7623781682,144.7379299038 -37.7623491293,144.7379378685 -37.7623198242,144.7379476304 -37.7622908625,144.7379587275 -37.7622621575,144.7379706976 -37.7622336223)
647	Christies Rd	1	1	1	26.713	POINT(144.7396346274 -37.7577344896)	LINESTRING(144.7396500684 -37.7576150262,144.7396191864 -37.7578539528)
648	Christies Rd	1	1	1	32.851	POINT(144.7395795656 -37.7568769496)	LINESTRING(144.7395677599 -37.7570243322,144.7395913714 -37.7567295667)
649		1	1	1	44.416	POINT(144.7400956138 -37.7566156763)	LINESTRING(144.7403394431 -37.7566389059,144.7401829926 -37.7565934258,144.7400181287 -37.7565940122,144.7398497145 -37.7566270887)
651		1	1	1	66.775	POINT(144.7391518780 -37.7556660875)	LINESTRING(144.7387944909 -37.7555738122,144.7390054729 -37.7556284029,144.7390792246 -37.7556546738,144.7391532882 -37.7556803453,144.7392281319 -37.7557045180,144.7392738359 -37.7557189233,144.7393197400 -37.7557330854,144.7393662669 -37.7557455167,144.7394138392 -37.7557547295,144.7394307227 -37.7557566519,144.7394477837 -37.7557575622,144.7394649028 -37.7557575817,144.7394819603 -37.7557568313,144.7394967203 -37.7557552583,144.7395113222 -37.7557528074)
652	Caroline Springs Blvd	1	1	1	25.286	POINT(144.7398212837 -37.7554840957)	LINESTRING(144.7398323210 -37.7553707572,144.7398102464 -37.7555974341)
663	Ballarat Rd  Western Hwy	1	1	1	58.191	POINT(144.7443478137 -37.7579517388)	LINESTRING(144.7446529676 -37.7580528427,144.7440426597 -37.7578506347)
669	Ballarat Rd  Western Hwy	1	1	1	31.565	POINT(144.7466269706 -37.7587256364)	LINESTRING(144.7467904296 -37.7587842280,144.7464635116 -37.7586670447)
670	Ballarat Rd  Western Hwy	1	1	1	9.201	POINT(144.7469038282 -37.7588283087)	LINESTRING(144.7469511080 -37.7588460189,144.7468565485 -37.7588105984)
671	Panamax Rd	1	1	1	255.784	POINT(144.7468861996 -37.7603748948)	LINESTRING(144.7471128567 -37.7592616045,144.7468930999 -37.7595560637,144.7468562255 -37.7596233601,144.7466649361 -37.7615016327)
673	Chisholm Dr	83	1	1	23.307	POINT(144.7484922100 -37.7589683887)	LINESTRING(144.7485089266 -37.7588637621,144.7484976756 -37.7589520818,144.7484752631 -37.7590715518)
676	Melton Hwy	1	1	1	23.216	POINT(144.6059449335 -37.6873219121)	LINESTRING(144.6059767136 -37.6872205209,144.6059131534 -37.6874233032)
677	Melton Hwy	1	1	1	30.715	POINT(144.6060509680 -37.6870517464)	LINESTRING(144.6060945314 -37.6869179094,144.6060074046 -37.6871855833)
678	Zone connector	1	1	1	25.678	POINT(144.6061233778 -37.6876639665)	LINESTRING(144.6062662325 -37.6876878224,144.6059805230 -37.6876401106)
680	Melton Hwy	1	1	1	17.211	POINT(144.6055654500 -37.6879994123)	LINESTRING(144.6055425480 -37.6880747026,144.6055883521 -37.6879241218)
681	Gateway Dr	1	1	1	218.268	POINT(144.6042451548 -37.6876370572)	LINESTRING(144.6034817582 -37.6880691288,144.6036522032 -37.6872215849,144.6037595342 -37.6872408499,144.6047302706 -37.6873911752,144.6050251468 -37.6874274636)
682		1	1	1	11.817	POINT(144.6038657857 -37.6974683758)	LINESTRING(144.6039262413 -37.6974451792,144.6038053300 -37.6974915725)
848		1	1	1	20.257	POINT(144.6033319783 -37.6977175774)	LINESTRING(144.6033505941 -37.6978075143,144.6033133626 -37.6976276403)
849		1	1	1	19.672	POINT(144.7469855363 -37.7591237209)	LINESTRING(144.7469643833 -37.7592105559,144.7470066894 -37.7590368859)
850		1	1	1	25.768	POINT(144.7481132971 -37.7590879061)	LINESTRING(144.7479732650 -37.7590619628,144.7480077196 -37.7590716321,144.7480426129 -37.7590804696,144.7480778900 -37.7590884216,144.7481134961 -37.7590954342,144.7481493765 -37.7591014534,144.7481854763 -37.7591064255,144.7482217408 -37.7591102965,144.7482581151 -37.7591130127)
859		83	1	1	16.977	POINT(144.7484877545 -37.7591504396)	LINESTRING(144.7484945684 -37.7590743132,144.7484809407 -37.7592265658)
860		1	1	1	27.587	POINT(144.7474375196 -37.7592080752)	LINESTRING(144.7475888747 -37.7592351006,144.7475513634 -37.7592261399,144.7475136104 -37.7592177201,144.7474756333 -37.7592098954,144.7474374498 -37.7592027196,144.7473990775 -37.7591962469,144.7473605340 -37.7591905314,144.7473218371 -37.7591856270,144.7472830044 -37.7591815879)
861		1	1	1	25.018	POINT(144.7398948529 -37.7558190461)	LINESTRING(144.7398731645 -37.7557078927,144.7399165413 -37.7559301995)
862		1	1	1	47.449	POINT(144.6034795030 -37.6976049058)	LINESTRING(144.6034393512 -37.6978160008,144.6035196549 -37.6973938103)
863	Leakes Rd	1	1	1	90.769	POINT(144.6511570797 -37.7245994298)	LINESTRING(144.6512910664 -37.7241969717,144.6512748106 -37.7242678895,144.6511403580 -37.7246975271,144.6510362988 -37.7249437638,144.6510159811 -37.7249827102)
864	Leakes Rd	1	1	1	50.994	POINT(144.6523930001 -37.7278690469)	LINESTRING(144.6525407520 -37.7280663632,144.6522452482 -37.7276717300)
865	Leakes Rd	1	1	1	120.306	POINT(144.6555096124 -37.7147930329)	LINESTRING(144.6555507093 -37.7142528810,144.6554685155 -37.7153331808)
875		139	1	1	19.981	POINT(144.6045185766 -37.6906330055)	LINESTRING(144.6044752352 -37.6907202886,144.6044864783 -37.6906802737,144.6045042257 -37.6906417623,144.6045281735 -37.6906054134,144.6045579121 -37.6905718491,144.6045714425 -37.6905601789)
877		1	1	1	11.351	POINT(144.7010064234 -37.7478573562)	LINESTRING(144.7009887453 -37.7479074791,144.7009992213 -37.7478744842,144.7010113028 -37.7478418211,144.7010249629 -37.7478095625)
879		1	1	1	10.685	POINT(144.7398460953 -37.7525065451)	LINESTRING(144.7398272162 -37.7525577070,144.7398303715 -37.7525386554,144.7398366448 -37.7525200925,144.7398459290 -37.7525023358,144.7398580651 -37.7524856891,144.7398728455 -37.7524704373)
880		1	1	1	21.138	POINT(144.7388172602 -37.7634223269)	LINESTRING(144.7387569666 -37.7635052737,144.7387697003 -37.7634801736,144.7387842439 -37.7634555891,144.7388005055 -37.7634316153,144.7388183926 -37.7634083478,144.7388378133 -37.7633858818,144.7388586752 -37.7633643128,144.7388808862 -37.7633437361)
881		1	1	1	32.687	POINT(144.6555817497 -37.7161512127)	LINESTRING(144.6555401394 -37.7160081731,144.6555622505 -37.7160767054,144.6555720841 -37.7161278425,144.6555887349 -37.7161735194,144.6556052280 -37.7162342641,144.6556232783 -37.7162945150)
883	Ballarat Rd  Western Hwy	1	1	1	5.320	POINT(144.7469555644 -37.7586686929)	LINESTRING(144.7469300299 -37.7586558683,144.7469810990 -37.7586815176)
884	Ballarat Rd  Western Hwy	1	1	1	27.651	POINT(144.7490520122 -37.7597905697)	LINESTRING(144.7491871341 -37.7598541168,144.7489168904 -37.7597270227)
885	Ballarat Rd  Western Hwy	1	1	1	28.263	POINT(144.7487430077 -37.7596473157)	LINESTRING(144.7488827807 -37.7597100083,144.7486032347 -37.7595846230)
887	Caroline Springs Blvd	1	1	1	20.653	POINT(144.7396984582 -37.7550733665)	LINESTRING(144.7396911045 -37.7551660313,144.7397058119 -37.7549807015)
888	Ballarat Rd  Western Hwy	1	1	1	29.561	POINT(144.7413690190 -37.7569210211)	LINESTRING(144.7415227661 -37.7569747227,144.7412152719 -37.7568673194)
889	Christies Rd	1	1	1	31.966	POINT(144.7396075622 -37.7565774131)	LINESTRING(144.7395923247 -37.7567206076,144.7396227996 -37.7564342182)
890	Christies Rd	1	1	1	46.090	POINT(144.7396743286 -37.7573891554)	LINESTRING(144.7396967675 -37.7571830980,144.7396840130 -37.7572896624,144.7396519728 -37.7575959539)
891	Christies Rd	1	1	1	27.257	POINT(144.7394653192 -37.7582498053)	LINESTRING(144.7394604740 -37.7583722752,144.7394701644 -37.7581273352)
893	Ballarat Rd  Western Hwy	1	1	1	24.659	POINT(144.7471096575 -37.7587407216)	LINESTRING(144.7469883745 -37.7586851005,144.7472309405 -37.7587963425)
894	Hopkins Rd	1	1	1	212.128	POINT(144.7028380002 -37.7508283817)	LINESTRING(144.7025614761 -37.7499042079,144.7026273072 -37.7500327541,144.7027478771 -37.7503974682,144.7028949877 -37.7508904942,144.7030266875 -37.7513873985,144.7031122593 -37.7517587138)
895	Hopkins Rd	1	1	1	31.911	POINT(144.7024803386 -37.7500198407)	LINESTRING(144.7025523379 -37.7501515274,144.7024083392 -37.7498881538)
897	Hopkins Rd	1	1	1	35.638	POINT(144.7011289643 -37.7412902047)	LINESTRING(144.7011074566 -37.7414495402,144.7011504720 -37.7411308689)
898	Western Hwy	3	1	1	266.369	POINT(144.6658313577 -37.7321282440)	LINESTRING(144.6670541803 -37.7328349936,144.6646085352 -37.7314214875)
899	Melton Hwy	139	1	1	37.791	POINT(144.6046149045 -37.6912138589)	LINESTRING(144.6046398645 -37.6913868932,144.6046419509 -37.6913536138,144.6046428235 -37.6913202045,144.6046423558 -37.6912867465,144.6046404210 -37.6912533207,144.6046368926 -37.6912200085,144.6046316439 -37.6911868910,144.6046245484 -37.6911540492,144.6045842246 -37.6910526667)
900	High St	139	1	1	39.995	POINT(144.6043139412 -37.6904409253)	LINESTRING(144.6041038895 -37.6904038602,144.6041553140 -37.6904220965,144.6042085629 -37.6904369591,144.6042632775 -37.6904487801,144.6043190993 -37.6904578918,144.6043756694 -37.6904646263,144.6044326294 -37.6904693159,144.6044896205 -37.6904722928,144.6045462840 -37.6904738892)
901	Melton Hwy	139	1	1	91.784	POINT(144.6051624048 -37.6900683135)	LINESTRING(144.6052276613 -37.6896628228,144.6051147138 -37.6900840013,144.6051115184 -37.6900958944,144.6051085776 -37.6901078190,144.6051062730 -37.6901198223,144.6051023458 -37.6901475958,144.6050994339 -37.6901754712,144.6050980287 -37.6902033893,144.6050986213 -37.6902312909,144.6051054279 -37.6902876301,144.6051168659 -37.6903435947,144.6051301566 -37.6903994094,144.6051446641 -37.6904756505)
907	Melton Hwy	1	1	1	136.286	POINT(144.7016345506 -37.7394790705)	LINESTRING(144.7017240747 -37.7388703720,144.7015450266 -37.7400877641)
908	Melton Hwy	1	1	1	81.709	POINT(144.7014865869 -37.7404648531)	LINESTRING(144.7015425218 -37.7401001319,144.7014306521 -37.7408295725)
910	Melton Hwy	1	1	1	222.739	POINT(144.7013007419 -37.7398615521)	LINESTRING(144.7011423032 -37.7408552046,144.7014591806 -37.7388678863)
911		1	1	1	150.399	POINT(144.7016349931 -37.7571133063)	LINESTRING(144.7007943839 -37.7569972936,144.7018753628 -37.7571683650,144.7024783964 -37.7572289578)
912		1	1	1	157.476	POINT(144.7016412855 -37.7572373460)	LINESTRING(144.7025226720 -37.7573654908,144.7019587794 -37.7573020591,144.7007622560 -37.7571088784)
913	Hopkins Rd	1	1	1	12.697	POINT(144.7028598104 -37.7577665228)	LINESTRING(144.7028499909 -37.7578230681,144.7028696299 -37.7577099776)
914	Hopkins Rd	1	1	1	15.841	POINT(144.7028234085 -37.7575757251)	LINESTRING(144.7028401760 -37.7576458501,144.7028296026 -37.7575991184,144.7028184176 -37.7575524746,144.7028065601 -37.7575059366)
915	Hopkins Rd	1	1	1	470.918	POINT(144.7031324244 -37.7538316453)	LINESTRING(144.7032366925 -37.7559391407,144.7032970806 -37.7553533584,144.7033188718 -37.7547652212,144.7033054657 -37.7541759634,144.7032603064 -37.7535863725,144.7031868368 -37.7529972340,144.7030884978 -37.7524093327,144.7029687288 -37.7518234526,144.7029456333 -37.7517257010)
916	Hopkins Rd	1	1	1	19.787	POINT(144.7027963078 -37.7571616739)	LINESTRING(144.7026859995 -37.7571791632,144.7029066161 -37.7571441846)
917	Hopkins Rd	1	1	1	15.248	POINT(144.7033102182 -37.7560669452)	LINESTRING(144.7033205240 -37.7559988870,144.7032999125 -37.7561350033)
919	Hopkins Rd	1	1	1	42.400	POINT(144.7032404595 -37.7563541135)	LINESTRING(144.7032724017 -37.7561651884,144.7032085173 -37.7565430381)
920	Hopkins Rd	1	1	1	26.327	POINT(144.7027175577 -37.7572475010)	LINESTRING(144.7025684672 -37.7572376972,144.7026641050 -37.7572440982,144.7027597428 -37.7572504993,144.7028668216 -37.7572572936)
921		1	1	1	17.703	POINT(144.7029108872 -37.7576026315)	LINESTRING(144.7028950654 -37.7576812213,144.7029267090 -37.7575240416)
922		1	1	1	127.182	POINT(144.7027076206 -37.7590854717)	LINESTRING(144.7026296921 -37.7596533106,144.7027332138 -37.7590252433,144.7027854476 -37.7585168693)
923		1	1	1	17.955	POINT(144.7027802620 -37.7583939117)	LINESTRING(144.7027698345 -37.7584742008,144.7027906895 -37.7583136224)
924		1	1	1	129.276	POINT(144.7028020780 -37.7590814752)	LINESTRING(144.7028818088 -37.7585037752,144.7027223472 -37.7596591707)
925	Melton Hwy	1	1	1	18.461	POINT(144.6056230295 -37.6878066668)	LINESTRING(144.6055982925 -37.6878873934,144.6056477665 -37.6877259401)
926		1	1	2	8.331	POINT(144.6054699875 -37.6875959586)	LINESTRING(144.6055103536 -37.6876155745,144.6054296213 -37.6875763428)
927		1	1	1	21.675	POINT(144.6061517350 -37.6877357844)	LINESTRING(144.6062735291 -37.6877208757,144.6060299410 -37.6877506930)
928	Melton Hwy	1	1	1	22.445	POINT(144.6045475499 -37.6925704105)	LINESTRING(144.6045642421 -37.6924702930,144.6045308576 -37.6926705279)
929		1	1	1	22.613	POINT(144.6060883987 -37.6873341481)	LINESTRING(144.6060843815 -37.6872324449,144.6060864545 -37.6872731076,144.6060877999 -37.6873137941,144.6060889123 -37.6873544880,144.6060902864 -37.6873951732,144.6060924168 -37.6874358335)
930		1	1	1	19.612	POINT(144.7015921277 -37.7411817619)	LINESTRING(144.7017001247 -37.7411597974,144.7014841306 -37.7412037264)
931	Taylors Rd	1	1	1	132.468	POINT(144.6579338576 -37.7168242871)	LINESTRING(144.6572059842 -37.7166691544,144.6578258450 -37.7167934319,144.6586601788 -37.7169797483)
932	Leakes Rd	1	1	1	21.711	POINT(144.6549767369 -37.7166609735)	LINESTRING(144.6549612356 -37.7167578516,144.6549922382 -37.7165640952)
933		1	1	1	6.987	POINT(144.7485813975 -37.7595180096)	LINESTRING(144.7486154335 -37.7595342085,144.7485473616 -37.7595018107)
934		1	1	1	11.521	POINT(144.7484087626 -37.7594343723)	LINESTRING(144.7484656925 -37.7594599933,144.7483518327 -37.7594087512)
935		1	1	1	153.162	POINT(144.6040560321 -37.6951600479)	LINESTRING(144.6041678821 -37.6944766575,144.6039441822 -37.6958434320)
936	Western Hwy	3	1	1	76.772	POINT(144.6417255419 -37.7173838870)	LINESTRING(144.6420433754 -37.7176205776,144.6414077085 -37.7171471958)
938	Leakes Rd	1	1	1	42.158	POINT(144.6548988217 -37.7170333552)	LINESTRING(144.6548723494 -37.7172218112,144.6549252940 -37.7168448987)
940		1	1	1	11.165	POINT(144.6505442757 -37.7252602907)	LINESTRING(144.6505201287 -37.7253067284,144.6505684227 -37.7252138530)
941	Leakes Rd	1	1	1	18.141	POINT(144.6504223360 -37.7254466118)	LINESTRING(144.6503781726 -37.7255203393,144.6504664994 -37.7253728842)
942	Western Hwy	3	1	1	104.339	POINT(144.6216920279 -37.7030429283)	LINESTRING(144.6221329235 -37.7033569903,144.6212511324 -37.7027288650)
943	Western Hwy	3	1	1	854.971	POINT(144.6642459690 -37.7307166506)	LINESTRING(144.6603398108 -37.7284279181,144.6681521272 -37.7330053124)
944	Western Hwy	3	1	1	63.068	POINT(144.6706727172 -37.7344704576)	LINESTRING(144.6703714310 -37.7343166545,144.6709740034 -37.7346242605)
946		3	1	1	31.850	POINT(144.7000340339 -37.7425603610)	LINESTRING(144.6998532473 -37.7425565816,144.6998676157 -37.7425569526,144.6999062517 -37.7425579213,144.6999448848 -37.7425588733,144.6999835182 -37.7425598212,144.7000221530 -37.7425607277,144.7000607906 -37.7425615556,144.7000994191 -37.7425622737,144.7001380500 -37.7425629090,144.7001766819 -37.7425635112,144.7002153134 -37.7425641300)
948	Hopkins Rd	1	1	1	74.429	POINT(144.7031509395 -37.7568835852)	LINESTRING(144.7032070106 -37.7565519496,144.7030948685 -37.7572152194)
949	Western Fwy	2	2	1	33.834	POINT(144.7279153935 -37.7519916091)	LINESTRING(144.7277385955 -37.7519316477,144.7280921915 -37.7520515704)
950	Caroline Springs Blvd	1	1	1	25.907	POINT(144.7399660601 -37.7536710294)	LINESTRING(144.7399752990 -37.7535547941,144.7399568212 -37.7537872646)
952	Western Hwy	2	2	1	65.710	POINT(144.7277867186 -37.7523238556)	LINESTRING(144.7281258961 -37.7524480938,144.7278964804 -37.7523661187,144.7274480859 -37.7521994185)
953	Western Fwy	3	1	1	114.432	POINT(144.7161624324 -37.7494416955)	LINESTRING(144.7168037471 -37.7495521447,144.7155333281 -37.7493293152)
954	Western Fwy	3	1	1	562.655	POINT(144.7199182332 -37.7501441169)	LINESTRING(144.7230276449 -37.7507355926,144.7220340961 -37.7505273014,144.7206427983 -37.7502754107,144.7168068637 -37.7495530260)
955	Western Fwy	2	2	1	37.363	POINT(144.6847208816 -37.7395935727)	LINESTRING(144.6849232354 -37.7396447274,144.6845185278 -37.7395424179)
956	Ferris Rd  Melton Hwy	1	1	1	24.821	POINT(144.6041238603 -37.6940017596)	LINESTRING(144.6041085245 -37.6941127739,144.6041391962 -37.6938907451)
957	Ferris Rd	1	1	1	31.902	POINT(144.6033634510 -37.6980183902)	LINESTRING(144.6033563050 -37.6981636188,144.6034063503 -37.6978793113)
961	Christies Rd	1	1	1	19.781	POINT(144.7395401067 -37.7591279381)	LINESTRING(144.7395467478 -37.7590391718,144.7395334657 -37.7592167043)
1017		1	1	1	15.783	POINT(144.7400214491 -37.7524417136)	LINESTRING(144.7399331810 -37.7524430399,144.7399614626 -37.7524363093,144.7399916073 -37.7524324817,144.7400223443 -37.7524319309,144.7400524023 -37.7524350305,144.7400805104 -37.7524421542,144.7401053976 -37.7524536757)
1018		1	1	1	22.162	POINT(144.7401792228 -37.7525623192)	LINESTRING(144.7401522015 -37.7524702840,144.7401670086 -37.7524855196,144.7401791739 -37.7525021529,144.7401884892 -37.7525198994,144.7401947952 -37.7525384555,144.7401979839 -37.7525575035,144.7401980007 -37.7525767177,144.7401948455 -37.7525957693,144.7401885721 -37.7526143322,144.7401792880 -37.7526320889,144.7401671519 -37.7526487355,144.7401616732 -37.7526543889)
1019		1	1	1	9.767	POINT(144.7400432181 -37.7526957863)	LINESTRING(144.7400947909 -37.7526883435,144.7400735506 -37.7526953134,144.7400526009 -37.7526997641,144.7400310958 -37.7527020146,144.7400094031 -37.7527020265,144.7399866008 -37.7526996657)
1020		1	1	1	10.618	POINT(144.7398464095 -37.7526276079)	LINESTRING(144.7398730155 -37.7526641406,144.7398694470 -37.7526603459,144.7398659993 -37.7526564653,144.7398626749 -37.7526525032,144.7398594758 -37.7526484639,144.7398564046 -37.7526443519,144.7398534634 -37.7526401715,144.7398506546 -37.7526359271,144.7398479805 -37.7526316231,144.7398454434 -37.7526272638,144.7398430455 -37.7526228538,144.7398407892 -37.7526183973,144.7398386768 -37.7526138987,144.7398367105 -37.7526093624,144.7398348928 -37.7526047928,144.7398332258 -37.7526001943,144.7398317119 -37.7525955712,144.7398303534 -37.7525909280,144.7398291525 -37.7525862690,144.7398281117 -37.7525815986,144.7398272331 -37.7525769212)
1026		139	1	1	31.303	POINT(144.6049523308 -37.6904881815)	LINESTRING(144.6047727184 -37.6904637060,144.6047946093 -37.6904622544,144.6048166842 -37.6904614533,144.6048388913 -37.6904613035,144.6048611788 -37.6904618058,144.6048834948 -37.6904629610,144.6049057876 -37.6904647698,144.6049280053 -37.6904672331,144.6049500961 -37.6904703517,144.6049720082 -37.6904741263,144.6049936898 -37.6904785577,144.6050150890 -37.6904836467,144.6050361541 -37.6904893941,144.6050568332 -37.6904958007,144.6050770745 -37.6905028672,144.6050968262 -37.6905105945,144.6051160365 -37.6905189834)
1027		139	1	1	22.776	POINT(144.6052224490 -37.6908774762)	LINESTRING(144.6052625316 -37.6907751813,144.6052579849 -37.6908160152,144.6052467418 -37.6908560301,144.6052289944 -37.6908945414,144.6052050466 -37.6909308901,144.6051753080 -37.6909644543)
1028		139	1	1	22.776	POINT(144.6047768745 -37.6910605219)	LINESTRING(144.6049094811 -37.6910796899,144.6048577270 -37.6910814527,144.6048061248 -37.6910778549,144.6047555576 -37.6910689579,144.6047068906 -37.6910549141,144.6046609563 -37.6910359638)
1029		139	1	1	9.096	POINT(144.6044761435 -37.6908028099)	LINESTRING(144.6044818801 -37.6908424504,144.6044746039 -37.6908019313,144.6044706885 -37.6907611226)
1031		1	1	1	15.384	POINT(144.7016114129 -37.7478025376)	LINESTRING(144.7015613990 -37.7477478839,144.7015706203 -37.7477567839,144.7015796659 -37.7477658206,144.7015885166 -37.7477749937,144.7015971534 -37.7477843027,144.7016055573 -37.7477937474,144.7016137093 -37.7478033273,144.7016215905 -37.7478130421,144.7016291817 -37.7478228913,144.7016364640 -37.7478328748,144.7016434184 -37.7478429920,144.7016500258 -37.7478532427,144.7016562673 -37.7478636264)
1032		1	1	1	28.107	POINT(144.7012001613 -37.7477040869)	LINESTRING(144.7010650931 -37.7477548040,144.7010813484 -37.7477458661,144.7010979210 -37.7477370269,144.7011147974 -37.7477283493,144.7011319645 -37.7477198965,144.7011494089 -37.7477117316,144.7011671175 -37.7477039176,144.7011850770 -37.7476965176,144.7012032740 -37.7476895948,144.7012216954 -37.7476832121,144.7012403279 -37.7476774327,144.7012591582 -37.7476723196,144.7012781731 -37.7476679360,144.7012973593 -37.7476643448,144.7013167036 -37.7476616093,144.7013361926 -37.7476597924,144.7013558131 -37.7476589572)
1033		1	1	1	9.786	POINT(144.7016633551 -37.7479186957)	LINESTRING(144.7016593802 -37.7478757569,144.7016607694 -37.7478867000,144.7016620399 -37.7478976534,144.7016631916 -37.7479086159,144.7016642243 -37.7479195861,144.7016651379 -37.7479305630,144.7016659323 -37.7479415452,144.7016666073 -37.7479525316,144.7016671627 -37.7479635210)
1034		1	1	1	25.103	POINT(144.7014753345 -37.7481666761)	LINESTRING(144.7015935131 -37.7481194946,144.7015795594 -37.7481280345,144.7015652119 -37.7481363657,144.7015504932 -37.7481444455,144.7015354255 -37.7481522319,144.7015200312 -37.7481596822,144.7015043328 -37.7481667543,144.7014883526 -37.7481734057,144.7014721130 -37.7481795941,144.7014556364 -37.7481852771,144.7014389452 -37.7481904124,144.7014220618 -37.7481949575,144.7014050086 -37.7481988702,144.7013878079 -37.7482021080,144.7013704821 -37.7482046286,144.7013530537 -37.7482063897,144.7013355449 -37.7482073488)
1036		1	1	1	37.594	POINT(144.7403158729 -37.7558175881)	LINESTRING(144.7404328022 -37.7559590607,144.7401989437 -37.7556761154)
1038	Western Fwy  Deer Park Byp	80	2	1	200.642	POINT(144.7284512546 -37.7524236106)	LINESTRING(144.7295091331 -37.7527575096,144.7290906278 -37.7526038036,144.7286879242 -37.7524773870,144.7281800341 -37.7523273485,144.7277895570 -37.7522152965,144.7273901170 -37.7520908154)
1039	Western Fwy	80	2	1	164.811	POINT(144.7239177579 -37.7510026802)	LINESTRING(144.7247880654 -37.7512693257,144.7246648731 -37.7512279225,144.7245415214 -37.7511868250,144.7244179904 -37.7511460826,144.7242942603 -37.7511057446,144.7241703113 -37.7510658604,144.7240461235 -37.7510264792,144.7239216771 -37.7509876505,144.7237969522 -37.7509494235,144.7236719290 -37.7509118476,144.7235465877 -37.7508749721,144.7234209084 -37.7508388465,144.7232948712 -37.7508035199,144.7231684564 -37.7507690417,144.7230391671 -37.7507383991)
1081		1	1	1	156.719	POINT(144.5663940606 -37.6934471515)	LINESTRING(144.5662527612 -37.6941433418,144.5665353600 -37.6927509547)
1088		1	1	1	64.003	POINT(144.5672941242 -37.6890717824)	LINESTRING(144.5672493643 -37.6893575749,144.5673388840 -37.6887859888)
1089		1	1	1	10.215	POINT(144.5674137093 -37.6882468165)	LINESTRING(144.5674024595 -37.6882919103,144.5674249591 -37.6882017226)
1090		1	1	1	280.540	POINT(144.5649679414 -37.6890786398)	LINESTRING(144.5634664606 -37.6894709778,144.5635808994 -37.6894691659,144.5638303252 -37.6894512251,144.5639142397 -37.6894482255,144.5639981291 -37.6894433498,144.5640819659 -37.6894366603,144.5641657225 -37.6894282196,144.5642493714 -37.6894180901,144.5643328851 -37.6894063342,144.5644162361 -37.6893930143,144.5644993967 -37.6893781930,144.5645823395 -37.6893619325,144.5646650369 -37.6893442953,144.5647474614 -37.6893253439,144.5648295854 -37.6893051407,144.5649113814 -37.6892837482,144.5649928220 -37.6892612287,144.5650738795 -37.6892376447,144.5651545263 -37.6892130587,144.5652347351 -37.6891875330,144.5653144782 -37.6891611301,144.5653937281 -37.6891339124,144.5654724572 -37.6891059423,144.5655506381 -37.6890772824,144.5656282432 -37.6890479950,144.5658133807 -37.6889725960,144.5660275374 -37.6888802976,144.5662324407 -37.6887886409,144.5664491313 -37.6886815224)
1091		1	1	1	115.457	POINT(144.5626534103 -37.6894278994)	LINESTRING(144.5619973777 -37.6894087657,144.5633094429 -37.6894470331)
1092	Western Fwy	2	2	1	58.040	POINT(144.5613677705 -37.6893975057)	LINESTRING(144.5610404645 -37.6893641422,144.5616950766 -37.6894308691)
1093	Western Fwy	3	1	1	896.032	POINT(144.5670058162 -37.6900591624)	LINESTRING(144.5619646751 -37.6894748665,144.5627273731 -37.6895548184,144.5634897704 -37.6896365681,144.5642518341 -37.6897202380,144.5650135310 -37.6898059509,144.5664438974 -37.6899721013,144.5678734139 -37.6901428179,144.5693025300 -37.6903156767,144.5707316954 -37.6904882536,144.5716743142 -37.6906001394,144.5720463829 -37.6906435172)
1095		1	1	1	60.703	POINT(144.5667445772 -37.6885069271)	LINESTRING(144.5664581260 -37.6886592567,144.5669340344 -37.6884060411,144.5670311666 -37.6883546706)
1098		1	1	1	231.639	POINT(144.5673279268 -37.6895860464)	LINESTRING(144.5675126529 -37.6885540902,144.5671432007 -37.6906179881)
1099		1	1	1	293.086	POINT(144.5678019819 -37.6860987312)	LINESTRING(144.5675578126 -37.6874035716,144.5676139156 -37.6870560687,144.5677912447 -37.6861391958,144.5680462712 -37.6847945514)
1100		1	1	1	21.899	POINT(144.5674564132 -37.6880527927)	LINESTRING(144.5674399408 -37.6881504612,144.5674728857 -37.6879551240)
1101		1	1	1	27.140	POINT(144.5675194649 -37.6877743031)	LINESTRING(144.5675021248 -37.6878956482,144.5675368051 -37.6876529579)
1102		1	1	1	24.643	POINT(144.5673835812 -37.6877928472)	LINESTRING(144.5673968112 -37.6879032349,144.5673703513 -37.6876824594)
1103		1	1	1	63.394	POINT(144.5668982034 -37.6874851715)	LINESTRING(144.5672537041 -37.6875335818,144.5669342678 -37.6874921631,144.5665432923 -37.6874366810)
1104		1	1	1	160.961	POINT(144.5655908226 -37.6876534343)	LINESTRING(144.5664404825 -37.6874393101,144.5664142830 -37.6874386461,144.5663880589 -37.6874376454,144.5663618838 -37.6874373181,144.5663358314 -37.6874386747,144.5663086661 -37.6874420003,144.5662817630 -37.6874466975,144.5662553375 -37.6874528207,144.5662296051 -37.6874604244,144.5661242987 -37.6875016206,144.5660237570 -37.6875502897,144.5659249809 -37.6876017602,144.5658249717 -37.6876513608,144.5657571930 -37.6876840393,144.5656897144 -37.6877172295,144.5656211704 -37.6877487620,144.5655501952 -37.6877764673,144.5654653361 -37.6878041160,144.5653786530 -37.6878283900,144.5652903185 -37.6878481267,144.5652005051 -37.6878621634,144.5650893378 -37.6878695512,144.5649773890 -37.6878686350,144.5648651274 -37.6878643971,144.5647414621 -37.6878597871)
1105		1	1	1	202.266	POINT(144.5696177161 -37.6878068920)	LINESTRING(144.5707550771 -37.6879418003,144.5684803551 -37.6876719835)
1106		1	1	1	54.193	POINT(144.5681265565 -37.6876163003)	LINESTRING(144.5684318687 -37.6876492566,144.5678212444 -37.6875833441)
1107		1	1	1	260.527	POINT(144.5693022175 -37.6876974322)	LINESTRING(144.5678383403 -37.6875168021,144.5688811473 -37.6876380528,144.5707655545 -37.6878781278)
1108		1	1	1	202.130	POINT(144.5680599293 -37.6857120276)	LINESTRING(144.5682213396 -37.6848115111,144.5678985191 -37.6866125331)
1109		1	1	1	43.932	POINT(144.5678148355 -37.6868494073)	LINESTRING(144.5678536843 -37.6866541326,144.5677759867 -37.6870446815)
1110		1	1	1	130.614	POINT(144.5654356423 -37.6876293666)	LINESTRING(144.5647450362 -37.6877993990,144.5647565742 -37.6877998326,144.5647681125 -37.6878002598,144.5647796500 -37.6878006998,144.5647911854 -37.6878011721,144.5648036788 -37.6878017292,144.5648161698 -37.6878023188,144.5648286595 -37.6878029271,144.5648411488 -37.6878035399,144.5648536405 -37.6878041656,144.5648661310 -37.6878048074,144.5648786218 -37.6878054446,144.5648911146 -37.6878060564,144.5649036022 -37.6878066493,144.5649160907 -37.6878072308,144.5649285815 -37.6878077798,144.5649410756 -37.6878082755,144.5649535591 -37.6878087244,144.5649660450 -37.6878091340,144.5649785335 -37.6878094832,144.5649910249 -37.6878097512,144.5650035061 -37.6878099447,144.5650159892 -37.6878100709,144.5650284727 -37.6878101088,144.5650409554 -37.6878100375,144.5650534369 -37.6878098494,144.5650659158 -37.6878095562,144.5650783906 -37.6878091664,144.5650908600 -37.6878086884,144.5650993727 -37.6878082954,144.5651078803 -37.6878078354,144.5651163834 -37.6878073230,144.5651248825 -37.6878067730,144.5651333862 -37.6878061875,144.5651418853 -37.6878055598,144.5651503790 -37.6878048889,144.5651588669 -37.6878041740,144.5651673530 -37.6878034151,144.5651758330 -37.6878026129,144.5651843060 -37.6878017663,144.5651927715 -37.6878008747,144.5652012298 -37.6877999381,144.5652096803 -37.6877989572,144.5652181221 -37.6877979308,144.5652265545 -37.6877968581,144.5652349748 -37.6877957397,144.5652433855 -37.6877945758,144.5652517856 -37.6877933653,144.5652601744 -37.6877921073,144.5652685465 -37.6877908029,144.5652769069 -37.6877894519,144.5652852549 -37.6877880531,144.5652935893 -37.6877866055,144.5653019031 -37.6877851113,144.5653102032 -37.6877835694,144.5653184885 -37.6877819782,144.5653267575 -37.6877803358,144.5653357921 -37.6877784814,144.5653448085 -37.6877765717,144.5653538061 -37.6877746073,144.5653627843 -37.6877725888,144.5653717488 -37.6877705137,144.5653806929 -37.6877683837,144.5653896169 -37.6877662013,144.5653985210 -37.6877639691,144.5654074102 -37.6877616848,144.5654162783 -37.6877593493,144.5654251257 -37.6877569650,144.5654339527 -37.6877545343,144.5654427625 -37.6877520555,144.5654515508 -37.6877495289,144.5654603181 -37.6877469569,144.5654690648 -37.6877443420,144.5654777911 -37.6877416832,144.5654864957 -37.6877389800,144.5654951794 -37.6877362348,144.5655038426 -37.6877334499,144.5655124813 -37.6877306257,144.5655210985 -37.6877277604,144.5655296950 -37.6877248563,144.5655382714 -37.6877219155,144.5655468217 -37.6877189459,144.5655553530 -37.6877159421,144.5655638598 -37.6877128953,144.5655723364 -37.6877097965,144.5655799836 -37.6877069450,144.5655876054 -37.6877040509,144.5655951985 -37.6877011100,144.5656027596 -37.6876981184,144.5656102860 -37.6876950717,144.5656177790 -37.6876919734,144.5656252428 -37.6876888312,144.5656326818 -37.6876856526,144.5656400989 -37.6876824332,144.5656474874 -37.6876791727,144.5656548520 -37.6876758783,144.5656621976 -37.6876725576,144.5656695276 -37.6876692057,144.5656768349 -37.6876658226,144.5656841245 -37.6876624156,144.5656914014 -37.6876589918,144.5656986672 -37.6876555474,144.5657059166 -37.6876520815,144.5657131551 -37.6876486012,144.5657203879 -37.6876451136,144.5657276124 -37.6876416166,144.5657348276 -37.6876381076,144.5657420389 -37.6876345935,144.5657492516 -37.6876310814,144.5657564658 -37.6876275812,144.5657636828 -37.6876240846,144.5657708931 -37.6876205795,144.5657780871 -37.6876170536,144.5657852223 -37.6876135323,144.5657923471 -37.6876099979,144.5657994533 -37.6876064402,144.5658065327 -37.6876028492,144.5658135813 -37.6875992178,144.5658206027 -37.6875955534,144.5658276049 -37.6875918658,144.5658345956 -37.6875881647,144.5658415744 -37.6875844460,144.5658485362 -37.6875807073,144.5658554893 -37.6875769585,144.5658624418 -37.6875732090,144.5658693769 -37.6875694381,144.5658762962 -37.6875656486,144.5658832371 -37.6875618848,144.5658902370 -37.6875581907,144.5659007059 -37.6875528737,144.5659112577 -37.6875476592,144.5659218436 -37.6875424869,144.5659324150 -37.6875372967,144.5659784660 -37.6875145205,144.5660245261 -37.6874917558,144.5660705898 -37.6874689956,144.5661166516 -37.6874462331)
1111		1	1	1	73.831	POINT(144.5665728150 -37.6873987454)	LINESTRING(144.5661685820 -37.6874303504,144.5661990779 -37.6874164487,144.5662210759 -37.6874099811,144.5662430420 -37.6874034149,144.5662650718 -37.6873970460,144.5662872607 -37.6873911701,144.5663097042 -37.6873860831,144.5663324977 -37.6873820808,144.5663665798 -37.6873777645,144.5664009023 -37.6873746543,144.5664353996 -37.6873726289,144.5664700056 -37.6873715670,144.5665046545 -37.6873713471,144.5665392806 -37.6873718478,144.5665738179 -37.6873729479,144.5666115367 -37.6873751927,144.5666490969 -37.6873787193,144.5666865396 -37.6873831896,144.5667239058 -37.6873882652,144.5667612367 -37.6873936078,144.5667985734 -37.6873988793,144.5668359570 -37.6874037412,144.5669905282 -37.6874236269)
1112		1	1	1	10.319	POINT(144.5676586184 -37.6877475084)	LINESTRING(144.5676676374 -37.6877016306,144.5676495994 -37.6877933863)
1113		1	1	1	28.870	POINT(144.5675852356 -37.6881846772)	LINESTRING(144.5676071962 -37.6880559425,144.5675632750 -37.6883134117)
1114		1	1	1	26.289	POINT(144.5676476722 -37.6879296025)	LINESTRING(144.5676657545 -37.6878121805,144.5676295900 -37.6880470243)
1115		1	1	1	24.205	POINT(144.5678627947 -37.6884398068)	LINESTRING(144.5678024830 -37.6883418410,144.5678321080 -37.6883909998,144.5678623229 -37.6884399476,144.5678928023 -37.6884887782,144.5679232211 -37.6885375855)
1116		1	1	1	301.364	POINT(144.5692134898 -37.6894401578)	LINESTRING(144.5679363446 -37.6885861036,144.5679415795 -37.6885926347,144.5679468298 -37.6885991644,144.5679520955 -37.6886056926,144.5679573766 -37.6886122194,144.5679626731 -37.6886187446,144.5679679848 -37.6886252682,144.5679733119 -37.6886317900,144.5679786543 -37.6886383101,144.5679840120 -37.6886448283,144.5679893849 -37.6886513446,144.5679947731 -37.6886578590,144.5680001765 -37.6886643712,144.5680055951 -37.6886708814,144.5680110289 -37.6886773893,144.5680164779 -37.6886838950,144.5680219421 -37.6886903983,144.5680274214 -37.6886968992,144.5680329158 -37.6887033977,144.5680384253 -37.6887098936,144.5680439498 -37.6887163869,144.5680494895 -37.6887228775,144.5680550442 -37.6887293653,144.5680606139 -37.6887358504,144.5680661986 -37.6887423325,144.5680717983 -37.6887488117,144.5680774130 -37.6887552878,144.5680830427 -37.6887617608,144.5680886873 -37.6887682306,144.5680943468 -37.6887746972,144.5681000212 -37.6887811605,144.5681057104 -37.6887876204,144.5681114146 -37.6887940768,144.5681171336 -37.6888005298,144.5681228674 -37.6888069791,144.5681286160 -37.6888134247,144.5681343794 -37.6888198667,144.5681401576 -37.6888263048,144.5681459506 -37.6888327390,144.5681517582 -37.6888391693,144.5681575806 -37.6888455956,144.5681634177 -37.6888520178,144.5681692695 -37.6888584358,144.5681751359 -37.6888648497,144.5681810170 -37.6888712592,144.5681869127 -37.6888776643,144.5681928230 -37.6888840651,144.5681987479 -37.6888904613,144.5682046873 -37.6888968529,144.5682106414 -37.6889032400,144.5682166099 -37.6889096222,144.5682225930 -37.6889159998,144.5682285905 -37.6889223724,144.5682346026 -37.6889287402,144.5682406291 -37.6889351029,144.5682466700 -37.6889414606,144.5682527254 -37.6889478131,144.5682587952 -37.6889541605,144.5682648794 -37.6889605025,144.5682709779 -37.6889668393,144.5682770908 -37.6889731706,144.5682832180 -37.6889794964,144.5682893595 -37.6889858167,144.5682955154 -37.6889921314,144.5683016855 -37.6889984403,144.5683078699 -37.6890047436,144.5683140685 -37.6890110409,144.5683202813 -37.6890173324,144.5683265083 -37.6890236179,144.5683327496 -37.6890298974,144.5683390050 -37.6890361707,144.5683452745 -37.6890424379,144.5683515582 -37.6890486988,144.5683578560 -37.6890549534,144.5683641679 -37.6890612016,144.5683704938 -37.6890674434,144.5683768339 -37.6890736786,144.5683831879 -37.6890799072,144.5683895560 -37.6890861292,144.5683959381 -37.6890923444,144.5684023342 -37.6890985528,144.5684087442 -37.6891047543,144.5684151682 -37.6891109489,144.5684216061 -37.6891171364,144.5684280580 -37.6891233169,144.5684345237 -37.6891294902,144.5684410033 -37.6891356563,144.5684474968 -37.6891418150,144.5684540041 -37.6891479664,144.5684605252 -37.6891541104,144.5684670601 -37.6891602469,144.5684736088 -37.6891663757,144.5684801713 -37.6891724970,144.5684867476 -37.6891786105,144.5684933375 -37.6891847162,144.5684999412 -37.6891908141,144.5685065585 -37.6891969040,144.5685131896 -37.6892029859,144.5685198343 -37.6892090598,144.5685264926 -37.6892151256,144.5685331646 -37.6892211831,144.5685398501 -37.6892272323,144.5685465493 -37.6892332732,144.5685532620 -37.6892393057,144.5685599882 -37.6892453297,144.5685667280 -37.6892513452,144.5685734813 -37.6892573520,144.5685802481 -37.6892633501,144.5685870283 -37.6892693394,144.5685938221 -37.6892753199,144.5686006292 -37.6892812915,144.5686074498 -37.6892872542,144.5686142838 -37.6892932078,144.5686211311 -37.6892991522,144.5686279918 -37.6893050875,144.5686348659 -37.6893110135,144.5686417533 -37.6893169302,144.5686486540 -37.6893228375,144.5686555680 -37.6893287354,144.5686624953 -37.6893346237,144.5686694358 -37.6893405024,144.5686763895 -37.6893463714,144.5686833565 -37.6893522307,144.5686903367 -37.6893580801,144.5686973301 -37.6893639197,144.5687043366 -37.6893697493,144.5687113562 -37.6893755689,144.5687183890 -37.6893813784,144.5687254349 -37.6893871778,144.5687324939 -37.6893929669,144.5687395660 -37.6893987457,144.5687466511 -37.6894045141,144.5687537493 -37.6894102721,144.5687608605 -37.6894160196,144.5687679846 -37.6894217565,144.5687751218 -37.6894274827,144.5687822719 -37.6894331982,144.5687894349 -37.6894389029,144.5687966109 -37.6894445968,144.5688037998 -37.6894502797,144.5688110016 -37.6894559516,144.5688182163 -37.6894616124,144.5688254438 -37.6894672621,144.5688326841 -37.6894729006,144.5688399373 -37.6894785278,144.5688472032 -37.6894841437,144.5688544820 -37.6894897481,144.5688617735 -37.6894953410,144.5688690777 -37.6895009224,144.5688763947 -37.6895064922,144.5688837243 -37.6895120502,144.5688910667 -37.6895175965,144.5688984217 -37.6895231309,144.5689057894 -37.6895286534,144.5689131697 -37.6895341639,144.5689205626 -37.6895396624,144.5689279682 -37.6895451488,144.5689353863 -37.6895506230,144.5689428169 -37.6895560849,144.5689502601 -37.6895615344,144.5689577159 -37.6895669716,144.5689651841 -37.6895723963,144.5689726648 -37.6895778085,144.5689801580 -37.6895832080,144.5689876637 -37.6895885949,144.5689951817 -37.6895939690,144.5690027122 -37.6895993304,144.5690102551 -37.6896046788,144.5690178104 -37.6896100142,144.5690253780 -37.6896153366,144.5690329580 -37.6896206460,144.5690405503 -37.6896259421,144.5690481549 -37.6896312250,144.5690557717 -37.6896364947,144.5690634009 -37.6896417509,144.5690710423 -37.6896469937,144.5690786959 -37.6896522229,144.5690863617 -37.6896574386,144.5690940398 -37.6896626406,144.5691017300 -37.6896678289,144.5691094324 -37.6896730034,144.5691171469 -37.6896781640,144.5691248735 -37.6896833107,144.5691326122 -37.6896884433,144.5691403631 -37.6896935619,144.5691481260 -37.6896986664,144.5691559009 -37.6897037566,144.5691636879 -37.6897088325,144.5691714868 -37.6897138941,144.5691792978 -37.6897189413,144.5691871208 -37.6897239739,144.5691949557 -37.6897289920,144.5692028025 -37.6897339955,144.5692106613 -37.6897389842,144.5692185320 -37.6897439582,144.5692264145 -37.6897489173,144.5692343089 -37.6897538615,144.5692422152 -37.6897587907,144.5692501333 -37.6897637049,144.5692580632 -37.6897686039,144.5692660049 -37.6897734878,144.5692739584 -37.6897783564,144.5692819236 -37.6897832096,144.5692899006 -37.6897880474,144.5692978893 -37.6897928698,144.5693058897 -37.6897976766,144.5693139017 -37.6898024678,144.5693219255 -37.6898072433,144.5693299609 -37.6898120031,144.5693380079 -37.6898167470,144.5693460665 -37.6898214750,144.5693541367 -37.6898261871,144.5693622185 -37.6898308831,144.5693703119 -37.6898355630,144.5693784167 -37.6898402268,144.5693865331 -37.6898448743,144.5693946610 -37.6898495055,144.5694028004 -37.6898541203,144.5694109513 -37.6898587187,144.5694191136 -37.6898633005,144.5694272873 -37.6898678658,144.5694354724 -37.6898724143,144.5694436689 -37.6898769462,144.5694518768 -37.6898814612,144.5694600961 -37.6898859594,144.5694683267 -37.6898904406,144.5694765686 -37.6898949048,144.5694848218 -37.6898993519,144.5694930862 -37.6899037819,144.5695013620 -37.6899081947,144.5695096490 -37.6899125901,144.5695179472 -37.6899169682,144.5695262566 -37.6899213289,144.5695345772 -37.6899256720,144.5695429090 -37.6899299976,144.5695512520 -37.6899343056,144.5695596060 -37.6899385958,144.5695679712 -37.6899428682,144.5695763475 -37.6899471228,144.5695847349 -37.6899513595,144.5695931333 -37.6899555782,144.5696015428 -37.6899597788,144.5696099633 -37.6899639613,144.5696183948 -37.6899681256,144.5696268373 -37.6899722716,144.5696352908 -37.6899763993,144.5696437552 -37.6899805086,144.5696522305 -37.6899845994,144.5696607168 -37.6899886716,144.5696692140 -37.6899927252,144.5696777220 -37.6899967601,144.5696862409 -37.6900007763,144.5696947707 -37.6900047736,144.5697033113 -37.6900087521,144.5697118626 -37.6900127115,144.5697204248 -37.6900166520,144.5697289977 -37.6900205733,144.5697375814 -37.6900244754,144.5697461758 -37.6900283583,144.5697547810 -37.6900322219,144.5697633968 -37.6900360660,144.5697720233 -37.6900398908,144.5697806605 -37.6900436960,144.5697893083 -37.6900474815,144.5697979667 -37.6900512475,144.5698066358 -37.6900549936,144.5698153154 -37.6900587200,144.5698240056 -37.6900624265,144.5698327064 -37.6900661131,144.5698414176 -37.6900697796,144.5698501394 -37.6900734260,144.5698588717 -37.6900770523,144.5698676145 -37.6900806584,144.5698763677 -37.6900842441,144.5698851314 -37.6900878095,144.5698939054 -37.6900913545,144.5699026899 -37.6900948789,144.5699114848 -37.6900983828,144.5699202901 -37.6901018660,144.5699291057 -37.6901053285,144.5699379316 -37.6901087702,144.5699467678 -37.6901121911,144.5699556143 -37.6901155910,144.5699644711 -37.6901189699,144.5699733382 -37.6901223278,144.5699822155 -37.6901256645,144.5699911030 -37.6901289801,144.5700000008 -37.6901322743,144.5700089087 -37.6901355472,144.5700178268 -37.6901387987,144.5700267550 -37.6901420287,144.5700356934 -37.6901452371,144.5700446418 -37.6901484240,144.5700536004 -37.6901515891,144.5700625690 -37.6901547324,144.5700715477 -37.6901578540,144.5700805364 -37.6901609536,144.5700895352 -37.6901640312,144.5700985440 -37.6901670868,144.5701075627 -37.6901701203,144.5701165914 -37.6901731316,144.5701256301 -37.6901761206,144.5701346786 -37.6901790874,144.5701437371 -37.6901820317,144.5701528055 -37.6901849536,144.5701618838 -37.6901878529,144.5701709719 -37.6901907296,144.5701800698 -37.6901935837,144.5701891776 -37.6901964150,144.5701982952 -37.6901992234,144.5702074225 -37.6902020091,144.5702165597 -37.6902047717,144.5702257065 -37.6902075113,144.5702348631 -37.6902102279,144.5702440294 -37.6902129213,144.5702532054 -37.6902155914,144.5702623911 -37.6902182382,144.5702715864 -37.6902208617,144.5702807914 -37.6902234617,144.5702900059 -37.6902260382,144.5702992301 -37.6902285912,144.5703084639 -37.6902311204,144.5703177072 -37.6902336260,144.5703269601 -37.6902361078,144.5703362225 -37.6902385657,144.5703454944 -37.6902409996,144.5703547757 -37.6902434096,144.5703640666 -37.6902457955,144.5703733669 -37.6902481572,144.5703826767 -37.6902504948,144.5703919959 -37.6902528080,144.5704013244 -37.6902550969,144.5704106624 -37.6902573614,144.5704200097 -37.6902596014,144.5704293663 -37.6902618169,144.5704387323 -37.6902640077,144.5704481076 -37.6902661738,144.5704574922 -37.6902683151,144.5704668861 -37.6902704316,144.5704762892 -37.6902725232,144.5704857015 -37.6902745898,144.5704951231 -37.6902766313,144.5705045538 -37.6902786478,144.5705139937 -37.6902806390)
1117		1	1	1	124.671	POINT(144.5713752203 -37.6904557223)	LINESTRING(144.5706851676 -37.6903289161,144.5712208404 -37.6904360983,144.5716145725 -37.6905069862,144.5720660417 -37.6905823872)
1118	Western Fwy	2	2	1	148.600	POINT(144.5730563937 -37.6907452113)	LINESTRING(144.5722213788 -37.6906410522,144.5726190463 -37.6906913524,144.5735568427 -37.6908031147,144.5738905039 -37.6908494903)
1119	Western Fwy	3	1	1	2172.097	POINT(144.5858517993 -37.6929645159)	LINESTRING(144.5739222252 -37.6908707108,144.5745006109 -37.6909436460,144.5746231583 -37.6909599832,144.5747455708 -37.6909769507,144.5748679015 -37.6909942941,144.5749902034 -37.6910117591,144.5751124891 -37.6910291838,144.5752347463 -37.6910467374,144.5753569179 -37.6910646515,144.5754789468 -37.6910831576,144.5756008058 -37.6911022712,144.5757225394 -37.6911218859,144.5758441319 -37.6911420394,144.5759655673 -37.6911627698,144.5760615212 -37.6911796811,144.5761573409 -37.6911970683,144.5762530491 -37.6912148396,144.5763486686 -37.6912329034,144.5764442166 -37.6912512471,144.5765396656 -37.6912699137,144.5766350133 -37.6912889018,144.5767302572 -37.6913082107,144.5768253964 -37.6913278401,144.5769204300 -37.6913477900,144.5770153556 -37.6913680596,144.5771101706 -37.6913886480,144.5772048624 -37.6914095467,144.5772994433 -37.6914307603,144.5773939067 -37.6914522988,144.5774882463 -37.6914741718,144.5775703652 -37.6914935312,144.5776523752 -37.6915131799,144.5777342751 -37.6915331142,144.5778160635 -37.6915533308,144.5778977474 -37.6915738406,144.5779793155 -37.6915946392,144.5780607728 -37.6916157082,144.5781421247 -37.6916370290,144.5782233712 -37.6916586084,144.5783045059 -37.6916804511,144.5783855346 -37.6917025392,144.5784664633 -37.6917248544,144.5785472852 -37.6917473856,144.5786280050 -37.6917701461,144.5787086163 -37.6917931458,144.5787891128 -37.6918163947,144.5788654362 -37.6918387061,144.5789416516 -37.6918612491,144.5790177551 -37.6918840273,144.5790937432 -37.6919070441,144.5791696166 -37.6919303152,144.5792453697 -37.6919538315,144.5793210135 -37.6919775676,144.5793965589 -37.6920014980,144.5794720052 -37.6920256321,144.5795473439 -37.6920499768,144.5796225866 -37.6920745070,144.5796977451 -37.6920991974,144.5797728239 -37.6921240253,144.5798478196 -37.6921490106,144.5799227135 -37.6921741857,144.5799974869 -37.6921995832,144.5800879317 -37.6922306304,144.5801782362 -37.6922619331,144.5802683988 -37.6922934910,144.5803584178 -37.6923253034,144.5804482735 -37.6923574167,144.5805379672 -37.6923898134,144.5806275488 -37.6924224049,144.5807170683 -37.6924551023,144.5808065163 -37.6924879378,144.5808958676 -37.6925209379,144.5809851741 -37.6925540146,144.5810744872 -37.6925870796,144.5811638196 -37.6926201042,144.5812531466 -37.6926531380,144.5813424529 -37.6926862065,144.5814317236 -37.6927193352,144.5815035299 -37.6927460311,144.5815753165 -37.6927727604,144.5816470684 -37.6927995477,144.5817187710 -37.6928264175,144.5817904038 -37.6928534067,144.5818619791 -37.6928804916,144.5819335355 -37.6929076078,144.5820051120 -37.6929346909,144.5820766948 -37.6929617620,144.5821482718 -37.6929888430,144.5822198817 -37.6930158693,144.5822915630 -37.6930427764,144.5823633314 -37.6930695339,144.5824351655 -37.6930961811,144.5825070426 -37.6931227555,144.5825789404 -37.6931492951,144.5826418027 -37.6931724605,144.5827046922 -37.6931955796,144.5827676005 -37.6932186666,144.5828305194 -37.6932417356,144.5828934280 -37.6932648334,144.5829563333 -37.6932879369,144.5830192849 -37.6933109608,144.5830823321 -37.6933338198,144.5831454476 -37.6933565383,144.5832086255 -37.6933791489,144.5832719131 -37.6934015651,144.5833353572 -37.6934237008,144.5833989456 -37.6934455580,144.5834626656 -37.6934671759,144.5835265354 -37.6934885140,144.5835905734 -37.6935095318,144.5836588233 -37.6935314926,144.5837272507 -37.6935531076,144.5837958247 -37.6935744313,144.5838645147 -37.6935955179,144.5839333367 -37.6936163521,144.5840022910 -37.6936369124,144.5840713502 -37.6936572523,144.5841404868 -37.6936774256,144.5842097173 -37.6936974166,144.5842790413 -37.6937172044,144.5843484333 -37.6937368434,144.5844178677 -37.6937563876,144.5844873355 -37.6937758416,144.5845568546 -37.6937951808,144.5846264222 -37.6938144106,144.5846960353 -37.6938335366,144.5847501808 -37.6938483345,144.5848043593 -37.6938630569,144.5848585792 -37.6938776834,144.5849128487 -37.6938921936,144.5849671730 -37.6939065819,144.5850215445 -37.6939208587,144.5850759604 -37.6939350293,144.5851304178 -37.6939490991,144.5851849180 -37.6939630665,144.5852394610 -37.6939769293,144.5852940441 -37.6939906929,144.5853486647 -37.6940043628,144.5854033201 -37.6940179383,144.5854580138 -37.6940314177,144.5855127445 -37.6940448024,144.5855675113 -37.6940580941,144.5856187687 -37.6940704408,144.5856700595 -37.6940827009,144.5857213843 -37.6940948715,144.5857727438 -37.6941069495,144.5858241400 -37.6941189359,144.5858755701 -37.6941308313,144.5859270343 -37.6941426339,144.5859785328 -37.6941543423,144.5860300650 -37.6941659568,144.5860816307 -37.6941774780,144.5861332303 -37.6941889042,144.5861848636 -37.6942002338,144.5862365328 -37.6942114536,144.5862882381 -37.6942225691,144.5863399707 -37.6942336048,144.5863917220 -37.6942445855,144.5864670581 -37.6942604970,144.5865424241 -37.6942763201,144.5866178233 -37.6942920437,144.5866932590 -37.6943076567,144.5867687272 -37.6943231954,144.5868442227 -37.6943386514,144.5869197684 -37.6943539516,144.5869953872 -37.6943690227,144.5870710595 -37.6943838867,144.5871467886 -37.6943985702,144.5872225950 -37.6944129995,144.5872984991 -37.6944271006,144.5873744879 -37.6944408746,144.5874505620 -37.6944543551,144.5875267265 -37.6944675101,144.5876029870 -37.6944803078,144.5876928549 -37.6944949168,144.5877828331 -37.6945091000,144.5878729052 -37.6945229079,144.5879630546 -37.6945363912,144.5880532963 -37.6945495377,144.5881436209 -37.6945623271,144.5882340158 -37.6945748040,144.5883244683 -37.6945870128,144.5884149891 -37.6945989397,144.5885055725 -37.6946105684,144.5885962077 -37.6946219436,144.5886868838 -37.6946331098,144.5887775897 -37.6946440657,144.5888683398 -37.6946547928,144.5889591300 -37.6946653057,144.5890499563 -37.6946756192,144.5891374520 -37.6946853732,144.5892249813 -37.6946949384,144.5893125473 -37.6947042906,144.5894001527 -37.6947134056,144.5894878053 -37.6947222876,144.5895754944 -37.6947309452,144.5896632204 -37.6947393637,144.5897509843 -37.6947475285,144.5898387821 -37.6947554442,144.5899266152 -37.6947631158,144.5900144837 -37.6947705284,144.5901023877 -37.6947776674,144.5901903140 -37.6947845607,144.5902782717 -37.6947912060,144.5903662653 -37.6947975406,144.5904542995 -37.6948035018,144.5905471755 -37.6948093688,144.5906400899 -37.6948148542,144.5907330369 -37.6948199867,144.5908260104 -37.6948247951,144.5909190245 -37.6948292212,144.5910120669 -37.6948332710,144.5911051271 -37.6948370714,144.5911981946 -37.6948407491,144.5912912851 -37.6948442625,144.5913843880 -37.6948475686,144.5914774957 -37.6948507944,144.5915706006 -37.6948540666,144.5916636953 -37.6948574020,144.5917567900 -37.6948607389,144.5918498841 -37.6948640855,144.5919429771 -37.6948674503,144.5921269061 -37.6948741952,144.5923108310 -37.6948810094,144.5924947587 -37.6948877760,144.5926786958 -37.6948943779,144.5928626457 -37.6949007705,144.5930466034 -37.6949070206,144.5932305661 -37.6949131788,144.5934145310 -37.6949192958,144.5935984999 -37.6949253546,144.5937824727 -37.6949313384,144.5939664468 -37.6949372979,144.5941504196 -37.6949432835,144.5943343901 -37.6949493015,144.5945183603 -37.6949553272,144.5947023298 -37.6949613654,144.5948862984 -37.6949674209,144.5950367266 -37.6949723970,144.5951871538 -37.6949773925,144.5953375811 -37.6949823876,144.5954880093 -37.6949873628,144.5956384390 -37.6949923117,144.5957888695 -37.6949972451,144.5959393005 -37.6950021691,144.5960897316 -37.6950070898,144.5962401601 -37.6950120650,144.5963905869 -37.6950170726,144.5965410177 -37.6950219991,144.5966914585 -37.6950267308,144.5969651352 -37.6950348416,144.5972388287 -37.6950425956,144.5975125290 -37.6950502067,144.5977862259 -37.6950578893)
1120	Western Fwy	1	1	1	106.291	POINT(144.5670061243 -37.6911899069)	LINESTRING(144.5671001319 -37.6907174841,144.5669121166 -37.6916623267)
1121		1	1	1	11.184	POINT(144.5668235964 -37.6921973540)	LINESTRING(144.5668330105 -37.6921475876,144.5668141823 -37.6922471203)
1122		1	1	1	60.330	POINT(144.5664549250 -37.6938967407)	LINESTRING(144.5665137072 -37.6936293164,144.5663961428 -37.6941641640)
1123		1	1	1	96.837	POINT(144.5672584365 -37.6935986845)	LINESTRING(144.5678019233 -37.6936685210,144.5667149496 -37.6935288478)
1125		1	1	1	277.795	POINT(144.5669688539 -37.6906607237)	LINESTRING(144.5667205371 -37.6918949229,144.5668413973 -37.6912375606,144.5670532805 -37.6903121263,144.5672171762 -37.6894265333)
1126		1	1	1	27.949	POINT(144.5665612661 -37.6925247745)	LINESTRING(144.5665333034 -37.6926485609,144.5665892288 -37.6924009879)
1127		1	1	1	22.727	POINT(144.5666497451 -37.6922058907)	LINESTRING(144.5666282749 -37.6923067248,144.5666712152 -37.6921050565)
1128		1	1	1	357.588	POINT(144.5645065112 -37.6909087968)	LINESTRING(144.5661302585 -37.6918229194,144.5652492517 -37.6910702799,144.5647699632 -37.6907355028,144.5641633661 -37.6904308669,144.5636580913 -37.6902158213,144.5632252830 -37.6900849604,144.5628644784 -37.6900035486)
1129		1	1	1	17.978	POINT(144.5671756827 -37.6921650641)	LINESTRING(144.5672609914 -37.6921204980,144.5670903739 -37.6922096303)
1130		1	1	1	113.955	POINT(144.5666854717 -37.6928647131)	LINESTRING(144.5667916889 -37.6923589358,144.5665792546 -37.6933704869)
1131		1	1	1	61.772	POINT(144.5675798641 -37.6918905089)	LINESTRING(144.5678634252 -37.6917265032,144.5672963031 -37.6920545143)
1132		1	1	1	29.156	POINT(144.5670828910 -37.6920953180)	LINESTRING(144.5672354413 -37.6920720291,144.5672122009 -37.6920823447,144.5671892075 -37.6920931650,144.5671657201 -37.6921029761,144.5671409977 -37.6921102645,144.5671220760 -37.6921132583,144.5671027507 -37.6921145288,144.5670832629 -37.6921145784,144.5670638535 -37.6921139096,144.5670272509 -37.6921107975,144.5669909528 -37.6921055856,144.5669547766 -37.6920995339,144.5669185395 -37.6920939021)
1133		1	1	1	289.519	POINT(144.5695266256 -37.6913055214)	LINESTRING(144.5711021091 -37.6909715831,144.5710358455 -37.6909707699,144.5709694295 -37.6909705490,144.5709028771 -37.6909709212,144.5708362044 -37.6909718876,144.5707694275 -37.6909734491,144.5707025626 -37.6909756066,144.5706356256 -37.6909783610,144.5705686327 -37.6909817134,144.5705015999 -37.6909856646,144.5704345434 -37.6909902157,144.5703674793 -37.6909953675,144.5703004235 -37.6910011210,144.5702333923 -37.6910074771,144.5701664017 -37.6910144369,144.5700994678 -37.6910220011,144.5700326066 -37.6910301708,144.5699658343 -37.6910389470,144.5698991669 -37.6910483305,144.5698326206 -37.6910583223,144.5697662114 -37.6910689234,144.5696999554 -37.6910801347,144.5696338687 -37.6910919571,144.5695679674 -37.6911043916,144.5695022676 -37.6911174392,144.5694367853 -37.6911311007,144.5693715367 -37.6911453772,144.5693065378 -37.6911602695,144.5692418047 -37.6911757786,144.5691773536 -37.6911919055,144.5691132004 -37.6912086511,144.5690493613 -37.6912260163,144.5689858524 -37.6912440022,144.5689226898 -37.6912626095,144.5688598894 -37.6912818394,144.5687974676 -37.6913016927,144.5687354402 -37.6913221703,144.5686738234 -37.6913432733,144.5686126334 -37.6913650025,144.5685518861 -37.6913873589,144.5684915977 -37.6914103435,144.5684317843 -37.6914339571,144.5683724618 -37.6914582008,144.5683136466 -37.6914830755,144.5682553545 -37.6915085821,144.5681976018 -37.6915347216,144.5681404044 -37.6915614949,144.5680837785 -37.6915889030,144.5680277402 -37.6916169467,144.5679723056 -37.6916456271)
1134	Western Fwy	3	1	1	869.146	POINT(144.5670414923 -37.6903603702)	LINESTRING(144.5719302800 -37.6909285548,144.5702111430 -37.6907195330,144.5688301725 -37.6905594352,144.5656743310 -37.6901866627,144.5625113544 -37.6898273444,144.5621515203 -37.6897923108)
1135	Western Fwy	2	2	1	49.686	POINT(144.5724726492 -37.6910110934)	LINESTRING(144.5727523991 -37.6910422730,144.5721928992 -37.6909799138)
1136	Western Fwy	3	1	1	58.039	POINT(144.5715620068 -37.6909786843)	LINESTRING(144.5718914332 -37.6909951969,144.5715197163 -37.6909776310,144.5712327464 -37.6909621633)
1137	Western Fwy	2	2	1	187.759	POINT(144.5609212291 -37.6896796870)	LINESTRING(144.5619789958 -37.6897939783,144.5598634624 -37.6895653955)
1138	Western Fwy	3	1	1	3873.684	POINT(144.5382158637 -37.6884500459)	LINESTRING(144.5598103697 -37.6895436498,144.5593483376 -37.6895027895,144.5561825941 -37.6891773648,144.5513411272 -37.6886814993,144.5464968216 -37.6882030118,144.5416517531 -37.6877291510,144.5368079975 -37.6872471651,144.5360336904 -37.6871657200,144.5352597562 -37.6870818624,144.5344853790 -37.6870009716,144.5337097432 -37.6869284271,144.5334324832 -37.6869048109,144.5331549640 -37.6868828555,144.5328770962 -37.6868646117,144.5325987907 -37.6868521301,144.5323085038 -37.6868458768,144.5320180387 -37.6868451794,144.5317275812 -37.6868492694,144.5314373170 -37.6868573781,144.5311183453 -37.6868701624,144.5307996415 -37.6868873689,144.5304814982 -37.6869098108,144.5301642081 -37.6869383011,144.5296985203 -37.6869884668,144.5292341509 -37.6870465324,144.5287719577 -37.6871141509,144.5283127988 -37.6871929748,144.5279857488 -37.6872586947,144.5276613522 -37.6873325701,144.5273392569 -37.6874127790,144.5270191109 -37.6874974993,144.5266848484 -37.6875904410,144.5263528115 -37.6876884358,144.5260236460 -37.6877922238,144.5256979976 -37.6879025450,144.5253035911 -37.6880515340,144.5249156184 -37.6882112409,144.5245284187 -37.6883722926,144.5241363311 -37.6885253165,144.5238743383 -37.6886201679,144.5236105795 -37.6887119872,144.5233448094 -37.6888000352,144.5230767826 -37.6888835725,144.5227566792 -37.6889765607,144.5224340961 -37.6890641756,144.5221095271 -37.6891471601,144.5217834661 -37.6892262570,144.5213771777 -37.6893208571,144.5209691884 -37.6894109965,144.5205590587 -37.6894945047,144.5201463493 -37.6895692112,144.5198025545 -37.6896218675,144.5194568976 -37.6896667522,144.5191101891 -37.6897069204,144.5187632394 -37.6897454271,144.5184867323 -37.6897712934,144.5182093799 -37.6897924807,144.5179326572 -37.6898166195,144.5176580391 -37.6898513399,144.5175106302 -37.6898788867,144.5173649575 -37.6899122231,144.5172196665 -37.6899469245,144.5170734025 -37.6899785663,144.5169617443 -37.6899991727,144.5168496449 -37.6900182707,144.5167373691 -37.6900367652,144.5166251815 -37.6900555615)
1139		1	1	1	54.007	POINT(144.5624562579 -37.6899082460)	LINESTRING(144.5627552861 -37.6899635304,144.5621572298 -37.6898529616)
1140		1	1	1	59.212	POINT(144.5482655641 -37.6918933227)	LINESTRING(144.5481482660 -37.6921401126,144.5481880342 -37.6920770334,144.5482100098 -37.6920418260,144.5482321611 -37.6920066749,144.5482539608 -37.6919714110,144.5482748811 -37.6919358651,144.5482943945 -37.6918998679,144.5483119733 -37.6918632502,144.5483245826 -37.6918324467,144.5483355391 -37.6918012512,144.5483452936 -37.6917697706,144.5483542967 -37.6917381117,144.5483629993 -37.6917063816,144.5483718522 -37.6916746870,144.5483813061 -37.6916431351)
1141		1	1	1	47.464	POINT(144.5495233127 -37.6859600840)	LINESTRING(144.5494928882 -37.6861715078,144.5494985159 -37.6861448733,144.5495050940 -37.6861178481,144.5495122975 -37.6860905143,144.5495198017 -37.6860629541,144.5495272815 -37.6860352497,144.5495344122 -37.6860074832,144.5495408688 -37.6859797367,144.5495463265 -37.6859520925,144.5495504602 -37.6859246327,144.5495529453 -37.6858974395,144.5495534566 -37.6858705950,144.5495516695 -37.6858441814,144.5495472588 -37.6858182809,144.5495398999 -37.6857929756,144.5495292677 -37.6857683478,144.5495201753 -37.6857526114)
1142		1	1	1	614.201	POINT(144.5489377997 -37.6889082057)	LINESTRING(144.5483840564 -37.6916344035,144.5484769518 -37.6913394814,144.5486464974 -37.6907076194,144.5487821804 -37.6901364679,144.5489056517 -37.6895240795,144.5491274245 -37.6883428015,144.5492364081 -37.6875652541,144.5493243622 -37.6870727411,144.5494911664 -37.6861804034)
1143		1	1	1	49.025	POINT(144.5496179713 -37.6859838430)	LINESTRING(144.5496938340 -37.6857762684,144.5496784875 -37.6857971034,144.5496628179 -37.6858178109,144.5496477944 -37.6858387734,144.5496343863 -37.6858603732,144.5496253135 -37.6858780000,144.5496173668 -37.6858959849,144.5496103609 -37.6859142267,144.5496041105 -37.6859326241,144.5495872965 -37.6859919781,144.5495736997 -37.6860518889,144.5495616520 -37.6861120586,144.5495494851 -37.6861721893,144.5495482089 -37.6861783713,144.5495469889 -37.6861845605,144.5495457916 -37.6861907526,144.5495445829 -37.6861969433)
1144		1	1	1	48.259	POINT(144.5483541210 -37.6919392631)	LINESTRING(144.5484069996 -37.6917283586,144.5483988573 -37.6917545847,144.5483897207 -37.6917808849,144.5483798633 -37.6918072493,144.5483695587 -37.6918336679,144.5483590803 -37.6918601307,144.5483487017 -37.6918866277,144.5483386965 -37.6919131488,144.5483293381 -37.6919396841,144.5483209000 -37.6919662237,144.5483136559 -37.6919927574,144.5483078791 -37.6920192753,144.5483038433 -37.6920457674,144.5483018220 -37.6920722237,144.5483020886 -37.6920986342,144.5483049168 -37.6921249889,144.5483105800 -37.6921512778)
1145		1	1	1	621.127	POINT(144.5489763514 -37.6889633333)	LINESTRING(144.5495428222 -37.6862058341,144.5495069235 -37.6863871068,144.5492833184 -37.6875775950,144.5492334292 -37.6879502341,144.5491454573 -37.6885172977,144.5490215319 -37.6891835298,144.5488277270 -37.6901625869,144.5486835969 -37.6907431503,144.5486139962 -37.6910245654,144.5484096026 -37.6917195989)
1146		1	1	1	405.965	POINT(144.5522048855 -37.6854341499)	LINESTRING(144.5545049679 -37.6852793171,144.5509259499 -37.6855099628,144.5499051259 -37.6855890053)
1147		1	1	1	396.366	POINT(144.5522507948 -37.6853652962)	LINESTRING(144.5500032570 -37.6854910036,144.5502822930 -37.6854974821,144.5522371497 -37.6853870583,144.5544972088 -37.6852330355)
1148		1	1	1	898.304	POINT(144.5208599733 -37.6870526046)	LINESTRING(144.5160392542 -37.6864593955,144.5161205105 -37.6865253952,144.5162007342 -37.6865922743,144.5162806997 -37.6866593732,144.5163611816 -37.6867260323,144.5164429542 -37.6867915921,144.5165267920 -37.6868553930,144.5166134695 -37.6869167754,144.5166902764 -37.6869679432,144.5167684208 -37.6870179583,144.5168479638 -37.6870666197,144.5169289665 -37.6871137264,144.5170114899 -37.6871590777,144.5170955951 -37.6872024724,144.5171813431 -37.6872437096,144.5172589137 -37.6872783891,144.5173378161 -37.6873112643,144.5174179278 -37.6873423548,144.5174991264 -37.6873716805,144.5175812894 -37.6873992612,144.5176642942 -37.6874251168,144.5177480185 -37.6874492669,144.5178523270 -37.6874769118,144.5179576324 -37.6875023150,144.5180638133 -37.6875255010,144.5181707480 -37.6875464944,144.5182783152 -37.6875653198,144.5183863932 -37.6875820018,144.5184948606 -37.6875965648,144.5185979590 -37.6876083502,144.5187014833 -37.6876181022,144.5188053337 -37.6876257963,144.5189094106 -37.6876314084,144.5190136142 -37.6876349142,144.5191178449 -37.6876362894,144.5192220029 -37.6876355098,144.5193200169 -37.6876324546,144.5194178960 -37.6876270036,144.5195156131 -37.6876194569,144.5196131409 -37.6876101145,144.5197104522 -37.6875992764,144.5198075198 -37.6875872427,144.5199043164 -37.6875743135,144.5200572964 -37.6875513589,144.5202094578 -37.6875252277,144.5203610207 -37.6874967752,144.5205122048 -37.6874668567,144.5206632303 -37.6874363274,144.5208143171 -37.6874060428,144.5209656851 -37.6873768582,144.5211463041 -37.6873424371,144.5213266906 -37.6873071880,144.5215070082 -37.6872716956,144.5216874203 -37.6872365448,144.5218680906 -37.6872023206,144.5220491824 -37.6871696078,144.5222308595 -37.6871389913,144.5223342478 -37.6871226299,144.5224378166 -37.6871069298,144.5225415639 -37.6870919590,144.5226454880 -37.6870777855,144.5227495868 -37.6870644775,144.5228538588 -37.6870521029,144.5229583018 -37.6870407299,144.5230954706 -37.6870274479,144.5232328802 -37.6870158210,144.5233704769 -37.6870055078,144.5235082069 -37.6869961672,144.5236460164 -37.6869874581,144.5237838516 -37.6869790391,144.5239216587 -37.6869705691,144.5239920644 -37.6869663276,144.5240624961 -37.6869623642,144.5241329485 -37.6869586254,144.5242034162 -37.6869550573,144.5242738940 -37.6869516063,144.5243443765 -37.6869482186,144.5244148585 -37.6869448406,144.5245292045 -37.6869397501,144.5246435990 -37.6869352495,144.5247580129 -37.6869309953,144.5248724171 -37.6869266439,144.5249867825 -37.6869218518,144.5251010802 -37.6869162752,144.5252152809 -37.6869095707,144.5252853393 -37.6869046550,144.5253553205 -37.6868990942,144.5254252455 -37.6868930642,144.5254951353 -37.6868867409,144.5255650111 -37.6868803004,144.5256348939 -37.6868739185,144.5257048048 -37.6868677712)
1150		1	1	1	445.432	POINT(144.5282723388 -37.6865600455)	LINESTRING(144.5257831303 -37.6868776799,144.5258577935 -37.6868694316,144.5259325056 -37.6868614216,144.5260071199 -37.6868529349,144.5260814896 -37.6868432562,144.5262103726 -37.6868240161,144.5263388397 -37.6868030440,144.5264669139 -37.6867805870,144.5265946182 -37.6867568923,144.5267207461 -37.6867319433,144.5268464009 -37.6867055087,144.5269717500 -37.6866781437,144.5270969611 -37.6866504037,144.5272672689 -37.6866113082,144.5274370934 -37.6865708667,144.5276070587 -37.6865308326,144.5277777890 -37.6864929595,144.5279083299 -37.6864654479,144.5280391762 -37.6864387838,144.5281705778 -37.6864140492,144.5283027845 -37.6863923259,144.5284891235 -37.6863666956,144.5286763186 -37.6863450158,144.5288641165 -37.6863266788,144.5290522639 -37.6863110766,144.5292411808 -37.6862989923,144.5294304482 -37.6862904696,144.5296198775 -37.6862836906,144.5298092798 -37.6862768370,144.5300233541 -37.6862693358,144.5302374915 -37.6862628842,144.5304516088 -37.6862561367,144.5306491820 -37.6862501871,144.5307626013 -37.6862425037)
1151		1	1	1	797.388	POINT(144.5202110146 -37.6871211123)	LINESTRING(144.5244764097 -37.6870383448,144.5243440931 -37.6870435934,144.5242117551 -37.6870485783,144.5240794597 -37.6870540907,144.5239472711 -37.6870609218,144.5237512809 -37.6870732972,144.5235554555 -37.6870872932,144.5233598003 -37.6871027381,144.5231643210 -37.6871194602,144.5230358002 -37.6871311254,144.5229073881 -37.6871435620,144.5227791594 -37.6871570845,144.5226511888 -37.6871720074,144.5224718099 -37.6871949855,144.5222927984 -37.6872197622,144.5221142108 -37.6872463797,144.5219361038 -37.6872748802,144.5216116556 -37.6873316456,144.5212883893 -37.6873926061,144.5209656347 -37.6874553739,144.5206427214 -37.6875175609,144.5204275643 -37.6875609850,144.5202128828 -37.6876062545,144.5199973807 -37.6876482642,144.5197797621 -37.6876819093,144.5196287765 -37.6876984468,144.5194769694 -37.6877102122,144.5193246868 -37.6877176243,144.5191722748 -37.6877211019,144.5190302080 -37.6877205117,144.5188881787 -37.6877159685,144.5187463647 -37.6877079276,144.5186049436 -37.6876968441,144.5184807462 -37.6876848046,144.5183569283 -37.6876701842,144.5182338392 -37.6876523430,144.5181118284 -37.6876306408,144.5179855004 -37.6876034767,144.5178605523 -37.6875723459,144.5177369459 -37.6875379062,144.5176146434 -37.6875008157,144.5174881184 -37.6874603415,144.5173627538 -37.6874174516,144.5172398412 -37.6873706351,144.5171206727 -37.6873183811,144.5169735771 -37.6872435043,144.5168317654 -37.6871622025,144.5166945563 -37.6870759030,144.5165612688 -37.6869860329,144.5164079441 -37.6868724865,144.5162614109 -37.6867532506,144.5161175942 -37.6866317388,144.5159724193 -37.6865113646)
1152		1	1	1	209.320	POINT(144.5481739701 -37.6856676949)	LINESTRING(144.5493594334 -37.6856413557,144.5493112342 -37.6856344849,144.5492631003 -37.6856271582,144.5492148356 -37.6856207434,144.5491662438 -37.6856166085,144.5490303541 -37.6856135145,144.5488943002 -37.6856164670,144.5487582226 -37.6856226372,144.5486222619 -37.6856291962,144.5478938582 -37.6856667788,144.5469865028 -37.6857219278)
1153		1	1	1	546.994	POINT(144.5276170034 -37.6866588953)	LINESTRING(144.5306808271 -37.6862988738,144.5297351150 -37.6863232969,144.5290554630 -37.6863526098,144.5283169587 -37.6864303268,144.5278093000 -37.6865303369,144.5267568628 -37.6867678353,144.5259483569 -37.6869158104,144.5255381586 -37.6869582895,144.5251938067 -37.6869846165,144.5245538764 -37.6870189427)
1154		1	1	1	102.745	POINT(144.5317438323 -37.6862690841)	LINESTRING(144.5323276963 -37.6862702344,144.5319315786 -37.6862599533,144.5311598551 -37.6862782445)
1155		1	1	1	118.480	POINT(144.5310220176 -37.6856119398)	LINESTRING(144.5309138418 -37.6861377598,144.5309452021 -37.6860035500,144.5309780140 -37.6857312237,144.5310486753 -37.6854287530,144.5311302054 -37.6850861673)
1156		1	1	1	973.460	POINT(144.5367357745 -37.6861741169)	LINESTRING(144.5312137030 -37.6862179076,144.5313687651 -37.6862120184,144.5315567995 -37.6862068047,144.5317448901 -37.6862035335,144.5319330032 -37.6862026587,144.5321177505 -37.6862044577,144.5323024564 -37.6862086153,144.5324870924 -37.6862146705,144.5326716299 -37.6862221624,144.5327746974 -37.6862273798,144.5328776764 -37.6862336651,144.5329806098 -37.6862404787,144.5330835407 -37.6862472813,144.5334910162 -37.6862757898,144.5338983010 -37.6863062784,144.5343057563 -37.6863348115,144.5347137437 -37.6863574540,144.5348679793 -37.6863639141,144.5350223266 -37.6863688997,144.5351767307 -37.6863716402,144.5353311372 -37.6863713651,144.5355082582 -37.6863663485,144.5356851879 -37.6863574390,144.5358620288 -37.6863468206,144.5360388836 -37.6863366774,144.5362802827 -37.6863238937,144.5365216478 -37.6863107078,144.5367629930 -37.6862972914,144.5370043328 -37.6862838165,144.5373132730 -37.6862665350,144.5376222005 -37.6862491096,144.5379311137 -37.6862315271,144.5382400113 -37.6862137745,144.5388520138 -37.6861781172,144.5394639770 -37.6861420374,144.5400759271 -37.6861058176,144.5406878906 -37.6860697404,144.5412999023 -37.6860341983,144.5419119406 -37.6859989347,144.5422571741 -37.6859765399)
1157		1	1	1	121.638	POINT(144.5310887365 -37.6856335624)	LINESTRING(144.5311759272 -37.6850931591,144.5311485565 -37.6852196481,144.5311178231 -37.6853458963,144.5310862491 -37.6854720842,144.5310563564 -37.6855983922,144.5310306671 -37.6857250005,144.5310117031 -37.6858520897,144.5310019865 -37.6859798401,144.5310018335 -37.6859976005,144.5310025340 -37.6860153782,144.5310040609 -37.6860331419,144.5310063873 -37.6860508604,144.5310094863 -37.6860685026,144.5310133309 -37.6860860374,144.5310178940 -37.6861034334,144.5310211295 -37.6861133561,144.5310250324 -37.6861231265,144.5310294207 -37.6861327862,144.5310341125 -37.6861423767,144.5310389256 -37.6861519396,144.5310436780 -37.6861615163,144.5310481877 -37.6861711483)
1158		1	1	1	146.155	POINT(144.5497034900 -37.6846864342)	LINESTRING(144.5495606091 -37.6853320181,144.5495685731 -37.6853143913,144.5495806501 -37.6852900679,144.5495921109 -37.6852655879,144.5496020311 -37.6852407165,144.5496113102 -37.6852107883,144.5496188201 -37.6851805254,144.5496254043 -37.6851500966,144.5496319064 -37.6851196708,144.5496889289 -37.6848497120,144.5497419070 -37.6845792211,144.5497932674 -37.6843085167,144.5498454367 -37.6840379177)
1159		1	1	1	145.892	POINT(144.5497901680 -37.6846950878)	LINESTRING(144.5498985840 -37.6840455342,144.5498430798 -37.6843220936,144.5497855520 -37.6845984495,144.5497320713 -37.6848752094,144.5496887080 -37.6851529810,144.5496858431 -37.6851746324,144.5496833666 -37.6851963342,144.5496820072 -37.6852180548,144.5496824935 -37.6852397626,144.5496862025 -37.6852660265,144.5496923351 -37.6852920618,144.5496994372 -37.6853180057,144.5497060546 -37.6853439953)
1162		1	1	1	10.126	POINT(144.5496273561 -37.6854494733)	LINESTRING(144.5495701121 -37.6854517117,144.5495890276 -37.6854494090,144.5496081532 -37.6854479719,144.5496273834 -37.6854474247,144.5496466124 -37.6854477915,144.5496657347 -37.6854490965,144.5496846445 -37.6854513639)
1163		1	1	1	11.134	POINT(144.5494771970 -37.6855778157)	LINESTRING(144.5494815571 -37.6856272683,144.5494793878 -37.6856203853,144.5494775595 -37.6856134153,144.5494760693 -37.6856063724,144.5494749142 -37.6855992707,144.5494740915 -37.6855921243,144.5494735983 -37.6855849474,144.5494734315 -37.6855777541,144.5494735885 -37.6855705587,144.5494740662 -37.6855633751,144.5494748617 -37.6855562176,144.5494759723 -37.6855491003,144.5494773950 -37.6855420373,144.5494791270 -37.6855350429,144.5494811652 -37.6855281310)
1165		1	1	1	12.377	POINT(144.5497744668 -37.6855377362)	LINESTRING(144.5497532597 -37.6854891117,144.5497585003 -37.6854957955,144.5497634576 -37.6855026835,144.5497681086 -37.6855097566,144.5497724300 -37.6855169955,144.5497763987 -37.6855243809,144.5497799915 -37.6855318936,144.5497831855 -37.6855395145,144.5497859573 -37.6855472243,144.5497882839 -37.6855550037,144.5497901421 -37.6855628335,144.5497915089 -37.6855706945,144.5497923609 -37.6855785675,144.5497926753 -37.6855864332,144.5497924287 -37.6855942724)
1166		1	1	1	9.395	POINT(144.5496445023 -37.6856951880)	LINESTRING(144.5496953956 -37.6856901355,144.5496896876 -37.6856913534,144.5496839439 -37.6856924958,144.5496781676 -37.6856935608,144.5496723617 -37.6856945470,144.5496665292 -37.6856954524,144.5496606734 -37.6856962755,144.5496547971 -37.6856970145,144.5496489036 -37.6856976678,144.5496429959 -37.6856982337,144.5496370770 -37.6856987103,144.5496311501 -37.6856990962,144.5496252182 -37.6856993895,144.5496192844 -37.6856995886,144.5496133518 -37.6856996918,144.5496074234 -37.6856996973,144.5496015023 -37.6856996035,144.5495955916 -37.6856994087,144.5495896944 -37.6856991112)
1167		1	1	1	170.323	POINT(144.5470746041 -37.6921149452)	LINESTRING(144.5461181651 -37.6920030357,144.5463568770 -37.6920347718,144.5465953512 -37.6920678477,144.5468337660 -37.6921012586,144.5470722996 -37.6921339995,144.5473111305 -37.6921650657,144.5475504369 -37.6921934522,144.5477903972 -37.6922181542,144.5478096562 -37.6922200387,144.5478289487 -37.6922219687,144.5478482669 -37.6922237687,144.5478676028 -37.6922252629,144.5478869487 -37.6922262757,144.5479062967 -37.6922266312,144.5479256389 -37.6922261539,144.5479407584 -37.6922249727,144.5479557564 -37.6922230588,144.5479706659 -37.6922206120,144.5479855201 -37.6922178321,144.5480003523 -37.6922149190,144.5480151955 -37.6922120725,144.5480300829 -37.6922094925)
1168		1	1	1	169.725	POINT(144.5470557978 -37.6921847578)	LINESTRING(144.5479982122 -37.6923273314,144.5479844176 -37.6923215744,144.5479707328 -37.6923156225,144.5479570754 -37.6923096219,144.5479433632 -37.6923037187,144.5479295137 -37.6922980592,144.5479154446 -37.6922927894,144.5479010735 -37.6922880556,144.5478845782 -37.6922833779,144.5478678581 -37.6922792221,144.5478509590 -37.6922754965,144.5478339269 -37.6922721094,144.5478168077 -37.6922689692,144.5477996473 -37.6922659840,144.5477824917 -37.6922630624,144.5475511964 -37.6922321781,144.5473112133 -37.6922013084,144.5470666633 -37.6921673079,144.5468255208 -37.6921361784,144.5465867689 -37.6921027415,144.5463468216 -37.6920740157,144.5461072311 -37.6920438062)
1169		1	1	1	178.162	POINT(144.5480196958 -37.6932137441)	LINESTRING(144.5478916663 -37.6940061505,144.5479285095 -37.6938177839,144.5479674320 -37.6936296159,144.5480068742 -37.6934414971,144.5480452768 -37.6932532783,144.5480810805 -37.6930648103,144.5481127257 -37.6928759436,144.5481386530 -37.6926865291,144.5481409215 -37.6926684084,144.5481432319 -37.6926502406,144.5481452913 -37.6926320472,144.5481468068 -37.6926138494,144.5481474853 -37.6925956688,144.5481470340 -37.6925775265,144.5481451599 -37.6925594441,144.5481411349 -37.6925395666,144.5481353417 -37.6925199668,144.5481282625 -37.6925005690,144.5481203794 -37.6924812975,144.5481121748 -37.6924620764,144.5481041310 -37.6924428301,144.5480967303 -37.6924234827)
1170		1	1	1	173.570	POINT(144.5480953074 -37.6932389610)	LINESTRING(144.5482491904 -37.6924685015,144.5482321060 -37.6925201632,144.5481992530 -37.6926662078,144.5481484857 -37.6929585234,144.5481064072 -37.6931689125,144.5480652635 -37.6933794251,144.5480244938 -37.6935899867,144.5479835371 -37.6938005230,144.5479418325 -37.6940109593)
1171		1	1	1	172.828	POINT(144.5493549227 -37.6924230755)	LINESTRING(144.5484050956 -37.6922476272,144.5484197519 -37.6922527101,144.5484342983 -37.6922580449,144.5484488171 -37.6922634426,144.5484633909 -37.6922687144,144.5484781023 -37.6922736713,144.5484930337 -37.6922781242,144.5485082677 -37.6922818842,144.5486202118 -37.6923027478,144.5487335641 -37.6923181281,144.5488479128 -37.6923296675,144.5489628456 -37.6923390083,144.5490779508 -37.6923477931,144.5491928161 -37.6923576640,144.5493070295 -37.6923702635,144.5493752463 -37.6923790044,144.5494434422 -37.6923879042,144.5495115805 -37.6923970852,144.5495796242 -37.6924066698,144.5496475365 -37.6924167803,144.5497152803 -37.6924275389,144.5497828189 -37.6924390681,144.5498219636 -37.6924459147,144.5498611619 -37.6924527678,144.5499002925 -37.6924598842,144.5499392342 -37.6924675207,144.5499778660 -37.6924759344,144.5500160665 -37.6924853819,144.5500537147 -37.6924961202,144.5500907132 -37.6925084833,144.5501268909 -37.6925222799,144.5501624716 -37.6925371190,144.5501976791 -37.6925526098,144.5502327374 -37.6925683611,144.5502678703 -37.6925839822,144.5503033018 -37.6925990819)
1172		1	1	1	169.454	POINT(144.5493395174 -37.6924872149)	LINESTRING(144.5502730728 -37.6926317355,144.5502403550 -37.6926173943,144.5502079433 -37.6926025268,144.5501756080 -37.6925875276,144.5501431197 -37.6925727917,144.5501102490 -37.6925587137,144.5500767662 -37.6925456884,144.5500424419 -37.6925341105,144.5500032199 -37.6925229655,144.5499633794 -37.6925132773,144.5499230561 -37.6925047614,144.5498823853 -37.6924971332,144.5498415026 -37.6924901081,144.5498005437 -37.6924834015,144.5497596439 -37.6924767288,144.5496935765 -37.6924663820,144.5496272793 -37.6924570007,144.5495608060 -37.6924483662,144.5494942106 -37.6924402599,144.5494275468 -37.6924324631,144.5493608686 -37.6924247570,144.5492942297 -37.6924169229,144.5492277928 -37.6924089437,144.5491613468 -37.6924009819,144.5490948758 -37.6923931471,144.5490283644 -37.6923855489,144.5489617966 -37.6923782968,144.5488951568 -37.6923715007,144.5488284294 -37.6923652699,144.5487841497 -37.6923612345,144.5487398412 -37.6923571365,144.5486954996 -37.6923532320,144.5486511208 -37.6923497770,144.5486067004 -37.6923470276,144.5485622343 -37.6923452398,144.5485177181 -37.6923446697,144.5484947230 -37.6923451542,144.5484717702 -37.6923463502,144.5484488483 -37.6923480635,144.5483996398 -37.6923546537)
1173		1	1	1	9.357	POINT(144.5482081159 -37.6921709130)	LINESTRING(144.5481545246 -37.6921726543,144.5481718437 -37.6921698619,144.5481896461 -37.6921680170,144.5482076017 -37.6921673816,144.5482253805 -37.6921682180,144.5482426524 -37.6921707882,144.5482590874 -37.6921753545)
1175		1	1	1	10.891	POINT(144.5480494520 -37.6922957965)	LINESTRING(144.5480533581 -37.6923442901,144.5480474321 -37.6923203715,144.5480456227 -37.6922958232,144.5480477645 -37.6922712605,144.5480536920 -37.6922472985)
1177		1	1	1	10.569	POINT(144.5481719757 -37.6924108778)	LINESTRING(144.5482335164 -37.6924196025,144.5481934426 -37.6924182233,144.5481538774 -37.6924123639,144.5481166605 -37.6924011346)
1178		1	1	1	11.048	POINT(144.5483552797 -37.6922899654)	LINESTRING(144.5483487352 -37.6922416582,144.5483549696 -37.6922573055,144.5483590253 -37.6922735921,144.5483608890 -37.6922902298,144.5483605477 -37.6923069305,144.5483579881 -37.6923234062,144.5483531971 -37.6923393688)
1180		1	1	1	97.099	POINT(144.5672653524 -37.6935598269)	LINESTRING(144.5667210226 -37.6934868061,144.5678096822 -37.6936328476)
1199		1	1	1	16.337	POINT(144.5671940368 -37.6883362564)	LINESTRING(144.5671018898 -37.6883455241,144.5672861838 -37.6883269888)
1221		1	1	1	62.634	POINT(144.5423964446 -37.6863472174)	LINESTRING(144.5424181757 -37.6866285231,144.5423747134 -37.6860659106)
1223		1	1	1	62.651	POINT(144.5424377212 -37.6863454841)	LINESTRING(144.5424144545 -37.6860641773,144.5424609879 -37.6866267899)
1224		1	1	1	108.974	POINT(144.5431407024 -37.6859254946)	LINESTRING(144.5425227109 -37.6859613148,144.5431358326 -37.6859264810,144.5437586368 -37.6858896711)
1225		1	1	1	872.630	POINT(144.5373190921 -37.6862149959)	LINESTRING(144.5422672164 -37.6860114069,144.5417463444 -37.6860459180,144.5412009482 -37.6860779919,144.5404820218 -37.6861215375,144.5397631715 -37.6861658803,144.5390442961 -37.6862099541,144.5383252939 -37.6862526928,144.5375862180 -37.6862991654,144.5368472142 -37.6863473573,144.5361077928 -37.6863890883,144.5353674639 -37.6864161781,144.5352058352 -37.6864185291,144.5350441472 -37.6864182360,144.5348824918 -37.6864154280,144.5347209611 -37.6864102343,144.5343723130 -37.6863908820,144.5340243024 -37.6863642793,144.5336763827 -37.6863364486,144.5333280073 -37.6863134127,144.5331654935 -37.6863055013,144.5330028744 -37.6862989672,144.5328401834 -37.6862935782,144.5326774541 -37.6862891020,144.5326005008 -37.6862875746,144.5325235297 -37.6862866326,144.5324465515 -37.6862859249,144.5323695768 -37.6862851000)
1227		1	1	1	114.106	POINT(144.5431863995 -37.6859763158)	LINESTRING(144.5438331478 -37.6859367444,144.5428403026 -37.6859985736,144.5425394127 -37.6860158728)
1228		1	1	1	110.359	POINT(144.5438832064 -37.6853152497)	LINESTRING(144.5438236690 -37.6848209022,144.5439427438 -37.6858095939)
1229		1	1	1	110.359	POINT(144.5438265396 -37.6853216045)	LINESTRING(144.5438860770 -37.6858159486,144.5437670022 -37.6848272570)
1230		1	1	1	235.945	POINT(144.5453838555 -37.6857800612)	LINESTRING(144.5440465535 -37.6858654104,144.5446760393 -37.6858276041,144.5454460566 -37.6857773064,144.5462162274 -37.6857285369,144.5467209838 -37.6856947008)
1232		1	1	1	94.486	POINT(144.5468042021 -37.6851760719)	LINESTRING(144.5467592144 -37.6847524021,144.5468491897 -37.6855997393)
1233		1	1	1	94.486	POINT(144.5467511042 -37.6851832666)	LINESTRING(144.5467960918 -37.6856069339,144.5467061165 -37.6847595969)
1234		1	1	1	210.468	POINT(144.5481708060 -37.6856079916)	LINESTRING(144.5469771419 -37.6856809106,144.5474184223 -37.6856552320,144.5480196572 -37.6856200441,144.5486210485 -37.6855866069,144.5487587809 -37.6855805584,144.5488966263 -37.6855756514,144.5490343329 -37.6855695305,144.5491716488 -37.6855598403,144.5492195526 -37.6855546919,144.5492672431 -37.6855483302,144.5493148484 -37.6855414832,144.5493624963 -37.6855348788)
1235		1	1	1	243.635	POINT(144.5453458940 -37.6858288495)	LINESTRING(144.5467265327 -37.6857413718,144.5464388489 -37.6857633517,144.5457112802 -37.6858109891,144.5451291673 -37.6858464385,144.5445470186 -37.6858815196,144.5439648409 -37.6859162989)
1236		1	1	1	38.882	POINT(144.5677398356 -37.6872263952)	LINESTRING(144.5677742181 -37.6870535712,144.5677054530 -37.6873992188)
1237		1	1	1	33.765	POINT(144.5673638963 -37.6886262838)	LINESTRING(144.5673402827 -37.6887770582,144.5673875099 -37.6884755092)
1239		1	1	1	37.364	POINT(144.5672106380 -37.6874504011)	LINESTRING(144.5670006083 -37.6874250982,144.5674206677 -37.6874757040)
1240	Western Fwy	1	1	1	32.549	POINT(144.5668815604 -37.6918158808)	LINESTRING(144.5669103477 -37.6916712158,144.5668527732 -37.6919605455)
1241	High St	139	1	1	17.410	POINT(144.6052837224 -37.6910729402)	LINESTRING(144.6053538944 -37.6911220641,144.6053288707 -37.6910953779,144.6052992372 -37.6910712888,144.6052852968 -37.6910630290,144.6052700967 -37.6910563145,144.6052539803 -37.6910507239,144.6052372914 -37.6910458357,144.6052203734 -37.6910412285,144.6052035699 -37.6910364808,144.6051965635 -37.6910342292)
1242	Hopkins Rd	1	1	1	19.254	POINT(144.7012576908 -37.7475572090)	LINESTRING(144.7011841416 -37.7474931670,144.7012537603 -37.7475591184,144.7013347901 -37.7476182992)
1243	Hopkins Rd	1	1	1	31.078	POINT(144.7017925962 -37.7485317691)	LINESTRING(144.7017577497 -37.7483921233,144.7018123564 -37.7486315716,144.7018298371 -37.7486649629)
1244	Hopkins Rd	1	1	1	20.357	POINT(144.7014239864 -37.7483463537)	LINESTRING(144.7014908068 -37.7484210851,144.7013571661 -37.7482716222)
1249		1	1	1	23.758	POINT(144.5672384141 -37.6882133869)	LINESTRING(144.5671192970 -37.6882625157,144.5672295256 -37.6882116265,144.5673593333 -37.6881649954)
1263	Leakes Rd	1	1	1	70.408	POINT(144.6516975207 -37.7225751552)	LINESTRING(144.6515131861 -37.7228596281,144.6517385069 -37.7224825479,144.6518905873 -37.7223028646)
1264	Western Fwy	3	1	1	738.008	POINT(144.6141601733 -37.6982334437)	LINESTRING(144.6176048866 -37.7000763320,144.6168825382 -37.6995543837,144.6156654020 -37.6987167429,144.6153463588 -37.6985083809,144.6150223069 -37.6983047412,144.6146931131 -37.6981064052,144.6143585813 -37.6979139125,144.6140885053 -37.6977662024,144.6138141831 -37.6976233064,144.6135363415 -37.6974845783,144.6132557722 -37.6973494036,144.6130629759 -37.6972603243,144.6128679962 -37.6971741374,144.6126714695 -37.6970899303,144.6124740865 -37.6970068136,144.6123129522 -37.6969390384,144.6121514839 -37.6968719973,144.6119888689 -37.6968072343,144.6118242396 -37.6967462635,144.6115458708 -37.6966536467,144.6112636628 -37.6965677559,144.6109796743 -37.6964844876,144.6106962895 -37.6963998214)
1265	Western Hwy	3	1	1	429.612	POINT(144.6626611159 -37.7302282924)	LINESTRING(144.6646046054 -37.7313986560,144.6607176264 -37.7290579104)
1266	Leakes Rd	1	1	1	161.739	POINT(144.6542295883 -37.7202434601)	LINESTRING(144.6546233615 -37.7195873923,144.6545281471 -37.7198547997,144.6544106175 -37.7201286621,144.6542417725 -37.7203891066,144.6540968819 -37.7205919586,144.6540455719 -37.7206601455,144.6539519626 -37.7207623839,144.6538238668 -37.7208817664)
1902		2	2	1	42.218	POINT(144.7408274898 -37.7630618466)	LINESTRING(144.7407270533 -37.7628889073,144.7407350916 -37.7629035858,144.7407864265 -37.7629958710,144.7408393672 -37.7630874542,144.7409095469 -37.7632026797,144.7409288422 -37.7632332306)
1903		3	1	1	35.946	POINT(144.7405297789 -37.7625010147)	LINESTRING(144.7404612068 -37.7623478304,144.7404770296 -37.7623917779,144.7405993250 -37.7626518483)
1904		2	2	1	37.961	POINT(144.7410131472 -37.7634007381)	LINESTRING(144.7409161173 -37.7632483015,144.7409641010 -37.7633242759,144.7410373613 -37.7634386250,144.7411102027 -37.7635531339)
1905		2	2	1	41.822	POINT(144.6992329763 -37.7444583667)	LINESTRING(144.6990443099 -37.7443451508,144.6991381519 -37.7444069386,144.6992360628 -37.7444648069,144.6993362835 -37.7445203541,144.6994261956 -37.7445688651)
1906		2	2	1	101.166	POINT(144.6999257819 -37.7448061941)	LINESTRING(144.6994228577 -37.7445870203,144.6997422891 -37.7447390268,144.6999707703 -37.7448371531,144.7002008299 -37.7449312202,144.7004311116 -37.7450243104)
1907	Western Fwy	3	1	1	146.999	POINT(144.7029617290 -37.7460909542)	LINESTRING(144.7022130362 -37.7457971442,144.7037104218 -37.7463847630)
1908	Western Fwy	3	1	1	1372.754	POINT(144.7112409103 -37.7479853790)	LINESTRING(144.7037265950 -37.7463911877,144.7042866397 -37.7466066358,144.7050382330 -37.7468790222,144.7059020147 -37.7471567598,144.7070018977 -37.7473845748,144.7082847069 -37.7476302148,144.7097135793 -37.7478780553,144.7117740845 -37.7482597969,144.7143966567 -37.7487555464,144.7162546037 -37.7491055745,144.7187717820 -37.7495748730)
1909		3	1	1	12.945	POINT(144.6546609312 -37.7248251947)	LINESTRING(144.6546065038 -37.7247860046,144.6547153586 -37.7248643847)
1910		2	2	1	123.332	POINT(144.6073391602 -37.6951719516)	LINESTRING(144.6067044453 -37.6949451864,144.6068133076 -37.6949980593,144.6069429992 -37.6950512681,144.6070742179 -37.6951022426,144.6072058128 -37.6951525297,144.6072996383 -37.6951885137,144.6073938460 -37.6952239024,144.6074888399 -37.6952578768,144.6075850237 -37.6952896178,144.6076833064 -37.6953183817,144.6077827533 -37.6953446301,144.6078826658 -37.6953698724,144.6079823455 -37.6953956177)
1911	Western Hwy	3	1	1	69.625	POINT(144.7317652291 -37.7544264796)	LINESTRING(144.7320204769 -37.7546657309,144.7315099813 -37.7541872275)
1912		1	1	1	62.119	POINT(144.7389956840 -37.7636683086)	LINESTRING(144.7392499495 -37.7637350516,144.7392359543 -37.7637439469,144.7392013509 -37.7637605789,144.7391642974 -37.7637734980,144.7391254278 -37.7637824832,144.7390854072 -37.7637873806,144.7390449204 -37.7637881066,144.7390046601 -37.7637846487,144.7389653152 -37.7637770660,144.7389275588 -37.7637654884,144.7388920370 -37.7637501138,144.7388593577 -37.7637312054,144.7388300798 -37.7637090867,144.7388047044 -37.7636841361,144.7387836657 -37.7636567806,144.7387673237 -37.7636274882,144.7387559579 -37.7635967601,144.7387497628 -37.7635651220,144.7387488445 -37.7635331154)
1913		1	1	1	66.938	POINT(144.7391402665 -37.7634545696)	LINESTRING(144.7389052749 -37.7633347608,144.7389434383 -37.7633115363,144.7389934245 -37.7632985514,144.7390433255 -37.7632941521,144.7390771492 -37.7632929277,144.7391301589 -37.7633010144,144.7391682618 -37.7633149430,144.7391883361 -37.7633211226,144.7392242796 -37.7633370467,144.7392569589 -37.7633559552,144.7392862368 -37.7633780740,144.7393116122 -37.7634030247,144.7393326509 -37.7634303803,144.7393489929 -37.7634596728,144.7393603587 -37.7634904010,144.7393665538 -37.7635220391,144.7393674721 -37.7635540457,144.7393630980 -37.7635858733,144.7393535063 -37.7636169772,144.7393489206 -37.7636263231)
1914		3	1	1	173.783	POINT(144.7403029358 -37.7640612882)	LINESTRING(144.7411177030 -37.7644708506,144.7411118694 -37.7644657386,144.7410906712 -37.7644473600,144.7410693392 -37.7644290775,144.7410478652 -37.7644108994,144.7410262407 -37.7643928339,144.7410044575 -37.7643748894,144.7409825071 -37.7643570741,144.7409604674 -37.7643394306,144.7409382857 -37.7643218959,144.7409159544 -37.7643044791,144.7408934664 -37.7642871889,144.7408708142 -37.7642700343,144.7408479905 -37.7642530241,144.7408249880 -37.7642361672,144.7408018810 -37.7642194354,144.7407786677 -37.7642027873,144.7407553048 -37.7641862688,144.7407317493 -37.7641699258,144.7407079581 -37.7641538043,144.7406838879 -37.7641379501,144.7406594957 -37.7641224092,144.7406278839 -37.7641028836,144.7405959542 -37.7640836706,144.7405637054 -37.7640647868,144.7405311364 -37.7640462488,144.7404982462 -37.7640280732,144.7404650336 -37.7640102767,144.7404314976 -37.7639928757,144.7403853751 -37.7639698658,144.7403387206 -37.7639475324,144.7402916291 -37.7639257616,144.7402441957 -37.7639044393,144.7401965156 -37.7638834514,144.7401486838 -37.7638626837,144.7401007955 -37.7638420222,144.7400674528 -37.7638278008,144.7400339605 -37.7638137996,144.7400003393 -37.7637999899,144.7399666102 -37.7637863427,144.7399327940 -37.7637728292,144.7398989115 -37.7637594207,144.7398649837 -37.7637460883,144.7398426526 -37.7637371691,144.7398203971 -37.7637280890,144.7397981254 -37.7637190257,144.7397757456 -37.7637101571,144.7397531658 -37.7637016611,144.7397302940 -37.7636937156,144.7397070385 -37.7636864982,144.7396917583 -37.7636822638,144.7396763242 -37.7636783569,144.7396607537 -37.7636747787,144.7396450645 -37.7636715304,144.7396292741 -37.7636686132,144.7396134000 -37.7636660283,144.7395974598 -37.7636637769,144.7395800450 -37.7636618506,144.7395625445 -37.7636605002,144.7395449816 -37.7636595688,144.7395273797 -37.7636588991,144.7395097622 -37.7636583341,144.7394921525 -37.7636577168,144.7394745740 -37.7636568900)
1915		1	1	1	13.112	POINT(144.7393048522 -37.7636853474)	LINESTRING(144.7393448082 -37.7636347046,144.7393388611 -37.7636468252,144.7393194130 -37.7636749067,144.7392954947 -37.7637007412,144.7392675156 -37.7637238866,144.7392588121 -37.7637294186)
1919		1	1	1	45.492	POINT(144.7391354603 -37.7578408934)	LINESTRING(144.7388854800 -37.7578116516,144.7390872774 -37.7578549578,144.7392530535 -37.7578692247,144.7393826819 -37.7578244190)
1920		1	1	1	38.046	POINT(144.7390782805 -37.7578936087)	LINESTRING(144.7392882285 -37.7579370397,144.7390582472 -37.7579035481,144.7388715734 -37.7578494777)
1973		3	1	1	67.460	POINT(144.7029312873 -37.7476581766)	LINESTRING(144.7033106702 -37.7476112112,144.7031690223 -37.7476273461,144.7029636619 -37.7476528800,144.7027583038 -37.7476792726,144.7025528179 -37.7477052517)
1976	Western Hwy	2	2	1	58.916	POINT(144.7307714097 -37.7537067032)	LINESTRING(144.7310392838 -37.7538626843,144.7309107960 -37.7537779612,144.7307762420 -37.7536990431,144.7306369333 -37.7536252826,144.7304941814 -37.7535560324)
1977	Western Hwy	3	1	1	48.694	POINT(144.7312503132 -37.7540123426)	LINESTRING(144.7314506090 -37.7541629107,144.7313525604 -37.7540855797,144.7312532967 -37.7540091365,144.7311511388 -37.7539353019,144.7310444076 -37.7538657964)
1979	Leakes Rd	1	1	1	209.108	POINT(144.6511483678 -37.7237936208)	LINESTRING(144.6508123328 -37.7246980019,144.6510671335 -37.7239787213,144.6511421080 -37.7237036041,144.6512738138 -37.7233092179,144.6513659970 -37.7231050154,144.6514890943 -37.7228991627)
1980	Leakes Rd	1	1	1	19.625	POINT(144.6500352164 -37.7261189925)	LINESTRING(144.6499824304 -37.7261967503,144.6500880025 -37.7260412347)
1990	Leakes Rd	1	1	1	27.289	POINT(144.6522628209 -37.7219196106)	LINESTRING(144.6521662175 -37.7220156538,144.6523594243 -37.7218235674)
2039		3	1	1	43.046	POINT(144.6520605757 -37.7216609250)	LINESTRING(144.6518183717 -37.7216493171,144.6518404477 -37.7216461985,144.6518624972 -37.7216429132,144.6518845996 -37.7216399613,144.6519068340 -37.7216378435,144.6519391898 -37.7216359658,144.6519716385 -37.7216349619,144.6520040808 -37.7216351229,144.6520364171 -37.7216367399,144.6520709755 -37.7216404165,144.6521052337 -37.7216457566,144.6521392700 -37.7216521162,144.6521731628 -37.7216588514,144.6522046112 -37.7216655941,144.6522358236 -37.7216730183,144.6522669416 -37.7216807151,144.6522981068 -37.7216882757)
2042		3	1	1	64.017	POINT(144.6550325471 -37.7250660344)	LINESTRING(144.6547588097 -37.7248762708,144.6553062844 -37.7252557975)
2043		2	2	1	43.839	POINT(144.6556395945 -37.7254738120)	LINESTRING(144.6554433382 -37.7253522636,144.6558358508 -37.7255953603)
2044		2	2	1	38.560	POINT(144.6065068029 -37.6948523785)	LINESTRING(144.6063287904 -37.6947511025,144.6066848154 -37.6949536543)
2045		3	1	1	51.800	POINT(144.6060890733 -37.6946004005)	LINESTRING(144.6058635164 -37.6944518220,144.6061123393 -37.6946277492,144.6062494416 -37.6947059588,144.6063195574 -37.6947458496)
2145		1	1	1	50.564	POINT(144.6528282792 -37.7159391810)	LINESTRING(144.6525455801 -37.7158977818,144.6531109783 -37.7159805801)
2146		1	1	1	83.514	POINT(144.6542574093 -37.7163239773)	LINESTRING(144.6547224447 -37.7163999755,144.6537923740 -37.7162479790)
2147		1	1	1	26.432	POINT(144.6533662522 -37.7160340865)	LINESTRING(144.6532189938 -37.7160103191,144.6535135106 -37.7160578540)
2148		1	1	1	37.025	POINT(144.6546257437 -37.7162370026)	LINESTRING(144.6544194739 -37.7162036972,144.6548320136 -37.7162703079)
2149		1	1	1	36.349	POINT(144.6537480666 -37.7160766062)	LINESTRING(144.6535449881 -37.7160462369,144.6539511451 -37.7161069755)
2152	Meskos Rd	1	1	1	9.758	POINT(144.7014578095 -37.7494865799)	LINESTRING(144.7014041249 -37.7494976674,144.7015114941 -37.7494754923)
2153	Sheahan Rd	1	1	1	20.171	POINT(144.7027184343 -37.7492761803)	LINESTRING(144.7028280804 -37.7492495783,144.7026087883 -37.7493027823)
2154	Hopkins Rd	1	1	1	12.167	POINT(144.7020615918 -37.7490643052)	LINESTRING(144.7020325623 -37.7490146509,144.7020906214 -37.7491139595)
2156	Meskos Rd	1	1	1	209.280	POINT(144.7009323214 -37.7488504782)	LINESTRING(144.7015574699 -37.7495454153,144.7014951187 -37.7495575946,144.7014327674 -37.7495697739,144.7013697686 -37.7495734973,144.7013131717 -37.7495661798,144.7012584162 -37.7495513957,144.7012068811 -37.7495309450,144.7011548609 -37.7495019969,144.7011079851 -37.7494674556,144.7010648322 -37.7494300186,144.7010189014 -37.7493834448,144.7009778358 -37.7493339219,144.7009396464 -37.7492829781,144.7008993256 -37.7492238671,144.7008624061 -37.7491633202,144.7008273483 -37.7491020837,144.7007912195 -37.7490351406,144.7007571411 -37.7489675085,144.7007239626 -37.7488995955,144.7006905357 -37.7488291702,144.7006580445 -37.7487584663,144.7006255138 -37.7486877738,144.7005933931 -37.7486180300,144.7005612335 -37.7485482976,144.7005280265 -37.7484788791,144.7004959270 -37.7484138464,144.7004628495 -37.7483491229,144.7004275254 -37.7482851717,144.7003930057 -37.7482292492,144.7003565204 -37.7481740808,144.7003200351 -37.7481189124)
2157	Hopkins Rd	1	1	1	16.195	POINT(144.7023468540 -37.7498116991)	LINESTRING(144.7023834939 -37.7498784986,144.7023102141 -37.7497448996)
2159	Meskos Rd	1	1	1	20.889	POINT(144.7018794207 -37.7494117824)	LINESTRING(144.7017657057 -37.7494388946,144.7019931356 -37.7493846702)
2160	Sheahan Rd	1	1	1	22.024	POINT(144.7024781980 -37.7493344657)	LINESTRING(144.7025979167 -37.7493054199,144.7023584792 -37.7493635115)
2171	Hopkins Rd	1	1	1	28.765	POINT(144.7022394433 -37.7496181292)	LINESTRING(144.7023056894 -37.7497366503,144.7022721325 -37.7496754714,144.7021728017 -37.7495003168)
2173	Hopkins Rd	1	1	1	16.127	POINT(144.7021338684 -37.7491879323)	LINESTRING(144.7020953931 -37.7491221213,144.7021723438 -37.7492537433)
2174	Hopkins Rd	1	1	1	170.252	POINT(144.7027431240 -37.7509666771)	LINESTRING(144.7029239827 -37.7517197520,144.7028114424 -37.7512434238,144.7026877719 -37.7506077398,144.7026189744 -37.7503515454,144.7025607681 -37.7502180743)
2175	Hopkins Rd	1	1	1	464.149	POINT(144.7032553518 -37.7538472078)	LINESTRING(144.7030947195 -37.7517703803,144.7031223190 -37.7518901401,144.7032200214 -37.7523924167,144.7032992351 -37.7528966035,144.7033589316 -37.7534020513,144.7033980826 -37.7539081108,144.7034156596 -37.7544141327,144.7034106343 -37.7549194679,144.7033819884 -37.7554232877,144.7033140771 -37.7559251238)
2177		3	1	1	39.454	POINT(144.6530124832 -37.7254830028)	LINESTRING(144.6532352892 -37.7254956076,144.6530861041 -37.7254849649,144.6529371407 -37.7254756408,144.6527878343 -37.7254704955)
2178	Melton Hwy	1	1	1	29.425	POINT(144.6043952204 -37.6931781441)	LINESTRING(144.6044194424 -37.6930471497,144.6043709985 -37.6933091383)
2194	Taylors Rd	1	1	1	37.462	POINT(144.6557579016 -37.7165480374)	LINESTRING(144.6559654668 -37.7165858739,144.6555503363 -37.7165102009)
2195	Meskos Rd	1	1	1	20.593	POINT(144.7016357848 -37.7494498225)	LINESTRING(144.7015224968 -37.7494732200,144.7017490729 -37.7494264251)
2196	Leakes Rd	1	1	1	21.803	POINT(144.6553606277 -37.7160880436)	LINESTRING(144.6553762318 -37.7159907579,144.6553450236 -37.7161853292)
2204	Western Hwy	3	1	1	98.687	POINT(144.7324223705 -37.7549890369)	LINESTRING(144.7328241843 -37.7552971285,144.7326786349 -37.7552045622,144.7325376303 -37.7551072724,144.7324016930 -37.7550054098,144.7322713457 -37.7548991250,144.7321471108 -37.7547885687,144.7320295109 -37.7546738918)
2205	Western Hwy	2	2	1	152.623	POINT(144.7291190144 -37.7528618195)	LINESTRING(144.7298715147 -37.7531990374,144.7297676856 -37.7531449385,144.7296634006 -37.7530914677,144.7295586168 -37.7530387026,144.7294532914 -37.7529867210,144.7293473816 -37.7529356002,144.7292408444 -37.7528854181,144.7291336371 -37.7528362522,144.7290257168 -37.7527881801,144.7289170408 -37.7527412794,144.7288075661 -37.7526956278,144.7286972499 -37.7526513029,144.7285860495 -37.7526083822,144.7284739218 -37.7525669434,144.7283608243 -37.7525270642)
2206	Neales Rd W	1	1	1	87.931	POINT(144.7004986265 -37.7408983773)	LINESTRING(144.7000028043 -37.7408475816,144.7009944488 -37.7409491729)
2207	Western Hwy	2	2	1	57.731	POINT(144.7302247744 -37.7533987569)	LINESTRING(144.7305000550 -37.7535402779,144.7303390359 -37.7534593480,144.7301127817 -37.7533405165,144.7299499576 -37.7532570000)
2208		1	1	1	71.411	POINT(144.6017837121 -37.7005654478)	LINESTRING(144.6013963951 -37.7004681322,144.6017197867 -37.7005394585,144.6020377145 -37.7006264675,144.6021697945 -37.7006630701)
2209		1	1	1	58.104	POINT(144.6050644037 -37.7014400487)	LINESTRING(144.6053934156 -37.7014799319,144.6049114816 -37.7014414197,144.6047435429 -37.7013988215)
2210		1	1	1	122.592	POINT(144.6020431622 -37.7007139561)	LINESTRING(144.6027074731 -37.7008800706,144.6023817748 -37.7008049636,144.6020610678 -37.7007160878,144.6017443637 -37.7006294138,144.6013786806 -37.7005478799)
2211		1	1	1	100.020	POINT(144.6042117501 -37.7012278052)	LINESTRING(144.6047344889 -37.7013965999,144.6038092383 -37.7010823311,144.6036815803 -37.7010608767)
2212		1	1	1	206.032	POINT(144.6042741370 -37.7011592853)	LINESTRING(144.6031584457 -37.7009018244,144.6038315760 -37.7010143203,144.6049012261 -37.7013721616,144.6053916816 -37.7014165072)
2213	Zone connector	1	1	1	122.607	POINT(144.6029304629 -37.7004308618)	LINESTRING(144.6028245564 -37.7009760413,144.6030363693 -37.6998856782)
2214	Ferris Rd	1	1	1	385.219	POINT(144.6027070034 -37.7024319048)	LINESTRING(144.6030246825 -37.7007172308,144.6023893244 -37.7041465390)
2215	Zone connector	1	1	1	122.607	POINT(144.6025878369 -37.7022529479)	LINESTRING(144.6024866656 -37.7027986771,144.6026890082 -37.7017072147)
2216	Zone connector	1	1	1	12.022	POINT(144.6027579177 -37.7013526676)	LINESTRING(144.6027478822 -37.7014061657,144.6027679531 -37.7012991696)
2217	Zone connector	1	1	1	23.792	POINT(144.6027313322 -37.7015948597)	LINESTRING(144.6027103486 -37.7017005975,144.6027523157 -37.7014891217)
2251	Ferris Rd	1	1	1	11.580	POINT(144.6030778644 -37.7004301775)	LINESTRING(144.6030874143 -37.7003786312,144.6030683145 -37.7004817237)
2252	Ferris Rd	1	1	1	44.188	POINT(144.6031058140 -37.7001707527)	LINESTRING(144.6031422547 -37.6999740600,144.6030693733 -37.7003674449)
2253		1	1	1	13.892	POINT(144.6022550727 -37.7006867028)	LINESTRING(144.6021805271 -37.7006660444,144.6023296184 -37.7007073613)
2254		1	1	1	22.252	POINT(144.6025606515 -37.7007620914)	LINESTRING(144.6024391302 -37.7007342246,144.6026821729 -37.7007899583)
2255		1	1	1	24.064	POINT(144.6035324821 -37.7010519158)	LINESTRING(144.6036663218 -37.7010744092,144.6033986424 -37.7010294224)
2256	Zone connector	1	1	1	29.199	POINT(144.6027939966 -37.7011603336)	LINESTRING(144.6027696226 -37.7012902696,144.6028183707 -37.7010303974)
2257		1	1	1	18.374	POINT(144.6032853248 -37.7010103780)	LINESTRING(144.6033875187 -37.7010275530,144.6031831308 -37.7009932030)
2258	Ferris Rd	1	1	1	24.454	POINT(144.6030464985 -37.7005994774)	LINESTRING(144.6030666652 -37.7004906262,144.6030263318 -37.7007083284)
2259	Ferris Rd  Melton Hwy	1	1	1	49.995	POINT(144.6041575937 -37.6936478521)	LINESTRING(144.6041227210 -37.6938710924,144.6041924664 -37.6934246112)
2260		3	1	1	41.146	POINT(144.6034199332 -37.6936382081)	LINESTRING(144.6032430843 -37.6937596129,144.6033454565 -37.6936908037,144.6034472875 -37.6936191617,144.6035502690 -37.6935481673,144.6035939559 -37.6935147770)
2261		3	1	1	18.486	POINT(144.6039411661 -37.6933507454)	LINESTRING(144.6038537308 -37.6933857116,144.6038760420 -37.6933705877,144.6039010907 -37.6933583737,144.6039282413 -37.6933485417,144.6039568579 -37.6933405637,144.6039863048 -37.6933339118,144.6040159461 -37.6933280580,144.6040451461 -37.6933224744)
2279	Zone connector	1	1	1	60.745	POINT(144.6044999539 -37.6919674574)	LINESTRING(144.6044375497 -37.6922362713,144.6045623580 -37.6916986425)
2344	Leakes Rd	1	1	1	42.363	POINT(144.6501822341 -37.7258450509)	LINESTRING(144.6500802487 -37.7260176464,144.6502842194 -37.7256724549)
2345		1	1	1	135.794	POINT(144.6515918709 -37.7255908792)	LINESTRING(144.6523544328 -37.7255314747,144.6516754824 -37.7256366681,144.6514776697 -37.7256496832,144.6512667705 -37.7256479810,144.6511049574 -37.7256378012,144.6508259463 -37.7256138849)
2346		3	1	1	30.438	POINT(144.6526008226 -37.7254797403)	LINESTRING(144.6527735027 -37.7254705953,144.6526871626 -37.7254751678,144.6526008226 -37.7254797403,144.6525144826 -37.7254843128,144.6524281426 -37.7254888853)
2347		1	1	1	148.824	POINT(144.6488695307 -37.7258318425)	LINESTRING(144.6481288815 -37.7255081404,144.6496101800 -37.7261555432)
2348		1	1	1	19.202	POINT(144.6497050744 -37.7262164217)	LINESTRING(144.6496102091 -37.7261736722,144.6497999397 -37.7262591712)
2350		1	1	1	169.047	POINT(144.6488914005 -37.7259737503)	LINESTRING(144.6497304418 -37.7263446470,144.6480523591 -37.7256028518)
2351		1	1	1	104.582	POINT(144.6488580620 -37.7279023441)	LINESTRING(144.6486104405 -37.7283320820,144.6486537104 -37.7282129603,144.6488035180 -37.7279137460,144.6491110726 -37.7274827755)
2352		1	1	1	27.315	POINT(144.6497372477 -37.7266462890)	LINESTRING(144.6496618224 -37.7267536724,144.6498126730 -37.7265389055)
2353		1	1	1	194.657	POINT(144.6494596423 -37.7273377159)	LINESTRING(144.6499904684 -37.7265695560,144.6489288162 -37.7281058678)
2354		1	1	1	43.640	POINT(144.6507000343 -37.7267489701)	LINESTRING(144.6509202027 -37.7268394805,144.6504798659 -37.7266584596)
2355		1	1	1	31.969	POINT(144.6503179434 -37.7265737734)	LINESTRING(144.6504790432 -37.7266403597,144.6501568435 -37.7265071870)
2356		1	1	1	62.320	POINT(144.6505311762 -37.7265348174)	LINESTRING(144.6502151041 -37.7264081184,144.6508472483 -37.7266615163)
2357	Leakes Rd	1	1	1	31.169	POINT(144.6502444513 -37.7261396255)	LINESTRING(144.6503302133 -37.7260169587,144.6501586893 -37.7262622922)
2360		1	1	1	92.429	POINT(144.6493877311 -37.7271167569)	LINESTRING(144.6491354809 -37.7274814141,144.6496399814 -37.7267520980)
2361		1	1	1	258.251	POINT(144.6483729911 -37.7294990344)	LINESTRING(144.6481659957 -37.7306493427,144.6484115088 -37.7289175136,144.6484759663 -37.7286406142,144.6485813210 -37.7283539885)
2363		1	1	1	281.377	POINT(144.6486214973 -37.7294129364)	LINESTRING(144.6488744624 -37.7281702836,144.6488046680 -37.7283269616,144.6487541573 -37.7284640730,144.6487097981 -37.7285919217,144.6486435875 -37.7288305287,144.6485796695 -37.7291668652,144.6483705530 -37.7306625693)
2364		1	66	2	73.078	POINT(144.6496345620 -37.7262572474)	LINESTRING(144.6498243711 -37.7260626589,144.6498584596 -37.7262140005,144.6497045103 -37.7264375423,144.6493925189 -37.7264041116)
2366		1	66	2	74.841	POINT(144.6496347933 -37.7262658715)	LINESTRING(144.6493954762 -37.7264484011,144.6495143548 -37.7264159945,144.6497053429 -37.7264364594,144.6498597717 -37.7262152494,144.6498368303 -37.7261128214,144.6497649064 -37.7260823339)
2369		1	66	2	96.783	POINT(144.6497676904 -37.7265874329)	LINESTRING(144.6494012983 -37.7263457729,144.6495096768 -37.7264142123,144.6497029917 -37.7264366273,144.6501254723 -37.7266120144,144.6500991811 -37.7268399629)
2370		1	66	2	95.445	POINT(144.6498012897 -37.7265867683)	LINESTRING(144.6501786926 -37.7268225405,144.6501060756 -37.7267682230,144.6501270446 -37.7266116592,144.6497137559 -37.7264386191,144.6495394818 -37.7264146388,144.6494212011 -37.7263526825)
2373	Leakes Rd	1	1	1	182.889	POINT(144.6517142837 -37.7232592136)	LINESTRING(144.6520961088 -37.7225092332,144.6520668164 -37.7225420729,144.6520239699 -37.7225902929,144.6519815817 -37.7226387724,144.6519400308 -37.7226876753,144.6518996961 -37.7227371652,144.6518609567 -37.7227874060,144.6518241916 -37.7228385615,144.6518032838 -37.7228700156,144.6517835102 -37.7229019332,144.6517647153 -37.7229342386,144.6517467436 -37.7229668562,144.6517294395 -37.7229997103,144.6517126474 -37.7230327253,144.6516962120 -37.7230658254,144.6516606526 -37.7231396815,144.6516264563 -37.7232139535,144.6515935590 -37.7232886040,144.6515618960 -37.7233635956,144.6515314031 -37.7234388909,144.6515020159 -37.7235144525,144.6514736700 -37.7235902431,144.6514549101 -37.7236426167,144.6514369731 -37.7236951784,144.6514198312 -37.7237479119,144.6514034564 -37.7238008011,144.6513878209 -37.7238538299,144.6513728967 -37.7239069821,144.6513421931 -37.7240270480)
2374		3	1	1	98.856	POINT(144.6511111159 -37.7217096860)	LINESTRING(144.6505486584 -37.7217612798,144.6506287651 -37.7217609981,144.6507128424 -37.7217601146,144.6507968009 -37.7217582087,144.6508806019 -37.7217550101,144.6509642304 -37.7217502473,144.6510465071 -37.7217440562,144.6511286091 -37.7217364763,144.6512103902 -37.7217273383,144.6512916754 -37.7217164797,144.6513744233 -37.7217029030,144.6516620732 -37.7216571665)
2377	Leakes Rd	1	1	1	31.209	POINT(144.6509396216 -37.7251214537)	LINESTRING(144.6510116435 -37.7249910248,144.6509526063 -37.7251041908,144.6508644061 -37.7252462840)
2378	Western Fwy	2	2	1	25.273	POINT(144.6573335152 -37.7265784082)	LINESTRING(144.6572198654 -37.7265088521,144.6574471649 -37.7266479641)
2379	Western Fwy	2	2	1	15.960	POINT(144.6590623988 -37.7276556502)	LINESTRING(144.6589908364 -37.7276115133,144.6591339612 -37.7276997870)
2380		2	2	1	100.071	POINT(144.6567219021 -37.7261574087)	LINESTRING(144.6562618752 -37.7258925524,144.6571819290 -37.7264222641)
2385		3	1	1	299.579	POINT(144.7562763373 -37.7971884851)	LINESTRING(144.7579425983 -37.7974672303,144.7575466862 -37.7974244757,144.7569029751 -37.7973366869,144.7561824397 -37.7972056920,144.7552236601 -37.7970245302,144.7546119907 -37.7969094561)
2386	Western Fwy  Deer Park Byp	3	1	1	2896.360	POINT(144.7460231997 -37.7787751453)	LINESTRING(144.7492750402 -37.7913911643,144.7492473863 -37.7913230388,144.7492195198 -37.7912550079,144.7491921582 -37.7911869855,144.7491659362 -37.7911186840,144.7490794400 -37.7908894900,144.7489941325 -37.7906600769,144.7489158780 -37.7904296294,144.7488504568 -37.7901971708,144.7486869895 -37.7893830879,144.7485716206 -37.7885627672,144.7484737044 -37.7877397864,144.7483625904 -37.7869180230,144.7483304137 -37.7867173507,144.7482972169 -37.7865169309,144.7482639658 -37.7863165811,144.7482316351 -37.7861161792,144.7482241098 -37.7860675530,144.7482167595 -37.7860188878,144.7482094730 -37.7859701659,144.7482021501 -37.7859214428,144.7481947758 -37.7858727385,144.7481874014 -37.7858240342,144.7481800271 -37.7857753298,144.7481726527 -37.7857266254,144.7481652784 -37.7856779209,144.7481579040 -37.7856292164,144.7481505297 -37.7855805119,144.7481431554 -37.7855318074,144.7481357810 -37.7854831028,144.7481284067 -37.7854343982,144.7481210323 -37.7853856935,144.7481136580 -37.7853369889,144.7481062836 -37.7852882842,144.7480989093 -37.7852395794,144.7480915350 -37.7851908746,144.7480841606 -37.7851421698,144.7480767863 -37.7850934650,144.7480694119 -37.7850447601,144.7480620376 -37.7849960552,144.7480546632 -37.7849473503,144.7480472889 -37.7848986453,144.7480399145 -37.7848499403,144.7480325402 -37.7848012353,144.7480251659 -37.7847525303,144.7480177915 -37.7847038252,144.7480104172 -37.7846551200,144.7480030428 -37.7846064149,144.7479956685 -37.7845577097,144.7479882941 -37.7845090045,144.7479809198 -37.7844602992,144.7479735455 -37.7844115939,144.7479661711 -37.7843628886,144.7479587968 -37.7843141833,144.7479514224 -37.7842654779,144.7479440481 -37.7842167725,144.7479366737 -37.7841680670,144.7479292994 -37.7841193615,144.7479219251 -37.7840706560,144.7479145507 -37.7840219505,144.7479071764 -37.7839732449,144.7478998020 -37.7839245393,144.7478924277 -37.7838758337,144.7478850533 -37.7838271280,144.7478776790 -37.7837784225,144.7478703055 -37.7837297168,144.7478629324 -37.7836810107,144.7478555583 -37.7836323042,144.7478481814 -37.7835835979,144.7478408020 -37.7835348920,144.7478334206 -37.7834861862,144.7478260367 -37.7834374804,144.7478186497 -37.7833887746,144.7478112589 -37.7833400693,144.7478038649 -37.7832913647,144.7477964691 -37.7832426606,144.7477890731 -37.7831939563,144.7477816764 -37.7831452520,144.7477742785 -37.7830965482,144.7477668810 -37.7830478447,144.7477594854 -37.7829991408,144.7477520913 -37.7829504367,144.7477446981 -37.7829017328,144.7477373074 -37.7828530291,144.7477299207 -37.7828043248,144.7477225376 -37.7827556200,144.7477151575 -37.7827069153,144.7477077821 -37.7826582106,144.7477004128 -37.7826095051,144.7476930491 -37.7825607989,144.7476856907 -37.7825120926,144.7476783390 -37.7824633860,144.7476709956 -37.7824146785,144.7476636600 -37.7823659701,144.7476563319 -37.7823172613,144.7476490124 -37.7822685520,144.7476417029 -37.7822198419,144.7476170273 -37.7820551647,144.7475923849 -37.7818904838,144.7475677722 -37.7817257996,144.7475431859 -37.7815611126,144.7475186286 -37.7813964227,144.7474941007 -37.7812317292,144.7474695963 -37.7810670327,144.7474451093 -37.7809023343,144.7474206417 -37.7807376339,144.7473961955 -37.7805729307,144.7473717646 -37.7804082253,144.7473473430 -37.7802435187,144.7473229327 -37.7800788109,144.7472985356 -37.7799141010,144.7472741457 -37.7797493897,144.7472497569 -37.7795846780,144.7472253713 -37.7794199658,144.7472009909 -37.7792552523,144.7471766095 -37.7790905380,144.7471522211 -37.7789258242,144.7471278278 -37.7787611107,144.7471034314 -37.7785963966,144.7470790260 -37.7784316825,144.7470546053 -37.7782669682,144.7470301542 -37.7781022571,144.7470056809 -37.7779375498,144.7469812138 -37.7777728437,144.7469567812 -37.7776081339,144.7469425623 -37.7775121525,144.7469283553 -37.7774161710,144.7469141688 -37.7773201886,144.7469000115 -37.7772242046,144.7468858922 -37.7771282157,144.7468718040 -37.7770322218,144.7468577313 -37.7769362243,144.7468436591 -37.7768402274,144.7468295925 -37.7767442304,144.7468155364 -37.7766482303,144.7468014752 -37.7765522285,144.7467873939 -37.7764562291,144.7467732977 -37.7763602318,144.7467591913 -37.7762642333,144.7467450593 -37.7761682350,144.7467308866 -37.7760722411,144.7467166783 -37.7759762513,144.7467024393 -37.7758802623,144.7466881541 -37.7757842754,144.7466738075 -37.7756882948,144.7466594049 -37.7755923203,144.7466449509 -37.7754963486,144.7466304300 -37.7754003809,144.7466158273 -37.7753044219,144.7466011494 -37.7752084704,144.7465864003 -37.7751125232,144.7465715619 -37.7750165821,144.7465566160 -37.7749206504,144.7465447758 -37.7748452380,144.7465328541 -37.7747698344,144.7465208570 -37.7746944393,144.7465087901 -37.7746190497,144.7464966453 -37.7745436678,144.7464844233 -37.7744682967,144.7464721425 -37.7743929345,144.7464598207 -37.7743175754,144.7464474517 -37.7742422196,144.7464350301 -37.7741668723,144.7464225744 -37.7740915314,144.7464101023 -37.7740161911,144.7463976076 -37.7739408518,144.7463850849 -37.7738655183,144.7463725526 -37.7737901888,144.7463600286 -37.7737148574,144.7463475066 -37.7736395246,144.7463349812 -37.7735641952,144.7463224709 -37.7734888672,144.7463099934 -37.7734135347,144.7462975425 -37.7733381986,144.7462851129 -37.7732628633,144.7462727229 -37.7731875269,144.7462603891 -37.7731121761,144.7462480616 -37.7730368262,144.7462357521 -37.7729614925,144.7462235666 -37.7728861450,144.7462116178 -37.7728107941,144.7462052883 -37.7727700423,144.7461990566 -37.7727292468,144.7461929416 -37.7726884593,144.7461869523 -37.7726476670,144.7461811194 -37.7726068514,144.7461754285 -37.7725660233,144.7461698116 -37.7725251477,144.7461642125 -37.7724842770,144.7461586517 -37.7724434056,144.7461531471 -37.7724025102,144.7461476361 -37.7723615962,144.7461420596 -37.7723206942,144.7461364393 -37.7722798084,144.7461307918 -37.7722389057,144.7461250576 -37.7721980145,144.7461191708 -37.7721571172,144.7461131579 -37.7721162511,144.7461070361 -37.7720753884,144.7461007409 -37.7720345233,144.7460942114 -37.7719936751,144.7460874728 -37.7719528671,144.7460805418 -37.7719120723,144.7460733539 -37.7718712865,144.7460658481 -37.7718305266,144.7460580210 -37.7717898071,144.7460499026 -37.7717491258,144.7460414832 -37.7717084801,144.7460327537 -37.7716678702,144.7460278189 -37.7716457899,144.7460227104 -37.7716237440,144.7460174586 -37.7716017352,144.7460120900 -37.7715797515,144.7460065984 -37.7715577817,144.7460009740 -37.7715358340,144.7459952350 -37.7715139141,144.7459893960 -37.7714920139,144.7459834491 -37.7714701242,144.7459773917 -37.7714482563,144.7459712415 -37.7714264139,144.7459650132 -37.7714045885,144.7459586983 -37.7713827704,144.7459522945 -37.7713609715,144.7459458198 -37.7713391950,144.7459392883 -37.7713174323,144.7459326921 -37.7712956756,144.7459260242 -37.7712739202,144.7459193124 -37.7712522026,144.7459125634 -37.7712304891,144.7459057721 -37.7712087817,144.7458989367 -37.7711870923,144.7458920729 -37.7711654178,144.7458851947 -37.7711437489,144.7458783061 -37.7711220834,144.7458713977 -37.7711004194,144.7458644653 -37.7710787578,144.7458575071 -37.7710571056,144.7458508723 -37.7710365231,144.7458442150 -37.7710159360,144.7458375207 -37.7709953474,144.7458307771 -37.7709747676,144.7458239838 -37.7709542009,144.7458171467 -37.7709336424,144.7458102646 -37.7709130925,144.7458033367 -37.7708925526,144.7457963630 -37.7708720217,144.7457893440 -37.7708514997,144.7457822784 -37.7708309869,144.7457751653 -37.7708104847,144.7457680052 -37.7707899928,144.7457607982 -37.7707695104,144.7457535431 -37.7707490379,144.7457462389 -37.7707285765,144.7457388863 -37.7707081267,144.7457314853 -37.7706876871,144.7457240345 -37.7706672579,144.7457165331 -37.7706468407,144.7457089820 -37.7706264361,144.7457013808 -37.7706060423,144.7456937342 -37.7705856750,144.7456860292 -37.7705653037,144.7456782686 -37.7705449463,144.7456704497 -37.7705245906,144.7456625913 -37.7705042660,144.7456546925 -37.7704839508,144.7456444122 -37.7704576590,144.7456340762 -37.7704313829,144.7456236889 -37.7704051217,144.7456132549 -37.7703788744,144.7456027760 -37.7703526322,144.7455922492 -37.7703263977,144.7455816664 -37.7703001733,144.7455710212 -37.7702739660,144.7455603161 -37.7702477741,144.7455495522 -37.7702215931,144.7455387281 -37.7701954419,144.7455278236 -37.7701692939,144.7455168492 -37.7701431668,144.7455058061 -37.7701170563,144.7454946850 -37.7700909623,144.7454834788 -37.7700648898,144.7454721923 -37.7700388429,144.7454608263 -37.7700128162,144.7454493715 -37.7699868097,144.7454378207 -37.7699608284,144.7454261792 -37.7699348768,144.7454144474 -37.7699089490,144.7454026160 -37.7698830454,144.7453906772 -37.7698571690,144.7453786271 -37.7698313267,144.7453664724 -37.7698055189,144.7453542231 -37.7697797439,144.7453418878 -37.7697539962,144.7453265568 -37.7697222618,144.7453111115 -37.7696905640,144.7452955664 -37.7696589019,144.7452799340 -37.7696272709,144.7452642152 -37.7695956579,144.7452484045 -37.7695640699,144.7452324936 -37.7695325099,144.7452164752 -37.7695009828,144.7452003520 -37.7694694873,144.7451841270 -37.7694380231,144.7451677909 -37.7694065913,144.7451513367 -37.7693751969,144.7451347689 -37.7693438424,144.7451180887 -37.7693125238,144.7451012867 -37.7692812422,144.7450843560 -37.7692500031,144.7450673025 -37.7692188111,144.7450501260 -37.7691876598,144.7450328173 -37.7691565507,144.7450153693 -37.7691254892,144.7449977889 -37.7690944812,144.7449800751 -37.7690635192,144.7449622188 -37.7690326047,144.7449442126 -37.7690017429,144.7449260603 -37.7689709405,144.7449077630 -37.7689401920,144.7448893187 -37.7689094975,144.7448707258 -37.7688788582,144.7448496811 -37.7688445237,144.7448284697 -37.7688102551,144.7448071001 -37.7687760509,144.7447855794 -37.7687419075,144.7447639016 -37.7687078180,144.7447420684 -37.7686737906,144.7447200860 -37.7686398254,144.7446979592 -37.7686059197,144.7446756826 -37.7685720685,144.7446532585 -37.7685382787,144.7446306931 -37.7685045498,144.7446079909 -37.7684708792,144.7445851478 -37.7684372639,144.7445621648 -37.7684037086,144.7445390481 -37.7683702128,144.7445158021 -37.7683367739,144.7444924245 -37.7683033916,144.7444689147 -37.7682700678,144.7444452785 -37.7682368020,144.7444215203 -37.7682035914,144.7443976405 -37.7681704392,144.7443736357 -37.7681373440,144.7443495118 -37.7681043049,144.7443252759 -37.7680713231,144.7443009535 -37.7680383936,144.7442765224 -37.7680055030,144.7442519370 -37.7679726663,144.7442271615 -37.7679399105,144.7441771584 -37.7678744598,144.7441268247 -37.7678091667,144.7440761215 -37.7677440448,144.7440250287 -37.7676791320,144.7439737375 -37.7676143287,144.7439221622 -37.7675496123,144.7438698873 -37.7674851629,144.7438165005 -37.7674211675,144.7437638476 -37.7673608568,144.7437100664 -37.7673013354,144.7436563698 -37.7672420755,144.7436038054 -37.7671823806,144.7433910348 -37.7669305910,144.7431815879 -37.7666769086,144.7429734342 -37.7664224230,144.7427645759 -37.7661682673)
2387	Western Fwy  Deer Park Byp	2	2	1	180.432	POINT(144.7496988940 -37.7921952819)	LINESTRING(144.7501184942 -37.7929328717,144.7498897113 -37.7925701410,144.7496754132 -37.7922019723,144.7494734824 -37.7918292811,144.7492818961 -37.7914531108)
2388		3	1	1	59.804	POINT(144.7502862428 -37.7932902946)	LINESTRING(144.7504431411 -37.7935286906,144.7501293446 -37.7930518979)
2389		3	1	1	149.330	POINT(144.7517627205 -37.7957601454)	LINESTRING(144.7522244656 -37.7962934502,144.7521728335 -37.7962691968,144.7521208019 -37.7962454038,144.7520695692 -37.7962206901,144.7520203336 -37.7961936748,144.7519494094 -37.7961501357,144.7518805852 -37.7961043390,144.7518156617 -37.7960553840,144.7517564398 -37.7960023700,144.7516986769 -37.7959383252,144.7516480633 -37.7958703487,144.7516024399 -37.7957999306,144.7515596477 -37.7957285614,144.7514998456 -37.7956177102,144.7514469293 -37.7955045760,144.7513971818 -37.7953904085,144.7513468862 -37.7952764574,144.7513183316 -37.7952098994)
2391		1	1	1	71.148	POINT(144.7529385759 -37.7953275458)	LINESTRING(144.7529870957 -37.7950101807,144.7528900562 -37.7956449095)
2392		3	1	1	26.523	POINT(144.7543557022 -37.7968911309)	LINESTRING(144.7545016832 -37.7969210462,144.7542097211 -37.7968612157)
2393		3	1	1	22.771	POINT(144.7530013192 -37.7966560721)	LINESTRING(144.7531338045 -37.7966396320,144.7531041332 -37.7966401802,144.7530677299 -37.7966402443,144.7530314650 -37.7966412765,144.7529955463 -37.7966447292,144.7529664074 -37.7966503667,144.7529378974 -37.7966579616,144.7529096389 -37.7966663395,144.7528812547 -37.7966743259)
2394		3	1	1	76.388	POINT(144.7536385547 -37.7967143541)	LINESTRING(144.7540547921 -37.7968123890,144.7532223173 -37.7966163190)
2395		3	1	1	17.756	POINT(144.7530725464 -37.7965433717)	LINESTRING(144.7531692126 -37.7965663912,144.7529758803 -37.7965203522)
2396		3	1	1	7.498	POINT(144.7541464420 -37.7968319497)	LINESTRING(144.7541876353 -37.7968406257,144.7541052487 -37.7968232737)
2397	Western Fwy  Deer Park Byp	3	1	1	863.854	POINT(144.7540632230 -37.7952242327)	LINESTRING(144.7579549854 -37.7974042979,144.7576875932 -37.7973665765,144.7575633735 -37.7973456830,144.7574117778 -37.7973120469,144.7572634199 -37.7972742949,144.7570927041 -37.7972341537,144.7569220600 -37.7971933722,144.7567434461 -37.7971510860,144.7565652703 -37.7971080746,144.7563881865 -37.7970629727,144.7562127404 -37.7970143908,144.7559572864 -37.7969377402,144.7557038597 -37.7968567941,144.7554529566 -37.7967712149,144.7552049909 -37.7966806394,144.7549293171 -37.7965731012,144.7546569821 -37.7964602061,144.7543883581 -37.7963419268,144.7541237792 -37.7962182194,144.7538547001 -37.7960854528,144.7535897090 -37.7959475411,144.7533299509 -37.7958037688,144.7530765436 -37.7956534082,144.7528363031 -37.7954991078,144.7526027665 -37.7953381821,144.7523742496 -37.7951724478,144.7521491678 -37.7950037973,144.7520245791 -37.7949075088,144.7519024254 -37.7948092884,144.7517825467 -37.7947092923,144.7516648346 -37.7946077176,144.7515139688 -37.7944730012,144.7513661070 -37.7943361848,144.7512211856 -37.7941973986,144.7510791671 -37.7940567973,144.7510275698 -37.7940037463,144.7509771511 -37.7939499346,144.7509276024 -37.7938955262,144.7508786593 -37.7938407339,144.7507796776 -37.7937279265,144.7506822205 -37.7936143049,144.7505862974 -37.7934998717,144.7504919514 -37.7933846697,144.7504206983 -37.7932948023,144.7503509127 -37.7932041237,144.7502816519 -37.7931130378,144.7502120600 -37.7930220659)
2398	Western Fwy  Deer Park Byp	3	1	1	47.981	POINT(144.7583776298 -37.7974765966)	LINESTRING(144.7586466312 -37.7975125145,144.7581086284 -37.7974406787)
2399		1	1	1	33.191	POINT(144.7525179356 -37.7966617199)	LINESTRING(144.7524986481 -37.7968100651,144.7525372230 -37.7965133744)
2400		1	1	1	52.705	POINT(144.7523729193 -37.7966215230)	LINESTRING(144.7523947951 -37.7968556251,144.7524006536 -37.7968072527,144.7524075794 -37.7967588801,144.7524123706 -37.7967105078,144.7524118254 -37.7966621363,144.7524062112 -37.7966276869,144.7523968797 -37.7965936450,144.7523858781 -37.7965597979,144.7523752537 -37.7965259327,144.7523647726 -37.7964904755,144.7523538937 -37.7964550920,144.7523428556 -37.7964197380,144.7523327855 -37.7963899851)
2401		1	1	1	44.204	POINT(144.7524430157 -37.7971195366)	LINESTRING(144.7524191425 -37.7973172436,144.7524668890 -37.7969218291)
2402		1	1	1	32.046	POINT(144.7524145716 -37.7974935769)	LINESTRING(144.7523926954 -37.7976365168,144.7524364479 -37.7973506368)
2403		1	1	1	230.657	POINT(144.7509449171 -37.7972305546)	LINESTRING(144.7500462310 -37.7965595216,144.7501790116 -37.7967213805,144.7503119418 -37.7968831630,144.7504445727 -37.7970450972,144.7505764553 -37.7972074110,144.7506339977 -37.7972815282,144.7506902718 -37.7973563214,144.7507482706 -37.7974301693,144.7508109872 -37.7975014506,144.7508465780 -37.7975374768,144.7508839752 -37.7975723971,144.7509232722 -37.7976059654,144.7509645623 -37.7976379353,144.7509945016 -37.7976585087,144.7510258308 -37.7976778010,144.7510580302 -37.7976962415,144.7510905801 -37.7977142595,144.7511231587 -37.7977321000,144.7511561349 -37.7977495089,144.7511897859 -37.7977660348,144.7512243890 -37.7977812266,144.7512722205 -37.7977995952,144.7513211066 -37.7978162343,144.7513708070 -37.7978313440,144.7514210815 -37.7978451245,144.7514656120 -37.7978562156,144.7515106130 -37.7978661549,144.7515560610 -37.7978746367,144.7516019323 -37.7978813552,144.7516659241 -37.7978872453,144.7517303239 -37.7978902220,144.7517948869 -37.7978920333,144.7518593684 -37.7978944273)
2404		1	1	1	16.680	POINT(144.7521073337 -37.7979182827)	LINESTRING(144.7520128463 -37.7979117984,144.7522018212 -37.7979247670)
2405		1	1	1	24.845	POINT(144.7521260053 -37.7978503246)	LINESTRING(144.7519884159 -37.7978802094,144.7520230752 -37.7978749543,144.7520577197 -37.7978693023,144.7520922475 -37.7978631179,144.7521265566 -37.7978562656,144.7521605449 -37.7978486102,144.7521941106 -37.7978400161,144.7522271515 -37.7978303480,144.7522595658 -37.7978194704)
2407		1	1	1	10.662	POINT(144.7523617079 -37.7977184910)	LINESTRING(144.7523549417 -37.7977660958,144.7523684741 -37.7976708862)
2409		1	1	1	29.478	POINT(144.7526490191 -37.7974770132)	LINESTRING(144.7526681146 -37.7973454357,144.7526299236 -37.7976085905)
2410		1	1	1	238.428	POINT(144.7509371266 -37.7972684725)	LINESTRING(144.7518921868 -37.7979467440,144.7518175088 -37.7979420030,144.7517427354 -37.7979378253,144.7516681528 -37.7979325210,144.7515940471 -37.7979244003,144.7515466449 -37.7979171261,144.7514996059 -37.7979083846,144.7514529996 -37.7978982776,144.7514068952 -37.7978869073,144.7513551295 -37.7978727181,144.7513039549 -37.7978571602,144.7512536187 -37.7978400275,144.7512043685 -37.7978211141,144.7511686159 -37.7978054176,144.7511338469 -37.7977883427,144.7510997752 -37.7977703555,144.7510661142 -37.7977519223,144.7510324218 -37.7977332718,144.7509990921 -37.7977141840,144.7509666631 -37.7976942145,144.7509356728 -37.7976729190,144.7508932494 -37.7976398923,144.7508529667 -37.7976051660,144.7508144685 -37.7975691509,144.7507773983 -37.7975322578,144.7507116970 -37.7974613270,144.7506496709 -37.7973882927,144.7505894329 -37.7973142502,144.7505290959 -37.7972402946,144.7503948051 -37.7970766437,144.7502619948 -37.7969122349,144.7501297767 -37.7967475229,144.7499972625 -37.7965829619)
2411		1	1	1	31.408	POINT(144.7521673738 -37.7981657546)	LINESTRING(144.7521980088 -37.7983061953,144.7521953037 -37.7982682014,144.7521932091 -37.7982301462,144.7521898936 -37.7981922136,144.7521835256 -37.7981545879,144.7521739179 -37.7981210363,144.7521615946 -37.7980879847,144.7521481850 -37.7980551331,144.7521352592 -37.7980304410)
2412		1	1	1	17.993	POINT(144.7522698427 -37.7983880222)	LINESTRING(144.7522592867 -37.7984684285,144.7522803988 -37.7983076158)
2413		1	1	1	59.125	POINT(144.7521983384 -37.7987592574)	LINESTRING(144.7521641674 -37.7990235198,144.7522325094 -37.7984949942)
2414		1	1	1	62.870	POINT(144.7527099978 -37.7970401236)	LINESTRING(144.7527491791 -37.7967593539,144.7526708165 -37.7973208923)
2415		1	1	1	30.113	POINT(144.7526091206 -37.7977519336)	LINESTRING(144.7526286280 -37.7976175178,144.7525896131 -37.7978863491)
2416		1	1	1	22.881	POINT(144.7528347797 -37.7959232985)	LINESTRING(144.7528480251 -37.7958210264,144.7528215344 -37.7960255705)
2417		1	1	1	36.199	POINT(144.7528000179 -37.7961963550)	LINESTRING(144.7528203790 -37.7960345100,144.7527796567 -37.7963581997)
2418		1	1	1	134.838	POINT(144.7526552041 -37.7956494922)	LINESTRING(144.7525701139 -37.7962515748,144.7527402944 -37.7950474046)
2419		1	1	1	32.926	POINT(144.7528421780 -37.7948678735)	LINESTRING(144.7527882058 -37.7950098443,144.7527893838 -37.7950004440,144.7527905754 -37.7949907449,144.7527918043 -37.7949807851,144.7527930938 -37.7949706029,144.7527944673 -37.7949602365,144.7527959482 -37.7949497242,144.7527975600 -37.7949391041,144.7527993262 -37.7949284145,144.7528012700 -37.7949176936,144.7528034151 -37.7949069796,144.7528057846 -37.7948963106,144.7528084023 -37.7948857251,144.7528112913 -37.7948752610,144.7528144752 -37.7948649567,144.7528179774 -37.7948548504,144.7528218212 -37.7948449803,144.7528260302 -37.7948353847,144.7528306278 -37.7948261016,144.7528356374 -37.7948171694,144.7528410823 -37.7948086263,144.7528469861 -37.7948005104,144.7528533722 -37.7947928600,144.7528602639 -37.7947857134,144.7528676847 -37.7947791087,144.7528756581 -37.7947730841,144.7528842075 -37.7947676779,144.7528933562 -37.7947629283,144.7529031277 -37.7947588735,144.7529135455 -37.7947555517,144.7529246329 -37.7947530012)
2420		1	1	1	18.806	POINT(144.7527206721 -37.7949185289)	LINESTRING(144.7527073075 -37.7950023639,144.7527340367 -37.7948346938)
2421		1	1	1	30.740	POINT(144.7527552380 -37.7946885492)	LINESTRING(144.7527353318 -37.7948257661,144.7527751441 -37.7945513320)
2422		1	1	1	51.548	POINT(144.7528958631 -37.7938553487)	LINESTRING(144.7528430601 -37.7940831718,144.7529486661 -37.7936275248)
2423		1	1	1	26.989	POINT(144.7525292012 -37.7983221554)	LINESTRING(144.7525420892 -37.7982013272,144.7525163131 -37.7984429833)
2424		1	1	1	54.559	POINT(144.7525011904 -37.7987196694)	LINESTRING(144.7525321801 -37.7984757697,144.7524702008 -37.7989635683)
2425		1	1	1	31.843	POINT(144.7524504851 -37.7991148174)	LINESTRING(144.7524690357 -37.7989725067,144.7524319346 -37.7992571278)
2426		1	1	1	356.098	POINT(144.7521552441 -37.8012142211)	LINESTRING(144.7523790266 -37.7996241707,144.7519314617 -37.8028042373)
2430		1	1	1	32.586	POINT(144.7515241178 -37.7993045468)	LINESTRING(144.7513399982 -37.7992881638,144.7517082374 -37.7993209297)
2431		1	1	1	17.670	POINT(144.7518908043 -37.7993361349)	LINESTRING(144.7517908092 -37.7993284204,144.7519907995 -37.7993438493)
2432		1	1	1	186.455	POINT(144.7501822112 -37.7992037222)	LINESTRING(144.7491280528 -37.7991146436,144.7512363696 -37.7992928007)
2433		1	1	1	21.189	POINT(144.7519722931 -37.7992420379)	LINESTRING(144.7518602360 -37.7992794563,144.7518887190 -37.7992717459,144.7519172970 -37.7992639379,144.7519457764 -37.7992558157,144.7519739637 -37.7992471627,144.7520016651 -37.7992377622,144.7520286872 -37.7992273975,144.7520548363 -37.7992158522,144.7520799187 -37.7992029095)
2434		1	1	1	112.399	POINT(144.7513245171 -37.7993764017)	LINESTRING(144.7519556799 -37.7994502058,144.7518232791 -37.7994377392,144.7516907677 -37.7994258538,144.7515584776 -37.7994128060,144.7514267406 -37.7993968523,144.7513394605 -37.7993827951,144.7512527706 -37.7993663530,144.7511660498 -37.7993500558,144.7510786767 -37.7993364334,144.7509825600 -37.7993257248,144.7508860049 -37.7993175332,144.7507892744 -37.7993103484,144.7506926317 -37.7993026602)
2435		1	1	1	134.672	POINT(144.7498818380 -37.7992218746)	LINESTRING(144.7506433256 -37.7992854951,144.7491203503 -37.7991582542)
2436		1	1	1	183.324	POINT(144.7546359271 -37.7996219557)	LINESTRING(144.7556724496 -37.7997090279,144.7535994046 -37.7995348834)
2437		1	1	1	37.919	POINT(144.7533467855 -37.7995255163)	LINESTRING(144.7535603868 -37.7995458085,144.7532383461 -37.7995138422,144.7531322547 -37.7995053075)
2438		1	1	1	44.592	POINT(144.7528687016 -37.7994841056)	LINESTRING(144.7531209413 -37.7995043974,144.7526164619 -37.7994638138)
2439		1	1	1	45.676	POINT(144.7528695692 -37.7993838498)	LINESTRING(144.7526114684 -37.7993610401,144.7531276699 -37.7994066594)
2440		1	1	1	216.578	POINT(144.7544619464 -37.7995478003)	LINESTRING(144.7532395798 -37.7994391883,144.7534517549 -37.7994730522,144.7556862000 -37.7996561847)
2441		1	1	1	30.216	POINT(144.7522992995 -37.7981636464)	LINESTRING(144.7522815721 -37.7982986781,144.7523170269 -37.7980286145)
2442		1	1	1	33.076	POINT(144.7520847352 -37.7997588559)	LINESTRING(144.7520651697 -37.7999066507,144.7521043008 -37.7996110608)
2443		1	1	1	80.291	POINT(144.7520191758 -37.8002745750)	LINESTRING(144.7519743365 -37.8006335585,144.7520640150 -37.7999155898)
2444		1	1	1	56.765	POINT(144.7519526739 -37.8009279967)	LINESTRING(144.7519196731 -37.8011816878,144.7519856747 -37.8006743046)
2445		1	1	1	174.896	POINT(144.7517986828 -37.8020139009)	LINESTRING(144.7517038476 -37.8027960602,144.7518935179 -37.8012317332)
2474		3	1	1	104.566	POINT(144.7513631863 -37.7935499939)	LINESTRING(144.7509208512 -37.7932379696,144.7511456579 -37.7934306298,144.7514380579 -37.7936281342,144.7518102337 -37.7938585806)
2475		3	1	1	56.659	POINT(144.7521018627 -37.7940227251)	LINESTRING(144.7518503507 -37.7938636408,144.7523533747 -37.7941818091)
2476		3	1	1	29.684	POINT(144.7525142585 -37.7943063099)	LINESTRING(144.7523823871 -37.7942230667,144.7526461300 -37.7943895529)
2477		3	1	1	138.409	POINT(144.7503354777 -37.7925685436)	LINESTRING(144.7499189989 -37.7920408897,144.7501195141 -37.7923171933,144.7505038751 -37.7928108681,144.7507528578 -37.7930950656)
2478	Western Fwy  Deer Park Byp	3	1	1	836.096	POINT(144.7532170660 -37.7945257045)	LINESTRING(144.7498238805 -37.7920601455,144.7498725257 -37.7921586798,144.7499242802 -37.7922492981,144.7499767456 -37.7923397974,144.7500308450 -37.7924297463,144.7500979115 -37.7925377070,144.7501662743 -37.7926451939,144.7502367177 -37.7927519179,144.7503099796 -37.7928575130,144.7503807743 -37.7929538636,144.7504540461 -37.7930489842,144.7505290691 -37.7931431628,144.7506051435 -37.7932367182,144.7507309527 -37.7933892922,144.7508587168 -37.7935409384,144.7509891626 -37.7936912055,144.7511229882 -37.7938396087,144.7512452499 -37.7939703766,144.7513701089 -37.7940996465,144.7514979729 -37.7942271047,144.7516291722 -37.7943523603,144.7517739116 -37.7944862238,144.7519215183 -37.7946183377,144.7520738381 -37.7947471763,144.7522326508 -37.7948711425,144.7524535485 -37.7950263880,144.7526826045 -37.7951739472,144.7529156756 -37.7953173232,144.7531488255 -37.7954601288,144.7533188173 -37.7955652274,144.7534898558 -37.7956695126,144.7536626975 -37.7957720496,144.7538380831 -37.7958718937,144.7539759556 -37.7959472198,144.7541154149 -37.7960207407,144.7542566818 -37.7960921310,144.7543999338 -37.7961610411,144.7545594501 -37.7962334929,144.7547209945 -37.7963030243,144.7548840189 -37.7963702435,144.7550480120 -37.7964357732,144.7552696603 -37.7965223885,144.7554927761 -37.7966068633,144.7557178886 -37.7966880948,144.7559455373 -37.7967649807,144.7561193479 -37.7968182541,144.7562948254 -37.7968676065,144.7564707365 -37.7969153301,144.7566461675 -37.7969637946)
2479	Western Fwy  Deer Park Byp	3	1	1	60.067	POINT(144.7496757987 -37.7917354334)	LINESTRING(144.7495494494 -37.7914839726,144.7496938328 -37.7917799843,144.7498030510 -37.7919851226)
2480		3	1	1	29.405	POINT(144.7525891981 -37.7942293298)	LINESTRING(144.7524405568 -37.7941917447,144.7524704859 -37.7942087643,144.7524999038 -37.7942266287,144.7525303442 -37.7942428034,144.7525633409 -37.7942547541,144.7525913869 -37.7942606846,144.7526204254 -37.7942639508,144.7526495422 -37.7942638966,144.7526778230 -37.7942598661,144.7526990579 -37.7942522617,144.7527181623 -37.7942411419,144.7527364145 -37.7942286161)
2482		2	2	1	44.928	POINT(144.7552979065 -37.7963413137)	LINESTRING(144.7550841770 -37.7962322773,144.7552032306 -37.7962964403,144.7553105644 -37.7963514534,144.7554193962 -37.7964046665,144.7555154323 -37.7964484650)
2483	Western Fwy  Deer Park Byp	2	2	1	150.061	POINT(144.7576607848 -37.7971464957)	LINESTRING(144.7568342714 -37.7969959743,144.7572013493 -37.7970823022,144.7575317650 -37.7971495481,144.7579507789 -37.7972204171,144.7584963772 -37.7972953320)
2484	Western Fwy  Deer Park Byp	3	1	1	1763.565	POINT(144.7688091017 -37.7981292983)	LINESTRING(144.7588312938 -37.7973467877,144.7633495176 -37.7977032349,144.7678679100 -37.7980581816,144.7723859113 -37.7984161199,144.7769029074 -37.7987815378,144.7777323829 -37.7988441477,144.7787880200 -37.7989117213)
2485		2	2	1	52.668	POINT(144.7563936917 -37.7968139805)	LINESTRING(144.7561164322 -37.7967249131,144.7563988612 -37.7968182350,144.7566713445 -37.7969029216)
2486		1	1	1	10.852	POINT(144.7532389338 -37.7930123761)	LINESTRING(144.7532865987 -37.7929375116,144.7532703942 -37.7930341872)
2487		1	1	1	31.869	POINT(144.7530765610 -37.7944296423)	LINESTRING(144.7530899238 -37.7942868439,144.7530631982 -37.7945724405)
2488		1	1	1	12.720	POINT(144.7531580366 -37.7934910743)	LINESTRING(144.7531950669 -37.7934444175,144.7531751724 -37.7935576397)
2489		1	1	1	31.473	POINT(144.7531487159 -37.7939373529)	LINESTRING(144.7531678059 -37.7937980647,144.7531350628 -37.7940234309,144.7531299367 -37.7940792638)
2491		1	1	1	40.499	POINT(144.7532317421 -37.7932386603)	LINESTRING(144.7532643778 -37.7930585269,144.7531991063 -37.7934187932)
2492		1	1	1	32.213	POINT(144.7532122879 -37.7944601675)	LINESTRING(144.7531928176 -37.7943146556,144.7532023202 -37.7944643585,144.7532322851 -37.7946019193)
2494		1	1	1	449.883	POINT(144.7534494866 -37.7909664597)	LINESTRING(144.7531283644 -37.7929702057,144.7532486885 -37.7924946827,144.7533422413 -37.7920627717,144.7536345633 -37.7898483218,144.7537703667 -37.7889614651)
2496		1	1	1	425.735	POINT(144.7535683037 -37.7908729663)	LINESTRING(144.7538373744 -37.7889723811,144.7537716310 -37.7893483502,144.7534005809 -37.7920226862,144.7533332972 -37.7924574486,144.7532993495 -37.7927743287)
2499		3	1	1	1044.281	POINT(144.7845522127 -37.7952848591)	LINESTRING(144.7820152182 -37.7989604009,144.7821376963 -37.7989508839,144.7822602325 -37.7989417491,144.7823826524 -37.7989318500,144.7825047812 -37.7989200404,144.7826030180 -37.7989093770,144.7827011309 -37.7988978458,144.7827987814 -37.7988843736,144.7828956309 -37.7988678875,144.7830368976 -37.7988384953,144.7831767685 -37.7988049746,144.7833153663 -37.7987681589,144.7834528138 -37.7987288812,144.7835856396 -37.7986886628,144.7837172922 -37.7986459919,144.7838473094 -37.7986003746,144.7839752288 -37.7985513170,144.7841236123 -37.7984898016,144.7842697041 -37.7984247807,144.7844125842 -37.7983555715,144.7845513331 -37.7982814909,144.7846367586 -37.7982296155,144.7847187316 -37.7981742293,144.7847992954 -37.7981174125,144.7848804935 -37.7980612455,144.7849332882 -37.7980263838,144.7849863031 -37.7979917159,144.7850387876 -37.7979565770,144.7850899911 -37.7979203022,144.7851493242 -37.7978756617,144.7852074144 -37.7978299873,144.7852641254 -37.7977832491,144.7853193211 -37.7977354170,144.7854048181 -37.7976577100,144.7854880159 -37.7975784150,144.7855684859 -37.7974974027,144.7856457995 -37.7974145441,144.7857520040 -37.7972943106,144.7858543059 -37.7971718810,144.7859510020 -37.7970467464,144.7860403893 -37.7969183978,144.7861313159 -37.7967720588,144.7862145010 -37.7966227146,144.7862896823 -37.7964707471,144.7863565977 -37.7963165385,144.7864073356 -37.7961802745,144.7864505925 -37.7960422835,144.7864868441 -37.7959030028,144.7865165661 -37.7957628702,144.7865584996 -37.7954776530,144.7865833522 -37.7951909322,144.7866012966 -37.7949036049,144.7866225054 -37.7946165682,144.7866366592 -37.7944555649,144.7866503794 -37.7942945347,144.7866647538 -37.7941335450,144.7866808706 -37.7939726627,144.7867140185 -37.7936743746,144.7867495093 -37.7933762449,144.7867879845 -37.7930783528,144.7868300859 -37.7927807773,144.7868596950 -37.7925893252,144.7868915560 -37.7923980909,144.7869254931 -37.7922070770,144.7869613304 -37.7920162864,144.7869832155 -37.7919078472,144.7870064912 -37.7917995842,144.7870303231 -37.7916913916,144.7870538769 -37.7915831636)
2502	Western Fwy  Deer Park Byp	80	1	1	2142.544	POINT(144.7853006686 -37.7996901092)	LINESTRING(144.7974047030 -37.8007121504,144.7965400560 -37.8006809414,144.7949742914 -37.8005898331,144.7931831783 -37.8003729734,144.7918728882 -37.8001594418,144.7902825504 -37.7999229139,144.7893633972 -37.7998382787,144.7881233656 -37.7997972444,144.7872856154 -37.7997707073,144.7862096591 -37.7997057399,144.7833334448 -37.7994776133,144.7804669220 -37.7992575996,144.7731988833 -37.7986679221)
2504		3	1	1	167.132	POINT(144.7872659114 -37.7908006104)	LINESTRING(144.7870851257 -37.7915378689,144.7874466971 -37.7900633445)
2505	Western Fwy  Deer Park Byp	3	1	1	64.220	POINT(144.7792000835 -37.7989429975)	LINESTRING(144.7788366641 -37.7989149540,144.7795635030 -37.7989710410)
2506	Western Fwy  Deer Park Byp	3	1	1	1596.391	POINT(144.7885596774 -37.7996384421)	LINESTRING(144.7796089260 -37.7989905902,144.7803786626 -37.7990602956,144.7813708144 -37.7991385003,144.7823633101 -37.7992140016,144.7833557903 -37.7992896213,144.7843478957 -37.7993681812,144.7846434035 -37.7993943503,144.7849386959 -37.7994222660,144.7852341794 -37.7994484765,144.7855302609 -37.7994695300,144.7858195309 -37.7994861549,144.7861091452 -37.7994999946,144.7863989145 -37.7995076589,144.7866886497 -37.7995057574,144.7869659726 -37.7994930104,144.7872425869 -37.7994713821,144.7875184411 -37.7994433184,144.7877934839 -37.7994112651,144.7880819304 -37.7993698463,144.7883686897 -37.7993208410,144.7886554608 -37.7992718969,144.7889439428 -37.7992306613,144.7893026252 -37.7991888766,144.7896623778 -37.7991521997,144.7900231334 -37.7991245600,144.7903848247 -37.7991098865,144.7906887848 -37.7991100166,144.7909926822 -37.7991206151,144.7912960806 -37.7991396754,144.7915985436 -37.7991651909,144.7919400734 -37.7992000955,144.7922804472 -37.7992424185,144.7926186318 -37.7992939335,144.7929535938 -37.7993564138,144.7931680276 -37.7994072363,144.7933791789 -37.7994665954,144.7935892886 -37.7995287366,144.7938005972 -37.7995879054,144.7940581036 -37.7996564083,144.7943157747 -37.7997246582,144.7945746992 -37.7997895642,144.7948359655 -37.7998480354,144.7953124141 -37.7999371428,144.7957925136 -37.8000138835,144.7962851676 -37.8001021700,144.7967604133 -37.8001798489,144.7970948116 -37.8002288321,144.7973286980 -37.8002600771,144.7975076150 -37.8002866240)
2508	Western Fwy  Deer Park Byp	3	1	1	197.177	POINT(144.7808299418 -37.7989585526)	LINESTRING(144.7797091849 -37.7989378393,144.7803151013 -37.7989436394,144.7807978954 -37.7989549794,144.7815317292 -37.7989714744,144.7817454280 -37.7989792593,144.7819506402 -37.7989768176)
2510	Western Fwy  Deer Park Byp	3	1	1	1903.214	POINT(144.7822538398 -37.7950478462)	LINESTRING(144.7880530970 -37.7901242525,144.7880380159 -37.7902364347,144.7880251924 -37.7903487382,144.7880169504 -37.7904612656,144.7880146564 -37.7905621061,144.7880161954 -37.7906629891,144.7880203056 -37.7907638639,144.7880257249 -37.7908646796,144.7880354338 -37.7910380773,144.7880471145 -37.7912114473,144.7880637656 -37.7913844633,144.7880883859 -37.7915567988,144.7881356675 -37.7917811509,144.7881946217 -37.7920039379,144.7882574223 -37.7922262264,144.7883162432 -37.7924490829,144.7883424538 -37.7925530878,144.7883688740 -37.7926570905,144.7883929555 -37.7927613801,144.7884121499 -37.7928662459,144.7884339568 -37.7930357775,144.7884489026 -37.7932058461,144.7884579576 -37.7933762130,144.7884620916 -37.7935466391,144.7884616119 -37.7937292692,144.7884556377 -37.7939118953,144.7884437861 -37.7940943271,144.7884256740 -37.7942763748,144.7884028102 -37.7944526571,144.7883745764 -37.7946285348,144.7883393252 -37.7948035395,144.7882954093 -37.7949772031,144.7882247250 -37.7952056078,144.7881430367 -37.7954318653,144.7880515649 -37.7956558306,144.7879515301 -37.7958773586,144.7878896202 -37.7960004788,144.7878221927 -37.7961218438,144.7877509881 -37.7962419259,144.7876777467 -37.7963611976,144.7875850460 -37.7965095402,144.7874897063 -37.7966568843,144.7873900107 -37.7968023367,144.7872842425 -37.7969450045,144.7871496387 -37.7971127694,144.7870086176 -37.7972773202,144.7868613387 -37.7974384086,144.7867079613 -37.7975957866,144.7866135442 -37.7976853064,144.7865150874 -37.7977721401,144.7864143902 -37.7978574468,144.7863132523 -37.7979423854,144.7861756997 -37.7980600617,144.7860377487 -37.7981775416,144.7858963837 -37.7982922422,144.7857485890 -37.7984015801,144.7855615805 -37.7985252689,144.7853679342 -37.7986426265,144.7851696258 -37.7987552341,144.7849686311 -37.7988646729,144.7847983310 -37.7989542466,144.7846254871 -37.7990408204,144.7844498810 -37.7991237946,144.7842712939 -37.7992025702,144.7841125326 -37.7992674215,144.7839513501 -37.7993285553,144.7837881564 -37.7993863148,144.7836233615 -37.7994410431,144.7834062630 -37.7995086131,144.7831870912 -37.7995720261,144.7829660258 -37.7996311870,144.7827432464 -37.7996860008,144.7825011252 -37.7997415935,144.7822574749 -37.7997932189,144.7820120138 -37.7998385913,144.7817644605 -37.7998754250,144.7815083027 -37.7999032167,144.7812506923 -37.7999223886,144.7809922681 -37.7999345464,144.7807336684 -37.7999412958,144.7804928532 -37.7999429821,144.7802519667 -37.7999392554,144.7800113638 -37.7999297311,144.7797713991 -37.7999140246,144.7795183663 -37.7998904797,144.7792663312 -37.7998603459,144.7790154991 -37.7998242937,144.7787660757 -37.7997829937,144.7785900307 -37.7997495157,144.7784152742 -37.7997118677,144.7782416116 -37.7996710347,144.7780688485 -37.7996280018,144.7777727919 -37.7995454549,144.7774798555 -37.7994556198,144.7771863048 -37.7993673659,144.7768884053 -37.7992895629,144.7766813921 -37.7992458802,144.7764723775 -37.7992082382,144.7762622557 -37.7991741525,144.7760519210 -37.7991411385,144.7760132213 -37.7991353234)
2512	Western Fwy  Deer Park Byp	80	2	1	6.725	POINT(144.7703591717 -37.7984493029)	LINESTRING(144.7703970937 -37.7984531797,144.7703212496 -37.7984454261)
2513	Western Fwy  Deer Park Byp	80	2	1	20.758	POINT(144.7727952684 -37.7986738337)	LINESTRING(144.7729125441 -37.7986843525,144.7726779928 -37.7986633150)
2514	Western Fwy  Deer Park Byp	80	2	1	140.688	POINT(144.7739135199 -37.7988469958)	LINESTRING(144.7747007458 -37.7989552021,144.7745969743 -37.7989394583,144.7744932690 -37.7989236525,144.7743895390 -37.7989079872,144.7742857858 -37.7988926785,144.7741882970 -37.7988787759,144.7740907036 -37.7988652018,144.7739929864 -37.7988517338,144.7738952762 -37.7988381702,144.7738286835 -37.7988287156,144.7737622096 -37.7988191822,144.7736957744 -37.7988097980,144.7736293295 -37.7988007942,144.7735033710 -37.7987847375,144.7733772014 -37.7987693676,144.7732508789 -37.7987542645,144.7731245848 -37.7987390221)
2515	Western Fwy  Deer Park Byp	80	2	1	10.727	POINT(144.7704728519 -37.7984617034)	LINESTRING(144.7705333245 -37.7984679732,144.7704123792 -37.7984554336)
2527		1	1	1	19.511	POINT(144.7531409346 -37.7941768015)	LINESTRING(144.7531489623 -37.7940893644,144.7531329069 -37.7942642384)
2528		1	1	1	66.627	POINT(144.7530421973 -37.7933275174)	LINESTRING(144.7529702899 -37.7936215187,144.7529815654 -37.7935728691,144.7531141444 -37.7930336814)
2529	Western Fwy  Deer Park Byp	2	2	1	103.101	POINT(144.7754250796 -37.7990531964)	LINESTRING(144.7760020497 -37.7991336447,144.7757515312 -37.7990960015,144.7754503286 -37.7990542684,144.7751488009 -37.7990138968,144.7748474357 -37.7989728445)
10000		83	1		12.904	POINT(144.7485818138 -37.7598957530)	LINESTRING(144.7486294145 -37.7599365696,144.7486259939 -37.7599349463,144.7486226210 -37.7599332492,144.7486192968 -37.7599314804,144.7486160222 -37.7599296419,144.7486127982 -37.7599277356,144.7486096258 -37.7599257635,144.7486065058 -37.7599237276,144.7486034393 -37.7599216300,144.7486004272 -37.7599194726,144.7485974704 -37.7599172574,144.7485945700 -37.7599149865,144.7485917268 -37.7599126618,144.7485889418 -37.7599102853,144.7485862160 -37.7599078589,144.7485835504 -37.7599053848,144.7485809458 -37.7599028649,144.7485784032 -37.7599003012,144.7485759237 -37.7598976957,144.7485735080 -37.7598950504,144.7485711573 -37.7598923673,144.7485688724 -37.7598896484,144.7485666543 -37.7598868956,144.7485645040 -37.7598841110,144.7485624224 -37.7598812967,144.7485604105 -37.7598784544,144.7485584691 -37.7598755864,144.7485565994 -37.7598726945,144.7485548021 -37.7598697807,144.7485530784 -37.7598668472,144.7485514291 -37.7598638958,144.7485498552 -37.7598609285,144.7485483576 -37.7598579474,144.7485469373 -37.7598549544,144.7485455953 -37.7598519516,144.7485443324 -37.7598489409,144.7485431498 -37.7598459243)
10002		1	1		21.697	POINT(144.7498787256 -37.7600008742)	LINESTRING(144.7497748456 -37.7599484181,144.7498100390 -37.7599652078,144.7498445477 -37.7599828950,144.7498787309 -37.7600010076,144.7499129477 -37.7600190734,144.7499475571 -37.7600366203,144.7499829184 -37.7600531761)
10004		3	1		32.338	POINT(144.6592634658 -37.7278019989)	LINESTRING(144.6591195590 -37.7277114345,144.6594077525 -37.7278920966)
10006		1	1		36.002	POINT(144.7394485499 -37.7586948727)	LINESTRING(144.7394436509 -37.7588566064,144.7394534471 -37.7585330210)
10012		1	1		6.223	POINT(144.7400054903 -37.7534004394)	LINESTRING(144.7400059002 -37.7533728391,144.7400054075 -37.7533790419,144.7400051940 -37.7533852544,144.7400051851 -37.7533914742,144.7400053062 -37.7533976988,144.7400054829 -37.7534039256,144.7400056404 -37.7534101523,144.7400057043 -37.7534163763,144.7400056000 -37.7534225952,144.7400052559 -37.7534287693)
10013		3	1		3.642	POINT(144.7423901665 -37.7653997807)	LINESTRING(144.7423796925 -37.7653855405,144.7424008666 -37.7654136752)
10018		1	1		7.313	POINT(144.7397865698 -37.7556287020)	LINESTRING(144.7397904324 -37.7555959390,144.7397826954 -37.7556614052)
10019		1	1		2.736	POINT(144.7398362265 -37.7550532463)	LINESTRING(144.7398363151 -37.7550409368,144.7398361377 -37.7550655324)
10021		1	1		3.691	POINT(144.7396757183 -37.7553158464)	LINESTRING(144.7396741828 -37.7553323082,144.7396772460 -37.7552992133)
10022		3	1		4.126	POINT(144.7095218489 -37.7482018942)	LINESTRING(144.7095434112 -37.7482058038,144.7094974807 -37.7481982153)
10028		1	1		2.401	POINT(144.7394016387 -37.7598100326)	LINESTRING(144.7394008518 -37.7598207929,144.7394024220 -37.7597992454)
10030		1	1		2.182	POINT(144.7396185506 -37.7578595505)	LINESTRING(144.7396196624 -37.7578502700,144.7396175501 -37.7578698177)
10034		3	1		26.567	POINT(144.6570542163 -37.7268946998)	LINESTRING(144.6571758039 -37.7269655646,144.6569325519 -37.7268238574)
10035		1	1		21.396	POINT(144.7496912411 -37.7600991756)	LINESTRING(144.7497987371 -37.7601437040,144.7497753653 -37.7601329943,144.7497515869 -37.7601228599,144.7497275110 -37.7601131458,144.7497032468 -37.7601036970,144.7496789033 -37.7600943584,144.7496545899 -37.7600849751,144.7496304157 -37.7600753920,144.7496064898 -37.7600654541,144.7495829214 -37.7600550064)
10043		1	1		0.768	POINT(144.7484541727 -37.7590717910)	LINESTRING(144.7484558088 -37.7590680118,144.7484512384 -37.7590738917)
10049		1	1		37.437	POINT(144.7404470918 -37.7565814214)	LINESTRING(144.7406404713 -37.7566521273,144.7402544407 -37.7565102007)
10050		1	1		4.577	POINT(144.7425509701 -37.7573223665)	LINESTRING(144.7425747492 -37.7573304583,144.7425694408 -37.7573286437,144.7425641241 -37.7573268444,144.7425588011 -37.7573250568,144.7425534735 -37.7573232774,144.7425481434 -37.7573215029,144.7425428126 -37.7573197295,144.7425374829 -37.7573179540,144.7425321564 -37.7573161728,144.7425268348 -37.7573143824)
10051		1	1		28.083	POINT(144.6031244695 -37.6990799903)	LINESTRING(144.6031124700 -37.6992019708,144.6031198660 -37.6991706750,144.6031290587 -37.6991355254,144.6031377079 -37.6990987926,144.6031434733 -37.6990627476,144.6031440148 -37.6990296611,144.6031369923 -37.6990018041,144.6031200655 -37.6989814473,144.6030908944 -37.6989708616)
10052		1	1		50.525	POINT(144.6032271834 -37.6989866093)	LINESTRING(144.6031714395 -37.6992093483,144.6032827399 -37.6987633482)
10056		1	1		20.000	POINT(144.6059256357 -37.6877809516)	LINESTRING(144.6060314059 -37.6877505137,144.6060156803 -37.6877523885,144.6059991306 -37.6877543552,144.6059820307 -37.6877565171,144.6059646549 -37.6877589774,144.6059472771 -37.6877618394,144.6059301715 -37.6877652064,144.6059136121 -37.6877691817,144.6058978731 -37.6877738685,144.6058832284 -37.6877793702,144.6058699523 -37.6877857899,144.6058583188 -37.6877932311,144.6058486019 -37.6878017969,144.6058410758 -37.6878115907,144.6058361722 -37.6878224541)
10057		1	1		17.905	POINT(144.6061273721 -37.6875094175)	LINESTRING(144.6060923245 -37.6874340713,144.6060931766 -37.6874443692,144.6060945237 -37.6874552125,144.6060963852 -37.6874663664,144.6060988095 -37.6874776822,144.6061018454 -37.6874890113,144.6061055414 -37.6875002052,144.6061099461 -37.6875111152,144.6061151082 -37.6875215928,144.6061210761 -37.6875314893,144.6061278986 -37.6875406562,144.6061356242 -37.6875489450,144.6061443014 -37.6875562069,144.6061539790 -37.6875622934,144.6061647055 -37.6875670559,144.6061765294 -37.6875703458)
10058		1	1		26.694	POINT(144.7402980461 -37.7537806327)	LINESTRING(144.7404185956 -37.7537206937,144.7403865688 -37.7537220525,144.7403533463 -37.7537278664,144.7403202283 -37.7537376734,144.7402885150 -37.7537510115,144.7402595067 -37.7537674186,144.7402345035 -37.7537864328,144.7402148058 -37.7538075919,144.7402017137 -37.7538304342,144.7401965274 -37.7538544974)
10059		1	1		49.257	POINT(144.7403100807 -37.7535038002)	LINESTRING(144.7402093094 -37.7533140583,144.7402065693 -37.7533617938,144.7402103777 -37.7534137322,144.7402208598 -37.7534673079,144.7402381407 -37.7535199552,144.7402623453 -37.7535691086,144.7402935988 -37.7536122023,144.7403320262 -37.7536466709,144.7403777527 -37.7536699486,144.7404309032 -37.7536794698)
10060		1	1		52.290	POINT(144.7420456089 -37.7564423120)	LINESTRING(144.7418722974 -37.7562583949,144.7418729571 -37.7562945246,144.7418851356 -37.7563278647,144.7419069234 -37.7563589319,144.7419364110 -37.7563882429,144.7419716890 -37.7564163145,144.7420108481 -37.7564436634,144.7420519787 -37.7564708064,144.7420931715 -37.7564982600,144.7421325170 -37.7565265412,144.7421681058 -37.7565561666,144.7421980285 -37.7565876529,144.7422203756 -37.7566215169)
10062		1	1		54.188	POINT(144.7415538643 -37.7562716063)	LINESTRING(144.7412725351 -37.7562228993,144.7412919892 -37.7562296329,144.7413128579 -37.7562366983,144.7413349803 -37.7562440021,144.7413581954 -37.7562514510,144.7413823423 -37.7562589513,144.7414072600 -37.7562664098,144.7414327876 -37.7562737331,144.7414587639 -37.7562808276,144.7414850281 -37.7562876000,144.7415114192 -37.7562939570,144.7415377763 -37.7562998049,144.7415639382 -37.7563050506,144.7415897442 -37.7563096004,144.7416150331 -37.7563133610,144.7416396441 -37.7563162391,144.7416634161 -37.7563181411,144.7416861882 -37.7563189737,144.7417077994 -37.7563186434,144.7417280887 -37.7563170568,144.7417468952 -37.7563141205,144.7417640579 -37.7563097411,144.7417794157 -37.7563038252,144.7417928078 -37.7562962794,144.7418040732 -37.7562870101,144.7418130509 -37.7562759241,144.7418195798 -37.7562629279,144.7418234991 -37.7562479281)
10063		1	1		27.295	POINT(144.7432940261 -37.7590062160)	LINESTRING(144.7433593258 -37.7591033783,144.7433516861 -37.7591026273,144.7433443069 -37.7591013286,144.7433371889 -37.7590995055,144.7433303330 -37.7590971813,144.7433237401 -37.7590943794,144.7433174110 -37.7590911229,144.7433113466 -37.7590874352,144.7433055478 -37.7590833397,144.7433000154 -37.7590788596,144.7432947503 -37.7590740182,144.7432897533 -37.7590688388,144.7432850253 -37.7590633447,144.7432805672 -37.7590575593,144.7432763798 -37.7590515058,144.7432724639 -37.7590452075,144.7432688206 -37.7590386878,144.7432654505 -37.7590319699,144.7432623546 -37.7590250771,144.7432595337 -37.7590180328,144.7432569887 -37.7590108602,144.7432547205 -37.7590035827,144.7432527299 -37.7589962235,144.7432510177 -37.7589888059,144.7432495849 -37.7589813533,144.7432484323 -37.7589738890,144.7432475607 -37.7589664362,144.7432469710 -37.7589590183,144.7432466642 -37.7589516585,144.7432466409 -37.7589443802,144.7432469022 -37.7589372067,144.7432474488 -37.7589301612,144.7432482816 -37.7589232671,144.7432494015 -37.7589165477,144.7432508094 -37.7589100263,144.7432525061 -37.7589037261,144.7432544924 -37.7588976706)
10064		1	1		27.198	POINT(144.7432191899 -37.7590671114)	LINESTRING(144.7433686850 -37.7591039437,144.7433601743 -37.7591033578,144.7433516920 -37.7591026335,144.7433432374 -37.7591017753,144.7433348099 -37.7591007879,144.7433264089 -37.7590996761,144.7433180337 -37.7590984446,144.7433096839 -37.7590970980,144.7433013587 -37.7590956410,144.7432930575 -37.7590940783,144.7432847799 -37.7590924147,144.7432765251 -37.7590906547,144.7432682926 -37.7590888032,144.7432600817 -37.7590868647,144.7432518918 -37.7590848440,144.7432437225 -37.7590827458,144.7432355729 -37.7590805748,144.7432274426 -37.7590783356,144.7432193309 -37.7590760330,144.7432112372 -37.7590736716,144.7432031610 -37.7590712562,144.7431951016 -37.7590687914,144.7431870583 -37.7590662820,144.7431790307 -37.7590637325,144.7431710181 -37.7590611478,144.7431630199 -37.7590585325,144.7431550355 -37.7590558912,144.7431470643 -37.7590532288,144.7431391056 -37.7590505498,144.7431311590 -37.7590478591,144.7431232237 -37.7590451611,144.7431152991 -37.7590424608,144.7431073848 -37.7590397627,144.7430994800 -37.7590370715,144.7430915842 -37.7590343920,144.7430836967 -37.7590317289,144.7430758169 -37.7590290867)
10065		1	1		18.955	POINT(144.7433509374 -37.7589880552)	LINESTRING(144.7433131676 -37.7589155461,144.7433118207 -37.7589197284,144.7433107833 -37.7589240386,144.7433100487 -37.7589284630,144.7433096099 -37.7589329880,144.7433094598 -37.7589376000,144.7433095917 -37.7589422852,144.7433099985 -37.7589470302,144.7433106733 -37.7589518211,144.7433116091 -37.7589566445,144.7433127991 -37.7589614865,144.7433142363 -37.7589663337,144.7433159137 -37.7589711723,144.7433178245 -37.7589759887,144.7433199616 -37.7589807692,144.7433223181 -37.7589855003,144.7433248872 -37.7589901683,144.7433276618 -37.7589947594,144.7433306350 -37.7589992602,144.7433337999 -37.7590036569,144.7433371495 -37.7590079360,144.7433406770 -37.7590120836,144.7433443753 -37.7590160864,144.7433482376 -37.7590199304,144.7433522568 -37.7590236022,144.7433564261 -37.7590270881,144.7433607385 -37.7590303745,144.7433651871 -37.7590334476,144.7433697649 -37.7590362939,144.7433744650 -37.7590388997,144.7433792804 -37.7590412514,144.7433842043 -37.7590433354,144.7433892297 -37.7590451379,144.7433943496 -37.7590466453,144.7433995571 -37.7590478441,144.7434048453 -37.7590487205,144.7434102072 -37.7590492610)
10066		1	1		28.325	POINT(144.7432435390 -37.7590270022)	LINESTRING(144.7430887730 -37.7590039966,144.7431135976 -37.7590117780,144.7431399092 -37.7590185913,144.7431675776 -37.7590245138,144.7431964728 -37.7590296226,144.7432264647 -37.7590339950,144.7432574232 -37.7590377080,144.7432892183 -37.7590408389,144.7433217198 -37.7590434648,144.7433547977 -37.7590456629,144.7433883219 -37.7590475103,144.7434043527 -37.7590488618)
10070		1	1		59.164	POINT(144.6285841883 -37.7067917606)	LINESTRING(144.6282758175 -37.7067138946,144.6283432773 -37.7067056799,144.6284136778 -37.7067188591,144.6284858089 -37.7067468375,144.6285584603 -37.7067830203,144.6286304217 -37.7068208130,144.6287004830 -37.7068536207,144.6287674338 -37.7068748487,144.6288300640 -37.7068779025,144.6288871634 -37.7068561872)
10077		1	1		40.879	POINT(144.6796881082 -37.7384381592)	LINESTRING(144.6798415138 -37.7385665994,144.6798382972 -37.7385297148,144.6798213023 -37.7384962152,144.6797930187 -37.7384656845,144.6797559359 -37.7384377064,144.6797125437 -37.7384118649,144.6796653315 -37.7383877438,144.6796167891 -37.7383649270,144.6795694061 -37.7383429982,144.6795256719 -37.7383215414)
10078		1	1		52.920	POINT(144.6801200359 -37.7386385952)	LINESTRING(144.6803721064 -37.7387481191,144.6803101339 -37.7387271823,144.6802421031 -37.7386937011,144.6801714057 -37.7386531684,144.6801014334 -37.7386110767,144.6800355778 -37.7385729187,144.6799772306 -37.7385441870,144.6799297835 -37.7385303744,144.6798966281 -37.7385369736,144.6798811560 -37.7385694772)
10079		1	1		21.006	POINT(144.7399656429 -37.7538818549)	LINESTRING(144.7399767245 -37.7537877258,144.7399700052 -37.7538504489,144.7399616854 -37.7539130731,144.7399545399 -37.7539757735)
10081		1	1		8.757	POINT(144.7398765253 -37.7537904648)	LINESTRING(144.7399171400 -37.7537847652,144.7399120090 -37.7537920137,144.7398999942 -37.7537954251,144.7398839390 -37.7537954689,144.7398666870 -37.7537926146,144.7398510820 -37.7537873320,144.7398399674 -37.7537800906,144.7398362589 -37.7537716861)
10082		1	1		2.557	POINT(144.7400267298 -37.7531883351)	LINESTRING(144.7400292572 -37.7531771173,144.7400242524 -37.7531997676)
10083		1	1		18.307	POINT(144.7401341942 -37.7532088600)	LINESTRING(144.7400493347 -37.7531764553,144.7400495902 -37.7531836364,144.7400524142 -37.7531892874,144.7400575395 -37.7531939371,144.7400646794 -37.7531977108,144.7400735474 -37.7532007338,144.7400838569 -37.7532031313,144.7400953211 -37.7532050285,144.7401076536 -37.7532065508,144.7401205676 -37.7532078233,144.7401337766 -37.7532089714,144.7401469940 -37.7532101201,144.7401599330 -37.7532113949,144.7401723072 -37.7532129210,144.7401838298 -37.7532148235,144.7401942143 -37.7532172278,144.7402031741 -37.7532202591,144.7402104224 -37.7532240426,144.7402156727 -37.7532287037,144.7402186384 -37.7532343674,144.7402190329 -37.7532411592)
10085		1	1		21.865	POINT(144.7398083680 -37.7538722268)	LINESTRING(144.7398007780 -37.7539705623,144.7398062326 -37.7539051771,144.7398108379 -37.7538397455,144.7398159696 -37.7537743413)
10086		1	1		12.130	POINT(144.7398776820 -37.7539580100)	LINESTRING(144.7398206205 -37.7539717655,144.7398279813 -37.7539610757,144.7398449252 -37.7539545592,144.7398674820 -37.7539520150,144.7398916813 -37.7539532417,144.7399135528 -37.7539580382,144.7399291262 -37.7539662032,144.7399344311 -37.7539775356)
10087		1	1		33.328	POINT(144.7399096290 -37.7544824569)	LINESTRING(144.7399225100 -37.7543328192,144.7399141215 -37.7544324848,144.7399059615 -37.7545321628,144.7398967239 -37.7546317770)
10088		1	1		10.677	POINT(144.7399550264 -37.7545959904)	LINESTRING(144.7400011143 -37.7545680604,144.7399752887 -37.7545819378,144.7399484189 -37.7545961197,144.7399267580 -37.7546125192,144.7399165595 -37.7546330489)
10096		3	1		34.534	POINT(144.6412641476 -37.7170433587)	LINESTRING(144.6414089477 -37.7171481186,144.6413129809 -37.7170778323,144.6412158668 -37.7170083928,144.6411182291 -37.7169392761)
10106		3	1		18.798	POINT(144.6415810191 -37.7167646666)	LINESTRING(144.6415002985 -37.7167091841,144.6415533084 -37.7167464811,144.6416075879 -37.7167827626,144.6416619307 -37.7168198402)
10107		2	2		5.308	POINT(144.7406081564 -37.7626705130)	LINESTRING(144.7405973711 -37.7626476933,144.7406194561 -37.7626920993)
10108		3	1		266.707	POINT(144.7404365823 -37.7609941352)	LINESTRING(144.7404853244 -37.7598025542,144.7405331708 -37.7600961336,144.7405274686 -37.7603940527,144.7404867580 -37.7606947316,144.7404295792 -37.7609965904,144.7403744723 -37.7612980491,144.7403399776 -37.7615975280,144.7403446351 -37.7618934471,144.7404069851 -37.7621842266)
10111		3	1		43.459	POINT(144.6481874259 -37.7217923783)	LINESTRING(144.6483743839 -37.7219199746,144.6482517678 -37.7218328050,144.6481281466 -37.7217465490,144.6479994097 -37.7216655377)
10112		3	1		44.988	POINT(144.6482497725 -37.7217372464)	LINESTRING(144.6484529870 -37.7218601505,144.6480462949 -37.7216146529)
10115		1	1		4.246	POINT(144.7008374695 -37.7469070451)	LINESTRING(144.7008306108 -37.7468882869,144.7008447973 -37.7469247858)
10119		1	1		18.723	POINT(144.6027902097 -37.6893690059)	LINESTRING(144.6027083549 -37.6893149222,144.6028713497 -37.6894233318)
10128		1	1		13.589	POINT(144.7399272653 -37.7549412562)	LINESTRING(144.7399906610 -37.7549129025,144.7399855785 -37.7549126588,144.7399804218 -37.7549127211,144.7399752095 -37.7549130777,144.7399699602 -37.7549137174,144.7399646925 -37.7549146286,144.7399594249 -37.7549157999,144.7399541761 -37.7549172199,144.7399489646 -37.7549188770,144.7399438090 -37.7549207598,144.7399387279 -37.7549228569,144.7399337399 -37.7549251567,144.7399288636 -37.7549276479,144.7399241176 -37.7549303190,144.7399195204 -37.7549331586,144.7399150906 -37.7549361551,144.7399108469 -37.7549392970,144.7399068078 -37.7549425731,144.7399029919 -37.7549459717,144.7398994177 -37.7549494815,144.7398961040 -37.7549530910,144.7398930692 -37.7549567887,144.7398903319 -37.7549605631,144.7398879108 -37.7549644029,144.7398858245 -37.7549682965,144.7398840914 -37.7549722325,144.7398827302 -37.7549761994,144.7398817595 -37.7549801858,144.7398811979 -37.7549841803)
10129		1	1		22.922	POINT(144.7398715387 -37.7548802527)	LINESTRING(144.7398817629 -37.7547776361,144.7398613450 -37.7549830901)
10131		1	1		15.736	POINT(144.7399386080 -37.7548364313)	LINESTRING(144.7399020273 -37.7547747273,144.7399016927 -37.7547813522,144.7399020076 -37.7547881860,144.7399029490 -37.7547951733,144.7399044941 -37.7548022586,144.7399066199 -37.7548093867,144.7399093036 -37.7548165021,144.7399125223 -37.7548235495,144.7399162532 -37.7548304733,144.7399204732 -37.7548372183,144.7399251596 -37.7548437291,144.7399302894 -37.7548499502,144.7399358397 -37.7548558262,144.7399417877 -37.7548613018,144.7399481105 -37.7548663216,144.7399547852 -37.7548708302,144.7399617888 -37.7548747722,144.7399690986 -37.7548780921,144.7399766915 -37.7548807347,144.7399845448 -37.7548826445,144.7399926356 -37.7548837661)
10133		3	1		45.308	POINT(144.6099000258 -37.6961689582)	LINESTRING(144.6101432049 -37.6962349061,144.6096554067 -37.6961036449)
10134		3	1		123.294	POINT(144.6094376135 -37.6961819924)	LINESTRING(144.6101252724 -37.6962799648,144.6092178301 -37.6961329060,144.6087459851 -37.6960844606)
10136		3	1		2.029	POINT(144.6039796541 -37.6973474736)	LINESTRING(144.6039871278 -37.6973410415,144.6039681374 -37.6973514091)
10137		3	1		18.388	POINT(144.6037163083 -37.6975296158)	LINESTRING(144.6038053300 -37.6974915725,144.6037839527 -37.6974986464,144.6037608807 -37.6975054331,144.6037371423 -37.6975123342,144.6037137662 -37.6975197515,144.6036917808 -37.6975280864,144.6036722147 -37.6975377407,144.6036560963 -37.6975491159,144.6036444541 -37.6975626136,144.6036383167 -37.6975786356)
10138		3	1		19.787	POINT(144.6043983858 -37.6971057701)	LINESTRING(144.6044895802 -37.6970530996,144.6043090648 -37.6971593864)
10139		3	1		23.022	POINT(144.6708697338 -37.7349690610)	LINESTRING(144.6709870165 -37.7350187356,144.6707587584 -37.7349173361)
10146		3	1		27.355	POINT(144.6710992015 -37.7346889951)	LINESTRING(144.6709693589 -37.7346218895,144.6712321322 -37.7347535547)
10149		1	1		20.362	POINT(144.7412887508 -37.7564857135)	LINESTRING(144.7411812205 -37.7564517151,144.7412526553 -37.7564748030,144.7413248040 -37.7564965506,144.7413961820 -37.7565197398)
10150		1	1		12.563	POINT(144.7413532970 -37.7564700694)	LINESTRING(144.7413133355 -37.7564236903,144.7413184164 -37.7564387228,144.7413271494 -37.7564529709,144.7413389255 -37.7564662326,144.7413531357 -37.7564783054,144.7413691712 -37.7564889871,144.7413864230 -37.7564980755,144.7414042822 -37.7565053683)
10152		1	1		11.669	POINT(144.7412910491 -37.7562672540)	LINESTRING(144.7412753777 -37.7562238933,144.7412836549 -37.7562280275,144.7412895260 -37.7562335831,144.7412933402 -37.7562403563,144.7412954466 -37.7562481434,144.7412961942 -37.7562567407,144.7412959321 -37.7562659447,144.7412950095 -37.7562755515,144.7412937755 -37.7562853576,144.7412925790 -37.7562951592,144.7412917692 -37.7563047527,144.7412916953 -37.7563139343,144.7412927062 -37.7563225004)
10157		1	1		20.200	POINT(144.7397130793 -37.7548898585)	LINESTRING(144.7397058119 -37.7549807015,144.7397104181 -37.7549202711,144.7397150645 -37.7548598426,144.7397203774 -37.7547994511)
10159		1	1		60.144	POINT(144.7402027050 -37.7535839529)	LINESTRING(144.7402093094 -37.7533140583,144.7401993665 -37.7534217797,144.7401961776 -37.7535298269,144.7401966819 -37.7536380574,144.7401978188 -37.7537463284,144.7401965274 -37.7538544974)
10160		3	1		108.365	POINT(144.6368870842 -37.7139254995)	LINESTRING(144.6373408059 -37.7142552338,144.6370446928 -37.7140394009,144.6367501140 -37.7138226082,144.6364328727 -37.7135961344)
10165		1	1		12.670	POINT(144.7022708762 -37.7492699175)	LINESTRING(144.7022251125 -37.7492315008,144.7022336140 -37.7492457757,144.7022376737 -37.7492514786,144.7022422430 -37.7492572142,144.7022472798 -37.7492629014,144.7022527421 -37.7492684587,144.7022585878 -37.7492738049,144.7022647748 -37.7492788586,144.7022712610 -37.7492835386,144.7022780045 -37.7492877635,144.7022849630 -37.7492914521,144.7022920947 -37.7492945229,144.7022993572 -37.7492968948,144.7023067087 -37.7492984864,144.7023141071 -37.7492992164,144.7023215102 -37.7492990035,144.7023288760 -37.7492977663)
10167		1	1		26.603	POINT(144.7022047785 -37.7493262227)	LINESTRING(144.7023491402 -37.7493328583,144.7023393425 -37.7493351270,144.7023291308 -37.7493372755,144.7023185521 -37.7493392868,144.7023076537 -37.7493411438,144.7022964828 -37.7493428293,144.7022850865 -37.7493443264,144.7022735120 -37.7493456179,144.7022618065 -37.7493466867,144.7022500171 -37.7493475158,144.7022381910 -37.7493480880,144.7022263754 -37.7493483863,144.7022146175 -37.7493483936,144.7022029644 -37.7493480927,144.7021914633 -37.7493474667,144.7021801614 -37.7493464983,144.7021691058 -37.7493451706,144.7021583438 -37.7493434665,144.7021479225 -37.7493413687,144.7021378890 -37.7493388604,144.7021282906 -37.7493359243,144.7021191744 -37.7493325434,144.7021105876 -37.7493287006,144.7021025774 -37.7493243788,144.7020951909 -37.7493195609,144.7020884753 -37.7493142299,144.7020824778 -37.7493083686,144.7020772455 -37.7493019599,144.7020728257 -37.7492949869)
10168		1	1		24.478	POINT(144.7021136483 -37.7494008859)	LINESTRING(144.7021728929 -37.7495004776,144.7021294970 -37.7494249033,144.7020911242 -37.7493634153,144.7020545792 -37.7493012679)
10169		1	1		7.947	POINT(144.7023318174 -37.7494095329)	LINESTRING(144.7023714585 -37.7493932815,144.7023685784 -37.7493939931,144.7023655466 -37.7493947698,144.7023623860 -37.7493956108,144.7023591191 -37.7493965147,144.7023557689 -37.7493974805,144.7023523579 -37.7493985071,144.7023489090 -37.7493995933,144.7023454448 -37.7494007381,144.7023419881 -37.7494019403,144.7023385616 -37.7494031988,144.7023351881 -37.7494045125,144.7023318903 -37.7494058802,144.7023286909 -37.7494073008,144.7023256126 -37.7494087733,144.7023226782 -37.7494102965,144.7023199104 -37.7494118692,144.7023173319 -37.7494134905,144.7023149655 -37.7494151590,144.7023128339 -37.7494168738,144.7023109598 -37.7494186337,144.7023093660 -37.7494204375,144.7023080752 -37.7494222843,144.7023071101 -37.7494241727,144.7023064934 -37.7494261018,144.7023062480 -37.7494280704,144.7023063964 -37.7494300774,144.7023069615 -37.7494321217,144.7023079660 -37.7494342021)
10170		1	1		23.235	POINT(144.7022311163 -37.7493473324)	LINESTRING(144.7021723438 -37.7492537433,144.7022143178 -37.7493221021,144.7022528291 -37.7493811934,144.7022899152 -37.7494408273)
10171		3	1		17.898	POINT(144.7386709855 -37.7555959789)	LINESTRING(144.7385772465 -37.7555646654,144.7387647298 -37.7556272914)
10173		3	1		1.655	POINT(144.7155300230 -37.7493288222)	LINESTRING(144.7155395382 -37.7493304045,144.7155211718 -37.7493271670)
10185		3	1		41.588	POINT(144.6843063328 -37.7394592460)	LINESTRING(144.6845268018 -37.7395279875,144.6840874286 -37.7393896227)
10186		3	1		56.292	POINT(144.6841913935 -37.7395232853)	LINESTRING(144.6845006019 -37.7395874524,144.6844497459 -37.7395751717,144.6843984963 -37.7395634990,144.6843470503 -37.7395523685,144.6842954454 -37.7395416751,144.6842437194 -37.7395313142,144.6841919100 -37.7395211806,144.6841400548 -37.7395111696,144.6840881916 -37.7395011762,144.6840363580 -37.7394910955,144.6839845918 -37.7394808227,144.6839329306 -37.7394702527,144.6838814121 -37.7394592808)
10189		1	1		20.653	POINT(144.7431772247 -37.7589584680)	LINESTRING(144.7430887730 -37.7590039966,144.7430958165 -37.7590060398,144.7431029601 -37.7590073711,144.7431101827 -37.7590080230,144.7431174630 -37.7590080275,144.7431247799 -37.7590074169,144.7431321123 -37.7590062234,144.7431394390 -37.7590044792,144.7431467388 -37.7590022164,144.7431539905 -37.7589994674,144.7431611730 -37.7589962642,144.7431682652 -37.7589926392,144.7431752458 -37.7589886245,144.7431820936 -37.7589842523,144.7431887876 -37.7589795548,144.7431953065 -37.7589745642,144.7432016292 -37.7589693128,144.7432077346 -37.7589638327,144.7432136014 -37.7589581562,144.7432192084 -37.7589523154,144.7432245346 -37.7589463425,144.7432295588 -37.7589402698,144.7432342597 -37.7589341295,144.7432386162 -37.7589279537,144.7432426072 -37.7589217747,144.7432462115 -37.7589156247,144.7432494079 -37.7589095359,144.7432521753 -37.7589035404,144.7432544924 -37.7588976706)
10190		1	1		26.794	POINT(144.7432001796 -37.7589810652)	LINESTRING(144.7433131676 -37.7589155461,144.7433100368 -37.7589230728,144.7433061728 -37.7589305843,144.7433016145 -37.7589380528,144.7432964008 -37.7589454503,144.7432905706 -37.7589527489,144.7432841629 -37.7589599206,144.7432772165 -37.7589669375,144.7432697704 -37.7589737718,144.7432618634 -37.7589803954,144.7432535344 -37.7589867805,144.7432448225 -37.7589928992,144.7432357664 -37.7589987234,144.7432264051 -37.7590042253,144.7432167775 -37.7590093770,144.7432069225 -37.7590141504,144.7431968790 -37.7590185179,144.7431866859 -37.7590224512,144.7431763821 -37.7590259227,144.7431660066 -37.7590289042,144.7431555982 -37.7590313680,144.7431451959 -37.7590332861,144.7431348385 -37.7590346305,144.7431245649 -37.7590353733,144.7431144142 -37.7590354867,144.7431044251 -37.7590349426,144.7430946366 -37.7590337132,144.7430850876 -37.7590317706,144.7430758169 -37.7590290867)
10191		1	1		37.962	POINT(144.7438392954 -37.7579140099)	LINESTRING(144.7440326446 -37.7578814351,144.7440193356 -37.7578774244,144.7440053594 -37.7578739722,144.7439907920 -37.7578710766,144.7439757098 -37.7578687358,144.7439601888 -37.7578669478,144.7439443053 -37.7578657108,144.7439281355 -37.7578650230,144.7439117556 -37.7578648824,144.7438952417 -37.7578652871,144.7438786701 -37.7578662353,144.7438621170 -37.7578677251,144.7438456586 -37.7578697547,144.7438293709 -37.7578723221,144.7438133304 -37.7578754256,144.7437976131 -37.7578790631,144.7437822952 -37.7578832328,144.7437674530 -37.7578879329,144.7437531625 -37.7578931615,144.7437395002 -37.7578989167,144.7437265420 -37.7579051965,144.7437143643 -37.7579119993,144.7437030432 -37.7579193230,144.7436926549 -37.7579271658,144.7436832756 -37.7579355258,144.7436749815 -37.7579444012,144.7436678488 -37.7579537900,144.7436619537 -37.7579636904,144.7436573724 -37.7579741006)
10192		1	1		33.828	POINT(144.7435844236 -37.7578196134)	LINESTRING(144.7435900286 -37.7579648615,144.7436032785 -37.7579227891,144.7436135274 -37.7578763929,144.7436185149 -37.7578286679,144.7436159804 -37.7577826092,144.7436036635 -37.7577412116,144.7435793036 -37.7577074703,144.7435406403 -37.7576843801)
10193		1	1		47.811	POINT(144.7437990638 -37.7577532500)	LINESTRING(144.7440503515 -37.7578361238,144.7438827080 -37.7577816538,144.7437150563 -37.7577271995,144.7435488879 -37.7576700613)
10207		2	2		5.152	POINT(144.6562443194 -37.7258815433)	LINESTRING(144.6562214783 -37.7258670097,144.6562674316 -37.7258957514)
10210		2	2		31.741	POINT(144.7411978037 -37.7636781855)	LINESTRING(144.7411101872 -37.7635531095,144.7411329840 -37.7635884105,144.7411562972 -37.7636235034,144.7411800847 -37.7636584012,144.7412043046 -37.7636931169,144.7412289147 -37.7637276634,144.7412538730 -37.7637620538,144.7412860587 -37.7638021593)
10211		3	1		30.162	POINT(144.7411297418 -37.7637184539)	LINESTRING(144.7410395625 -37.7636041369,144.7412184948 -37.7638354710)
10218		3	1		34.443	POINT(144.6947454893 -37.7433552357)	LINESTRING(144.6949173265 -37.7434291279,144.6945728499 -37.7432817227)
10219		3	1		33.711	POINT(144.6947802049 -37.7432928767)	LINESTRING(144.6949518458 -37.7433603281,144.6946085305 -37.7432254515)
10221		3	1		6.300	POINT(144.5985762206 -37.6950871690)	LINESTRING(144.5985404159 -37.6950857769,144.5986119662 -37.6950885651)
10227		3	1		107.105	POINT(144.6314696667 -37.7095154784)	LINESTRING(144.6310122966 -37.7091971736,144.6312174861 -37.7093404844,144.6315732117 -37.7095858865,144.6319261768 -37.7098341453)
10228		1	1		110.498	POINT(144.6315406807 -37.7094442580)	LINESTRING(144.6310933405 -37.7090953176,144.6313963070 -37.7093239250,144.6316898637 -37.7095604569,144.6319876939 -37.7097934855)
10229		3	1		17.416	POINT(144.6252784238 -37.7050760548)	LINESTRING(144.6252072178 -37.7050216303,144.6253495596 -37.7051305828)
10235		80	2		17.833	POINT(144.7272967816 -37.7520592031)	LINESTRING(144.7273901170 -37.7520908154,144.7272039262 -37.7520272810)
10242		1	1		11.259	POINT(144.5986227799 -37.6953991968)	LINESTRING(144.5986870721 -37.6954005269,144.5985590784 -37.6953978604)
10243		3	1		28.008	POINT(144.5987206834 -37.6954558205)	LINESTRING(144.5988787718 -37.6954664020,144.5985613879 -37.6954452984)
10249		1	1		14.251	POINT(144.7014214728 -37.7412374588)	LINESTRING(144.7014861194 -37.7412033219,144.7014808526 -37.7412047824,144.7014755796 -37.7412065233,144.7014702393 -37.7412083505,144.7014648509 -37.7412102650,144.7014594334 -37.7412122678,144.7014540061 -37.7412143598,144.7014485880 -37.7412165420,144.7014431984 -37.7412188152,144.7014378562 -37.7412211804,144.7014325807 -37.7412236385,144.7014273909 -37.7412261905,144.7014223061 -37.7412288373,144.7014173453 -37.7412315799,144.7014125278 -37.7412344191,144.7014078725 -37.7412373558,144.7014033987 -37.7412403912,144.7013991255 -37.7412435259,144.7013950719 -37.7412467611,144.7013912573 -37.7412500976,144.7013877006 -37.7412535364,144.7013844210 -37.7412570783,144.7013814377 -37.7412607244,144.7013787698 -37.7412644755,144.7013764364 -37.7412683326,144.7013744566 -37.7412722967,144.7013728496 -37.7412763686,144.7013716346 -37.7412805493,144.7013708305 -37.7412848397)
10250		1	1		27.380	POINT(144.7009483663 -37.7410539118)	LINESTRING(144.7010480964 -37.7411346318,144.7010423141 -37.7410981368,144.7010288404 -37.7410738775,144.7010061643 -37.7410518152,144.7009764894 -37.7410323100,144.7009420192 -37.7410157221,144.7009049571 -37.7410024117,144.7008675067 -37.7409927387,144.7008318714 -37.7409870635)
10251		1	1		46.205	POINT(144.7012638591 -37.7410459835)	LINESTRING(144.7015213821 -37.7410866513,144.7014781032 -37.7410815812,144.7014350199 -37.7410755791,144.7013920929 -37.7410688315,144.7013492831 -37.7410615248,144.7013065515 -37.7410538454,144.7012638590 -37.7410459798,144.7012211664 -37.7410381143,144.7011784347 -37.7410304356,144.7011356248 -37.7410231299,144.7010926975 -37.7410163837,144.7010496139 -37.7410103835,144.7010063347 -37.7410053157)
10252		1	1		32.392	POINT(144.7013124901 -37.7410536636)	LINESTRING(144.7011897249 -37.7411366077,144.7011955614 -37.7411042480,144.7011991954 -37.7410946386,144.7012042212 -37.7410854429,144.7012105475 -37.7410766678,144.7012180831 -37.7410683199,144.7012267366 -37.7410604060,144.7012364170 -37.7410529328,144.7012470330 -37.7410459070,144.7012584932 -37.7410393355,144.7012707066 -37.7410332249,144.7012835819 -37.7410275819,144.7012970278 -37.7410224134,144.7013109531 -37.7410177260,144.7013252666 -37.7410135266,144.7013398770 -37.7410098217,144.7013546932 -37.7410066182,144.7013696238 -37.7410039229,144.7013845777 -37.7410017424,144.7013994636 -37.7410000835,144.7014141903 -37.7409989529,144.7014286665 -37.7409983574,144.7014428011 -37.7409983037,144.7014565027 -37.7409987985,144.7014696802 -37.7409998486)
10253		1	1		41.647	POINT(144.7012316652 -37.7409585981)	LINESTRING(144.7009969943 -37.7409335649,144.7010361276 -37.7409376108,144.7010752502 -37.7409417206,144.7011143641 -37.7409458822,144.7011534714 -37.7409500833,144.7011925742 -37.7409543114,144.7012316745 -37.7409585543,144.7012707745 -37.7409627997,144.7013098760 -37.7409670353,144.7013489813 -37.7409712487,144.7013880924 -37.7409754277,144.7014272113 -37.7409795600,144.7014663401 -37.7409836332)
10263		3	1		20.195	POINT(144.7087065913 -37.7481182026)	LINESTRING(144.7088200418 -37.7481182574,144.7087598852 -37.7481141735,144.7086988790 -37.7481174530,144.7086376473 -37.7481218402,144.7085910016 -37.7481222939)
10266		1	1		16.313	POINT(144.7020560215 -37.7494757566)	LINESTRING(144.7021190598 -37.7495209260,144.7021014141 -37.7494913093,144.7020860128 -37.7494759175,144.7020675189 -37.7494621328,144.7020468353 -37.7494509061,144.7020248647 -37.7494431880,144.7020025101 -37.7494399295,144.7019806740 -37.7494420811)
10267		1	1		24.298	POINT(144.7020660182 -37.7493611037)	LINESTRING(144.7021181518 -37.7492735513,144.7021303003 -37.7493081503,144.7021245710 -37.7493354982,144.7021083981 -37.7493627392,144.7020842348 -37.7493883525,144.7020545342 -37.7494108173,144.7020217496 -37.7494286129,144.7019883340 -37.7494402184)
10268		1	1		26.531	POINT(144.7021407004 -37.7494140671)	LINESTRING(144.7019972308 -37.7494001290,144.7020386185 -37.7493924899,144.7020840056 -37.7493884034,144.7021305615 -37.7493886180,144.7021754559 -37.7493938818,144.7022158582 -37.7494049433,144.7022489378 -37.7494225508,144.7022718644 -37.7494474526)
10269		1	1		3.545	POINT(144.7018379214 -37.7486797317)	LINESTRING(144.7018298371 -37.7486649629,144.7018465991 -37.7486939527)
10271		1	1		1.613	POINT(144.7019191037 -37.7490543506)	LINESTRING(144.7019225417 -37.7490614602,144.7019154393 -37.7490480833)
10272		1	1		39.889	POINT(144.6036628774 -37.6973445970)	LINESTRING(144.6036977520 -37.6971675261,144.6036837189 -37.6972387963,144.6036693612 -37.6973100316,144.6036547916 -37.6973812441,144.6036401226 -37.6974524460,144.6036280891 -37.6975221698)
10274		1	1		30.525	POINT(144.6035334768 -37.6972562173)	LINESTRING(144.6036387413 -37.6971603573,144.6036368651 -37.6971695694,144.6036343076 -37.6971787150,144.6036310386 -37.6971880961,144.6036270921 -37.6971976558,144.6036225019 -37.6972073371,144.6036173021 -37.6972170830,144.6036115266 -37.6972268366,144.6036052093 -37.6972365408,144.6035983843 -37.6972461388,144.6035910855 -37.6972555735,144.6035833468 -37.6972647879,144.6035752022 -37.6972737252,144.6035666857 -37.6972823283,144.6035578312 -37.6972905402,144.6035486727 -37.6972983040,144.6035392442 -37.6973055627,144.6035295796 -37.6973122594,144.6035197129 -37.6973183370,144.6035096780 -37.6973237386,144.6034995089 -37.6973284073,144.6034892395 -37.6973322859,144.6034789039 -37.6973353177,144.6034685360 -37.6973374456,144.6034581697 -37.6973386127,144.6034478390 -37.6973387619,144.6034375779 -37.6973378363,144.6034274203 -37.6973357789,144.6034174002 -37.6973325328)
10275		3	1		37.108	POINT(144.6036412170 -37.6972680527)	LINESTRING(144.6037578758 -37.6973864762,144.6037428947 -37.6973847155,144.6037286857 -37.6973817881,144.6037148710 -37.6973777199,144.6037014748 -37.6973725782,144.6036885216 -37.6973664300,144.6036760358 -37.6973593424,144.6036640419 -37.6973513825,144.6036525643 -37.6973426174,144.6036416273 -37.6973331142,144.6036312556 -37.6973229400,144.6036214734 -37.6973121619,144.6036123052 -37.6973008470,144.6036037754 -37.6972890624,144.6035959085 -37.6972768752,144.6035887289 -37.6972643525,144.6035822609 -37.6972515614,144.6035765291 -37.6972385690,144.6035715579 -37.6972254423,144.6035673717 -37.6972122486,144.6035639949 -37.6971990548,144.6035614519 -37.6971859281,144.6035597672 -37.6971729356,144.6035589652 -37.6971601444,144.6035590703 -37.6971476215,144.6035601070 -37.6971354341,144.6035620997 -37.6971236493)
10276		1	1		7.462	POINT(144.6034326030 -37.6978490635)	LINESTRING(144.6034259175 -37.6978822972,144.6034393512 -37.6978160008)
10277		3	1		11.400	POINT(144.6030253485 -37.6970457243)	LINESTRING(144.6030708732 -37.6970822662,144.6029799920 -37.6970091094)
10278		3	1		5.383	POINT(144.6029697800 -37.6970477168)	LINESTRING(144.6029883705 -37.6970669500,144.6029496173 -37.6970294607)
10281		1	1		12.675	POINT(144.7406701431 -37.7562743549)	LINESTRING(144.7406032564 -37.7562527093,144.7406477422 -37.7562670653,144.7406922765 -37.7562813289,144.7407364945 -37.7562961776)
10282		1	1		40.401	POINT(144.7408230910 -37.7561890367)	LINESTRING(144.7406110395 -37.7562382286,144.7406314245 -37.7562432288,144.7406521453 -37.7562451286,144.7406730586 -37.7562442369,144.7406941403 -37.7562409024,144.7407153667 -37.7562354736,144.7407367137 -37.7562282992,144.7407581577 -37.7562197278,144.7407796746 -37.7562101080,144.7408012406 -37.7561997884,144.7408228319 -37.7561891176,144.7408444244 -37.7561784444,144.7408659944 -37.7561681173,144.7408875179 -37.7561584849,144.7409089711 -37.7561498958,144.7409303301 -37.7561426987,144.7409515710 -37.7561372422,144.7409726699 -37.7561338750,144.7409936030 -37.7561329456,144.7410143463 -37.7561348026,144.7410348760 -37.7561397948)
10284		3	1		32.176	POINT(144.6938138761 -37.7424511354)	LINESTRING(144.6936451547 -37.7423963416,144.6937565245 -37.7424354613,144.6938702253 -37.7424704775,144.6939838887 -37.7425055661)
10288		1	1		46.922	POINT(144.6032195466 -37.6974299389)	LINESTRING(144.6033135355 -37.6976284755,144.6033025616 -37.6975826080,144.6032887610 -37.6975370780,144.6032722515 -37.6974919949,144.6032531506 -37.6974474684,144.6032315761 -37.6974036081,144.6032076457 -37.6973605233,144.6031814771 -37.6973183238,144.6031531880 -37.6972771190,144.6031228960 -37.6972370185)
10291		3	1		2.193	POINT(144.6997840595 -37.7427191871)	LINESTRING(144.6997964373 -37.7427194490,144.6997715108 -37.7427189288)
10292		3	1		9.737	POINT(144.6998332522 -37.7426696520)	LINESTRING(144.6998883802 -37.7426675664,144.6998515158 -37.7426683531,144.6998146714 -37.7426705668,144.6997777993 -37.7426717449)
10293		1	1		12.583	POINT(144.7007569303 -37.7435839227)	LINESTRING(144.7007713250 -37.7435290923,144.7007428603 -37.7436399800)
10294		1	1		7.404	POINT(144.7006146189 -37.7436004230)	LINESTRING(144.7006093068 -37.7436329834,144.7006114092 -37.7436197704,144.7006139518 -37.7436065914,144.7006164963 -37.7435934155,144.7006186047 -37.7435802121,144.7006198386 -37.7435669502)
10295		1	1		13.565	POINT(144.7006808194 -37.7435771462)	LINESTRING(144.7006686708 -37.7436380026,144.7006754878 -37.7435973322,144.7006841607 -37.7435572467,144.7006931531 -37.7435175957)
10297		3	1		6.834	POINT(144.6349172647 -37.7125332459)	LINESTRING(144.6349451654 -37.7125545901,144.6349258520 -37.7125399073,144.6349076644 -37.7125252825,144.6348897122 -37.7125115232)
10301		3	1		95.788	POINT(144.6208464415 -37.7024403653)	LINESTRING(144.6212511324 -37.7027288650,144.6211833270 -37.7026810832,144.6211156967 -37.7026331564,144.6210481993 -37.7025851025,144.6209808352 -37.7025369696,144.6209135574 -37.7024887719,144.6208463361 -37.7024405360,144.6207791413 -37.7023922881,144.6207119431 -37.7023440548,144.6206447116 -37.7022958624,144.6205774170 -37.7022477373,144.6205100134 -37.7021996946,144.6204422767 -37.7021516208)
10322		3	1		11.048	POINT(144.6606718667 -37.7290297510)	LINESTRING(144.6607214916 -37.7290602380,144.6606219373 -37.7289996297)
10340		3	1		26.463	POINT(144.7422778638 -37.7657098615)	LINESTRING(144.7423673216 -37.7658054579,144.7423375697 -37.7657729914,144.7423127068 -37.7657465336,144.7422875055 -37.7657202615,144.7422622078 -37.7656940409,144.7422370559 -37.7656677376,144.7422122916 -37.7656412172,144.7421881571 -37.7656143456)
10341		3	1		34.610	POINT(144.7423293207 -37.7656452441)	LINESTRING(144.7424373782 -37.7657751289,144.7422222771 -37.7655145767)
10350		1	1		11.006	POINT(144.7467909058 -37.7588510146)	LINESTRING(144.7468482100 -37.7588422950,144.7468351077 -37.7588408556,144.7468258571 -37.7588398753,144.7468164310 -37.7588401867,144.7468068548 -37.7588415545,144.7467971536 -37.7588437435,144.7467873528 -37.7588465182,144.7467774775 -37.7588496435,144.7467675530 -37.7588528840,144.7467576046 -37.7588560045,144.7467476575 -37.7588587696,144.7467377369 -37.7588609440,144.7467278681 -37.7588622925)
10356		1	1		13.170	POINT(144.7422585253 -37.7568173840)	LINESTRING(144.7421877363 -37.7567986148,144.7422346037 -37.7568120345,144.7422826480 -37.7568230572,144.7423297748 -37.7568360043)
10357		1	1		10.493	POINT(144.7423065165 -37.7567848586)	LINESTRING(144.7422841845 -37.7567401558,144.7422911696 -37.7567550279,144.7422971504 -37.7567709858,144.7423034514 -37.7567868214,144.7423113968 -37.7568013261,144.7423223107 -37.7568132918,144.7423376448 -37.7568215531)
10361		2	2		37.707	POINT(144.7282777957 -37.7521384775)	LINESTRING(144.7280838566 -37.7520658649,144.7284710075 -37.7522116078)
10363		3	1		8.553	POINT(144.6225983662 -37.7036919420)	LINESTRING(144.6226321991 -37.7037196088,144.6225644612 -37.7036643851)
10365		1	1		27.431	POINT(144.7396059992 -37.7580306873)	LINESTRING(144.7396148674 -37.7579080113,144.7396082460 -37.7579900588,144.7396015379 -37.7580721024,144.7395971820 -37.7581542198)
10366		1	1		30.264	POINT(144.7397249583 -37.7580613582)	LINESTRING(144.7398504243 -37.7579822725,144.7398041632 -37.7579888449,144.7397581115 -37.7580037201,144.7397147287 -37.7580255249,144.7396764744 -37.7580528863,144.7396458081 -37.7580844310,144.7396251893 -37.7581187859,144.7396170775 -37.7581545779)
10368		1	1		41.078	POINT(144.7396565755 -37.7580056881)	LINESTRING(144.7395099463 -37.7581283190,144.7395212816 -37.7580790813,144.7395492251 -37.7580291131,144.7395903344 -37.7579821815,144.7396411672 -37.7579420539,144.7396982812 -37.7579124973,144.7397582340 -37.7578972789,144.7398175834 -37.7579001660)
10369		1	1		14.158	POINT(144.7397408791 -37.7578859329)	LINESTRING(144.7396786699 -37.7578580500,144.7396800477 -37.7578684143,144.7396866063 -37.7578763654,144.7396974456 -37.7578822957,144.7397116657 -37.7578865973,144.7397283665 -37.7578896624,144.7397466482 -37.7578918831,144.7397656107 -37.7578936516,144.7397843540 -37.7578953602,144.7398019783 -37.7578974009,144.7398175834 -37.7579001660)
10370		1	1		13.777	POINT(144.7392946775 -37.7618856239)	LINESTRING(144.7393001359 -37.7618238012,144.7392965781 -37.7618649896,144.7392929550 -37.7619061744,144.7392892120 -37.7619473524)
10371		1	1		15.387	POINT(144.7392461727 -37.7618777387)	LINESTRING(144.7392306773 -37.7619456839,144.7392397436 -37.7619002026,144.7392530667 -37.7618551370,144.7392616532 -37.7618096324)
10374		1	1		5.123	POINT(144.7394431998 -37.7594928342)	LINESTRING(144.7394409594 -37.7595157451,144.7394431923 -37.7594931931,144.7394454322 -37.7594698212)
10376		1	1		43.509	POINT(144.6528306214 -37.7286302365)	LINESTRING(144.6528875261 -37.7288219741,144.6528813745 -37.7287897751,144.6528751893 -37.7287574647,144.6528687918 -37.7287251097,144.6528620032 -37.7286927765,144.6528546447 -37.7286605318,144.6528465374 -37.7286284421,144.6528375025 -37.7285965741,144.6528273611 -37.7285649942,144.6528159346 -37.7285337690,144.6528030440 -37.7285029652,144.6527885105 -37.7284726492,144.6527721553 -37.7284428878)
10377		1	1		40.661	POINT(144.6529085260 -37.7285763301)	LINESTRING(144.6530605482 -37.7286999914,144.6530453676 -37.7287007717,144.6530306384 -37.7287002374,144.6530163504 -37.7286984550,144.6530024930 -37.7286954910,144.6529890559 -37.7286914121,144.6529760288 -37.7286862846,144.6529634013 -37.7286801752,144.6529511630 -37.7286731504,144.6529393036 -37.7286652767,144.6529278126 -37.7286566207,144.6529166797 -37.7286472489,144.6529058945 -37.7286372278,144.6528954466 -37.7286266241,144.6528853257 -37.7286155041,144.6528755214 -37.7286039345,144.6528660233 -37.7285919818,144.6528568211 -37.7285797126,144.6528479043 -37.7285671933,144.6528392626 -37.7285544906,144.6528308857 -37.7285416709,144.6528227631 -37.7285288008,144.6528148845 -37.7285159468,144.6528072395 -37.7285031755,144.6527998177 -37.7284905534,144.6527926087 -37.7284781470,144.6527856023 -37.7284660229,144.6527787879 -37.7284542477,144.6527721553 -37.7284428878)
10378		1	1		44.167	POINT(144.6529018047 -37.7286240546)	LINESTRING(144.6528310660 -37.7284349177,144.6528505596 -37.7284752732,144.6528647151 -37.7285054368,144.6528783282 -37.7285357774,144.6528913716 -37.7285662873,144.6529038180 -37.7285969585,144.6529156400 -37.7286277834,144.6529268105 -37.7286587542,144.6529373020 -37.7286898631,144.6529470872 -37.7287211024,144.6529561388 -37.7287524642,144.6529644295 -37.7287839408,144.6529719320 -37.7288155244)
10379		1	1		16.411	POINT(144.6530069799 -37.7287513499)	LINESTRING(144.6530605482 -37.7286999914,144.6530545469 -37.7287007930,144.6530486670 -37.7287020350,144.6530429187 -37.7287036950,144.6530373123 -37.7287057505,144.6530318580 -37.7287081792,144.6530265660 -37.7287109587,144.6530214466 -37.7287140666,144.6530165100 -37.7287174805,144.6530117665 -37.7287211780,144.6530072262 -37.7287251367,144.6530028995 -37.7287293342,144.6529987965 -37.7287337480,144.6529949275 -37.7287383559,144.6529913027 -37.7287431354,144.6529879324 -37.7287480641,144.6529848268 -37.7287531196,144.6529819962 -37.7287582796,144.6529794507 -37.7287635215,144.6529772006 -37.7287688231,144.6529752561 -37.7287741618,144.6529736275 -37.7287795155,144.6529723251 -37.7287848615,144.6529713590 -37.7287901776,144.6529707395 -37.7287954413,144.6529704768 -37.7288006302,144.6529705812 -37.7288057220,144.6529710628 -37.7288106942,144.6529719320 -37.7288155244)
10380		1	1		25.155	POINT(144.6529496968 -37.7285130149)	LINESTRING(144.6528690047 -37.7284254000,144.6528768763 -37.7284415366,144.6528812564 -37.7284498480,144.6528858744 -37.7284582680,144.6528907349 -37.7284667571,144.6528958428 -37.7284752760,144.6529012028 -37.7284837850,144.6529068194 -37.7284922446,144.6529126975 -37.7285006156,144.6529188418 -37.7285088582,144.6529252569 -37.7285169331,144.6529319476 -37.7285248008,144.6529389186 -37.7285324218,144.6529461745 -37.7285397566,144.6529537202 -37.7285467657,144.6529615602 -37.7285534097,144.6529696994 -37.7285596490,144.6529781423 -37.7285654443,144.6529868938 -37.7285707560,144.6529959586 -37.7285755446,144.6530053412 -37.7285797707,144.6530150465 -37.7285833947,144.6530250792 -37.7285863773,144.6530354440 -37.7285886788,144.6530461455 -37.7285902599)
10381		1	1		30.481	POINT(144.6529760950 -37.7286967459)	LINESTRING(144.6529268725 -37.7288172276,144.6529253834 -37.7288082686,144.6529242672 -37.7287987921,144.6529235300 -37.7287888651,144.6529231780 -37.7287785546,144.6529232172 -37.7287679276,144.6529236538 -37.7287570512,144.6529244938 -37.7287459922,144.6529257433 -37.7287348177,144.6529274086 -37.7287235947,144.6529294955 -37.7287123903,144.6529320104 -37.7287012714,144.6529349592 -37.7286903050,144.6529383482 -37.7286795581,144.6529421833 -37.7286690977,144.6529464707 -37.7286589909,144.6529512166 -37.7286493046,144.6529564269 -37.7286401059,144.6529621079 -37.7286314617,144.6529682656 -37.7286234390,144.6529749062 -37.7286161049,144.6529820357 -37.7286095263,144.6529896602 -37.7286037703,144.6529977859 -37.7285989038,144.6530064189 -37.7285949939,144.6530155652 -37.7285921076,144.6530252310 -37.7285903118,144.6530354224 -37.7285896736,144.6530461455 -37.7285902599)
10385		1	1		44.993	POINT(144.6058650461 -37.6876206341)	LINESTRING(144.6059329648 -37.6874255120,144.6058651765 -37.6876207230,144.6057972273 -37.6878159014)
10387		1	1		25.390	POINT(144.6056200395 -37.6874322682)	LINESTRING(144.6055014835 -37.6874860831,144.6055098218 -37.6874868883,144.6055182630 -37.6874872741,144.6055267876 -37.6874872531,144.6055353762 -37.6874868378,144.6055440090 -37.6874860407,144.6055526667 -37.6874848742,144.6055613297 -37.6874833509,144.6055699784 -37.6874814833,144.6055785932 -37.6874792839,144.6055871547 -37.6874767651,144.6055956432 -37.6874739395,144.6056040393 -37.6874708195,144.6056123234 -37.6874674177,144.6056204759 -37.6874637466,144.6056284774 -37.6874598186,144.6056363082 -37.6874556463,144.6056439489 -37.6874512422,144.6056513798 -37.6874466187,144.6056585814 -37.6874417883,144.6056655343 -37.6874367636,144.6056722188 -37.6874315571,144.6056786154 -37.6874261812,144.6056847045 -37.6874206485,144.6056904667 -37.6874149714,144.6056958823 -37.6874091625,144.6057009319 -37.6874032342,144.6057055958 -37.6873971991,144.6057098546 -37.6873910696,144.6057136887 -37.6873848582,144.6057170785 -37.6873785775,144.6057200046 -37.6873722400,144.6057224473 -37.6873658580)
10388		1	1		40.342	POINT(144.6057041476 -37.6875494550)	LINESTRING(144.6056477665 -37.6877259401,144.6057028095 -37.6875497180,144.6057608596 -37.6873741066)
10391		1	1		30.582	POINT(144.6032251623 -37.6989003469)	LINESTRING(144.6033429808 -37.6988158266,144.6033342589 -37.6988436036,144.6033178525 -37.6988706875,144.6032949885 -37.6988962448,144.6032668937 -37.6989194422,144.6032347947 -37.6989394462,144.6031999186 -37.6989554235,144.6031634919 -37.6989665408,144.6031267416 -37.6989719646,144.6030908944 -37.6989708616)
10392		1	1		19.812	POINT(144.6032025409 -37.6988296314)	LINESTRING(144.6031248360 -37.6988840271,144.6031347039 -37.6988842692,144.6031448257 -37.6988834275,144.6031547651 -37.6988815395,144.6031644881 -37.6988786795,144.6031739609 -37.6988749220,144.6031831497 -37.6988703412,144.6031920204 -37.6988650117,144.6032005393 -37.6988590078,144.6032086724 -37.6988524039,144.6032163859 -37.6988452744,144.6032236459 -37.6988376936,144.6032304184 -37.6988297359,144.6032366697 -37.6988214758,144.6032423659 -37.6988129876,144.6032474730 -37.6988043457,144.6032519571 -37.6987956244,144.6032557845 -37.6987868983,144.6032589211 -37.6987782416,144.6032613332 -37.6987697287,144.6032629898 -37.6987614150)
10393		1	1		17.514	POINT(144.6037370109 -37.6968644975)	LINESTRING(144.6037528847 -37.6967870375,144.6037212554 -37.6969426325)
10403		3	1		18.573	POINT(144.7024492040 -37.7477195689)	LINESTRING(144.7025533215 -37.7477051880,144.7023452818 -37.7477340002)
10412		3	1		33.371	POINT(144.6475613503 -37.7208686967)	LINESTRING(144.6474109050 -37.7207772605,144.6477115451 -37.7209604318)
10413		3	1		44.809	POINT(144.6476592702 -37.7208430612)	LINESTRING(144.6474538701 -37.7207240846,144.6475895412 -37.7208049926,144.6477256195 -37.7208854615,144.6478655745 -37.7209614429)
10423		1	1		15.232	POINT(144.7013133624 -37.7415415317)	LINESTRING(144.7013251336 -37.7414733147,144.7013014206 -37.7416089964)
10432		1	1		20.914	POINT(144.6523121626 -37.7275050555)	LINESTRING(144.6523479862 -37.7274240276,144.6523411219 -37.7274267603,144.6523346860 -37.7274300225,144.6523286760 -37.7274337813,144.6523230892 -37.7274380035,144.6523179229 -37.7274426560,144.6523131746 -37.7274477060,144.6523088415 -37.7274531202,144.6523049209 -37.7274588656,144.6523014103 -37.7274649093,144.6522983070 -37.7274712182,144.6522956083 -37.7274777592,144.6522933115 -37.7274844992,144.6522914141 -37.7274914053,144.6522899133 -37.7274984444,144.6522888065 -37.7275055834,144.6522880910 -37.7275127893,144.6522877642 -37.7275200290,144.6522878234 -37.7275272696,144.6522882661 -37.7275344779,144.6522890894 -37.7275416210,144.6522902908 -37.7275486657,144.6522918675 -37.7275555790,144.6522938171 -37.7275623279,144.6522961367 -37.7275688794,144.6522988238 -37.7275752003,144.6523018756 -37.7275812577,144.6523052896 -37.7275870184,144.6523090630 -37.7275924496)
10433		1	1		46.822	POINT(144.6521453225 -37.7274269667)	LINESTRING(144.6519774958 -37.7272653930,144.6520106126 -37.7272885096,144.6520425904 -37.7273126429,144.6520734716 -37.7273377137,144.6521032986 -37.7273636426,144.6521321140 -37.7273903503,144.6521599602 -37.7274177576,144.6521868797 -37.7274457850,144.6522129149 -37.7274743534,144.6522381084 -37.7275033833,144.6522625026 -37.7275327955,144.6522861400 -37.7275625107,144.6523090630 -37.7275924496)
10434		1	1		38.900	POINT(144.6522699508 -37.7274954503)	LINESTRING(144.6522794942 -37.7276556883,144.6522724441 -37.7276456195,144.6522658300 -37.7276348519,144.6522596756 -37.7276234564,144.6522540045 -37.7276115040,144.6522488405 -37.7275990658,144.6522442073 -37.7275862127,144.6522401285 -37.7275730157,144.6522366280 -37.7275595458,144.6522337293 -37.7275458741,144.6522314562 -37.7275320715,144.6522298324 -37.7275182091,144.6522288817 -37.7275043577,144.6522286276 -37.7274905886,144.6522290940 -37.7274769725,144.6522303045 -37.7274635806,144.6522322828 -37.7274504838,144.6522350526 -37.7274377532,144.6522386377 -37.7274254597,144.6522430617 -37.7274136744,144.6522483484 -37.7274024682,144.6522545214 -37.7273919121,144.6522616044 -37.7273820773,144.6522696213 -37.7273730345,144.6522785956 -37.7273648549,144.6522885510 -37.7273576095,144.6522995114 -37.7273513692,144.6523115003 -37.7273462051,144.6523245416 -37.7273421882)
10435		1	1		32.382	POINT(144.6521653643 -37.7272957415)	LINESTRING(144.6520032236 -37.7272413737,144.6520170003 -37.7272504477,144.6520313184 -37.7272595377,144.6520461362 -37.7272685681,144.6520614125 -37.7272774634,144.6520771056 -37.7272861480,144.6520931740 -37.7272945462,144.6521095763 -37.7273025826,144.6521262709 -37.7273101814,144.6521432164 -37.7273172672,144.6521603712 -37.7273237643,144.6521776939 -37.7273295971,144.6521951430 -37.7273346901,144.6522126769 -37.7273389677,144.6522302541 -37.7273423542,144.6522478332 -37.7273447741,144.6522653727 -37.7273461518,144.6522828310 -37.7273464117,144.6523001667 -37.7273454783,144.6523173383 -37.7273432759,144.6523343042 -37.7273397289)
10436		1	1		52.511	POINT(144.6520684645 -37.7274850664)	LINESTRING(144.6522304966 -37.7276829178,144.6522058693 -37.7276488435,144.6521819827 -37.7276139720,144.6521584369 -37.7275786463,144.6521348318 -37.7275432094,144.6521107676 -37.7275080040,144.6520858444 -37.7274733733,144.6520596622 -37.7274396600,144.6520318212 -37.7274072071,144.6520019212 -37.7273763575,144.6519695626 -37.7273474542,144.6519343452 -37.7273208401,144.6518958692 -37.7272968581)
10437		1	1		43.668	POINT(144.6521259060 -37.7273615092)	LINESTRING(144.6523479862 -37.7274240276,144.6523323769 -37.7274287830,144.6523166185 -37.7274323094,144.6523007271 -37.7274346651,144.6522847190 -37.7274359086,144.6522686101 -37.7274360983,144.6522524166 -37.7274352927,144.6522361546 -37.7274335501,144.6522198403 -37.7274309291,144.6522034897 -37.7274274879,144.6521871189 -37.7274232852,144.6521707442 -37.7274183793,144.6521543815 -37.7274128287,144.6521380471 -37.7274066917,144.6521217570 -37.7274000269,144.6521055273 -37.7273928926,144.6520893742 -37.7273853473,144.6520733138 -37.7273774494,144.6520573622 -37.7273692574,144.6520415355 -37.7273608297,144.6520258498 -37.7273522247,144.6520103212 -37.7273435009,144.6519949659 -37.7273347167,144.6519798000 -37.7273259305,144.6519648395 -37.7273172008,144.6519501007 -37.7273085860,144.6519355996 -37.7273001445,144.6519213523 -37.7272919348,144.6519073749 -37.7272840153)
10441		3	1		2.053	POINT(144.6681458077 -37.7330213799)	LINESTRING(144.6681365492 -37.7330157726,144.6681549238 -37.7330271579)
10446		3	1		18.057	POINT(144.6545156930 -37.7257296122)	LINESTRING(144.6546080066 -37.7257631580,144.6545152990 -37.7257283870,144.6544205186 -37.7256970364)
10447		3	1		12.434	POINT(144.6563521766 -37.7264658917)	LINESTRING(144.6564105330 -37.7264968819,144.6562925486 -37.7264352443)
10448		3	1		35.369	POINT(144.6561972553 -37.7264748650)	LINESTRING(144.6563795268 -37.7265374939,144.6563231112 -37.7265099367,144.6562622513 -37.7264886509,144.6561987327 -37.7264710432,144.6561343413 -37.7264545200,144.6560708628 -37.7264364879,144.6560100829 -37.7264143535)
10450		3	1		32.470	POINT(144.6756981015 -37.7366296548)	LINESTRING(144.6758691946 -37.7366841128,144.6755265612 -37.7365752687)
10466		1	1		6.485	POINT(144.7010039771 -37.7472452609)	LINESTRING(144.7009918973 -37.7472156020,144.7010173879 -37.7472703167)
10477		1	1		6.740	POINT(144.6039945815 -37.6945968577)	LINESTRING(144.6039901078 -37.6946269658,144.6039990537 -37.6945667291)
10508		1	1		62.014	POINT(144.6553221839 -37.7164437650)	LINESTRING(144.6550512658 -37.7165712881,144.6550553704 -37.7165536820,144.6550618571 -37.7165367452,144.6550705951 -37.7165204891,144.6550814535 -37.7165049254,144.6550943015 -37.7164900657,144.6551090083 -37.7164759217,144.6551254432 -37.7164625049,144.6551434753 -37.7164498269,144.6551629738 -37.7164378995,144.6551838079 -37.7164267341,144.6552058468 -37.7164163425,144.6552289596 -37.7164067363,144.6552530157 -37.7163979270,144.6552778841 -37.7163899263,144.6553034340 -37.7163827458,144.6553295347 -37.7163763971,144.6553560554 -37.7163708918,144.6553828652 -37.7163662417,144.6554098333 -37.7163624582,144.6554368289 -37.7163595530,144.6554637212 -37.7163575377,144.6554903795 -37.7163564239,144.6555166728 -37.7163562234,144.6555424704 -37.7163569475,144.6555676416 -37.7163586081,144.6555920553 -37.7163612167,144.6556155810 -37.7163647849,144.6556381661 -37.7163690919)
10509		1	1		62.011	POINT(144.6553057004 -37.7163088434)	LINESTRING(144.6555679121 -37.7164649399,144.6555409537 -37.7164596416,144.6555131620 -37.7164534147,144.6554847273 -37.7164462813,144.6554558399 -37.7164382634,144.6554266902 -37.7164293832,144.6553974684 -37.7164196627,144.6553683649 -37.7164091239,144.6553395700 -37.7163977889,144.6553112740 -37.7163856798,144.6552836673 -37.7163728187,144.6552569400 -37.7163592275,144.6552312827 -37.7163449285,144.6552068855 -37.7163299436,144.6551839389 -37.7163142949,144.6551626330 -37.7162980044,144.6551431583 -37.7162810944,144.6551257050 -37.7162635867,144.6551104635 -37.7162455035,144.6550976241 -37.7162268668,144.6550873771 -37.7162076988,144.6550799128 -37.7161880214,144.6550754215 -37.7161678567,144.6550740936 -37.7161472269,144.6550760022 -37.7161258441)
10510		1	1		49.241	POINT(144.6549937335 -37.7163468987)	LINESTRING(144.6549322483 -37.7165629172,144.6549684441 -37.7164198583,144.6550166682 -37.7162768902,144.6550551775 -37.7161309428)
10511		1	1		21.605	POINT(144.6553817013 -37.7167554164)	LINESTRING(144.6554736464 -37.7166990012,144.6554531843 -37.7167036022,144.6554334036 -37.7167105704,144.6554145082 -37.7167196469,144.6553967023 -37.7167305727,144.6553801898 -37.7167430888,144.6553651748 -37.7167569362,144.6553518611 -37.7167718560,144.6553404529 -37.7167875892,144.6553311541 -37.7168038768,144.6553241688 -37.7168204599,144.6553197009 -37.7168370795)
10512		1	1		52.676	POINT(144.6553688109 -37.7164257936)	LINESTRING(144.6554044520 -37.7161900200,144.6553330888 -37.7166604996)
10514		1	1		3.199	POINT(144.7411465197 -37.7570338438)	LINESTRING(144.7411642682 -37.7570396254,144.7411569343 -37.7570371494,144.7411508731 -37.7570344342,144.7411461310 -37.7570309278,144.7411423101 -37.7570263156,144.7411387114 -37.7570206973)
10515		1	1		3.507	POINT(144.7430837712 -37.7576808226)	LINESTRING(144.7431042117 -37.7576781202,144.7430987640 -37.7576794403,144.7430931508 -37.7576807280,144.7430874502 -37.7576818239,144.7430817401 -37.7576825689,144.7430760985 -37.7576828035,144.7430706034 -37.7576823684,144.7430653328 -37.7576811042)
10518		1	1		7.351	POINT(144.7452211224 -37.7584052798)	LINESTRING(144.7452513557 -37.7584247303,144.7452394023 -37.7584196012,144.7452284807 -37.7584127033,144.7452189306 -37.7584043920,144.7452110920 -37.7583950226,144.7452053046 -37.7583849503,144.7452019084 -37.7583745305)
10522		1	1		4.291	POINT(144.7465811290 -37.7588680830)	LINESTRING(144.7466071708 -37.7588728111,144.7465913399 -37.7588717394,144.7465758802 -37.7588673444,144.7465608306 -37.7588620408)
10524		1	1		17.883	POINT(144.7451466163 -37.7582043686)	LINESTRING(144.7452382094 -37.7582392190,144.7451768483 -37.7582164774,144.7451163779 -37.7581921772,144.7450549647 -37.7581695334)
10525		1	1		17.328	POINT(144.7451216949 -37.7582302444)	LINESTRING(144.7451845255 -37.7582872997,144.7451749889 -37.7582638667,144.7451575108 -37.7582429022,144.7451340450 -37.7582244219,144.7451065455 -37.7582084411,144.7450769662 -37.7581949754,144.7450472609 -37.7581840402)
10528		1	1		12.335	POINT(144.7411514663 -37.7568474651)	LINESTRING(144.7412173556 -37.7568680472,144.7410872413 -37.7568266130)
10529		1	1		8.101	POINT(144.7410764585 -37.7569119664)	LINESTRING(144.7410918812 -37.7569475557,144.7410853609 -37.7569337809,144.7410804729 -37.7569187931,144.7410750321 -37.7569043100,144.7410668532 -37.7568920489,144.7410533051 -37.7568835438)
10530		1	1		12.796	POINT(144.7432796264 -37.7575732946)	LINESTRING(144.7433457523 -37.7575969257,144.7433015919 -37.7575810614,144.7432573521 -37.7575653360,144.7432129663 -37.7575498721)
10531		1	1		11.990	POINT(144.7432773610 -37.7576293406)	LINESTRING(144.7433375047 -37.7576112446,144.7433203854 -37.7576084013,144.7433032586 -37.7576111230,144.7432860772 -37.7576177834,144.7432687938 -37.7576267564,144.7432513612 -37.7576364158,144.7432337322 -37.7576451353,144.7432158594 -37.7576512887)
10536		1	1		27.488	POINT(144.6053479271 -37.6886522060)	LINESTRING(144.6053146614 -37.6887730017,144.6053811774 -37.6885312983)
10545		1	1		40.883	POINT(144.7483220174 -37.7592424593)	LINESTRING(144.7483526213 -37.7594091061,144.7483392311 -37.7594018883,144.7483275337 -37.7593936594,144.7483174462 -37.7593844979,144.7483088947 -37.7593744697,144.7483018054 -37.7593636409,144.7482961045 -37.7593520776,144.7482917180 -37.7593398459,144.7482885721 -37.7593270117,144.7482865930 -37.7593136412,144.7482857068 -37.7592998004,144.7482858397 -37.7592855553,144.7482869177 -37.7592709721,144.7482888671 -37.7592561168,144.7482916140 -37.7592410555,144.7482950845 -37.7592258541,144.7482992047 -37.7592105789,144.7483039009 -37.7591952957,144.7483090991 -37.7591800708,144.7483147256 -37.7591649701,144.7483207063 -37.7591500597,144.7483269676 -37.7591354057,144.7483334355 -37.7591210741,144.7483400361 -37.7591071310,144.7483466957 -37.7590936424,144.7483533404 -37.7590806745,144.7483598962 -37.7590682933)
10546		1	1		10.949	POINT(144.7483172275 -37.7590951604)	LINESTRING(144.7482581151 -37.7591130127,144.7482861886 -37.7591134720,144.7483091484 -37.7591074381,144.7483302676 -37.7590972744,144.7483477742 -37.7590839148,144.7483598962 -37.7590682933)
10547		1	1		68.379	POINT(144.7483336170 -37.7593505404)	LINESTRING(144.7484214647 -37.7596341263,144.7484134787 -37.7596157648,144.7484039311 -37.7595978395,144.7483933116 -37.7595802575,144.7483821101 -37.7595629259,144.7483699181 -37.7595457213,144.7483567831 -37.7595289373,144.7483433409 -37.7595122883,144.7483302272 -37.7594954888,144.7483173002 -37.7594787357,144.7483042694 -37.7594620176,144.7482917959 -37.7594450674,144.7482805409 -37.7594276181,144.7482706617 -37.7594099881,144.7482617013 -37.7593920268,144.7482539695 -37.7593737359,144.7482477760 -37.7593551171,144.7482472355 -37.7593527807,144.7482468938 -37.7593504168,144.7482467006 -37.7593480387,144.7482466057 -37.7593456596,144.7482466218 -37.7593432636,144.7482467682 -37.7593408687,144.7482470027 -37.7593384765,144.7482472830 -37.7593360883,144.7482476255 -37.7593336819,144.7482480418 -37.7593312823,144.7482484917 -37.7593288858,144.7482489351 -37.7593264888,144.7482493678 -37.7593241027,144.7482498104 -37.7593217176,144.7482502538 -37.7593193327,144.7482506890 -37.7593169468,144.7482512434 -37.7593137589,144.7482517816 -37.7593105690,144.7482523313 -37.7593073806,144.7482529201 -37.7593041966,144.7482535497 -37.7593010151,144.7482542069 -37.7592978369,144.7482548983 -37.7592946634,144.7482556304 -37.7592914957,144.7482564006 -37.7592883355,144.7482572070 -37.7592851808,144.7482580561 -37.7592820332,144.7482589546 -37.7592788944,144.7482598959 -37.7592757662,144.7482608798 -37.7592726458,144.7482619192 -37.7592695369,144.7482630273 -37.7592664434,144.7482644080 -37.7592628518,144.7482658662 -37.7592592790,144.7482673927 -37.7592557238,144.7482689786 -37.7592521853,144.7482706382 -37.7592486637,144.7482723690 -37.7592451633,144.7482741429 -37.7592416759,144.7482759320 -37.7592381935,144.7482777476 -37.7592347148,144.7482795968 -37.7592312470,144.7482814521 -37.7592277811,144.7482832861 -37.7592243083,144.7482850977 -37.7592208311,144.7482869004 -37.7592173509,144.7482886844 -37.7592138648,144.7482904399 -37.7592103698,144.7482947882 -37.7592014911,144.7482990593 -37.7591925889,144.7483032924 -37.7591836751,144.7483075270 -37.7591747619,144.7483117570 -37.7591658464,144.7483159666 -37.7591569248,144.7483201821 -37.7591480050,144.7483244295 -37.7591390947,144.7483286996 -37.7591301929,144.7483329842 -37.7591212955,144.7483373094 -37.7591124104,144.7483417013 -37.7591035460,144.7483461549 -37.7590947022,144.7483506605 -37.7590858748,144.7483552353 -37.7590770698,144.7483598962 -37.7590682933)
10548		1	1		43.746	POINT(144.7483790537 -37.7594987035)	LINESTRING(144.7485934244 -37.7595983118,144.7485574552 -37.7595816610,144.7485217470 -37.7595650423,144.7484860743 -37.7595483755,144.7484504246 -37.7595316775,144.7484147857 -37.7595149650,144.7483791451 -37.7594982548,144.7483434904 -37.7594815638,144.7483078095 -37.7594649088,144.7482720897 -37.7594483065,144.7482363189 -37.7594317738,144.7482004847 -37.7594153274,144.7481645746 -37.7593989841)
10549		1	1		27.789	POINT(144.7482871251 -37.7592978006)	LINESTRING(144.7483813081 -37.7592074654,144.7483761416 -37.7592179325,144.7483686060 -37.7592309411,144.7483606246 -37.7592444482,144.7483522123 -37.7592582619,144.7483433838 -37.7592721901,144.7483341540 -37.7592860408,144.7483245375 -37.7592996220,144.7483145491 -37.7593127417,144.7483042037 -37.7593252079,144.7482935160 -37.7593368285,144.7482825008 -37.7593474116,144.7482711729 -37.7593567651,144.7482595470 -37.7593646969,144.7482476379 -37.7593710152,144.7482354604 -37.7593755278,144.7482230293 -37.7593780428,144.7482103593 -37.7593783682,144.7481974653 -37.7593763118,144.7481843789 -37.7593716895)
10550		1	1		34.387	POINT(144.7482876994 -37.7595257827)	LINESTRING(144.7484214647 -37.7596341263,144.7484153095 -37.7596199312,144.7484078382 -37.7596062417,144.7483991356 -37.7595930403,144.7483892862 -37.7595803094,144.7483783747 -37.7595680316,144.7483664858 -37.7595561892,144.7483537039 -37.7595447647,144.7483401137 -37.7595337405,144.7483257999 -37.7595230991,144.7483108470 -37.7595128229,144.7482953398 -37.7595028944,144.7482793627 -37.7594932960,144.7482630004 -37.7594840102,144.7482463376 -37.7594750193,144.7482294588 -37.7594663060,144.7482124487 -37.7594578525,144.7481953918 -37.7594496414,144.7481783729 -37.7594416550,144.7481614764 -37.7594338759,144.7481447702 -37.7594262788)
10552		1	1		45.583	POINT(144.7484252478 -37.7593337044)	LINESTRING(144.7482019563 -37.7592298934,144.7482393639 -37.7592469704,144.7482767018 -37.7592641426,144.7483139642 -37.7592814177,144.7483511694 -37.7592987707,144.7483883358 -37.7593161766,144.7484254820 -37.7593336101,144.7484626262 -37.7593510464,144.7484997869 -37.7593684602,144.7485369824 -37.7593858265,144.7485742312 -37.7594031202,144.7486115518 -37.7594203163,144.7486489624 -37.7594373896)
10553		1	1		28.408	POINT(144.7485657873 -37.7593317700)	LINESTRING(144.7484809407 -37.7592265658,144.7484809945 -37.7592451503,144.7484844903 -37.7592634918,144.7484911145 -37.7592815037,144.7485005534 -37.7592990994,144.7485124932 -37.7593161924,144.7485266202 -37.7593326958,144.7485426208 -37.7593485232,144.7485601813 -37.7593635880,144.7485789879 -37.7593778035,144.7485987269 -37.7593910830,144.7486190847 -37.7594033400,144.7486397475 -37.7594144879,144.7486604017 -37.7594244400)
10554		1	1		28.950	POINT(144.7485406495 -37.7595286151)	LINESTRING(144.7484595965 -37.7596251082,144.7484566232 -37.7596138824,144.7484557326 -37.7596017970,144.7484567841 -37.7595890382,144.7484596372 -37.7595757922,144.7484641514 -37.7595622449,144.7484701859 -37.7595485826,144.7484776003 -37.7595349913,144.7484862541 -37.7595216573,144.7484960065 -37.7595087667,144.7485067171 -37.7594965055,144.7485182453 -37.7594850600,144.7485304505 -37.7594746162,144.7485431922 -37.7594653603,144.7485563297 -37.7594574784,144.7485697225 -37.7594511566,144.7485832301 -37.7594465812,144.7485967118 -37.7594439381,144.7486100272 -37.7594434136,144.7486230355 -37.7594451938,144.7486355964 -37.7594494648)
10555		1	1		57.024	POINT(144.7395579997 -37.7560465765)	LINESTRING(144.7397238449 -37.7558494730,144.7397220342 -37.7558671185,144.7397192305 -37.7558848414,144.7397154046 -37.7559031956,144.7397105861 -37.7559220633,144.7397048046 -37.7559413272,144.7396980897 -37.7559608697,144.7396904709 -37.7559805731,144.7396819779 -37.7560003201,144.7396726402 -37.7560199929,144.7396624874 -37.7560394741,144.7396515490 -37.7560586461,144.7396398547 -37.7560773914,144.7396274340 -37.7560955924,144.7396143166 -37.7561131316,144.7396005319 -37.7561298914,144.7395861096 -37.7561457543,144.7395710793 -37.7561606028,144.7395554705 -37.7561743192,144.7395393129 -37.7561867860,144.7395226359 -37.7561978858,144.7395054692 -37.7562075009,144.7394878423 -37.7562155138,144.7394697849 -37.7562218070,144.7394513265 -37.7562262628,144.7394324967 -37.7562287639,144.7394133251 -37.7562291925,144.7393938412 -37.7562274312,144.7393796760 -37.7562260658)
10557		1	1		47.138	POINT(144.7396200888 -37.7563222942)	LINESTRING(144.7398660322 -37.7564049706,144.7398249759 -37.7563900708,144.7397839972 -37.7563751436,144.7397429899 -37.7563602371,144.7397019247 -37.7563454197,144.7396607717 -37.7563307596,144.7396195016 -37.7563163252,144.7395780846 -37.7563021848,144.7395364913 -37.7562884067,144.7394946920 -37.7562750592,144.7394526571 -37.7562622107,144.7394103571 -37.7562499295,144.7393723165 -37.7562406843)
10558		1	1		53.117	POINT(144.7397741499 -37.7559713740)	LINESTRING(144.7394966299 -37.7558773470,144.7395427152 -37.7558934270,144.7395888546 -37.7559093245,144.7396350720 -37.7559250805,144.7396813514 -37.7559407241,144.7397276766 -37.7559562846,144.7397740317 -37.7559717911,144.7398204006 -37.7559872728,144.7398667672 -37.7560027590,144.7399131154 -37.7560182787,144.7399594293 -37.7560338612,144.7400056927 -37.7560495357,144.7400518896 -37.7560653314)
10559		1	1		19.703	POINT(144.7399848935 -37.7559964566)	LINESTRING(144.7399163212 -37.7559290714,144.7399231450 -37.7559495724,144.7399348802 -37.7559688791,144.7399507483 -37.7559868663,144.7399699705 -37.7560034086,144.7399917682 -37.7560183806,144.7400153629 -37.7560316571,144.7400399759 -37.7560431128,144.7400648286 -37.7560526223)
10560		1	1		62.018	POINT(144.7398551250 -37.7562325694)	LINESTRING(144.7396623219 -37.7564381622,144.7396664893 -37.7564110591,144.7396733292 -37.7563823413,144.7396826986 -37.7563524256,144.7396944542 -37.7563217287,144.7397084531 -37.7562906672,144.7397245520 -37.7562596580,144.7397426079 -37.7562291177,144.7397624777 -37.7561994631,144.7397840181 -37.7561711109,144.7398070861 -37.7561444779,144.7398315385 -37.7561199807,144.7398572323 -37.7560980361,144.7398840244 -37.7560790608,144.7399117715 -37.7560634716,144.7399403306 -37.7560516852,144.7399695585 -37.7560441183,144.7399993121 -37.7560411877,144.7400294484 -37.7560433100,144.7400598241 -37.7560509021)
10561		1	1		20.675	POINT(144.7395747398 -37.7556842533)	LINESTRING(144.7395113222 -37.7557528074,144.7395339894 -37.7557463608,144.7395539241 -37.7557355957,144.7395712077 -37.7557212589,144.7395859213 -37.7557040973,144.7395981462 -37.7556848575,144.7396079637 -37.7556642865,144.7396154551 -37.7556431309,144.7396207015 -37.7556221377,144.7396237951 -37.7556019535)
10562		1	1		92.504	POINT(144.7396232183 -37.7560187285)	LINESTRING(144.7396028241 -37.7564342603,144.7396118297 -37.7563305873,144.7396175324 -37.7562267541,144.7396210255 -37.7561228136,144.7396234025 -37.7560188187,144.7396257568 -37.7559148222,144.7396291817 -37.7558108768,144.7396347707 -37.7557070354,144.7396436172 -37.7556033508)
10563		1	1		88.137	POINT(144.7397564854 -37.7559884584)	LINESTRING(144.7399001887 -37.7563481139,144.7398773057 -37.7563374617,144.7398570236 -37.7563235677,144.7398396408 -37.7563075192,144.7398173148 -37.7562777989,144.7398006840 -37.7562454498,144.7397865402 -37.7562123385,144.7397197907 -37.7560459397,144.7396659064 -37.7558766319,144.7396341957 -37.7557045609,144.7396342796 -37.7556708220,144.7396387287 -37.7556370723,144.7396436172 -37.7556033508)
10564		1	1		98.162	POINT(144.7396210075 -37.7563104080)	LINESTRING(144.7394628478 -37.7559171494,144.7395366553 -37.7559511820,144.7395980904 -37.7559961394,144.7396481842 -37.7560505232,144.7396879679 -37.7561128351,144.7397184728 -37.7561815766,144.7397407301 -37.7562552493,144.7397557710 -37.7563323550,144.7397646267 -37.7564113952,144.7397683284 -37.7564908717,144.7397679073 -37.7565692859,144.7397643948 -37.7566451396,144.7397588219 -37.7567169345)
10565		1	1		95.731	POINT(144.7397612772 -37.7562830369)	LINESTRING(144.7397833589 -37.7558532162,144.7397742615 -37.7559605319,144.7397679589 -37.7560679779,144.7397635650 -37.7561755136,144.7397601938 -37.7562830981,144.7397569594 -37.7563906906,144.7397529757 -37.7564982502,144.7397473566 -37.7566057363,144.7397392162 -37.7567131080)
10566		1	1		13.628	POINT(144.7397970474 -37.7566655966)	LINESTRING(144.7398497145 -37.7566270887,144.7398380416 -37.7566300924,144.7398267722 -37.7566343642,144.7398160085 -37.7566397721,144.7398058527 -37.7566461842,144.7397964068 -37.7566534683,144.7397877730 -37.7566614924,144.7397800535 -37.7566701246,144.7397733504 -37.7566792327,144.7397677659 -37.7566886847,144.7397634021 -37.7566983486,144.7397603611 -37.7567080923,144.7397587451 -37.7567177839)
10567		1	1		17.773	POINT(144.7472010540 -37.7592221030)	LINESTRING(144.7472867138 -37.7591819738,144.7472630832 -37.7591820596,144.7472400058 -37.7591867658,144.7472177809 -37.7591953367,144.7471967075 -37.7592070167,144.7471770848 -37.7592210500,144.7471592119 -37.7592366810,144.7471433878 -37.7592531539,144.7471299117 -37.7592697131)
10568		1	1		33.670	POINT(144.7472498028 -37.7589595493)	LINESTRING(144.7472106797 -37.7588234285,144.7472217466 -37.7588294139,144.7472320953 -37.7588365384,144.7472413364 -37.7588445338,144.7472495001 -37.7588533309,144.7472566166 -37.7588628605,144.7472627161 -37.7588730534,144.7472678288 -37.7588838402,144.7472719848 -37.7588951519,144.7472752144 -37.7589069190,144.7472775477 -37.7589190726,144.7472790150 -37.7589315432,144.7472796464 -37.7589442617,144.7472794722 -37.7589571588,144.7472785226 -37.7589701653,144.7472768276 -37.7589832120,144.7472744176 -37.7589962297,144.7472713228 -37.7590091490,144.7472675732 -37.7590219009,144.7472631992 -37.7590344160,144.7472582309 -37.7590466252,144.7472526985 -37.7590584591,144.7472466322 -37.7590698486,144.7472400622 -37.7590807245,144.7472330186 -37.7590910175,144.7472255318 -37.7591006584)
10569		1	1		20.301	POINT(144.7469765001 -37.7589506691)	LINESTRING(144.7470063874 -37.7590381255,144.7470099797 -37.7590125412,144.7470088551 -37.7589853918,144.7470029432 -37.7589580873,144.7469921736 -37.7589320381,144.7469764758 -37.7589086542,144.7469557793 -37.7588893458,144.7469340661 -37.7588744554)
10570		1	1		26.925	POINT(144.7472653512 -37.7589847605)	LINESTRING(144.7473958195 -37.7590479069,144.7471339374 -37.7589224782)
10628		1	1		38.138	POINT(144.7394299184 -37.7591470447)	LINESTRING(144.7394346940 -37.7593181722,144.7394221731 -37.7591551870,144.7394377205 -37.7589760115)
10630		1	1		51.173	POINT(144.7397258762 -37.7592620460)	LINESTRING(144.7394747218 -37.7593151868,144.7394769146 -37.7593013665,144.7394816378 -37.7592888059,144.7394887370 -37.7592774692,144.7394980576 -37.7592673205,144.7395094450 -37.7592583239,144.7395227445 -37.7592504437,144.7395378017 -37.7592436438,144.7395544620 -37.7592378886,144.7395725707 -37.7592331420,144.7395919733 -37.7592293682,144.7396125153 -37.7592265314,144.7396340419 -37.7592245957,144.7396563988 -37.7592235253,144.7396794313 -37.7592232842,144.7397029847 -37.7592238366,144.7397269046 -37.7592251467,144.7397510364 -37.7592271786,144.7397752254 -37.7592298964,144.7397993172 -37.7592332643,144.7398231570 -37.7592372463,144.7398465905 -37.7592418067,144.7398694629 -37.7592469096,144.7398916197 -37.7592525190,144.7399129063 -37.7592585992,144.7399331682 -37.7592651143,144.7399522507 -37.7592720284,144.7399699993 -37.7592793056,144.7399862594 -37.7592869101)
10631		1	1		10.730	POINT(144.7395275415 -37.7592637165)	LINESTRING(144.7395335391 -37.7592157224,144.7395215459 -37.7593117248)
10632		3	1		24.659	POINT(144.7007758696 -37.7424310686)	LINESTRING(144.7006545322 -37.7424793166,144.7006618417 -37.7424781221,144.7006693055 -37.7424768683,144.7006769051 -37.7424755511,144.7006846218 -37.7424741666,144.7006924368 -37.7424727109,144.7007003315 -37.7424711800,144.7007082873 -37.7424695698,144.7007162855 -37.7424678765,144.7007243074 -37.7424660961,144.7007323344 -37.7424642246,144.7007403477 -37.7424622579,144.7007483287 -37.7424601923,144.7007562588 -37.7424580236,144.7007641193 -37.7424557479,144.7007718915 -37.7424533613,144.7007795567 -37.7424508598,144.7007870963 -37.7424482394,144.7007944916 -37.7424454961,144.7008017239 -37.7424426260,144.7008087746 -37.7424396251,144.7008156250 -37.7424364894,144.7008222564 -37.7424332150,144.7008286502 -37.7424297979,144.7008347877 -37.7424262341,144.7008406502 -37.7424225196,144.7008462191 -37.7424186506,144.7008514757 -37.7424146229,144.7008564013 -37.7424104327,144.7008609772 -37.7424060760,144.7008651848 -37.7424015488,144.7008690055 -37.7423968471,144.7008724205 -37.7423919670,144.7008754112 -37.7423869045,144.7008779589 -37.7423816556,144.7008800450 -37.7423762164,144.7008816507 -37.7423705829)
10633		1	1		39.527	POINT(144.7008697156 -37.7425426082)	LINESTRING(144.7008369294 -37.7427190623,144.7009026446 -37.7423674360)
10634		1	1		17.951	POINT(144.7010603095 -37.7426562448)	LINESTRING(144.7010979656 -37.7425810155,144.7010765462 -37.7426318015,144.7010470854 -37.7426806407,144.7010224587 -37.7427307713)
10635		3	1		27.345	POINT(144.7009208661 -37.7426578988)	LINESTRING(144.7007986750 -37.7425969484,144.7008157125 -37.7425979800,144.7008337769 -37.7426001624,144.7008525641 -37.7426034361,144.7008717699 -37.7426077416,144.7008910904 -37.7426130191,144.7009102215 -37.7426192093,144.7009288590 -37.7426262524,144.7009466989 -37.7426340889,144.7009634371 -37.7426426592,144.7009787695 -37.7426519038,144.7009923920 -37.7426617630,144.7010040006 -37.7426721774,144.7010132912 -37.7426830873,144.7010199596 -37.7426944331,144.7010237019 -37.7427061553,144.7010242139 -37.7427181943,144.7010224587 -37.7427307713)
10636		1	1		32.321	POINT(144.7009027170 -37.7426398717)	LINESTRING(144.7010394511 -37.7425716457,144.7010316157 -37.7425909774,144.7010189646 -37.7426082187,144.7010020809 -37.7426234454,144.7009815444 -37.7426367471,144.7009579348 -37.7426482130,144.7009318318 -37.7426579325,144.7009038152 -37.7426659949,144.7008744646 -37.7426724897,144.7008443597 -37.7426775062,144.7008140804 -37.7426811337,144.7007842063 -37.7426834616,144.7007553171 -37.7426845793,144.7007279925 -37.7426845762)
10639		1	1		61.192	POINT(144.6503134358 -37.7253917307)	LINESTRING(144.6502285969 -37.7256550606,144.6502723357 -37.7254687507,144.6502961648 -37.7253313002,144.6503217947 -37.7252619611,144.6503470997 -37.7252064931,144.6503970025 -37.7251245493)
10640		1	1		37.219	POINT(144.6506096129 -37.7252491142)	LINESTRING(144.6507955830 -37.7252142951,144.6507856839 -37.7252207737,144.6507726206 -37.7252297593,144.6507578245 -37.7252379393,144.6507415079 -37.7252452961,144.6507238832 -37.7252518119,144.6507051627 -37.7252574692,144.6506855587 -37.7252622500,144.6506652838 -37.7252661368,144.6506445501 -37.7252691119,144.6506235701 -37.7252711575,144.6506025562 -37.7252722559,144.6505817206 -37.7252723895,144.6505612758 -37.7252715404,144.6505414341 -37.7252696911,144.6505224079 -37.7252668238,144.6505044095 -37.7252629208,144.6504876514 -37.7252579644,144.6504723457 -37.7252519369,144.6504587050 -37.7252448206,144.6504469416 -37.7252365978,144.6504372678 -37.7252272507,144.6504298960 -37.7252167617,144.6504275105 -37.7252047901)
10642		1	1		47.533	POINT(144.6507661351 -37.7254361222)	LINESTRING(144.6508875217 -37.7252447602,144.6508492648 -37.7253016776,144.6508153481 -37.7253539889,144.6506440945 -37.7256264684)
10643		1	1		48.028	POINT(144.6507524711 -37.7252953679)	LINESTRING(144.6509432602 -37.7254292742,144.6509133543 -37.7254188197,144.6508821072 -37.7254068537,144.6508500603 -37.7253934675,144.6508177555 -37.7253787529,144.6507857343 -37.7253628012,144.6507545386 -37.7253457040,144.6507247100 -37.7253275528,144.6506967901 -37.7253084392,144.6506713207 -37.7252884546,144.6506488434 -37.7252676907,144.6506299000 -37.7252462388,144.6506150321 -37.7252241906,144.6506047814 -37.7252016375,144.6505996896 -37.7251786711,144.6506002984 -37.7251553829,144.6506069506 -37.7251318112)
10644		1	1		6.994	POINT(144.6505804183 -37.7251916186)	LINESTRING(144.6505652335 -37.7252199862,144.6505943822 -37.7251614598)
10645		3	1		93.819	POINT(144.6521661338 -37.7215629244)	LINESTRING(144.6516438068 -37.7216279585,144.6518165083 -37.7215831773,144.6519601170 -37.7215401870,144.6520937387 -37.7215083835,144.6522495652 -37.7214982892,144.6523834815 -37.7215131105,144.6524825579 -37.7215246639,144.6525713026 -37.7215308629,144.6526806982 -37.7215148635)
10646		1	1		34.745	POINT(144.6524777564 -37.7217018262)	LINESTRING(144.6523423244 -37.7218152848,144.6523863746 -37.7217735927,144.6524286021 -37.7217367365,144.6524746649 -37.7216994742,144.6525223293 -37.7216634514,144.6525691504 -37.7216301457,144.6526214250 -37.7215948165)
10649		1	1		55.804	POINT(144.6526821470 -37.7219128531)	LINESTRING(144.6524176891 -37.7218667736,144.6524300245 -37.7218560519,144.6524437275 -37.7218469460,144.6524586893 -37.7218394004,144.6524748013 -37.7218333599,144.6524919547 -37.7218287692,144.6525100407 -37.7218255729,144.6525289507 -37.7218237156,144.6525485760 -37.7218231421,144.6525688077 -37.7218237971,144.6525895372 -37.7218256252,144.6526106557 -37.7218285710,144.6526320545 -37.7218325793,144.6526536248 -37.7218375947,144.6526752580 -37.7218435620,144.6526968454 -37.7218504257,144.6527182781 -37.7218581305,144.6527394474 -37.7218666211,144.6527602447 -37.7218758423,144.6527805612 -37.7218857386,144.6528002881 -37.7218962547,144.6528193168 -37.7219073353,144.6528375385 -37.7219189251,144.6528548444 -37.7219309687,144.6528711259 -37.7219434109,144.6528862742 -37.7219561963,144.6529001806 -37.7219692695,144.6529127364 -37.7219825752,144.6529238328 -37.7219960582,144.6529333610 -37.7220096631,144.6529402030 -37.7220228754)
10650		1	1		44.976	POINT(144.6527226495 -37.7218664687)	LINESTRING(144.6528920583 -37.7217150430,144.6525562238 -37.7220201678)
10651		3	1		47.202	POINT(144.6524425205 -37.7218443297)	LINESTRING(144.6522930851 -37.7216870574,144.6523357841 -37.7217006088,144.6523785141 -37.7217205527,144.6524201370 -37.7217459077,144.6524591970 -37.7217755821,144.6524942381 -37.7218084839,144.6525238042 -37.7218435211,144.6525464395 -37.7218796021,144.6525606880 -37.7219156348,144.6525650937 -37.7219505273,144.6525582006 -37.7219831879,144.6525385528 -37.7220125247)
10655		3	1		69.389	POINT(144.6038752708 -37.6933140540)	LINESTRING(144.6035663044 -37.6934921241,144.6038378124 -37.6932541734,144.6039227513 -37.6931930071,144.6040229361 -37.6931676856,144.6041398893 -37.6931529545,144.6041790079 -37.6931345825)
10656		1	1		20.186	POINT(144.6041727665 -37.6933314000)	LINESTRING(144.6041528143 -37.6934217162,144.6041932674 -37.6932429196)
10657		3	1		34.007	POINT(144.6042119970 -37.6933721363)	LINESTRING(144.6040451461 -37.6933224744,144.6040607065 -37.6933201170,144.6040783719 -37.6933186674,144.6040969077 -37.6933182909,144.6041161106 -37.6933189512,144.6041357775 -37.6933206122,144.6041557052 -37.6933232374,144.6041756904 -37.6933267907,144.6041955302 -37.6933312357,144.6042150212 -37.6933365362,144.6042339603 -37.6933426559,144.6042521443 -37.6933495586,144.6042693701 -37.6933572079,144.6042854345 -37.6933655675,144.6043001343 -37.6933746013,144.6043132663 -37.6933842728,144.6043246275 -37.6933945459,144.6043340145 -37.6934053843,144.6043412243 -37.6934167517,144.6043460537 -37.6934286117,144.6043482994 -37.6934409282,144.6043477584 -37.6934536649)
10658		1	1		17.669	POINT(144.6043593826 -37.6933814263)	LINESTRING(144.6043721529 -37.6933028951,144.6043466839 -37.6934606066)
10699		3	1		16.592	POINT(144.6055045947 -37.6965256653)	LINESTRING(144.6055920402 -37.6964940050,144.6054219872 -37.6965586870)
10703	Ferris Rd	1	1		43.664	POINT(144.6033533967 -37.6990145255)	LINESTRING(144.6034022069 -37.6988217798,144.6033044829 -37.6992069742)
10704	Ferris Rd	1	1		5.072	POINT(144.6034703975 -37.6984123113)	LINESTRING(144.6034764987 -37.6983900910,144.6034643538 -37.6984347008)
10705	Zone connector	1	1		1.370	POINT(144.6030369103 -37.6998827027)	LINESTRING(144.6030357508 -37.6998888624,144.6030380826 -37.6998766772)
10706		1	1		38.883	POINT(144.6024815167 -37.6987469884)	LINESTRING(144.6023188071 -37.6986356222,144.6023358922 -37.6986570716,144.6023529758 -37.6986776965,144.6023712896 -37.6986975588,144.6023915671 -37.6987161067,144.6024249991 -37.6987413105,144.6024608761 -37.6987644520,144.6024985402 -37.6987858529,144.6025373338 -37.6988058347,144.6025653595 -37.6988193270,144.6025941420 -37.6988319026,144.6026238427 -37.6988428570,144.6026553048 -37.6988515339)
10707		1	1		38.530	POINT(144.6032126200 -37.6990533118)	LINESTRING(144.6031198476 -37.6989152711,144.6031442190 -37.6989192403,144.6031662841 -37.6989266420,144.6031864624 -37.6989371740,144.6032047709 -37.6989504973,144.6032212264 -37.6989662729,144.6032358460 -37.6989841617,144.6032486466 -37.6990038247,144.6032596451 -37.6990249229,144.6032688584 -37.6990471172,144.6032763036 -37.6990700687,144.6032819976 -37.6990934381,144.6032859573 -37.6991168867,144.6032881998 -37.6991400752,144.6032887418 -37.6991626647,144.6032876004 -37.6991843161,144.6032847926 -37.6992046904)
10708		1	1		7.833	POINT(144.6033226518 -37.6988003990)	LINESTRING(144.6033429808 -37.6988158266,144.6033414558 -37.6988193640,144.6033386555 -37.6988203251,144.6033348617 -37.6988190605,144.6033303559 -37.6988159205,144.6033254199 -37.6988112558,144.6033203352 -37.6988054170,144.6033153836 -37.6987987544,144.6033108466 -37.6987916188,144.6033070059 -37.6987843605,144.6033041432 -37.6987773302,144.6033025401 -37.6987708783,144.6033024901 -37.6987652813)
10712		2	2		27.309	POINT(144.6092017061 -37.6956552608)	LINESTRING(144.6090521888 -37.6956227488,144.6093517104 -37.6956876463)
10713		1	1		3.918	POINT(144.6115420126 -37.6963285238)	LINESTRING(144.6115221066 -37.6963212128,144.6115630485 -37.6963351144)
10714	Melton Hwy	1	1		6.067	POINT(144.6044858891 -37.6926922613)	LINESTRING(144.6044915934 -37.6926652374,144.6044801075 -37.6927190661)
10715	Western Hwy	3	1		13.295	POINT(144.6336667663 -37.7110893271)	LINESTRING(144.6336098902 -37.7110497921,144.6337230428 -37.7111291122)
10717		1	1		12.565	POINT(144.6253108940 -37.7050097522)	LINESTRING(144.6252572084 -37.7049724916,144.6253650517 -37.7050466540)
10718		1	1		18.190	POINT(144.6279875700 -37.7067756890)	LINESTRING(144.6278897933 -37.7067620980,144.6279351336 -37.7067798917,144.6279864547 -37.7067871740,144.6280392276 -37.7067849673,144.6280886289 -37.7067741442)
10731	Leakes Rd	1	1		13.318	POINT(144.6526429951 -37.7280134985)	LINESTRING(144.6526094252 -37.7279610461,144.6526751281 -37.7280689688)
10732	Leakes Rd	1	1		8.248	POINT(144.6529326911 -37.7290463802)	LINESTRING(144.6529415656 -37.7290828385,144.6529237869 -37.7290100012)
10733	Leakes Rd	1	1		7.692	POINT(144.6538095356 -37.7208954064)	LINESTRING(144.6538376539 -37.7208689171,144.6537814390 -37.7209219242)
10734		3	1		51.987	POINT(144.6530641618 -37.7217917517)	LINESTRING(144.6531587373 -37.7215809473,144.6531213030 -37.7216154942,144.6530861834 -37.7216536423,144.6530542823 -37.7216947089,144.6530265036 -37.7217380108,144.6530037511 -37.7217828653,144.6529869286 -37.7218285893,144.6529769399 -37.7218744999,144.6529746888 -37.7219199141,144.6529810791 -37.7219641491,144.6529969036 -37.7220080629)
10735		1	1		30.060	POINT(144.6532370651 -37.7214478089)	LINESTRING(144.6533528604 -37.7213487645,144.6531186413 -37.7215457110)
10736	Leakes Rd	1	1		12.389	POINT(144.6548040732 -37.7177623448)	LINESTRING(144.6547947406 -37.7178177097,144.6548134911 -37.7177072517)
10737	Leakes Rd	1	1		5.614	POINT(144.6546509698 -37.7183625933)	LINESTRING(144.6546467283 -37.7183872425,144.6546550873 -37.7183371756)
10739	Leakes Rd	1	1		9.316	POINT(144.6554655270 -37.7153773270)	LINESTRING(144.6554685155 -37.7153331808,144.6554623607 -37.7154168403)
10741		1	1		12.914	POINT(144.6550755075 -37.7180017096)	LINESTRING(144.6550896396 -37.7179435989,144.6550607159 -37.7180574917)
10742	Taylors Rd	1	1		24.306	POINT(144.6574348712 -37.7168771016)	LINESTRING(144.6575700794 -37.7168990076,144.6572992747 -37.7168552271)
10743		1	1		3.315	POINT(144.6559419585 -37.7166961432)	LINESTRING(144.6559600849 -37.7166996286,144.6559233818 -37.7166928089)
10744		1	1		4.872	POINT(144.6554206020 -37.7157202058)	LINESTRING(144.6554234239 -37.7156974050,144.6554176466 -37.7157409960)
10745		1	1		8.599	POINT(144.6556498171 -37.7163259163)	LINESTRING(144.6556232783 -37.7162945150,144.6556300503 -37.7163086026,144.6556410721 -37.7163215627,144.6556553609 -37.7163326931,144.6556719334 -37.7163412922,144.6556898067 -37.7163466579)
10746	Western Hwy	3	1		7.295	POINT(144.6712162235 -37.7351114636)	LINESTRING(144.6712550545 -37.7351249881,144.6711799130 -37.7350971960)
10747	Western Hwy	3	1		15.700	POINT(144.6725445986 -37.7355759345)	LINESTRING(144.6726282272 -37.7356018090,144.6724622134 -37.7355498629)
10766		1	1		22.232	POINT(144.7003339212 -37.7425299021)	LINESTRING(144.7002085471 -37.7425482815,144.7004569778 -37.7425111983)
10767		1	1		11.658	POINT(144.7002775282 -37.7425823301)	LINESTRING(144.7002112499 -37.7425798050,144.7003436739 -37.7425848608)
10768		1	1		2.545	POINT(144.7005631457 -37.7444419086)	LINESTRING(144.7005617229 -37.7444536143,144.7005647034 -37.7444308470)
10770		1	1		10.057	POINT(144.7009453454 -37.7421933195)	LINESTRING(144.7009335190 -37.7422372475,144.7009568899 -37.7421487219)
10771		1	1		3.101	POINT(144.7010513229 -37.7417378468)	LINESTRING(144.7010489433 -37.7417505468,144.7010533294 -37.7417228730)
10772	Neales Rd W	1	1		22.453	POINT(144.7028099283 -37.7411556511)	LINESTRING(144.7026836164 -37.7411410243,144.7029362533 -37.7411702752)
10773	Neales Rd W	1	1		6.230	POINT(144.7018445510 -37.7411203582)	LINESTRING(144.7018796344 -37.7411239243,144.7018093682 -37.7411167973)
10774	Neales Rd W	1	1		15.226	POINT(144.7025795893 -37.7411995570)	LINESTRING(144.7026655247 -37.7412083891,144.7024938289 -37.7411907108)
10777		1	1		9.805	POINT(144.7188212632 -37.7495854164)	LINESTRING(144.7187672727 -37.7495740323,144.7188749509 -37.7495969161)
10778		3	1		77.385	POINT(144.7197773868 -37.7497701683)	LINESTRING(144.7193499152 -37.7496885955,144.7202054427 -37.7498515872)
10781		2	2		27.327	POINT(144.7273004157 -37.7521644089)	LINESTRING(144.7274420247 -37.7522145525,144.7271582032 -37.7521144941)
10817	Christies Rd	1	1		2.800	POINT(144.7396509767 -37.7576064257)	LINESTRING(144.7396522530 -37.7575932755,144.7396496364 -37.7576183684)
10819		1	1		11.355	POINT(144.7395039546 -37.7576248107)	LINESTRING(144.7394969434 -37.7576755237,144.7395109539 -37.7575740391)
10820		1	1		28.003	POINT(144.7394729969 -37.7580010643)	LINESTRING(144.7394701644 -37.7581273352,144.7394758387 -37.7578756088)
10822		1	1		22.354	POINT(144.7395362860 -37.7571233330)	LINESTRING(144.7395246386 -37.7572234647,144.7395260984 -37.7572092678,144.7395348190 -37.7571240856,144.7395478990 -37.7570233378)
10824		1	1		25.278	POINT(144.7404685305 -37.7566808926)	LINESTRING(144.7406010782 -37.7567243689,144.7403353348 -37.7566377116)
10825		1	1		8.140	POINT(144.7422594493 -37.7572230110)	LINESTRING(144.7423010511 -37.7572388176,144.7422173851 -37.7572075099)
10826		1	1		8.347	POINT(144.7409499836 -37.7567754147)	LINESTRING(144.7409923276 -37.7567918005,144.7409064090 -37.7567599066)
10832		1	1		8.892	POINT(144.7398242216 -37.7552204247)	LINESTRING(144.7398259980 -37.7551801439,144.7398224305 -37.7552600414)
10833		1	1		5.410	POINT(144.7398338710 -37.7553479714)	LINESTRING(144.7398356041 -37.7553239134,144.7398321537 -37.7553724749)
10850	Ballarat Rd  Western Hwy	1	1		11.500	POINT(144.7447173852 -37.7580573162)	LINESTRING(144.7447775993 -37.7580774683,144.7446571591 -37.7580371721)
10860		1	1		12.651	POINT(144.7464072894 -37.7586296949)	LINESTRING(144.7464726662 -37.7586530512,144.7463413258 -37.7586066433)
10861	Ballarat Rd  Western Hwy	1	1		6.624	POINT(144.7468242865 -37.7587974613)	LINESTRING(144.7468576955 -37.7588110280,144.7467904296 -37.7587842280)
10862	Ballarat Rd  Western Hwy	1	1		10.083	POINT(144.7470030774 -37.7588663411)	LINESTRING(144.7470529799 -37.7588876191,144.7469511080 -37.7588460189)
10863		1	1		7.488	POINT(144.7470214385 -37.7592510267)	LINESTRING(144.7470011870 -37.7592806566,144.7470417076 -37.7592214475)
10864	Panamax Rd	1	1		10.806	POINT(144.7471299741 -37.7592136934)	LINESTRING(144.7471649523 -37.7591737759,144.7470954890 -37.7592539150)
10865		1	1		2.374	POINT(144.7476924138 -37.7591881333)	LINESTRING(144.7477040152 -37.7591936931,144.7476814552 -37.7591819665)
10866		1	1		0.979	POINT(144.7480211540 -37.7593337776)	LINESTRING(144.7480257894 -37.7593360440,144.7480161089 -37.7593317044)
10868		1	1		38.121	POINT(144.7474250726 -37.7588697975)	LINESTRING(144.7472390399 -37.7587818681,144.7476111664 -37.7589576704)
10869		1	1		46.198	POINT(144.7473721347 -37.7589922358)	LINESTRING(144.7471492334 -37.7590694577,144.7471582581 -37.7590577441,144.7471684669 -37.7590463897,144.7471797863 -37.7590354184,144.7471921431 -37.7590248541,144.7472054641 -37.7590147205,144.7472196760 -37.7590050415,144.7472347055 -37.7589958409,144.7472504793 -37.7589871426,144.7472669242 -37.7589789703,144.7472839670 -37.7589713480,144.7473015342 -37.7589642994,144.7473195527 -37.7589578483,144.7473379492 -37.7589520186,144.7473566505 -37.7589468342,144.7473755832 -37.7589423188,144.7473946740 -37.7589384962,144.7474138498 -37.7589353903,144.7474330373 -37.7589330250,144.7474521631 -37.7589314240,144.7474711540 -37.7589306112,144.7474899367 -37.7589306104,144.7475084380 -37.7589314455,144.7475265846 -37.7589331402,144.7475443032 -37.7589357184,144.7475615206 -37.7589392039,144.7475781634 -37.7589436205,144.7475941585 -37.7589489921,144.7476089144 -37.7589566462)
10876	Melton Hwy	1	1		4.515	POINT(144.6059822749 -37.6872011586)	LINESTRING(144.6059881358 -37.6871816462,144.6059764948 -37.6872212187)
10877	Melton Hwy	1	1		23.983	POINT(144.6061168367 -37.6868109601)	LINESTRING(144.6061588484 -37.6867085418,144.6060752583 -37.6869139853)
10879	Zone connector	1	1		6.642	POINT(144.6063042510 -37.6876925992)	LINESTRING(144.6063407642 -37.6876974762,144.6062662269 -37.6876878215)
10884		1	1		45.410	POINT(144.6059394617 -37.6876617121)	LINESTRING(144.6057251270 -37.6877407865,144.6057707385 -37.6876889294,144.6057938385 -37.6876642079,144.6058241420 -37.6876432350,144.6058603349 -37.6876259337,144.6059011033 -37.6876122272,144.6059451331 -37.6876020386,144.6059911102 -37.6875952910,144.6060377206 -37.6875919075,144.6060836504 -37.6875918112,144.6061275854 -37.6875949253,144.6061682117 -37.6876011729)
10886		3	1		18.224	POINT(144.7386973957 -37.7555477768)	LINESTRING(144.7386001194 -37.7555210626,144.7387961386 -37.7555742385)
11052		1	1		8.143	POINT(144.6033585725 -37.6978412989)	LINESTRING(144.6033664649 -37.6978776063,144.6033501724 -37.6978054771)
11053		1	1		7.006	POINT(144.7469545813 -37.7592384991)	LINESTRING(144.7469426649 -37.7592667251,144.7469654053 -37.7592063606)
11054		1	1		3.824	POINT(144.7479531128 -37.7590566039)	LINESTRING(144.7479343202 -37.7590501980,144.7479749573 -37.7590624377)
11060		2	2		140.771	POINT(144.7014282303 -37.7454738518)	LINESTRING(144.7007207605 -37.7451913003,144.7021444623 -37.7457700593)
11066		3	1		39.625	POINT(144.6496501758 -37.7216831163)	LINESTRING(144.6494379416 -37.7216275297,144.6494979173 -37.7216453606,144.6495575741 -37.7216636039,144.6496173814 -37.7216815974,144.6496775328 -37.7216986111,144.6497382214 -37.7217139149,144.6497996408 -37.7217267786,144.6498656105 -37.7217379841)
11069		1	1		27.616	POINT(144.7022832819 -37.7493805593)	LINESTRING(144.7022273691 -37.7494811632,144.7022157390 -37.7494550842,144.7022132972 -37.7494421099,144.7022135586 -37.7494287599,144.7022163119 -37.7494151827,144.7022213459 -37.7494015266,144.7022284492 -37.7493879403,144.7022374107 -37.7493745721,144.7022480191 -37.7493615706,144.7022600631 -37.7493490842,144.7022733315 -37.7493372613,144.7022876130 -37.7493262506,144.7023026964 -37.7493162003,144.7023183704 -37.7493072590,144.7023344238 -37.7492995752,144.7023506453 -37.7492932973,144.7023668236 -37.7492885739)
11070		1	1		11.518	POINT(144.6039763142 -37.6974127127)	LINESTRING(144.6040241938 -37.6973780739,144.6039998621 -37.6973955188,144.6039766545 -37.6974141829,144.6039525017 -37.6974316559,144.6039253342 -37.6974455272)
11071		3	1		95.222	POINT(144.6046648766 -37.6930870735)	LINESTRING(144.6045707769 -37.6926718894,144.6045622483 -37.6927146955,144.6045558041 -37.6927566012,144.6045513290 -37.6927990087,144.6045488362 -37.6928418054,144.6045483390 -37.6928848784,144.6045498507 -37.6929281150,144.6045533845 -37.6929714024,144.6045589538 -37.6930146278,144.6045665717 -37.6930576785,144.6045762516 -37.6931004418,144.6045880068 -37.6931428047,144.6046018504 -37.6931846547,144.6046177959 -37.6932258788,144.6046358564 -37.6932663645,144.6046560452 -37.6933059988,144.6046783756 -37.6933446690,144.6047028609 -37.6933822624,144.6047295144 -37.6934186662,144.6047583492 -37.6934537676,144.6047893787 -37.6934874539)
11072		3	1		55.892	POINT(144.6045015660 -37.6934227876)	LINESTRING(144.6042512856 -37.6934331719,144.6042637644 -37.6933826051,144.6042810017 -37.6933653748,144.6043054984 -37.6933542279,144.6043361400 -37.6933486530,144.6043718117 -37.6933481388,144.6044113989 -37.6933521739,144.6044537870 -37.6933602472,144.6044978612 -37.6933718471,144.6045425071 -37.6933864625,144.6045866098 -37.6934035819,144.6046290548 -37.6934226941,144.6046687274 -37.6934432877,144.6047045131 -37.6934648514,144.6047352970 -37.6934868739,144.6047599842 -37.6935088638)
11079		1	1		5.380	POINT(144.6054072454 -37.6875643420)	LINESTRING(144.6054307982 -37.6875769147,144.6054222410 -37.6875724929,144.6054137361 -37.6875678433,144.6054051461 -37.6875633097,144.6053963338 -37.6875592360,144.6053871621 -37.6875559659,144.6053774936 -37.6875538432)
11081		1	1		34.845	POINT(144.6058823734 -37.6875064960)	LINESTRING(144.6059847596 -37.6876247227,144.6059614020 -37.6876192722,144.6059388062 -37.6876110162,144.6059171629 -37.6876002373,144.6058966626 -37.6875872182,144.6058774959 -37.6875722415,144.6058598535 -37.6875555898,144.6058439260 -37.6875375458,144.6058299039 -37.6875183920,144.6058179779 -37.6874984112,144.6058083386 -37.6874778859,144.6058011766 -37.6874570987,144.6057966825 -37.6874363323,144.6057950469 -37.6874158693,144.6057964604 -37.6873959924,144.6058011136 -37.6873769841)
11083		3	1		58.706	POINT(144.5997577635 -37.6949960221)	LINESTRING(144.5994239659 -37.6950151138,144.5994795751 -37.6950134835,144.5995351820 -37.6950117945,144.5995907786 -37.6950099266,144.5996463570 -37.6950077596,144.5997019229 -37.6950053641,144.5997574766 -37.6950027700,144.5998129962 -37.6949997965,144.5998684601 -37.6949962631,144.5999238260 -37.6949922031,144.5999791396 -37.6949876845,144.6000343692 -37.6949825881,144.6000894830 -37.6949767947)
11086		1	1		29.950	POINT(144.6290972217 -37.7071051184)	LINESTRING(144.6290448031 -37.7069910436,144.6290329398 -37.7070052395,144.6290280876 -37.7070227553,144.6290281562 -37.7070415922,144.6290310550 -37.7070597511,144.6290397166 -37.7070833318,144.6290538907 -37.7071055286,144.6290712871 -37.7071266768,144.6290896158 -37.7071471118,144.6291083030 -37.7071664932,144.6291286198 -37.7071848812,144.6291502580 -37.7072023324,144.6291729095 -37.7072189037)
11089		1	1		0.440	POINT(144.7484947011 -37.7590742187)	LINESTRING(144.7484951916 -37.7590725638,144.7484943755 -37.7590764685)
11090		1	1		7.293	POINT(144.7476311545 -37.7592426124)	LINESTRING(144.7476694754 -37.7592505283,144.7475888747 -37.7592351006)
11091		1	1		12.095	POINT(144.7398716064 -37.7556557193)	LINESTRING(144.7398698003 -37.7556007705,144.7398734736 -37.7557094771)
11092		1	1		30.461	POINT(144.6035409148 -37.6972581955)	LINESTRING(144.6035195280 -37.6973944775,144.6035623476 -37.6971224929)
11093	Leakes Rd	1	1		20.656	POINT(144.6513272295 -37.7241097370)	LINESTRING(144.6513444307 -37.7240182980,144.6513101165 -37.7242020979)
11094	Leakes Rd	1	1		12.553	POINT(144.6525716641 -37.7281130683)	LINESTRING(144.6526042013 -37.7281637081,144.6525385686 -37.7280634475)
11095	Leakes Rd	1	1		6.268	POINT(144.6556104402 -37.7142423482)	LINESTRING(144.6556115559 -37.7142130597,144.6556092610 -37.7142694203)
11105		139	1		4.555	POINT(144.6044727041 -37.6907384799)	LINESTRING(144.6044706885 -37.6907611226,144.6044752352 -37.6907202886)
11106		139	1		25.971	POINT(144.6045420334 -37.6909472871)	LINESTRING(144.6046041945 -37.6910504210,144.6045996648 -37.6910399493,144.6045945260 -37.6910296407,144.6045888532 -37.6910194760,144.6045827220 -37.6910094359,144.6045762074 -37.6909995015,144.6045693849 -37.6909896534,144.6045623298 -37.6909798725,144.6045551174 -37.6909701397,144.6045478230 -37.6909604357,144.6045405219 -37.6909507414,144.6045332894 -37.6909410376,144.6045262009 -37.6909313051,144.6045193315 -37.6909215248,144.6045127568 -37.6909116775,144.6045065519 -37.6909017440,144.6045007922 -37.6908917052,144.6044955529 -37.6908815418,144.6044909095 -37.6908712348,144.6044869372 -37.6908607648,144.6044837113 -37.6908501128,144.6044813071 -37.6908392596)
11107		139	1		72.645	POINT(144.6043033369 -37.6908007685)	LINESTRING(144.6045465436 -37.6910628373,144.6045372366 -37.6910409685,144.6045268991 -37.6910194789,144.6045155797 -37.6909983534,144.6045033270 -37.6909775770,144.6044901896 -37.6909571347,144.6044762162 -37.6909370114,144.6044614554 -37.6909171921,144.6044459558 -37.6908976618,144.6044297660 -37.6908784053,144.6044129347 -37.6908594078,144.6043955105 -37.6908406541,144.6043775421 -37.6908221293,144.6043590779 -37.6908038182,144.6043401667 -37.6907857058,144.6043208572 -37.6907677771,144.6043011978 -37.6907500172,144.6042812373 -37.6907324108,144.6042610243 -37.6907149430,144.6042406074 -37.6906975988,144.6042200352 -37.6906803631,144.6041993564 -37.6906632209,144.6041786195 -37.6906461572,144.6041578733 -37.6906291568,144.6041371663 -37.6906122049,144.6041165472 -37.6905952862,144.6040960645 -37.6905783859,144.6040757670 -37.6905614889,144.6040557031 -37.6905445800)
11109		139	1		20.424	POINT(144.6046599756 -37.6904766916)	LINESTRING(144.6045433016 -37.6904895631,144.6045763236 -37.6904893706,144.6046092342 -37.6904872383,144.6046420504 -37.6904836296,144.6046747897 -37.6904790084,144.6047074693 -37.6904738383,144.6047401064 -37.6904685829,144.6047727184 -37.6904637060)
11110		139	1		34.577	POINT(144.6046695914 -37.6903336141)	LINESTRING(144.6045442032 -37.6904423148,144.6045516802 -37.6904423501,144.6045590159 -37.6904420372,144.6045662120 -37.6904413859,144.6045732703 -37.6904404060,144.6045801925 -37.6904391073,144.6045869804 -37.6904374994,144.6045936359 -37.6904355923,144.6046001606 -37.6904333956,144.6046065565 -37.6904309192,144.6046128251 -37.6904281728,144.6046189684 -37.6904251661,144.6046249881 -37.6904219091,144.6046308860 -37.6904184114,144.6046366639 -37.6904146829,144.6046423235 -37.6904107332,144.6046478666 -37.6904065723,144.6046532950 -37.6904022097,144.6046586105 -37.6903976554,144.6046638149 -37.6903929192,144.6046689099 -37.6903880107,144.6046738973 -37.6903829397,144.6046787790 -37.6903777161,144.6046835566 -37.6903723496,144.6046882319 -37.6903668500,144.6046928068 -37.6903612271,144.6046972830 -37.6903554906,144.6047016623 -37.6903496503,144.6047059465 -37.6903437160,144.6047101373 -37.6903376974,144.6047142365 -37.6903316044,144.6047182460 -37.6903254467,144.6047221674 -37.6903192342,144.6047260026 -37.6903129764,144.6047297534 -37.6903066834,144.6047334215 -37.6903003647,144.6047370086 -37.6902940303,144.6047405167 -37.6902876898,144.6047439474 -37.6902813531,144.6047473026 -37.6902750299,144.6047505840 -37.6902687300,144.6047537934 -37.6902624631,144.6047569325 -37.6902562392,144.6047600032 -37.6902500678,144.6047630073 -37.6902439589,144.6047659464 -37.6902379221,144.6047688225 -37.6902319673,144.6047716372 -37.6902261042,144.6047743924 -37.6902203427,144.6047770898 -37.6902146924)
11112		139	1		35.337	POINT(144.6052041236 -37.6906236886)	LINESTRING(144.6051444090 -37.6904743097,144.6051455527 -37.6904798622,144.6051468619 -37.6904853936,144.6051483293 -37.6904909048,144.6051499476 -37.6904963965,144.6051517096 -37.6905018695,144.6051536081 -37.6905073247,144.6051556358 -37.6905127628,144.6051577856 -37.6905181848,144.6051600500 -37.6905235913,144.6051624220 -37.6905289831,144.6051648943 -37.6905343612,144.6051674595 -37.6905397263,144.6051701106 -37.6905450792,144.6051728403 -37.6905504207,144.6051756412 -37.6905557516,144.6051785062 -37.6905610728,144.6051814281 -37.6905663849,144.6051843995 -37.6905716890,144.6051874133 -37.6905769857,144.6051904622 -37.6905822758,144.6051935390 -37.6905875602,144.6051966364 -37.6905928397,144.6051997472 -37.6905981151,144.6052028641 -37.6906033872,144.6052059800 -37.6906086568,144.6052090875 -37.6906139247,144.6052121795 -37.6906191917,144.6052152486 -37.6906244586,144.6052182878 -37.6906297263,144.6052212896 -37.6906349955,144.6052242469 -37.6906402670,144.6052271524 -37.6906455417,144.6052299990 -37.6906508204,144.6052327792 -37.6906561038,144.6052354860 -37.6906613928,144.6052381121 -37.6906666882,144.6052406502 -37.6906719908,144.6052430931 -37.6906773014,144.6052454336 -37.6906826208,144.6052476643 -37.6906879498,144.6052497782 -37.6906932893,144.6052517678 -37.6906986400,144.6052536261 -37.6907040027,144.6052553457 -37.6907093783,144.6052569195 -37.6907147675,144.6052583401 -37.6907201712,144.6052596003 -37.6907255901,144.6052606930 -37.6907310252,144.6052616108 -37.6907364771,144.6052623465 -37.6907419467,144.6052628929 -37.6907474349,144.6052632427 -37.6907529423,144.6052633887 -37.6907584699,144.6052633237 -37.6907640183,144.6052630404 -37.6907695886,144.6052625316 -37.6907751813)
11113		139	1		41.774	POINT(144.6052166907 -37.6906907428)	LINESTRING(144.6051047256 -37.6905320307,144.6051132874 -37.6905361805,144.6051225490 -37.6905411591,144.6051314561 -37.6905464287,144.6051400201 -37.6905519787,144.6051482524 -37.6905577986,144.6051561644 -37.6905638778,144.6051637676 -37.6905702057,144.6051710734 -37.6905767718,144.6051780931 -37.6905835653,144.6051848381 -37.6905905759,144.6051913200 -37.6905977928,144.6051975501 -37.6906052055,144.6052035397 -37.6906128035,144.6052093004 -37.6906205762,144.6052148435 -37.6906285129,144.6052201805 -37.6906366031,144.6052253227 -37.6906448362,144.6052302815 -37.6906532017,144.6052350684 -37.6906616889,144.6052396949 -37.6906702873,144.6052441722 -37.6906789863,144.6052485118 -37.6906877753,144.6052527251 -37.6906966438,144.6052568235 -37.6907055812,144.6052608185 -37.6907145768,144.6052647214 -37.6907236202,144.6052685436 -37.6907327006,144.6052722967 -37.6907418077,144.6052759919 -37.6907509307,144.6052796407 -37.6907600591,144.6052832544 -37.6907691823,144.6052868446 -37.6907782897,144.6052904226 -37.6907873708,144.6052939999 -37.6907964150,144.6052975878 -37.6908054117,144.6053011977 -37.6908143503,144.6053048411 -37.6908232203,144.6053085293 -37.6908320110,144.6053122739 -37.6908407119,144.6053160861 -37.6908493124,144.6053199774 -37.6908578020)
11118		1	1		18.890	POINT(144.7010354285 -37.7477267227)	LINESTRING(144.7010249629 -37.7478095625,144.7010289378 -37.7477995492,144.7010324529 -37.7477893778,144.7010355056 -37.7477790692,144.7010380928 -37.7477686446,144.7010402118 -37.7477581249,144.7010418597 -37.7477475311,144.7010430336 -37.7477368844,144.7010437307 -37.7477262056,144.7010439481 -37.7477155159,144.7010436830 -37.7477048362,144.7010429324 -37.7476941876,144.7010416937 -37.7476835911,144.7010399638 -37.7476730677,144.7010377400 -37.7476626384,144.7010350194 -37.7476523244,144.7010317991 -37.7476421465)
11119		1	1		24.705	POINT(144.7014499557 -37.7476814961)	LINESTRING(144.7013347314 -37.7476182563,144.7013370006 -37.7476198957,144.7013392913 -37.7476215157,144.7013416031 -37.7476231168,144.7013439353 -37.7476246995,144.7013462874 -37.7476262642,144.7013486589 -37.7476278115,144.7013510492 -37.7476293419,144.7013534577 -37.7476308558,144.7013558839 -37.7476323538,144.7013583271 -37.7476338363,144.7013607869 -37.7476353038,144.7013632627 -37.7476367569,144.7013657539 -37.7476381960,144.7013682600 -37.7476396216,144.7013707803 -37.7476410342,144.7013733143 -37.7476424343,144.7013758616 -37.7476438224,144.7013784214 -37.7476451989,144.7013809933 -37.7476465645,144.7013835767 -37.7476479195,144.7013861709 -37.7476492645,144.7013887756 -37.7476506000,144.7013913900 -37.7476519264,144.7013940137 -37.7476532442,144.7013966460 -37.7476545540,144.7013992865 -37.7476558562,144.7014019345 -37.7476571513,144.7014045894 -37.7476584399,144.7014072509 -37.7476597224,144.7014099181 -37.7476609992,144.7014125907 -37.7476622710,144.7014152680 -37.7476635381,144.7014179495 -37.7476648011,144.7014206346 -37.7476660605,144.7014233228 -37.7476673168,144.7014260134 -37.7476685704,144.7014287060 -37.7476698219,144.7014314000 -37.7476710718,144.7014340947 -37.7476723204,144.7014367898 -37.7476735684,144.7014394844 -37.7476748163,144.7014421783 -37.7476760644,144.7014448706 -37.7476773134,144.7014475610 -37.7476785636,144.7014502488 -37.7476798157,144.7014529335 -37.7476810701,144.7014556145 -37.7476823272,144.7014582912 -37.7476835876,144.7014609632 -37.7476848518,144.7014636297 -37.7476861203,144.7014662903 -37.7476873935,144.7014689445 -37.7476886720,144.7014715915 -37.7476899562,144.7014742310 -37.7476912466,144.7014768622 -37.7476925438,144.7014794848 -37.7476938482,144.7014820980 -37.7476951603,144.7014847013 -37.7476964806,144.7014872942 -37.7476978096,144.7014898762 -37.7476991479,144.7014924465 -37.7477004958,144.7014950048 -37.7477018539,144.7014975504 -37.7477032226,144.7015000827 -37.7477046026,144.7015026013 -37.7477059942,144.7015051055 -37.7477073979,144.7015075947 -37.7477088143,144.7015100685 -37.7477102438,144.7015125262 -37.7477116870,144.7015149673 -37.7477131443,144.7015173913 -37.7477146162,144.7015197975 -37.7477161032,144.7015221854 -37.7477176059,144.7015245545 -37.7477191246,144.7015269041 -37.7477206599,144.7015292338 -37.7477222123,144.7015315429 -37.7477237823,144.7015338309 -37.7477253703,144.7015360972 -37.7477269770,144.7015383414 -37.7477286026,144.7015405627 -37.7477302479,144.7015427607 -37.7477319131,144.7015449347 -37.7477335989,144.7015470843 -37.7477353058,144.7015492089 -37.7477370341,144.7015513078 -37.7477387845,144.7015533806 -37.7477405574,144.7015554267 -37.7477423533,144.7015574455 -37.7477441727,144.7015594364 -37.7477460160,144.7015613990 -37.7477478839)
11121		1	1		17.477	POINT(144.7016749797 -37.7478031838)	LINESTRING(144.7017139231 -37.7477352803,144.7017064610 -37.7477447268,144.7016987461 -37.7477542902,144.7016909246 -37.7477639696,144.7016831427 -37.7477737644,144.7016755464 -37.7477836735,144.7016682820 -37.7477936963,144.7016614956 -37.7478038318,144.7016553332 -37.7478140793,144.7016499412 -37.7478244379,144.7016454656 -37.7478349068,144.7016420525 -37.7478454852,144.7016398482 -37.7478561722,144.7016389988 -37.7478669671,144.7016396392 -37.7478778023)
11122		1	1		24.864	POINT(144.7016680727 -37.7480279318)	LINESTRING(144.7017427265 -37.7479340078,144.7017267489 -37.7479470796,144.7017114210 -37.7479632556,144.7016980660 -37.7479808019,144.7016860954 -37.7479993029,144.7016749205 -37.7480183433,144.7016639529 -37.7480375077,144.7016526040 -37.7480563807,144.7016402852 -37.7480745468,144.7016264080 -37.7480915908,144.7016103840 -37.7481070971,144.7015916244 -37.7481206505)
11123		1	1		36.597	POINT(144.7017006023 -37.7481267707)	LINESTRING(144.7016671249 -37.7479627723,144.7016685538 -37.7479832714,144.7016707138 -37.7480037110,144.7016735276 -37.7480240976,144.7016769183 -37.7480444376,144.7016808088 -37.7480647371,144.7016851219 -37.7480850026,144.7016897807 -37.7481052403,144.7016947081 -37.7481254566,144.7016998269 -37.7481456579,144.7017050601 -37.7481658504,144.7017103307 -37.7481860405,144.7017155616 -37.7482062344,144.7017206757 -37.7482264386,144.7017255959 -37.7482466594,144.7017302452 -37.7482669031,144.7017345464 -37.7482871759)
11132		1	1		2.137	POINT(144.7398272227 -37.7525675826)	LINESTRING(144.7398272331 -37.7525769212,144.7398272162 -37.7525577070)
11133		1	1		28.320	POINT(144.7398070900 -37.7524158152)	LINESTRING(144.7397043746 -37.7525032940,144.7397456378 -37.7524942479,144.7397829371 -37.7524760395,144.7398158155 -37.7524506209,144.7398438164 -37.7524199441,144.7398664829 -37.7523859613,144.7398833582 -37.7523506247,144.7398939857 -37.7523158862)
11134		1	1		17.187	POINT(144.7398961435 -37.7524027126)	LINESTRING(144.7398728455 -37.7524704373,144.7398868191 -37.7524520871,144.7398960150 -37.7524319593,144.7399016530 -37.7524105262,144.7399049531 -37.7523882598,144.7399071354 -37.7523656324,144.7399094198 -37.7523431160,144.7399130263 -37.7523211828)
11135		1	1		10.376	POINT(144.7401564549 -37.7524598558)	LINESTRING(144.7401362127 -37.7524142470,144.7401411745 -37.7524252284,144.7401458585 -37.7524363184,144.7401504492 -37.7524474466,144.7401551314 -37.7524585423,144.7401600897 -37.7524695348,144.7401655088 -37.7524803537,144.7401715733 -37.7524909282,144.7401784680 -37.7525011877)
11136		1	1		21.002	POINT(144.7402110826 -37.7524879114)	LINESTRING(144.7401025633 -37.7524523636,144.7401155051 -37.7524581789,144.7401286244 -37.7524637371,144.7401419086 -37.7524690517,144.7401553452 -37.7524741358,144.7401689216 -37.7524790031,144.7401826252 -37.7524836667,144.7401964434 -37.7524881400,144.7402103637 -37.7524924365,144.7402243735 -37.7524965696,144.7402384601 -37.7525005525,144.7402526110 -37.7525043987,144.7402668137 -37.7525081215,144.7402810555 -37.7525117342,144.7402953239 -37.7525152504,144.7403096062 -37.7525186833,144.7403238899 -37.7525220463)
11137		1	1		18.810	POINT(144.7401791448 -37.7527126361)	LINESTRING(144.7402417749 -37.7526503571,144.7402379665 -37.7526517739,144.7402342181 -37.7526532828,144.7402305298 -37.7526548816,144.7402269017 -37.7526565679,144.7402233340 -37.7526583395,144.7402198267 -37.7526601942,144.7402163799 -37.7526621297,144.7402129938 -37.7526641437,144.7402096685 -37.7526662339,144.7402064040 -37.7526683982,144.7402032006 -37.7526706341,144.7402000582 -37.7526729395,144.7401969771 -37.7526753120,144.7401939573 -37.7526777495,144.7401909989 -37.7526802496,144.7401881020 -37.7526828101,144.7401852668 -37.7526854287,144.7401824933 -37.7526881032,144.7401797817 -37.7526908312,144.7401771321 -37.7526936105,144.7401745446 -37.7526964389,144.7401720193 -37.7526993141,144.7401695563 -37.7527022338,144.7401671557 -37.7527051957,144.7401648176 -37.7527081976,144.7401625422 -37.7527112372,144.7401603295 -37.7527143122,144.7401581796 -37.7527174204,144.7401560928 -37.7527205596,144.7401540690 -37.7527237274,144.7401521084 -37.7527269215,144.7401502111 -37.7527301398,144.7401483772 -37.7527333799,144.7401466068 -37.7527366396,144.7401449000 -37.7527399166,144.7401432570 -37.7527432086,144.7401416778 -37.7527465134,144.7401401626 -37.7527498287,144.7401387114 -37.7527531523,144.7401373244 -37.7527564818,144.7401360017 -37.7527598151,144.7401347434 -37.7527631498,144.7401335496 -37.7527664836,144.7401324204 -37.7527698144,144.7401313559 -37.7527731398,144.7401303563 -37.7527764576,144.7401294216 -37.7527797655,144.7401285520 -37.7527830612,144.7401277475 -37.7527863425)
11139		1	1		5.666	POINT(144.7398837639 -37.7526850088)	LINESTRING(144.7398930345 -37.7527125604,144.7398730155 -37.7526641406)
11141		1	1		3.785	POINT(144.7387532319 -37.7635149434)	LINESTRING(144.7387488734 -37.7635341235,144.7387496025 -37.7635249583,144.7387519355 -37.7635169178,144.7387552251 -37.7635090033,144.7387589850 -37.7635012950)
11142		1	1		8.256	POINT(144.7388227481 -37.7633832778)	LINESTRING(144.7387745426 -37.7633963680,144.7387896541 -37.7633946278,144.7388046778 -37.7633914654,144.7388192264 -37.7633869242,144.7388329124 -37.7633810476,144.7388453487 -37.7633738790,144.7388577226 -37.7633652977)
11143		1	1		23.094	POINT(144.7389456329 -37.7632567475)	LINESTRING(144.7388794271 -37.7633450879,144.7388987989 -37.7633246215,144.7389240488 -37.7632943648,144.7389470793 -37.7632628624,144.7389685510 -37.7632305457,144.7389891243 -37.7631978456,144.7390094598 -37.7631651934)
11144		1	1		26.620	POINT(144.7392470319 -37.7632823713)	LINESTRING(144.7391998631 -37.7631668094,144.7392057746 -37.7632063927,144.7392152601 -37.7632458966,144.7392287834 -37.7632847188,144.7392467921 -37.7633221191,144.7392697333 -37.7633573575,144.7392980544 -37.7633896939)
11145		1	1		22.121	POINT(144.7393695162 -37.7636911215)	LINESTRING(144.7394900180 -37.7636576164,144.7394710973 -37.7636573825,144.7394521774 -37.7636584024,144.7394333161 -37.7636605920,144.7394145713 -37.7636638667,144.7393960007 -37.7636681422,144.7393776622 -37.7636733342,144.7393596136 -37.7636793582,144.7393419127 -37.7636861299,144.7393246174 -37.7636935650,144.7393077855 -37.7637015791,144.7392914749 -37.7637100877,144.7392757432 -37.7637190066,144.7392606484 -37.7637282514)
11146		1	1		41.768	POINT(144.7391152399 -37.7638937100)	LINESTRING(144.7392381141 -37.7637425741,144.7392138135 -37.7637586361,144.7391899777 -37.7637756734,144.7391667811 -37.7637936321,144.7391443978 -37.7638124585,144.7391230021 -37.7638320987,144.7391027683 -37.7638524987,144.7390838706 -37.7638736048,144.7390664832 -37.7638953630,144.7390507804 -37.7639177196,144.7390369364 -37.7639406205,144.7390251254 -37.7639640121,144.7390155218 -37.7639878403,144.7390082996 -37.7640120514,144.7389995365 -37.7640555838)
11147		1	1		24.670	POINT(144.7389031382 -37.7638242979)	LINESTRING(144.7389471488 -37.7639314611,144.7389434435 -37.7639096132,144.7389392423 -37.7638873836,144.7389342607 -37.7638650311,144.7389282140 -37.7638428149,144.7389208177 -37.7638209939,144.7389117874 -37.7637998271,144.7389008384 -37.7637795734,144.7388876862 -37.7637604920,144.7388720463 -37.7637428417,144.7388536342 -37.7637268815)
11148		1	1		22.220	POINT(144.7387197217 -37.7636129833)	LINESTRING(144.7388057691 -37.7636851830,144.7387790843 -37.7636516078,144.7387698673 -37.7636418697,144.7387599740 -37.7636325543,144.7387494885 -37.7636236110,144.7387384947 -37.7636149891,144.7387270768 -37.7636066381,144.7387153188 -37.7635985074,144.7387033048 -37.7635905465,144.7386911189 -37.7635827047,144.7386788450 -37.7635749314,144.7386665673 -37.7635671761,144.7386543699 -37.7635593881,144.7386423368 -37.7635515170,144.7386305520 -37.7635435120)
11149		1	1		33.628	POINT(144.6555311528 -37.7158581717)	LINESTRING(144.6555223331 -37.7157059948,144.6555401394 -37.7160081731)
11150		3	1		6.253	POINT(144.5978143398 -37.6950585603)	LINESTRING(144.5977785512 -37.6950576738,144.5978496249 -37.6950594531)
11151		3	1		5.723	POINT(144.5985758419 -37.6950353913)	LINESTRING(144.5985432878 -37.6950385908,144.5986078565 -37.6950321393)
11153	Ballarat Rd  Western Hwy	1	1		3.074	POINT(144.7469205079 -37.7586508908)	LINESTRING(144.7469038467 -37.7586444750,144.7469343143 -37.7586580201)
11154	Ballarat Rd  Western Hwy	1	1		2.630	POINT(144.7491997792 -37.7598603693)	LINESTRING(144.7492127427 -37.7598663304,144.7491871292 -37.7598541145)
11155	Ballarat Rd  Western Hwy	1	1		3.873	POINT(144.7489017800 -37.7597189415)	LINESTRING(144.7489200854 -37.7597285253,144.7488827807 -37.7597100083)
11157	Caroline Springs Blvd	1	1		0.965	POINT(144.7396907760 -37.7551706834)	LINESTRING(144.7396904217 -37.7551746872,144.7396911049 -37.7551660269)
11158	Ballarat Rd  Western Hwy	1	1		0.774	POINT(144.7415249909 -37.7569762192)	LINESTRING(144.7415310084 -37.7569771507,144.7415227609 -37.7569747209)
11159	Christies Rd	1	1		1.001	POINT(144.7395918025 -37.7567248459)	LINESTRING(144.7395913707 -37.7567295757,144.7395923252 -37.7567206031)
11161	Christies Rd	1	1		4.295	POINT(144.7394596369 -37.7583860465)	LINESTRING(144.7394585803 -37.7584053305,144.7394606925 -37.7583667506)
11164	Hopkins Rd	1	1		3.597	POINT(144.7025597286 -37.7499004651)	LINESTRING(144.7025513645 -37.7498861748,144.7025674660 -37.7499159043)
11165	Hopkins Rd	1	1		7.868	POINT(144.7025469796 -37.7501857510)	LINESTRING(144.7025616641 -37.7502201290,144.7025317164 -37.7501534646)
11167		3	1		8.651	POINT(144.6989204725 -37.7429152503)	LINESTRING(144.6989572239 -37.7428895662,144.6988868790 -37.7429439495)
11168	Hopkins Rd	1	1		0.784	POINT(144.7011074505 -37.7414528072)	LINESTRING(144.7011074334 -37.7414565027,144.7011074684 -37.7414494527)
11169	Western Hwy	3	1		1.744	POINT(144.6670620031 -37.7328395608)	LINESTRING(144.6670704628 -37.7328439508,144.6670541803 -37.7328349936)
11170		3	1		37.876	POINT(144.6091287363 -37.6956960341)	LINESTRING(144.6089181885 -37.6956585239,144.6093383054 -37.6957336865)
11171	Melton Hwy	139	1		6.317	POINT(144.6046365636 -37.6914146514)	LINESTRING(144.6046324146 -37.6914397268,144.6046400953 -37.6913832121)
11172	High St	139	1		1.001	POINT(144.6040954683 -37.6904036053)	LINESTRING(144.6040943446 -37.6903989518,144.6041038946 -37.6904038620)
11174		1	1		21.253	POINT(144.6055155377 -37.6881595773)	LINESTRING(144.6054861563 -37.6882523503,144.6055449400 -37.6880668387)
11182	Melton Hwy	1	1		1.861	POINT(144.7015434653 -37.7400960755)	LINESTRING(144.7015450266 -37.7400877641,144.7015418809 -37.7401043106)
11183		1	1		16.210	POINT(144.7010676611 -37.7408967721)	LINESTRING(144.7009944770 -37.7409333070,144.7010021837 -37.7409337607,144.7010099703 -37.7409335752,144.7010177987 -37.7409327835,144.7010256306 -37.7409314185,144.7010334280 -37.7409295128,144.7010411527 -37.7409270995,144.7010487666 -37.7409242113,144.7010562315 -37.7409208810,144.7010635093 -37.7409171416,144.7010705619 -37.7409130259,144.7010773510 -37.7409085667,144.7010838386 -37.7409037969,144.7010899865 -37.7408987493,144.7010957566 -37.7408934567,144.7011011107 -37.7408879521,144.7011060106 -37.7408822682,144.7011104183 -37.7408764379,144.7011142956 -37.7408704940,144.7011176044 -37.7408644695,144.7011203064 -37.7408583970,144.7011223636 -37.7408523096,144.7011236576 -37.7408463446)
11184		1	1		42.955	POINT(144.7011887877 -37.7409193491)	LINESTRING(144.7013719764 -37.7408200272,144.7013679355 -37.7408379893,144.7013612084 -37.7408547166,144.7013518399 -37.7408708078,144.7013400365 -37.7408862181,144.7013260044 -37.7409009023,144.7013099502 -37.7409148155,144.7012920802 -37.7409279127,144.7012726009 -37.7409401490,144.7012517187 -37.7409514792,144.7012296399 -37.7409618584,144.7012065710 -37.7409712416,144.7011827184 -37.7409795838,144.7011582885 -37.7409868400,144.7011334877 -37.7409929651,144.7011085224 -37.7409979143,144.7010835991 -37.7410016425,144.7010589240 -37.7410041046,144.7010347038 -37.7410052558,144.7010111447 -37.7410050509,144.7009884531 -37.7410034450)
11186		1	1		22.348	POINT(144.7015339919 -37.7409210047)	LINESTRING(144.7014905173 -37.7408313614,144.7014896189 -37.7408401856,144.7014893502 -37.7408500999,144.7014897356 -37.7408603554,144.7014907740 -37.7408708593,144.7014924641 -37.7408815186,144.7014948049 -37.7408922405,144.7014977951 -37.7409029323,144.7015014335 -37.7409135010,144.7015057191 -37.7409238539,144.7015106505 -37.7409338981,144.7015162268 -37.7409435407,144.7015224466 -37.7409526890,144.7015293089 -37.7409612501,144.7015368124 -37.7409691311,144.7015449559 -37.7409762393,144.7015537384 -37.7409824818,144.7015631587 -37.7409877657,144.7015732155 -37.7409919982,144.7015839077 -37.7409950866,144.7015952341 -37.7409969379)
11188		1	1		30.510	POINT(144.7026715672 -37.7574373321)	LINESTRING(144.7028065601 -37.7575059366,144.7028056890 -37.7575027919,144.7028046929 -37.7574996996,144.7028035740 -37.7574966592,144.7028023345 -37.7574936703,144.7028009766 -37.7574907324,144.7027995023 -37.7574878450,144.7027979140 -37.7574850076,144.7027962137 -37.7574822198,144.7027944036 -37.7574794811,144.7027924858 -37.7574767911,144.7027904626 -37.7574741491,144.7027883361 -37.7574715549,144.7027861085 -37.7574690078,144.7027837819 -37.7574665074,144.7027813585 -37.7574640533,144.7027788404 -37.7574616450,144.7027762299 -37.7574592820,144.7027735291 -37.7574569638,144.7027707401 -37.7574546900,144.7027678651 -37.7574524601,144.7027649063 -37.7574502736,144.7027618658 -37.7574481300,144.7027587459 -37.7574460289,144.7027555486 -37.7574439697,144.7027522762 -37.7574419521,144.7027489307 -37.7574399755,144.7027455144 -37.7574380395,144.7027420295 -37.7574361436,144.7027384780 -37.7574342874,144.7027348622 -37.7574324702,144.7027311843 -37.7574306918,144.7027274463 -37.7574289515,144.7027236504 -37.7574272490,144.7027197989 -37.7574255838,144.7027158939 -37.7574239553,144.7027119375 -37.7574223631,144.7027079319 -37.7574208068,144.7027038793 -37.7574192858,144.7026997818 -37.7574177997,144.7026956416 -37.7574163481,144.7026914609 -37.7574149303,144.7026872418 -37.7574135461,144.7026829866 -37.7574121948,144.7026786972 -37.7574108761,144.7026743760 -37.7574095894,144.7026700251 -37.7574083343,144.7026656467 -37.7574071103,144.7026612428 -37.7574059169,144.7026568157 -37.7574047537,144.7026523676 -37.7574036201,144.7026479006 -37.7574025158,144.7026434169 -37.7574014402,144.7026389186 -37.7574003929,144.7026344079 -37.7573993733,144.7026298870 -37.7573983811,144.7026253580 -37.7573974157,144.7026208231 -37.7573964767,144.7026162844 -37.7573955635,144.7026117442 -37.7573946758,144.7026072046 -37.7573938131,144.7026026677 -37.7573929748,144.7025981358 -37.7573921605,144.7025936109 -37.7573913697,144.7025890952 -37.7573906020,144.7025845910 -37.7573898569,144.7025801004 -37.7573891339,144.7025756255 -37.7573884325,144.7025711685 -37.7573877522,144.7025667315 -37.7573870927,144.7025623168 -37.7573864534,144.7025579265 -37.7573858338,144.7025535628 -37.7573852334,144.7025492278 -37.7573846519,144.7025449237 -37.7573840887,144.7025406526 -37.7573835433,144.7025364167 -37.7573830153,144.7025322183 -37.7573825043,144.7025280593 -37.7573820096,144.7025239421 -37.7573815309,144.7025198688 -37.7573810676)
11189		1	1		21.756	POINT(144.7029637659 -37.7570696347)	LINESTRING(144.7029022304 -37.7571448799,144.7029056574 -37.7571442767,144.7029090081 -37.7571435674,144.7029122835 -37.7571427543,144.7029154847 -37.7571418397,144.7029186126 -37.7571408258,144.7029216682 -37.7571397148,144.7029246525 -37.7571385091,144.7029275664 -37.7571372110,144.7029304110 -37.7571358226,144.7029331871 -37.7571343463,144.7029358959 -37.7571327843,144.7029385382 -37.7571311388,144.7029411150 -37.7571294123,144.7029436274 -37.7571276068,144.7029460763 -37.7571257247,144.7029484627 -37.7571237682,144.7029507875 -37.7571217397,144.7029530518 -37.7571196413,144.7029552565 -37.7571174754,144.7029574026 -37.7571152441,144.7029594911 -37.7571129499,144.7029615230 -37.7571105948,144.7029634992 -37.7571081813,144.7029654207 -37.7571057115,144.7029672885 -37.7571031878,144.7029691036 -37.7571006124,144.7029708670 -37.7570979875,144.7029725796 -37.7570953154,144.7029742424 -37.7570925984,144.7029758564 -37.7570898388,144.7029774226 -37.7570870388,144.7029789420 -37.7570842007,144.7029804155 -37.7570813268,144.7029818441 -37.7570784193,144.7029832288 -37.7570754804,144.7029845706 -37.7570725125,144.7029858704 -37.7570695178,144.7029871293 -37.7570664986,144.7029883482 -37.7570634571,144.7029895280 -37.7570603957,144.7029906699 -37.7570573165,144.7029917747 -37.7570542219,144.7029928434 -37.7570511140,144.7029938771 -37.7570479953,144.7029948766 -37.7570448678,144.7029958431 -37.7570417340,144.7029967773 -37.7570385960,144.7029976804 -37.7570354562,144.7029985533 -37.7570323168,144.7029993970 -37.7570291800,144.7030002125 -37.7570260482,144.7030010007 -37.7570229235,144.7030017626 -37.7570198083,144.7030024992 -37.7570167048,144.7030032116 -37.7570136154,144.7030039006 -37.7570105421,144.7030045672 -37.7570074874,144.7030052125 -37.7570044535,144.7030058373 -37.7570014427,144.7030064428 -37.7569984571,144.7030070298 -37.7569954991,144.7030075994 -37.7569925710,144.7030081525 -37.7569896750,144.7030086900 -37.7569868134,144.7030092131 -37.7569839884,144.7030097226 -37.7569812023)
11190	Hopkins Rd	1	1		8.313	POINT(144.7028432101 -37.7578598763)	LINESTRING(144.7028365491 -37.7578970501,144.7028499909 -37.7578230681)
11191	Hopkins Rd	1	1		7.091	POINT(144.7032323634 -37.7559711988)	LINESTRING(144.7032279454 -37.7560025146,144.7032366929 -37.7559391363)
11192		1	1		60.803	POINT(144.7029780930 -37.7572539758)	LINESTRING(144.7029267090 -37.7575240416,144.7029330500 -37.7574902450,144.7029394425 -37.7574564544,144.7029458778 -37.7574226687,144.7029523470 -37.7573888871,144.7029588413 -37.7573551083,144.7029653519 -37.7573213314,144.7029718701 -37.7572875555,144.7029783870 -37.7572537793,144.7029848938 -37.7572200020,144.7029913817 -37.7571862225,144.7029978420 -37.7571524398,144.7030042659 -37.7571186528,144.7030106444 -37.7570848606,144.7030169690 -37.7570510620,144.7030232307 -37.7570172561,144.7030294207 -37.7569834418)
11193		1	1		6.947	POINT(144.7028355824 -37.7576747298)	LINESTRING(144.7028301984 -37.7577056974,144.7028338448 -37.7576902703,144.7028380464 -37.7576748091,144.7028407149 -37.7576593725,144.7028397618 -37.7576440192)
11196		1	1		8.478	POINT(144.7033074415 -37.7559609740)	LINESTRING(144.7033143364 -37.7559232078,144.7033005182 -37.7559986423)
11197		1	1		3.945	POINT(144.7032958346 -37.7561525427)	LINESTRING(144.7032999125 -37.7561350033,144.7032916879 -37.7561698695)
11198		1	1		53.478	POINT(144.7027989521 -37.7572902814)	LINESTRING(144.7030555069 -37.7572105239,144.7030465196 -37.7572376851,144.7030304237 -37.7572617929,144.7030080342 -37.7572827441,144.7029801119 -37.7573007089,144.7029474181 -37.7573158575,144.7029107138 -37.7573283603,144.7028707599 -37.7573383875,144.7028283177 -37.7573461093,144.7027841481 -37.7573516960,144.7027390122 -37.7573553179,144.7026936710 -37.7573571452,144.7026488857 -37.7573573482,144.7026054173 -37.7573560972,144.7025640268 -37.7573535623,144.7025254753 -37.7573499140)
11199		1	1		37.871	POINT(144.7030826534 -37.7573811180)	LINESTRING(144.7031153334 -37.7572129293,144.7031112380 -37.7572355262,144.7031069964 -37.7572579666,144.7031026534 -37.7572803951,144.7030982291 -37.7573028141,144.7030937437 -37.7573252260,144.7030892172 -37.7573476331,144.7030846700 -37.7573700377,144.7030801220 -37.7573924422,144.7030755935 -37.7574148488,144.7030711046 -37.7574372600,144.7030666754 -37.7574596781,144.7030623260 -37.7574821054,144.7030580767 -37.7575045442,144.7030539475 -37.7575269969,144.7030500047 -37.7575494707)
11201		1	1		19.151	POINT(144.7025835448 -37.7571965815)	LINESTRING(144.7024768269 -37.7572129398,144.7024915286 -37.7572139937,144.7025047900 -37.7572141115,144.7025180156 -37.7572135167,144.7025312098 -37.7572122926,144.7025443770 -37.7572105220,144.7025575215 -37.7572082882,144.7025706476 -37.7572056741,144.7025837597 -37.7572027628,144.7025968621 -37.7571996374,144.7026099591 -37.7571963809,144.7026230552 -37.7571930763,144.7026361545 -37.7571898067,144.7026492616 -37.7571866552,144.7026623806 -37.7571837047,144.7026755160 -37.7571810385,144.7026886721 -37.7571787394)
11202		1	1		39.427	POINT(144.7029772804 -37.7573885703)	LINESTRING(144.7028664691 -37.7572572712,144.7028912047 -37.7572607765,144.7029142750 -37.7572678214,144.7029356584 -37.7572780651,144.7029553335 -37.7572911668,144.7029732787 -37.7573067856,144.7029894724 -37.7573245808,144.7030038932 -37.7573442115,144.7030165195 -37.7573653370,144.7030273297 -37.7573876163,144.7030363024 -37.7574107087,144.7030434160 -37.7574342735,144.7030486490 -37.7574579697,144.7030519797 -37.7574814566,144.7030533868 -37.7575043933,144.7030528487 -37.7575264391,144.7030503621 -37.7575472550)
11203		1	1		8.239	POINT(144.7025211591 -37.7572332508)	LINESTRING(144.7024754799 -37.7572286647,144.7024826032 -37.7572293883,144.7024883217 -37.7572299839,144.7024940390 -37.7572305890,144.7024997556 -37.7572312000,144.7025054720 -37.7572318133,144.7025111886 -37.7572324255,144.7025169059 -37.7572330329,144.7025226243 -37.7572336319,144.7025283443 -37.7572342191,144.7025340664 -37.7572347908,144.7025397909 -37.7572353435,144.7025455184 -37.7572358737,144.7025512494 -37.7572363776,144.7025569842 -37.7572368519,144.7025627233 -37.7572372930,144.7025684672 -37.7572376972)
11204		1	1		3.544	POINT(144.7028922259 -37.7576960915)	LINESTRING(144.7028893456 -37.7577121176,144.7028951927 -37.7576805891)
11206		1	1		6.363	POINT(144.7027885623 -37.7584882293)	LINESTRING(144.7027854476 -37.7585168693,144.7027916998 -37.7584598796)
11207		1	1		8.229	POINT(144.7027965251 -37.7582819498)	LINESTRING(144.7027900271 -37.7583187229,144.7028031049 -37.7582454645)
11208		1	1		6.991	POINT(144.7028837942 -37.7584734193)	LINESTRING(144.7028859502 -37.7584421815,144.7028816480 -37.7585049407)
11210		1	1		5.569	POINT(144.6055940942 -37.6879031580)	LINESTRING(144.6055872667 -37.6879276902,144.6056009398 -37.6878787543)
11211		1	1		13.948	POINT(144.6055392391 -37.6876567309)	LINESTRING(144.6055696199 -37.6877136591,144.6055715877 -37.6876968768,144.6055679940 -37.6876798269,144.6055597324 -37.6876630508,144.6055476964 -37.6876470899,144.6055327795 -37.6876324854,144.6055158753 -37.6876197789,144.6054978771 -37.6876095115)
11212		1	1		5.727	POINT(144.6063052639 -37.6877167044)	LINESTRING(144.6063365333 -37.6877128734,144.6062722268 -37.6877210351)
11214		1	1		4.577	POINT(144.6060858997 -37.6872107523)	LINESTRING(144.6060875689 -37.6871918412,144.6060844077 -37.6872329584)
11215		1	1		15.985	POINT(144.7017893008 -37.7411551549)	LINESTRING(144.7018807229 -37.7411558131,144.7018506798 -37.7411530319,144.7018203460 -37.7411513267,144.7017899225 -37.7411509242,144.7017596105 -37.7411520508,144.7017296108 -37.7411549330,144.7017001247 -37.7411597974)
11216	Taylors Rd	1	1		5.486	POINT(144.6571904620 -37.7166669109)	LINESTRING(144.6571591840 -37.7166619299,144.6572202530 -37.7166720152)
11217	Leakes Rd	1	1		10.496	POINT(144.6549527173 -37.7168042349)	LINESTRING(144.6549444136 -37.7168513307,144.6549612356 -37.7167578516)
11218		1	1		1.969	POINT(144.7486239593 -37.7595389839)	LINESTRING(144.7486333274 -37.7595438537,144.7486148040 -37.7595339090)
11219		1	1		8.557	POINT(144.7485066338 -37.7594808074)	LINESTRING(144.7485473714 -37.7595018153,144.7484656925 -37.7594599933)
11220		1	1		15.914	POINT(144.7485788908 -37.7594659973)	LINESTRING(144.7485474739 -37.7595018641,144.7485352559 -37.7594893605,144.7485320739 -37.7594713934,144.7485369672 -37.7594529249,144.7485489748 -37.7594389171,144.7485684737 -37.7594326709,144.7485913645 -37.7594343494,144.7486148141 -37.7594409932,144.7486359892 -37.7594496431)
11221		1	1		47.638	POINT(144.7013120554 -37.7409738206)	LINESTRING(144.7015190466 -37.7410864068,144.7015011029 -37.7410842790,144.7014825812 -37.7410815914,144.7014635808 -37.7410783539,144.7014442010 -37.7410745762,144.7014245411 -37.7410702683,144.7014047005 -37.7410654400,144.7013847785 -37.7410601011,144.7013648744 -37.7410542616,144.7013450876 -37.7410479312,144.7013255173 -37.7410411198,144.7013062630 -37.7410338372,144.7012874239 -37.7410260934,144.7012690995 -37.7410178981,144.7012513889 -37.7410092613,144.7012343915 -37.7410001927,144.7012182068 -37.7409907022,144.7012029339 -37.7409807997,144.7011886723 -37.7409704950,144.7011755212 -37.7409597980,144.7011635800 -37.7409487186,144.7011529480 -37.7409372665,144.7011437246 -37.7409254516,144.7011360090 -37.7409132838,144.7011299007 -37.7409007730,144.7011254989 -37.7408879289,144.7011229030 -37.7408747615,144.7011222123 -37.7408612805,144.7011234572 -37.7408476018)
11222		1	1		30.961	POINT(144.7011263561 -37.7409927700)	LINESTRING(144.7011103380 -37.7411316578,144.7011185077 -37.7410729338,144.7011223485 -37.7410365017,144.7011258466 -37.7410000428,144.7011293026 -37.7409635815,144.7011330171 -37.7409271423,144.7011372908 -37.7408907496,144.7011424270 -37.7408544281)
11223		2	2		11.860	POINT(144.5968433738 -37.6953372354)	LINESTRING(144.5969107574 -37.6953395659,144.5967760144 -37.6953349025)
11224		1	1		3.388	POINT(144.6039430844 -37.6958489605)	LINESTRING(144.6039457331 -37.6958339561,144.6039404966 -37.6958641569)
11225		1	1		1.353	POINT(144.6041892952 -37.6944727892)	LINESTRING(144.6041909380 -37.6944667920,144.6041876180 -37.6944786799)
11226		1	1		12.806	POINT(144.6037394605 -37.6962406400)	LINESTRING(144.6037276704 -37.6962973079,144.6037511185 -37.6961835854)
11227		3	1		19.988	POINT(144.6001976446 -37.6956471492)	LINESTRING(144.6003048963 -37.6956749801,144.6000885576 -37.6956198081)
11228		2	2		2.238	POINT(144.6079980801 -37.6953829256)	LINESTRING(144.6079861798 -37.6953800435,144.6080106008 -37.6953857169)
11230		3	1		5.565	POINT(144.6245801113 -37.7045733383)	LINESTRING(144.6245572247 -37.7045560414,144.6246030362 -37.7045905791)
11231		2	2		16.607	POINT(144.6106091248 -37.6963721804)	LINESTRING(144.6106962895 -37.6963998214,144.6105204037 -37.6963454034)
11232		3	1		9.580	POINT(144.6407995362 -37.7162070211)	LINESTRING(144.6407579889 -37.7161793614,144.6408417652 -37.7162344454)
11233		3	1		0.951	POINT(144.6463826023 -37.7206553513)	LINESTRING(144.6463866051 -37.7206578492,144.6463775963 -37.7206531242)
11234	Western Hwy	3	1		23.393	POINT(144.6421407500 -37.7176922240)	LINESTRING(144.6422387574 -37.7177633915,144.6420433754 -37.7176205776)
11235		3	1		11.396	POINT(144.6468669376 -37.7204595649)	LINESTRING(144.6468154279 -37.7204286577,144.6469191535 -37.7204901149)
11238		1	1		2.798	POINT(144.6548701412 -37.7172336381)	LINESTRING(144.6548675308 -37.7172456422,144.6548724940 -37.7172207823)
11239		3	1		11.671	POINT(144.6496247333 -37.7229191998)	LINESTRING(144.6496625785 -37.7229625287,144.6495859710 -37.7228768082)
11240	Leakes Rd	1	1		19.482	POINT(144.6503311695 -37.7255962358)	LINESTRING(144.6502826834 -37.7256750543,144.6503798338 -37.7255175660)
11241		1	1		9.580	POINT(144.6505039833 -37.7253415526)	LINESTRING(144.6504839182 -37.7253805677,144.6505234814 -37.7253002807)
11242		3	1		29.086	POINT(144.6570658956 -37.7264588193)	LINESTRING(144.6569309049 -37.7263826176,144.6571989719 -37.7265358693)
11243		2	2		4.328	POINT(144.6558423983 -37.7256203553)	LINESTRING(144.6558235818 -37.7256077535,144.6558616240 -37.7256324469)
11244	Western Hwy	3	1		1.001	POINT(144.6221371512 -37.7033600018)	LINESTRING(144.6221413832 -37.7033630164,144.6221329192 -37.7033569873)
11245	Western Hwy	3	1		4.789	POINT(144.6603211959 -37.7284171938)	LINESTRING(144.6602995843 -37.7284042389,144.6603432817 -37.7284299518)
11246	Western Hwy	3	1		4.041	POINT(144.6703513803 -37.7343070184)	LINESTRING(144.6703327721 -37.7342970121,144.6703714310 -37.7343166545)
11247		3	1		9.832	POINT(144.6931630563 -37.7422790639)	LINESTRING(144.6931127096 -37.7422597168,144.6932132136 -37.7422984654)
11248		3	1		46.602	POINT(144.6938457010 -37.7425485898)	LINESTRING(144.6936100169 -37.7424528247,144.6940813862 -37.7426443539)
11249		3	1		1.021	POINT(144.6927700237 -37.7425101150)	LINESTRING(144.6927753659 -37.7425120695,144.6927648892 -37.7425081210)
11250		3	1		31.354	POINT(144.6756562980 -37.7366924490)	LINESTRING(144.6758172550 -37.7367523987,144.6754943366 -37.7366328358)
11251		3	1		20.653	POINT(144.6736482948 -37.7359377250)	LINESTRING(144.6737569000 -37.7359725252,144.6735391055 -37.7359030186)
11252		3	1		20.903	POINT(144.7087156648 -37.7480546796)	LINESTRING(144.7088324028 -37.7480720731,144.7085988020 -37.7480372954)
11253		3	1		26.918	POINT(144.7054416240 -37.7476065045)	LINESTRING(144.7055906880 -37.7476292276,144.7052899504 -37.7475840948)
11256		3	1		23.658	POINT(144.6958563027 -37.7429944121)	LINESTRING(144.6957251567 -37.7429749926,144.6957441464 -37.7429773224,144.6957630659 -37.7429800863,144.6957819290 -37.7429831923,144.6958007496 -37.7429865483,144.6958195412 -37.7429900621,144.6958383178 -37.7429936417,144.6958570930 -37.7429971951,144.6958758806 -37.7430006300,144.6958946944 -37.7430038545,144.6959135482 -37.7430067764,144.6959324556 -37.7430093037,144.6959514305 -37.7430113442,144.6959704865 -37.7430128059,144.6959893237 -37.7430136985)
11257		3	1		1.001	POINT(144.6998475616 -37.7425564348)	LINESTRING(144.6998418702 -37.7425562879,144.6998532530 -37.7425565818)
11261		1	1		0.754	POINT(144.7469841144 -37.7586837468)	LINESTRING(144.7469810990 -37.7586815176,144.7469883745 -37.7586851005)
11263		83	1		7.185	POINT(144.7485307397 -37.7588334348)	LINESTRING(144.7485328023 -37.7588012040,144.7485286788 -37.7588657181)
11264		1	1		52.275	POINT(144.7013916358 -37.7410509690)	LINESTRING(144.7014323897 -37.7408182424,144.7013509423 -37.7412839031)
11266		3	1		1.727	POINT(144.6384602614 -37.7150581828)	LINESTRING(144.6384674584 -37.7150634516,144.6384599046 -37.7150577491,144.6384532742 -37.7150527113)
11267		3	1		7.082	POINT(144.7004107093 -37.7451041804)	LINESTRING(144.7003744542 -37.7450901348,144.7004466654 -37.7451183287)
11270		1	1		9.323	POINT(144.7007207956 -37.7468396400)	LINESTRING(144.7007331160 -37.7468793506,144.7007088571 -37.7467977451)
11271	Hopkins Rd	1	1		1.001	POINT(144.7032077643 -37.7565474916)	LINESTRING(144.7032085188 -37.7565430292,144.7032070098 -37.7565519541)
11272	Western Fwy	2	2		35.139	POINT(144.7275571142 -37.7518684988)	LINESTRING(144.7273757588 -37.7518039214,144.7277408257 -37.7519324041)
11274		3	1		36.568	POINT(144.7283046094 -37.7520725650)	LINESTRING(144.7281078815 -37.7520226491,144.7285042427 -37.7521221082)
11275		3	1		6.727	POINT(144.7374534388 -37.7551850465)	LINESTRING(144.7374190465 -37.7551718353,144.7374878822 -37.7551982223)
11276		1	1		2.174	POINT(144.7391607781 -37.7557772587)	LINESTRING(144.7391489724 -37.7557735881,144.7391718158 -37.7557810556)
11277	Caroline Springs Blvd	1	1		1.619	POINT(144.7399760484 -37.7535475720)	LINESTRING(144.7399767895 -37.7535402898,144.7399752986 -37.7535547985)
11278		1	1		5.541	POINT(144.7399173688 -37.7530010903)	LINESTRING(144.7399149111 -37.7530263856,144.7399198703 -37.7529767166)
11280	Western Hwy	2	2		22.780	POINT(144.7282449969 -37.7524882014)	LINESTRING(144.7283642680 -37.7525282785,144.7281258961 -37.7524480938)
11282		3	1		1.178	POINT(144.7168068606 -37.7495527362)	LINESTRING(144.7168130414 -37.7495541894,144.7168000820 -37.7495515019)
11283	Western Fwy	80	2		1.277	POINT(144.7230341938 -37.7507367755)	LINESTRING(144.7230405305 -37.7507387222,144.7230266366 -37.7507353812)
11284		80	2		153.186	POINT(144.7260657041 -37.7516937886)	LINESTRING(144.7268663651 -37.7519507119,144.7252573167 -37.7514229446)
11285		1	1		5.946	POINT(144.7463142894 -37.7583658035)	LINESTRING(144.7462858220 -37.7583514763,144.7463433251 -37.7583796002)
11286	Western Fwy	3	1		3.529	POINT(144.6849458316 -37.7396333339)	LINESTRING(144.6849649959 -37.7396376953,144.6849263934 -37.7396290037)
11287	Ferris Rd  Melton Hwy	1	1		0.823	POINT(144.6041079823 -37.6941166179)	LINESTRING(144.6041073362 -37.6941201115,144.6041085251 -37.6941127695)
11289	Ferris Rd	1	1		0.225	POINT(144.6033760111 -37.6981660217)	LINESTRING(144.6033759330 -37.6981672703,144.6033761105 -37.6981652511)
11290		1	1		4.808	POINT(144.7469131658 -37.7594050509)	LINESTRING(144.7468991673 -37.7594235738,144.7469267946 -37.7593862691)
11291		1	1		3.375	POINT(144.7479280073 -37.7591016688)	LINESTRING(144.7479111937 -37.7590941330,144.7479444238 -37.7591093201)
11298		1	1		48.802	POINT(144.7397949161 -37.7591403720)	LINESTRING(144.7395925041 -37.7590077753,144.7395958505 -37.7590488483,144.7396103328 -37.7590770474,144.7396336657 -37.7591019765,144.7396644228 -37.7591241243,144.7397011778 -37.7591439798,144.7397425043 -37.7591620318,144.7397869760 -37.7591787690,144.7398331667 -37.7591946804,144.7398796498 -37.7592102546,144.7399249993 -37.7592259806,144.7399677886 -37.7592423472,144.7400065915 -37.7592598431)
11299		1	1		4.298	POINT(144.7395495136 -37.7590263530)	LINESTRING(144.7395527130 -37.7590070590,144.7395462846 -37.7590453632)
11306		1	1		6.420	POINT(144.7399126357 -37.7524581792)	LINESTRING(144.7398886422 -37.7524800074,144.7399423011 -37.7524408694)
11307		1	1		3.991	POINT(144.7401225244 -37.7524650820)	LINESTRING(144.7401053976 -37.7524536757,144.7401364216 -37.7524798714)
11308		1	1		18.390	POINT(144.7402386680 -37.7524788760)	LINESTRING(144.7401632877 -37.7524265515,144.7401724701 -37.7524396611,144.7401834246 -37.7524514053,144.7401959326 -37.7524624667,144.7402097846 -37.7524728149,144.7402247710 -37.7524824193,144.7402406822 -37.7524912496,144.7402573085 -37.7524992751,144.7402744403 -37.7525064653,144.7402918681 -37.7525127897,144.7403093822 -37.7525182178,144.7403267731 -37.7525227192)
11309		1	1		6.921	POINT(144.7401250843 -37.7526683054)	LINESTRING(144.7401474317 -37.7526432141,144.7401440955 -37.7526467618,144.7401408136 -37.7526504170,144.7401375561 -37.7526541404,144.7401342931 -37.7526578926,144.7401309948 -37.7526616342,144.7401276312 -37.7526653260,144.7401241725 -37.7526689286,144.7401205889 -37.7526724026,144.7401168505 -37.7526757087,144.7401129274 -37.7526788076,144.7401087898 -37.7526816598,144.7401044078 -37.7526842261,144.7400997514 -37.7526864671,144.7400947909 -37.7526883435)
11310		1	1		10.172	POINT(144.7399313729 -37.7526801021)	LINESTRING(144.7399866008 -37.7526996657,144.7399725985 -37.7526975882,144.7399587637 -37.7526943192,144.7399452669 -37.7526899460,144.7399322786 -37.7526845563,144.7399199694 -37.7526782374,144.7399085099 -37.7526710769,144.7398980706 -37.7526631622,144.7398889855 -37.7526547521)
11311		1	1		15.435	POINT(144.7401319591 -37.7527123277)	LINESTRING(144.7401624707 -37.7526535660,144.7401505524 -37.7526681675,144.7401394246 -37.7526860370,144.7401305479 -37.7527048837,144.7401234448 -37.7527244166,144.7401176381 -37.7527443446,144.7401126502 -37.7527643765,144.7401080040 -37.7527842214)
11312		1	1		16.589	POINT(144.7398117734 -37.7526666174)	LINESTRING(144.7398748746 -37.7527190029,144.7398666998 -37.7527037028,144.7398557730 -37.7526900660,144.7398426999 -37.7526773962,144.7398278153 -37.7526657119,144.7398114538 -37.7526550312,144.7397939502 -37.7526453725,144.7397756391 -37.7526367539,144.7397568555 -37.7526291938,144.7397379338 -37.7526227105)
11313		1	1		23.641	POINT(144.7398641955 -37.7526625200)	LINESTRING(144.7399914364 -37.7527001663,144.7399788584 -37.7526986453,144.7399664090 -37.7526967209,144.7399540787 -37.7526944235,144.7399418579 -37.7526917833,144.7399297371 -37.7526888308,144.7399177067 -37.7526855963,144.7399057571 -37.7526821101,144.7398938788 -37.7526784026,144.7398820623 -37.7526745040,144.7398702980 -37.7526704448,144.7398585764 -37.7526662552,144.7398468878 -37.7526619656,144.7398352229 -37.7526576064,144.7398235719 -37.7526532079,144.7398119254 -37.7526488003,144.7398002737 -37.7526444142,144.7397886075 -37.7526400797,144.7397769170 -37.7526358272,144.7397651928 -37.7526316871,144.7397534253 -37.7526276897,144.7397416050 -37.7526238653)
11314		1	1		21.637	POINT(144.7398196366 -37.7524733787)	LINESTRING(144.7397015853 -37.7525035409,144.7397807840 -37.7524887014,144.7398575694 -37.7524651327,144.7399347909 -37.7524426567)
11331		139	1		43.007	POINT(144.6046874065 -37.6903947730)	LINESTRING(144.6045714348 -37.6905601856,144.6046153665 -37.6905178471,144.6046538782 -37.6904722527,144.6046878578 -37.6904240811,144.6047181931 -37.6903740111,144.6047457720 -37.6903227216,144.6047714822 -37.6902708914,144.6047962117 -37.6902191992)
11332		139	1		21.551	POINT(144.6046601684 -37.6905076834)	LINESTRING(144.6045697799 -37.6905616130,144.6045939792 -37.6905417867,144.6046201610 -37.6905227194,144.6046481595 -37.6905051192,144.6046778087 -37.6904896944,144.6047089428 -37.6904771531,144.6047413961 -37.6904682038,144.6047750026 -37.6904635546)
11333		139	1		32.885	POINT(144.6051994571 -37.6906345378)	LINESTRING(144.6051154249 -37.6905187163,144.6051314065 -37.6905264646,144.6051465413 -37.6905353290,144.6051608170 -37.6905452254,144.6051742217 -37.6905560696,144.6051867431 -37.6905677772,144.6051983693 -37.6905802641,144.6052090880 -37.6905934460,144.6052188872 -37.6906072387,144.6052277549 -37.6906215580,144.6052356789 -37.6906363196,144.6052426470 -37.6906514393,144.6052486473 -37.6906668330,144.6052536675 -37.6906824162,144.6052576957 -37.6906981049,144.6052607197 -37.6907138147,144.6052627273 -37.6907294615,144.6052637066 -37.6907449610,144.6052636454 -37.6907602290,144.6052625316 -37.6907751813)
11334		139	1		44.812	POINT(144.6052415716 -37.6906660927)	LINESTRING(144.6051643107 -37.6904731361,144.6053196914 -37.6908571892)
11335		139	1		27.714	POINT(144.6050558869 -37.6910283256)	LINESTRING(144.6051753080 -37.6909644543,144.6051473870 -37.6909914227,144.6051143572 -37.6910155469,144.6050772031 -37.6910364348,144.6050369088 -37.6910536937,144.6049944585 -37.6910669314,144.6049508367 -37.6910757554,144.6049070275 -37.6910797735)
11336		139	1		29.983	POINT(144.6050783009 -37.6910741876)	LINESTRING(144.6051753080 -37.6909644543,144.6051470225 -37.6909958416,144.6051183486 -37.6910270664,144.6050897323 -37.6910583348,144.6050616196 -37.6910898527,144.6050344565 -37.6911218264,144.6050086890 -37.6911544617,144.6049851447 -37.6911881111)
11337		139	1		25.225	POINT(144.6050903563 -37.6911139448)	LINESTRING(144.6051890754 -37.6910488197,144.6051814231 -37.6910463413,144.6051792876 -37.6910457421,144.6051771618 -37.6910452080,144.6051750456 -37.6910447381,144.6051729392 -37.6910443317,144.6051708424 -37.6910439880,144.6051687553 -37.6910437060,144.6051666779 -37.6910434851,144.6051646101 -37.6910433244,144.6051625520 -37.6910432230,144.6051605035 -37.6910431801,144.6051584647 -37.6910431949,144.6051564355 -37.6910432667,144.6051544159 -37.6910433945,144.6051524060 -37.6910435775,144.6051504057 -37.6910438150,144.6051484151 -37.6910441061,144.6051464340 -37.6910444499,144.6051444626 -37.6910448457,144.6051425008 -37.6910452927,144.6051405486 -37.6910457899,144.6051386060 -37.6910463367,144.6051366730 -37.6910469321,144.6051347496 -37.6910475754,144.6051328357 -37.6910482657,144.6051309315 -37.6910490022,144.6051290369 -37.6910497841,144.6051271518 -37.6910506106,144.6051252763 -37.6910514808,144.6051234103 -37.6910523939,144.6051215540 -37.6910533492,144.6051197072 -37.6910543457,144.6051178699 -37.6910553826,144.6051160422 -37.6910564592,144.6051142240 -37.6910575746,144.6051124154 -37.6910587280,144.6051106163 -37.6910599186,144.6051088268 -37.6910611455,144.6051070468 -37.6910624079,144.6051052763 -37.6910637050,144.6051035153 -37.6910650360,144.6051017639 -37.6910664001,144.6051000220 -37.6910677964,144.6050982895 -37.6910692242,144.6050965666 -37.6910706825,144.6050948532 -37.6910721706,144.6050931492 -37.6910736876,144.6050914548 -37.6910752328,144.6050897699 -37.6910768053,144.6050880944 -37.6910784042,144.6050864284 -37.6910800289,144.6050847719 -37.6910816783,144.6050831248 -37.6910833518,144.6050814872 -37.6910850485,144.6050798591 -37.6910867676,144.6050782405 -37.6910885082,144.6050766312 -37.6910902696,144.6050750315 -37.6910920508,144.6050734412 -37.6910938512,144.6050718603 -37.6910956698,144.6050702888 -37.6910975059,144.6050687268 -37.6910993586,144.6050671742 -37.6911012271,144.6050656310 -37.6911031106,144.6050640973 -37.6911050082,144.6050625730 -37.6911069192,144.6050610580 -37.6911088427,144.6050595525 -37.6911107779,144.6050580564 -37.6911127239,144.6050565697 -37.6911146800,144.6050550923 -37.6911166454,144.6050536244 -37.6911186191,144.6050521658 -37.6911206005,144.6050507166 -37.6911225886,144.6050492768 -37.6911245826,144.6050478464 -37.6911265818,144.6050464253 -37.6911285852,144.6050450136 -37.6911305922,144.6050436112 -37.6911326018,144.6050422182 -37.6911346132,144.6050408346 -37.6911366256,144.6050394603 -37.6911386383,144.6050380953 -37.6911406503,144.6050367397 -37.6911426608,144.6050353933 -37.6911446691,144.6050340564 -37.6911466743,144.6050327287 -37.6911486755,144.6050314104 -37.6911506720,144.6050301014 -37.6911526630,144.6050288017 -37.6911546476,144.6050275113 -37.6911566249,144.6050262302 -37.6911585943,144.6050249584 -37.6911605548,144.6050236958 -37.6911625056,144.6050224426 -37.6911644459,144.6050211987 -37.6911663749,144.6050199640 -37.6911682918,144.6050187386 -37.6911701957,144.6050175225 -37.6911720859,144.6050163157 -37.6911739614,144.6050151181 -37.6911758215,144.6050139298 -37.6911776654,144.6050127507 -37.6911794922,144.6050115809 -37.6911813011,144.6050104203 -37.6911830913,144.6050092690 -37.6911848620,144.6050081269 -37.6911866124,144.6050069940 -37.6911883415,144.6050058704 -37.6911900487,144.6050047559 -37.6911917330,144.6050036507 -37.6911933937,144.6050035424 -37.6911941252)
11339		139	1		26.569	POINT(144.6050575430 -37.6910534754)	LINESTRING(144.6051965635 -37.6910342292,144.6051867233 -37.6910314567,144.6051768175 -37.6910294112,144.6051668491 -37.6910280465,144.6051568208 -37.6910273163,144.6051467358 -37.6910271744,144.6051365968 -37.6910275744,144.6051264070 -37.6910284700,144.6051161691 -37.6910298150,144.6051058862 -37.6910315632,144.6050955612 -37.6910336681,144.6050851970 -37.6910360836,144.6050747965 -37.6910387633,144.6050643628 -37.6910416610,144.6050538987 -37.6910447304,144.6050434071 -37.6910479253,144.6050328910 -37.6910511992,144.6050223534 -37.6910545061,144.6050117972 -37.6910577995,144.6050012253 -37.6910610331,144.6049906407 -37.6910641608,144.6049800462 -37.6910671363,144.6049694449 -37.6910699132,144.6049588397 -37.6910724452,144.6049482334 -37.6910746862,144.6049376292 -37.6910765897,144.6049270298 -37.6910781096,144.6049164382 -37.6910791996,144.6049058574 -37.6910798133)
11340		139	1		27.573	POINT(144.6045615426 -37.6909503111)	LINESTRING(144.6046609563 -37.6910359638,144.6046235737 -37.6910177606,144.6045887618 -37.6909952825,144.6045573382 -37.6909692061,144.6045301206 -37.6909402081,144.6045079267 -37.6909089651,144.6044915740 -37.6908761536,144.6044818801 -37.6908424504)
11342		139	1		76.607	POINT(144.6043614309 -37.6907886938)	LINESTRING(144.6046609563 -37.6910359638,144.6045581247 -37.6909837590,144.6044666960 -37.6909197091,144.6043835556 -37.6908470478,144.6043055891 -37.6907690091,144.6042296818 -37.6906888270,144.6041527192 -37.6906097354,144.6040715867 -37.6905349683)
11344		1	1		19.723	POINT(144.7014589418 -37.7477137570)	LINESTRING(144.7013568829 -37.7476746703,144.7013645898 -37.7476747368,144.7013729499 -37.7476751443,144.7013812820 -37.7476758991,144.7013895781 -37.7476769878,144.7013978303 -37.7476783973,144.7014060305 -37.7476801142,144.7014141707 -37.7476821254,144.7014222429 -37.7476844175,144.7014302391 -37.7476869772,144.7014381512 -37.7476897914,144.7014459713 -37.7476928467,144.7014536913 -37.7476961299,144.7014613033 -37.7476996276,144.7014687991 -37.7477033267,144.7014761709 -37.7477072139,144.7014834105 -37.7477112758,144.7014905100 -37.7477154993,144.7014974614 -37.7477198711,144.7015042566 -37.7477243779,144.7015108876 -37.7477290064,144.7015173465 -37.7477337433,144.7015236252 -37.7477385755,144.7015297157 -37.7477434896,144.7015356100 -37.7477484724,144.7015413000 -37.7477535105,144.7015466686 -37.7477584969)
11345		1	1		28.265	POINT(144.7014900186 -37.7476515644)	LINESTRING(144.7013482350 -37.7476066975,144.7013647958 -37.7476191718,144.7013827952 -37.7476311072,144.7014026205 -37.7476427950,144.7014238819 -37.7476539319,144.7014461896 -37.7476642148,144.7014691540 -37.7476733403,144.7014923852 -37.7476810053,144.7015154936 -37.7476869064,144.7015380893 -37.7476907404,144.7015597828 -37.7476922041,144.7015801841 -37.7476909941,144.7015989036 -37.7476868074,144.7016155515 -37.7476793406,144.7016297381 -37.7476682904)
11346		1	1		7.415	POINT(144.7010381193 -37.7477752080)	LINESTRING(144.7010241553 -37.7478114698,144.7010281145 -37.7478025326,144.7010323960 -37.7477934189,144.7010371535 -37.7477844236,144.7010426139 -37.7477757949,144.7010490043 -37.7477677805,144.7010565515 -37.7477606286,144.7010654843 -37.7477545888)
11347		1	1		1.557	POINT(144.7016592377 -37.7478652768)	LINESTRING(144.7016562673 -37.7478636264,144.7016577317 -37.7478668968,144.7016586145 -37.7478703205,144.7016591534 -37.7478738185,144.7016595777 -37.7478773127)
11348		1	1		19.727	POINT(144.7016355163 -37.7480540027)	LINESTRING(144.7016670972 -37.7479622245,144.7016672623 -37.7479766882,144.7016662993 -37.7479914504,144.7016641838 -37.7480063593,144.7016608916 -37.7480212630,144.7016563983 -37.7480360097,144.7016506795 -37.7480504478,144.7016437109 -37.7480644253,144.7016354682 -37.7480777905,144.7016259269 -37.7480903916,144.7016150628 -37.7481020768,144.7016028514 -37.7481126943,144.7015892686 -37.7481220923)
11349		1	1		38.423	POINT(144.7017308838 -37.7481129151)	LINESTRING(144.7017695396 -37.7479572760,144.7017463383 -37.7479769257,144.7017289019 -37.7479993353,144.7017166074 -37.7480241044,144.7017088318 -37.7480508328,144.7017049521 -37.7480791205,144.7017043453 -37.7481085672,144.7017063883 -37.7481387727,144.7017104582 -37.7481693369,144.7017159320 -37.7481998594,144.7017221866 -37.7482299403,144.7017285991 -37.7482591791,144.7017345464 -37.7482871759)
11351		1	1		50.744	POINT(144.7011418754 -37.7480677153)	LINESTRING(144.7013362087 -37.7482073125,144.7013161999 -37.7482075693,144.7012958983 -37.7482062216,144.7012754074 -37.7482033507,144.7012548306 -37.7481990381,144.7012342714 -37.7481933650,144.7012138331 -37.7481864129,144.7011936194 -37.7481782632,144.7011737337 -37.7481689972,144.7011542793 -37.7481586963,144.7011353599 -37.7481474418,144.7011170788 -37.7481353152,144.7010995395 -37.7481223978,144.7010828456 -37.7481087710,144.7010671003 -37.7480945162,144.7010524073 -37.7480797147,144.7010388700 -37.7480644479,144.7010265917 -37.7480487972,144.7010156761 -37.7480328440,144.7010062266 -37.7480166696,144.7009983466 -37.7480003554,144.7009921396 -37.7479839828,144.7009877091 -37.7479676332,144.7009851585 -37.7479513879,144.7009845912 -37.7479353283,144.7009861109 -37.7479195358,144.7009898208 -37.7479040918)
11353		1	1		57.416	POINT(144.7011661579 -37.7480957312)	LINESTRING(144.7013577974 -37.7482723282,144.7013344747 -37.7482543397,144.7013079096 -37.7482392385,144.7012789415 -37.7482263089,144.7012483224 -37.7482148897,144.7012168043 -37.7482043195,144.7011851392 -37.7481939371,144.7011540791 -37.7481830810,144.7011243762 -37.7481710899,144.7010967823 -37.7481573027,144.7010720495 -37.7481410578,144.7010509299 -37.7481216941,144.7010367970 -37.7481047745,144.7010239681 -37.7480868261,144.7010125760 -37.7480680143,144.7010027538 -37.7480485045,144.7009946343 -37.7480284624,144.7009883505 -37.7480080535,144.7009840354 -37.7479874432,144.7009818218 -37.7479667972,144.7009818427 -37.7479462808,144.7009842311 -37.7479260597,144.7009891199 -37.7479062994)
11354		1	1		58.308	POINT(144.7011167284 -37.7481063675)	LINESTRING(144.7013455016 -37.7482858343,144.7013269789 -37.7482704849,144.7013044121 -37.7482563467,144.7012801088 -37.7482438324,144.7012545170 -37.7482325144,144.7012280844 -37.7482219650,144.7012012588 -37.7482117568,144.7011744881 -37.7482014622,144.7011482201 -37.7481906535,144.7011229027 -37.7481789032,144.7010989835 -37.7481657838,144.7010769106 -37.7481508676,144.7010561156 -37.7481328575,144.7010378611 -37.7481129986,144.7010215140 -37.7480917688,144.7010064415 -37.7480696462,144.7009920105 -37.7480471089,144.7009775881 -37.7480246348,144.7009625413 -37.7480027020,144.7009462373 -37.7479817884,144.7009280430 -37.7479623723,144.7009073255 -37.7479449314,144.7008834519 -37.7479299440)
11355		1	1		50.484	POINT(144.7011041357 -37.7480621230)	LINESTRING(144.7013348433 -37.7481916139,144.7013019397 -37.7481905043,144.7012693930 -37.7481853796,144.7012382765 -37.7481766406,144.7012084133 -37.7481647174,144.7011796268 -37.7481500406,144.7011517399 -37.7481330406,144.7011245759 -37.7481141476,144.7010979580 -37.7480937921,144.7010717093 -37.7480724045,144.7010456529 -37.7480504151,144.7010196121 -37.7480282544,144.7009934100 -37.7480063527,144.7009668697 -37.7479851404,144.7009398145 -37.7479650479,144.7009120675 -37.7479465057,144.7008834519 -37.7479299440)
11356		1	1		13.688	POINT(144.7401672349 -37.7526698463)	LINESTRING(144.7402408918 -37.7526506723,144.7400929573 -37.7526889452)
11357		1	1		25.171	POINT(144.7015012626 -37.7476834725)	LINESTRING(144.7013568829 -37.7476746703,144.7013623494 -37.7476746657,144.7013686068 -37.7476747858,144.7013749540 -37.7476750400,144.7013813842 -37.7476754176,144.7013878904 -37.7476759082,144.7013944657 -37.7476765013,144.7014011031 -37.7476771861,144.7014077958 -37.7476779523,144.7014145368 -37.7476787892,144.7014213192 -37.7476796862,144.7014281362 -37.7476806329,144.7014349806 -37.7476816187,144.7014418458 -37.7476826330,144.7014487246 -37.7476836653,144.7014556103 -37.7476847049,144.7014624959 -37.7476857415,144.7014693744 -37.7476867643,144.7014762390 -37.7476877629,144.7014830827 -37.7476887267,144.7014898986 -37.7476896451,144.7014966798 -37.7476905077,144.7015034194 -37.7476913037,144.7015101104 -37.7476920228,144.7015167460 -37.7476926542,144.7015233191 -37.7476931876,144.7015298229 -37.7476936123,144.7015362505 -37.7476939177,144.7015425950 -37.7476940933,144.7015488493 -37.7476941286,144.7015550067 -37.7476940130,144.7015610602 -37.7476937360,144.7015670028 -37.7476932869,144.7015728276 -37.7476926553,144.7015785278 -37.7476918306,144.7015840964 -37.7476908022,144.7015895265 -37.7476895596,144.7015948111 -37.7476880922,144.7015999434 -37.7476863895,144.7016049164 -37.7476844410,144.7016097232 -37.7476822359,144.7016143568 -37.7476797639,144.7016188105 -37.7476770144,144.7016230771 -37.7476739767,144.7016271499 -37.7476706404,144.7016310219 -37.7476669949)
11359		1	1		50.090	POINT(144.7011688459 -37.7411160891)	LINESTRING(144.7009903684 -37.7409646235,144.7010649941 -37.7409805496,144.7011372871 -37.7410111135,144.7012034616 -37.7410534002,144.7012597317 -37.7411044948,144.7013023116 -37.7411614821,144.7013274154 -37.7412214472,144.7013312572 -37.7412814751)
11361		1	1		14.423	POINT(144.7397023643 -37.7571211853)	LINESTRING(144.7397082158 -37.7570561593,144.7396964797 -37.7571855027)
11363	Western Fwy  Deer Park Byp	80	2		30.688	POINT(144.7296686201 -37.7528124298)	LINESTRING(144.7298289124 -37.7528673677,144.7295088418 -37.7527574026)
11366	Western Fwy	80	2		34.106	POINT(144.7249745965 -37.7513137573)	LINESTRING(144.7251540503 -37.7513724343,144.7247958503 -37.7512548446)
11367		3	2		34.228	POINT(144.7249441290 -37.7513722330)	LINESTRING(144.7251237563 -37.7514316094,144.7247647106 -37.7513127690)
11369		2	2		28.315	POINT(144.7273166654 -37.7521357852)	LINESTRING(144.7274634116 -37.7521877287,144.7271693163 -37.7520840702)
11442		1	1		8.317	POINT(144.5672236968 -37.6893896989)	LINESTRING(144.5672171762 -37.6894265333,144.5672301229 -37.6893523933)
11443		1	1		21.564	POINT(144.5673861215 -37.6883773264)	LINESTRING(144.5673676745 -37.6884741203,144.5674048553 -37.6882823070)
11445		1	1		14.562	POINT(144.5633918182 -37.6894510746)	LINESTRING(144.5633094429 -37.6894470331,144.5634747208 -37.6894550957)
11446	Western Fwy	3	1		2.703	POINT(144.5610238509 -37.6893782804)	LINESTRING(144.5610083473 -37.6893767948,144.5610388355 -37.6893798545)
11447	Western Fwy	3	1		24.518	POINT(144.5618307912 -37.6894608948)	LINESTRING(144.5616925341 -37.6894464882,144.5619689637 -37.6894753161)
11449		1	1		26.617	POINT(144.5618452737 -37.6894039474)	LINESTRING(144.5616949441 -37.6893990991,144.5619973777 -37.6894087657)
11451		1	1		12.764	POINT(144.5670667428 -37.6882938550)	LINESTRING(144.5670090509 -37.6883284837,144.5670477698 -37.6883055002,144.5670855097 -37.6882814210,144.5671252712 -37.6882597576)
11452		1	1		35.762	POINT(144.5674171048 -37.6884292544)	LINESTRING(144.5672858557 -37.6883270218,144.5673121756 -37.6883290292,144.5673381027 -37.6883348172,144.5673633416 -37.6883439738,144.5673875995 -37.6883561205,144.5674105838 -37.6883708787,144.5674320015 -37.6883878698,144.5674515600 -37.6884067153,144.5674689665 -37.6884270367,144.5674839281 -37.6884484553,144.5674961522 -37.6884705927,144.5675053459 -37.6884930702,144.5675112165 -37.6885155094,144.5675134712 -37.6885375316,144.5675118173 -37.6885587583)
11454		1	1		6.943	POINT(144.5674326911 -37.6881754396)	LINESTRING(144.5674240232 -37.6882054740,144.5674409551 -37.6881444471)
11455		1	1		6.892	POINT(144.5674974201 -37.6879267897)	LINESTRING(144.5674926115 -37.6879572075,144.5675021254 -37.6878956437)
11456		1	1		5.285	POINT(144.5674054957 -37.6879256038)	LINESTRING(144.5674137084 -37.6879488738,144.5673968112 -37.6879032349)
11458		1	1		9.167	POINT(144.5664891181 -37.6874455943)	LINESTRING(144.5665397797 -37.6874521823,144.5664368338 -37.6874392176)
11460		1	1		4.668	POINT(144.5684553860 -37.6876684730)	LINESTRING(144.5684814634 -37.6876721149,144.5684291791 -37.6876648606)
11461		1	1		5.875	POINT(144.5678960675 -37.6866343152)	LINESTRING(144.5678993726 -37.6866077711,144.5678927323 -37.6866603842)
11462		1	1		19.584	POINT(144.5673178336 -37.6876099731)	LINESTRING(144.5673705918 -37.6876844659,144.5673663378 -37.6876632236,144.5673586362 -37.6876413610,144.5673476630 -37.6876198046,144.5673335938 -37.6875994810,144.5673166044 -37.6875813166,144.5672968706 -37.6875662379,144.5672745681 -37.6875551714,144.5672498727 -37.6875490436)
11464		1	1		5.001	POINT(144.5661377986 -37.6874311901)	LINESTRING(144.5661166274 -37.6874462451,144.5661592375 -37.6874164356)
11465		1	1		37.368	POINT(144.5676318427 -37.6874806104)	LINESTRING(144.5674210524 -37.6874598203,144.5678427348 -37.6875013954)
11466		1	1		13.288	POINT(144.5674895022 -37.6874357606)	LINESTRING(144.5674236628 -37.6874601348,144.5674415080 -37.6874605543,144.5674601143 -37.6874579180,144.5674786043 -37.6874525903,144.5674961004 -37.6874449354,144.5675117253 -37.6874353175,144.5675246012 -37.6874241009,144.5675338509 -37.6874116499,144.5675385966 -37.6873983286)
11467		1	1		34.134	POINT(144.5677058610 -37.6875545747)	LINESTRING(144.5677447701 -37.6874041173,144.5676669632 -37.6877050600)
11468		1	1		43.119	POINT(144.5674752165 -37.6874790008)	LINESTRING(144.5676661359 -37.6873943203,144.5676633125 -37.6874050985,144.5676592585 -37.6874154313,144.5676540315 -37.6874253217,144.5676476891 -37.6874347728,144.5676402890 -37.6874437875,144.5676318890 -37.6874523688,144.5676225466 -37.6874605199,144.5676123196 -37.6874682436,144.5676012656 -37.6874755431,144.5675894423 -37.6874824213,144.5675769073 -37.6874888814,144.5675637184 -37.6874949262,144.5675499332 -37.6875005589,144.5675356093 -37.6875057824,144.5675208045 -37.6875105997,144.5675055764 -37.6875150140,144.5674899826 -37.6875190281,144.5674740809 -37.6875226453,144.5674579289 -37.6875258683,144.5674415844 -37.6875287004,144.5674251048 -37.6875311444,144.5674085480 -37.6875332035,144.5673919716 -37.6875348806,144.5673754333 -37.6875361788,144.5673589907 -37.6875371011,144.5673427016 -37.6875376504,144.5673266235 -37.6875378300,144.5673108141 -37.6875376426,144.5672953312 -37.6875370915,144.5672802324 -37.6875361796,144.5672655754 -37.6875349099,144.5672514177 -37.6875332854)
11469		1	1		29.232	POINT(144.5676975483 -37.6875888496)	LINESTRING(144.5675759689 -37.6876591953,144.5675862957 -37.6876302852,144.5676072623 -37.6876039725,144.5676367170 -37.6875808250,144.5676725085 -37.6875614109,144.5677124850 -37.6875462982,144.5677544950 -37.6875360549,144.5677963869 -37.6875312491,144.5678360093 -37.6875324487)
11470		1	1		27.813	POINT(144.5675374191 -37.6875270738)	LINESTRING(144.5675170170 -37.6876512823,144.5675578902 -37.6874030911)
11471		1	1		50.758	POINT(144.5675333740 -37.6875739121)	LINESTRING(144.5678204771 -37.6875991556,144.5672468007 -37.6875486453)
11472		1	1		18.408	POINT(144.5677463855 -37.6876467044)	LINESTRING(144.5678230916 -37.6875994378,144.5678094720 -37.6875990256,144.5677959927 -37.6876006114,144.5677827677 -37.6876040079,144.5677699109 -37.6876090281,144.5677575361 -37.6876154847,144.5677457574 -37.6876231905,144.5677346886 -37.6876319583,144.5677244437 -37.6876416009,144.5677151365 -37.6876519312,144.5677068810 -37.6876627619,144.5676997911 -37.6876739058,144.5676939807 -37.6876851758,144.5676895637 -37.6876963846,144.5676866540 -37.6877073450)
11473		1	1		31.069	POINT(144.5676943508 -37.6874927757)	LINESTRING(144.5678279148 -37.6875681697,144.5678023653 -37.6875645160,144.5677756727 -37.6875589749,144.5677484358 -37.6875516523,144.5677212532 -37.6875426544,144.5676947237 -37.6875320871,144.5676694459 -37.6875200564,144.5676460186 -37.6875066685,144.5676250405 -37.6874920293,144.5676071103 -37.6874762447,144.5675928266 -37.6874594210,144.5675827883 -37.6874416640,144.5675775940 -37.6874230798,144.5675778423 -37.6874037745)
11474		1	1		28.273	POINT(144.5675377568 -37.6884350310)	LINESTRING(144.5675639577 -37.6883094099,144.5675602090 -37.6883304008,144.5675561670 -37.6883513567,144.5675518859 -37.6883722839,144.5675474194 -37.6883931890,144.5675428216 -37.6884140785,144.5675381462 -37.6884349588,144.5675334474 -37.6884558365,144.5675287789 -37.6884767182,144.5675241948 -37.6884976101,144.5675197488 -37.6885185190,144.5675154951 -37.6885394512,144.5675115203 -37.6885604171)
11475		1	1		1.226	POINT(144.5676085489 -37.6880506286)	LINESTRING(144.5676098368 -37.6880451103,144.5676071954 -37.6880559470)
11476		1	1		1.903	POINT(144.5676477093 -37.6878015740)	LINESTRING(144.5676495994 -37.6877933863,144.5676459999 -37.6878102754)
11477		1	1		35.204	POINT(144.5677341382 -37.6881975360)	LINESTRING(144.5676694951 -37.6880482628,144.5676677486 -37.6880675347,144.5676683276 -37.6880866568,144.5676710212 -37.6881056346,144.5676756184 -37.6881244740,144.5676819083 -37.6881431808,144.5676896799 -37.6881617605,144.5676987223 -37.6881802191,144.5677088246 -37.6881985623,144.5677197757 -37.6882167957,144.5677313648 -37.6882349252,144.5677433809 -37.6882529565,144.5677556130 -37.6882708953,144.5677678502 -37.6882887474,144.5677798816 -37.6883065186,144.5677914962 -37.6883242145,144.5678024830 -37.6883418410)
11478		1	1		5.347	POINT(144.5679382729 -37.6885587513)	LINESTRING(144.5679232211 -37.6885375855,144.5679542048 -37.6885789845)
11479		1	1		61.154	POINT(144.5676720313 -37.6884825391)	LINESTRING(144.5674269937 -37.6884794815,144.5674327221 -37.6884598250,144.5674365143 -37.6884460545,144.5674414879 -37.6884334444,144.5674486883 -37.6884218859,144.5674586939 -37.6884117320,144.5674751446 -37.6884009839,144.5674939310 -37.6883927882,144.5675144855 -37.6883867859,144.5675362408 -37.6883826181,144.5675586295 -37.6883799256,144.5675810841 -37.6883783496,144.5676030373 -37.6883775309,144.5676230030 -37.6883776682,144.5676429954 -37.6883790637,144.5676628891 -37.6883816390,144.5676825584 -37.6883853159,144.5677018777 -37.6883900160,144.5677207214 -37.6883956611,144.5677389637 -37.6884021729,144.5677500499 -37.6884069022,144.5677606884 -37.6884122905,144.5677708826 -37.6884182548,144.5677806360 -37.6884247120,144.5677899522 -37.6884315792,144.5677988345 -37.6884387734,144.5678072866 -37.6884462116,144.5678218084 -37.6884609924,144.5679197988 -37.6885948625)
11480		1	1		15.955	POINT(144.5705969912 -37.6903124593)	LINESTRING(144.5705088679 -37.6902958556,144.5705281918 -37.6902999602,144.5705477368 -37.6903039149,144.5705673321 -37.6903077152,144.5705869677 -37.6903113912,144.5706066335 -37.6903149729,144.5706263193 -37.6903184903,144.5706460152 -37.6903219735,144.5706657111 -37.6903254524,144.5706853954 -37.6903289617)
11481	Western Fwy	3	1		15.243	POINT(144.5721328928 -37.6906500940)	LINESTRING(144.5720463829 -37.6906435172,144.5722189222 -37.6906566893)
11482	Western Fwy	3	1		3.157	POINT(144.5739044915 -37.6908678973)	LINESTRING(144.5738870612 -37.6908650007,144.5739222308 -37.6908707115)
11483		3	1		14.934	POINT(144.5721457631 -37.6905960713)	LINESTRING(144.5720629892 -37.6905818774,144.5722290186 -37.6906101230)
11484		1	1		11.516	POINT(144.5671315425 -37.6906690725)	LINESTRING(144.5671432036 -37.6906179717,144.5671197904 -37.6907199336)
11485		1	1		29.336	POINT(144.5665465060 -37.6934999599)	LINESTRING(144.5665792546 -37.6933704869,144.5665137072 -37.6936293164)
11486		1	1		21.755	POINT(144.5666161256 -37.6935756043)	LINESTRING(144.5667161822 -37.6935290062,144.5666998329 -37.6935279404,144.5666830763 -37.6935287783,144.5666661383 -37.6935313785,144.5666492451 -37.6935355992,144.5666326224 -37.6935412989,144.5666164964 -37.6935483360,144.5666010931 -37.6935565688,144.5665866383 -37.6935658556,144.5665733581 -37.6935760550,144.5665614785 -37.6935870252,144.5665512255 -37.6935986246,144.5665428250 -37.6936107116,144.5665365030 -37.6936231446,144.5665324855 -37.6936357819)
11491		1	1		23.751	POINT(144.5666959454 -37.6920001636)	LINESTRING(144.5666712152 -37.6921050565,144.5667205371 -37.6918949229)
11492		1	1		11.179	POINT(144.5665441017 -37.6927008739)	LINESTRING(144.5665353582 -37.6927509636,144.5665528936 -37.6926513319)
11493		1	1		11.352	POINT(144.5666189490 -37.6923535780)	LINESTRING(144.5666087953 -37.6924038634,144.5666290716 -37.6923029835)
11494		1	1		75.407	POINT(144.5663355053 -37.6921111571)	LINESTRING(144.5665495236 -37.6923977691,144.5665513792 -37.6923735166,144.5665476246 -37.6923491024,144.5665406007 -37.6923247821,144.5665326483 -37.6923008116,144.5665231352 -37.6922747976,144.5665116873 -37.6922492337,144.5664985987 -37.6922241464,144.5664841633 -37.6921995626,144.5664625731 -37.6921666730,144.5664390238 -37.6921345927,144.5664137223 -37.6921033469,144.5663868752 -37.6920729608,144.5663606002 -37.6920463129,144.5663326538 -37.6920207100,144.5663038869 -37.6919956307,144.5662751504 -37.6919705533,144.5662336014 -37.6919344462,144.5661914856 -37.6918987448,144.5661494217 -37.6918630070,144.5661143178 -37.6918324752)
11496		1	1		73.491	POINT(144.5664807219 -37.6919318729)	LINESTRING(144.5668144706 -37.6919505490,144.5668083065 -37.6919666747,144.5667972349 -37.6919812469,144.5667822846 -37.6919943245,144.5667644844 -37.6920059659,144.5667448631 -37.6920162300,144.5667244495 -37.6920251753,144.5667042725 -37.6920328606,144.5666811949 -37.6920397880,144.5666571683 -37.6920445866,144.5666324555 -37.6920475188,144.5666073190 -37.6920488475,144.5665820214 -37.6920488354,144.5665568255 -37.6920477451,144.5665319939 -37.6920458393,144.5665127255 -37.6920435758,144.5664936147 -37.6920403309,144.5664747316 -37.6920361692,144.5664561466 -37.6920311551,144.5664379302 -37.6920253534,144.5664201525 -37.6920188285,144.5664028839 -37.6920116450,144.5663836104 -37.6920023192,144.5663652252 -37.6919919210,144.5663475697 -37.6919806690,144.5663304853 -37.6919687813,144.5663138135 -37.6919564764,144.5662973957 -37.6919439726,144.5662810732 -37.6919314882,144.5662601349 -37.6919150171,144.5662398341 -37.6918980542,144.5662200161 -37.6918807200,144.5662005263 -37.6918631350,144.5661812101 -37.6918454198,144.5661619130 -37.6918276949,144.5661420901 -37.6918098533)
11497		1	1		20.937	POINT(144.5668528038 -37.6920547028)	LINESTRING(144.5668726542 -37.6919618767,144.5668329993 -37.6921476468)
11498		1	1		12.582	POINT(144.5668029744 -37.6923032062)	LINESTRING(144.5668141823 -37.6922471203,144.5667916889 -37.6923589358)
11499		1	1		30.961	POINT(144.5669464239 -37.6922810742)	LINESTRING(144.5670903739 -37.6922096303,144.5670653973 -37.6922213117,144.5670381902 -37.6922319394,144.5670095150 -37.6922418866,144.5669801337 -37.6922515265,144.5669508088 -37.6922612324,144.5669223025 -37.6922713774,144.5668953770 -37.6922823349,144.5668707946 -37.6922944780,144.5668493175 -37.6923081800,144.5668317081 -37.6923238140,144.5668187285 -37.6923417533,144.5668111411 -37.6923623711)
11500		1	1		6.859	POINT(144.5672905699 -37.6921004339)	LINESTRING(144.5673197896 -37.6920799415,144.5672609914 -37.6921204980)
11501		1	1		5.640	POINT(144.5672613663 -37.6920576666)	LINESTRING(144.5672857668 -37.6920411026,144.5672350744 -37.6920721919)
11502		1	1		30.867	POINT(144.5668048700 -37.6920069339)	LINESTRING(144.5669219173 -37.6920944270,144.5669119642 -37.6920926393,144.5669020088 -37.6920903791,144.5668920750 -37.6920876646,144.5668821868 -37.6920845141,144.5668723681 -37.6920809456,144.5668626428 -37.6920769775,144.5668530347 -37.6920726278,144.5668435679 -37.6920679148,144.5668342661 -37.6920628566,144.5668251533 -37.6920574714,144.5668162535 -37.6920517775,144.5668075905 -37.6920457929,144.5667991881 -37.6920395359,144.5667910705 -37.6920330247,144.5667832613 -37.6920262773,144.5667757846 -37.6920193122,144.5667686642 -37.6920121473,144.5667619241 -37.6920048009,144.5667555882 -37.6919972912,144.5667496803 -37.6919896364,144.5667442244 -37.6919818545,144.5667392443 -37.6919739640,144.5667347641 -37.6919659828,144.5667308075 -37.6919579292,144.5667273986 -37.6919498214,144.5667245611 -37.6919416776,144.5667223191 -37.6919335159,144.5667206963 -37.6919253545,144.5667197168 -37.6919172116,144.5667194044 -37.6919091055,144.5667197831 -37.6919010542,144.5667208766 -37.6918930760)
11503	Western Fwy	3	1		23.674	POINT(144.5720628545 -37.6909464661)	LINESTRING(144.5721956748 -37.6909643199,144.5719302800 -37.6909285548)
11504	Western Fwy	2	2		21.218	POINT(144.5728742028 -37.6910429313)	LINESTRING(144.5729929247 -37.6910592560,144.5727551746 -37.6910266791)
11505		3	1		26.343	POINT(144.5720395335 -37.6910031249)	LINESTRING(144.5721882170 -37.6910111985,144.5718893434 -37.6909950982)
11506		1	1		11.776	POINT(144.5711671432 -37.6909589954)	LINESTRING(144.5712336818 -37.6909622138,144.5711000086 -37.6909558076)
11507		1	1		13.251	POINT(144.5679104868 -37.6916798690)	LINESTRING(144.5679723056 -37.6916456271,144.5678496866 -37.6917149436)
11508	Western Fwy	3	1		15.015	POINT(144.5620663420 -37.6897853537)	LINESTRING(144.5621515203 -37.6897923108,144.5619816881 -37.6897783750)
11509	Western Fwy	3	1		5.416	POINT(144.5598370176 -37.6895465528)	LINESTRING(144.5598672762 -37.6895499134,144.5598062639 -37.6895432867)
11510		1	1		10.755	POINT(144.5628130324 -37.6899759453)	LINESTRING(144.5628717293 -37.6899888090,144.5627537677 -37.6899632497)
11511		3	1		16.802	POINT(144.5620640324 -37.6898387552)	LINESTRING(144.5621572298 -37.6898529616,144.5619695130 -37.6898247421)
11512		1	1		1.001	POINT(144.5494920090 -37.6861758315)	LINESTRING(144.5494911647 -37.6861804123,144.5494928892 -37.6861715034)
11513		1	1		1.033	POINT(144.5483826128 -37.6916388621)	LINESTRING(144.5483812221 -37.6916434154,144.5483840577 -37.6916343992)
11514		1	1		1.001	POINT(144.5484083183 -37.6917240616)	LINESTRING(144.5484096052 -37.6917195901,144.5484069982 -37.6917283630)
11515		1	1		1.025	POINT(144.5495437267 -37.6862012908)	LINESTRING(144.5495446254 -37.6861967259,144.5495428213 -37.6862058385)
11516		1	1		7.205	POINT(144.5257426280 -37.6868808009)	LINESTRING(144.5257015751 -37.6868839008,144.5257831303 -37.6868776799)
11517		1	1		6.918	POINT(144.5245147391 -37.6870207866)	LINESTRING(144.5245538764 -37.6870189427,144.5244753417 -37.6870226187)
11518		1	1		42.377	POINT(144.5309217315 -37.6862964033)	LINESTRING(144.5311626910 -37.6862939332,144.5306808271 -37.6862988738)
11519		1	1		3.842	POINT(144.5323486892 -37.6862855454)	LINESTRING(144.5323707173 -37.6862851122,144.5323270440 -37.6862859747)
11520		1	1		39.762	POINT(144.5309878840 -37.6862301916)	LINESTRING(144.5307626013 -37.6862425037,144.5312137030 -37.6862179076)
11521		1	1		18.924	POINT(144.5308458460 -37.6861959121)	LINESTRING(144.5307609525 -37.6862426154,144.5307899846 -37.6862381067,144.5308185809 -37.6862289467,144.5308455677 -37.6862158197,144.5308697711 -37.6861994100,144.5308900173 -37.6861804018,144.5309051325 -37.6861594793,144.5309139429 -37.6861373269)
11523		1	1		28.538	POINT(144.5310266288 -37.6862054488)	LINESTRING(144.5311594122 -37.6862624991,144.5311487078 -37.6862625354,144.5311375546 -37.6862621547,144.5311260211 -37.6862613659,144.5311141757 -37.6862601781,144.5311020870 -37.6862586004,144.5310898235 -37.6862566417,144.5310774535 -37.6862543112,144.5310650457 -37.6862516178,144.5310526683 -37.6862485705,144.5310403901 -37.6862451785,144.5310282793 -37.6862414508,144.5310164045 -37.6862373963,144.5310048342 -37.6862330241,144.5309936368 -37.6862283433,144.5309828808 -37.6862233629,144.5309726347 -37.6862180919,144.5309629670 -37.6862125394,144.5309539461 -37.6862067144,144.5309456405 -37.6862006259,144.5309381187 -37.6861942829,144.5309314492 -37.6861876946,144.5309257005 -37.6861808699,144.5309209409 -37.6861738178,144.5309172391 -37.6861665475,144.5309146634 -37.6861590679,144.5309132824 -37.6861513881,144.5309131645 -37.6861435170,144.5309143782 -37.6861354639)
11524		1	1		16.594	POINT(144.5311225170 -37.6861992032)	LINESTRING(144.5310477798 -37.6861702770,144.5310506931 -37.6861755742,144.5310542617 -37.6861804878,144.5310584443 -37.6861850310,144.5310631996 -37.6861892166,144.5310684863 -37.6861930577,144.5310742630 -37.6861965673,144.5310804885 -37.6861997584,144.5310871215 -37.6862026440,144.5310941206 -37.6862052370,144.5311014445 -37.6862075504,144.5311090520 -37.6862095973,144.5311169017 -37.6862113906,144.5311249523 -37.6862129433,144.5311331625 -37.6862142684,144.5311414911 -37.6862153789,144.5311498966 -37.6862162879,144.5311583379 -37.6862170081,144.5311667735 -37.6862175528,144.5311751622 -37.6862179348,144.5311834627 -37.6862181672,144.5311916336 -37.6862182629,144.5311996338 -37.6862182350,144.5312074217 -37.6862180963,144.5312149562 -37.6862178600)
11527		1	1		22.900	POINT(144.5495205666 -37.6854291407)	LINESTRING(144.5494811652 -37.6855281310,144.5494857744 -37.6855139597,144.5494905480 -37.6854998198,144.5494954830 -37.6854857122,144.5495005769 -37.6854716378,144.5495058267 -37.6854575976,144.5495112296 -37.6854435924,144.5495167830 -37.6854296232,144.5495224841 -37.6854156910,144.5495283299 -37.6854017965,144.5495343179 -37.6853879408,144.5495404452 -37.6853741247,144.5495467090 -37.6853603493,144.5495531065 -37.6853466153,144.5495606091 -37.6853320181)
11528		1	1		29.788	POINT(144.5494683636 -37.6854384588)	LINESTRING(144.5493616118 -37.6855350014,144.5493834214 -37.6855305041,144.5494037264 -37.6855234486,144.5494226059 -37.6855140966,144.5494401392 -37.6855027100,144.5494564055 -37.6854895506,144.5494714840 -37.6854748801,144.5494854540 -37.6854589604,144.5494983946 -37.6854420533,144.5495103851 -37.6854244205,144.5495215046 -37.6854063239,144.5495318325 -37.6853880252,144.5495414478 -37.6853697863,144.5495504299 -37.6853518689,144.5495606091 -37.6853320181)
11529		1	1		20.780	POINT(144.5494658908 -37.6854933027)	LINESTRING(144.5493614721 -37.6855350208,144.5493776367 -37.6855319691,144.5493932303 -37.6855275382,144.5494083488 -37.6855219615,144.5494230880 -37.6855154717,144.5494375437 -37.6855083022,144.5494518118 -37.6855006859,144.5494659881 -37.6854928558,144.5494801684 -37.6854850452,144.5494944486 -37.6854774870,144.5495089245 -37.6854704143,144.5495236919 -37.6854640601,144.5495388466 -37.6854586577,144.5495544845 -37.6854544399,144.5495707014 -37.6854516400)
11530		1	1		13.249	POINT(144.5495265787 -37.6856685341)	LINESTRING(144.5495896944 -37.6856991112,144.5495863117 -37.6856988586,144.5495829242 -37.6856985033,144.5495795352 -37.6856980475,144.5495761479 -37.6856974935,144.5495727658 -37.6856968436,144.5495693919 -37.6856961000,144.5495660297 -37.6856952652,144.5495626825 -37.6856943412,144.5495593534 -37.6856933305,144.5495560459 -37.6856922353,144.5495527631 -37.6856910578,144.5495495084 -37.6856898004,144.5495462850 -37.6856884653,144.5495430963 -37.6856870547,144.5495399455 -37.6856855711,144.5495368359 -37.6856840166,144.5495337708 -37.6856823936,144.5495307535 -37.6856807042,144.5495277873 -37.6856789509,144.5495248754 -37.6856771358,144.5495220212 -37.6856752612,144.5495192279 -37.6856733295,144.5495164988 -37.6856713429,144.5495138372 -37.6856693036,144.5495112465 -37.6856672140,144.5495087298 -37.6856650764,144.5495062904 -37.6856628929,144.5495039317 -37.6856606659,144.5495016570 -37.6856583977,144.5494994695 -37.6856560906,144.5494973725 -37.6856537467,144.5494953692 -37.6856513685,144.5494934631 -37.6856489581,144.5494916573 -37.6856465179,144.5494899552 -37.6856440502,144.5494883601 -37.6856415571,144.5494868751 -37.6856390410,144.5494855037 -37.6856365042,144.5494842491 -37.6856339490,144.5494831145 -37.6856313775,144.5494821034 -37.6856287922,144.5494812189 -37.6856261952)
11531		1	1		14.404	POINT(144.5495002788 -37.6856911612)	LINESTRING(144.5495201753 -37.6857526114,144.5495125484 -37.6857376713,144.5495064229 -37.6857223202,144.5495014464 -37.6857066541,144.5494972662 -37.6856907690,144.5494935300 -37.6856747610,144.5494898851 -37.6856587260,144.5494859792 -37.6856427602,144.5494814597 -37.6856269595)
11532		1	1		19.698	POINT(144.5494472912 -37.6856937413)	LINESTRING(144.5495213989 -37.6857547292,144.5495087430 -37.6857353782,144.5494934212 -37.6857165512,144.5494756821 -37.6856987259,144.5494557743 -37.6856823804,144.5494339463 -37.6856679926,144.5494104466 -37.6856560404,144.5493855238 -37.6856470018,144.5493594265 -37.6856413547)
11536		1	1		33.029	POINT(144.5498457812 -37.6854233711)	LINESTRING(144.5497059056 -37.6853434103,144.5497088967 -37.6853530197,144.5497128719 -37.6853623411,144.5497177832 -37.6853713704,144.5497235826 -37.6853801041,144.5497302220 -37.6853885381,144.5497376536 -37.6853966688,144.5497458292 -37.6854044922,144.5497547009 -37.6854120045,144.5497642207 -37.6854192020,144.5497743406 -37.6854260807,144.5497850126 -37.6854326368,144.5497961886 -37.6854388666,144.5498078208 -37.6854447662,144.5498198610 -37.6854503317,144.5498322613 -37.6854555593,144.5498449737 -37.6854604452,144.5498579501 -37.6854649857,144.5498711426 -37.6854691767,144.5498845032 -37.6854730146,144.5498979839 -37.6854764954,144.5499115367 -37.6854796154,144.5499251135 -37.6854823707,144.5499386664 -37.6854847575,144.5499521473 -37.6854867720,144.5499655084 -37.6854884103,144.5499787015 -37.6854896686,144.5499916786 -37.6854905431,144.5500043919 -37.6854910299)
11537		1	1		17.063	POINT(144.5497280407 -37.6854178737)	LINESTRING(144.5497054075 -37.6853414539,144.5497067218 -37.6853468102,144.5497079554 -37.6853522020,144.5497091211 -37.6853576246,144.5497102314 -37.6853630732,144.5497112992 -37.6853685428,144.5497123370 -37.6853740288,144.5497133575 -37.6853795263,144.5497143734 -37.6853850304,144.5497153975 -37.6853905365,144.5497164423 -37.6853960396,144.5497175206 -37.6854015350,144.5497186451 -37.6854070179,144.5497198284 -37.6854124834,144.5497210831 -37.6854179267,144.5497224221 -37.6854233430,144.5497238580 -37.6854287276,144.5497254034 -37.6854340755,144.5497270710 -37.6854393821,144.5497288735 -37.6854446424,144.5497308236 -37.6854498517,144.5497329340 -37.6854550052,144.5497352174 -37.6854600980,144.5497376864 -37.6854651253,144.5497403537 -37.6854700824,144.5497432320 -37.6854749643,144.5497463340 -37.6854797664,144.5497496723 -37.6854844838,144.5497532597 -37.6854891117)
11542		1	1		22.265	POINT(144.5497444692 -37.6856888829)	LINESTRING(144.5497924287 -37.6855942724,144.5497908544 -37.6856106291,144.5497873200 -37.6856267115,144.5497820512 -37.6856425371,144.5497752735 -37.6856581236,144.5497672127 -37.6856734882,144.5497580942 -37.6856886487,144.5497481437 -37.6857036225,144.5497375868 -37.6857184270,144.5497266493 -37.6857330799,144.5497155565 -37.6857475985,144.5497045343 -37.6857620005,144.5496938082 -37.6857763033)
11544		1	1		21.897	POINT(144.5497986626 -37.6856393363)	LINESTRING(144.5499051259 -37.6855890053,144.5498984096 -37.6855896940,144.5498918346 -37.6855906974,144.5498853931 -37.6855919983,144.5498790770 -37.6855935797,144.5498728783 -37.6855954246,144.5498667890 -37.6855975157,144.5498608013 -37.6855998362,144.5498549070 -37.6856023689,144.5498490981 -37.6856050967,144.5498433668 -37.6856080026,144.5498377050 -37.6856110694,144.5498321047 -37.6856142802,144.5498265580 -37.6856176179,144.5498210569 -37.6856210653,144.5498155933 -37.6856246055,144.5498101593 -37.6856282213,144.5498047469 -37.6856318957,144.5497993481 -37.6856356116,144.5497939550 -37.6856393519,144.5497885595 -37.6856430996,144.5497831537 -37.6856468376,144.5497777295 -37.6856505489,144.5497722790 -37.6856542162,144.5497667943 -37.6856578227,144.5497612672 -37.6856613512,144.5497556899 -37.6856647846,144.5497500544 -37.6856681059,144.5497443526 -37.6856712980,144.5497385766 -37.6856743439,144.5497327184 -37.6856772264,144.5497267700 -37.6856799285,144.5497207234 -37.6856824331,144.5497145706 -37.6856847232,144.5497083037 -37.6856867817,144.5497019147 -37.6856885915,144.5496953956 -37.6856901355)
11549		1	1		21.426	POINT(144.5494731151 -37.6856702691)	LINESTRING(144.5495898933 -37.6856991213,144.5495558852 -37.6856950057,144.5495226665 -37.6856875346,144.5494899862 -37.6856778927,144.5494575285 -37.6856672591,144.5494249775 -37.6856568128,144.5493920174 -37.6856477329,144.5493583323 -37.6856411987)
11550		1	1		14.464	POINT(144.5497506101 -37.6856490928)	LINESTRING(144.5497924287 -37.6855942724,144.5497882572 -37.6856148535,144.5497777803 -37.6856349619,144.5497621220 -37.6856535720,144.5497424062 -37.6856696582,144.5497197569 -37.6856821948,144.5496952981 -37.6856901563)
11551		1	1		28.533	POINT(144.5498436587 -37.6854712883)	LINESTRING(144.5496846445 -37.6854513639,144.5497303545 -37.6854574637,144.5497759612 -37.6854643934,144.5498215346 -37.6854715689,144.5498671448 -37.6854784057,144.5499128618 -37.6854843197,144.5499587557 -37.6854887264,144.5500048965 -37.6854910416)
11552		1	1		12.937	POINT(144.5480974043 -37.6922049187)	LINESTRING(144.5480533108 -37.6922488394,144.5480599421 -37.6922328113,144.5480711007 -37.6922179322,144.5480859324 -37.6922044937,144.5481035831 -37.6921927875,144.5481231986 -37.6921831054,144.5481439248 -37.6921757391,144.5481557369 -37.6921724588)
11553		1	1		13.396	POINT(144.5480953205 -37.6921787441)	LINESTRING(144.5480294198 -37.6922096074,144.5480500025 -37.6922049615,144.5480701819 -37.6921982815,144.5480894792 -37.6921897311,144.5481074161 -37.6921794737,144.5481235136 -37.6921676730,144.5481372933 -37.6921544926,144.5481482765 -37.6921400959)
11554		1	1		14.731	POINT(144.5481002784 -37.6921916266)	LINESTRING(144.5480536920 -37.6922472985,144.5480609982 -37.6922298649,144.5480728324 -37.6922140162,144.5480877279 -37.6921992110,144.5481042179 -37.6921849083,144.5481208356 -37.6921705669,144.5481361142 -37.6921556457,144.5481485869 -37.6921396035)
11555		1	1		12.198	POINT(144.5480943620 -37.6921906834)	LINESTRING(144.5480295003 -37.6922095934,144.5480485231 -37.6922054254,144.5480670755 -37.6921999702,144.5480853490 -37.6921937555,144.5481035352 -37.6921873089,144.5481218258 -37.6921811580,144.5481404123 -37.6921758306,144.5481594863 -37.6921718543)
11556		1	1		8.651	POINT(144.5480794900 -37.6923780024)	LINESTRING(144.5481166605 -37.6924011346,144.5481061101 -37.6923964130,144.5480959364 -37.6923908619,144.5480863278 -37.6923845553,144.5480774728 -37.6923775675,144.5480695597 -37.6923699725,144.5480627770 -37.6923618445,144.5480573132 -37.6923532575,144.5480533570 -37.6923442857)
11557		1	1		14.245	POINT(144.5480521718 -37.6923712701)	LINESTRING(144.5480971128 -37.6924244827,144.5480928423 -37.6924145564,144.5480876934 -37.6924047686,144.5480817112 -37.6923951768,144.5480749406 -37.6923858386,144.5480674270 -37.6923768114,144.5480592153 -37.6923681529,144.5480503506 -37.6923599205,144.5480408782 -37.6923521718,144.5480308431 -37.6923449643,144.5480202903 -37.6923383556,144.5480092651 -37.6923324031,144.5479978125 -37.6923271646)
11558		1	1		9.858	POINT(144.5480752244 -37.6923853556)	LINESTRING(144.5480975943 -37.6924257415,144.5480533454 -37.6923442389)
11559		1	1		13.488	POINT(144.5480556522 -37.6923642834)	LINESTRING(144.5481166605 -37.6924011346,144.5480902373 -37.6923896828,144.5480668084 -37.6923741249,144.5480445805 -37.6923568435,144.5480217603 -37.6923402209,144.5479965544 -37.6923266395)
11560		1	1		14.769	POINT(144.5483023323 -37.6923851358)	LINESTRING(144.5483531971 -37.6923393688,144.5483454728 -37.6923566130,144.5483332292 -37.6923732344,144.5483172883 -37.6923884496,144.5482984719 -37.6924014755,144.5482776019 -37.6924115287,144.5482555002 -37.6924178261,144.5482329888 -37.6924195844)
11561		1	1		17.172	POINT(144.5483012486 -37.6924040943)	LINESTRING(144.5483531971 -37.6923393688,144.5483435995 -37.6923595675,144.5483289158 -37.6923780495,144.5483111456 -37.6923954946,144.5482922884 -37.6924125825,144.5482743438 -37.6924299931,144.5482593112 -37.6924484062,144.5482491904 -37.6924685015)
11562		1	1		16.706	POINT(144.5483184722 -37.6923871705)	LINESTRING(144.5484006899 -37.6923545131,144.5483752711 -37.6923608239,144.5483513431 -37.6923713891,144.5483282896 -37.6923842526,144.5483054942 -37.6923974583,144.5482823407 -37.6924090501,144.5482582128 -37.6924170718,144.5482324943 -37.6924195673)
11563		1	1		11.106	POINT(144.5483098152 -37.6922039510)	LINESTRING(144.5482590874 -37.6921753545,144.5482754422 -37.6921808159,144.5482911946 -37.6921878963,144.5483059964 -37.6921964265,144.5483194995 -37.6922062371,144.5483313558 -37.6922171587,144.5483412171 -37.6922290222,144.5483487352 -37.6922416582)
11564		1	1		10.803	POINT(144.5483292066 -37.6921969367)	LINESTRING(144.5483102468 -37.6921497309,144.5483137839 -37.6921632861,144.5483183568 -37.6921766467,144.5483237387 -37.6921898501,144.5483297029 -37.6922029337,144.5483360227 -37.6922159348,144.5483424714 -37.6922288908,144.5483488088 -37.6922418429)
11565		1	1		15.393	POINT(144.5483321600 -37.6922111117)	LINESTRING(144.5482574258 -37.6921748929,144.5482801198 -37.6921827636,144.5483014868 -37.6921927849,144.5483220182 -37.6922041755,144.5483422055 -37.6922161543,144.5483625401 -37.6922279401,144.5483835135 -37.6922387517,144.5484056171 -37.6922478081)
11567		1	1		12.520	POINT(144.5495196547 -37.6854841623)	LINESTRING(144.5494809736 -37.6855287810,144.5494835898 -37.6855213117,144.5494870180 -37.6855138361,144.5494912104 -37.6855064300,144.5494961191 -37.6854991693,144.5495016962 -37.6854921296,144.5495078939 -37.6854853868,144.5495146644 -37.6854790167,144.5495219598 -37.6854730951,144.5495297322 -37.6854676978,144.5495379338 -37.6854629007,144.5495465167 -37.6854587795,144.5495554331 -37.6854554099,144.5495646352 -37.6854528680,144.5495740750 -37.6854512293)
11568		1	1		7.762	POINT(144.5497256909 -37.6854671546)	LINESTRING(144.5496837639 -37.6854512583,144.5496897956 -37.6854521778,144.5496957645 -37.6854534695,144.5497016472 -37.6854551118,144.5497074207 -37.6854570830,144.5497130618 -37.6854593615,144.5497185473 -37.6854619256,144.5497238541 -37.6854647537,144.5497289590 -37.6854678242,144.5497338389 -37.6854711152,144.5497384705 -37.6854746053,144.5497428309 -37.6854782727,144.5497468967 -37.6854820958,144.5497506449 -37.6854860529,144.5497540522 -37.6854901224)
11573		1	1		18.281	POINT(144.5666532944 -37.6934366482)	LINESTRING(144.5665988860 -37.6933730684,144.5665979609 -37.6933856163,144.5666001971 -37.6933982349,144.5666052681 -37.6934107378,144.5666128473 -37.6934229385,144.5666226080 -37.6934346504,144.5666342236 -37.6934456871,144.5666473676 -37.6934558621,144.5666617133 -37.6934649889,144.5666769342 -37.6934728809,144.5666927037 -37.6934793517,144.5667086950 -37.6934842148,144.5667245817 -37.6934872836)
11575		1	1		13.622	POINT(144.5677957276 -37.6874605161)	LINESTRING(144.5677644287 -37.6874065665,144.5677643492 -37.6874261256,144.5677708376 -37.6874464559,144.5677828806 -37.6874658498,144.5677994647 -37.6874825993,144.5678195767 -37.6874949965,144.5678422031 -37.6875013336)
11576		1	1		43.344	POINT(144.5675291752 -37.6876427234)	LINESTRING(144.5674132494 -37.6874907403,144.5674316094 -37.6874938257,144.5674492455 -37.6874985073,144.5674661442 -37.6875046876,144.5674822915 -37.6875122696,144.5674976738 -37.6875211557,144.5675122772 -37.6875312487,144.5675260879 -37.6875424513,144.5675390923 -37.6875546662,144.5675512764 -37.6875677961,144.5675626266 -37.6875817436,144.5675731290 -37.6875964115,144.5675827698 -37.6876117024,144.5675915354 -37.6876275191,144.5675994119 -37.6876437642,144.5676063855 -37.6876603404,144.5676124424 -37.6876771504,144.5676175690 -37.6876940969,144.5676217513 -37.6877110826,144.5676249756 -37.6877280101,144.5676272282 -37.6877447823,144.5676284953 -37.6877613017,144.5676287630 -37.6877774710,144.5676280176 -37.6877931930,144.5676262454 -37.6878083703)
11581		1	1		5.847	POINT(144.5670639439 -37.6883543361)	LINESTRING(144.5670422244 -37.6883677640,144.5670461121 -37.6883659267,144.5670509307 -37.6883635685,144.5670557686 -37.6883611893,144.5670606365 -37.6883588295,144.5670655446 -37.6883565298,144.5670705035 -37.6883543307,144.5670755236 -37.6883522729,144.5670806154 -37.6883503969,144.5670857893 -37.6883487432,144.5670910557 -37.6883473525,144.5670964251 -37.6883462653,144.5671019079 -37.6883455222)
11585		1	1		23.504	POINT(144.5423903629 -37.6859688925)	LINESTRING(144.5422571741 -37.6859765399,144.5422952361 -37.6859741446,144.5423333102 -37.6859718740,144.5423713933 -37.6859696957,144.5424094823 -37.6859675772,144.5424475739 -37.6859654861,144.5424856650 -37.6859633897,144.5425237523 -37.6859612556)
11586		1	1		23.843	POINT(144.5424024844 -37.6860057803)	LINESTRING(144.5425379708 -37.6860001653,144.5424993173 -37.6860021066,144.5424606286 -37.6860036165,144.5424219207 -37.6860048867,144.5423832096 -37.6860061090,144.5423445111 -37.6860074753,144.5423058415 -37.6860091773,144.5422672164 -37.6860114069)
11587		1	1		12.438	POINT(144.5423299075 -37.6860333231)	LINESTRING(144.5423749169 -37.6860685444,144.5423704192 -37.6860544459,144.5423599595 -37.6860417432,144.5423449111 -37.6860307875,144.5423266673 -37.6860219291,144.5423066211 -37.6860155184,144.5422861659 -37.6860119057,144.5422666948 -37.6860114415)
11588		1	1		18.468	POINT(144.5423448408 -37.6860140674)	LINESTRING(144.5422569295 -37.6859765558,144.5422856783 -37.6859774724,144.5423156136 -37.6859833625,144.5423447761 -37.6859935846,144.5423712064 -37.6860074973,144.5423929450 -37.6860244590,144.5424080324 -37.6860438282,144.5424145195 -37.6860649630)
11589		1	1		12.834	POINT(144.5424686987 -37.6860415640)	LINESTRING(144.5425414083 -37.6860315484,144.5425202185 -37.6860324081,144.5424963407 -37.6860333131,144.5424720020 -37.6860350473,144.5424494293 -37.6860383948,144.5424308497 -37.6860441394,144.5424184904 -37.6860530652,144.5424146015 -37.6860659549)
11590		1	1		19.065	POINT(144.5424405470 -37.6860067467)	LINESTRING(144.5423747964 -37.6860669853,144.5423783930 -37.6860447321,144.5423910780 -37.6860236369,144.5424109304 -37.6860044350,144.5424360371 -37.6859878611,144.5424644853 -37.6859746500,144.5424943621 -37.6859655365,144.5425237545 -37.6859612555)
11591		1	1		11.731	POINT(144.5438981822 -37.6859186698)	LINESTRING(144.5439648409 -37.6859162989,144.5439458253 -37.6859172509,144.5439267877 -37.6859179151,144.5439077370 -37.6859184094,144.5438886825 -37.6859188515,144.5438696332 -37.6859193595,144.5438505982 -37.6859200511,144.5438315866 -37.6859210441)
11592		1	1		25.464	POINT(144.5439026062 -37.6858775415)	LINESTRING(144.5437586368 -37.6858896711,144.5437998403 -37.6858868394,144.5438409723 -37.6858833848,144.5438820612 -37.6858795542,144.5439231355 -37.6858755945,144.5439642234 -37.6858717527,144.5440053533 -37.6858682757,144.5440465535 -37.6858654104)
11594		1	1		15.517	POINT(144.5438295764 -37.6858585485)	LINESTRING(144.5437556873 -37.6858898454,144.5437801432 -37.6858868233,144.5438059533 -37.6858806784,144.5438311293 -37.6858716945,144.5438536829 -37.6858601552,144.5438716258 -37.6858463440,144.5438829699 -37.6858305446,144.5438857268 -37.6858130407)
11595		1	1		12.309	POINT(144.5439861096 -37.6858423909)	LINESTRING(144.5439423771 -37.6858065487,144.5439472688 -37.6858206251,144.5439576195 -37.6858334917,144.5439721975 -37.6858447381,144.5439897709 -37.6858539540,144.5440091082 -37.6858607290,144.5440289774 -37.6858646527,144.5440481470 -37.6858653147)
11596		1	1		14.499	POINT(144.5439169709 -37.6858722017)	LINESTRING(144.5439663865 -37.6859162066,144.5439462742 -37.6859136012,144.5439291751 -37.6859042869,144.5439150032 -37.6858898960,144.5439036725 -37.6858720610,144.5438950971 -37.6858524142,144.5438891910 -37.6858325880,144.5438858682 -37.6858142148)
11597		1	1		17.354	POINT(144.5438949404 -37.6858715916)	LINESTRING(144.5439425362 -37.6858078698,144.5439413118 -37.6858289680,144.5439334136 -37.6858505266,144.5439198917 -37.6858712851,144.5439017964 -37.6858899829,144.5438801779 -37.6859053596,144.5438560864 -37.6859161545,144.5438305723 -37.6859211072)
11598		1	1		22.578	POINT(144.5468489527 -37.6856877995)	LINESTRING(144.5467209838 -37.6856947008,144.5467575455 -37.6856923976,144.5467941304 -37.6856903357,144.5468307309 -37.6856884371,144.5468673397 -37.6856866235,144.5469039494 -37.6856848166,144.5469405526 -37.6856829384,144.5469771419 -37.6856809106)
11599		1	1		22.963	POINT(144.5468563454 -37.6857316365)	LINESTRING(144.5469865028 -37.6857219278,144.5469493222 -37.6857243184,144.5469121656 -37.6857269314,144.5468750270 -37.6857297109,144.5468379003 -37.6857326007,144.5468007797 -37.6857355448,144.5467636592 -37.6857384872,144.5467265327 -37.6857413718)
11600		1	1		13.144	POINT(144.5467652285 -37.6856570713)	LINESTRING(144.5467181219 -37.6856948926,144.5467370400 -37.6856908410,144.5467542219 -37.6856820407,144.5467691472 -37.6856695793,144.5467812954 -37.6856545446,144.5467901461 -37.6856380240,144.5467951789 -37.6856211053,144.5467958733 -37.6856048760)
11601		1	1		16.040	POINT(144.5469058746 -37.6856460115)	LINESTRING(144.5468490189 -37.6855981311,144.5468548785 -37.6856168049,144.5468674716 -37.6856344137,144.5468853600 -37.6856502202,144.5469071054 -37.6856634872,144.5469312697 -37.6856734777,144.5469564144 -37.6856794544,144.5469811015 -37.6856806802)
11602		1	1		20.898	POINT(144.5467950556 -37.6856771974)	LINESTRING(144.5468490615 -37.6855985315,144.5468479223 -37.6856243096,144.5468398259 -37.6856511122,144.5468256235 -37.6856772539,144.5468061661 -37.6857010494,144.5467823051 -37.6857208135,144.5467548916 -37.6857348607,144.5467247768 -37.6857415059)
11603		1	1		23.044	POINT(144.5468824094 -37.6856700313)	LINESTRING(144.5469872398 -37.6857218830,144.5469516979 -37.6857202802,144.5469153504 -37.6857119606,144.5468803218 -37.6856979351,144.5468487366 -37.6856792149,144.5468227193 -37.6856568108,144.5468043942 -37.6856317341,144.5467958860 -37.6856049957)
11604		1	1		1.001	POINT(144.5677751029 -37.6870491241)	LINESTRING(144.5677759885 -37.6870446726,144.5677742172 -37.6870535756)
11605		1	1		1.001	POINT(144.5673395830 -37.6887815257)	LINESTRING(144.5673388826 -37.6887859978,144.5673402834 -37.6887770537)
11607		1	1		1.063	POINT(144.5669963110 -37.6874244884)	LINESTRING(144.5669904616 -37.6874236183,144.5670023579 -37.6874253090)
11608	Western Fwy	1	1		1.002	POINT(144.5669112326 -37.6916667690)	LINESTRING(144.5669121183 -37.6916623178,144.5669103468 -37.6916712203)
11609		1	1		29.194	POINT(144.5497931908 -37.6856787726)	LINESTRING(144.5499075569 -37.6855888171,144.5498964018 -37.6855900667,144.5498856277 -37.6855920338,144.5498752207 -37.6855946821,144.5498651669 -37.6855979756,144.5498554525 -37.6856018779,144.5498460634 -37.6856063529,144.5498369858 -37.6856113645,144.5498282058 -37.6856168764,144.5498197095 -37.6856228526,144.5498114830 -37.6856292567,144.5498035123 -37.6856360526,144.5497957836 -37.6856432041,144.5497882830 -37.6856506751,144.5497809965 -37.6856584293,144.5497739103 -37.6856664307,144.5497670104 -37.6856746429,144.5497602830 -37.6856830299,144.5497537141 -37.6856915554,144.5497472898 -37.6857001833,144.5497409962 -37.6857088773,144.5497348195 -37.6857176013,144.5497287457 -37.6857263192,144.5497227609 -37.6857349947,144.5497168512 -37.6857435916,144.5497110027 -37.6857520738,144.5497052015 -37.6857604051,144.5496994336 -37.6857685493,144.5496936853 -37.6857764702)
11611		1	1		14.141	POINT(144.5483525075 -37.6922048333)	LINESTRING(144.5483104696 -37.6921507654,144.5483159801 -37.6921679689,144.5483248131 -37.6921847490,144.5483365860 -37.6922006897,144.5483509163 -37.6922153752,144.5483674217 -37.6922283897,144.5483857195 -37.6922393174,144.5484054274 -37.6922477423)
11612		1	1		19.413	POINT(144.5483175782 -37.6924065002)	LINESTRING(144.5484011742 -37.6923544483,144.5483718909 -37.6923609146,144.5483438410 -37.6923718953,144.5483177902 -37.6923866728,144.5482945041 -37.6924045300,144.5482747485 -37.6924247493,144.5482592891 -37.6924466136,144.5482488914 -37.6924694055)
11619		1	1		16.164	POINT(144.7016942755 -37.7478027024)	LINESTRING(144.7017134740 -37.7477358588,144.7017013413 -37.7477539223,144.7016918545 -37.7477731337,144.7016848800 -37.7477931997,144.7016802848 -37.7478138272,144.7016779354 -37.7478347228,144.7016776986 -37.7478555933,144.7016794387 -37.7478762119)
11622	High St	139	1		1.001	POINT(144.6053580971 -37.6911241692)	LINESTRING(144.6053598069 -37.6911297595,144.6053538910 -37.6911220605)
11623	Hopkins Rd	1	1		1.001	POINT(144.7011807327 -37.7474908471)	LINESTRING(144.7011785566 -37.7474853240,144.7011841453 -37.7474931705)
11624	Hopkins Rd	1	1		2.967	POINT(144.7017547792 -37.7483826373)	LINESTRING(144.7017511809 -37.7483694629,144.7017585211 -37.7483955058)
11625	Hopkins Rd	1	1		1.942	POINT(144.7014972664 -37.7484279765)	LINESTRING(144.7015032144 -37.7484355330,144.7014908068 -37.7484210851)
11627		1	1		2.813	POINT(144.5664560337 -37.6886788975)	LINESTRING(144.5664416912 -37.6886852004,144.5664692299 -37.6886723257)
11629		1	1		6.589	POINT(144.5673951123 -37.6881593681)	LINESTRING(144.5673574726 -37.6881656638,144.5673751865 -37.6881637475,144.5673912443 -37.6881609961,144.5674054804 -37.6881571743,144.5674160894 -37.6881512395,144.5674212655 -37.6881421491)
11630		1	1		13.592	POINT(144.5674345024 -37.6881677412)	LINESTRING(144.5673576495 -37.6881656003,144.5674006836 -37.6881688594,144.5674350185 -37.6881717509,144.5674658180 -37.6881725649,144.5674888462 -37.6881673785,144.5674998674 -37.6881522686)
11631		1	1		42.097	POINT(144.5308548350 -37.6862323860)	LINESTRING(144.5310404920 -37.6861550961,144.5310339101 -37.6862102282,144.5309675712 -37.6862504167,144.5308656943 -37.6862774908,144.5307524988 -37.6862932798,144.5306500256 -37.6862996692)
11634	Leakes Rd	1	1		5.349	POINT(144.6515022737 -37.7228774893)	LINESTRING(144.6514890943 -37.7228991627,144.6515154690 -37.7228558077)
11635	Western Fwy	3	1		1.001	POINT(144.6176090831 -37.7000793642)	LINESTRING(144.6176132837 -37.7000823995,144.6176048824 -37.7000763289)
11636	Western Hwy	3	1		2.397	POINT(144.6645976723 -37.7314150203)	LINESTRING(144.6646085352 -37.7314214875,144.6645872676 -37.7314079976)
11637		1	1		41.080	POINT(144.6549849386 -37.7191281036)	LINESTRING(144.6551954151 -37.7190703235,144.6551178430 -37.7190677989,144.6550343559 -37.7190733345,144.6549524696 -37.7190880564,144.6548796996 -37.7191130910,144.6548235617 -37.7191495642,144.6547915715 -37.7191986024)
11638		1	1		39.169	POINT(144.6550459966 -37.7188773785)	LINESTRING(144.6548976571 -37.7187655524,144.6548998751 -37.7188163970,144.6549340501 -37.7188613421,144.6549911093 -37.7189005632,144.6550619568 -37.7189334219,144.6551374967 -37.7189592800,144.6552086330 -37.7189774993)
11639		1	1		40.254	POINT(144.6545553078 -37.7189073084)	LINESTRING(144.6545257306 -37.7190870342,144.6545344606 -37.7190270851,144.6545422521 -37.7189670083,144.6545505728 -37.7189069808,144.6545600499 -37.7188470944,144.6545713102 -37.7187874408,144.6545849810 -37.7187281116)
11640		1	1		49.869	POINT(144.6548054697 -37.7189766470)	LINESTRING(144.6548595703 -37.7187560575,144.6547512638 -37.7191963872)
11642	Leakes Rd	1	1		13.600	POINT(144.6546448290 -37.7195289384)	LINESTRING(144.6546658063 -37.7194697549,144.6546233615 -37.7195873923)
11643		1	1		12.863	POINT(144.6551930912 -37.7190248452)	LINESTRING(144.6552174727 -37.7190722137,144.6552074654 -37.7190690574,144.6551991397 -37.7190620570,144.6551925530 -37.7190521312,144.6551877628 -37.7190401987,144.6551848265 -37.7190271782,144.6551838013 -37.7190139884,144.6551847448 -37.7190015479,144.6551877144 -37.7189907756,144.6551927673 -37.7189825901,144.6551999610 -37.7189779101,144.6552093529 -37.7189776543)
12430		2	2		1.013	POINT(144.7407247666 -37.7628847315)	LINESTRING(144.7407224775 -37.7628805516,144.7407270556 -37.7628889114)
12431		3	1		0.651	POINT(144.7404596227 -37.7623454446)	LINESTRING(144.7404584914 -37.7623423890,144.7404612084 -37.7623478347)
12432		2	2		1.000	POINT(144.7409135786 -37.7632442820)	LINESTRING(144.7409110374 -37.7632402584,144.7409161198 -37.7632483056)
12433		3	1		0.987	POINT(144.6990394183 -37.7443431285)	LINESTRING(144.6990361487 -37.7443390660,144.6990443143 -37.7443451537)
12434		2	2		1.763	POINT(144.6994186486 -37.7445848949)	LINESTRING(144.6994110180 -37.7445797267,144.6994271959 -37.7445890847)
12435	Western Fwy	3	1		1.322	POINT(144.7021981491 -37.7458090931)	LINESTRING(144.7021913548 -37.7458066076,144.7022050176 -37.7458115649)
12438	Western Fwy	3	1		1.720	POINT(144.7037177124 -37.7463878272)	LINESTRING(144.7037091099 -37.7463842482,144.7037265950 -37.7463911877)
12439		2	2		4.889	POINT(144.7004649697 -37.7450201072)	LINESTRING(144.7004401701 -37.7450102989,144.7004899427 -37.7450298851)
12440		3	1		174.633	POINT(144.6541049017 -37.7241405238)	LINESTRING(144.6536022213 -37.7234647977,144.6536645665 -37.7235980114,144.6537328461 -37.7237301273,144.6538071036 -37.7238607097,144.6538873827 -37.7239893231,144.6539737269 -37.7241155322,144.6540661798 -37.7242389012,144.6541647850 -37.7243589949,144.6542695860 -37.7244753776,144.6543806264 -37.7245876140,144.6544979499 -37.7246952684,144.6546222649 -37.7247973532)
12441		2	2		1.051	POINT(144.6067005217 -37.6949439780)	LINESTRING(144.6066964328 -37.6949408690,144.6067063738 -37.6949461230)
12442	Western Hwy	3	1		2.611	POINT(144.7320271292 -37.7546714562)	LINESTRING(144.7320363713 -37.7546805816,144.7320171976 -37.7546626572)
12443		1	1		1.001	POINT(144.7392543835 -37.7637322338)	LINESTRING(144.7392588209 -37.7637294129,144.7392499450 -37.7637350544)
12445		3	1		1.001	POINT(144.7411215135 -37.7644741898)	LINESTRING(144.7411253278 -37.7644775323,144.7411176991 -37.7644708473)
12446		1	1		1.001	POINT(144.7393468656 -37.7636305120)	LINESTRING(144.7393489247 -37.7636263148,144.7393448061 -37.7636347088)
12450		1	1		26.150	POINT(144.7393660257 -37.7580242671)	LINESTRING(144.7394303824 -37.7581263515,144.7394222324 -37.7580676963,144.7393946264 -37.7580091745,144.7393493600 -37.7579619132,144.7392882285 -37.7579370397)
12452		1	1		14.730	POINT(144.7394378912 -37.7577896127)	LINESTRING(144.7393740386 -37.7578274066,144.7393993324 -37.7578179792,144.7394249151 -37.7578065799,144.7394487872 -37.7577931454,144.7394689490 -37.7577776126,144.7394834006 -37.7577599183,144.7394901426 -37.7577399995)
12453		1	1		32.801	POINT(144.7394062625 -37.7578971005)	LINESTRING(144.7395602230 -37.7578458326,144.7395513683 -37.7578703131,144.7395328408 -37.7578903847,144.7395063079 -37.7579063579,144.7394734370 -37.7579185433,144.7394358952 -37.7579272515,144.7393953501 -37.7579327930,144.7393534689 -37.7579354785,144.7393119190 -37.7579356184,144.7392723678 -37.7579335234,144.7392364825 -37.7579295041)
12456		1	1		31.787	POINT(144.7394777055 -37.7563523041)	LINESTRING(144.7395797883 -37.7564630622,144.7395788961 -37.7564363814,144.7395710836 -37.7564102297,144.7395572178 -37.7563848969,144.7395381659 -37.7563606729,144.7395147949 -37.7563378476,144.7394879719 -37.7563167107,144.7394585640 -37.7562975521,144.7394274382 -37.7562806617,144.7393954616 -37.7562663293,144.7393635014 -37.7562548447)
12457		1	1		14.139	POINT(144.7388411562 -37.7633674171)	LINESTRING(144.7387676064 -37.7633968364,144.7387931739 -37.7633927732,144.7388173900 -37.7633848242,144.7388404814 -37.7633740191,144.7388626748 -37.7633613871,144.7388841971 -37.7633479579,144.7389052749 -37.7633347608)
12458		3	1		1.002	POINT(144.7033134633 -37.7475949948)	LINESTRING(144.7033190996 -37.7475943528,144.7033078270 -37.7475956369)
12459	Western Hwy	2	2		1.005	POINT(144.7310410209 -37.7538638574)	LINESTRING(144.7310456533 -37.7538666076,144.7310367103 -37.7538609874)
12460	Western Hwy	3	1		6.786	POINT(144.7314917178 -37.7541714050)	LINESTRING(144.7315171475 -37.7541939446,144.7314630077 -37.7541504651)
12461	Leakes Rd	1	1		3.113	POINT(144.6507884200 -37.7247058057)	LINESTRING(144.6507821714 -37.7247184674,144.6507937844 -37.7246920211)
12463	Leakes Rd	1	1		40.348	POINT(144.6520250932 -37.7221582574)	LINESTRING(144.6518889411 -37.7223048096,144.6521662210 -37.7220156502)
12464		3	1		15.113	POINT(144.6517410467 -37.7216611108)	LINESTRING(144.6516569601 -37.7216740356,144.6518257114 -37.7216482803)
12465		3	1		4.137	POINT(144.6547319784 -37.7248776896)	LINESTRING(144.6547153586 -37.7248643847,144.6547490007 -37.7248904016)
12466		2	2		16.133	POINT(144.6553739882 -37.7253051421)	LINESTRING(144.6553062844 -37.7252557975,144.6554433382 -37.7253522636)
12467		3	1		1.001	POINT(144.6063241716 -37.6947484747)	LINESTRING(144.6063195482 -37.6947458443,144.6063287951 -37.6947511051)
12468		3	1		4.384	POINT(144.6058442520 -37.6944394723)	LINESTRING(144.6058261848 -37.6944262998,144.6058639039 -37.6944520960)
12471		1	1		98.191	POINT(144.6544968089 -37.7160754742)	LINESTRING(144.6539484376 -37.7160264640,144.6540673371 -37.7160339410,144.6545543602 -37.7161109785,144.6547152744 -37.7161242249,144.6549123931 -37.7160968943,144.6549688240 -37.7160769008,144.6550291199 -37.7160391027)
12472		1	1		62.982	POINT(144.6550786958 -37.7164737217)	LINESTRING(144.6548130997 -37.7163154550,144.6548801151 -37.7163290486,144.6549508803 -37.7163482679,144.6550223145 -37.7163726576,144.6550917073 -37.7164018606,144.6551563481 -37.7164355200,144.6552135267 -37.7164732785,144.6552605325 -37.7165147790,144.6552946550 -37.7165596646,144.6553131839 -37.7166075781,144.6553134086 -37.7166581624)
12473		1	1		72.400	POINT(144.6552398008 -37.7163041863)	LINESTRING(144.6548354926 -37.7162387355,144.6556419594 -37.7163698247)
12474		1	1		73.993	POINT(144.6551340562 -37.7164706425)	LINESTRING(144.6555446470 -37.7165414738,144.6547224447 -37.7163999755)
12475		1	1		60.541	POINT(144.6550277972 -37.7163112660)	LINESTRING(144.6552860015 -37.7161781059,144.6552715544 -37.7162211453,144.6552439161 -37.7162602937,144.6552050314 -37.7162953232,144.6551568448 -37.7163260065,144.6551013011 -37.7163521159,144.6550403451 -37.7163734238,144.6549759214 -37.7163897026,144.6549099749 -37.7164007247,144.6548444500 -37.7164062627,144.6547812917 -37.7164060888,144.6547224447 -37.7163999755)
12476		1	1		53.277	POINT(144.6547310399 -37.7166221409)	LINESTRING(144.6548058108 -37.7168402295,144.6548113982 -37.7167880080,144.6548136012 -37.7167310717,144.6548112304 -37.7166720067,144.6548030967 -37.7166133988,144.6547880108 -37.7165578343,144.6547647834 -37.7165078991,144.6547322252 -37.7164661793,144.6546891471 -37.7164352609,144.6546343597 -37.7164177300)
12478		1	1		10.448	POINT(144.6531699635 -37.7159881390)	LINESTRING(144.6531109783 -37.7159805801,144.6532282370 -37.7159957441)
12479		1	1		43.742	POINT(144.6541869504 -37.7161634902)	LINESTRING(144.6539435459 -37.7161218604,144.6544296495 -37.7162053402)
12480		1	1		2.949	POINT(144.6535293172 -37.7160602212)	LINESTRING(144.6535135106 -37.7160578540,144.6535465325 -37.7160624892)
12482	Meskos Rd	1	1		1.994	POINT(144.7013957737 -37.7494993595)	LINESTRING(144.7013842447 -37.7495012721,144.7014063330 -37.7494972113)
12483	Sheahan Rd	1	1		2.757	POINT(144.7028388386 -37.7492467217)	LINESTRING(144.7028542359 -37.7492432701,144.7028242529 -37.7492505069)
12484	Hopkins Rd	1	1		0.761	POINT(144.7020153454 -37.7490228532)	LINESTRING(144.7020135470 -37.7490197207,144.7020172245 -37.7490259167)
12485	Meskos Rd	1	1		1.000	POINT(144.7015630829 -37.7495440203)	LINESTRING(144.7015681745 -37.7495423883,144.7015574644 -37.7495454164)
12486		1	1		32.052	POINT(144.7021591277 -37.7493334545)	LINESTRING(144.7019830407 -37.7493706419,144.7020414417 -37.7493574564,144.7021002073 -37.7493452826,144.7021591487 -37.7493335978,144.7022180771 -37.7493218791,144.7022768036 -37.7493096037,144.7023351396 -37.7492962490)
12487		1	1		34.620	POINT(144.7021806231 -37.7494001115)	LINESTRING(144.7023709858 -37.7493604772,144.7019902726 -37.7494397470)
12488	Hopkins Rd	1	1		3.180	POINT(144.7024040033 -37.7498782651)	LINESTRING(144.7024102774 -37.7498916988,144.7023977169 -37.7498648822)
12492	Meskos Rd	1	1		1.067	POINT(144.7017602686 -37.7494404318)	LINESTRING(144.7017540912 -37.7494416519,144.7017657112 -37.7494388933)
12493	Sheahan Rd	1	1		1.001	POINT(144.7026033552 -37.7493041005)	LINESTRING(144.7026087992 -37.7493027797,144.7025979113 -37.7493054212)
12494	Hopkins Rd	1	1		1.002	POINT(144.7023079529 -37.7497407770)	LINESTRING(144.7023102187 -37.7497449078,144.7023056871 -37.7497366462)
12495	Hopkins Rd	1	1		1.002	POINT(144.7020930060 -37.7491180383)	LINESTRING(144.7020906166 -37.7491139513,144.7020953954 -37.7491221254)
12498		1	1		39.437	POINT(144.7018408198 -37.7492674969)	LINESTRING(144.7017197407 -37.7493999564,144.7017543192 -37.7493896421,144.7017897257 -37.7493735435,144.7018237975 -37.7493532602,144.7018556021 -37.7493295067,144.7018842070 -37.7493029976,144.7019086798 -37.7492744476,144.7019280879 -37.7492445712,144.7019414988 -37.7492140829,144.7019479801 -37.7491836975,144.7019465992 -37.7491541295,144.7019364237 -37.7491260935)
12499	Hopkins Rd	1	1		3.795	POINT(144.7029255144 -37.7517262309)	LINESTRING(144.7029466076 -37.7517298248,144.7029044194 -37.7517226370)
12500	Hopkins Rd	1	1		3.640	POINT(144.7031132781 -37.7517631345)	LINESTRING(144.7031318356 -37.7517558843,144.7030947206 -37.7517703847)
12502		3	1		6.232	POINT(144.6532688680 -37.7254980770)	LINESTRING(144.6533032227 -37.7255008167,144.6532326802 -37.7254954215)
12503	Melton Hwy	1	1		1.001	POINT(144.6044202660 -37.6930426956)	LINESTRING(144.6044210904 -37.6930382371,144.6044194415 -37.6930471541)
12507	Taylors Rd	1	1		1.740	POINT(144.6559746476 -37.7165884847)	LINESTRING(144.6559841675 -37.7165909735,144.6559654612 -37.7165858729)
12508	Meskos Rd	1	1		1.001	POINT(144.7015169927 -37.7494743567)	LINESTRING(144.7015114831 -37.7494754946,144.7015225023 -37.7494732188)
12509	Leakes Rd	1	1		8.690	POINT(144.6553825922 -37.7159518682)	LINESTRING(144.6553890053 -37.7159132429,144.6553762311 -37.7159907623)
12510		1	1		23.636	POINT(144.6551911536 -37.7166052774)	LINESTRING(144.6550882645 -37.7165907881,144.6550953847 -37.7165779537,144.6551104422 -37.7165706353,144.6551315620 -37.7165682439,144.6551568686 -37.7165701908,144.6551844870 -37.7165758871,144.6552125418 -37.7165847439,144.6552391578 -37.7165961723,144.6552624597 -37.7166095835,144.6552805723 -37.7166243886,144.6552916203 -37.7166399988,144.6552937284 -37.7166558253)
12530	Western Hwy	3	1		132.963	POINT(144.7335040493 -37.7555480981)	LINESTRING(144.7341864280 -37.7558060241,144.7340706912 -37.7557814843,144.7339558831 -37.7557536197,144.7338421635 -37.7557225334,144.7337296927 -37.7556883286,144.7336186304 -37.7556511084,144.7335091369 -37.7556109759,144.7334013721 -37.7555680344,144.7332954959 -37.7555223868,144.7331916685 -37.7554741365,144.7330900498 -37.7554233864,144.7328366577 -37.7552848685)
12531	Western Hwy	2	2		9.904	POINT(144.7299189366 -37.7532229372)	LINESTRING(144.7299665915 -37.7532467764,144.7298715147 -37.7531990374)
12532	Neales Rd W	1	1		4.913	POINT(144.6999863916 -37.7408294052)	LINESTRING(144.6999588144 -37.7408259463,144.7000139929 -37.7408328591)
12533	Western Hwy	2	2		1.242	POINT(144.7305049556 -37.7535430050)	LINESTRING(144.7305111821 -37.7535458195,144.7304992309 -37.7535398637)
12535		1	1		0.834	POINT(144.6047372383 -37.7013979322)	LINESTRING(144.6047435429 -37.7013988215,144.6047344837 -37.7013965981)
12536		1	1		23.414	POINT(144.6027885855 -37.7007000901)	LINESTRING(144.6026909852 -37.7007591916,144.6027135186 -37.7007597421,144.6027444659 -37.7007540580,144.6027746033 -37.7007416710,144.6028027569 -37.7007239721,144.6028277528 -37.7007023526,144.6028484172 -37.7006782034,144.6028635761 -37.7006529155,144.6028720558 -37.7006278802)
12537		1	1		27.061	POINT(144.6030601424 -37.7010902263)	LINESTRING(144.6031748610 -37.7010240072,144.6031347596 -37.7010233412,144.6030946095 -37.7010332355,144.6030563494 -37.7010516480,144.6030219177 -37.7010765364,144.6029932531 -37.7011058585,144.6029722941 -37.7011375722,144.6029609793 -37.7011696352)
12538		1	1		44.293	POINT(144.6029416158 -37.7009360080)	LINESTRING(144.6031831308 -37.7009932030,144.6030679326 -37.7009662381,144.6030159480 -37.7009525899,144.6029637129 -37.7009395292,144.6029112844 -37.7009269272,144.6028587199 -37.7009146550,144.6028060765 -37.7009025836,144.6027534115 -37.7008905841,144.6027007820 -37.7008785276)
12539		1	1		37.737	POINT(144.6030312421 -37.7008683308)	LINESTRING(144.6031914005 -37.7009623989,144.6030908681 -37.7009376624,144.6030464048 -37.7009209267,144.6030025899 -37.7009010365,144.6029620322 -37.7008781818,144.6029273405 -37.7008525528,144.6029011236 -37.7008243396,144.6028859904 -37.7007937325,144.6028864157 -37.7007612526)
12540		1	1		45.129	POINT(144.6029255513 -37.7008469557)	LINESTRING(144.6026801670 -37.7007894983,144.6027415859 -37.7008041445,144.6028027923 -37.7008194479,144.6028639065 -37.7008350333,144.6029250483 -37.7008505278,144.6029863372 -37.7008655583,144.6030478928 -37.7008797519,144.6031098349 -37.7008927358,144.6031722829 -37.7009041370)
12543		1	1		32.929	POINT(144.6028189856 -37.7008855166)	LINESTRING(144.6026648488 -37.7008187730,144.6027099960 -37.7008286785,144.6027599340 -37.7008396877,144.6028110178 -37.7008524314,144.6028596766 -37.7008675656,144.6029023392 -37.7008857462,144.6029354350 -37.7009076290,144.6029553929 -37.7009338700,144.6029586420 -37.7009651250)
12544		1	1		32.156	POINT(144.6031818214 -37.7008246615)	LINESTRING(144.6030859921 -37.7007119979,144.6030856433 -37.7007457368,144.6030958525 -37.7007798547,144.6031150821 -37.7008131328,144.6031417947 -37.7008443521,144.6031744527 -37.7008722939,144.6032115185 -37.7008957392,144.6032514545 -37.7009134694,144.6032927232 -37.7009242654)
12545	Zone connector	1	1		6.066	POINT(144.6028214594 -37.7010031367)	LINESTRING(144.6028183707 -37.7010303974,144.6028245573 -37.7009760369)
12546	Ferris Rd	1	1		1.002	POINT(144.6030255076 -37.7007127774)	LINESTRING(144.6030263335 -37.7007083195,144.6030246817 -37.7007172353)
12549	Zone connector	1	1		1.002	POINT(144.6024858400 -37.7028031303)	LINESTRING(144.6024850136 -37.7028075880,144.6024866664 -37.7027986726)
12550		1	1		34.852	POINT(144.6028323371 -37.7007947018)	LINESTRING(144.6029678506 -37.7006982947,144.6029606940 -37.7007200376,144.6029468225 -37.7007465028,144.6029278431 -37.7007723901,144.6029045108 -37.7007969970,144.6028775809 -37.7008196208,144.6028478085 -37.7008395587,144.6028159489 -37.7008561081,144.6027827571 -37.7008685663,144.6027489883 -37.7008762307,144.6027153977 -37.7008783985,144.6026827405 -37.7008743672)
12551	Zone connector	1	1		9.063	POINT(144.6027599631 -37.7014489934)	LINESTRING(144.6027523157 -37.7014891217,144.6027675681 -37.7014084729)
12552		1	1		20.039	POINT(144.6027219890 -37.7009410082)	LINESTRING(144.6027593155 -37.7010234624,144.6027611603 -37.7010061772,144.6027604929 -37.7009878930,144.6027573544 -37.7009691573,144.6027517858 -37.7009505174,144.6027438280 -37.7009325207,144.6027335221 -37.7009157147,144.6027209090 -37.7009006468,144.6027060298 -37.7008878643,144.6026889253 -37.7008779147,144.6026696367 -37.7008713454)
12553	Zone connector	1	1		1.019	POINT(144.6026898334 -37.7017025313)	LINESTRING(144.6026890066 -37.7017072236,144.6026906896 -37.7016981507)
12554		1	1		41.433	POINT(144.6030728068 -37.7009700288)	LINESTRING(144.6028774259 -37.7010373323,144.6028884675 -37.7010087864,144.6029091038 -37.7009843746,144.6029378609 -37.7009639272,144.6029732650 -37.7009472745,144.6030138423 -37.7009342470,144.6030581191 -37.7009246749,144.6031046215 -37.7009183887,144.6031518758 -37.7009152187,144.6031984082 -37.7009149952,144.6032427449 -37.7009175486,144.6032834122 -37.7009227093)
12555	Ferris Rd	1	1		1.001	POINT(144.6030685491 -37.7003718940)	LINESTRING(144.6030693750 -37.7003674360,144.6030677232 -37.7003763519)
12556	Ferris Rd	1	1		1.001	POINT(144.6031627701 -37.6999718902)	LINESTRING(144.6031635960 -37.6999674323,144.6031619442 -37.6999763482)
12557		1	1		1.000	POINT(144.6021751635 -37.7006645580)	LINESTRING(144.6021697945 -37.7006630701,144.6021805324 -37.7006660459)
12558		1	1		10.191	POINT(144.6023836621 -37.7007211782)	LINESTRING(144.6023296076 -37.7007073583,144.6024403066 -37.7007344944)
12559		1	1		1.346	POINT(144.6036779947 -37.7010602644)	LINESTRING(144.6036854230 -37.7010615225,144.6036704511 -37.7010590063)
12560	Zone connector	1	1		1.002	POINT(144.6027687874 -37.7012947218)	LINESTRING(144.6027679514 -37.7012991785,144.6027696234 -37.7012902651)
12561		1	1		1.002	POINT(144.6033930834 -37.7010284882)	LINESTRING(144.6033986535 -37.7010294243,144.6033875132 -37.7010275520)
12562	Ferris Rd	1	1		1.001	POINT(144.6030674902 -37.7004861727)	LINESTRING(144.6030683162 -37.7004817148,144.6030666643 -37.7004906306)
12563	Ferris Rd  Melton Hwy	1	1		2.573	POINT(144.6041411752 -37.6938790632)	LINESTRING(144.6041391962 -37.6938907451,144.6041432842 -37.6938678213)
12564		3	1		2.383	POINT(144.6032456003 -37.6937782150)	LINESTRING(144.6032343861 -37.6937845805,144.6032559723 -37.6937716118)
12565		3	1		27.547	POINT(144.6037332841 -37.6934530477)	LINESTRING(144.6036077816 -37.6935261035,144.6038613515 -37.6933805458)
12645		1	1		1.318	POINT(144.6044363002 -37.6922412484)	LINESTRING(144.6044347498 -37.6922469647,144.6044377637 -37.6922353496)
12647		1	1		23.822	POINT(144.6052525958 -37.6895600553)	LINESTRING(144.6052784037 -37.6894552396,144.6052268900 -37.6896656992)
12656	Leakes Rd	1	1		2.087	POINT(144.6500935653 -37.7260338329)	LINESTRING(144.6500880025 -37.7260412347,144.6500982775 -37.7260243110)
12661		3	1		1.573	POINT(144.6527818266 -37.7254706076)	LINESTRING(144.6527912247 -37.7254706123,144.6527733390 -37.7254706040)
12662		1	1		8.411	POINT(144.6523799165 -37.7254627006)	LINESTRING(144.6524284258 -37.7254573189,144.6523338137 -37.7254684004)
12663		1	1		6.909	POINT(144.6523917178 -37.7255256206)	LINESTRING(144.6524317130 -37.7255202477,144.6523544328 -37.7255314747)
12664		1	1		0.979	POINT(144.6496054913 -37.7261713945)	LINESTRING(144.6496005452 -37.7261693159,144.6496102141 -37.7261736744)
12667		1	1		51.252	POINT(144.6496054542 -37.7265048714)	LINESTRING(144.6495486905 -37.7267201034,144.6495941802 -37.7266493742,144.6496318867 -37.7265699764,144.6496561155 -37.7264873710,144.6496598139 -37.7264093407,144.6496359293 -37.7263436685,144.6495792019 -37.7262958236)
12668		1	1		41.481	POINT(144.6498819187 -37.7263582364)	LINESTRING(144.6497768717 -37.7265250531,144.6498449292 -37.7264208277,144.6499217845 -37.7262955511,144.6499864527 -37.7261908251)
12669		1	1		0.994	POINT(144.6504840168 -37.7266424516)	LINESTRING(144.6504890538 -37.7266444973,144.6504790382 -37.7266403576)
12670		1	1		46.450	POINT(144.6501965791 -37.7266823257)	LINESTRING(144.6504573889 -37.7267024375,144.6501353929 -37.7266720124,144.6500412576 -37.7266631221,144.6499440540 -37.7267023613)
12672		1	1		49.463	POINT(144.6503930285 -37.7262613116)	LINESTRING(144.6504449417 -37.7260480199,144.6503932611 -37.7261412654,144.6503646063 -37.7262304400,144.6503434120 -37.7263384072,144.6503547906 -37.7263926725,144.6504089423 -37.7264681731)
12673	Leakes Rd	1	1		1.001	POINT(144.6503329634 -37.7260130251)	LINESTRING(144.6503357164 -37.7260090875,144.6503302105 -37.7260169627)
12675		1	1		25.640	POINT(144.6506849279 -37.7256006631)	LINESTRING(144.6508294997 -37.7255983568,144.6507804918 -37.7255930722,144.6507275464 -37.7255872350,144.6506746157 -37.7255841129,144.6506256514 -37.7255869735,144.6505846057 -37.7255990843,144.6505554305 -37.7256237130)
12676		1	1		37.514	POINT(144.6500919675 -37.7264235844)	LINESTRING(144.6501947924 -37.7262757064,144.6501668935 -37.7263160058,144.6501318673 -37.7263670090,144.6500968880 -37.7264180326,144.6500617305 -37.7264689767,144.6500261698 -37.7265197414,144.6499892243 -37.7265713564)
12677		1	1		41.114	POINT(144.6500184837 -37.7263206482)	LINESTRING(144.6498062556 -37.7262439016,144.6498751069 -37.7262725575,144.6499457989 -37.7262983427,144.6500175612 -37.7263224718,144.6500896236 -37.7263461597,144.6501612156 -37.7263706213,144.6502315670 -37.7263970713)
12678		1	1		35.417	POINT(144.6498096422 -37.7261475691)	LINESTRING(144.6496203383 -37.7261240159,144.6496812459 -37.7261463033,144.6497512464 -37.7261629425,144.6498239210 -37.7261712055,144.6498923315 -37.7261682569,144.6499495395 -37.7261512608,144.6499910379 -37.7261175234)
12679		1	1		43.933	POINT(144.6499204864 -37.7264428649)	LINESTRING(144.6501408877 -37.7265361119,144.6500869084 -37.7265135644,144.6500094625 -37.7264809402,144.6499321392 -37.7264481326,144.6498548633 -37.7264152539,144.6497775595 -37.7263824163,144.6497005386 -37.7263494602)
12680		1	1		42.929	POINT(144.6500532184 -37.7263403996)	LINESTRING(144.6501695046 -37.7264946602,144.6501041951 -37.7264591137,144.6500449090 -37.7264104365,144.6499970040 -37.7263530707,144.6499658381 -37.7262914584,144.6499567691 -37.7262300417,144.6499758771 -37.7261731300)
12681		1	1		38.272	POINT(144.6500327017 -37.7264727925)	LINESTRING(144.6498640383 -37.7265630106,144.6498986846 -37.7265241335,144.6499534173 -37.7264769757,144.6500170177 -37.7264367625,144.6500853185 -37.7264086969,144.6501541522 -37.7263979820,144.6502181651 -37.7264093454)
12682		1	1		6.837	POINT(144.6508691343 -37.7266705384)	LINESTRING(144.6508343207 -37.7266563342,144.6508457684 -37.7266609728,144.6508571705 -37.7266656814,144.6508685353 -37.7266704469,144.6508798713 -37.7266752558,144.6508911867 -37.7266800950,144.6509029915 -37.7266851669)
12683		1	1		4.817	POINT(144.6509443592 -37.7268499060)	LINESTRING(144.6509679685 -37.7268606634,144.6509478517 -37.7268516228,144.6509342122 -37.7268456252,144.6509201888 -37.7268394748)
12685		1	1		1.946	POINT(144.6496605297 -37.7267550757)	LINESTRING(144.6496552554 -37.7267628109,144.6496661143 -37.7267475620)
12687		1	1		1.498	POINT(144.6491153715 -37.7274775296)	LINESTRING(144.6491107910 -37.7274831701,144.6491195703 -37.7274716216)
12688		1	1		4.570	POINT(144.6485869211 -37.7283391786)	LINESTRING(144.6485795313 -37.7283588576,144.6485943226 -37.7283194519)
12689		1	1		10.285	POINT(144.6488925575 -37.7281330600)	LINESTRING(144.6489155693 -37.7280922186,144.6488711230 -37.7281777799)
12690		1	1		39.922	POINT(144.6499143253 -37.7263044256)	LINESTRING(144.6501069666 -37.7262386925,144.6500856361 -37.7262632001,144.6500580197 -37.7262856884,144.6500249823 -37.7263057268,144.6499876385 -37.7263228755,144.6499471630 -37.7263367352,144.6499047611 -37.7263469473,144.6498616555 -37.7263531913,144.6498190794 -37.7263551885,144.6497782623 -37.7263527124,144.6497403907 -37.7263456021,144.6497062711 -37.7263339625)
12691		1	1		38.560	POINT(144.6498812491 -37.7264136426)	LINESTRING(144.6497847088 -37.7262704234,144.6498101508 -37.7262841580,144.6498416314 -37.7263049663,144.6498714224 -37.7263290864,144.6498986965 -37.7263558658,144.6499226263 -37.7263846523,144.6499423847 -37.7264147934,144.6499571442 -37.7264456370,144.6499660776 -37.7264765307,144.6499683576 -37.7265068221,144.6499631569 -37.7265358589,144.6499496481 -37.7265629887)
12692	Leakes Rd	1	1		1.001	POINT(144.6520993851 -37.7225055601)	LINESTRING(144.6521026646 -37.7225018834,144.6520961055 -37.7225092368)
12693		3	1		1.002	POINT(144.6505430581 -37.7217770409)	LINESTRING(144.6505373637 -37.7217770609,144.6505487525 -37.7217770209)
12697		3	1		1.248	POINT(144.7022339937 -37.7457523738)	LINESTRING(144.7022278023 -37.7457496375,144.7022401972 -37.7457551004)
12698		2	2		5.087	POINT(144.7004456400 -37.7450476430)	LINESTRING(144.7004198397 -37.7450374273,144.7004716141 -37.7450578264)
12699	Leakes Rd	1	1		1.002	POINT(144.6510138135 -37.7249868655)	LINESTRING(144.6510159854 -37.7249827019,144.6510116413 -37.7249910290)
12700		1	1		37.408	POINT(144.7399683464 -37.7562103135)	LINESTRING(144.7399226258 -37.7563389023,144.7399091454 -37.7563320646,144.7398988314 -37.7563226554,144.7398915027 -37.7563109989,144.7398869783 -37.7562974193,144.7398850770 -37.7562822409,144.7398856177 -37.7562657879,144.7398884193 -37.7562483845,144.7398933007 -37.7562303549,144.7399000807 -37.7562120235,144.7399085783 -37.7561937143,144.7399186124 -37.7561757517,144.7399300017 -37.7561584599,144.7399425653 -37.7561421631,144.7399561221 -37.7561271856,144.7399704908 -37.7561138515,144.7399854904 -37.7561024852,144.7400009398 -37.7560934109,144.7400166578 -37.7560869527,144.7400324634 -37.7560834349,144.7400481755 -37.7560831818,144.7400636128 -37.7560865177)
13430		2	2		173.630	POINT(144.6582162657 -37.7271255687)	LINESTRING(144.6574471649 -37.7266479641,144.6589971523 -37.7276154087)
13431		3	1		32.573	POINT(144.6593108199 -37.7277505667)	LINESTRING(144.6591660891 -37.7276591522,144.6594556770 -37.7278418255)
13432		2	2		9.122	POINT(144.6572306621 -37.7264338706)	LINESTRING(144.6571906378 -37.7264078093,144.6572704616 -37.7264602090)
13433		2	2		9.241	POINT(144.6572046415 -37.7264577987)	LINESTRING(144.6571640520 -37.7264314404,144.6572450060 -37.7264844342)
13436	Western Fwy  Deer Park Byp	3	1		6.625	POINT(144.7492871893 -37.7914204411)	LINESTRING(144.7493003576 -37.7914472390,144.7492750402 -37.7913911643)
13438		3	1		12.609	POINT(144.7501730122 -37.7929747766)	LINESTRING(144.7502120600 -37.7930220659,144.7501363052 -37.7929258566)
13439		3	1		12.282	POINT(144.7500971311 -37.7930029720)	LINESTRING(144.7501293446 -37.7930518979,144.7500650612 -37.7929539171)
13440		3	1		29.694	POINT(144.7505230217 -37.7936462405)	LINESTRING(144.7506029581 -37.7937637485,144.7504431411 -37.7935286906)
13443		3	1		4.639	POINT(144.7540788075 -37.7968179271)	LINESTRING(144.7541052487 -37.7968232737,144.7540543637 -37.7968122881)
13444		3	1		6.082	POINT(144.7532014214 -37.7965762986)	LINESTRING(144.7532336864 -37.7965861787,144.7531692126 -37.7965663912)
13445		3	1		6.852	POINT(144.7531775957 -37.7966425127)	LINESTRING(144.7532109483 -37.7966464594,144.7531921422 -37.7966429019,144.7531728239 -37.7966407059,144.7531533084 -37.7966396860,144.7531338045 -37.7966396320)
13446		3	1		9.746	POINT(144.7545579156 -37.7968992834)	LINESTRING(144.7546119907 -37.7969094561,144.7545042041 -37.7968890718)
13448		3	1		2.676	POINT(144.7541963827 -37.7968586301)	LINESTRING(144.7542113314 -37.7968615456,144.7541818228 -37.7968556758)
13449	Western Fwy  Deer Park Byp	3	1		14.578	POINT(144.7580364538 -37.7974151905)	LINESTRING(144.7581184676 -37.7974260443,144.7579549854 -37.7974042979)
13450		3	1		14.968	POINT(144.7580198861 -37.7974771425)	LINESTRING(144.7581037154 -37.7974878670,144.7579356709 -37.7974664822)
13452		3	1		1.177	POINT(144.7586549134 -37.7974978233)	LINESTRING(144.7586617587 -37.7974986888,144.7586485829 -37.7974968270)
13453		1	1		12.648	POINT(144.7524926619 -37.7968664670)	LINESTRING(144.7524866997 -37.7969233228,144.7524986481 -37.7968100651)
13454		1	1		6.732	POINT(144.7523912188 -37.7968857376)	LINESTRING(144.7523876461 -37.7969158545,144.7523947951 -37.7968556251)
13455		3	1		15.174	POINT(144.7522788470 -37.7963475924)	LINESTRING(144.7523354232 -37.7963977783,144.7523321927 -37.7963899478,144.7523279890 -37.7963824938,144.7523228946 -37.7963753963,144.7523169922 -37.7963686353,144.7523103643 -37.7963621907,144.7523030936 -37.7963560424,144.7522952626 -37.7963501705,144.7522869540 -37.7963445549,144.7522782503 -37.7963391756,144.7522692341 -37.7963340126,144.7522599882 -37.7963290457,144.7522505949 -37.7963242550,144.7522411371 -37.7963196204,144.7522316972 -37.7963151220,144.7522223578 -37.7963107396,144.7522132016 -37.7963064533)
13457		1	1		3.557	POINT(144.7524377317 -37.7973354756)	LINESTRING(144.7524364479 -37.7973506368,144.7524389532 -37.7973187372)
13459		1	1		4.294	POINT(144.7523705857 -37.7976533314)	LINESTRING(144.7523682122 -37.7976727293,144.7523729840 -37.7976343322)
13460		1	1		13.740	POINT(144.7519356976 -37.7979030695)	LINESTRING(144.7518581575 -37.7978943824,144.7520128463 -37.7979117984)
13461		1	1		11.617	POINT(144.7519248740 -37.7978874372)	LINESTRING(144.7518581575 -37.7978943824,144.7519025059 -37.7978943002,144.7519456207 -37.7978879860,144.7519884159 -37.7978802094)
13462		1	1		29.405	POINT(144.7523359575 -37.7978972747)	LINESTRING(144.7523170269 -37.7980286145,144.7523549423 -37.7977660913)
13463		1	1		8.437	POINT(144.7522927890 -37.7977957169)	LINESTRING(144.7522595658 -37.7978194704,144.7522809158 -37.7978084472,144.7522982803 -37.7977924070,144.7523105269 -37.7977733722,144.7523156417 -37.7977608075)
13464		1	1		62.144	POINT(144.7522194310 -37.7979389609)	LINESTRING(144.7525302997 -37.7978809744,144.7525268199 -37.7978975309,144.7525205265 -37.7979126663,144.7525114492 -37.7979268614,144.7524997541 -37.7979395591,144.7524854163 -37.7979500994,144.7524687719 -37.7979585982,144.7524507285 -37.7979654793,144.7524321935 -37.7979711665,144.7524092147 -37.7979763421,144.7523855646 -37.7979795528,144.7523615754 -37.7979814626,144.7523375793 -37.7979827353,144.7523096989 -37.7979834024,144.7522817846 -37.7979829297,144.7522538750 -37.7979817175,144.7522260084 -37.7979801663,144.7521963240 -37.7979780930,144.7521667078 -37.7979754324,144.7521371343 -37.7979724372,144.7521075782 -37.7979693600,144.7520787577 -37.7979662032,144.7520499786 -37.7979628085,144.7520212011 -37.7979594038,144.7519923856 -37.7979562172,144.7519669618 -37.7979535368,144.7519415253 -37.7979509166,144.7519160545 -37.7979485521,144.7518905278 -37.7979466387)
13465		1	1		3.194	POINT(144.7522557921 -37.7984824926)	LINESTRING(144.7522523070 -37.7984965925,144.7522592867 -37.7984684285)
13466		1	1		20.799	POINT(144.7521855749 -37.7983977173)	LINESTRING(144.7521731061 -37.7984902793,144.7521978818 -37.7983044110)
13467		1	1		25.865	POINT(144.7520140490 -37.7979836910)	LINESTRING(144.7521352592 -37.7980304410,144.7521218354 -37.7980116409,144.7521035307 -37.7979959855,144.7520811343 -37.7979831563,144.7520554356 -37.7979728347,144.7520272240 -37.7979647020,144.7519972888 -37.7979584397,144.7519664193 -37.7979537292,144.7519354049 -37.7979502519,144.7519050350 -37.7979476893,144.7518760988 -37.7979457226)
13468		1	1		65.585	POINT(144.7521441406 -37.7993181602)	LINESTRING(144.7521043008 -37.7996110608,144.7521095074 -37.7995719890,144.7521147746 -37.7995329223,144.7521200918 -37.7994938597,144.7521254486 -37.7994548004,144.7521308343 -37.7994157435,144.7521362384 -37.7993766881,144.7521416504 -37.7993376334,144.7521470598 -37.7992985784,144.7521524560 -37.7992595224,144.7521578284 -37.7992204643,144.7521631665 -37.7991814034,144.7521684599 -37.7991423388,144.7521736979 -37.7991032695,144.7521788700 -37.7990641948,144.7521839656 -37.7990251136)
13469		1	1		2.815	POINT(144.7526695187 -37.7973329730)	LINESTRING(144.7526709077 -37.7973202383,144.7526681146 -37.7973454357)
13470		1	1		1.002	POINT(144.7526292761 -37.7976130519)	LINESTRING(144.7526299249 -37.7976085816,144.7526286274 -37.7976175223)
13471		3	1		13.429	POINT(144.7528231895 -37.7967063205)	LINESTRING(144.7528819785 -37.7966741223,144.7528595288 -37.7966825180,144.7528386206 -37.7966943633,144.7528201704 -37.7967089883,144.7528050949 -37.7967257228,144.7527943110 -37.7967438968,144.7527887352 -37.7967628403)
13472		1	1		45.020	POINT(144.7527940382 -37.7965621713)	LINESTRING(144.7528193470 -37.7963606425,144.7528122056 -37.7964181584,144.7528051884 -37.7964756846,144.7527982011 -37.7965332132,144.7527911494 -37.7965907365,144.7527839389 -37.7966482465,144.7527764753 -37.7967057355,144.7527686643 -37.7967631957)
13473		3	1		49.920	POINT(144.7524811625 -37.7963537292)	LINESTRING(144.7527204073 -37.7963522625,144.7527167009 -37.7963674476,144.7527098807 -37.7963801033,144.7527001692 -37.7963903648,144.7526877892 -37.7963983677,144.7526729631 -37.7964042472,144.7526559138 -37.7964081388,144.7526368637 -37.7964101779,144.7526160356 -37.7964104999,144.7525936521 -37.7964092400,144.7525699358 -37.7964065338,144.7525451093 -37.7964025166,144.7525193954 -37.7963973238,144.7524930166 -37.7963910908,144.7524661955 -37.7963839530,144.7524391549 -37.7963760457,144.7524121173 -37.7963675043,144.7523853053 -37.7963584643,144.7523589417 -37.7963490610,144.7523332491 -37.7963394298,144.7523084500 -37.7963297061,144.7522847672 -37.7963200252,144.7522624232 -37.7963105227,144.7522416408 -37.7963013337,144.7522226425 -37.7962925938)
13474		1	1		1.001	POINT(144.7528209436 -37.7960299772)	LINESTRING(144.7528215355 -37.7960255616,144.7528203785 -37.7960345145)
13475		1	1		21.668	POINT(144.7528801304 -37.7957251915)	LINESTRING(144.7528925044 -37.7956288959,144.7528678224 -37.7958226274)
13476		1	1		29.588	POINT(144.7525536761 -37.7963820721)	LINESTRING(144.7525370594 -37.7965146331,144.7525703275 -37.7962500634)
13477		3	1		53.458	POINT(144.7527401329 -37.7963964173)	LINESTRING(144.7529775299 -37.7965207450,144.7529205319 -37.7965065799,144.7528596557 -37.7964898195,144.7527973836 -37.7964703236,144.7527361983 -37.7964479517,144.7526785822 -37.7964225636,144.7526270178 -37.7963940188,144.7525839877 -37.7963621772,144.7525519744 -37.7963268982,144.7525334604 -37.7962880415,144.7525309283 -37.7962454669)
13478		1	1		4.966	POINT(144.7527840870 -37.7950301335)	LINESTRING(144.7527796825 -37.7950520794,144.7527884378 -37.7950079931)
13479		1	1		1.001	POINT(144.7527346965 -37.7948304066)	LINESTRING(144.7527340352 -37.7948347027,144.7527353325 -37.7948257616)
13480		1	1		4.864	POINT(144.7527040746 -37.7950225127)	LINESTRING(144.7527006817 -37.7950443184,144.7527075338 -37.7950009445)
13481		1	1		52.455	POINT(144.7528089279 -37.7943162147)	LINESTRING(144.7527751428 -37.7945513409,144.7527841541 -37.7944843786,144.7527922437 -37.7944173078,144.7528001028 -37.7943502100,144.7528084228 -37.7942831662,144.7528178949 -37.7942162577,144.7528292102 -37.7941495659,144.7528430601 -37.7940831718)
13482		1	1		4.091	POINT(144.7525140638 -37.7984615333)	LINESTRING(144.7525163131 -37.7984429833,144.7525116975 -37.7984795618)
13483		1	1		35.559	POINT(144.7525855863 -37.7980447192)	LINESTRING(144.7526095800 -37.7978867914,144.7526048060 -37.7979185148,144.7525997629 -37.7979502161,144.7525945511 -37.7979819034,144.7525892709 -37.7980135848,144.7525840230 -37.7980452683,144.7525789076 -37.7980769621,144.7525740252 -37.7981086742,144.7525694762 -37.7981404128,144.7525653611 -37.7981721859,144.7525617705 -37.7982040460)
13484		1	1		52.994	POINT(144.7523761202 -37.7980555731)	LINESTRING(144.7521982002 -37.7979245185,144.7522616156 -37.7979267943,144.7523255941 -37.7979284144,144.7523880268 -37.7979344208,144.7524468048 -37.7979498556,144.7524663582 -37.7979594554,144.7524837410 -37.7979717276,144.7524989137 -37.7979858956,144.7525118363 -37.7980011827,144.7525205659 -37.7980150011,144.7525269660 -37.7980297100,144.7525314055 -37.7980449410,144.7525342533 -37.7980603256,144.7525358348 -37.7980953863,144.7525325015 -37.7981305376,144.7525270236 -37.7981657146,144.7525221734 -37.7982008075)
13485		1	1		1.001	POINT(144.7524696315 -37.7989680857)	LINESTRING(144.7524702020 -37.7989635594,144.7524690351 -37.7989725111)
13488		1	1		41.623	POINT(144.7524058040 -37.7994384619)	LINESTRING(144.7524325297 -37.7992525625,144.7523790266 -37.7996241707)
13489		1	1		7.334	POINT(144.7517492361 -37.7993246869)	LINESTRING(144.7517079558 -37.7993209046,144.7517908092 -37.7993284204)
13490		1	1		9.151	POINT(144.7512879508 -37.7992983663)	LINESTRING(144.7512363696 -37.7992928007,144.7513394769 -37.7993039416)
13491		1	1		13.799	POINT(144.7517864406 -37.7992931011)	LINESTRING(144.7517081975 -37.7993051019,144.7517302836 -37.7993058702,144.7517523583 -37.7993045084,144.7517743551 -37.7993014083,144.7517962077 -37.7992969614,144.7518178497 -37.7992915594,144.7518392146 -37.7992855938,144.7518602360 -37.7992794563)
13492		1	1		21.803	POINT(144.7521159612 -37.7991174372)	LINESTRING(144.7520799187 -37.7992029095,144.7521037139 -37.7991850800,144.7521201089 -37.7991623555,144.7521304879 -37.7991361010,144.7521364870 -37.7991075473,144.7521397424 -37.7990779250,144.7521418903 -37.7990484647,144.7521445669 -37.7990203971)
13494		1	1		4.632	POINT(144.7506684382 -37.7992862144)	LINESTRING(144.7506948066 -37.7992870289,144.7506421689 -37.7992853984)
13495		1	1		58.106	POINT(144.7522860657 -37.7994570295)	LINESTRING(144.7526153743 -37.7994795324,144.7524499096 -37.7994678761,144.7522842313 -37.7994579621,144.7521186311 -37.7994474890,144.7519570957 -37.7994345031)
13496		1	1		18.405	POINT(144.7519949210 -37.7995278991)	LINESTRING(144.7520251300 -37.7996045170,144.7520262209 -37.7995912913,144.7520261173 -37.7995770974,144.7520247646 -37.7995623140,144.7520221082 -37.7995473202,144.7520180934 -37.7995324948,144.7520126658 -37.7995182167,144.7520057706 -37.7995048648,144.7519973534 -37.7994928180,144.7519873595 -37.7994824552,144.7519757344 -37.7994741552,144.7519624234 -37.7994682971,144.7519473721 -37.7994652596)
13498		1	1		1.001	POINT(144.7531266009 -37.7995048527)	LINESTRING(144.7531322660 -37.7995053084,144.7531209357 -37.7995043969)
13499		1	1		3.587	POINT(144.7535798105 -37.7995324349)	LINESTRING(144.7536000495 -37.7995349376,144.7535597589 -37.7995298979)
13500		1	1		10.521	POINT(144.7531844233 -37.7994308784)	LINESTRING(144.7531251376 -37.7994222585,144.7532427276 -37.7994396907)
13501		1	1		55.000	POINT(144.7523037917 -37.7993526577)	LINESTRING(144.7519924728 -37.7993281789,144.7520313798 -37.7993311658,144.7520702901 -37.7993341285,144.7521092028 -37.7993370744,144.7521481169 -37.7993400106,144.7521870313 -37.7993429446,144.7522259452 -37.7993458837,144.7522648574 -37.7993488351,144.7523037671 -37.7993518062,144.7523426732 -37.7993548042,144.7523815747 -37.7993578366,144.7524204707 -37.7993609105,144.7524593601 -37.7993640334,144.7524982420 -37.7993672125,144.7525371154 -37.7993704551,144.7525759792 -37.7993737686,144.7526148325 -37.7993771603)
13502		1	1		44.398	POINT(144.7521622030 -37.7993484925)	LINESTRING(144.7523531368 -37.7992477216,144.7523477285 -37.7992700013,144.7523377277 -37.7992912181,144.7523235600 -37.7993112960,144.7523056510 -37.7993301594,144.7522844262 -37.7993477324,144.7522603113 -37.7993639392,144.7522337317 -37.7993787041,144.7522051130 -37.7993919513,144.7521748809 -37.7994036049,144.7521434609 -37.7994135892,144.7521112785 -37.7994218284,144.7520787593 -37.7994282467,144.7520463290 -37.7994327684,144.7520144129 -37.7994353175,144.7519834369 -37.7994358184,144.7519538263 -37.7994341953)
13503		1	1		13.971	POINT(144.7525539187 -37.7993113812)	LINESTRING(144.7525111542 -37.7992632986,144.7525109542 -37.7992704905,144.7525121543 -37.7992776572,144.7525146440 -37.7992847456,144.7525183127 -37.7992917020,144.7525230499 -37.7992984730,144.7525287451 -37.7993050054,144.7525352877 -37.7993112456,144.7525425674 -37.7993171403,144.7525504735 -37.7993226359,144.7525588956 -37.7993276792,144.7525677231 -37.7993322167,144.7525768455 -37.7993361950,144.7525861523 -37.7993395606,144.7525955330 -37.7993422602,144.7526048771 -37.7993442403,144.7526140740 -37.7993454476)
13504		1	1		26.184	POINT(144.7525075576 -37.7995480687)	LINESTRING(144.7526147021 -37.7994794783,144.7525976232 -37.7994791808,144.7525805668 -37.7994809246,144.7525636650 -37.7994845505,144.7525470502 -37.7994898993,144.7525308545 -37.7994968118,144.7525152102 -37.7995051288,144.7525002495 -37.7995146910,144.7524861046 -37.7995253392,144.7524729078 -37.7995369142,144.7524607914 -37.7995492567,144.7524498875 -37.7995622076,144.7524403283 -37.7995756075,144.7524322462 -37.7995892974,144.7524257734 -37.7996031179,144.7524210420 -37.7996169099,144.7524181763 -37.7996305450)
13505		1	1		74.110	POINT(144.7523865312 -37.7992426295)	LINESTRING(144.7526204331 -37.7994483273,144.7525995236 -37.7994466100,144.7525782639 -37.7994447610,144.7525567317 -37.7994427365,144.7525350051 -37.7994404931,144.7525131618 -37.7994379870,144.7524912798 -37.7994351746,144.7524694370 -37.7994320123,144.7524477112 -37.7994284564,144.7524261805 -37.7994244634,144.7524049225 -37.7994199896,144.7523840153 -37.7994149914,144.7523635368 -37.7994094251,144.7523435648 -37.7994032471,144.7523241772 -37.7993964138,144.7523054520 -37.7993888816,144.7522874670 -37.7993806068,144.7522703000 -37.7993715458,144.7522540291 -37.7993616550,144.7522387321 -37.7993508907,144.7522244869 -37.7993392094,144.7522113713 -37.7993265674,144.7522019264 -37.7993156084,144.7521939511 -37.7993041830,144.7521873409 -37.7992923269,144.7521819914 -37.7992800756,144.7521777980 -37.7992674646,144.7521746560 -37.7992545295,144.7521724611 -37.7992413058,144.7521711086 -37.7992278292,144.7521704940 -37.7992141352,144.7521705127 -37.7992002593,144.7521710602 -37.7991862371,144.7521720320 -37.7991721041,144.7521733235 -37.7991578959,144.7521748302 -37.7991436482,144.7521764475 -37.7991293963,144.7521780709 -37.7991151760,144.7521795959 -37.7991010227,144.7521809178 -37.7990869720,144.7521819322 -37.7990730594,144.7521825345 -37.7990593206,144.7521826202 -37.7990457911,144.7521826093 -37.7990446987,144.7521826100 -37.7990436063,144.7521826218 -37.7990425138,144.7521826445 -37.7990414214,144.7521826774 -37.7990403291,144.7521827202 -37.7990392368,144.7521827725 -37.7990381447,144.7521828338 -37.7990370527,144.7521829037 -37.7990359609,144.7521829818 -37.7990348693,144.7521830675 -37.7990337780,144.7521831606 -37.7990326870,144.7521832604 -37.7990315963,144.7521833667 -37.7990305059,144.7521834790 -37.7990294159,144.7521835968 -37.7990283263,144.7521837197 -37.7990272371,144.7521838473 -37.7990261484,144.7521839791 -37.7990250602,144.7521841147 -37.7990239726,144.7521842537 -37.7990228855)
13507		1	1		50.386	POINT(144.7523897757 -37.7994899214)	LINESTRING(144.7521834716 -37.7996176045,144.7521899641 -37.7995902957,144.7522017970 -37.7995637250,144.7522184694 -37.7995380936,144.7522394804 -37.7995136030,144.7522643289 -37.7994904543,144.7522925139 -37.7994688489,144.7523235345 -37.7994489880,144.7523568896 -37.7994310728,144.7523920783 -37.7994153048,144.7524285997 -37.7994018851,144.7524659526 -37.7993910150,144.7525036361 -37.7993828959,144.7525411493 -37.7993777289,144.7525779911 -37.7993757154,144.7526136606 -37.7993770567)
13508		1	1		1.001	POINT(144.7522809852 -37.7983031492)	LINESTRING(144.7522803976 -37.7983076248,144.7522815727 -37.7982986736)
13509		1	1		1.001	POINT(144.7520645692 -37.7999109590)	LINESTRING(144.7520640139 -37.7999155988,144.7520651703 -37.7999066463)
13511		1	1		4.556	POINT(144.7519899966 -37.8006541855)	LINESTRING(144.7519856747 -37.8006743046,144.7519942862 -37.8006339407)
13513		1	1		5.939	POINT(144.7518967799 -37.8012050523)	LINESTRING(144.7518935179 -37.8012317332,144.7519000666 -37.8011786205)
13560		3	1		3.137	POINT(144.7518243305 -37.7938672591)	LINESTRING(144.7518102337 -37.7938585806,144.7518381921 -37.7938760935)
13561		3	1		4.867	POINT(144.7523616579 -37.7942085876)	LINESTRING(144.7523409388 -37.7941940864,144.7523823915 -37.7942230696)
13562	Western Fwy  Deer Park Byp	3	1		9.172	POINT(144.7498059250 -37.7920281593)	LINESTRING(144.7497844732 -37.7919907810,144.7498268223 -37.7920661043)
13563	Western Fwy  Deer Park Byp	3	1		12.041	POINT(144.7495054235 -37.7914396464)	LINESTRING(144.7494806289 -37.7913889701,144.7495308804 -37.7914896287)
13564		3	1		22.613	POINT(144.7508309181 -37.7931743966)	LINESTRING(144.7507519279 -37.7930940043,144.7507892644 -37.7931353514,144.7508282243 -37.7931757888,144.7508689294 -37.7932151219,144.7509115016 -37.7932531558)
13565		3	1		10.518	POINT(144.7498891298 -37.7920055169)	LINESTRING(144.7498573605 -37.7919654733,144.7498642487 -37.7919735720,144.7498829338 -37.7919971460,144.7499025832 -37.7920203429,144.7499219820 -37.7920450003)
13566		3	1		7.013	POINT(144.7524075665 -37.7941737349)	LINESTRING(144.7523753881 -37.7941554465,144.7523935889 -37.7941659900,144.7524125018 -37.7941757702,144.7524405568 -37.7941917447)
13567		3	1		18.532	POINT(144.7527830288 -37.7941589536)	LINESTRING(144.7527364145 -37.7942286161,144.7527488269 -37.7942192168,144.7527600782 -37.7942089491,144.7527702356 -37.7941979121,144.7527793660 -37.7941862051,144.7527875366 -37.7941739274,144.7527948143 -37.7941611781,144.7528012662 -37.7941480566,144.7528069593 -37.7941346621,144.7528119607 -37.7941210938,144.7528163374 -37.7941074510,144.7528201565 -37.7940938328,144.7528234850 -37.7940803387)
13568		3	1		82.750	POINT(144.7528405676 -37.7946893830)	LINESTRING(144.7526453926 -37.7943890874,144.7527090015 -37.7944267545,144.7527737067 -37.7944635291,144.7528360170 -37.7945022880,144.7528924414 -37.7945459075,144.7529246997 -37.7945771085,144.7529537863 -37.7946104134,144.7529786518 -37.7946456614,144.7529982468 -37.7946826919,144.7530106638 -37.7947189585,144.7530176544 -37.7947563232,144.7530205735 -37.7947942052,144.7530207758 -37.7948320237,144.7530161951 -37.7948768258,144.7530065967 -37.7949212935,144.7529956637 -37.7949656960,144.7529870771 -37.7950103024)
13569		3	1		44.905	POINT(144.7531693431 -37.7947788552)	LINESTRING(144.7529221285 -37.7947535773,144.7529539746 -37.7947471234,144.7529871547 -37.7947420964,144.7530213552 -37.7947385529,144.7530562627 -37.7947365496,144.7530915637 -37.7947361431,144.7531269448 -37.7947373901,144.7531620923 -37.7947403472,144.7531966928 -37.7947450711,144.7532304329 -37.7947516185,144.7532629989 -37.7947600459,144.7532940775 -37.7947704101,144.7533233551 -37.7947827677,144.7533505183 -37.7947971753,144.7533752535 -37.7948136896,144.7533972432 -37.7948323699)
13570		3	1		0.884	POINT(144.7550786474 -37.7962304554)	LINESTRING(144.7550757741 -37.7962279229,144.7550841770 -37.7962322773)
13571	Western Fwy  Deer Park Byp	3	1		18.477	POINT(144.7567279101 -37.7969853275)	LINESTRING(144.7566290427 -37.7969590637,144.7568286001 -37.7970110475)
13572	Western Fwy  Deer Park Byp	3	1		31.094	POINT(144.7586544740 -37.7973281355)	LINESTRING(144.7584809138 -37.7973091696,144.7588312938 -37.7973467877)
13573		2	2		17.799	POINT(144.7567557417 -37.7969254167)	LINESTRING(144.7566605327 -37.7968995614,144.7568522039 -37.7969509707)
13574		2	2		19.631	POINT(144.7560141993 -37.7966886333)	LINESTRING(144.7559131530 -37.7966519986,144.7561164322 -37.7967249131)
13575		1	1		49.345	POINT(144.7530350885 -37.7947931369)	LINESTRING(144.7530632598 -37.7945717825,144.7530067178 -37.7950129495)
13576		1	1		2.784	POINT(144.7530915698 -37.7942744195)	LINESTRING(144.7530932098 -37.7942619626,144.7530899238 -37.7942868439)
13582		1	1		3.934	POINT(144.7532669111 -37.7930491221)	LINESTRING(144.7532708214 -37.7930316386,144.7532629436 -37.7930664428)
13583		1	1		5.294	POINT(144.7531926547 -37.7942905203)	LINESTRING(144.7531925045 -37.7942670852,144.7531928176 -37.7943146556)
13584		3	1		31.026	POINT(144.7533140625 -37.7947264612)	LINESTRING(144.7532318669 -37.7945999994,144.7532437804 -37.7946380523,144.7532618511 -37.7946746540,144.7532849387 -37.7947099076,144.7533119026 -37.7947439161,144.7533416023 -37.7947767824,144.7533728974 -37.7948086095,144.7534046104 -37.7948395241)
13585		1	1		18.594	POINT(144.7532833715 -37.7928531007)	LINESTRING(144.7532997717 -37.7927703877,144.7532668703 -37.7929354466)
13586		1	1		7.416	POINT(144.7531215206 -37.7930008316)	LINESTRING(144.7531141444 -37.7930336814,144.7531289062 -37.7929680646)
13598		3	1		6.187	POINT(144.7870785486 -37.7915650847)	LINESTRING(144.7870720386 -37.7915924967,144.7870851257 -37.7915378689)
13600	Western Fwy  Deer Park Byp	3	1		4.776	POINT(144.7788155040 -37.7989135280)	LINESTRING(144.7787880200 -37.7989117213,144.7788421379 -37.7989153764)
13601	Western Fwy  Deer Park Byp	3	1		4.613	POINT(144.7795879140 -37.7989888396)	LINESTRING(144.7795615687 -37.7989866914,144.7796137448 -37.7989910266)
13602		3	1		6.092	POINT(144.7819835376 -37.7989764470)	LINESTRING(144.7819480763 -37.7989768481,144.7820173466 -37.7989760362)
13603		3	1		12.904	POINT(144.7796368139 -37.7989386847)	LINESTRING(144.7795642981 -37.7989395030,144.7797110224 -37.7989378569)
13608	Western Fwy  Deer Park Byp	80	2		1.730	POINT(144.7704093998 -37.7984386983)	LINESTRING(144.7704191169 -37.7984398193,144.7703996472 -37.7984375847)
13609	Western Fwy  Deer Park Byp	80	1		24.941	POINT(144.7730591519 -37.7986561195)	LINESTRING(144.7732003253 -37.7986680391,144.7729183157 -37.7986441750)
13610		2	2		14.691	POINT(144.7747780220 -37.7989624580)	LINESTRING(144.7748614805 -37.7989747577,144.7746963829 -37.7989545402)
13611		80	2		19.217	POINT(144.7730134629 -37.7987450713)	LINESTRING(144.7731215801 -37.7987545667,144.7729043682 -37.7987356186)
13612	Western Fwy  Deer Park Byp	80	2		189.844	POINT(144.7716069469 -37.7985777235)	LINESTRING(144.7726779928 -37.7986633150,144.7705333245 -37.7984679732)
13613		1	1		46.150	POINT(144.7521735193 -37.7994833111)	LINESTRING(144.7519888656 -37.7993594997,144.7520061756 -37.7993612403,144.7520237813 -37.7993637983,144.7520416076 -37.7993671444,144.7520595795 -37.7993712492,144.7520776220 -37.7993760834,144.7520956598 -37.7993816175,144.7521136181 -37.7993878222,144.7521314218 -37.7993946682,144.7521489957 -37.7994021261,144.7521662648 -37.7994101664,144.7521831541 -37.7994187600,144.7521995885 -37.7994278773,144.7522154929 -37.7994374891,144.7522307923 -37.7994475659,144.7522454116 -37.7994580785,144.7522592757 -37.7994689974,144.7522723097 -37.7994802932,144.7522844383 -37.7994919367,144.7522955867 -37.7995038985,144.7523056796 -37.7995161491,144.7523146421 -37.7995286592,144.7523223991 -37.7995413996,144.7523288755 -37.7995543407,144.7523339963 -37.7995674532,144.7523376863 -37.7995807079,144.7523398707 -37.7995940752,144.7523404741 -37.7996075259,144.7523394212 -37.7996210347)
13614		1	1		4.234	POINT(144.7531978914 -37.7934254851)	LINESTRING(144.7532012992 -37.7934066897,144.7531945038 -37.7934443557)
13616		1	1		1.201	POINT(144.7531294863 -37.7940841639)	LINESTRING(144.7531299806 -37.7940787857,144.7531289920 -37.7940895534)
13617		1	1		1.222	POINT(144.7529690396 -37.7936269129)	LINESTRING(144.7529677884 -37.7936323116,144.7529702909 -37.7936215143)
13618		1	1		86.212	POINT(144.7532590797 -37.7934169728)	LINESTRING(144.7532910417 -37.7930307690,144.7532802375 -37.7932617028,144.7532409893 -37.7935519488,144.7532385967 -37.7935874914,144.7532271184 -37.7938034459)
13619		1	1		26.942	POINT(144.7531517845 -37.7936786949)	LINESTRING(144.7531751724 -37.7935576397,144.7531476725 -37.7937987671)
13621	Western Fwy  Deer Park Byp	3	1		1.001	POINT(144.7760076383 -37.7991344845)	LINESTRING(144.7760132325 -37.7991353251,144.7760020441 -37.7991336439)
15024		3	1		4.518	POINT(144.7427663462 -37.7661766653)	LINESTRING(144.7427709087 -37.7661759737,144.7427434494 -37.7661416472)
24810		3	1	1	160.831	POINT(144.7539875236 -37.7953825547)	LINESTRING(144.7533963445 -37.7948314972,144.7534781868 -37.7949109727,144.7535596184 -37.7949908568,144.7536408297 -37.7950709914,144.7537220109 -37.7951512180,144.7538033525 -37.7952313783,144.7538850446 -37.7953113139,144.7539672778 -37.7953908667,144.7540502423 -37.7954698782,144.7541341284 -37.7955481901,144.7542191264 -37.7956256442,144.7543054268 -37.7957020820,144.7543932198 -37.7957773453,144.7544826958 -37.7958512758,144.7545809575 -37.7959316001)
24811		3	1	1	19.385	POINT(144.7546992679 -37.7959952543)	LINESTRING(144.7546168542 -37.7959377837,144.7546898639 -37.7959893330,144.7547651238 -37.7960388376,144.7547844267 -37.7960509007)
24812		3	1		3.285	POINT(144.7545919856 -37.7959414149)	LINESTRING(144.7545793922 -37.7959303205,144.7546058894 -37.7959511305)
24813	Western Fwy  Deer Park Byp	3	1	1	244.971	POINT(144.7310214116 -37.7534365063)	LINESTRING(144.7322022152 -37.7540111811,144.7321580963 -37.7539844293,144.7321138336 -37.7539578005,144.7320694277 -37.7539312969,144.7320248790 -37.7539049207,144.7319801879 -37.7538786740,144.7319353548 -37.7538525592,144.7318903802 -37.7538265783,144.7318452646 -37.7538007337,144.7318000084 -37.7537750274,144.7317546120 -37.7537494617,144.7317090759 -37.7537240388,144.7316634006 -37.7536987609,144.7316175864 -37.7536736302,144.7315716338 -37.7536486488,144.7315255432 -37.7536238191,144.7314793152 -37.7535991431,144.7314329500 -37.7535746231,144.7313864483 -37.7535502613,144.7313398104 -37.7535260599,144.7312930368 -37.7535020210,144.7312461278 -37.7534781470,144.7311990841 -37.7534544399,144.7311519059 -37.7534309020,144.7311045938 -37.7534075355,144.7310571481 -37.7533843426,144.7310095694 -37.7533613255,144.7309618581 -37.7533384863,144.7309140146 -37.7533158273,144.7308660393 -37.7532933507,144.7308179328 -37.7532710587,144.7307696954 -37.7532489535,144.7307213276 -37.7532270372,144.7306728298 -37.7532053121,144.7306242025 -37.7531837804,144.7305754461 -37.7531624443,144.7305265611 -37.7531413060,144.7304775479 -37.7531203676,144.7304284069 -37.7530996314,144.7303791386 -37.7530790996,144.7303297435 -37.7530587744,144.7302802220 -37.7530386579,144.7302305745 -37.7530187524,144.7301808014 -37.7529990601,144.7301309033 -37.7529795832,144.7300808805 -37.7529603239,144.7300307335 -37.7529412843,144.7299804627 -37.7529224667,144.7299300687 -37.7529038732,144.7298795518 -37.7528855062,144.7298289124 -37.7528673677)
24814	Western Fwy  Deer Park Byp	3	1		1.191	POINT(144.7322052294 -37.7540134994)	LINESTRING(144.7322106655 -37.7540166552,144.7322001397 -37.7540099226)
24819		1	1		10.096	POINT(144.7388635852 -37.7633653432)	LINESTRING(144.7388260305 -37.7633995122,144.7388471695 -37.7633750722,144.7388753068 -37.7633540757,144.7389052749 -37.7633347608)
24821	Western Fwy  Deer Park Byp	3	1	1	1502.944	POINT(144.7358720782 -37.7583274265)	LINESTRING(144.7306867735 -37.7530636050,144.7310885628 -37.7532578583,144.7312673251 -37.7533492264,144.7314367091 -37.7534428781,144.7316114010 -37.7535367194,144.7316719627 -37.7535686726,144.7317321445 -37.7536010471,144.7317921839 -37.7536337976,144.7318521258 -37.7536667750,144.7319119274 -37.7536999316,144.7319714983 -37.7537333037,144.7320308754 -37.7537669021,144.7320900582 -37.7538007168,144.7321490759 -37.7538347680,144.7322078939 -37.7538690390,144.7322665206 -37.7539035252,144.7323249558 -37.7539382167,144.7323832276 -37.7539731335,144.7324413025 -37.7540082592,144.7324991891 -37.7540435891,144.7325568875 -37.7540791135,144.7326144227 -37.7541148512,144.7326717644 -37.7541507870,144.7327289212 -37.7541869164,144.7327858937 -37.7542232301,144.7328427016 -37.7542597438,144.7328993198 -37.7542964452,144.7329557573 -37.7543333300,144.7330120145 -37.7543703890,144.7330681045 -37.7544076340,144.7331240092 -37.7544450564,144.7331797374 -37.7544826524,144.7332352901 -37.7545204129,144.7332906716 -37.7545583441,144.7333458727 -37.7545964430,144.7334009020 -37.7546347060,144.7334557608 -37.7546731242,144.7335104433 -37.7547116967,144.7335649506 -37.7547504275,144.7336192912 -37.7547893132,144.7336734666 -37.7548283451,144.7337274599 -37.7548675140,144.7337812832 -37.7549068321,144.7338349453 -37.7549462962,144.7342876588 -37.7553199394,144.7346763159 -37.7556785857,144.7350587815 -37.7560559404,144.7355157154 -37.7565204442,144.7357703671 -37.7568167100,144.7360209252 -37.7571151279,144.7362674513 -37.7574156483,144.7365099141 -37.7577181090,144.7370173898 -37.7583712405,144.7375143032 -37.7590297076,144.7380066814 -37.7596907925,144.7385002844 -37.7603514103,144.7386683213 -37.7605757306,144.7388358879 -37.7608004327,144.7390037581 -37.7610250450,144.7391728114 -37.7612492354,144.7394722721 -37.7616419226,144.7397733293 -37.7620337693,144.7400754464 -37.7624250728,144.7403780580 -37.7628160931,144.7405361878 -37.7630197818,144.7406850966 -37.7631857277,144.7408340366 -37.7633712155,144.7410395625 -37.7636041369)
24822	Western Fwy  Deer Park Byp	3	1		1.445	POINT(144.7306800619 -37.7530602346)	LINESTRING(144.7306725872 -37.7530570411,144.7306867735 -37.7530636050)
24837	Leakes Rd	1	1		2.440	POINT(144.6531775479 -37.7212235244)	LINESTRING(144.6531676921 -37.7212310634,144.6531874037 -37.7212156211)
27111	Leakes Rd	1	1	1	64.499	POINT(144.6528877921 -37.7213997412)	LINESTRING(144.6526051597 -37.7215850432,144.6531199217 -37.7212463320,144.6531653159 -37.7212107697)
27130		1	1		16.535	POINT(144.6507267422 -37.7256214787)	LINESTRING(144.6508295218 -37.7256141913,144.6507811884 -37.7256108853,144.6507305230 -37.7256116760,144.6506856435 -37.7256211933,144.6506546675 -37.7256440670)
27131		1	1		43.511	POINT(144.6056374264 -37.6876560392)	LINESTRING(144.6054943914 -37.6875170860,144.6055222734 -37.6875220838,144.6055499609 -37.6875300408,144.6055771715 -37.6875406970,144.6056036230 -37.6875537923,144.6056290329 -37.6875690670,144.6056531190 -37.6875862611,144.6056755990 -37.6876051147,144.6056961905 -37.6876253677,144.6057146112 -37.6876467603,144.6057305787 -37.6876690326,144.6057438109 -37.6876919246,144.6057540252 -37.6877151763,144.6057609395 -37.6877385279,144.6057642714 -37.6877617194,144.6057637386 -37.6877844909,144.6057590358 -37.6878068701)
27132		1	1		60.677	POINT(144.6058390634 -37.6875442378)	LINESTRING(144.6055014835 -37.6874860831,144.6056578096 -37.6875151100,144.6058305417 -37.6875432534,144.6060033649 -37.6875711190,144.6061755259 -37.6876026513)
27133		1	1		55.761	POINT(144.6056695564 -37.6876035730)	LINESTRING(144.6059793595 -37.6876560116,144.6058283282 -37.6876299175,144.6056723200 -37.6876023069,144.6055160960 -37.6875755656,144.6053592729 -37.6875512201)
27134		1	1		50.589	POINT(144.6056247767 -37.6874793053)	LINESTRING(144.6058623550 -37.6873891248,144.6058308685 -37.6874424717,144.6057768981 -37.6874856617,144.6057062054 -37.6875188009,144.6056245520 -37.6875419955,144.6055376994 -37.6875553515,144.6054514093 -37.6875589751,144.6053714434 -37.6875529722)
27135	Gateway Dr	1	1	1	41.391	POINT(144.6052658756 -37.6874730263)	LINESTRING(144.6050333256 -37.6874444080,144.6054984256 -37.6875016446)
27136	Gateway Dr	1	1		4.617	POINT(144.6050104216 -37.6874256547)	LINESTRING(144.6049845069 -37.6874224623,144.6050363892 -37.6874288471)
27138	Zone connector	1	1		6.746	POINT(144.6063037275 -37.6876925125)	LINESTRING(144.6063408223 -37.6876974878,144.6062651219 -37.6876876370)
27139	Leakes Rd	1	1	1	70.802	POINT(144.6551034873 -37.7158147856)	LINESTRING(144.6550551775 -37.7161309428,144.6551517972 -37.7154986270)
27140	Leakes Rd	1	1		18.417	POINT(144.6551808043 -37.7154181415)	LINESTRING(144.6551715540 -37.7155005162,144.6551900386 -37.7153354835)
271392		1	1	1	110.304	POINT(144.6531175011 -37.7161116475)	LINESTRING(144.6537289523 -37.7162220529,144.6525060499 -37.7160012420)
271393		1	1		7.684	POINT(144.6537686971 -37.7162283660)	LINESTRING(144.6538119414 -37.7162351019,144.6537262574 -37.7162215663)
271394	Taylors Rd	1	1	1	39.384	POINT(144.6561940680 -37.7166602598)	LINESTRING(144.6564126317 -37.7166988162,144.6559755043 -37.7166217034)
271395	Taylors Rd	1	1		1.002	POINT(144.6564268472 -37.7166690658)	LINESTRING(144.6564324052 -37.7166700463,144.6564212893 -37.7166680854)
271396	Leakes Rd	1	1	1	29.204	POINT(144.6556105751 -37.7140817039)	LINESTRING(144.6556095944 -37.7139503477,144.6556115559 -37.7142130597)
271397	Leakes Rd	1	1		0.948	POINT(144.6556296234 -37.7139457494)	LINESTRING(144.6556297669 -37.7139417296,144.6556294948 -37.7139502593)
271410		1	1	1	19.241	POINT(144.7013136106 -37.7418679498)	LINESTRING(144.7013309068 -37.7417825242,144.7012963144 -37.7419533752)
271413		1	1		12.636	POINT(144.7012650306 -37.7419945493)	LINESTRING(144.7012981056 -37.7419445286,144.7012911728 -37.7419622316,144.7012794560 -37.7419786676,144.7012653121 -37.7419944656,144.7012510982 -37.7420102542,144.7012391715 -37.7420266621,144.7012318890 -37.7420443183)
271414		1	1		11.649	POINT(144.7013196966 -37.7417314468)	LINESTRING(144.7013082437 -37.7416802524,144.7013081851 -37.7416973436,144.7013128181 -37.7417143905,144.7013197747 -37.7417314126,144.7013266871 -37.7417484293,144.7013311871 -37.7417654600,144.7013309068 -37.7417825242)
271619	Melton Hwy	139	1	1	167.549	POINT(144.6050558945 -37.6894984871)	LINESTRING(144.6047956907 -37.6902202905,144.6048678427 -37.6900691439,144.6049416359 -37.6899184196,144.6050121466 -37.6897668495,144.6050744513 -37.6896131656,144.6051432414 -37.6894010650,144.6052006786 -37.6891866985,144.6052535746 -37.6889714252,144.6053146614 -37.6887730017)
271691		139	1		6.247	POINT(144.6045691757 -37.6916704950)	LINESTRING(144.6045623580 -37.6916986425,144.6045762695 -37.6916435165)
271692		139	1		3.577	POINT(144.6039689456 -37.6903454256)	LINESTRING(144.6039564341 -37.6903331366,144.6039868347 -37.6903545220)
271693		139	1		7.894	POINT(144.6054828033 -37.6912825039)	LINESTRING(144.6055073157 -37.6913117908,144.6054595986 -37.6912516168)
271694		1	1		21.232	POINT(144.6054868154 -37.6911975202)	LINESTRING(144.6054372805 -37.6911091375,144.6055376635 -37.6912829008)
271695		1	1		8.059	POINT(144.6047446569 -37.6916339831)	LINESTRING(144.6047616256 -37.6916011305,144.6047288832 -37.6916688626)
271696		1	1		2.986	POINT(144.6045466931 -37.6924547133)	LINESTRING(144.6045488973 -37.6924415888,144.6045445124 -37.6924682333)
271697		1	1	1	10.611	POINT(144.7010416061 -37.7411810478)	LINESTRING(144.7010349751 -37.7412284700,144.7010482371 -37.7411336256)
271701		1	1		24.471	POINT(144.7010218434 -37.7413373665)	LINESTRING(144.7010086414 -37.7414469722,144.7010350541 -37.7412279050)
271702		1	1		48.067	POINT(144.6508340693 -37.7254686344)	LINESTRING(144.6509571615 -37.7252754334,144.6507107351 -37.7256613476)
271703		1	1		35.629	POINT(144.6524231780 -37.7216609510)	LINESTRING(144.6522810327 -37.7217750878,144.6525674673 -37.7215484173)
271704		1	1		44.425	POINT(144.6527834906 -37.7219086868)	LINESTRING(144.6529498338 -37.7217583608,144.6526181417 -37.7220597709)
271707		1	1		19.142	POINT(144.6504704320 -37.7252809544)	LINESTRING(144.6504120292 -37.7253535293,144.6505284143 -37.7252080300)
271708	Western Fwy  Deer Park Byp	3	1	1	286.219	POINT(144.7686931649 -37.7983029008)	LINESTRING(144.7703099594 -37.7984443510,144.7685035860 -37.7982723421,144.7670750586 -37.7981615636)
271709	Western Fwy  Deer Park Byp	3	1		1.001	POINT(144.7703158660 -37.7984448765)	LINESTRING(144.7703212609 -37.7984454272,144.7703099538 -37.7984443505)
271710		80	2		1.779	POINT(144.7704019099 -37.7984859569)	LINESTRING(144.7704118153 -37.7984875478,144.7703919869 -37.7984843697)
271711		80	2		19.870	POINT(144.7730207697 -37.7987051833)	LINESTRING(144.7731327934 -37.7987195606,144.7729089207 -37.7986953317)
271712		2	2	1	32.400	POINT(144.7557661860 -37.7965742499)	LINESTRING(144.7556025442 -37.7965073914,144.7559298278 -37.7966411083)
271713		2	2		10.529	POINT(144.7555560200 -37.7964860529)	LINESTRING(144.7555047823 -37.7964617644,144.7556080519 -37.7965096417)
271714		3	1	1	39.115	POINT(144.7510344651 -37.7946024872)	LINESTRING(144.7511071254 -37.7947692488,144.7510949098 -37.7947404561,144.7509841762 -37.7944859836,144.7509611217 -37.7944372483)
271715		3	1		1.012	POINT(144.7511089530 -37.7947735563)	LINESTRING(144.7511107823 -37.7947778681,144.7511071236 -37.7947692445)
271716		3	1	1	21.876	POINT(144.7512391914 -37.7950790259)	LINESTRING(144.7512794663 -37.7951719014,144.7512032875 -37.7949959065,144.7511990330 -37.7949858784)
271717		3	1		5.619	POINT(144.7513073910 -37.7951861648)	LINESTRING(144.7513183316 -37.7952098994,144.7512964167 -37.7951624702)
271718		3	1	1	23.426	POINT(144.7511530792 -37.7948775637)	LINESTRING(144.7511954183 -37.7949773583,144.7511107402 -37.7947777689)
271719		3	1		1.001	POINT(144.7511972265 -37.7949816206)	LINESTRING(144.7511990366 -37.7949858869,144.7511954165 -37.7949773541)
271720		3	1	1	60.887	POINT(144.7507416480 -37.7940140521)	LINESTRING(144.7508964016 -37.7942595919,144.7508718535 -37.7942130638,144.7508458152 -37.7941670302,144.7508191808 -37.7941211943,144.7505853581 -37.7937710885)
271721		3	1		20.512	POINT(144.7509382415 -37.7943451788)	LINESTRING(144.7509797625 -37.7944317419,144.7508964016 -37.7942595919)
271722		3	1	1	31.319	POINT(144.7549341912 -37.7961424258)	LINESTRING(144.7547933463 -37.7960564748,144.7548419893 -37.7960868733,144.7549198159 -37.7961340157,144.7549979590 -37.7961808403,144.7550757741 -37.7962279229)
271723		3	1		1.001	POINT(144.7547888841 -37.7960536863)	LINESTRING(144.7547844178 -37.7960508951,144.7547933507 -37.7960564775)
271724	Western Fwy  Deer Park Byp	3	1	1	467.095	POINT(144.7613022009 -37.7977089339)	LINESTRING(144.7639461216 -37.7979189223,144.7589840863 -37.7975341272,144.7588236633 -37.7975180076,144.7586613634 -37.7974986416)
271725	Western Fwy  Deer Park Byp	3	1		1.001	POINT(144.7639517832 -37.7979193613)	LINESTRING(144.7639574504 -37.7979198008,144.7639461160 -37.7979189219)
271726	Western Fwy  Deer Park Byp	3	1	1	274.470	POINT(144.7655105901 -37.7980402430)	LINESTRING(144.7670637411 -37.7981606859,144.7639574391 -37.7979197999)
271727	Western Fwy  Deer Park Byp	3	1		1.001	POINT(144.7670694027 -37.7981611250)	LINESTRING(144.7670750699 -37.7981615645,144.7670637354 -37.7981606855)

