$MOVEMENTEVALUATION:SIMRUN	TIMEINT	MOVEMENT	MOVEMENT\FROMLINK	MOVEMENT\TOLINK	VEHS(ALL)	VEHS(10)	VEHS(20)	VEHS(30)	VEHS(40)	VEHDELAY(ALL)	VEHDELAY(10)	VEHDELAY(20)	VEHDELAY(30)	VEHDELAY(40)	STOPDELAY(ALL)	STOPDELAY(10)	STOPDELAY(20)	STOPDELAY(30)	STOPDELAY(40)	LOS(ALL)	LOSVAL(ALL)	QLEN	QLENMAX	VEHS(50)	VEHDELAY(50)	STOPDELAY(50)	LOS(50)	LOSVAL(50)
1	3600-7200	44-15@10.7-243: Ferris Rd  Melton Hwy@24.7	15	243	153	141	0	10	0	0.31	0.32		0.14		0.00	0.00		0.00		LOS_A	1	0.00	0.00	2	0.18	0.00	LOS_A	1
1	3600-7200	44-421: Ferris Rd@65.5-20@13.7	421	20	137	124	0	10	3	1.69	1.52		3.31	3.61	0.00	0.00		0.00	0.00	LOS_A	1	0.00	0.00	0			LOS_A	
1	3600-7200	44-421: Ferris Rd@65.5-243: Ferris Rd  Melton Hwy@24.7	421	243	582	547	0	26	7	0.35	0.33		0.60	0.50	0.00	0.00		0.00	0.00	LOS_A	1	0.00	0.00	2	0.25	0.00	LOS_A	1
1	3600-7200	44-682@2.4-420: Ferris Rd@77.1	682	420	122	98	0	21	3	0.13	0.13		0.13	0.06	0.00	0.00		0.00	0.00	LOS_A	1	0.00	0.00	0			LOS_A	
1	3600-7200	44-10393@15.0-19@37.7	10393	19	10	10	0	0	0	0.17	0.17				0.00	0.00				LOS_A	1	0.00	0.00	0			LOS_A	
1	3600-7200	44-10393@15.0-420: Ferris Rd@77.1	10393	420	208	200	0	6	0	0.04	0.05		0.00		0.00	0.00		0.00		LOS_A	1	0.00	0.00	2	0.00	0.00	LOS_A	1
1	3600-7200	44			1212	1120	0	73	13	0.42	0.39		0.72	1.11	0.00	0.00		0.00	0.00	LOS_A	1	0.00	0.00	6	0.14	0.00	LOS_A	1
1	3600-7200	45-499: Zone connector@162.8-95: Melton Hwy@34.7	499	95	1	1	0	0	0	0.00	0.00				0.00	0.00				LOS_A	1	0.00	0.00	0			LOS_A	
1	3600-7200	45-499: Zone connector@162.8-307: Melton Hwy@21.7	499	307	5	5	0	0	0	0.04	0.04				0.00	0.00				LOS_A	1	0.00	0.00	0			LOS_A	
1	3600-7200	45-499: Zone connector@162.8-363: Gateway Dr@34.4	499	363	0	0	0	0	0											LOS_A		0.00	0.00	0			LOS_A	
1	3600-7200	45-677: Melton Hwy@21.1-307: Melton Hwy@21.7	677	307	300	286	0	14	0	0.05	0.05		0.07		0.00	0.00		0.00		LOS_A	1	0.00	0.00	0			LOS_A	
1	3600-7200	45-677: Melton Hwy@21.1-363: Gateway Dr@34.4	677	363	11	11	0	0	0	1.09	1.09				0.00	0.00				LOS_A	1	0.00	0.00	0			LOS_A	
1	3600-7200	45-677: Melton Hwy@21.1-500: Zone connector@16.0	677	500	2	2	0	0	0	3.80	3.80				0.00	0.00				LOS_A	1	0.00	0.00	0			LOS_A	
1	3600-7200	45-680: Melton Hwy@12.0-95: Melton Hwy@34.7	680	95	239	232	0	7	0	0.23	0.22		0.47		0.00	0.00		0.00		LOS_A	1	0.00	0.00	0			LOS_A	
1	3600-7200	45-680: Melton Hwy@12.0-363: Gateway Dr@34.4	680	363	61	60	0	1	0	3.24	3.21		5.57		0.00	0.00		0.00		LOS_A	1	0.00	0.00	0			LOS_A	
1	3600-7200	45-680: Melton Hwy@12.0-500: Zone connector@16.0	680	500	23	22	0	1	0	6.72	6.72		6.87		0.00	0.00		0.00		LOS_A	1	0.00	0.00	0			LOS_A	
1	3600-7200	45-27136: Gateway Dr@1.7-95: Melton Hwy@34.7	27136	95	0	0	0	0	0											LOS_A		0.00	0.00	0			LOS_A	
1	3600-7200	45-27136: Gateway Dr@1.7-307: Melton Hwy@21.7	27136	307	9	8	0	1	0	0.40	0.11		2.68		0.00	0.00		0.00		LOS_A	1	0.00	0.00	0			LOS_A	
1	3600-7200	45-27136: Gateway Dr@1.7-500: Zone connector@16.0	27136	500	0	0	0	0	0											LOS_A		0.00	0.00	0			LOS_A	
1	3600-7200	45			651	627	0	24	0	0.69	0.68		0.81		0.00	0.00		0.00		LOS_A	1	0.00	0.00	0			LOS_A	
1	3600-7200	46-12: Hopkins Rd@68.7-44: Hopkins Rd@23.1	12	44	445	394	1	31	6	0.46	0.48	0.36	0.35	0.29	0.00	0.00	0.00	0.00	0.00	LOS_A	1	0.01	8.69	13	0.19	0.00	LOS_A	1
1	3600-7200	46-12: Hopkins Rd@68.7-104@37.0	12	104	89	84	0	4	1	0.76	0.80		0.10	0.10	0.01	0.01		0.00	0.00	LOS_A	1	0.01	8.69	0			LOS_A	
1	3600-7200	46-12: Hopkins Rd@68.7-428@34.4	12	428	13	13	0	0	0	0.09	0.09				0.00	0.00				LOS_A	1	0.01	8.69	0			LOS_A	
1	3600-7200	46-12: Hopkins Rd@68.7-1243: Hopkins Rd@4.1	12	1243	0	0	0	0	0											LOS_A		0.01	8.69	0			LOS_A	
1	3600-7200	46-255: Hopkins Rd@16.9-44: Hopkins Rd@23.1	255	44	0	0	0	0	0											LOS_A		0.00	0.00	0			LOS_A	
1	3600-7200	46-255: Hopkins Rd@16.9-104@37.0	255	104	91	87	0	1	1	0.57	0.56		0.34	1.59	0.00	0.00		0.00	0.00	LOS_A	1	0.00	0.00	2	0.34	0.00	LOS_A	1
1	3600-7200	46-255: Hopkins Rd@16.9-428@34.4	255	428	11	11	0	0	0	0.13	0.13				0.00	0.00				LOS_A	1	0.00	0.00	0			LOS_A	
1	3600-7200	46-255: Hopkins Rd@16.9-1243: Hopkins Rd@4.1	255	1243	372	342	0	17	0	0.49	0.49		0.35		0.00	0.00		0.00		LOS_A	1	0.00	0.00	13	0.64	0.00	LOS_A	1
1	3600-7200	46-257@10.6-44: Hopkins Rd@23.1	257	44	71	55	0	11	5	0.43	0.42		0.37	0.68	0.00	0.00		0.00	0.00	LOS_A	1	0.00	0.00	0			LOS_A	
1	3600-7200	46-257@10.6-104@37.0	257	104	0	0	0	0	0											LOS_A		0.00	0.00	0			LOS_A	
1	3600-7200	46-257@10.6-428@34.4	257	428	0	0	0	0	0											LOS_A		0.00	0.00	0			LOS_A	
1	3600-7200	46-257@10.6-1243: Hopkins Rd@4.1	257	1243	99	67	1	26	5	0.40	0.41	0.38	0.34	0.49	0.00	0.00	0.00	0.00	0.00	LOS_A	1	0.00	0.00	0			LOS_A	
1	3600-7200	46-429@91.6-44: Hopkins Rd@23.1	429	44	20	20	0	0	0	0.76	0.76				0.00	0.00				LOS_A	1	0.00	0.00	0			LOS_A	
1	3600-7200	46-429@91.6-104@37.0	429	104	0	0	0	0	0											LOS_A		0.00	0.00	0			LOS_A	
1	3600-7200	46-429@91.6-428@34.4	429	428	0	0	0	0	0											LOS_A		0.00	0.00	0			LOS_A	
1	3600-7200	46-429@91.6-1243: Hopkins Rd@4.1	429	1243	7	7	0	0	0	0.69	0.69				0.00	0.00				LOS_A	1	0.00	0.00	0			LOS_A	
1	3600-7200	46			1218	1080	2	90	18	0.49	0.51	0.37	0.34	0.52	0.00	0.00	0.00	0.00	0.00	LOS_A	1	0.00	8.69	28	0.41	0.00	LOS_A	1
1	3600-7200	47-4: Caroline Springs Blvd@6.8-212: Caroline Springs Blvd@4.7	4	212	620	585	0	16	2	1.75	1.23		2.70	1.47	0.03	0.02		0.31	0.00	LOS_A	1	0.12	51.57	17	18.72	0.00	LOS_C	3
1	3600-7200	47-4: Caroline Springs Blvd@6.8-446@6.0	4	446	0	0	0	0	0											LOS_A		0.12	51.57	0			LOS_A	
1	3600-7200	47-447@32.5-212: Caroline Springs Blvd@4.7	447	212	4	4	0	0	0	0.02	0.02				0.00	0.00				LOS_A	1	0.00	0.00	0			LOS_A	
1	3600-7200	47-887: Caroline Springs Blvd@16.4-448@12.1	887	448	371	325	0	26	3	0.34	0.24		0.32	0.10	0.00	0.00		0.00	0.00	LOS_A	1	0.00	0.00	17	2.24	0.00	LOS_A	1
1	3600-7200	47			995	914	0	42	5	1.22	0.88		1.23	0.65	0.02	0.01		0.12	0.00	LOS_A	1	0.04	51.57	34	10.48	0.00	LOS_B	2
1	3600-7200	49-351: Delma Rd@85.2-352: Eucumbene Dr@37.8	351	352	0	0	0	0	0											LOS_A		0.00	0.00	0			LOS_A	
1	3600-7200	49-351: Delma Rd@85.2-506: Zone connector@80.7	351	506	9	9	0	0	0	0.12	0.12				0.00	0.00				LOS_A	1	0.00	0.00	0			LOS_A	
1	3600-7200	49-353: Eucumbene Dr@275.9-350: Delma Rd@23.2	353	350	0	0	0	0	0											LOS_A		0.00	0.00	0			LOS_A	
1	3600-7200	49-353: Eucumbene Dr@275.9-506: Zone connector@80.7	353	506	36	36	0	0	0	0.07	0.07				0.00	0.00				LOS_A	1	0.00	0.00	0			LOS_A	
1	3600-7200	49-505: Zone connector@77.8-350: Delma Rd@23.2	505	350	2	0	0	2	0	0.05			0.05		0.00			0.00		LOS_A	1	0.00	0.00	0			LOS_A	
1	3600-7200	49-505: Zone connector@77.8-352: Eucumbene Dr@37.8	505	352	1	0	0	1	0	0.00			0.00		0.00			0.00		LOS_A	1	0.00	0.00	0			LOS_A	
1	3600-7200	49			48	45	0	3	0	0.08	0.08		0.04		0.00	0.00		0.00		LOS_A	1	0.00	0.00	0			LOS_A	
1	3600-7200	50-115: Western Hwy@22.9-209: Ballarat Rd  Western Hwy@28.7	115	209	481	464	1	12	4	0.12	0.11	0.00	0.30	0.26	0.00	0.00	0.00	0.00	0.00	LOS_A	1	0.00	0.00	0			LOS_A	
1	3600-7200	50-115: Western Hwy@22.9-283: Christies Rd@7.9	115	283	50	50	0	0	0	3.16	3.16				0.06	0.06				LOS_A	1	0.00	0.00	0			LOS_A	
1	3600-7200	50-461: Ballarat Rd  Western Hwy@7.1-114: Western Hwy@17.3	461	114	186	167	0	18	1	0.06	0.05		0.05	0.52	0.00	0.00		0.00	0.00	LOS_A	1	0.00	0.00	0			LOS_A	
1	3600-7200	50-461: Ballarat Rd  Western Hwy@7.1-209: Ballarat Rd  Western Hwy@28.7	461	209	2	0	0	2	0	0.48			0.48		0.00			0.00		LOS_A	1	0.00	0.00	0			LOS_A	
1	3600-7200	50-461: Ballarat Rd  Western Hwy@7.1-215: Caroline Springs Blvd@5.8	461	215	13	9	0	4	0	0.51	0.32		0.93		0.00	0.00		0.00		LOS_A	1	0.00	0.00	0			LOS_A	
1	3600-7200	50-648: Christies Rd@27.9-114: Western Hwy@17.3	648	114	20	18	0	2	0	0.37	0.33		0.71		0.00	0.00		0.00		LOS_A	1	0.00	0.00	0			LOS_A	
1	3600-7200	50-648: Christies Rd@27.9-209: Ballarat Rd  Western Hwy@28.7	648	209	52	47	0	5	0	2.71	2.43		5.28		0.00	0.00		0.00		LOS_A	1	0.00	0.00	0			LOS_A	
1	3600-7200	50-648: Christies Rd@27.9-215: Caroline Springs Blvd@5.8	648	215	157	124	0	15	1	0.21	0.15		0.32	0.77	0.00	0.00		0.00	0.00	LOS_A	1	0.00	0.00	17	0.56	0.00	LOS_A	1
1	3600-7200	50-649@8.2-283: Christies Rd@7.9	649	283	111	89	2	17	3	1.15	1.12	2.38	1.07	1.75	0.03	0.04	0.00	0.00	0.00	LOS_A	1	0.00	0.00	0			LOS_A	
1	3600-7200	50-651@22.8-215: Caroline Springs Blvd@5.8	651	215	201	192	0	7	2	0.59	0.54		1.54	2.11	0.00	0.00		0.00	0.00	LOS_A	1	0.00	0.00	0			LOS_A	
1	3600-7200	50-652: Caroline Springs Blvd@21.4-114: Western Hwy@17.3	652	114	67	62	0	4	1	0.91	0.83		1.78	2.50	0.00	0.00		0.00	0.00	LOS_A	1	0.00	0.00	0			LOS_A	
1	3600-7200	50-652: Caroline Springs Blvd@21.4-209: Ballarat Rd  Western Hwy@28.7	652	209	35	33	0	2	0	4.47	4.39		5.71		0.00	0.00		0.00		LOS_A	1	0.00	0.00	0			LOS_A	
1	3600-7200	50-652: Caroline Springs Blvd@21.4-283: Christies Rd@7.9	652	283	522	494	0	10	1	0.89	0.79		1.30	0.30	0.01	0.01		0.00	0.00	LOS_A	1	0.00	0.00	17	3.52	0.00	LOS_A	1
1	3600-7200	50			1897	1749	3	98	13	0.71	0.66	1.58	1.05	1.12	0.01	0.01	0.00	0.00	0.00	LOS_A	1	0.00	0.00	34	2.04	0.00	LOS_A	1
1	3600-7200	51-7: Ballarat Rd  Western Hwy@16.6-10: Ballarat Rd  Western Hwy@18.5	7	10	1	1	0	0	0	0.05	0.05				0.00	0.00				LOS_A	1	0.00	0.00	0			LOS_A	
1	3600-7200	51-7: Ballarat Rd  Western Hwy@16.6-385: Chisholm Dr@11.7	7	385	0	0	0	0	0											LOS_A		0.00	0.00	0			LOS_A	
1	3600-7200	51-7: Ballarat Rd  Western Hwy@16.6-670: Ballarat Rd  Western Hwy@1.4	7	670	0	0	0	0	0											LOS_A		0.00	0.00	0			LOS_A	
1	3600-7200	51-7: Ballarat Rd  Western Hwy@16.6-671: Panamax Rd@7.5	7	671	0	0	0	0	0											LOS_A		0.00	0.00	0			LOS_A	
1	3600-7200	51-347: Panamax Rd@4.8-10: Ballarat Rd  Western Hwy@18.5	347	10	31	28	1	2	0	0.12	0.10	0.14	0.37		0.00	0.00	0.00	0.00		LOS_A	1	0.00	0.00	0			LOS_A	
1	3600-7200	51-347: Panamax Rd@4.8-385: Chisholm Dr@11.7	347	385	3	3	0	0	0	0.84	0.84				0.00	0.00				LOS_A	1	0.00	0.00	0			LOS_A	
1	3600-7200	51-347: Panamax Rd@4.8-670: Ballarat Rd  Western Hwy@1.4	347	670	47	39	1	5	2	3.30	2.67	6.84	6.34	6.29	0.00	0.00	0.00	0.00	0.00	LOS_A	1	0.00	0.00	0			LOS_A	
1	3600-7200	51-360: Ballarat Rd  Western Hwy@55.2-10: Ballarat Rd  Western Hwy@18.5	360	10	528	505	1	18	4	0.12	0.12	0.00	0.23	0.09	0.00	0.00	0.00	0.00	0.00	LOS_A	1	0.00	0.00	0			LOS_A	
1	3600-7200	51-360: Ballarat Rd  Western Hwy@55.2-385: Chisholm Dr@11.7	360	385	6	6	0	0	0	1.57	1.57				0.00	0.00				LOS_A	1	0.00	0.00	0			LOS_A	
1	3600-7200	51-360: Ballarat Rd  Western Hwy@55.2-671: Panamax Rd@7.5	360	671	36	33	0	3	0	2.72	2.71		2.88		0.52	0.57		0.00		LOS_A	1	0.00	0.00	0			LOS_A	
1	3600-7200	51-673: Chisholm Dr@12.9-10: Ballarat Rd  Western Hwy@18.5	673	10	0	0	0	0	0											LOS_A		0.00	0.00	0			LOS_A	
1	3600-7200	51-673: Chisholm Dr@12.9-670: Ballarat Rd  Western Hwy@1.4	673	670	21	18	0	3	0	1.73	1.55		2.78		0.00	0.00		0.00		LOS_A	1	0.00	0.00	0			LOS_A	
1	3600-7200	51-673: Chisholm Dr@12.9-671: Panamax Rd@7.5	673	671	3	3	0	0	0	7.74	7.74				0.00	0.00				LOS_A	1	0.00	0.00	0			LOS_A	
1	3600-7200	51-885: Ballarat Rd  Western Hwy@6.9-10: Ballarat Rd  Western Hwy@18.5	885	10	0	0	0	0	0											LOS_A		0.00	0.00	0			LOS_A	
1	3600-7200	51-885: Ballarat Rd  Western Hwy@6.9-385: Chisholm Dr@11.7	885	385	1	1	0	0	0	1.05	1.05				0.00	0.00				LOS_A	1	0.00	0.00	0			LOS_A	
1	3600-7200	51-885: Ballarat Rd  Western Hwy@6.9-670: Ballarat Rd  Western Hwy@1.4	885	670	251	217	1	31	2	0.22	0.23	0.00	0.11	0.09	0.00	0.00	0.00	0.00	0.00	LOS_A	1	0.00	0.00	0			LOS_A	
1	3600-7200	51-885: Ballarat Rd  Western Hwy@6.9-671: Panamax Rd@7.5	885	671	62	62	0	0	0	1.79	1.79				0.00	0.00				LOS_A	1	0.00	0.00	0			LOS_A	
1	3600-7200	51			990	916	4	62	8	0.57	0.53	1.74	0.92	1.64	0.02	0.02	0.00	0.00	0.00	LOS_A	1	0.00	0.00	0			LOS_A	
1	3600-7200	52-928: Melton Hwy@4.6-182@17.4	928	182	299	280	0	17	0	0.25	0.25		0.27		0.00	0.00		0.00		LOS_A	1	0.00	0.00	2	0.29	0.00	LOS_A	1
1	3600-7200	52-928: Melton Hwy@4.6-308: Ferris Rd  Melton Hwy@32.7	928	308	163	156	0	5	0	0.09	0.09		0.07		0.00	0.00		0.00		LOS_A	1	0.00	0.00	2	0.03	0.00	LOS_A	1
1	3600-7200	52-2259: Ferris Rd  Melton Hwy@16.4-182@17.4	2259	182	313	286	0	20	7	3.09	2.98		4.18	4.41	0.00	0.00		0.00	0.00	LOS_A	1	0.00	0.00	0			LOS_A	
1	3600-7200	52-2259: Ferris Rd  Melton Hwy@16.4-200: Melton Hwy@86.6	2259	200	422	402	0	16	0	0.24	0.24		0.28		0.00	0.00		0.00		LOS_A	1	0.00	0.00	4	0.15	0.00	LOS_A	1
1	3600-7200	52-2260@39.2-200: Melton Hwy@86.6	2260	200	76	75	0	1	0	8.33	8.28		11.64		0.00	0.00		0.00		LOS_A	1	0.00	0.00	0			LOS_A	
1	3600-7200	52-2260@39.2-308: Ferris Rd  Melton Hwy@32.7	2260	308	55	54	0	1	0	0.22	0.22		0.22		0.00	0.00		0.00		LOS_A	1	0.00	0.00	0			LOS_A	
1	3600-7200	52			1328	1253	0	60	7	1.36	1.33		1.75	4.41	0.00	0.00		0.00	0.00	LOS_A	1	0.00	0.00	8	0.16	0.00	LOS_A	1
1	3600-7200	53-899: Melton Hwy@13.5-199: Melton Hwy@15.4	899	199	0	0	0	0	0											LOS_A		0.00	0.00	0			LOS_A	
1	3600-7200	53-899: Melton Hwy@13.5-301: High St@21.5	899	301	4	4	0	0	0	0.57	0.57				0.00	0.00				LOS_A	1	0.00	0.00	0			LOS_A	
1	3600-7200	53-899: Melton Hwy@13.5-376: High St@3.8	899	376	205	193	0	8	0	0.12	0.12		0.10		0.00	0.00		0.00		LOS_A	1	0.00	0.00	4	0.07	0.00	LOS_A	1
1	3600-7200	53-899: Melton Hwy@13.5-271619: Melton Hwy@15.3	899	271619	289	280	0	9	0	0.29	0.29		0.26		0.00	0.00		0.00		LOS_A	1	0.00	0.00	0			LOS_A	
1	3600-7200	53-900: High St@7.7-199: Melton Hwy@15.4	900	199	130	119	0	7	0	1.04	1.00		0.85		0.00	0.00		0.00		LOS_A	1	0.00	0.00	4	2.71	0.00	LOS_A	1
1	3600-7200	53-900: High St@7.7-301: High St@21.5	900	301	10	10	0	0	0	0.19	0.19				0.00	0.00				LOS_A	1	0.00	0.00	0			LOS_A	
1	3600-7200	53-900: High St@7.7-376: High St@3.8	900	376	0	0	0	0	0											LOS_A		0.00	0.00	0			LOS_A	
1	3600-7200	53-900: High St@7.7-271619: Melton Hwy@15.3	900	271619	33	33	0	0	0	3.77	3.77				0.00	0.00				LOS_A	1	0.00	0.00	0			LOS_A	
1	3600-7200	53-901: Melton Hwy@54.1-199: Melton Hwy@15.4	901	199	310	295	0	15	0	0.56	0.57		0.43		0.00	0.00		0.00		LOS_A	1	0.00	0.00	0			LOS_A	
1	3600-7200	53-901: Melton Hwy@54.1-301: High St@21.5	901	301	3	3	0	0	0	1.42	1.42				0.00	0.00				LOS_A	1	0.00	0.00	0			LOS_A	
1	3600-7200	53-901: Melton Hwy@54.1-376: High St@3.8	901	376	1	1	0	0	0	0.16	0.16				0.00	0.00				LOS_A	1	0.00	0.00	0			LOS_A	
1	3600-7200	53-901: Melton Hwy@54.1-271619: Melton Hwy@15.3	901	271619	0	0	0	0	0											LOS_A		0.00	0.00	0			LOS_A	
1	3600-7200	53-1241: High St@3.1-199: Melton Hwy@15.4	1241	199	22	22	0	0	0	1.68	1.68				0.00	0.00				LOS_A	1	0.00	0.00	0			LOS_A	
1	3600-7200	53-1241: High St@3.1-301: High St@21.5	1241	301	0	0	0	0	0											LOS_A		0.00	0.00	0			LOS_A	
1	3600-7200	53-1241: High St@3.1-376: High St@3.8	1241	376	3	3	0	0	0	0.04	0.04				0.00	0.00				LOS_A	1	0.00	0.00	0			LOS_A	
1	3600-7200	53-1241: High St@3.1-271619: Melton Hwy@15.3	1241	271619	1	1	0	0	0	0.21	0.21				0.00	0.00				LOS_A	1	0.00	0.00	0			LOS_A	
1	3600-7200	53			1011	964	0	39	0	0.58	0.58		0.40		0.00	0.00		0.00		LOS_A	1	0.00	0.00	8	1.39	0.00	LOS_A	1
1	3600-7200	54-526: Ferris Rd@22.5-310@35.3	526	310	4	3	0	1	0	2.79	2.47		3.76		0.00	0.00		0.00		LOS_A	1	0.00	0.00	0			LOS_A	
1	3600-7200	54-526: Ferris Rd@22.5-421: Ferris Rd@15.4	526	421	0	0	0	0	0											LOS_A		0.00	0.00	0			LOS_A	
1	3600-7200	54-526: Ferris Rd@22.5-525: Ferris Rd@18.9	526	525	326	295	0	26	3	0.11	0.10		0.19	0.18	0.00	0.00		0.00	0.00	LOS_A	1	0.00	0.00	2	0.00	0.00	LOS_A	1
1	3600-7200	54-527: Zone connector@58.2-310@35.3	527	310	1	1	0	0	0	3.00	3.00				0.00	0.00				LOS_A	1	0.00	0.00	0			LOS_A	
1	3600-7200	54-527: Zone connector@58.2-421: Ferris Rd@15.4	527	421	705	657	0	36	10	0.55	0.54		0.87	0.65	0.00	0.00		0.00	0.00	LOS_A	1	0.00	0.00	2	0.01	0.00	LOS_A	1
1	3600-7200	54-528@5.7-421: Ferris Rd@15.4	528	421	14	14	0	0	0	1.77	1.77				0.00	0.00				LOS_A	1	0.00	0.00	0			LOS_A	
1	3600-7200	54-528@5.7-525: Ferris Rd@18.9	528	525	1	1	0	0	0	0.22	0.22				0.00	0.00				LOS_A	1	0.00	0.00	0			LOS_A	
1	3600-7200	54			1051	971	0	63	13	0.44	0.43		0.63	0.54	0.00	0.00		0.00	0.00	LOS_A	1	0.00	0.00	4	0.00	0.00	LOS_A	1
1	3600-7200	58-600: Leakes Rd@50.8-273@50.4	600	273	204	203	0	1	0	0.52	0.52		1.24		0.01	0.01		0.00		LOS_A	1	0.00	0.00	0			LOS_A	
1	3600-7200	58-600: Leakes Rd@50.8-437: Leakes Rd@57.3	600	437	477	446	0	12	2	0.96	0.22		0.13	0.08	0.01	0.00		0.00	0.00	LOS_A	1	0.00	0.00	17	20.98	0.41	LOS_C	3
1	3600-7200	58-1263: Leakes Rd@67.9-271: Leakes Rd@3.2	1263	271	309	279	1	10	2	1.39	0.06	0.13	0.07	0.16	0.03	0.00	0.00	0.00	0.00	LOS_A	1	0.00	0.00	17	24.22	0.46	LOS_C	3
1	3600-7200	58-1263: Leakes Rd@67.9-273@50.4	1263	273	337	324	0	11	2	0.59	0.60		0.50	0.51	0.00	0.00		0.00	0.00	LOS_A	1	0.00	0.00	0			LOS_A	
1	3600-7200	58-2374@24.3-271: Leakes Rd@3.2	2374	271	78	73	0	4	1	3.32	3.07		7.07	6.14	0.00	0.00		0.00	0.00	LOS_A	1	0.00	0.00	0			LOS_A	
1	3600-7200	58-2374@24.3-437: Leakes Rd@57.3	2374	437	93	87	1	4	1	0.44	0.37	2.85	1.04	1.53	0.00	0.00	0.00	0.00	0.00	LOS_A	1	0.00	0.00	0			LOS_A	
1	3600-7200	58			1498	1412	2	42	8	1.00	0.47	1.49	0.99	1.14	0.01	0.00	0.00	0.00	0.00	LOS_A	1	0.00	0.00	34	22.60	0.44	LOS_C	3
1	3600-7200	59-271: Leakes Rd@241.4-401: Leakes Rd@29.1	271	401	387	352	1	14	3	0.14	0.03	0.05	0.06	0.14	0.00	0.00	0.00	0.00	0.00	LOS_A	1	0.00	0.00	17	2.56	0.00	LOS_A	1
1	3600-7200	59-443@92.7-270: Leakes Rd@23.7	443	270	103	103	0	0	0	0.18	0.18				0.00	0.00				LOS_A	1	0.00	0.00	0			LOS_A	
1	3600-7200	59-443@92.7-442@13.5	443	442	0	0	0	0	0											LOS_A		0.00	0.00	0			LOS_A	
1	3600-7200	59-605: Leakes Rd@51.1-270: Leakes Rd@23.7	605	270	578	546	0	13	2	0.23	0.23		0.24	0.13	0.00	0.00		0.00	0.00	LOS_A	1	0.00	0.00	17	0.02	0.00	LOS_A	1
1	3600-7200	59-605: Leakes Rd@51.1-442@13.5	605	442	9	9	0	0	0	0.12	0.12				0.00	0.00				LOS_A	1	0.00	0.00	0			LOS_A	
1	3600-7200	59			1077	1010	1	27	5	0.19	0.15	0.05	0.15	0.14	0.00	0.00	0.00	0.00	0.00	LOS_A	1	0.00	0.00	34	1.29	0.00	LOS_A	1
1	3600-7200	60-604: Leakes Rd@15.0-398: Taylors Rd@53.4	604	398	37	37	0	0	0	0.41	0.41				0.00	0.00				LOS_A	1	0.00	0.00	0			LOS_A	
1	3600-7200	60-604: Leakes Rd@15.0-402: Leakes Rd@43.0	604	402	392	378	0	12	2	0.05	0.05		0.07	0.02	0.00	0.00		0.00	0.00	LOS_A	1	0.00	0.00	0			LOS_A	
1	3600-7200	60-604: Leakes Rd@15.0-2146@76.1	604	2146	20	20	0	0	0	0.35	0.35				0.00	0.00				LOS_A	1	0.00	0.00	0			LOS_A	
1	3600-7200	60-938: Leakes Rd@26.5-398: Taylors Rd@53.4	938	398	160	141	0	2	0	0.53	0.49		0.65		0.00	0.00		0.00		LOS_A	1	0.00	0.00	17	0.86	0.00	LOS_A	1
1	3600-7200	60-938: Leakes Rd@26.5-402: Leakes Rd@43.0	938	402	8	7	0	1	0	4.32	4.29		4.58		0.00	0.00		0.00		LOS_A	1	0.00	0.00	0			LOS_A	
1	3600-7200	60-938: Leakes Rd@26.5-2146@76.1	938	2146	44	39	1	3	1	0.37	0.29	1.49	0.66	1.48	0.00	0.00	0.00	0.00	0.00	LOS_A	1	0.00	0.00	0			LOS_A	
1	3600-7200	60-938: Leakes Rd@26.5-27139: Leakes Rd@68.2	938	27139	175	165	0	8	2	0.08	0.06		0.22	0.90	0.00	0.00		0.00	0.00	LOS_A	1	0.00	0.00	0			LOS_A	
1	3600-7200	60-2149@32.7-398: Taylors Rd@53.4	2149	398	28	28	0	0	0	0.07	0.07				0.00	0.00				LOS_A	1	0.00	0.00	0			LOS_A	
1	3600-7200	60-2149@32.7-402: Leakes Rd@43.0	2149	402	101	101	0	0	0	2.40	2.40				0.00	0.00				LOS_A	1	0.00	0.00	0			LOS_A	
1	3600-7200	60-2149@32.7-27139: Leakes Rd@68.2	2149	27139	26	26	0	0	0	2.26	2.26				0.00	0.00				LOS_A	1	0.01	13.60	0			LOS_A	
1	3600-7200	60-271394: Taylors Rd@21.3-402: Leakes Rd@43.0	271394	402	86	69	0	0	0	2.22	1.49				0.00	0.00				LOS_A	1	0.00	0.00	17	5.19	0.00	LOS_A	1
1	3600-7200	60-271394: Taylors Rd@21.3-2146@76.1	271394	2146	16	16	0	0	0	0.07	0.07				0.00	0.00				LOS_A	1	0.00	0.00	0			LOS_A	
1	3600-7200	60-271394: Taylors Rd@21.3-27139: Leakes Rd@68.2	271394	27139	16	16	0	0	0	0.19	0.19				0.00	0.00				LOS_A	1	0.00	0.00	0			LOS_A	
1	3600-7200	60			1109	1043	1	26	5	0.62	0.55	1.49	0.40	0.66	0.00	0.00	0.00	0.00	0.00	LOS_A	1	0.00	13.60	34	3.03	0.00	LOS_A	1
1	3600-7200	61-539: Leakes Rd@105.5-438: Leakes Rd@41.9	539	438	51	45	1	3	2	0.15	0.15	0.17	0.16	0.12	0.00	0.00	0.00	0.00	0.00	LOS_A	1	0.00	0.00	0			LOS_A	
1	3600-7200	61-863: Leakes Rd@80.4-265@25.1	863	265	168	163	0	4	1	2.87	2.85		3.45	4.30	0.00	0.00		0.00	0.00	LOS_A	1	0.00	0.00	0			LOS_A	
1	3600-7200	61-863: Leakes Rd@80.4-435: Leakes Rd@21.2	863	435	402	370	1	12	2	1.60	1.37	0.00	0.05	0.00	0.00	0.00	0.00	0.00	0.00	LOS_A	1	0.00	0.00	17	7.93	0.00	LOS_A	1
1	3600-7200	61-2344: Leakes Rd@40.2-265@25.1	2344	265	180	168	0	10	2	0.16	0.16		0.20	0.28	0.00	0.00		0.00	0.00	LOS_A	1	0.00	0.00	0			LOS_A	
1	3600-7200	61-2344: Leakes Rd@40.2-438: Leakes Rd@41.9	2344	438	595	558	0	18	2	0.29	0.27		0.45	0.29	0.00	0.00		0.00	0.00	LOS_A	1	0.00	0.00	17	0.75	0.00	LOS_A	1
1	3600-7200	61-2345@108.7-435: Leakes Rd@21.2	2345	435	194	189	0	5	0	0.30	0.30		0.26		0.00	0.00		0.00		LOS_A	1	0.00	0.00	0			LOS_A	
1	3600-7200	61			1590	1493	2	52	9	0.87	0.81	0.09	0.51	0.63	0.00	0.00	0.00	0.00	0.00	LOS_A	1	0.00	0.00	34	4.34	0.00	LOS_A	1
1	3600-7200	62-267: Ian Cowie Way@65.6-264: Leakes Rd@17.3	267	264	0	0	0	0	0											LOS_A		0.00	0.00	0			LOS_A	
1	3600-7200	62-267: Ian Cowie Way@65.6-434: Leakes Rd@22.8	267	434	2	2	0	0	0	0.07	0.07				0.00	0.00				LOS_A	1	0.00	0.00	0			LOS_A	
1	3600-7200	62-538: Leakes Rd@89.6-264: Leakes Rd@17.3	538	264	129	95	0	2	0	0.16	0.20		0.04		0.00	0.00		0.00		LOS_A	1	0.00	0.00	32	0.05	0.00	LOS_A	1
1	3600-7200	62-538: Leakes Rd@89.6-268: Ian Cowie Way@17.3	538	268	4	4	0	0	0	0.04	0.04				0.00	0.00				LOS_A	1	0.00	0.00	0			LOS_A	
1	3600-7200	62-864: Leakes Rd@39.3-268: Ian Cowie Way@17.3	864	268	0	0	0	0	0											LOS_A		0.00	0.00	0			LOS_A	
1	3600-7200	62-864: Leakes Rd@39.3-434: Leakes Rd@22.8	864	434	181	144	0	4	1	0.37	0.38		1.29	0.14	0.00	0.00		0.00	0.00	LOS_A	1	0.00	0.00	32	0.25	0.00	LOS_A	1
1	3600-7200	62			316	245	0	6	1	0.28	0.30		0.87	0.14	0.00	0.00		0.00	0.00	LOS_A	1	0.00	0.00	64	0.15	0.00	LOS_A	1
1	3600-7200	63-374: Westcott Pde@100.7-263: Leakes Rd@9.1	374	263	69	68	0	0	1	0.04	0.04			0.12	0.00	0.00			0.00	LOS_A	1	0.00	0.00	0			LOS_A	
1	3600-7200	63-374: Westcott Pde@100.7-372: Leakes Rd@14.9	374	372	0	0	0	0	0											LOS_A		0.00	0.00	0			LOS_A	
1	3600-7200	63-542: Leakes Rd@34.5-372: Leakes Rd@14.9	542	372	102	68	0	2	0	0.02	0.02		0.02		0.00	0.00		0.00		LOS_A	1	0.00	0.00	32	0.01	0.00	LOS_A	1
1	3600-7200	63-542: Leakes Rd@34.5-375: Westcott Pde@26.6	542	375	27	27	0	0	0	0.07	0.07				0.00	0.00				LOS_A	1	0.00	0.00	0			LOS_A	
1	3600-7200	63-543: Leakes Rd@6.7-263: Leakes Rd@9.1	543	263	112	76	0	4	0	0.17	0.19		0.13		0.00	0.00		0.00		LOS_A	1	0.00	0.00	32	0.13	0.00	LOS_A	1
1	3600-7200	63-543: Leakes Rd@6.7-375: Westcott Pde@26.6	543	375	0	0	0	0	0											LOS_A		0.00	0.00	0			LOS_A	
1	3600-7200	63			310	239	0	6	1	0.08	0.09		0.09	0.12	0.00	0.00		0.00	0.00	LOS_A	1	0.00	0.00	64	0.07	0.00	LOS_A	1
1	3600-7200	66-622: Neales Rd W@46.2-34: Neales Rd W@22.7	622	34	0	0	0	0	0											LOS_A		0.00	0.00	0			LOS_A	
1	3600-7200	66-622: Neales Rd W@46.2-232: Hopkins Rd@9.0	622	232	109	104	0	2	1	0.45	0.37		2.31	2.37	0.00	0.00		0.00	0.00	LOS_A	1	0.00	0.00	2	2.03	0.00	LOS_A	1
1	3600-7200	66-622: Neales Rd W@46.2-910: Melton Hwy@30.7	622	910	3	3	0	0	0	0.33	0.33				0.00	0.00				LOS_A	1	0.00	0.00	0			LOS_A	
1	3600-7200	66-897: Hopkins Rd@13.5-35: Neales Rd W@48.6	897	35	64	62	0	0	0	1.10	1.07				0.00	0.00				LOS_A	1	0.00	0.00	2	1.97	0.00	LOS_A	1
1	3600-7200	66-897: Hopkins Rd@13.5-910: Melton Hwy@30.7	897	910	130	105	0	9	3	1.70	0.05		0.00	0.13	0.04	0.00		0.00	0.00	LOS_A	1	0.00	0.00	13	16.52	0.43	LOS_C	3
1	3600-7200	66-908: Melton Hwy@56.5-34: Neales Rd W@22.7	908	34	1	1	0	0	0	3.11	3.11				0.00	0.00				LOS_A	1	0.00	0.00	0			LOS_A	
1	3600-7200	66-908: Melton Hwy@56.5-35: Neales Rd W@48.6	908	35	0	0	0	0	0											LOS_A		0.00	0.00	0			LOS_A	
1	3600-7200	66-908: Melton Hwy@56.5-232: Hopkins Rd@9.0	908	232	321	294	1	10	2	0.51	0.39	0.24	0.24	0.00	0.00	0.00	0.00	0.00	0.00	LOS_A	1	0.00	0.00	14	3.27	0.00	LOS_A	1
1	3600-7200	66-2206: Neales Rd W@67.0-35: Neales Rd W@48.6	2206	35	14	14	0	0	0	1.41	1.41				0.00	0.00				LOS_A	1	0.00	0.00	0			LOS_A	
1	3600-7200	66-2206: Neales Rd W@67.0-232: Hopkins Rd@9.0	2206	232	106	100	1	5	0	3.57	3.44	6.79	5.59		0.00	0.00	0.00	0.00		LOS_A	1	0.00	0.00	0			LOS_A	
1	3600-7200	66-2206: Neales Rd W@67.0-910: Melton Hwy@30.7	2206	910	1	1	0	0	0	0.22	0.22				0.00	0.00				LOS_A	1	0.00	0.00	0			LOS_A	
1	3600-7200	66-271701@14.9-34: Neales Rd W@22.7	271701	34	82	62	0	16	4	0.83	0.57		1.60	1.74	0.00	0.00		0.00	0.00	LOS_A	1	0.00	0.00	0			LOS_A	
1	3600-7200	66			831	746	2	42	10	1.17	0.84	3.51	1.44	0.97	0.01	0.00	0.00	0.00	0.00	LOS_A	1	0.00	0.00	31	8.66	0.18	LOS_A	1
1	3600-7200	67-230: Hopkins Rd@80.5-37@39.6	230	37	232	222	2	6	2	0.47	0.46	1.45	0.41	0.34	0.00	0.00	0.00	0.00	0.00	LOS_A	1	0.00	0.00	0			LOS_A	
1	3600-7200	67-230: Hopkins Rd@80.5-426: Hopkins Rd@27.0	230	426	303	276	0	11	1	1.53	0.89		0.42	0.13	0.00	0.00		0.00	0.00	LOS_A	1	0.00	0.00	15	14.31	0.08	LOS_B	2
1	3600-7200	67-427: Hopkins Rd@65.2-231: Hopkins Rd@8.0	427	231	210	165	0	25	7	0.32	0.15		0.89	0.67	0.00	0.00		0.00	0.00	LOS_A	1	0.00	0.00	13	1.22	0.00	LOS_A	1
1	3600-7200	67-946@14.4-231: Hopkins Rd@8.0	946	231	66	64	0	0	0	0.24	0.24				0.00	0.00				LOS_A	1	0.00	0.00	2	0.36	0.00	LOS_A	1
1	3600-7200	67-946@14.4-426: Hopkins Rd@27.0	946	426	171	164	0	7	0	0.27	0.27		0.32		0.00	0.00		0.00		LOS_A	1	0.00	0.00	0			LOS_A	
1	3600-7200	67			982	891	2	49	10	0.71	0.48	1.45	0.65	0.55	0.00	0.00	0.00	0.00	0.00	LOS_A	1	0.00	0.00	30	7.71	0.04	LOS_A	1
1	3600-7200	68-252: Hopkins Rd@35.3-55: Hopkins Rd@43.4	252	55	345	306	0	30	3	0.60	0.62		0.48	0.66	0.00	0.00		0.00	0.00	LOS_A	1	0.00	0.00	6	0.05	0.00	LOS_A	1
1	3600-7200	68-252: Hopkins Rd@35.3-66: Meskos Rd@23.0	252	66	76	64	1	3	1	4.26	4.03	4.73	3.98	5.04	0.00	0.00	0.00	0.00	0.00	LOS_A	1	0.00	0.00	7	6.36	0.00	LOS_A	1
1	3600-7200	68-252: Hopkins Rd@35.3-82: Sheahan Rd@25.9	252	82	57	46	0	10	1	3.78	3.46		5.08	5.29	0.00	0.00		0.00	0.00	LOS_A	1	0.00	0.00	0			LOS_A	
1	3600-7200	68-2153: Sheahan Rd@17.6-12: Hopkins Rd@3.8	2153	12	12	7	1	3	1	5.62	4.59	7.56	6.63	7.92	0.00	0.00	0.00	0.00	0.00	LOS_A	1	0.00	0.00	0			LOS_A	
1	3600-7200	68-2153: Sheahan Rd@17.6-55: Hopkins Rd@43.4	2153	55	5	3	0	1	1	2.31	1.57		2.95	3.91	0.00	0.00		0.00	0.00	LOS_A	1	0.00	0.00	0			LOS_A	
1	3600-7200	68-2153: Sheahan Rd@17.6-66: Meskos Rd@23.0	2153	66	0	0	0	0	0											LOS_A		0.01	39.85	0			LOS_A	
1	3600-7200	68-2157: Hopkins Rd@4.7-12: Hopkins Rd@3.8	2157	12	498	458	0	28	6	0.69	0.72		0.38	0.55	0.00	0.00		0.00	0.00	LOS_A	1	0.00	0.00	6	0.31	0.00	LOS_A	1
1	3600-7200	68-2157: Hopkins Rd@4.7-66: Meskos Rd@23.0	2157	66	29	27	0	2	0	3.00	2.81		5.48		0.00	0.00		0.00		LOS_A	1	0.00	0.00	0			LOS_A	
1	3600-7200	68-2157: Hopkins Rd@4.7-82: Sheahan Rd@25.9	2157	82	24	23	0	1	0	4.18	4.13		5.32		0.00	0.00		0.00		LOS_A	1	0.00	0.00	0			LOS_A	
1	3600-7200	68-2195: Meskos Rd@18.4-12: Hopkins Rd@3.8	2195	12	37	26	0	4	0	1.65	0.62		2.78		0.00	0.00		0.00		LOS_A	1	0.00	0.00	7	4.83	0.00	LOS_A	1
1	3600-7200	68-2195: Meskos Rd@18.4-55: Hopkins Rd@43.4	2195	55	5	5	0	0	0	1.97	1.97				0.00	0.00				LOS_A	1	0.00	0.00	0			LOS_A	
1	3600-7200	68-2195: Meskos Rd@18.4-82: Sheahan Rd@25.9	2195	82	1	1	0	0	0	0.02	0.02				0.00	0.00				LOS_A	1	0.00	0.00	0			LOS_A	
1	3600-7200	68			1089	966	2	82	13	1.31	1.21	6.15	1.68	2.11	0.00	0.00	0.00	0.00	0.00	LOS_A	1	0.00	39.85	26	3.09	0.00	LOS_A	1
1	3600-7200	69-290: Caroline Springs Blvd@7.8-60: Caroline Springs Blvd@15.2	290	60	0	0	0	0	0											LOS_A		0.00	0.00	0			LOS_A	
1	3600-7200	69-290: Caroline Springs Blvd@7.8-291: Caroline Springs Blvd@13.3	290	291	350	305	0	25	3	0.32	0.24		0.23	0.17	0.00	0.00		0.00	0.00	LOS_A	1	0.00	0.00	17	1.93	0.00	LOS_A	1
1	3600-7200	69-290: Caroline Springs Blvd@7.8-293: Chisholm Dr@13.5	290	293	5	4	0	1	0	0.47	0.49		0.41		0.00	0.00		0.00		LOS_A	1	0.00	0.00	0			LOS_A	
1	3600-7200	69-290: Caroline Springs Blvd@7.8-431: Springlake Ave@15.6	290	431	6	6	0	0	0	0.82	0.82				0.00	0.00				LOS_A	1	0.00	0.00	0			LOS_A	
1	3600-7200	69-292: Caroline Springs Blvd@170.8-60: Caroline Springs Blvd@15.2	292	60	541	507	0	15	2	0.93	0.47		0.60	0.27	0.01	0.01		0.00	0.00	LOS_A	1	0.00	0.00	17	15.17	0.00	LOS_C	3
1	3600-7200	69-292: Caroline Springs Blvd@170.8-291: Caroline Springs Blvd@13.3	292	291	0	0	0	0	0											LOS_A		0.00	0.00	0			LOS_A	
1	3600-7200	69-292: Caroline Springs Blvd@170.8-293: Chisholm Dr@13.5	292	293	0	0	0	0	0											LOS_A		0.00	0.00	0			LOS_A	
1	3600-7200	69-292: Caroline Springs Blvd@170.8-431: Springlake Ave@15.6	292	431	7	7	0	0	0	0.12	0.12				0.00	0.00				LOS_A	1	0.00	0.00	0			LOS_A	
1	3600-7200	69-294: Chisholm Dr@69.6-60: Caroline Springs Blvd@15.2	294	60	27	27	0	0	0	0.22	0.22				0.00	0.00				LOS_A	1	0.00	0.00	0			LOS_A	
1	3600-7200	69-294: Chisholm Dr@69.6-291: Caroline Springs Blvd@13.3	294	291	0	0	0	0	0											LOS_A		0.00	0.00	0			LOS_A	
1	3600-7200	69-294: Chisholm Dr@69.6-293: Chisholm Dr@13.5	294	293	0	0	0	0	0											LOS_A		0.00	0.00	0			LOS_A	
1	3600-7200	69-294: Chisholm Dr@69.6-431: Springlake Ave@15.6	294	431	0	0	0	0	0											LOS_A		0.00	0.00	0			LOS_A	
1	3600-7200	69-430: Springlake Ave@96.9-60: Caroline Springs Blvd@15.2	430	60	41	40	0	1	0	0.46	0.46		0.28		0.00	0.00		0.00		LOS_A	1	0.00	0.00	0			LOS_A	
1	3600-7200	69-430: Springlake Ave@96.9-291: Caroline Springs Blvd@13.3	430	291	16	16	0	0	0	0.09	0.09				0.00	0.00				LOS_A	1	0.00	0.00	0			LOS_A	
1	3600-7200	69-430: Springlake Ave@96.9-293: Chisholm Dr@13.5	430	293	0	0	0	0	0											LOS_A		0.00	0.00	0			LOS_A	
1	3600-7200	69-430: Springlake Ave@96.9-431: Springlake Ave@15.6	430	431	0	0	0	0	0											LOS_A		0.00	0.00	0			LOS_A	
1	3600-7200	69			993	912	0	42	5	0.66	0.38		0.37	0.21	0.00	0.00		0.00	0.00	LOS_A	1	0.00	0.00	34	8.55	0.00	LOS_A	1
1	3600-7200	70-352: Eucumbene Dr@292.9-111: Christies Rd@15.7	352	111	1	0	0	1	0	0.88			0.88		0.00			0.00		LOS_A	1	0.00	0.00	0			LOS_A	
1	3600-7200	70-647: Christies Rd@8.4-111: Christies Rd@15.7	647	111	647	597	2	27	4	1.47	1.51	0.22	1.13	1.57	0.06	0.07	0.00	0.00	0.00	LOS_A	1	0.00	0.00	17	0.94	0.00	LOS_A	1
1	3600-7200	70-647: Christies Rd@8.4-353: Eucumbene Dr@18.0	647	353	36	36	0	0	0	1.98	1.98				0.01	0.01				LOS_A	1	0.00	0.00	0			LOS_A	
1	3600-7200	70-647: Christies Rd@8.4-1920@12.9	647	1920	0	0	0	0	0											LOS_A		0.00	0.00	0			LOS_A	
1	3600-7200	70-891: Christies Rd@8.7-287: Christies Rd@20.9	891	287	229	189	0	22	1	0.30	0.28		0.50	0.84	0.00	0.00		0.00	0.00	LOS_A	1	0.00	0.00	17	0.20	0.00	LOS_A	1
1	3600-7200	70-891: Christies Rd@8.7-353: Eucumbene Dr@18.0	891	353	0	0	0	0	0											LOS_A		0.00	0.00	0			LOS_A	
1	3600-7200	70-891: Christies Rd@8.7-1920@12.9	891	1920	0	0	0	0	0											LOS_A		0.00	0.00	0			LOS_A	
1	3600-7200	70-1919@25.6-287: Christies Rd@20.9	1919	287	0	0	0	0	0											LOS_A		0.00	0.00	0			LOS_A	
1	3600-7200	70			913	822	2	50	5	1.20	1.24	0.22	0.85	1.42	0.05	0.05	0.00	0.00	0.00	LOS_A	1	0.00	0.00	34	0.57	0.00	LOS_A	1
1	3600-7200	71-111: Christies Rd@84.9-129@9.8	111	129	436	419	2	14	1	0.13	0.13	0.14	0.17	0.80	0.00	0.00	0.00	0.00	0.00	LOS_A	1	0.00	0.00	0			LOS_A	
1	3600-7200	71-111: Christies Rd@84.9-282: Christies Rd@12.4	111	282	212	178	0	14	3	0.20	0.16		0.78	0.09	0.00	0.00		0.00	0.00	LOS_A	1	0.00	0.00	17	0.16	0.00	LOS_A	1
1	3600-7200	71-274: Christies Rd@5.8-112: Christies Rd@6.8	274	112	229	189	0	22	1	1.18	1.34		0.37	1.30	0.00	0.00		0.00	0.00	LOS_A	1	0.00	0.00	17	0.44	0.00	LOS_A	1
1	3600-7200	71-274: Christies Rd@5.8-129@9.8	274	129	49	22	0	22	5	3.50	2.31		4.55	4.13	0.00	0.00		0.00	0.00	LOS_A	1	0.00	0.00	0			LOS_A	
1	3600-7200	71			926	808	2	72	10	0.58	0.48	0.14	1.69	2.30	0.00	0.00	0.00	0.00	0.00	LOS_A	1	0.00	0.00	34	0.30	0.00	LOS_A	1
1	3600-7200	72-279: Christies Rd@96.9-280: Christies Rd@44.5	279	280	0	0	0	0	0											LOS_A		0.00	0.00	0			LOS_A	
1	3600-7200	72-279: Christies Rd@96.9-394: Christies Rd@15.7	279	394	126	93	0	13	3	0.75	0.76		0.76	0.52	0.00	0.00		0.00	0.00	LOS_A	1	0.00	0.00	17	0.69	0.00	LOS_A	1
1	3600-7200	72-279: Christies Rd@96.9-626: Palm Springs Rd@75.1	279	626	86	85	0	1	0	1.10	1.09		1.23		0.00	0.00		0.00		LOS_A	1	0.00	0.00	0			LOS_A	
1	3600-7200	72-393: Christies Rd@348.6-280: Christies Rd@44.5	393	280	172	123	0	29	3	0.57	0.62		0.40	0.47	0.00	0.00		0.00	0.00	LOS_A	1	0.00	0.00	17	0.47	0.00	LOS_A	1
1	3600-7200	72-393: Christies Rd@348.6-394: Christies Rd@15.7	393	394	0	0	0	0	0											LOS_A		0.00	0.00	0			LOS_A	
1	3600-7200	72-393: Christies Rd@348.6-626: Palm Springs Rd@75.1	393	626	24	24	0	0	0	0.66	0.66				0.00	0.00				LOS_A	1	0.00	0.00	0			LOS_A	
1	3600-7200	72-625: Palm Springs Rd@88.9-280: Christies Rd@44.5	625	280	47	34	0	10	3	0.40	0.39		0.40	0.40	0.00	0.00		0.00	0.00	LOS_A	1	0.00	0.00	0			LOS_A	
1	3600-7200	72-625: Palm Springs Rd@88.9-394: Christies Rd@15.7	625	394	7	5	0	2	0	0.86	0.68		1.29		0.00	0.00		0.00		LOS_A	1	0.00	0.00	0			LOS_A	
1	3600-7200	72-625: Palm Springs Rd@88.9-626: Palm Springs Rd@75.1	625	626	0	0	0	0	0											LOS_A		0.00	0.00	0			LOS_A	
1	3600-7200	72-1914@136.2-280: Christies Rd@44.5	1914	280	59	54	0	5	0	1.17	1.17		1.24		0.00	0.00		0.00		LOS_A	1	0.00	0.00	0			LOS_A	
1	3600-7200	72-1914@136.2-394: Christies Rd@15.7	1914	394	80	48	0	21	11	0.47	0.38		0.62	0.60	0.00	0.00		0.00	0.00	LOS_A	1	0.00	0.00	0			LOS_A	
1	3600-7200	72-1914@136.2-626: Palm Springs Rd@75.1	1914	626	66	55	0	5	6	0.99	0.86		1.88	1.40	0.00	0.00		0.00	0.00	LOS_A	1	0.00	0.00	0			LOS_A	
1	3600-7200	72			667	521	0	86	26	0.75	0.77		0.67	0.74	0.00	0.00		0.00	0.00	LOS_A	1	0.00	0.00	34	0.58	0.00	LOS_A	1
1	3600-7200	73-350: Delma Rd@97.2-464: Ballarat Rd  Western Hwy@8.8	350	464	2	0	0	2	0	0.02			0.02		0.00			0.00		LOS_A	1	0.00	0.00	0			LOS_A	
1	3600-7200	73-663: Ballarat Rd  Western Hwy@46.8-351: Delma Rd@11.2	663	351	9	9	0	0	0	2.39	2.39				0.00	0.00				LOS_A	1	0.00	0.00	0			LOS_A	
1	3600-7200	73-663: Ballarat Rd  Western Hwy@46.8-464: Ballarat Rd  Western Hwy@8.8	663	464	310	265	2	39	4	0.15	0.12	0.33	0.35	0.54	0.00	0.00	0.00	0.00	0.00	LOS_A	1	0.00	0.00	0			LOS_A	
1	3600-7200	73			321	274	2	41	4	0.22	0.19	0.33	0.33	0.54	0.00	0.00	0.00	0.00	0.00	LOS_A	1	0.00	0.00	0			LOS_A	
1	3600-7200	76-911@130.2-404: Hopkins Rd@29.7	911	404	0	0	0	0	0											LOS_A		0.00	0.00	0			LOS_A	
1	3600-7200	76-911@130.2-408: Hopkins Rd@16.0	911	408	86	86	0	0	0	0.11	0.11				0.00	0.00				LOS_A	1	0.00	0.00	0			LOS_A	
1	3600-7200	76-913: Hopkins Rd@4.0-408: Hopkins Rd@16.0	913	408	465	422	0	31	6	0.34	0.33		0.45	0.15	0.00	0.00		0.00	0.00	LOS_A	1	0.00	0.00	6	0.18	0.00	LOS_A	1
1	3600-7200	76-913: Hopkins Rd@4.0-912@27.4	913	912	11	10	0	1	0	5.44	5.37		6.15		0.00	0.00		0.00		LOS_A	1	0.00	0.00	0			LOS_A	
1	3600-7200	76-948: Hopkins Rd@33.1-404: Hopkins Rd@29.7	948	404	321	281	0	30	4	0.07	0.06		0.17	0.15	0.00	0.00		0.00	0.00	LOS_A	1	0.00	0.00	6	0.00	0.00	LOS_A	1
1	3600-7200	76-948: Hopkins Rd@33.1-912@27.4	948	912	34	33	0	1	0	1.34	1.33		1.45		0.00	0.00		0.00		LOS_A	1	0.00	0.00	0			LOS_A	
1	3600-7200	76			917	832	0	63	10	0.32	0.32		0.42	0.15	0.00	0.00		0.00	0.00	LOS_A	1	0.00	0.00	12	0.09	0.00	LOS_A	1
1	3600-7200	77-208: Western Fwy@25.5-84: Western Fwy@15.9	208	84	1600	1517	6	53	24	0.72	0.71	0.28	0.87	0.71	0.00	0.00	0.00	0.00	0.00	LOS_A	1	0.00	0.00	0			LOS_A	
1	3600-7200	77-208: Western Fwy@25.5-180@16.3	208	180	131	129	0	2	0	2.90	2.86		5.69		0.00	0.00		0.00		LOS_A	1	0.00	0.00	0			LOS_A	
1	3600-7200	77			1731	1646	6	55	24	0.88	0.88	0.28	1.05	0.71	0.00	0.00	0.00	0.00	0.00	LOS_A	1	0.00	0.00	0			LOS_A	
1	3600-7200	78-84: Western Fwy@896.6-203: Western Fwy@19.3	84	203	1599	1516	6	53	24	0.14	0.14	0.20	0.14	0.04	0.00	0.00	0.00	0.00	0.00	LOS_A	1	0.00	0.00	0			LOS_A	
1	3600-7200	78-529@72.8-203: Western Fwy@19.3	529	203	612	566	0	37	7	3.97	3.99		3.48	5.33	0.09	0.07		0.28	0.47	LOS_A	1	0.00	0.00	2	1.14	0.00	LOS_A	1
1	3600-7200	78			2211	2082	6	90	31	1.20	1.19	0.20	1.51	1.23	0.02	0.02	0.00	0.12	0.11	LOS_A	1	0.00	0.00	2	1.14	0.00	LOS_A	1
1	3600-7200	79-184: Western Fwy@928.7-205: Western Fwy@68.7	184	205	770	673	0	69	28	0.09	0.09		0.09	0.20	0.00	0.00		0.00	0.00	LOS_A	1	0.00	0.00	0			LOS_A	
1	3600-7200	79-333@86.1-205: Western Fwy@68.7	333	205	147	134	0	10	3	0.48	0.41		1.00	1.77	0.00	0.00		0.00	0.00	LOS_A	1	0.00	0.00	0			LOS_A	
1	3600-7200	79			917	807	0	79	31	0.15	0.14		0.21	0.36	0.00	0.00		0.00	0.00	LOS_A	1	0.00	0.00	0			LOS_A	
1	3600-7200	80-424: Western Fwy@14.2-184: Western Fwy@85.3	424	184	770	673	0	69	28	0.32	0.30		0.14	1.05	0.01	0.01		0.00	0.00	LOS_A	1	0.00	0.00	0			LOS_A	
1	3600-7200	80-424: Western Fwy@14.2-337@9.9	424	337	275	239	0	31	3	0.29	0.26		0.52	0.09	0.04	0.04		0.00	0.00	LOS_A	1	0.00	0.00	2	0.00	0.00	LOS_A	1
1	3600-7200	80			1045	912	0	100	31	0.31	0.29		0.26	0.95	0.02	0.02		0.00	0.00	LOS_A	1	0.00	0.00	2	0.00	0.00	LOS_A	1
1	3600-7200	81-532: Western Hwy@54.1-334: Western Hwy@32.3	532	334	2127	1998	6	90	31	0.15	0.15	0.07	0.19	0.07	0.00	0.00	0.00	0.00	0.00	LOS_A	1	0.00	0.00	2	0.20	0.00	LOS_A	1
1	3600-7200	81-532: Western Hwy@54.1-481@40.2	532	481	83	83	0	0	0	4.57	4.57				0.00	0.00				LOS_A	1	0.00	0.00	0			LOS_A	
1	3600-7200	81			2210	2081	6	90	31	0.31	0.32	0.07	0.19	0.07	0.00	0.00	0.00	0.00	0.00	LOS_A	1	0.00	0.00	2	0.20	0.00	LOS_A	1
1	3600-7200	82-334: Western Hwy@655.0-72: Western Hwy@13.2	334	72	2127	1998	6	90	31	0.11	0.11	0.00	0.09	0.06	0.00	0.00	0.00	0.00	0.00	LOS_A	1	0.00	0.00	2	0.31	0.00	LOS_A	1
1	3600-7200	82-482@267.1-72: Western Hwy@13.2	482	72	27	27	0	0	0	0.03	0.03				0.00	0.00				LOS_A	1	0.00	0.00	0			LOS_A	
1	3600-7200	82			2154	2025	6	90	31	0.11	0.11	0.00	0.09	0.06	0.00	0.00	0.00	0.00	0.00	LOS_A	1	0.00	0.00	2	0.31	0.00	LOS_A	1
1	3600-7200	83-313: Western Hwy@40.0-103: Western Hwy@23.6	313	103	1983	1865	5	82	29	0.39	0.39	0.01	0.55	0.24	0.00	0.00	0.00	0.00	0.00	LOS_A	1	0.10	38.16	2	0.09	0.00	LOS_A	1
1	3600-7200	83-313: Western Hwy@40.0-174@14.4	313	174	171	160	1	8	2	3.89	3.69	7.47	6.78	6.48	0.01	0.01	0.00	0.00	0.00	LOS_A	1	0.10	38.16	0			LOS_A	
1	3600-7200	83			2154	2025	6	90	31	0.67	0.65	1.25	1.10	0.64	0.00	0.00	0.00	0.00	0.00	LOS_A	1	0.10	38.16	2	0.09	0.00	LOS_A	1
1	3600-7200	84-161@132.7-99: Western Hwy@9.8	161	99	348	331	0	14	3	0.07	0.07		0.08	0.17	0.00	0.00		0.00	0.00	LOS_A	1	0.00	0.00	0			LOS_A	
1	3600-7200	84-187: Western Hwy@837.8-99: Western Hwy@9.8	187	99	698	582	0	86	28	0.02	0.02		0.03	0.04	0.00	0.00		0.00	0.00	LOS_A	1	0.00	0.00	2	0.00	0.00	LOS_A	1
1	3600-7200	84			1046	913	0	100	31	0.03	0.03		0.03	0.05	0.00	0.00		0.00	0.00	LOS_A	1	0.00	0.00	2	0.00	0.00	LOS_A	1
1	3600-7200	85-103: Western Hwy@963.6-90: Western Hwy@22.8	103	90	1983	1865	5	82	29	1.35	1.34	0.93	1.17	2.07	0.00	0.00	0.00	0.00	0.00	LOS_A	1	0.00	0.00	2	3.56	0.00	LOS_A	1
1	3600-7200	85-2380@33.8-90: Western Hwy@22.8	2380	90	541	527	0	12	2	1.98	2.02		0.68	0.95	0.02	0.02		0.00	0.00	LOS_A	1	0.00	0.00	0			LOS_A	
1	3600-7200	85			2524	2392	5	94	31	1.49	1.49	0.93	1.11	2.00	0.00	0.00	0.00	0.00	0.00	LOS_A	1	0.00	0.00	2	3.56	0.00	LOS_A	1
1	3600-7200	86-323: Western Hwy@19.6-159@11.7	323	159	245	234	1	8	2	0.06	0.06	0.00	0.02	0.22	0.00	0.00	0.00	0.00	0.00	LOS_A	1	0.00	0.00	0			LOS_A	
1	3600-7200	86-323: Western Hwy@19.6-187: Western Hwy@33.1	323	187	698	582	0	86	28	0.04	0.04		0.05	0.08	0.00	0.00		0.00	0.00	LOS_A	1	0.00	0.00	2	0.00	0.00	LOS_A	1
1	3600-7200	86			943	816	1	94	30	0.05	0.04	0.00	0.05	0.09	0.00	0.00	0.00	0.00	0.00	LOS_A	1	0.00	0.00	2	0.00	0.00	LOS_A	1
1	3600-7200	87-343: Western Hwy@756.7-154: Western Hwy@6.0	343	154	928	801	1	94	30	0.02	0.02	0.00	0.03	0.02	0.00	0.00	0.00	0.00	0.00	LOS_A	1	0.00	0.00	2	0.00	0.00	LOS_A	1
1	3600-7200	87-480@343.6-154: Western Hwy@6.0	480	154	15	15	0	0	0	0.01	0.01				0.00	0.00				LOS_A	1	0.00	0.00	0			LOS_A	
1	3600-7200	87			943	816	1	94	30	0.02	0.02	0.00	0.03	0.02	0.00	0.00	0.00	0.00	0.00	LOS_A	1	0.00	0.00	2	0.00	0.00	LOS_A	1
1	3600-7200	88-955: Western Fwy@13.7-343: Western Hwy@21.1	955	343	928	801	1	94	30	0.04	0.03	0.00	0.06	0.11	0.00	0.00	0.00	0.00	0.00	LOS_A	1	0.00	0.00	2	0.00	0.00	LOS_A	1
1	3600-7200	88-955: Western Fwy@13.7-479@7.3	955	479	0	0	0	0	0											LOS_A		0.00	0.00	0			LOS_A	
1	3600-7200	88			928	801	1	94	30	0.04	0.03	0.00	0.06	0.11	0.00	0.00	0.00	0.00	0.00	LOS_A	1	0.00	0.00	2	0.00	0.00	LOS_A	1
1	3600-7200	89-228: Western Fwy@25.7-108@38.1	228	108	237	228	0	7	0	3.67	3.55		6.96		0.00	0.00		0.00		LOS_A	1	0.00	0.00	2	6.54	0.00	LOS_A	1
1	3600-7200	89-228: Western Fwy@25.7-194: Western Fwy@23.1	228	194	2287	2164	5	87	31	0.42	0.42	0.06	0.45	0.59	0.00	0.00	0.00	0.00	0.00	LOS_A	1	0.00	0.00	0			LOS_A	
1	3600-7200	89			2524	2392	5	94	31	0.72	0.71	0.06	0.93	0.59	0.00	0.00	0.00	0.00	0.00	LOS_A	1	0.00	0.00	2	6.54	0.00	LOS_A	1
1	3600-7200	90-104@749.4-417: Western Fwy@10.9	104	417	180	171	0	5	2	0.03	0.03		0.03	0.03	0.00	0.00		0.00	0.00	LOS_A	1	0.00	0.00	2	0.01	0.00	LOS_A	1
1	3600-7200	90-196: Western Fwy@1280.5-417: Western Fwy@10.9	196	417	748	630	1	89	28	0.03	0.02	0.00	0.03	0.02	0.00	0.00	0.00	0.00	0.00	LOS_A	1	0.00	0.00	0			LOS_A	
1	3600-7200	90			928	801	1	94	30	0.03	0.03	0.00	0.03	0.02	0.00	0.00	0.00	0.00	0.00	LOS_A	1	0.00	0.00	2	0.01	0.00	LOS_A	1
1	3600-7200	91-260: Hopkins Rd@76.3-419@20.9	260	419	326	304	1	17	4	1.22	1.09	1.93	3.08	3.00	0.00	0.00	0.00	0.00	0.00	LOS_A	1	0.00	0.00	0			LOS_A	
1	3600-7200	91-260: Hopkins Rd@76.3-427: Hopkins Rd@13.9	260	427	210	165	0	25	7	0.11	0.11		0.19	0.09	0.00	0.00		0.00	0.00	LOS_A	1	0.00	0.00	13	0.06	0.00	LOS_A	1
1	3600-7200	91-426: Hopkins Rd@79.1-43: Hopkins Rd@14.4	426	43	474	440	0	18	1	0.37	0.37		0.26	0.02	0.00	0.00		0.00	0.00	LOS_A	1	0.00	0.00	15	0.51	0.00	LOS_A	1
1	3600-7200	91			1010	909	1	60	12	0.59	0.56	1.93	1.03	1.05	0.00	0.00	0.00	0.00	0.00	LOS_A	1	0.00	0.00	28	0.30	0.00	LOS_A	1
1	3600-7200	92-43: Hopkins Rd@153.1-43: Hopkins Rd@182.8	43	43	474	440	0	18	1	0.19	0.19		0.22	0.02	0.00	0.00		0.00	0.00	LOS_A	1	0.00	0.00	15	0.23	0.00	LOS_A	1
1	3600-7200	92-194: Western Fwy@606.2-1907: Western Fwy@12.3	194	1907	2287	2164	5	87	31	0.81	0.80	0.29	1.10	0.82	0.00	0.00	0.00	0.00	0.00	LOS_A	1	0.00	0.00	0			LOS_A	
1	3600-7200	92-414: Hopkins Rd@174.6-414: Hopkins Rd@204.8	414	414	536	469	1	42	11	0.23	0.23	0.00	0.24	0.14	0.00	0.00	0.00	0.00	0.00	LOS_A	1	0.00	0.00	13	0.06	0.00	LOS_A	1
1	3600-7200	92-1906@89.9-1907: Western Fwy@12.3	1906	1907	554	522	3	23	6	3.71	3.65	4.33	4.83	3.93	0.02	0.02	0.05	0.00	0.00	LOS_A	1	0.08	26.52	0			LOS_A	
1	3600-7200	92			3851	3595	9	170	49	1.07	1.07	1.60	1.30	1.03	0.00	0.00	0.02	0.00	0.00	LOS_A	1	0.02	26.52	28	0.15	0.00	LOS_A	1
1	3600-7200	93-224: Western Fwy@24.6-149@43.1	224	149	170	122	1	37	10	0.02	0.02	0.00	0.02	0.06	0.00	0.00	0.00	0.00	0.00	LOS_A	1	0.00	0.00	0			LOS_A	
1	3600-7200	93-224: Western Fwy@24.6-196: Western Fwy@41.3	224	196	748	630	1	89	28	0.04	0.04	0.43	0.04	0.06	0.00	0.00	0.00	0.00	0.00	LOS_A	1	0.00	0.00	0			LOS_A	
1	3600-7200	93			918	752	2	126	38	0.04	0.04	0.22	0.03	0.06	0.00	0.00	0.00	0.00	0.00	LOS_A	1	0.00	0.00	0			LOS_A	
1	3600-7200	94-949: Western Fwy@23.0-136@6.0	949	136	732	706	1	19	6	0.15	0.15	0.49	0.29	0.22	0.00	0.00	0.00	0.00	0.00	LOS_A	1	0.00	0.00	0			LOS_A	
1	3600-7200	94-949: Western Fwy@23.0-389: Western Fwy  Deer Park Byp@4.2	949	389	2109	1980	7	91	31	0.18	0.18	0.28	0.30	0.33	0.00	0.00	0.00	0.00	0.00	LOS_A	1	0.00	0.00	0			LOS_A	
1	3600-7200	94			2841	2686	8	110	37	0.18	0.17	0.31	0.29	0.31	0.00	0.00	0.00	0.00	0.00	LOS_A	1	0.00	0.00	0			LOS_A	
1	3600-7200	95-952: Western Hwy@59.0-1039: Western Fwy@18.1	952	1039	273	247	0	24	2	0.24	0.21		0.55	0.00	0.00	0.00		0.00	0.00	LOS_A	1	0.00	0.00	0			LOS_A	
1	3600-7200	95-1038: Western Fwy  Deer Park Byp@184.1-1039: Western Fwy@18.1	1038	1039	645	505	2	102	36	0.23	0.21	0.31	0.24	0.55	0.00	0.00	0.00	0.00	0.00	LOS_A	1	0.00	0.00	0			LOS_A	
1	3600-7200	95			918	752	2	126	38	0.23	0.21	0.31	0.30	0.53	0.00	0.00	0.00	0.00	0.00	LOS_A	1	0.00	0.00	0			LOS_A	
1	3600-7200	96-1904@24.9-147: Western Fwy  Deer Park Byp@16.1	1904	147	485	441	2	36	6	1.04	1.05	3.68	0.82	0.30	0.03	0.03	0.85	0.00	0.00	LOS_A	1	0.00	0.00	0			LOS_A	
1	3600-7200	96-24821: Western Fwy  Deer Park Byp@1488.1-147: Western Fwy  Deer Park Byp@16.1	24821	147	2109	1980	7	91	31	0.12	0.12	0.07	0.10	0.10	0.00	0.00	0.00	0.00	0.00	LOS_A	1	0.00	0.00	0			LOS_A	
1	3600-7200	96			2594	2421	9	127	37	0.29	0.29	0.87	0.30	0.13	0.01	0.01	0.19	0.00	0.00	LOS_A	1	0.00	0.00	0			LOS_A	
1	3600-7200	97-240: Western Fwy  Deer Park Byp@38.0-126@16.7	240	126	205	157	0	31	17	3.60	2.96		5.88	5.37	0.05	0.03		0.18	0.00	LOS_A	1	0.04	10.25	0			LOS_A	
1	3600-7200	97-240: Western Fwy  Deer Park Byp@38.0-189: Western Fwy  Deer Park Byp@8.6	240	189	645	505	2	102	36	0.25	0.25	0.24	0.22	0.30	0.00	0.00	0.00	0.00	0.00	LOS_A	1	0.04	10.25	0			LOS_A	
1	3600-7200	97			850	662	2	133	53	1.06	0.89	0.24	1.54	1.93	0.01	0.01	0.00	0.04	0.00	LOS_A	1	0.04	10.25	0			LOS_A	
1	3600-7200	98-91: Ballarat Rd  Western Hwy@67.3-362: Ballarat Rd  Western Hwy@13.4	91	362	570	544	1	21	4	0.04	0.04	0.00	0.03	0.00	0.00	0.00	0.00	0.00	0.00	LOS_A	1	0.00	0.00	0			LOS_A	
1	3600-7200	98-92: Ballarat Rd  Western Hwy@8.7-362: Ballarat Rd  Western Hwy@13.4	92	362	0	0	0	0	0											LOS_A		0.00	0.00	0			LOS_A	
1	3600-7200	98			570	544	1	21	4	0.04	0.04	0.00	0.03	0.00	0.00	0.00	0.00	0.00	0.00	LOS_A	1	0.00	0.00	0			LOS_A	
1	3600-7200	99-209: Ballarat Rd  Western Hwy@46.4-1: Ballarat Rd  Western Hwy@6.6	209	1	570	544	1	21	4	0.02	0.02	0.00	0.03	0.00	0.00	0.00	0.00	0.00	0.00	LOS_A	1	0.00	0.00	0			LOS_A	
1	3600-7200	99-209: Ballarat Rd  Western Hwy@46.4-2: Ballarat Rd  Western Hwy@6.5	209	2	0	0	0	0	0											LOS_A		0.00	0.00	0			LOS_A	
1	3600-7200	99			570	544	1	21	4	0.02	0.02	0.00	0.03	0.00	0.00	0.00	0.00	0.00	0.00	LOS_A	1	0.00	0.00	0			LOS_A	
1	3600-7200	100-1141@18.3-1143@28.5	1141	1143	0	0	0	0	0											LOS_A		0.00	0.00	0			LOS_A	
1	3600-7200	100-1141@18.3-1147@16.5	1141	1147	68	66	0	2	0	0.84	0.85		0.27		0.02	0.02		0.00		LOS_A	1	0.00	0.00	0			LOS_A	
1	3600-7200	100-1141@18.3-1152@26.0	1141	1152	75	72	0	3	0	0.47	0.48		0.24		0.00	0.00		0.00		LOS_A	1	0.00	0.00	0			LOS_A	
1	3600-7200	100-1141@18.3-1158@25.0	1141	1158	145	141	0	4	0	0.38	0.39		0.21		0.00	0.00		0.00		LOS_A	1	0.00	0.00	0			LOS_A	
1	3600-7200	100-1146@382.0-1143@28.5	1146	1143	89	88	0	1	0	1.34	1.35		0.50		0.00	0.00		0.00		LOS_A	1	0.00	0.00	0			LOS_A	
1	3600-7200	100-1146@382.0-1147@16.5	1146	1147	0	0	0	0	0											LOS_A		0.00	0.00	0			LOS_A	
1	3600-7200	100-1146@382.0-1152@26.0	1146	1152	52	47	0	5	0	0.56	0.57		0.48		0.00	0.00		0.00		LOS_A	1	0.00	0.00	0			LOS_A	
1	3600-7200	100-1146@382.0-1158@25.0	1146	1158	0	0	0	0	0											LOS_A		0.00	0.00	0			LOS_A	
1	3600-7200	100-1159@120.5-1143@28.5	1159	1143	157	154	0	3	0	0.79	0.79		0.61		0.00	0.00		0.00		LOS_A	1	0.00	0.00	0			LOS_A	
1	3600-7200	100-1159@120.5-1147@16.5	1159	1147	65	58	0	7	0	0.61	0.59		0.73		0.00	0.00		0.00		LOS_A	1	0.00	0.00	0			LOS_A	
1	3600-7200	100-1159@120.5-1152@26.0	1159	1152	60	60	0	0	0	0.67	0.67				0.00	0.00				LOS_A	1	0.00	0.00	0			LOS_A	
1	3600-7200	100-1159@120.5-1158@25.0	1159	1158	0	0	0	0	0											LOS_A		0.00	0.00	0			LOS_A	
1	3600-7200	100-1234@184.1-1143@28.5	1234	1143	108	105	0	3	0	0.79	0.78		1.14		0.00	0.00		0.00		LOS_A	1	0.00	0.00	0			LOS_A	
1	3600-7200	100-1234@184.1-1147@16.5	1234	1147	124	122	0	2	0	0.68	0.68		0.87		0.02	0.02		0.00		LOS_A	1	0.00	0.00	0			LOS_A	
1	3600-7200	100-1234@184.1-1152@26.0	1234	1152	0	0	0	0	0											LOS_A		0.00	0.00	0			LOS_A	
1	3600-7200	100-1234@184.1-1158@25.0	1234	1158	55	55	0	0	0	0.50	0.50				0.00	0.00				LOS_A	1	0.00	0.00	0			LOS_A	
1	3600-7200	100			998	968	0	30	0	0.70	0.70		0.57		0.00	0.00		0.00		LOS_A	1	0.00	0.00	0			LOS_A	
1	3600-7200	101-1144@12.5-1140@37.3	1144	1140	0	0	0	0	0											LOS_A		0.00	0.00	0			LOS_A	
1	3600-7200	101-1144@12.5-1168@28.2	1144	1168	2	2	0	0	0	0.24	0.24				0.00	0.00				LOS_A	1	0.00	0.00	0			LOS_A	
1	3600-7200	101-1144@12.5-1170@29.6	1144	1170	180	179	0	1	0	0.45	0.45		0.93		0.00	0.00		0.00		LOS_A	1	0.00	0.00	0			LOS_A	
1	3600-7200	101-1144@12.5-1171@32.9	1144	1171	172	166	0	6	0	1.45	1.47		1.05		0.00	0.00		0.00		LOS_A	1	0.00	0.00	0			LOS_A	
1	3600-7200	101-1167@141.4-1140@37.3	1167	1140	2	1	0	1	0	0.12	0.12		0.12		0.00	0.00		0.00		LOS_A	1	0.00	0.00	0			LOS_A	
1	3600-7200	101-1167@141.4-1168@28.2	1167	1168	0	0	0	0	0											LOS_A		0.00	0.00	0			LOS_A	
1	3600-7200	101-1167@141.4-1170@29.6	1167	1170	24	24	0	0	0	0.61	0.61				0.00	0.00				LOS_A	1	0.00	0.00	0			LOS_A	
1	3600-7200	101-1167@141.4-1171@32.9	1167	1171	34	34	0	0	0	0.32	0.32				0.00	0.00				LOS_A	1	0.00	0.00	0			LOS_A	
1	3600-7200	101-1169@143.9-1140@37.3	1169	1140	110	109	0	1	0	0.84	0.84		0.14		0.00	0.00		0.00		LOS_A	1	0.00	0.00	0			LOS_A	
1	3600-7200	101-1169@143.9-1168@28.2	1169	1168	10	10	0	0	0	0.23	0.23				0.00	0.00				LOS_A	1	0.00	0.00	0			LOS_A	
1	3600-7200	101-1169@143.9-1170@29.6	1169	1170	0	0	0	0	0											LOS_A		0.00	0.00	0			LOS_A	
1	3600-7200	101-1169@143.9-1171@32.9	1169	1171	35	35	0	0	0	0.55	0.55				0.00	0.00				LOS_A	1	0.00	0.00	0			LOS_A	
1	3600-7200	101-1172@137.6-1140@37.3	1172	1140	176	169	0	7	0	0.74	0.75		0.45		0.00	0.00		0.00		LOS_A	1	0.00	0.00	0			LOS_A	
1	3600-7200	101-1172@137.6-1168@28.2	1172	1168	16	15	0	1	0	0.36	0.35		0.40		0.00	0.00		0.00		LOS_A	1	0.00	0.00	0			LOS_A	
1	3600-7200	101-1172@137.6-1170@29.6	1172	1170	19	19	0	0	0	1.02	1.02				0.00	0.00				LOS_A	1	0.00	0.00	0			LOS_A	
1	3600-7200	101-1172@137.6-1171@32.9	1172	1171	0	0	0	0	0											LOS_A		0.00	0.00	0			LOS_A	
1	3600-7200	101			780	763	0	17	0	0.80	0.81		0.65		0.00	0.00		0.00		LOS_A	1	0.00	0.00	0			LOS_A	
1	3600-7200	102-1150@427.0-1155@20.3	1150	1155	24	24	0	0	0	0.27	0.27				0.00	0.00				LOS_A	1	0.00	0.00	0			LOS_A	
1	3600-7200	102-1150@427.0-1156@9.2	1150	1156	111	110	0	1	0	0.50	0.51		0.00		0.00	0.00		0.00		LOS_A	1	0.00	0.00	0			LOS_A	
1	3600-7200	102-1154@88.9-1153@11.3	1154	1153	121	119	0	2	0	0.24	0.24		0.00		0.00	0.00		0.00		LOS_A	1	0.00	0.00	0			LOS_A	
1	3600-7200	102-1154@88.9-1155@20.3	1154	1155	40	36	0	4	0	1.42	1.29		2.56		0.00	0.00		0.00		LOS_A	1	0.00	0.00	0			LOS_A	
1	3600-7200	102-1157@97.7-1153@11.3	1157	1153	52	52	0	0	0	0.44	0.44				0.00	0.00				LOS_A	1	0.00	0.00	0			LOS_A	
1	3600-7200	102-1157@97.7-1156@9.2	1157	1156	102	98	0	4	0	0.30	0.30		0.31		0.00	0.00		0.00		LOS_A	1	0.00	0.00	0			LOS_A	
1	3600-7200	102			450	439	0	11	0	0.45	0.43		1.04		0.00	0.00		0.00		LOS_A	1	0.00	0.00	0			LOS_A	
1	3600-7200	103			0	0	0	0	0											LOS_A				0			LOS_A	
1	3600-7200	104			0	0	0	0	0											LOS_A				0			LOS_A	
1	3600-7200	105			0	0	0	0	0											LOS_A				0			LOS_A	
1	3600-7200	106			0	0	0	0	0											LOS_A				0			LOS_A	
1	3600-7200	107			0	0	0	0	0											LOS_A				0			LOS_A	
1	3600-7200	108			0	0	0	0	0											LOS_A				0			LOS_A	
1	3600-7200	109			0	0	0	0	0											LOS_A				0			LOS_A	
1	3600-7200	113			0	0	0	0	0											LOS_A				0			LOS_A	
1	3600-7200	114-1081@150.5-1125@21.0	1081	1125	389	345	1	10	2	2.99	1.83	4.49	1.85	3.13	0.00	0.00	0.00	0.00	0.00	LOS_A	1	0.00	0.00	31	16.14	0.01	LOS_C	3
1	3600-7200	114-1081@150.5-1128@12.2	1081	1128	187	172	0	15	0	3.22	3.11		4.52		0.03	0.04		0.00		LOS_A	1	0.00	0.00	0			LOS_A	
1	3600-7200	114-1129@3.3-1130@26.0	1129	1130	255	231	0	15	9	3.28	3.13		4.59	4.97	0.00	0.00		0.00	0.00	LOS_A	1	0.00	0.00	0			LOS_A	
1	3600-7200	114-1132@5.3-1125@21.0	1132	1125	91	88	0	3	0	0.25	0.25		0.25		0.00	0.00		0.00		LOS_A	1	0.00	0.00	0			LOS_A	
1	3600-7200	114-1240: Western Fwy@6.0-1128@12.2	1240	1128	54	51	0	3	0	0.34	0.34		0.40		0.00	0.00		0.00		LOS_A	1	0.00	0.00	0			LOS_A	
1	3600-7200	114-1240: Western Fwy@6.0-1130@26.0	1240	1130	139	108	0	0	0	0.25	0.15				0.00	0.00				LOS_A	1	0.00	0.00	31	0.60	0.00	LOS_A	1
1	3600-7200	114			1115	995	1	46	11	2.40	1.96	4.49	3.41	4.63	0.01	0.01	0.00	0.00	0.00	LOS_A	1	0.00	0.00	62	8.37	0.00	LOS_A	1
1	3600-7200	115-1092: Western Fwy@41.4-1091@18.2	1092	1091	339	328	0	11	0	2.11	2.03		4.77		0.00	0.00		0.00		LOS_A	1	0.00	0.00	0			LOS_A	
1	3600-7200	115-1092: Western Fwy@41.4-1093: Western Fwy@20.0	1092	1093	1120	1055	4	42	19	0.53	0.52	0.27	0.71	0.62	0.00	0.00	0.00	0.00	0.00	LOS_A	1	0.00	0.00	0			LOS_A	
1	3600-7200	115			1459	1383	4	53	19	0.90	0.88	0.27	1.55	0.62	0.00	0.00	0.00	0.00	0.00	LOS_A	1	0.00	0.00	0			LOS_A	
1	3600-7200	116-1134: Western Fwy@853.1-1137: Western Fwy@29.6	1134	1137	569	486	0	61	22	0.03	0.03		0.01	0.02	0.00	0.00		0.00	0.00	LOS_A	1	0.00	0.00	0			LOS_A	
1	3600-7200	116-1139@39.2-1137: Western Fwy@29.6	1139	1137	241	223	0	18	0	0.23	0.16		1.08		0.00	0.00		0.00		LOS_A	1	0.00	0.00	0			LOS_A	
1	3600-7200	116			810	709	0	79	22	0.09	0.07		0.26	0.02	0.00	0.00		0.00	0.00	LOS_A	1	0.00	0.00	0			LOS_A	
1	3600-7200	117-1093: Western Fwy@887.1-1118: Western Fwy@20.0	1093	1118	1120	1055	4	42	19	0.17	0.18	0.11	0.13	0.14	0.00	0.00	0.00	0.00	0.00	LOS_A	1	0.00	0.00	0			LOS_A	
1	3600-7200	117-1117@115.1-1118: Western Fwy@20.0	1117	1118	612	592	2	13	5	0.48	0.47	0.20	0.76	0.46	0.00	0.00	0.00	0.00	0.00	LOS_A	1	0.00	0.00	0			LOS_A	
1	3600-7200	117			1732	1647	6	55	24	0.28	0.28	0.14	0.28	0.21	0.00	0.00	0.00	0.00	0.00	LOS_A	1	0.00	0.00	0			LOS_A	
1	3600-7200	118-1135: Western Fwy@35.7-1134: Western Fwy@6.5	1135	1134	570	487	0	61	22	0.37	0.31		0.69	0.81	0.00	0.00		0.00	0.00	LOS_A	1	0.00	7.54	0			LOS_A	
1	3600-7200	118-1135: Western Fwy@35.7-1136: Western Fwy@4.3	1135	1136	346	319	0	18	9	3.01	2.82		5.15	5.33	0.00	0.00		0.00	0.00	LOS_A	1	0.00	7.54	0			LOS_A	
1	3600-7200	118			916	806	0	79	31	1.37	1.30		1.70	2.12	0.00	0.00		0.00	0.00	LOS_A	1	0.00	7.54	0			LOS_A	
1	3600-7200	119-1090@228.7-1098@20.0	1090	1098	70	70	0	0	0	0.37	0.37				0.00	0.00				LOS_A	1	0.00	0.00	0			LOS_A	
1	3600-7200	119-1090@228.7-1100@8.0	1090	1100	269	258	0	11	0	0.90	0.79		3.46		0.01	0.01		0.00		LOS_A	1	0.00	0.00	0			LOS_A	
1	3600-7200	119-1114@10.9-1098@20.0	1114	1098	123	89	0	3	0	0.27	0.25		0.07		0.00	0.00		0.00		LOS_A	1	0.00	0.00	31	0.34	0.00	LOS_A	1
1	3600-7200	119-1114@10.9-1116@15.9	1114	1116	282	275	1	3	3	0.67	0.66	2.01	0.44	1.41	0.01	0.01	0.00	0.00	0.00	LOS_A	1	0.00	4.81	0			LOS_A	
1	3600-7200	119-1237@6.9-1100@8.0	1237	1100	150	116	0	3	0	1.47	1.55		3.22		0.00	0.00		0.00		LOS_A	1	0.00	0.00	31	0.99	0.00	LOS_A	1
1	3600-7200	119-1237@6.9-1116@15.9	1237	1116	330	317	1	10	2	2.27	2.19	4.64	3.83	4.53	0.00	0.00	0.00	0.00	0.00	LOS_A	1	0.00	0.00	0			LOS_A	
1	3600-7200	119			1224	1125	2	30	5	1.19	1.16	3.32	2.92	2.66	0.01	0.01	0.00	0.00	0.00	LOS_A	1	0.00	4.81	62	0.67	0.00	LOS_A	1
1	3600-7200	120-1100@12.7-1099@27.3	1100	1099	254	218	0	5	0	0.76	0.29		0.41		0.00	0.00		0.00		LOS_A	1	0.00	0.00	31	4.12	0.00	LOS_A	1
1	3600-7200	120-1100@12.7-1103@19.5	1100	1103	65	64	0	1	0	0.88	0.63		16.56		0.27	0.12		9.61		LOS_A	1	0.14	15.86	0			LOS_A	
1	3600-7200	120-1100@12.7-1107@21.1	1100	1107	100	92	0	8	0	0.25	0.25		0.32		0.00	0.00		0.00		LOS_A	1	0.00	0.00	0			LOS_A	
1	3600-7200	120-1106@32.8-1099@27.3	1106	1099	0	0	0	0	0											LOS_A		0.00	0.00	0			LOS_A	
1	3600-7200	120-1106@32.8-1103@19.5	1106	1103	0	0	0	0	0											LOS_A		0.00	0.00	0			LOS_A	
1	3600-7200	120-1106@32.8-1112@5.6	1106	1112	185	182	0	1	2	0.37	0.36		0.88	0.61	0.00	0.00		0.00	0.00	LOS_A	1	0.00	0.00	0			LOS_A	
1	3600-7200	120-1184@12.8-1184@46.5	1184	1184	0	0	0	0	0											LOS_A		0.00	0.00	0			LOS_A	
1	3600-7200	120-1186@9.2-1186@61.3	1186	1186	0	0	0	0	0											LOS_A		0.00	0.00	0			LOS_A	
1	3600-7200	120-1189@5.6-1189@50.7	1189	1189	4	0	0	0	0	0.00					0.00					LOS_A	1	0.21	20.30	0			LOS_A	
1	3600-7200	120-1190@11.3-1190@56.8	1190	1190	0	0	0	0	0											LOS_A		0.00	0.00	0			LOS_A	
1	3600-7200	120-1191@12.4-1191@46.2	1191	1191	0	0	0	0	0											LOS_A		0.00	0.00	0			LOS_A	
1	3600-7200	120-1192@6.0-1192@58.2	1192	1192	0	0	0	0	0											LOS_A		0.00	0.00	0			LOS_A	
1	3600-7200	120-1193@13.6-1193@42.6	1193	1193	0	0	0	0	0											LOS_A		0.00	0.00	0			LOS_A	
1	3600-7200	120-1194@0.7-1194@34.7	1194	1194	0	0	0	0	0											LOS_A		0.00	0.00	0			LOS_A	
1	3600-7200	120-1236@14.1-1103@19.5	1236	1103	0	0	0	0	0											LOS_A		0.00	0.00	0			LOS_A	
1	3600-7200	120-1236@14.1-1107@21.1	1236	1107	2	0	0	2	0	0.66			0.66		0.00			0.00		LOS_A	1	0.00	0.00	0			LOS_A	
1	3600-7200	120-1236@14.1-1112@5.6	1236	1112	220	182	1	5	1	1.32	1.50	2.38	1.71	2.84	0.00	0.00	0.00	0.00	0.00	LOS_A	1	0.00	0.00	31	0.10	0.00	LOS_A	1
1	3600-7200	120-1239@4.2-1099@27.3	1239	1099	0	0	0	0	0											LOS_A		0.00	0.00	0			LOS_A	
1	3600-7200	120-1239@4.2-1107@21.1	1239	1107	0	0	0	0	0											LOS_A		0.00	0.00	0			LOS_A	
1	3600-7200	120-1239@4.2-11576@36.8	1239	11576	0	0	0	0	0											LOS_A		0.00	0.00	0			LOS_A	
1	3600-7200	120			830	738	1	22	3	0.76	0.63	2.38	1.45	1.36	0.02	0.01	0.00	0.44	0.00	LOS_A	1	0.03	20.30	62	2.11	0.00	LOS_A	1
1	3600-7200	121			0	0	0	0	0											LOS_A				0			LOS_A	
1	3600-7200	122			0	0	0	0	0											LOS_A				0			LOS_A	
1	3600-7200	123			0	0	0	0	0											LOS_A				0			LOS_A	
1	3600-7200	124-1123@88.6-1122@4.7	1123	1122	10	10	0	0	0	0.03	0.03				0.00	0.00				LOS_A	1	0.00	0.00	0			LOS_A	
1	3600-7200	124-1130@109.7-1122@4.7	1130	1122	391	336	0	15	9	1.39	0.29		0.09	0.28	0.00	0.00		0.00	0.00	LOS_A	1	4.89	30.68	31	14.33	0.00	LOS_B	2
1	3600-7200	124-1130@109.7-1180@8.5	1130	1180	3	3	0	0	0	1.83	1.83				0.00	0.00				LOS_A	1	4.89	30.68	0			LOS_A	
1	3600-7200	124			404	349	0	15	9	1.36	0.29		0.09	0.28	0.00	0.00		0.00	0.00	LOS_A	1	2.44	30.68	31	14.33	0.00	LOS_B	2
1	3600-7200	125			0	0	0	0	0											LOS_A				0			LOS_A	
1	3600-7200	244-1156@962.0-1223@12.7	1156	1223	0	0	0	0	0											LOS_A		0.00	0.00	0			LOS_A	
1	3600-7200	244-1156@962.0-1224@15.7	1156	1224	213	208	0	5	0	0.06	0.06		0.01		0.00	0.00		0.00		LOS_A	1	0.00	0.00	0			LOS_A	
1	3600-7200	244-1221@50.0-1224@15.7	1221	1224	0	0	0	0	0											LOS_A		0.00	0.00	0			LOS_A	
1	3600-7200	244-1221@50.0-1225@11.6	1221	1225	0	0	0	0	0											LOS_A		0.00	0.00	0			LOS_A	
1	3600-7200	244-1227@99.3-1223@12.7	1227	1223	0	0	0	0	0											LOS_A		0.00	0.00	0			LOS_A	
1	3600-7200	244-1227@99.3-1225@11.6	1227	1225	161	155	0	6	0	0.31	0.30		0.51		0.00	0.00		0.00		LOS_A	1	0.00	0.00	0			LOS_A	
1	3600-7200	244			374	363	0	11	0	0.17	0.16		0.28		0.00	0.00		0.00		LOS_A	1	0.00	0.00	0			LOS_A	
1	3600-7200	245			0	0	0	0	0											LOS_A				0			LOS_A	
1	3600-7200	246-1224@100.1-1229@17.2	1224	1229	12	12	0	0	0	0.07	0.07				0.00	0.00				LOS_A	1	0.00	0.00	0			LOS_A	
1	3600-7200	246-1224@100.1-1230@17.9	1224	1230	201	196	0	5	0	0.31	0.31		0.40		0.00	0.00		0.00		LOS_A	1	0.00	0.00	0			LOS_A	
1	3600-7200	246-1228@93.7-1227@14.9	1228	1227	19	19	0	0	0	0.14	0.14				0.00	0.00				LOS_A	1	0.00	0.00	0			LOS_A	
1	3600-7200	246-1228@93.7-1230@17.9	1228	1230	59	59	0	0	0	0.16	0.16				0.00	0.00				LOS_A	1	0.00	0.00	0			LOS_A	
1	3600-7200	246-1235@217.9-1227@14.9	1235	1227	142	136	0	6	0	0.34	0.34		0.46		0.00	0.00		0.00		LOS_A	1	0.00	0.00	0			LOS_A	
1	3600-7200	246-1235@217.9-1229@17.2	1235	1229	42	40	0	2	0	0.23	0.23		0.15		0.00	0.00		0.00		LOS_A	1	0.00	0.00	0			LOS_A	
1	3600-7200	246			475	462	0	13	0	0.28	0.28		0.39		0.00	0.00		0.00		LOS_A	1	0.00	0.00	0			LOS_A	
1	3600-7200	247			0	0	0	0	0											LOS_A				0			LOS_A	
1	3600-7200	248-1152@193.7-1233@16.5	1152	1233	6	6	0	0	0	0.09	0.09				0.00	0.00				LOS_A	1	0.00	0.00	0			LOS_A	
1	3600-7200	248-1152@193.7-1235@13.8	1152	1235	181	173	0	8	0	0.18	0.19		0.10		0.00	0.00		0.00		LOS_A	1	0.00	0.00	0			LOS_A	
1	3600-7200	248-1230@222.2-1233@16.5	1230	1233	2	2	0	0	0	0.26	0.26				0.00	0.00				LOS_A	1	0.00	0.00	0			LOS_A	
1	3600-7200	248-1230@222.2-1234@16.0	1230	1234	258	253	0	5	0	0.27	0.27		0.48		0.00	0.00		0.00		LOS_A	1	0.00	0.00	0			LOS_A	
1	3600-7200	248-1232@78.7-1234@16.0	1232	1234	29	29	0	0	0	0.09	0.09				0.00	0.00				LOS_A	1	0.00	0.00	0			LOS_A	
1	3600-7200	248-1232@78.7-1235@13.8	1232	1235	3	3	0	0	0	0.23	0.23				0.00	0.00				LOS_A	1	0.00	0.00	0			LOS_A	
1	3600-7200	248			479	466	0	13	0	0.22	0.22		0.25		0.00	0.00		0.00		LOS_A	1	0.00	0.00	0			LOS_A	
1	3600-7200	249			0	0	0	0	0											LOS_A				0			LOS_A	
1	3600-7200	301-2254@5.6-2212@13.2	2254	2212	0	0	0	0	0											LOS_A		0.00	0.00	0			LOS_A	
1	3600-7200	301-2254@5.6-2213: Zone connector@52.1	2254	2213	16	14	0	2	0	1.28	1.11		2.50		0.00	0.00		0.00		LOS_A	1	0.00	0.00	0			LOS_A	
1	3600-7200	301-2254@5.6-2214: Ferris Rd@54.4	2254	2214	0	0	0	0	0											LOS_A		0.00	0.00	0			LOS_A	
1	3600-7200	301-2256: Zone connector@12.4-2210@21.6	2256	2210	0	0	0	0	0											LOS_A		0.00	0.00	0			LOS_A	
1	3600-7200	301-2256: Zone connector@12.4-2212@13.2	2256	2212	4	2	1	0	1	3.36	2.54	5.07		3.29	0.00	0.00	0.00		0.00	LOS_A	1	0.00	0.00	0			LOS_A	
1	3600-7200	301-2256: Zone connector@12.4-2213: Zone connector@52.1	2256	2213	512	494	0	12	4	0.32	0.32		0.32	0.49	0.00	0.00		0.00	0.00	LOS_A	1	0.00	0.00	2	0.00	0.00	LOS_A	1
1	3600-7200	301-2257@8.4-2210@21.6	2257	2210	0	0	0	0	0											LOS_A		0.00	0.00	0			LOS_A	
1	3600-7200	301-2257@8.4-2213: Zone connector@52.1	2257	2213	178	150	0	22	6	0.29	0.31		0.23	0.16	0.00	0.00		0.00	0.00	LOS_A	1	0.00	0.00	0			LOS_A	
1	3600-7200	301-2257@8.4-2214: Ferris Rd@54.4	2257	2214	14	0	0	12	2	3.36			3.32	3.60	0.00			0.00	0.00	LOS_A	1	0.00	0.00	0			LOS_A	
1	3600-7200	301-2258: Ferris Rd@4.3-2210@21.6	2258	2210	8	4	0	3	1	2.86	1.95		4.03	2.96	0.00	0.00		0.00	0.00	LOS_A	1	0.00	0.00	0			LOS_A	
1	3600-7200	301-2258: Ferris Rd@4.3-2212@13.2	2258	2212	183	162	0	19	2	3.63	3.36		5.67	5.64	0.12	0.13		0.00	0.00	LOS_A	1	0.00	0.00	0			LOS_A	
1	3600-7200	301-2258: Ferris Rd@4.3-2214: Ferris Rd@54.4	2258	2214	136	130	0	4	0	0.38	0.39		0.22		0.03	0.03		0.00		LOS_A	1	0.00	0.00	2	0.10	0.00	LOS_A	1
1	3600-7200	301			1051	956	1	74	16	0.99	0.87	5.07	2.36	1.73	0.02	0.03	0.00	0.00	0.00	LOS_A	1	0.00	0.00	4	0.05	0.00	LOS_A	1
1	3600-7200	311-435: Leakes Rd@40.0-2350@32.4	435	2350	226	222	0	4	0	0.18	0.18		0.20		0.00	0.00		0.00		LOS_A	1	0.00	0.00	0			LOS_A	
1	3600-7200	311-435: Leakes Rd@40.0-2353@40.0	435	2353	293	277	1	13	2	0.10	0.10	0.00	0.13	0.00	0.00	0.00	0.00	0.00	0.00	LOS_A	1	0.00	0.00	0			LOS_A	
1	3600-7200	311-435: Leakes Rd@40.0-2356@40.3	435	2356	77	60	0	0	0	0.09	0.11				0.00	0.00				LOS_A	1	0.00	0.00	17	0.03	0.00	LOS_A	1
1	3600-7200	311-2347@136.8-2344: Leakes Rd@21.5	2347	2344	293	283	0	8	2	1.38	1.36		1.74	2.59	0.00	0.00		0.00	0.00	LOS_A	1	0.00	0.00	0			LOS_A	
1	3600-7200	311-2347@136.8-2353@40.0	2347	2353	2	2	0	0	0	0.11	0.11				0.00	0.00				LOS_A	1	0.00	0.00	0			LOS_A	
1	3600-7200	311-2347@136.8-2356@40.3	2347	2356	41	24	0	2	0	0.30	0.28		0.01		0.00	0.00		0.00		LOS_A	1	0.00	0.00	15	0.38	0.00	LOS_A	1
1	3600-7200	311-2354@38.7-2344: Leakes Rd@21.5	2354	2344	141	121	0	2	1	0.94	0.99		0.60	1.12	0.00	0.00		0.00	0.00	LOS_A	1	0.00	0.00	17	0.58	0.00	LOS_A	1
1	3600-7200	311-2354@38.7-2350@32.4	2354	2350	33	18	0	0	0	0.26	0.34				0.00	0.00				LOS_A	1	0.00	0.00	15	0.17	0.00	LOS_A	1
1	3600-7200	311-2354@38.7-2353@40.0	2354	2353	9	7	0	2	0	1.14	0.72		2.60		0.00	0.00		0.00		LOS_A	1	0.00	0.00	0			LOS_A	
1	3600-7200	311-2360@81.7-2344: Leakes Rd@21.5	2360	2344	341	322	0	18	1	1.30	1.18		3.15	5.71	0.00	0.00		0.00	0.00	LOS_A	1	0.00	0.00	0			LOS_A	
1	3600-7200	311-2360@81.7-2350@32.4	2360	2350	18	17	0	1	0	0.26	0.21		1.15		0.00	0.00		0.00		LOS_A	1	0.00	0.00	0			LOS_A	
1	3600-7200	311-2360@81.7-2356@40.3	2360	2356	15	15	0	0	0	2.84	2.84				0.00	0.00				LOS_A	1	0.00	0.00	0			LOS_A	
1	3600-7200	311			1489	1368	1	50	6	0.76	0.75	0.00	1.61	2.00	0.00	0.00	0.00	0.00	0.00	LOS_A	1	0.00	0.00	64	0.29	0.00	LOS_A	1
1	3600-7200	312-2419@3.3-24810@22.1	2419	24810	178	164	1	11	2	0.64	0.64	0.09	0.81	0.27	0.00	0.00	0.00	0.00	0.00	LOS_A	1	0.00	0.00	0			LOS_A	
1	3600-7200	312-2420@4.1-2422@13.2	2420	2422	116	97	1	14	4	0.31	0.30	1.35	0.30	0.38	0.00	0.00	0.00	0.00	0.00	LOS_A	1	0.00	0.00	0			LOS_A	
1	3600-7200	312-2475@44.5-2391@3.4	2475	2391	538	486	4	36	12	0.38	0.37	1.07	0.45	0.38	0.00	0.00	0.00	0.00	0.00	LOS_A	1	0.00	0.00	0			LOS_A	
1	3600-7200	312-2475@44.5-2422@13.2	2475	2422	94	84	0	8	2	5.37	5.05		8.11	7.90	0.00	0.00		0.00	0.00	LOS_A	1	0.00	0.00	0			LOS_A	
1	3600-7200	312-2527@16.1-2391@3.4	2527	2391	173	143	0	20	10	1.03	0.98		1.34	1.19	0.00	0.00		0.00	0.00	LOS_A	1	0.00	0.00	0			LOS_A	
1	3600-7200	312-2527@16.1-24810@22.1	2527	24810	88	88	0	0	0	1.43	1.43				0.00	0.00				LOS_A	1	0.00	0.00	0			LOS_A	
1	3600-7200	312			1187	1062	6	89	30	0.98	0.94	0.96	1.36	1.14	0.00	0.00	0.00	0.00	0.00	LOS_A	1	0.00	0.00	0			LOS_A	
1	3600-7200	313-2394@59.8-2414@34.7	2394	2414	554	512	1	34	7	1.59	1.51	3.24	2.53	2.70	0.00	0.00	0.00	0.00	0.00	LOS_A	1	0.00	0.00	0			LOS_A	
1	3600-7200	313-2394@59.8-2418@36.3	2394	2418	69	60	0	6	3	0.83	0.87		0.62	0.42	0.00	0.00		0.00	0.00	LOS_A	1	0.00	0.00	0			LOS_A	
1	3600-7200	313-2401@29.1-2389@16.1	2401	2389	154	124	1	18	11	2.52	2.22	4.32	3.60	4.03	0.00	0.00	0.00	0.00	0.00	LOS_A	1	0.00	22.61	0			LOS_A	
1	3600-7200	313-2401@29.1-2418@36.3	2401	2418	225	201	2	19	3	0.23	0.22	0.01	0.22	0.92	0.00	0.00	0.00	0.00	0.00	LOS_A	1	0.00	0.00	0			LOS_A	
1	3600-7200	313-2416@14.9-2389@16.1	2416	2389	34	15	0	12	7	2.12	1.52		1.56	4.36	0.00	0.00		0.00	0.00	LOS_A	1	0.00	0.00	0			LOS_A	
1	3600-7200	313-2416@14.9-2414@34.7	2416	2414	677	614	4	44	15	0.92	0.95	0.00	0.81	0.43	0.00	0.00	0.00	0.00	0.00	LOS_A	1	0.00	0.00	0			LOS_A	
1	3600-7200	313			1713	1526	8	133	46	1.21	1.15	0.95	1.60	2.26	0.00	0.00	0.00	0.00	0.00	LOS_A	1	0.00	22.61	0			LOS_A	
1	3600-7200	314-2403@220.3-2402@17.0	2403	2402	35	35	0	0	0	0.51	0.51				0.00	0.00				LOS_A	1	0.00	0.00	0			LOS_A	
1	3600-7200	314-2403@220.3-2424@24.2	2403	2424	0	0	0	0	0											LOS_A		0.00	0.00	0			LOS_A	
1	3600-7200	314-2409@18.3-2410@13.9	2409	2410	32	32	0	0	0	0.26	0.26				0.00	0.00				LOS_A	1	0.00	0.00	0			LOS_A	
1	3600-7200	314-2409@18.3-2424@24.2	2409	2424	1199	1094	5	78	22	0.78	0.75	0.65	1.21	0.68	0.00	0.00	0.00	0.00	0.00	LOS_A	1	0.00	0.00	0			LOS_A	
1	3600-7200	314-2413@40.6-2402@17.0	2413	2402	344	290	3	37	14	0.80	0.70	0.52	1.11	2.11	0.00	0.00	0.00	0.00	0.00	LOS_A	1	0.00	0.00	0			LOS_A	
1	3600-7200	314-2413@40.6-2410@13.9	2413	2410	1	1	0	0	0	0.36	0.36				0.00	0.00				LOS_A	1	0.00	0.00	0			LOS_A	
1	3600-7200	314-2517@5.7-2517@54.4	2517	2517	0	0	0	0	0											LOS_A		0.00	0.00	0			LOS_A	
1	3600-7200	314			1611	1452	8	115	36	0.77	0.72	0.60	1.18	1.24	0.00	0.00	0.00	0.00	0.00	LOS_A	1	0.00	0.00	0			LOS_A	
1	3600-7200	315-2424@32.6-2426@30.8	2424	2426	1099	1010	4	65	20	0.12	0.12	0.00	0.17	0.11	0.00	0.00	0.00	0.00	0.00	LOS_A	1	0.00	0.00	0			LOS_A	
1	3600-7200	315-2424@32.6-2434@37.0	2424	2434	17	13	0	3	1	0.01	0.01		0.00	0.00	0.00	0.00		0.00	0.00	LOS_A	1	0.00	0.00	0			LOS_A	
1	3600-7200	315-2424@32.6-2439@33.6	2424	2439	83	71	1	10	1	0.24	0.19	1.43	0.34	1.38	0.00	0.00	0.00	0.00	0.00	LOS_A	1	0.00	0.00	0			LOS_A	
1	3600-7200	315-2430@18.6-2413@31.6	2430	2413	50	40	1	8	1	1.66	1.18	3.55	3.60	3.51	0.00	0.00	0.00	0.00	0.00	LOS_A	1	0.00	0.00	0			LOS_A	
1	3600-7200	315-2430@18.6-2426@30.8	2430	2426	11	8	1	2	0	0.49	0.64	0.12	0.07		0.00	0.00	0.00	0.00		LOS_A	1	0.00	0.00	0			LOS_A	
1	3600-7200	315-2430@18.6-2439@33.6	2430	2439	17	16	0	1	0	4.15	4.00		6.52		0.00	0.00		0.00		LOS_A	1	0.00	0.00	0			LOS_A	
1	3600-7200	315-2438@12.4-2413@31.6	2438	2413	23	16	0	6	1	0.33	0.36		0.03	1.54	0.00	0.00		0.00	0.00	LOS_A	1	0.00	0.00	0			LOS_A	
1	3600-7200	315-2438@12.4-2426@30.8	2438	2426	8	8	0	0	0	3.10	3.10				0.00	0.00				LOS_A	1	0.00	0.00	0			LOS_A	
1	3600-7200	315-2438@12.4-2434@37.0	2438	2434	4	4	0	0	0	5.27	5.27				0.00	0.00				LOS_A	1	0.00	0.00	0			LOS_A	
1	3600-7200	315-2442@2.5-2413@31.6	2442	2413	272	235	2	23	12	0.11	0.11	0.00	0.05	0.28	0.00	0.00	0.00	0.00	0.00	LOS_A	1	0.00	0.00	0			LOS_A	
1	3600-7200	315-2442@2.5-2434@37.0	2442	2434	37	37	0	0	0	0.57	0.57				0.00	0.00				LOS_A	1	0.00	0.00	0			LOS_A	
1	3600-7200	315-2442@2.5-2439@33.6	2442	2439	15	12	0	2	1	0.25	0.22		0.35	0.49	0.00	0.00		0.00	0.00	LOS_A	1	0.00	0.00	0			LOS_A	
1	3600-7200	315			1636	1470	9	120	37	0.26	0.24	0.57	0.43	0.34	0.00	0.00	0.00	0.00	0.00	LOS_A	1	0.00	0.00	0			LOS_A	
1	3600-7200	316			0	0	0	0	0											LOS_A				0			LOS_A	
1	3600-7200	317			0	0	0	0	0											LOS_A				0			LOS_A	
1	3600-7200	318			0	0	0	0	0											LOS_A				0			LOS_A	
1	3600-7200	319			0	0	0	0	0											LOS_A				0			LOS_A	
1	3600-7200	320			0	0	0	0	0											LOS_A				0			LOS_A	
1	3600-7200	322-2388@49.7-2387: Western Fwy  Deer Park Byp@24.8	2388	2387	188	139	1	30	18	0.99	0.98	0.28	0.68	1.64	0.00	0.00	0.00	0.00	0.00	LOS_A	1	0.00	0.00	0			LOS_A	
1	3600-7200	322-2397: Western Fwy  Deer Park Byp@854.3-2387: Western Fwy  Deer Park Byp@24.8	2397	2387	662	523	1	103	35	0.03	0.03	0.00	0.01	0.05	0.00	0.00	0.00	0.00	0.00	LOS_A	1	0.00	0.00	0			LOS_A	
1	3600-7200	322			850	662	2	133	53	0.24	0.23	0.14	0.17	0.59	0.00	0.00	0.00	0.00	0.00	LOS_A	1	0.00	0.00	0			LOS_A	
1	3600-7200	323-2479: Western Fwy  Deer Park Byp@45.3-2477@22.4	2479	2477	632	570	4	44	14	2.55	2.33	4.74	4.58	4.46	0.01	0.01	0.00	0.00	0.00	LOS_A	1	0.00	0.00	0			LOS_A	
1	3600-7200	323-2479: Western Fwy  Deer Park Byp@45.3-2478: Western Fwy  Deer Park Byp@24.6	2479	2478	1961	1850	5	83	23	0.27	0.26	0.39	0.34	0.28	0.00	0.00	0.00	0.00	0.00	LOS_A	1	0.00	0.00	0			LOS_A	
1	3600-7200	323			2593	2420	9	127	37	0.82	0.75	2.32	1.81	1.86	0.00	0.00	0.00	0.00	0.00	LOS_A	1	0.00	0.00	0			LOS_A	
1	3600-7200	324-2478: Western Fwy  Deer Park Byp@817.5-2483: Western Fwy  Deer Park Byp@32.3	2478	2483	1961	1850	5	83	23	0.16	0.16	0.05	0.21	0.15	0.00	0.00	0.00	0.00	0.00	LOS_A	1	0.00	0.00	0			LOS_A	
1	3600-7200	324-2485@35.4-2483: Western Fwy  Deer Park Byp@32.3	2485	2483	266	252	1	11	2	0.84	0.79	3.48	1.03	4.30	0.02	0.02	0.00	0.00	0.07	LOS_A	1	0.00	0.00	0			LOS_A	
1	3600-7200	324			2227	2102	6	94	25	0.24	0.24	0.62	0.31	0.48	0.00	0.00	0.00	0.00	0.01	LOS_A	1	0.00	0.00	0			LOS_A	
1	3600-7200	325-2398: Western Fwy  Deer Park Byp@29.7-2385@22.8	2398	2385	623	572	1	40	10	3.76	3.59	6.48	5.52	5.82	0.05	0.05	0.00	0.00	0.00	LOS_A	1	0.00	0.00	0			LOS_A	
1	3600-7200	325-2398: Western Fwy  Deer Park Byp@29.7-2397: Western Fwy  Deer Park Byp@22.4	2398	2397	662	523	1	103	35	0.13	0.13	0.00	0.12	0.23	0.00	0.00	0.00	0.00	0.00	LOS_A	1	0.00	0.00	0			LOS_A	
1	3600-7200	325			1285	1095	2	143	45	1.89	1.94	3.24	1.63	1.47	0.02	0.03	0.00	0.00	0.00	LOS_A	1	0.00	0.00	0			LOS_A	
1	3600-7200	326-2502: Western Fwy  Deer Park Byp@2131.3-271708: Western Fwy  Deer Park Byp@8.4	2502	271708	640	537	2	72	29	1.06	1.02	1.12	1.26	1.34	0.00	0.00	0.00	0.00	0.00	LOS_A	1	0.00	0.00	0			LOS_A	
1	3600-7200	326-2514: Western Fwy  Deer Park Byp@123.6-271708: Western Fwy  Deer Park Byp@8.4	2514	271708	645	558	0	71	16	1.92	1.81		2.34	3.90	0.00	0.00		0.00	0.00	LOS_A	1	0.00	0.00	0			LOS_A	
1	3600-7200	326			1285	1095	2	143	45	1.49	1.42	1.12	1.80	2.25	0.00	0.00	0.00	0.00	0.00	LOS_A	1	0.00	0.00	0			LOS_A	
1	3600-7200	327-2505: Western Fwy  Deer Park Byp@34.2-2506: Western Fwy  Deer Park Byp@21.2	2505	2506	1588	1483	6	76	23	1.26	1.23	0.76	1.99	1.06	0.30	0.30	0.00	0.33	0.00	LOS_A	1	0.38	69.09	0			LOS_A	
1	3600-7200	327-2505: Western Fwy  Deer Park Byp@34.2-2508: Western Fwy  Deer Park Byp@13.2	2505	2508	639	619	0	18	2	0.99	1.01		0.43	0.43	0.35	0.36		0.00	0.00	LOS_A	1	0.38	69.09	0			LOS_A	
1	3600-7200	327			2227	2102	6	94	25	1.19	1.17	0.76	1.69	1.01	0.31	0.32	0.00	0.27	0.00	LOS_A	1	0.38	69.09	0			LOS_A	
1	7200-10800	44-15@10.7-243: Ferris Rd  Melton Hwy@24.7	15	243	192	177	1	10	2	0.25	0.25	0.13	0.33	0.16	0.00	0.00	0.00	0.00	0.00	LOS_A	1	0.00	0.00	2	0.08	0.00	LOS_A	1
1	7200-10800	44-421: Ferris Rd@65.5-20@13.7	421	20	141	130	0	9	2	1.85	1.69		3.51	4.63	0.07	0.08		0.00	0.00	LOS_A	1	0.03	20.80	0			LOS_A	
1	7200-10800	44-421: Ferris Rd@65.5-243: Ferris Rd  Melton Hwy@24.7	421	243	596	551	0	31	12	0.57	0.59		0.37	0.59	0.03	0.03		0.00	0.00	LOS_A	1	0.00	0.00	2	0.40	0.00	LOS_A	1
1	7200-10800	44-682@2.4-420: Ferris Rd@77.1	682	420	230	200	1	25	4	0.22	0.20	0.02	0.37	0.17	0.00	0.00	0.00	0.00	0.00	LOS_A	1	0.00	0.00	0			LOS_A	
1	7200-10800	44-10393@15.0-19@37.7	10393	19	39	34	0	5	0	0.24	0.21		0.38		0.00	0.00		0.00		LOS_A	1	0.00	0.00	0			LOS_A	
1	7200-10800	44-10393@15.0-420: Ferris Rd@77.1	10393	420	308	287	0	16	3	0.22	0.21		0.27	0.09	0.00	0.00		0.00	0.00	LOS_A	1	0.00	0.00	2	0.22	0.00	LOS_A	1
1	7200-10800	44			1506	1379	2	96	23	0.51	0.50	0.08	0.64	0.76	0.02	0.02	0.00	0.00	0.00	LOS_A	1	0.01	20.80	6	0.23	0.00	LOS_A	1
1	7200-10800	45-499: Zone connector@162.8-95: Melton Hwy@34.7	499	95	2	2	0	0	0	0.02	0.02				0.00	0.00				LOS_A	1	0.00	0.00	0			LOS_A	
1	7200-10800	45-499: Zone connector@162.8-307: Melton Hwy@21.7	499	307	8	6	0	2	0	0.04	0.03		0.05		0.00	0.00		0.00		LOS_A	1	0.00	0.00	0			LOS_A	
1	7200-10800	45-499: Zone connector@162.8-363: Gateway Dr@34.4	499	363	0	0	0	0	0											LOS_A		0.00	0.00	0			LOS_A	
1	7200-10800	45-677: Melton Hwy@21.1-307: Melton Hwy@21.7	677	307	367	335	0	29	3	0.10	0.10		0.14	0.25	0.00	0.00		0.00	0.00	LOS_A	1	0.00	0.00	0			LOS_A	
1	7200-10800	45-677: Melton Hwy@21.1-363: Gateway Dr@34.4	677	363	11	11	0	0	0	0.97	0.97				0.00	0.00				LOS_A	1	0.00	0.00	0			LOS_A	
1	7200-10800	45-677: Melton Hwy@21.1-500: Zone connector@16.0	677	500	2	2	0	0	0	4.01	4.01				0.00	0.00				LOS_A	1	0.00	0.00	0			LOS_A	
1	7200-10800	45-680: Melton Hwy@12.0-95: Melton Hwy@34.7	680	95	405	382	0	20	3	0.15	0.16		0.09	0.03	0.00	0.00		0.00	0.00	LOS_A	1	0.00	0.00	0			LOS_A	
1	7200-10800	45-680: Melton Hwy@12.0-363: Gateway Dr@34.4	680	363	58	57	0	1	0	3.21	3.19		4.55		0.00	0.00		0.00		LOS_A	1	0.00	0.00	0			LOS_A	
1	7200-10800	45-680: Melton Hwy@12.0-500: Zone connector@16.0	680	500	33	32	0	0	1	6.77	6.74			7.81	0.00	0.00			0.00	LOS_A	1	0.00	0.00	0			LOS_A	
1	7200-10800	45-27136: Gateway Dr@1.7-95: Melton Hwy@34.7	27136	95	0	0	0	0	0											LOS_A		0.00	0.00	0			LOS_A	
1	7200-10800	45-27136: Gateway Dr@1.7-307: Melton Hwy@21.7	27136	307	11	9	0	0	2	0.58	0.14			2.56	0.00	0.00			0.00	LOS_A	1	0.00	0.00	0			LOS_A	
1	7200-10800	45-27136: Gateway Dr@1.7-500: Zone connector@16.0	27136	500	0	0	0	0	0											LOS_A		0.00	0.00	0			LOS_A	
1	7200-10800	45			897	836	0	52	9	0.60	0.61		0.20	1.53	0.00	0.00		0.00	0.00	LOS_A	1	0.00	0.00	0			LOS_A	
1	7200-10800	46-12: Hopkins Rd@68.7-44: Hopkins Rd@23.1	12	44	622	550	3	47	9	0.94	0.99	0.60	0.58	0.71	0.07	0.08	0.00	0.00	0.00	LOS_A	1	0.25	22.89	13	0.61	0.00	LOS_A	1
1	7200-10800	46-12: Hopkins Rd@68.7-104@37.0	12	104	121	104	2	13	2	1.40	1.59	0.03	0.27	0.47	0.63	0.73	0.00	0.00	0.00	LOS_A	1	0.25	22.89	0			LOS_A	
1	7200-10800	46-12: Hopkins Rd@68.7-428@34.4	12	428	15	15	0	0	0	0.41	0.41				0.00	0.00				LOS_A	1	0.25	22.89	0			LOS_A	
1	7200-10800	46-12: Hopkins Rd@68.7-1243: Hopkins Rd@4.1	12	1243	0	0	0	0	0											LOS_A		0.25	22.89	0			LOS_A	
1	7200-10800	46-255: Hopkins Rd@16.9-44: Hopkins Rd@23.1	255	44	0	0	0	0	0											LOS_A		0.00	0.00	0			LOS_A	
1	7200-10800	46-255: Hopkins Rd@16.9-104@37.0	255	104	98	95	0	1	0	0.57	0.58		0.44		0.00	0.00		0.00		LOS_A	1	0.00	0.00	2	0.36	0.00	LOS_A	1
1	7200-10800	46-255: Hopkins Rd@16.9-428@34.4	255	428	21	21	0	0	0	0.13	0.13				0.00	0.00				LOS_A	1	0.00	0.00	0			LOS_A	
1	7200-10800	46-255: Hopkins Rd@16.9-1243: Hopkins Rd@4.1	255	1243	456	410	1	29	3	0.56	0.55	0.26	0.64	0.19	0.00	0.00	0.00	0.00	0.00	LOS_A	1	0.00	0.00	13	0.72	0.00	LOS_A	1
1	7200-10800	46-257@10.6-44: Hopkins Rd@23.1	257	44	133	94	2	36	1	0.68	0.72	0.32	0.59	0.35	0.00	0.00	0.00	0.00	0.00	LOS_A	1	0.00	0.00	0			LOS_A	
1	7200-10800	46-257@10.6-104@37.0	257	104	0	0	0	0	0											LOS_A		0.00	0.00	0			LOS_A	
1	7200-10800	46-257@10.6-428@34.4	257	428	0	0	0	0	0											LOS_A		0.00	0.00	0			LOS_A	
1	7200-10800	46-257@10.6-1243: Hopkins Rd@4.1	257	1243	157	126	0	30	1	0.42	0.44		0.36	0.28	0.00	0.00		0.00	0.00	LOS_A	1	0.00	0.00	0			LOS_A	
1	7200-10800	46-429@91.6-44: Hopkins Rd@23.1	429	44	38	38	0	0	0	0.96	0.96				0.00	0.00				LOS_A	1	0.00	0.00	0			LOS_A	
1	7200-10800	46-429@91.6-104@37.0	429	104	0	0	0	0	0											LOS_A		0.00	0.00	0			LOS_A	
1	7200-10800	46-429@91.6-428@34.4	429	428	0	0	0	0	0											LOS_A		0.00	0.00	0			LOS_A	
1	7200-10800	46-429@91.6-1243: Hopkins Rd@4.1	429	1243	27	27	0	0	0	0.13	0.13				0.00	0.00				LOS_A	1	0.00	0.00	0			LOS_A	
1	7200-10800	46			1688	1480	8	156	16	0.76	0.79	0.34	0.52	0.53	0.07	0.08	0.00	0.00	0.00	LOS_A	1	0.06	22.89	28	0.64	0.00	LOS_A	1
1	7200-10800	47-4: Caroline Springs Blvd@6.8-212: Caroline Springs Blvd@4.7	4	212	797	757	0	22	1	2.47	2.12		1.63	0.07	0.08	0.08		0.00	0.00	LOS_A	1	0.16	54.76	17	18.96	0.00	LOS_C	3
1	7200-10800	47-4: Caroline Springs Blvd@6.8-446@6.0	4	446	0	0	0	0	0											LOS_A		0.16	54.76	0			LOS_A	
1	7200-10800	47-447@32.5-212: Caroline Springs Blvd@4.7	447	212	2	2	0	0	0	0.02	0.02				0.00	0.00				LOS_A	1	0.00	0.00	0			LOS_A	
1	7200-10800	47-887: Caroline Springs Blvd@16.4-448@12.1	887	448	468	414	0	32	5	0.38	0.31		0.27	0.97	0.00	0.00		0.00	0.00	LOS_A	1	0.00	0.00	17	2.11	0.00	LOS_A	1
1	7200-10800	47			1267	1173	0	54	6	1.69	1.48		0.83	0.82	0.05	0.05		0.00	0.00	LOS_A	1	0.05	54.76	34	10.53	0.00	LOS_B	2
1	7200-10800	49-351: Delma Rd@85.2-352: Eucumbene Dr@37.8	351	352	0	0	0	0	0											LOS_A		0.00	0.00	0			LOS_A	
1	7200-10800	49-351: Delma Rd@85.2-506: Zone connector@80.7	351	506	37	37	0	0	0	0.25	0.25				0.00	0.00				LOS_A	1	0.00	0.00	0			LOS_A	
1	7200-10800	49-353: Eucumbene Dr@275.9-350: Delma Rd@23.2	353	350	0	0	0	0	0											LOS_A		0.00	0.00	0			LOS_A	
1	7200-10800	49-353: Eucumbene Dr@275.9-506: Zone connector@80.7	353	506	95	93	0	2	0	0.19	0.20		0.00		0.00	0.00		0.00		LOS_A	1	0.00	0.00	0			LOS_A	
1	7200-10800	49-505: Zone connector@77.8-350: Delma Rd@23.2	505	350	22	19	0	3	0	0.10	0.10		0.15		0.00	0.00		0.00		LOS_A	1	0.00	0.00	0			LOS_A	
1	7200-10800	49-505: Zone connector@77.8-352: Eucumbene Dr@37.8	505	352	6	5	0	1	0	0.49	0.00		2.90		0.00	0.00		0.00		LOS_A	1	0.00	0.00	0			LOS_A	
1	7200-10800	49			160	154	0	6	0	0.20	0.19		0.56		0.00	0.00		0.00		LOS_A	1	0.00	0.00	0			LOS_A	
1	7200-10800	50-115: Western Hwy@22.9-209: Ballarat Rd  Western Hwy@28.7	115	209	524	495	0	28	1	0.41	0.40		0.50	0.33	0.00	0.00		0.00	0.00	LOS_A	1	0.00	0.00	0			LOS_A	
1	7200-10800	50-115: Western Hwy@22.9-283: Christies Rd@7.9	115	283	93	85	0	8	0	3.58	3.39		5.58		0.06	0.06		0.00		LOS_A	1	0.00	0.00	0			LOS_A	
1	7200-10800	50-461: Ballarat Rd  Western Hwy@7.1-114: Western Hwy@17.3	461	114	264	233	1	27	3	0.08	0.08	0.55	0.06	0.00	0.00	0.00	0.00	0.00	0.00	LOS_A	1	0.00	0.00	0			LOS_A	
1	7200-10800	50-461: Ballarat Rd  Western Hwy@7.1-209: Ballarat Rd  Western Hwy@28.7	461	209	14	11	0	3	0	0.79	0.64		1.36		0.00	0.00		0.00		LOS_A	1	0.00	0.00	0			LOS_A	
1	7200-10800	50-461: Ballarat Rd  Western Hwy@7.1-215: Caroline Springs Blvd@5.8	461	215	39	39	0	0	0	0.31	0.31				0.00	0.00				LOS_A	1	0.00	0.00	0			LOS_A	
1	7200-10800	50-648: Christies Rd@27.9-114: Western Hwy@17.3	648	114	12	5	0	7	0	0.62	0.35		0.81		0.00	0.00		0.00		LOS_A	1	0.00	0.00	0			LOS_A	
1	7200-10800	50-648: Christies Rd@27.9-209: Ballarat Rd  Western Hwy@28.7	648	209	85	75	0	9	1	3.06	2.70		5.80	5.84	0.00	0.00		0.00	0.00	LOS_A	1	0.00	0.00	0			LOS_A	
1	7200-10800	50-648: Christies Rd@27.9-215: Caroline Springs Blvd@5.8	648	215	205	169	0	16	3	0.41	0.37		0.50	1.41	0.00	0.00		0.00	0.00	LOS_A	1	0.00	0.00	17	0.48	0.00	LOS_A	1
1	7200-10800	50-649@8.2-283: Christies Rd@7.9	649	283	127	110	1	15	1	1.07	1.00	2.56	1.51	0.56	0.04	0.05	0.00	0.00	0.00	LOS_A	1	0.00	0.00	0			LOS_A	
1	7200-10800	50-651@22.8-215: Caroline Springs Blvd@5.8	651	215	224	206	0	16	2	0.69	0.60		1.64	2.21	0.00	0.00		0.00	0.00	LOS_A	1	0.00	0.00	0			LOS_A	
1	7200-10800	50-652: Caroline Springs Blvd@21.4-114: Western Hwy@17.3	652	114	77	74	0	3	0	0.93	0.90		1.72		0.00	0.00		0.00		LOS_A	1	0.00	0.00	0			LOS_A	
1	7200-10800	50-652: Caroline Springs Blvd@21.4-209: Ballarat Rd  Western Hwy@28.7	652	209	113	108	0	5	0	4.78	4.73		5.80		0.00	0.00		0.00		LOS_A	1	0.00	0.00	0			LOS_A	
1	7200-10800	50-652: Caroline Springs Blvd@21.4-283: Christies Rd@7.9	652	283	609	577	0	14	1	1.49	1.43		1.41	0.05	0.01	0.01		0.00	0.00	LOS_A	1	0.00	0.00	17	3.70	0.00	LOS_A	1
1	7200-10800	50			2386	2187	2	151	12	1.15	1.11	1.55	1.54	1.29	0.01	0.01	0.00	0.00	0.00	LOS_A	1	0.00	0.00	34	2.09	0.00	LOS_A	1
1	7200-10800	51-7: Ballarat Rd  Western Hwy@16.6-10: Ballarat Rd  Western Hwy@18.5	7	10	5	5	0	0	0	0.07	0.07				0.00	0.00				LOS_A	1	0.00	0.00	0			LOS_A	
1	7200-10800	51-7: Ballarat Rd  Western Hwy@16.6-385: Chisholm Dr@11.7	7	385	0	0	0	0	0											LOS_A		0.00	0.00	0			LOS_A	
1	7200-10800	51-7: Ballarat Rd  Western Hwy@16.6-670: Ballarat Rd  Western Hwy@1.4	7	670	4	3	0	1	0	2.21	2.11		2.50		0.00	0.00		0.00		LOS_A	1	0.00	0.00	0			LOS_A	
1	7200-10800	51-7: Ballarat Rd  Western Hwy@16.6-671: Panamax Rd@7.5	7	671	0	0	0	0	0											LOS_A		0.00	0.00	0			LOS_A	
1	7200-10800	51-347: Panamax Rd@4.8-10: Ballarat Rd  Western Hwy@18.5	347	10	91	88	0	3	0	0.37	0.39		0.04		0.00	0.00		0.00		LOS_A	1	0.00	0.00	0			LOS_A	
1	7200-10800	51-347: Panamax Rd@4.8-385: Chisholm Dr@11.7	347	385	6	6	0	0	0	1.20	1.20				0.00	0.00				LOS_A	1	0.00	0.00	0			LOS_A	
1	7200-10800	51-347: Panamax Rd@4.8-670: Ballarat Rd  Western Hwy@1.4	347	670	71	69	0	2	0	3.13	3.04		6.17		0.00	0.00		0.00		LOS_A	1	0.00	0.00	0			LOS_A	
1	7200-10800	51-360: Ballarat Rd  Western Hwy@55.2-10: Ballarat Rd  Western Hwy@18.5	360	10	673	633	0	39	1	0.22	0.21		0.44	2.60	0.00	0.00		0.00	0.00	LOS_A	1	0.00	0.00	0			LOS_A	
1	7200-10800	51-360: Ballarat Rd  Western Hwy@55.2-385: Chisholm Dr@11.7	360	385	9	9	0	0	0	1.56	1.56				0.00	0.00				LOS_A	1	0.00	0.00	0			LOS_A	
1	7200-10800	51-360: Ballarat Rd  Western Hwy@55.2-671: Panamax Rd@7.5	360	671	54	47	0	6	1	2.06	1.95		2.60	4.08	0.00	0.00		0.00	0.00	LOS_A	1	0.00	0.00	0			LOS_A	
1	7200-10800	51-673: Chisholm Dr@12.9-10: Ballarat Rd  Western Hwy@18.5	673	10	34	34	0	0	0	0.33	0.33				0.00	0.00				LOS_A	1	0.00	0.00	0			LOS_A	
1	7200-10800	51-673: Chisholm Dr@12.9-670: Ballarat Rd  Western Hwy@1.4	673	670	27	27	0	0	0	1.73	1.73				0.00	0.00				LOS_A	1	0.00	0.00	0			LOS_A	
1	7200-10800	51-673: Chisholm Dr@12.9-671: Panamax Rd@7.5	673	671	23	22	0	1	0	8.32	8.38		7.17		0.19	0.20		0.00		LOS_A	1	0.00	0.00	0			LOS_A	
1	7200-10800	51-885: Ballarat Rd  Western Hwy@6.9-10: Ballarat Rd  Western Hwy@18.5	885	10	0	0	0	0	0											LOS_A		0.00	0.00	0			LOS_A	
1	7200-10800	51-885: Ballarat Rd  Western Hwy@6.9-385: Chisholm Dr@11.7	885	385	2	2	0	0	0	3.20	3.20				0.00	0.00				LOS_A	1	0.00	0.00	0			LOS_A	
1	7200-10800	51-885: Ballarat Rd  Western Hwy@6.9-670: Ballarat Rd  Western Hwy@1.4	885	670	357	312	2	39	4	0.78	0.79	1.05	0.72	0.41	0.00	0.00	0.00	0.00	0.00	LOS_A	1	0.00	0.00	0			LOS_A	
1	7200-10800	51-885: Ballarat Rd  Western Hwy@6.9-671: Panamax Rd@7.5	885	671	82	81	0	1	0	1.92	1.88		5.75		0.00	0.00		0.00		LOS_A	1	0.00	0.00	0			LOS_A	
1	7200-10800	51			1438	1338	2	92	6	0.86	0.85	1.05	0.96	1.38	0.00	0.00	0.00	0.00	0.00	LOS_A	1	0.00	0.00	0			LOS_A	
1	7200-10800	52-928: Melton Hwy@4.6-182@17.4	928	182	268	236	0	27	3	0.31	0.30		0.35	0.43	0.00	0.00		0.00	0.00	LOS_A	1	0.00	0.00	2	0.34	0.00	LOS_A	1
1	7200-10800	52-928: Melton Hwy@4.6-308: Ferris Rd  Melton Hwy@32.7	928	308	288	264	0	19	3	0.20	0.20		0.28	0.05	0.00	0.00		0.00	0.00	LOS_A	1	0.00	0.00	2	0.04	0.00	LOS_A	1
1	7200-10800	52-2259: Ferris Rd  Melton Hwy@16.4-182@17.4	2259	182	288	259	0	21	8	3.31	3.23		3.78	4.50	0.00	0.00		0.00	0.00	LOS_A	1	0.00	0.00	0			LOS_A	
1	7200-10800	52-2259: Ferris Rd  Melton Hwy@16.4-200: Melton Hwy@86.6	2259	200	500	469	1	20	6	0.40	0.40	0.00	0.30	0.55	0.00	0.00	0.00	0.00	0.00	LOS_A	1	0.00	0.00	4	0.06	0.00	LOS_A	1
1	7200-10800	52-2260@39.2-200: Melton Hwy@86.6	2260	200	151	146	0	5	0	9.88	9.83		11.36		0.00	0.00		0.00		LOS_A	1	0.00	0.00	0			LOS_A	
1	7200-10800	52-2260@39.2-308: Ferris Rd  Melton Hwy@32.7	2260	308	59	57	0	2	0	0.24	0.24		0.26		0.00	0.00		0.00		LOS_A	1	0.00	0.00	0			LOS_A	
1	7200-10800	52			1554	1431	1	94	20	1.80	1.81	0.00	1.67	2.04	0.00	0.00	0.00	0.00	0.00	LOS_A	1	0.00	0.00	8	0.12	0.00	LOS_A	1
1	7200-10800	53-899: Melton Hwy@13.5-199: Melton Hwy@15.4	899	199	0	0	0	0	0											LOS_A		0.01	23.38	0			LOS_A	
1	7200-10800	53-899: Melton Hwy@13.5-301: High St@21.5	899	301	9	8	0	0	1	0.59	0.61			0.42	0.00	0.00			0.00	LOS_A	1	0.01	23.38	0			LOS_A	
1	7200-10800	53-899: Melton Hwy@13.5-376: High St@3.8	899	376	228	218	1	4	1	0.16	0.16	0.00	0.07	0.50	0.00	0.00	0.00	0.00	0.00	LOS_A	1	0.01	23.38	4	0.03	0.00	LOS_A	1
1	7200-10800	53-899: Melton Hwy@13.5-271619: Melton Hwy@15.3	899	271619	414	389	0	21	4	0.32	0.32		0.46	0.29	0.00	0.00		0.00	0.00	LOS_A	1	0.01	23.38	0			LOS_A	
1	7200-10800	53-900: High St@7.7-199: Melton Hwy@15.4	900	199	173	153	0	15	1	1.55	1.44		2.10	1.20	0.00	0.00		0.00	0.00	LOS_A	1	0.00	0.00	4	3.94	0.00	LOS_A	1
1	7200-10800	53-900: High St@7.7-301: High St@21.5	900	301	8	8	0	0	0	0.21	0.21				0.00	0.00				LOS_A	1	0.00	0.00	0			LOS_A	
1	7200-10800	53-900: High St@7.7-376: High St@3.8	900	376	0	0	0	0	0											LOS_A		0.00	0.00	0			LOS_A	
1	7200-10800	53-900: High St@7.7-271619: Melton Hwy@15.3	900	271619	80	80	0	0	0	4.51	4.51				0.00	0.00				LOS_A	1	0.00	0.00	0			LOS_A	
1	7200-10800	53-901: Melton Hwy@54.1-199: Melton Hwy@15.4	901	199	359	323	0	31	5	0.70	0.69		0.79	1.09	0.00	0.00		0.00	0.00	LOS_A	1	0.00	0.00	0			LOS_A	
1	7200-10800	53-901: Melton Hwy@54.1-301: High St@21.5	901	301	6	6	0	0	0	2.28	2.28				0.00	0.00				LOS_A	1	0.00	0.00	0			LOS_A	
1	7200-10800	53-901: Melton Hwy@54.1-376: High St@3.8	901	376	21	21	0	0	0	0.48	0.48				0.00	0.00				LOS_A	1	0.00	0.00	0			LOS_A	
1	7200-10800	53-901: Melton Hwy@54.1-271619: Melton Hwy@15.3	901	271619	0	0	0	0	0											LOS_A		0.00	0.00	0			LOS_A	
1	7200-10800	53-1241: High St@3.1-199: Melton Hwy@15.4	1241	199	24	24	0	0	0	1.67	1.67				0.00	0.00				LOS_A	1	0.00	0.00	0			LOS_A	
1	7200-10800	53-1241: High St@3.1-301: High St@21.5	1241	301	0	0	0	0	0											LOS_A		0.00	0.00	0			LOS_A	
1	7200-10800	53-1241: High St@3.1-376: High St@3.8	1241	376	3	3	0	0	0	0.10	0.10				0.00	0.00				LOS_A	1	0.00	0.00	0			LOS_A	
1	7200-10800	53-1241: High St@3.1-271619: Melton Hwy@15.3	1241	271619	2	2	0	0	0	1.37	1.37				0.00	0.00				LOS_A	1	0.00	0.00	0			LOS_A	
1	7200-10800	53			1327	1235	1	71	12	0.85	0.84	0.00	0.93	0.73	0.00	0.00	0.00	0.00	0.00	LOS_A	1	0.00	23.38	8	1.99	0.00	LOS_A	1
1	7200-10800	54-526: Ferris Rd@22.5-310@35.3	526	310	20	14	0	6	0	2.94	2.50		3.95		0.00	0.00		0.00		LOS_A	1	0.00	0.00	0			LOS_A	
1	7200-10800	54-526: Ferris Rd@22.5-421: Ferris Rd@15.4	526	421	0	0	0	0	0											LOS_A		0.00	0.00	0			LOS_A	
1	7200-10800	54-526: Ferris Rd@22.5-525: Ferris Rd@18.9	526	525	518	473	1	35	7	0.22	0.20	0.17	0.38	0.18	0.00	0.00	0.00	0.00	0.00	LOS_A	1	0.00	0.00	2	0.13	0.00	LOS_A	1
1	7200-10800	54-527: Zone connector@58.2-310@35.3	527	310	3	3	0	0	0	2.78	2.78				0.00	0.00				LOS_A	1	0.00	0.00	0			LOS_A	
1	7200-10800	54-527: Zone connector@58.2-421: Ferris Rd@15.4	527	421	719	663	0	40	14	0.56	0.56		0.52	0.61	0.00	0.00		0.00	0.00	LOS_A	1	0.00	0.00	2	0.27	0.00	LOS_A	1
1	7200-10800	54-528@5.7-421: Ferris Rd@15.4	528	421	18	18	0	0	0	1.80	1.80				0.00	0.00				LOS_A	1	0.00	0.00	0			LOS_A	
1	7200-10800	54-528@5.7-525: Ferris Rd@18.9	528	525	0	0	0	0	0											LOS_A		0.00	0.00	0			LOS_A	
1	7200-10800	54			1278	1171	1	81	21	0.48	0.47	0.17	0.71	0.46	0.00	0.00	0.00	0.00	0.00	LOS_A	1	0.00	0.00	4	0.20	0.00	LOS_A	1
1	7200-10800	58-600: Leakes Rd@50.8-273@50.4	600	273	238	232	0	4	2	0.75	0.73		1.34	2.07	0.08	0.08		0.00	0.00	LOS_A	1	0.00	0.00	0			LOS_A	
1	7200-10800	58-600: Leakes Rd@50.8-437: Leakes Rd@57.3	600	437	548	508	0	22	1	0.85	0.22		0.35	0.04	0.00	0.00		0.00	0.00	LOS_A	1	0.00	0.00	17	20.26	0.00	LOS_C	3
1	7200-10800	58-1263: Leakes Rd@67.9-271: Leakes Rd@3.2	1263	271	408	364	0	24	3	1.16	0.14		0.20	0.20	0.03	0.00		0.00	0.00	LOS_A	1	0.00	0.00	17	24.59	0.76	LOS_C	3
1	7200-10800	58-1263: Leakes Rd@67.9-273@50.4	1263	273	354	345	0	8	1	0.51	0.51		0.60	0.54	0.00	0.00		0.00	0.00	LOS_A	1	0.00	0.00	0			LOS_A	
1	7200-10800	58-2374@24.3-271: Leakes Rd@3.2	2374	271	126	116	1	9	0	3.42	3.14	7.75	6.45		0.00	0.00	0.00	0.00		LOS_A	1	0.00	0.00	0			LOS_A	
1	7200-10800	58-2374@24.3-437: Leakes Rd@57.3	2374	437	121	112	0	8	1	0.44	0.38		1.15	1.25	0.00	0.00		0.00	0.00	LOS_A	1	0.00	0.00	0			LOS_A	
1	7200-10800	58			1795	1677	1	75	8	0.99	0.54	7.75	1.20	0.82	0.02	0.01	0.00	0.00	0.00	LOS_A	1	0.00	0.00	34	22.42	0.38	LOS_C	3
1	7200-10800	59-271: Leakes Rd@241.4-401: Leakes Rd@29.1	271	401	534	480	1	33	3	0.20	0.11	0.00	0.27	0.37	0.00	0.00	0.00	0.00	0.00	LOS_A	1	0.00	0.00	17	2.66	0.00	LOS_A	1
1	7200-10800	59-443@92.7-270: Leakes Rd@23.7	443	270	104	104	0	0	0	0.18	0.18				0.00	0.00				LOS_A	1	0.00	0.00	0			LOS_A	
1	7200-10800	59-443@92.7-442@13.5	443	442	0	0	0	0	0											LOS_A		0.00	0.00	0			LOS_A	
1	7200-10800	59-605: Leakes Rd@51.1-270: Leakes Rd@23.7	605	270	682	636	0	26	3	0.32	0.33		0.18	0.58	0.00	0.00		0.00	0.00	LOS_A	1	0.00	0.00	17	0.06	0.00	LOS_A	1
1	7200-10800	59-605: Leakes Rd@51.1-442@13.5	605	442	10	10	0	0	0	0.09	0.09				0.00	0.00				LOS_A	1	0.00	0.00	0			LOS_A	
1	7200-10800	59			1330	1230	1	59	6	0.26	0.23	0.00	0.23	0.47	0.00	0.00	0.00	0.00	0.00	LOS_A	1	0.00	0.00	34	1.36	0.00	LOS_A	1
1	7200-10800	60-604: Leakes Rd@15.0-398: Taylors Rd@53.4	604	398	36	36	0	0	0	0.37	0.37				0.00	0.00				LOS_A	1	0.00	0.00	0			LOS_A	
1	7200-10800	60-604: Leakes Rd@15.0-402: Leakes Rd@43.0	604	402	498	473	0	22	3	0.06	0.06		0.05	0.01	0.00	0.00		0.00	0.00	LOS_A	1	0.00	0.00	0			LOS_A	
1	7200-10800	60-604: Leakes Rd@15.0-2146@76.1	604	2146	19	19	0	0	0	0.39	0.39				0.00	0.00				LOS_A	1	0.00	0.00	0			LOS_A	
1	7200-10800	60-938: Leakes Rd@26.5-398: Taylors Rd@53.4	938	398	271	237	0	17	0	0.65	0.62		0.77		0.00	0.00		0.00		LOS_A	1	0.00	0.00	17	0.90	0.00	LOS_A	1
1	7200-10800	60-938: Leakes Rd@26.5-402: Leakes Rd@43.0	938	402	7	7	0	0	0	5.05	5.05				0.00	0.00				LOS_A	1	0.00	0.00	0			LOS_A	
1	7200-10800	60-938: Leakes Rd@26.5-2146@76.1	938	2146	49	44	0	3	2	0.34	0.27		0.83	1.25	0.00	0.00		0.00	0.00	LOS_A	1	0.00	0.00	0			LOS_A	
1	7200-10800	60-938: Leakes Rd@26.5-27139: Leakes Rd@68.2	938	27139	207	192	1	13	1	0.05	0.05	0.00	0.07	1.33	0.00	0.00	0.00	0.00	0.00	LOS_A	1	0.00	0.00	0			LOS_A	
1	7200-10800	60-2149@32.7-398: Taylors Rd@53.4	2149	398	29	29	0	0	0	0.02	0.02				0.00	0.00				LOS_A	1	0.00	0.00	0			LOS_A	
1	7200-10800	60-2149@32.7-402: Leakes Rd@43.0	2149	402	91	90	0	1	0	2.41	2.41		2.43		0.00	0.00		0.00		LOS_A	1	0.00	0.00	0			LOS_A	
1	7200-10800	60-2149@32.7-27139: Leakes Rd@68.2	2149	27139	26	26	0	0	0	1.91	1.91				0.00	0.00				LOS_A	1	0.00	0.00	0			LOS_A	
1	7200-10800	60-271394: Taylors Rd@21.3-402: Leakes Rd@43.0	271394	402	96	76	0	3	0	2.14	1.44		2.68		0.00	0.00		0.00		LOS_A	1	0.00	0.00	17	5.18	0.00	LOS_A	1
1	7200-10800	60-271394: Taylors Rd@21.3-2146@76.1	271394	2146	16	16	0	0	0	0.02	0.02				0.00	0.00				LOS_A	1	0.00	0.00	0			LOS_A	
1	7200-10800	60-271394: Taylors Rd@21.3-27139: Leakes Rd@68.2	271394	27139	16	16	0	0	0	0.25	0.25				0.00	0.00				LOS_A	1	0.00	0.00	0			LOS_A	
1	7200-10800	60			1361	1261	1	59	6	0.56	0.50	0.00	0.48	0.64	0.00	0.00	0.00	0.00	0.00	LOS_A	1	0.00	0.00	34	3.04	0.00	LOS_A	1
1	7200-10800	61-539: Leakes Rd@105.5-438: Leakes Rd@41.9	539	438	107	90	0	14	3	0.24	0.20		0.50	0.15	0.00	0.00		0.00	0.00	LOS_A	1	0.00	0.00	0			LOS_A	
1	7200-10800	61-863: Leakes Rd@80.4-265@25.1	863	265	180	180	0	0	0	3.02	3.02				0.01	0.01				LOS_A	1	0.00	0.00	0			LOS_A	
1	7200-10800	61-863: Leakes Rd@80.4-435: Leakes Rd@21.2	863	435	489	440	0	30	2	1.40	1.21		0.48	2.81	0.00	0.00		0.00	0.00	LOS_A	1	0.00	0.00	17	7.83	0.00	LOS_A	1
1	7200-10800	61-2344: Leakes Rd@40.2-265@25.1	2344	265	186	172	1	9	4	0.17	0.16	0.85	0.13	0.24	0.00	0.00	0.00	0.00	0.00	LOS_A	1	0.00	0.00	0			LOS_A	
1	7200-10800	61-2344: Leakes Rd@40.2-438: Leakes Rd@41.9	2344	438	655	619	0	18	1	0.30	0.28		0.33	0.07	0.00	0.00		0.00	0.00	LOS_A	1	0.00	0.00	17	0.83	0.00	LOS_A	1
1	7200-10800	61-2345@108.7-435: Leakes Rd@21.2	2345	435	193	182	2	8	1	0.28	0.28	0.27	0.24	0.23	0.00	0.00	0.00	0.00	0.00	LOS_A	1	0.00	0.00	0			LOS_A	
1	7200-10800	61			1810	1683	3	79	11	0.85	0.80	0.47	0.39	0.66	0.00	0.00	0.00	0.00	0.00	LOS_A	1	0.00	0.00	34	4.33	0.00	LOS_A	1
1	7200-10800	62-267: Ian Cowie Way@65.6-264: Leakes Rd@17.3	267	264	0	0	0	0	0											LOS_A		0.00	0.00	0			LOS_A	
1	7200-10800	62-267: Ian Cowie Way@65.6-434: Leakes Rd@22.8	267	434	7	7	0	0	0	0.08	0.08				0.00	0.00				LOS_A	1	0.00	0.00	0			LOS_A	
1	7200-10800	62-538: Leakes Rd@89.6-264: Leakes Rd@17.3	538	264	117	84	0	1	0	0.13	0.16		0.00		0.00	0.00		0.00		LOS_A	1	0.00	0.00	32	0.05	0.00	LOS_A	1
1	7200-10800	62-538: Leakes Rd@89.6-268: Ian Cowie Way@17.3	538	268	7	7	0	0	0	0.08	0.08				0.00	0.00				LOS_A	1	0.00	0.00	0			LOS_A	
1	7200-10800	62-864: Leakes Rd@39.3-268: Ian Cowie Way@17.3	864	268	5	5	0	0	0	2.34	2.34				0.00	0.00				LOS_A	1	0.00	0.00	0			LOS_A	
1	7200-10800	62-864: Leakes Rd@39.3-434: Leakes Rd@22.8	864	434	170	133	1	2	2	0.65	0.74	0.17	0.72	0.00	0.00	0.00	0.00	0.00	0.00	LOS_A	1	0.00	0.00	32	0.33	0.00	LOS_A	1
1	7200-10800	62			306	236	1	3	2	0.46	0.53	0.17	0.48	0.00	0.00	0.00	0.00	0.00	0.00	LOS_A	1	0.00	0.00	64	0.19	0.00	LOS_A	1
1	7200-10800	63-374: Westcott Pde@100.7-263: Leakes Rd@9.1	374	263	65	64	1	0	0	0.07	0.07	0.14			0.00	0.00	0.00			LOS_A	1	0.00	0.00	0			LOS_A	
1	7200-10800	63-374: Westcott Pde@100.7-372: Leakes Rd@14.9	374	372	0	0	0	0	0											LOS_A		0.00	0.00	0			LOS_A	
1	7200-10800	63-542: Leakes Rd@34.5-372: Leakes Rd@14.9	542	372	92	59	0	1	0	0.05	0.07		0.00		0.00	0.00		0.00		LOS_A	1	0.00	0.00	32	0.02	0.00	LOS_A	1
1	7200-10800	63-542: Leakes Rd@34.5-375: Westcott Pde@26.6	542	375	25	25	0	0	0	0.08	0.08				0.00	0.00				LOS_A	1	0.00	0.00	0			LOS_A	
1	7200-10800	63-543: Leakes Rd@6.7-263: Leakes Rd@9.1	543	263	110	74	0	2	2	0.18	0.20		0.25	0.00	0.00	0.00		0.00	0.00	LOS_A	1	0.00	0.00	32	0.15	0.00	LOS_A	1
1	7200-10800	63-543: Leakes Rd@6.7-375: Westcott Pde@26.6	543	375	0	0	0	0	0											LOS_A		0.00	0.00	0			LOS_A	
1	7200-10800	63			292	222	1	3	2	0.11	0.12	0.14	0.16	0.00	0.00	0.00	0.00	0.00	0.00	LOS_A	1	0.00	0.00	64	0.08	0.00	LOS_A	1
1	7200-10800	66-622: Neales Rd W@46.2-34: Neales Rd W@22.7	622	34	0	0	0	0	0											LOS_A		0.00	0.00	0			LOS_A	
1	7200-10800	66-622: Neales Rd W@46.2-232: Hopkins Rd@9.0	622	232	146	142	0	2	0	0.52	0.48		1.92		0.00	0.00		0.00		LOS_A	1	0.00	0.00	2	2.11	0.00	LOS_A	1
1	7200-10800	66-622: Neales Rd W@46.2-910: Melton Hwy@30.7	622	910	2	2	0	0	0	0.24	0.24				0.00	0.00				LOS_A	1	0.00	0.00	0			LOS_A	
1	7200-10800	66-897: Hopkins Rd@13.5-35: Neales Rd W@48.6	897	35	101	88	0	11	0	1.20	0.99		2.40		0.00	0.00		0.00		LOS_A	1	0.00	0.00	2	3.84	0.00	LOS_A	1
1	7200-10800	66-897: Hopkins Rd@13.5-910: Melton Hwy@30.7	897	910	230	184	0	29	4	1.08	0.13		0.16	0.00	0.01	0.00		0.00	0.00	LOS_A	1	0.00	0.00	13	16.90	0.19	LOS_C	3
1	7200-10800	66-908: Melton Hwy@56.5-34: Neales Rd W@22.7	908	34	0	0	0	0	0											LOS_A		0.00	0.00	0			LOS_A	
1	7200-10800	66-908: Melton Hwy@56.5-35: Neales Rd W@48.6	908	35	0	0	0	0	0											LOS_A		0.00	0.00	0			LOS_A	
1	7200-10800	66-908: Melton Hwy@56.5-232: Hopkins Rd@9.0	908	232	395	362	0	16	4	0.72	0.66		0.32	0.45	0.01	0.01		0.00	0.00	LOS_A	1	0.00	0.00	13	3.18	0.00	LOS_A	1
1	7200-10800	66-2206: Neales Rd W@67.0-35: Neales Rd W@48.6	2206	35	16	16	0	0	0	0.82	0.82				0.00	0.00				LOS_A	1	0.00	0.00	0			LOS_A	
1	7200-10800	66-2206: Neales Rd W@67.0-232: Hopkins Rd@9.0	2206	232	113	103	1	6	3	3.55	3.37	6.54	5.08	5.58	0.00	0.00	0.00	0.00	0.00	LOS_A	1	0.00	0.00	0			LOS_A	
1	7200-10800	66-2206: Neales Rd W@67.0-910: Melton Hwy@30.7	2206	910	1	1	0	0	0	2.96	2.96				0.00	0.00				LOS_A	1	0.00	0.00	0			LOS_A	
1	7200-10800	66-271701@14.9-34: Neales Rd W@22.7	271701	34	89	61	4	21	3	0.99	0.70	2.02	1.57	1.67	0.03	0.04	0.00	0.00	0.00	LOS_A	1	0.00	0.00	0			LOS_A	
1	7200-10800	66			1093	959	5	85	14	1.13	0.86	2.92	1.22	1.68	0.01	0.01	0.00	0.00	0.00	LOS_A	1	0.00	0.00	30	9.10	0.08	LOS_A	1
1	7200-10800	67-230: Hopkins Rd@80.5-37@39.6	230	37	256	243	0	7	6	0.78	0.80		0.39	0.41	0.04	0.04		0.00	0.00	LOS_A	1	0.00	0.00	0			LOS_A	
1	7200-10800	67-230: Hopkins Rd@80.5-426: Hopkins Rd@27.0	230	426	398	364	1	17	1	2.46	1.99	0.17	2.35	0.10	0.08	0.09	0.00	0.00	0.00	LOS_A	1	0.00	0.00	15	14.25	0.00	LOS_B	2
1	7200-10800	67-427: Hopkins Rd@65.2-231: Hopkins Rd@8.0	427	231	342	266	4	54	5	0.36	0.18	0.68	0.96	0.70	0.00	0.00	0.00	0.00	0.00	LOS_A	1	0.00	0.00	13	1.21	0.00	LOS_A	1
1	7200-10800	67-946@14.4-231: Hopkins Rd@8.0	946	231	78	67	0	7	2	0.25	0.24		0.26	0.39	0.00	0.00		0.00	0.00	LOS_A	1	0.00	0.00	2	0.27	0.00	LOS_A	1
1	7200-10800	67-946@14.4-426: Hopkins Rd@27.0	946	426	177	162	0	13	2	0.33	0.33		0.35	0.25	0.00	0.00		0.00	0.00	LOS_A	1	0.00	0.00	0			LOS_A	
1	7200-10800	67			1251	1102	5	98	16	1.10	0.94	0.58	1.03	0.46	0.03	0.04	0.00	0.00	0.00	LOS_A	1	0.00	0.00	30	7.66	0.00	LOS_A	1
1	7200-10800	68-252: Hopkins Rd@35.3-55: Hopkins Rd@43.4	252	55	513	457	1	45	4	0.73	0.73	0.00	0.82	0.02	0.00	0.00	0.00	0.00	0.00	LOS_A	1	0.00	0.00	6	0.55	0.00	LOS_A	1
1	7200-10800	68-252: Hopkins Rd@35.3-66: Meskos Rd@23.0	252	66	76	61	0	8	0	4.33	4.10		4.33		0.01	0.01		0.00		LOS_A	1	0.00	0.00	7	6.35	0.00	LOS_A	1
1	7200-10800	68-252: Hopkins Rd@35.3-82: Sheahan Rd@25.9	252	82	51	45	0	6	0	4.08	3.97		4.96		0.00	0.00		0.00		LOS_A	1	0.00	0.00	0			LOS_A	
1	7200-10800	68-2153: Sheahan Rd@17.6-12: Hopkins Rd@3.8	2153	12	24	15	0	6	3	5.84	4.72		7.07	8.97	0.00	0.00		0.00	0.00	LOS_A	1	0.00	0.00	0			LOS_A	
1	7200-10800	68-2153: Sheahan Rd@17.6-55: Hopkins Rd@43.4	2153	55	7	5	0	1	1	2.18	1.60		3.61	3.63	0.00	0.00		0.00	0.00	LOS_A	1	0.00	0.00	0			LOS_A	
1	7200-10800	68-2153: Sheahan Rd@17.6-66: Meskos Rd@23.0	2153	66	2	1	0	1	0	0.18	0.33		0.04		0.00	0.00		0.00		LOS_A	1	0.04	35.85	0			LOS_A	
1	7200-10800	68-2157: Hopkins Rd@4.7-12: Hopkins Rd@3.8	2157	12	691	623	5	49	8	0.70	0.69	0.40	0.87	0.77	0.00	0.00	0.00	0.00	0.00	LOS_A	1	0.00	0.00	6	0.33	0.00	LOS_A	1
1	7200-10800	68-2157: Hopkins Rd@4.7-66: Meskos Rd@23.0	2157	66	27	26	0	1	0	2.60	2.49		5.52		0.00	0.00		0.00		LOS_A	1	0.00	0.00	0			LOS_A	
1	7200-10800	68-2157: Hopkins Rd@4.7-82: Sheahan Rd@25.9	2157	82	26	24	0	0	2	4.33	4.23			5.54	0.00	0.00			0.00	LOS_A	1	0.00	0.00	0			LOS_A	
1	7200-10800	68-2195: Meskos Rd@18.4-12: Hopkins Rd@3.8	2195	12	43	31	0	5	0	1.49	0.53		3.08		0.00	0.00		0.00		LOS_A	1	0.00	0.00	7	4.63	0.00	LOS_A	1
1	7200-10800	68-2195: Meskos Rd@18.4-55: Hopkins Rd@43.4	2195	55	4	3	0	1	0	2.71	2.01		4.82		0.00	0.00		0.00		LOS_A	1	0.00	0.00	0			LOS_A	
1	7200-10800	68-2195: Meskos Rd@18.4-82: Sheahan Rd@25.9	2195	82	1	1	0	0	0	0.01	0.01				0.00	0.00				LOS_A	1	0.00	0.00	0			LOS_A	
1	7200-10800	68			1465	1292	6	123	18	1.24	1.13	0.33	1.75	2.66	0.00	0.00	0.00	0.00	0.00	LOS_A	1	0.01	35.85	26	3.16	0.00	LOS_A	1
1	7200-10800	69-290: Caroline Springs Blvd@7.8-60: Caroline Springs Blvd@15.2	290	60	0	0	0	0	0											LOS_A		0.00	0.00	0			LOS_A	
1	7200-10800	69-290: Caroline Springs Blvd@7.8-291: Caroline Springs Blvd@13.3	290	291	439	386	0	31	5	0.32	0.26		0.25	0.34	0.00	0.00		0.00	0.00	LOS_A	1	0.00	0.00	17	1.83	0.00	LOS_A	1
1	7200-10800	69-290: Caroline Springs Blvd@7.8-293: Chisholm Dr@13.5	290	293	8	7	0	1	0	0.54	0.59		0.23		0.00	0.00		0.00		LOS_A	1	0.00	0.00	0			LOS_A	
1	7200-10800	69-290: Caroline Springs Blvd@7.8-431: Springlake Ave@15.6	290	431	7	7	0	0	0	1.42	1.42				0.00	0.00				LOS_A	1	0.00	0.00	0			LOS_A	
1	7200-10800	69-292: Caroline Springs Blvd@170.8-60: Caroline Springs Blvd@15.2	292	60	677	641	0	18	1	1.16	0.76		2.33	0.21	0.05	0.04		0.40	0.00	LOS_A	1	0.00	0.00	17	15.04	0.03	LOS_C	3
1	7200-10800	69-292: Caroline Springs Blvd@170.8-291: Caroline Springs Blvd@13.3	292	291	0	0	0	0	0											LOS_A		0.00	0.00	0			LOS_A	
1	7200-10800	69-292: Caroline Springs Blvd@170.8-293: Chisholm Dr@13.5	292	293	0	0	0	0	0											LOS_A		0.00	0.00	0			LOS_A	
1	7200-10800	69-292: Caroline Springs Blvd@170.8-431: Springlake Ave@15.6	292	431	8	8	0	0	0	0.92	0.92				0.00	0.00				LOS_A	1	0.00	0.00	0			LOS_A	
1	7200-10800	69-294: Chisholm Dr@69.6-60: Caroline Springs Blvd@15.2	294	60	53	49	0	4	0	0.34	0.35		0.27		0.00	0.00		0.00		LOS_A	1	0.00	0.00	0			LOS_A	
1	7200-10800	69-294: Chisholm Dr@69.6-291: Caroline Springs Blvd@13.3	294	291	0	0	0	0	0											LOS_A		0.00	0.00	0			LOS_A	
1	7200-10800	69-294: Chisholm Dr@69.6-293: Chisholm Dr@13.5	294	293	0	0	0	0	0											LOS_A		0.00	0.00	0			LOS_A	
1	7200-10800	69-294: Chisholm Dr@69.6-431: Springlake Ave@15.6	294	431	0	0	0	0	0											LOS_A		0.00	0.00	0			LOS_A	
1	7200-10800	69-430: Springlake Ave@96.9-60: Caroline Springs Blvd@15.2	430	60	50	50	0	0	0	0.51	0.51				0.00	0.00				LOS_A	1	0.00	0.00	0			LOS_A	
1	7200-10800	69-430: Springlake Ave@96.9-291: Caroline Springs Blvd@13.3	430	291	16	16	0	0	0	0.16	0.16				0.00	0.00				LOS_A	1	0.00	0.00	0			LOS_A	
1	7200-10800	69-430: Springlake Ave@96.9-293: Chisholm Dr@13.5	430	293	0	0	0	0	0											LOS_A		0.00	0.00	0			LOS_A	
1	7200-10800	69-430: Springlake Ave@96.9-431: Springlake Ave@15.6	430	431	0	0	0	0	0											LOS_A		0.00	0.00	0			LOS_A	
1	7200-10800	69			1258	1164	0	54	6	0.79	0.56		0.94	0.32	0.03	0.02		0.13	0.00	LOS_A	1	0.00	0.00	34	8.43	0.01	LOS_A	1
1	7200-10800	70-352: Eucumbene Dr@292.9-111: Christies Rd@15.7	352	111	6	5	0	1	0	0.22	0.24		0.12		0.00	0.00		0.00		LOS_A	1	0.00	0.00	0			LOS_A	
1	7200-10800	70-647: Christies Rd@8.4-111: Christies Rd@15.7	647	111	746	691	1	35	2	1.87	1.93	0.29	1.36	0.05	0.09	0.10	0.00	0.00	0.00	LOS_A	1	0.00	0.00	17	0.92	0.00	LOS_A	1
1	7200-10800	70-647: Christies Rd@8.4-353: Eucumbene Dr@18.0	647	353	83	81	0	2	0	2.37	2.38		2.01		0.24	0.25		0.00		LOS_A	1	0.00	0.00	0			LOS_A	
1	7200-10800	70-647: Christies Rd@8.4-1920@12.9	647	1920	0	0	0	0	0											LOS_A		0.00	0.00	0			LOS_A	
1	7200-10800	70-891: Christies Rd@8.7-287: Christies Rd@20.9	891	287	302	249	0	32	4	0.69	0.71		0.61	0.67	0.00	0.00		0.00	0.00	LOS_A	1	0.00	0.00	17	0.58	0.00	LOS_A	1
1	7200-10800	70-891: Christies Rd@8.7-353: Eucumbene Dr@18.0	891	353	12	12	0	0	0	5.97	5.97				0.00	0.00				LOS_A	1	0.00	0.00	0			LOS_A	
1	7200-10800	70-891: Christies Rd@8.7-1920@12.9	891	1920	0	0	0	0	0											LOS_A		0.00	0.00	0			LOS_A	
1	7200-10800	70-1919@25.6-287: Christies Rd@20.9	1919	287	0	0	0	0	0											LOS_A		0.00	0.00	0			LOS_A	
1	7200-10800	70			1149	1038	1	70	6	1.63	1.71	0.29	1.02	0.47	0.08	0.08	0.00	0.00	0.00	LOS_A	1	0.00	0.00	34	0.75	0.00	LOS_A	1
1	7200-10800	71-111: Christies Rd@84.9-129@9.8	111	129	451	442	0	9	0	0.12	0.12		0.16		0.00	0.00		0.00		LOS_A	1	0.00	0.00	0			LOS_A	
1	7200-10800	71-111: Christies Rd@84.9-282: Christies Rd@12.4	111	282	301	254	1	27	2	0.23	0.23	0.08	0.28	0.02	0.00	0.00	0.00	0.00	0.00	LOS_A	1	0.00	0.00	17	0.23	0.00	LOS_A	1
1	7200-10800	71-274: Christies Rd@5.8-112: Christies Rd@6.8	274	112	314	261	0	32	4	1.08	1.18		0.30	0.29	0.00	0.00		0.00	0.00	LOS_A	1	0.00	0.00	17	1.13	0.00	LOS_A	1
1	7200-10800	71-274: Christies Rd@5.8-129@9.8	274	129	49	23	0	22	4	3.65	2.85		4.36	4.37	0.00	0.00		0.00	0.00	LOS_A	1	0.00	0.00	0			LOS_A	
1	7200-10800	71			1115	980	1	90	10	0.58	0.49	0.08	1.28	1.87	0.00	0.00	0.00	0.00	0.00	LOS_A	1	0.00	0.00	34	0.68	0.00	LOS_A	1
1	7200-10800	72-279: Christies Rd@96.9-280: Christies Rd@44.5	279	280	0	0	0	0	0											LOS_A		0.00	0.00	0			LOS_A	
1	7200-10800	72-279: Christies Rd@96.9-394: Christies Rd@15.7	279	394	168	129	1	20	1	1.19	1.30	0.51	0.99	0.68	0.00	0.01	0.00	0.00	0.00	LOS_A	1	0.00	0.00	17	0.71	0.00	LOS_A	1
1	7200-10800	72-279: Christies Rd@96.9-626: Palm Springs Rd@75.1	279	626	133	125	0	7	1	2.52	2.56		1.96	1.09	0.01	0.01		0.00	0.00	LOS_A	1	0.00	0.00	0			LOS_A	
1	7200-10800	72-393: Christies Rd@348.6-280: Christies Rd@44.5	393	280	180	127	0	31	5	0.99	1.05		1.07	0.50	0.02	0.00		0.14	0.00	LOS_A	1	0.00	0.00	17	0.60	0.00	LOS_A	1
1	7200-10800	72-393: Christies Rd@348.6-394: Christies Rd@15.7	393	394	0	0	0	0	0											LOS_A		0.00	0.00	0			LOS_A	
1	7200-10800	72-393: Christies Rd@348.6-626: Palm Springs Rd@75.1	393	626	25	24	0	0	1	0.82	0.83			0.59	0.02	0.02			0.00	LOS_A	1	0.00	0.00	0			LOS_A	
1	7200-10800	72-625: Palm Springs Rd@88.9-280: Christies Rd@44.5	625	280	63	44	0	17	2	0.78	0.90		0.53	0.28	0.00	0.00		0.00	0.00	LOS_A	1	0.00	0.00	0			LOS_A	
1	7200-10800	72-625: Palm Springs Rd@88.9-394: Christies Rd@15.7	625	394	5	4	0	1	0	0.56	0.63		0.29		0.00	0.00		0.00		LOS_A	1	0.00	0.00	0			LOS_A	
1	7200-10800	72-625: Palm Springs Rd@88.9-626: Palm Springs Rd@75.1	625	626	0	0	0	0	0											LOS_A		0.00	0.00	0			LOS_A	
1	7200-10800	72-1914@136.2-280: Christies Rd@44.5	1914	280	120	113	0	6	1	2.21	2.25		1.05	4.66	0.03	0.04		0.00	0.00	LOS_A	1	0.02	15.52	0			LOS_A	
1	7200-10800	72-1914@136.2-394: Christies Rd@15.7	1914	394	72	49	0	16	7	0.99	1.16		0.65	0.56	0.00	0.00		0.00	0.00	LOS_A	1	0.02	15.52	0			LOS_A	
1	7200-10800	72-1914@136.2-626: Palm Springs Rd@75.1	1914	626	123	115	0	5	3	1.72	1.72		1.20	2.56	0.01	0.01		0.00	0.04	LOS_A	1	0.02	15.52	0			LOS_A	
1	7200-10800	72			889	730	1	103	21	1.50	1.63	0.51	0.96	1.03	0.01	0.01	0.00	0.04	0.01	LOS_A	1	0.01	15.52	34	0.65	0.00	LOS_A	1
1	7200-10800	73-350: Delma Rd@97.2-464: Ballarat Rd  Western Hwy@8.8	350	464	22	19	0	3	0	0.10	0.08		0.25		0.00	0.00		0.00		LOS_A	1	0.00	0.00	0			LOS_A	
1	7200-10800	73-663: Ballarat Rd  Western Hwy@46.8-351: Delma Rd@11.2	663	351	37	37	0	0	0	2.49	2.49				0.00	0.00				LOS_A	1	0.00	0.00	0			LOS_A	
1	7200-10800	73-663: Ballarat Rd  Western Hwy@46.8-464: Ballarat Rd  Western Hwy@8.8	663	464	422	374	2	42	4	0.24	0.20	3.83	0.42	0.42	0.00	0.00	0.00	0.00	0.00	LOS_A	1	0.00	0.00	0			LOS_A	
1	7200-10800	73			481	430	2	45	4	0.41	0.39	3.83	0.41	0.42	0.00	0.00	0.00	0.00	0.00	LOS_A	1	0.00	0.00	0			LOS_A	
1	7200-10800	76-911@130.2-404: Hopkins Rd@29.7	911	404	0	0	0	0	0											LOS_A		0.00	0.00	0			LOS_A	
1	7200-10800	76-911@130.2-408: Hopkins Rd@16.0	911	408	100	98	0	2	0	0.18	0.18		0.28		0.00	0.00		0.00		LOS_A	1	0.00	0.00	0			LOS_A	
1	7200-10800	76-913: Hopkins Rd@4.0-408: Hopkins Rd@16.0	913	408	644	575	5	48	10	0.53	0.53	0.05	0.58	0.76	0.00	0.00	0.00	0.00	0.00	LOS_A	1	0.00	0.00	6	0.51	0.00	LOS_A	1
1	7200-10800	76-913: Hopkins Rd@4.0-912@27.4	913	912	14	14	0	0	0	5.31	5.31				0.00	0.00				LOS_A	1	0.00	0.00	0			LOS_A	
1	7200-10800	76-948: Hopkins Rd@33.1-404: Hopkins Rd@29.7	948	404	486	427	1	47	5	0.06	0.07	0.00	0.04	0.05	0.00	0.00	0.00	0.00	0.00	LOS_A	1	0.00	0.00	6	0.02	0.00	LOS_A	1
1	7200-10800	76-948: Hopkins Rd@33.1-912@27.4	948	912	38	38	0	0	0	1.47	1.47				0.00	0.00				LOS_A	1	0.00	0.00	0			LOS_A	
1	7200-10800	76			1282	1152	6	97	15	0.41	0.42	0.04	0.31	0.52	0.00	0.00	0.00	0.00	0.00	LOS_A	1	0.00	0.00	12	0.27	0.00	LOS_A	1
1	7200-10800	77-208: Western Fwy@25.5-84: Western Fwy@15.9	208	84	1632	1540	9	61	22	1.12	1.12	0.40	1.13	0.94	0.00	0.00	0.00	0.00	0.00	LOS_A	1	0.00	0.00	0			LOS_A	
1	7200-10800	77-208: Western Fwy@25.5-180@16.3	208	180	210	203	0	7	0	3.23	3.14		5.76		0.00	0.00		0.00		LOS_A	1	0.00	0.00	0			LOS_A	
1	7200-10800	77			1842	1743	9	68	22	1.36	1.36	0.40	1.61	0.94	0.00	0.00	0.00	0.00	0.00	LOS_A	1	0.00	0.00	0			LOS_A	
1	7200-10800	78-84: Western Fwy@896.6-203: Western Fwy@19.3	84	203	1631	1539	9	61	22	0.14	0.14	0.15	0.11	0.10	0.00	0.00	0.00	0.00	0.00	LOS_A	1	0.00	0.00	0			LOS_A	
1	7200-10800	78-529@72.8-203: Western Fwy@19.3	529	203	556	495	0	48	11	4.08	4.16		3.08	4.57	0.08	0.08		0.05	0.05	LOS_A	1	0.00	0.00	2	4.11	0.00	LOS_A	1
1	7200-10800	78			2187	2034	9	109	33	1.14	1.12	0.15	1.42	1.59	0.02	0.02	0.00	0.02	0.02	LOS_A	1	0.00	0.00	2	4.11	0.00	LOS_A	1
1	7200-10800	79-184: Western Fwy@928.7-205: Western Fwy@68.7	184	205	951	851	1	70	29	0.15	0.15	1.66	0.09	0.14	0.00	0.00	0.00	0.00	0.00	LOS_A	1	0.00	0.00	0			LOS_A	
1	7200-10800	79-333@86.1-205: Western Fwy@68.7	333	205	180	164	0	14	2	0.56	0.53		0.85	1.09	0.00	0.00		0.00	0.00	LOS_A	1	0.00	0.00	0			LOS_A	
1	7200-10800	79			1131	1015	1	84	31	0.21	0.21	1.66	0.22	0.20	0.00	0.00	0.00	0.00	0.00	LOS_A	1	0.00	0.00	0			LOS_A	
1	7200-10800	80-424: Western Fwy@14.2-184: Western Fwy@85.3	424	184	952	852	1	70	29	0.21	0.20	2.18	0.24	0.22	0.00	0.00	0.00	0.00	0.00	LOS_A	1	0.00	0.00	0			LOS_A	
1	7200-10800	80-424: Western Fwy@14.2-337@9.9	424	337	422	377	2	35	6	0.35	0.36	0.91	0.30	0.00	0.03	0.04	0.00	0.00	0.00	LOS_A	1	0.00	0.00	2	0.00	0.00	LOS_A	1
1	7200-10800	80			1374	1229	3	105	35	0.25	0.25	1.33	0.26	0.18	0.01	0.01	0.00	0.00	0.00	LOS_A	1	0.00	0.00	2	0.00	0.00	LOS_A	1
1	7200-10800	81-532: Western Hwy@54.1-334: Western Hwy@32.3	532	334	2058	1905	9	109	33	0.15	0.15	0.06	0.14	0.22	0.00	0.00	0.00	0.00	0.00	LOS_A	1	0.00	0.00	2	2.28	0.00	LOS_A	1
1	7200-10800	81-532: Western Hwy@54.1-481@40.2	532	481	128	128	0	0	0	4.59	4.59				0.00	0.00				LOS_A	1	0.00	0.00	0			LOS_A	
1	7200-10800	81			2186	2033	9	109	33	0.41	0.43	0.06	0.14	0.22	0.00	0.00	0.00	0.00	0.00	LOS_A	1	0.00	0.00	2	2.28	0.00	LOS_A	1
1	7200-10800	82-334: Western Hwy@655.0-72: Western Hwy@13.2	334	72	2058	1905	9	109	33	0.11	0.11	0.00	0.10	0.10	0.00	0.00	0.00	0.00	0.00	LOS_A	1	0.00	0.00	2	0.00	0.00	LOS_A	1
1	7200-10800	82-482@267.1-72: Western Hwy@13.2	482	72	88	88	0	0	0	0.03	0.03				0.00	0.00				LOS_A	1	0.00	0.00	0			LOS_A	
1	7200-10800	82			2146	1993	9	109	33	0.11	0.11	0.00	0.10	0.10	0.00	0.00	0.00	0.00	0.00	LOS_A	1	0.00	0.00	2	0.00	0.00	LOS_A	1
1	7200-10800	83-313: Western Hwy@40.0-103: Western Hwy@23.6	313	103	1897	1763	8	92	32	0.32	0.30	0.06	0.51	0.50	0.00	0.00	0.00	0.00	0.00	LOS_A	1	0.00	0.00	2	0.05	0.00	LOS_A	1
1	7200-10800	83-313: Western Hwy@40.0-174@14.4	313	174	247	228	1	17	1	3.82	3.59	7.33	6.49	7.50	0.00	0.00	0.00	0.00	0.00	LOS_A	1	0.00	0.00	0			LOS_A	
1	7200-10800	83			2144	1991	9	109	33	0.72	0.68	0.86	1.45	0.71	0.00	0.00	0.00	0.00	0.00	LOS_A	1	0.00	0.00	2	0.05	0.00	LOS_A	1
1	7200-10800	84-161@132.7-99: Western Hwy@9.8	161	99	366	352	1	9	4	0.07	0.07	0.47	0.05	0.09	0.00	0.00	0.00	0.00	0.00	LOS_A	1	0.00	0.00	0			LOS_A	
1	7200-10800	84-187: Western Hwy@837.8-99: Western Hwy@9.8	187	99	1010	879	2	96	31	0.03	0.03	0.29	0.05	0.06	0.00	0.00	0.00	0.00	0.00	LOS_A	1	0.00	0.00	2	0.00	0.00	LOS_A	1
1	7200-10800	84			1376	1231	3	105	35	0.04	0.04	0.35	0.05	0.06	0.00	0.00	0.00	0.00	0.00	LOS_A	1	0.00	0.00	2	0.00	0.00	LOS_A	1
1	7200-10800	85-103: Western Hwy@963.6-90: Western Hwy@22.8	103	90	1896	1762	8	92	32	1.20	1.19	0.58	1.58	0.71	0.00	0.00	0.00	0.00	0.00	LOS_A	1	0.00	0.00	2	0.26	0.00	LOS_A	1
1	7200-10800	85-2380@33.8-90: Western Hwy@22.8	2380	90	592	577	0	12	3	2.28	2.23		3.89	6.25	0.02	0.02		0.02	0.24	LOS_A	1	0.00	0.00	0			LOS_A	
1	7200-10800	85			2488	2339	8	104	35	1.46	1.45	0.58	1.85	1.18	0.00	0.00	0.00	0.00	0.02	LOS_A	1	0.00	0.00	2	0.26	0.00	LOS_A	1
1	7200-10800	86-323: Western Hwy@19.6-159@11.7	323	159	300	272	2	22	4	0.10	0.10	0.00	0.13	0.00	0.00	0.00	0.00	0.00	0.00	LOS_A	1	0.00	0.00	0			LOS_A	
1	7200-10800	86-323: Western Hwy@19.6-187: Western Hwy@33.1	323	187	1010	879	2	96	31	0.06	0.06	0.07	0.08	0.08	0.00	0.00	0.00	0.00	0.00	LOS_A	1	0.00	0.00	2	0.00	0.00	LOS_A	1
1	7200-10800	86			1310	1151	4	118	35	0.07	0.07	0.03	0.09	0.07	0.00	0.00	0.00	0.00	0.00	LOS_A	1	0.00	0.00	2	0.00	0.00	LOS_A	1
1	7200-10800	87-343: Western Hwy@756.7-154: Western Hwy@6.0	343	154	1270	1111	4	118	35	0.03	0.03	0.00	0.03	0.03	0.00	0.00	0.00	0.00	0.00	LOS_A	1	0.00	0.00	2	0.00	0.00	LOS_A	1
1	7200-10800	87-480@343.6-154: Western Hwy@6.0	480	154	41	41	0	0	0	0.01	0.01				0.00	0.00				LOS_A	1	0.00	0.00	0			LOS_A	
1	7200-10800	87			1311	1152	4	118	35	0.03	0.03	0.00	0.03	0.03	0.00	0.00	0.00	0.00	0.00	LOS_A	1	0.00	0.00	2	0.00	0.00	LOS_A	1
1	7200-10800	88-955: Western Fwy@13.7-343: Western Hwy@21.1	955	343	1270	1111	4	118	35	0.06	0.05	0.24	0.09	0.13	0.00	0.00	0.00	0.00	0.00	LOS_A	1	0.00	0.00	2	0.00	0.00	LOS_A	1
1	7200-10800	88-955: Western Fwy@13.7-479@7.3	955	479	0	0	0	0	0											LOS_A		0.00	0.00	0			LOS_A	
1	7200-10800	88			1270	1111	4	118	35	0.06	0.05	0.24	0.09	0.13	0.00	0.00	0.00	0.00	0.00	LOS_A	1	0.00	0.00	2	0.00	0.00	LOS_A	1
1	7200-10800	89-228: Western Fwy@25.7-108@38.1	228	108	255	229	0	20	4	4.22	3.93		6.75	6.93	0.03	0.03		0.00	0.00	LOS_A	1	0.02	13.26	2	6.82	0.00	LOS_A	1
1	7200-10800	89-228: Western Fwy@25.7-194: Western Fwy@23.1	228	194	2230	2107	8	84	31	0.56	0.57	0.13	0.50	0.41	0.00	0.00	0.00	0.00	0.00	LOS_A	1	0.02	13.26	0			LOS_A	
1	7200-10800	89			2485	2336	8	104	35	0.94	0.90	0.13	1.70	1.16	0.00	0.00	0.00	0.00	0.00	LOS_A	1	0.02	13.26	2	6.82	0.00	LOS_A	1
1	7200-10800	90-104@749.4-417: Western Fwy@10.9	104	417	219	199	2	14	2	0.06	0.06	0.02	0.06	0.03	0.00	0.00	0.00	0.00	0.00	LOS_A	1	0.00	0.00	2	0.02	0.00	LOS_A	1
1	7200-10800	90-196: Western Fwy@1280.5-417: Western Fwy@10.9	196	417	1051	912	2	104	33	0.04	0.04	0.01	0.04	0.05	0.00	0.00	0.00	0.00	0.00	LOS_A	1	0.00	0.00	0			LOS_A	
1	7200-10800	90			1270	1111	4	118	35	0.04	0.04	0.01	0.05	0.05	0.00	0.00	0.00	0.00	0.00	LOS_A	1	0.00	0.00	2	0.02	0.00	LOS_A	1
1	7200-10800	91-260: Hopkins Rd@76.3-419@20.9	260	419	451	416	1	29	5	1.37	1.23	2.11	3.15	2.86	0.00	0.00	0.00	0.00	0.00	LOS_A	1	0.00	0.00	0			LOS_A	
1	7200-10800	91-260: Hopkins Rd@76.3-427: Hopkins Rd@13.9	260	427	342	266	4	54	5	0.16	0.14	0.13	0.31	0.01	0.00	0.00	0.00	0.00	0.00	LOS_A	1	0.00	0.00	13	0.05	0.00	LOS_A	1
1	7200-10800	91-426: Hopkins Rd@79.1-43: Hopkins Rd@14.4	426	43	575	526	1	30	3	0.96	0.97	0.04	0.94	0.02	0.00	0.00	0.00	0.00	0.00	LOS_A	1	0.00	0.00	15	0.63	0.00	LOS_A	1
1	7200-10800	91			1368	1208	6	113	13	0.89	0.88	0.45	1.21	1.11	0.00	0.00	0.00	0.00	0.00	LOS_A	1	0.00	0.00	28	0.36	0.00	LOS_A	1
1	7200-10800	92-43: Hopkins Rd@153.1-43: Hopkins Rd@182.8	43	43	575	526	1	30	3	0.43	0.44	0.03	0.49	0.01	0.00	0.00	0.00	0.00	0.00	LOS_A	1	0.00	0.00	15	0.33	0.00	LOS_A	1
1	7200-10800	92-194: Western Fwy@606.2-1907: Western Fwy@12.3	194	1907	2230	2107	8	84	31	0.64	0.63	0.91	0.68	0.65	0.00	0.00	0.00	0.00	0.00	LOS_A	1	0.00	0.00	0			LOS_A	
1	7200-10800	92-414: Hopkins Rd@174.6-414: Hopkins Rd@204.8	414	414	793	682	5	83	10	0.31	0.32	0.05	0.23	0.18	0.00	0.00	0.00	0.00	0.00	LOS_A	1	0.00	0.00	13	0.06	0.00	LOS_A	1
1	7200-10800	92-1906@89.9-1907: Western Fwy@12.3	1906	1907	706	658	1	36	11	5.76	5.81	5.82	5.08	4.69	0.05	0.05	0.11	0.02	0.00	LOS_A	1	0.55	57.72	0			LOS_A	
1	7200-10800	92			4304	3973	15	233	55	1.39	1.41	0.89	1.17	1.34	0.01	0.01	0.01	0.00	0.00	LOS_A	1	0.14	57.72	28	0.20	0.00	LOS_A	1
1	7200-10800	93-224: Western Fwy@24.6-149@43.1	224	149	290	220	2	66	2	0.25	0.25	0.00	0.27	0.03	0.09	0.12	0.00	0.00	0.00	LOS_A	1	0.00	0.00	0			LOS_A	
1	7200-10800	93-224: Western Fwy@24.6-196: Western Fwy@41.3	224	196	1051	912	2	104	33	0.13	0.14	0.00	0.13	0.06	0.01	0.01	0.00	0.00	0.00	LOS_A	1	0.00	0.00	0			LOS_A	
1	7200-10800	93			1341	1132	4	170	35	0.16	0.16	0.00	0.18	0.06	0.02	0.03	0.00	0.00	0.00	LOS_A	1	0.00	0.00	0			LOS_A	
1	7200-10800	94-949: Western Fwy@23.0-136@6.0	949	136	841	786	0	52	3	0.13	0.12		0.24	0.24	0.00	0.00		0.00	0.00	LOS_A	1	0.00	0.00	0			LOS_A	
1	7200-10800	94-949: Western Fwy@23.0-389: Western Fwy  Deer Park Byp@4.2	949	389	2094	1978	9	68	39	0.16	0.15	0.28	0.19	0.22	0.00	0.00	0.00	0.00	0.00	LOS_A	1	0.00	0.00	0			LOS_A	
1	7200-10800	94			2935	2764	9	120	42	0.15	0.14	0.28	0.22	0.22	0.00	0.00	0.00	0.00	0.00	LOS_A	1	0.00	0.00	0			LOS_A	
1	7200-10800	95-952: Western Hwy@59.0-1039: Western Fwy@18.1	952	1039	353	312	1	37	3	0.76	0.76	0.02	0.79	0.37	0.00	0.00	0.00	0.00	0.00	LOS_A	1	0.00	0.00	0			LOS_A	
1	7200-10800	95-1038: Western Fwy  Deer Park Byp@184.1-1039: Western Fwy@18.1	1038	1039	988	820	3	133	32	0.48	0.43	0.00	0.72	0.67	0.00	0.00	0.00	0.00	0.00	LOS_A	1	0.00	0.00	0			LOS_A	
1	7200-10800	95			1341	1132	4	170	35	0.55	0.52	0.01	0.74	0.64	0.00	0.00	0.00	0.00	0.00	LOS_A	1	0.00	0.00	0			LOS_A	
1	7200-10800	96-1904@24.9-147: Western Fwy  Deer Park Byp@16.1	1904	147	500	465	0	31	4	1.34	1.36		1.08	0.09	0.02	0.01		0.12	0.00	LOS_A	1	0.00	0.00	0			LOS_A	
1	7200-10800	96-24821: Western Fwy  Deer Park Byp@1488.1-147: Western Fwy  Deer Park Byp@16.1	24821	147	2092	1976	9	68	39	0.11	0.11	0.06	0.14	0.11	0.00	0.00	0.00	0.00	0.00	LOS_A	1	0.00	0.00	0			LOS_A	
1	7200-10800	96			2592	2441	9	99	43	0.35	0.35	0.06	0.43	0.11	0.00	0.00	0.00	0.04	0.00	LOS_A	1	0.00	0.00	0			LOS_A	
1	7200-10800	97-240: Western Fwy  Deer Park Byp@38.0-126@16.7	240	126	315	277	0	27	11	3.21	2.93		5.19	5.56	0.00	0.00		0.00	0.00	LOS_A	1	0.00	0.00	0			LOS_A	
1	7200-10800	97-240: Western Fwy  Deer Park Byp@38.0-189: Western Fwy  Deer Park Byp@8.6	240	189	988	820	3	133	32	0.19	0.17	0.38	0.26	0.49	0.00	0.00	0.00	0.00	0.00	LOS_A	1	0.00	0.00	0			LOS_A	
1	7200-10800	97			1303	1097	3	160	43	0.92	0.87	0.38	1.09	1.79	0.00	0.00	0.00	0.00	0.00	LOS_A	1	0.00	0.00	0			LOS_A	
1	7200-10800	98-91: Ballarat Rd  Western Hwy@67.3-362: Ballarat Rd  Western Hwy@13.4	91	362	736	689	0	45	2	0.11	0.10		0.23	0.00	0.00	0.00		0.00	0.00	LOS_A	1	0.00	0.00	0			LOS_A	
1	7200-10800	98-92: Ballarat Rd  Western Hwy@8.7-362: Ballarat Rd  Western Hwy@13.4	92	362	0	0	0	0	0											LOS_A		0.00	0.00	0			LOS_A	
1	7200-10800	98			736	689	0	45	2	0.11	0.10		0.23	0.00	0.00	0.00		0.00	0.00	LOS_A	1	0.00	0.00	0			LOS_A	
1	7200-10800	99-209: Ballarat Rd  Western Hwy@46.4-1: Ballarat Rd  Western Hwy@6.6	209	1	736	689	0	45	2	0.09	0.09		0.15	0.03	0.00	0.00		0.00	0.00	LOS_A	1	0.00	0.00	0			LOS_A	
1	7200-10800	99-209: Ballarat Rd  Western Hwy@46.4-2: Ballarat Rd  Western Hwy@6.5	209	2	0	0	0	0	0											LOS_A		0.00	0.00	0			LOS_A	
1	7200-10800	99			736	689	0	45	2	0.09	0.09		0.15	0.03	0.00	0.00		0.00	0.00	LOS_A	1	0.00	0.00	0			LOS_A	
1	7200-10800	100-1141@18.3-1143@28.5	1141	1143	0	0	0	0	0											LOS_A		0.00	0.00	0			LOS_A	
1	7200-10800	100-1141@18.3-1147@16.5	1141	1147	71	68	0	3	0	0.53	0.54		0.23		0.00	0.00		0.00		LOS_A	1	0.00	0.00	0			LOS_A	
1	7200-10800	100-1141@18.3-1152@26.0	1141	1152	74	67	0	6	1	0.41	0.42		0.39	0.21	0.00	0.00		0.00	0.00	LOS_A	1	0.00	0.00	0			LOS_A	
1	7200-10800	100-1141@18.3-1158@25.0	1141	1158	143	138	0	4	1	0.38	0.39		0.18	0.29	0.00	0.00		0.00	0.00	LOS_A	1	0.00	0.00	0			LOS_A	
1	7200-10800	100-1146@382.0-1143@28.5	1146	1143	86	86	0	0	0	1.54	1.54				0.00	0.00				LOS_A	1	0.00	0.00	0			LOS_A	
1	7200-10800	100-1146@382.0-1147@16.5	1146	1147	0	0	0	0	0											LOS_A		0.00	0.00	0			LOS_A	
1	7200-10800	100-1146@382.0-1152@26.0	1146	1152	56	51	0	5	0	0.38	0.40		0.17		0.00	0.00		0.00		LOS_A	1	0.00	0.00	0			LOS_A	
1	7200-10800	100-1146@382.0-1158@25.0	1146	1158	0	0	0	0	0											LOS_A		0.00	0.00	0			LOS_A	
1	7200-10800	100-1159@120.5-1143@28.5	1159	1143	155	151	0	3	1	0.90	0.92		0.24	0.24	0.00	0.00		0.00	0.00	LOS_A	1	0.00	0.00	0			LOS_A	
1	7200-10800	100-1159@120.5-1147@16.5	1159	1147	63	58	0	5	0	0.34	0.34		0.35		0.00	0.00		0.00		LOS_A	1	0.00	0.00	0			LOS_A	
1	7200-10800	100-1159@120.5-1152@26.0	1159	1152	59	59	0	0	0	0.51	0.51				0.00	0.00				LOS_A	1	0.00	0.00	0			LOS_A	
1	7200-10800	100-1159@120.5-1158@25.0	1159	1158	0	0	0	0	0											LOS_A		0.00	0.00	0			LOS_A	
1	7200-10800	100-1234@184.1-1143@28.5	1234	1143	109	104	0	4	1	0.94	0.91		1.37	2.45	0.00	0.00		0.00	0.00	LOS_A	1	0.00	0.00	0			LOS_A	
1	7200-10800	100-1234@184.1-1147@16.5	1234	1147	124	122	0	2	0	0.52	0.52		0.20		0.00	0.00		0.00		LOS_A	1	0.00	0.00	0			LOS_A	
1	7200-10800	100-1234@184.1-1152@26.0	1234	1152	0	0	0	0	0											LOS_A		0.00	0.00	0			LOS_A	
1	7200-10800	100-1234@184.1-1158@25.0	1234	1158	57	57	0	0	0	0.47	0.47				0.00	0.00				LOS_A	1	0.00	0.00	0			LOS_A	
1	7200-10800	100			997	961	0	32	4	0.66	0.67		0.41	0.80	0.00	0.00		0.00	0.00	LOS_A	1	0.00	0.00	0			LOS_A	
1	7200-10800	101-1144@12.5-1140@37.3	1144	1140	0	0	0	0	0											LOS_A		0.00	0.00	0			LOS_A	
1	7200-10800	101-1144@12.5-1168@28.2	1144	1168	1	1	0	0	0	0.20	0.20				0.00	0.00				LOS_A	1	0.00	0.00	0			LOS_A	
1	7200-10800	101-1144@12.5-1170@29.6	1144	1170	180	178	0	2	0	0.49	0.48		0.99		0.00	0.00		0.00		LOS_A	1	0.00	0.00	0			LOS_A	
1	7200-10800	101-1144@12.5-1171@32.9	1144	1171	169	162	0	5	2	1.11	1.13		0.46	0.84	0.00	0.00		0.00	0.00	LOS_A	1	0.00	0.00	0			LOS_A	
1	7200-10800	101-1167@141.4-1140@37.3	1167	1140	1	0	0	1	0	0.58			0.58		0.00			0.00		LOS_A	1	0.00	0.00	0			LOS_A	
1	7200-10800	101-1167@141.4-1168@28.2	1167	1168	0	0	0	0	0											LOS_A		0.00	0.00	0			LOS_A	
1	7200-10800	101-1167@141.4-1170@29.6	1167	1170	25	25	0	0	0	0.37	0.37				0.00	0.00				LOS_A	1	0.00	0.00	0			LOS_A	
1	7200-10800	101-1167@141.4-1171@32.9	1167	1171	34	34	0	0	0	0.33	0.33				0.00	0.00				LOS_A	1	0.00	0.00	0			LOS_A	
1	7200-10800	101-1169@143.9-1140@37.3	1169	1140	112	108	0	4	0	0.81	0.83		0.32		0.00	0.00		0.00		LOS_A	1	0.00	0.00	0			LOS_A	
1	7200-10800	101-1169@143.9-1168@28.2	1169	1168	9	9	0	0	0	0.41	0.41				0.00	0.00				LOS_A	1	0.00	0.00	0			LOS_A	
1	7200-10800	101-1169@143.9-1170@29.6	1169	1170	0	0	0	0	0											LOS_A		0.00	0.00	0			LOS_A	
1	7200-10800	101-1169@143.9-1171@32.9	1169	1171	35	35	0	0	0	0.48	0.48				0.00	0.00				LOS_A	1	0.00	0.00	0			LOS_A	
1	7200-10800	101-1172@137.6-1140@37.3	1172	1140	175	165	0	8	2	0.65	0.68		0.27	0.16	0.00	0.00		0.00	0.00	LOS_A	1	0.00	0.00	0			LOS_A	
1	7200-10800	101-1172@137.6-1168@28.2	1172	1168	15	15	0	0	0	0.21	0.21				0.00	0.00				LOS_A	1	0.00	0.00	0			LOS_A	
1	7200-10800	101-1172@137.6-1170@29.6	1172	1170	21	20	0	1	0	2.17	2.25		0.61		0.00	0.00		0.00		LOS_A	1	0.00	0.00	0			LOS_A	
1	7200-10800	101-1172@137.6-1171@32.9	1172	1171	0	0	0	0	0											LOS_A		0.00	0.00	0			LOS_A	
1	7200-10800	101			777	752	0	21	4	0.73	0.74		0.43	0.50	0.00	0.00		0.00	0.00	LOS_A	1	0.00	0.00	0			LOS_A	
1	7200-10800	102-1150@427.0-1155@20.3	1150	1155	24	24	0	0	0	0.22	0.22				0.00	0.00				LOS_A	1	0.00	0.00	0			LOS_A	
1	7200-10800	102-1150@427.0-1156@9.2	1150	1156	114	111	0	3	0	0.54	0.54		0.68		0.00	0.00		0.00		LOS_A	1	0.00	0.00	0			LOS_A	
1	7200-10800	102-1154@88.9-1153@11.3	1154	1153	117	114	0	3	0	0.57	0.58		0.07		0.00	0.00		0.00		LOS_A	1	0.00	0.00	0			LOS_A	
1	7200-10800	102-1154@88.9-1155@20.3	1154	1155	45	37	0	7	1	1.51	1.28		2.45	3.20	0.00	0.00		0.00	0.00	LOS_A	1	0.00	0.00	0			LOS_A	
1	7200-10800	102-1157@97.7-1153@11.3	1157	1153	51	51	0	0	0	0.25	0.25				0.00	0.00				LOS_A	1	0.00	0.00	0			LOS_A	
1	7200-10800	102-1157@97.7-1156@9.2	1157	1156	101	97	0	3	1	0.26	0.25		0.44	0.07	0.00	0.00		0.00	0.00	LOS_A	1	0.00	0.00	0			LOS_A	
1	7200-10800	102			452	434	0	16	2	0.53	0.50		1.29	1.64	0.00	0.00		0.00	0.00	LOS_A	1	0.00	0.00	0			LOS_A	
1	7200-10800	103			0	0	0	0	0											LOS_A				0			LOS_A	
1	7200-10800	104			0	0	0	0	0											LOS_A				0			LOS_A	
1	7200-10800	105			0	0	0	0	0											LOS_A				0			LOS_A	
1	7200-10800	106			0	0	0	0	0											LOS_A				0			LOS_A	
1	7200-10800	107			0	0	0	0	0											LOS_A				0			LOS_A	
1	7200-10800	108			0	0	0	0	0											LOS_A				0			LOS_A	
1	7200-10800	109			0	0	0	0	0											LOS_A				0			LOS_A	
1	7200-10800	113			0	0	0	0	0											LOS_A				0			LOS_A	
1	7200-10800	114-1081@150.5-1125@21.0	1081	1125	371	326	2	9	3	3.60	2.49	2.25	0.93	2.40	0.04	0.04	0.00	0.00	0.00	LOS_A	1	0.00	0.00	31	16.30	0.00	LOS_C	3
1	7200-10800	114-1081@150.5-1128@12.2	1081	1128	191	179	0	12	0	3.71	3.68		4.16		0.30	0.32		0.00		LOS_A	1	0.00	0.00	0			LOS_A	
1	7200-10800	114-1129@3.3-1130@26.0	1129	1130	266	248	0	10	8	3.11	3.00		4.49	4.97	0.00	0.00		0.00	0.00	LOS_A	1	0.00	0.00	0			LOS_A	
1	7200-10800	114-1132@5.3-1125@21.0	1132	1125	108	107	0	1	0	0.23	0.23		0.24		0.00	0.00		0.00		LOS_A	1	0.00	0.00	0			LOS_A	
1	7200-10800	114-1240: Western Fwy@6.0-1128@12.2	1240	1128	57	54	0	3	0	0.38	0.37		0.46		0.00	0.00		0.00		LOS_A	1	0.00	0.00	0			LOS_A	
1	7200-10800	114-1240: Western Fwy@6.0-1130@26.0	1240	1130	123	92	0	0	0	0.30	0.20				0.00	0.00				LOS_A	1	0.00	0.00	31	0.62	0.00	LOS_A	1
1	7200-10800	114			1116	1006	2	35	11	2.65	2.26	2.25	3.00	4.27	0.06	0.07	0.00	0.00	0.00	LOS_A	1	0.00	0.00	62	8.46	0.00	LOS_A	1
1	7200-10800	115-1092: Western Fwy@41.4-1091@18.2	1092	1091	323	315	0	8	0	2.17	2.10		4.64		0.00	0.00		0.00		LOS_A	1	0.00	11.37	0			LOS_A	
1	7200-10800	115-1092: Western Fwy@41.4-1093: Western Fwy@20.0	1092	1093	1246	1165	7	55	19	0.65	0.66	0.14	0.58	0.59	0.00	0.00	0.00	0.00	0.00	LOS_A	1	0.00	11.37	0			LOS_A	
1	7200-10800	115			1569	1480	7	63	19	0.96	0.96	0.14	1.10	0.59	0.00	0.00	0.00	0.00	0.00	LOS_A	1	0.00	11.37	0			LOS_A	
1	7200-10800	116-1134: Western Fwy@853.1-1137: Western Fwy@29.6	1134	1137	757	660	1	73	23	0.04	0.04	0.00	0.04	0.03	0.00	0.00	0.00	0.00	0.00	LOS_A	1	0.00	0.00	0			LOS_A	
1	7200-10800	116-1139@39.2-1137: Western Fwy@29.6	1139	1137	248	233	0	15	0	0.17	0.12		1.06		0.00	0.00		0.00		LOS_A	1	0.00	0.00	0			LOS_A	
1	7200-10800	116			1005	893	1	88	23	0.07	0.06	0.00	0.21	0.03	0.00	0.00	0.00	0.00	0.00	LOS_A	1	0.00	0.00	0			LOS_A	
1	7200-10800	117-1093: Western Fwy@887.1-1118: Western Fwy@20.0	1093	1118	1246	1165	7	55	19	0.28	0.28	0.27	0.38	0.11	0.00	0.00	0.00	0.00	0.00	LOS_A	1	0.00	0.00	0			LOS_A	
1	7200-10800	117-1117@115.1-1118: Western Fwy@20.0	1117	1118	599	581	2	13	3	0.46	0.46	0.23	0.48	0.26	0.00	0.00	0.00	0.00	0.00	LOS_A	1	0.00	0.00	0			LOS_A	
1	7200-10800	117			1845	1746	9	68	22	0.34	0.34	0.26	0.40	0.13	0.00	0.00	0.00	0.00	0.00	LOS_A	1	0.00	0.00	0			LOS_A	
1	7200-10800	118-1135: Western Fwy@35.7-1134: Western Fwy@6.5	1135	1134	757	660	1	73	23	0.49	0.48	0.32	0.44	0.74	0.00	0.00	0.00	0.00	0.00	LOS_A	1	0.00	0.00	0			LOS_A	
1	7200-10800	118-1135: Western Fwy@35.7-1136: Western Fwy@4.3	1135	1136	374	355	0	11	8	3.01	2.90		5.13	5.16	0.00	0.00		0.00	0.00	LOS_A	1	0.00	0.00	0			LOS_A	
1	7200-10800	118			1131	1015	1	84	31	1.32	1.33	0.32	1.06	1.88	0.00	0.00	0.00	0.00	0.00	LOS_A	1	0.00	0.00	0			LOS_A	
1	7200-10800	119-1090@228.7-1098@20.0	1090	1098	63	63	0	0	0	0.33	0.33				0.00	0.00				LOS_A	1	0.00	0.00	0			LOS_A	
1	7200-10800	119-1090@228.7-1100@8.0	1090	1100	260	252	0	8	0	0.98	0.92		2.91		0.04	0.04		0.00		LOS_A	1	0.00	0.00	0			LOS_A	
1	7200-10800	119-1114@10.9-1098@20.0	1114	1098	117	83	0	3	0	0.38	0.46		0.24		0.00	0.00		0.00		LOS_A	1	0.00	0.00	31	0.19	0.00	LOS_A	1
1	7200-10800	119-1114@10.9-1116@15.9	1114	1116	289	285	0	4	0	0.75	0.74		1.73		0.01	0.01		0.00		LOS_A	1	0.11	43.75	0			LOS_A	
1	7200-10800	119-1237@6.9-1100@8.0	1237	1100	169	137	0	1	0	1.55	1.65		5.47		0.00	0.00		0.00		LOS_A	1	0.00	0.00	31	0.99	0.00	LOS_A	1
1	7200-10800	119-1237@6.9-1116@15.9	1237	1116	310	296	2	9	3	2.26	2.19	4.62	3.70	3.87	0.00	0.00	0.00	0.00	0.00	LOS_A	1	0.00	0.00	0			LOS_A	
1	7200-10800	119			1208	1116	2	25	3	1.24	1.23	4.62	2.79	3.87	0.01	0.01	0.00	0.00	0.00	LOS_A	1	0.02	43.75	62	0.59	0.00	LOS_A	1
1	7200-10800	120-1100@12.7-1099@27.3	1100	1099	248	213	0	4	0	0.79	0.32		0.60		0.00	0.00		0.00		LOS_A	1	0.00	0.00	31	4.06	0.00	LOS_A	1
1	7200-10800	120-1100@12.7-1103@19.5	1100	1103	72	71	0	1	0	0.86	0.87		0.23		0.30	0.30		0.00		LOS_A	1	0.17	27.66	0			LOS_A	
1	7200-10800	120-1100@12.7-1107@21.1	1100	1107	109	105	0	4	0	0.27	0.27		0.34		0.00	0.00		0.00		LOS_A	1	0.00	0.00	0			LOS_A	
1	7200-10800	120-1106@32.8-1099@27.3	1106	1099	0	0	0	0	0											LOS_A		0.02	9.00	0			LOS_A	
1	7200-10800	120-1106@32.8-1103@19.5	1106	1103	0	0	0	0	0											LOS_A		0.02	9.00	0			LOS_A	
1	7200-10800	120-1106@32.8-1112@5.6	1106	1112	185	183	0	2	0	0.68	0.68		0.95		0.02	0.02		0.00		LOS_A	1	0.02	9.00	0			LOS_A	
1	7200-10800	120-1184@12.8-1184@46.5	1184	1184	0	0	0	0	0											LOS_A		0.00	0.00	0			LOS_A	
1	7200-10800	120-1186@9.2-1186@61.3	1186	1186	0	0	0	0	0											LOS_A		0.00	0.00	0			LOS_A	
1	7200-10800	120-1189@5.6-1189@50.7	1189	1189	3	0	0	0	0	0.00					0.00					LOS_A	1	0.08	20.34	0			LOS_A	
1	7200-10800	120-1190@11.3-1190@56.8	1190	1190	0	0	0	0	0											LOS_A		0.00	0.00	0			LOS_A	
1	7200-10800	120-1191@12.4-1191@46.2	1191	1191	0	0	0	0	0											LOS_A		0.00	0.00	0			LOS_A	
1	7200-10800	120-1192@6.0-1192@58.2	1192	1192	0	0	0	0	0											LOS_A		0.00	0.00	0			LOS_A	
1	7200-10800	120-1193@13.6-1193@42.6	1193	1193	0	0	0	0	0											LOS_A		0.00	0.00	0			LOS_A	
1	7200-10800	120-1194@0.7-1194@34.7	1194	1194	0	0	0	0	0											LOS_A		0.00	0.00	0			LOS_A	
1	7200-10800	120-1236@14.1-1103@19.5	1236	1103	0	0	0	0	0											LOS_A		0.00	0.00	0			LOS_A	
1	7200-10800	120-1236@14.1-1107@21.1	1236	1107	2	0	0	2	0	0.10			0.10		0.00			0.00		LOS_A	1	0.00	0.00	0			LOS_A	
1	7200-10800	120-1236@14.1-1112@5.6	1236	1112	221	185	0	5	0	1.46	1.67		1.65		0.00	0.00		0.00		LOS_A	1	0.00	0.00	31	0.21	0.00	LOS_A	1
1	7200-10800	120-1239@4.2-1099@27.3	1239	1099	0	0	0	0	0											LOS_A		0.00	0.00	0			LOS_A	
1	7200-10800	120-1239@4.2-1107@21.1	1239	1107	0	0	0	0	0											LOS_A		0.00	0.00	0			LOS_A	
1	7200-10800	120-1239@4.2-11576@36.8	1239	11576	0	0	0	0	0											LOS_A		0.00	0.00	0			LOS_A	
1	7200-10800	120			840	757	0	18	0	0.88	0.78		0.80		0.03	0.03		0.00		LOS_A	1	0.02	27.66	62	2.14	0.00	LOS_A	1
1	7200-10800	121			0	0	0	0	0											LOS_A				0			LOS_A	
1	7200-10800	122			0	0	0	0	0											LOS_A				0			LOS_A	
1	7200-10800	123			0	0	0	0	0											LOS_A				0			LOS_A	
1	7200-10800	124-1123@88.6-1122@4.7	1123	1122	12	12	0	0	0	0.04	0.04				0.00	0.00				LOS_A	1	0.00	0.00	0			LOS_A	
1	7200-10800	124-1130@109.7-1122@4.7	1130	1122	389	340	0	10	8	1.46	0.33		0.14	0.22	0.00	0.00		0.00	0.00	LOS_A	1	4.98	35.78	31	14.66	0.00	LOS_B	2
1	7200-10800	124-1130@109.7-1180@8.5	1130	1180	0	0	0	0	0											LOS_A		4.98	35.78	0			LOS_A	
1	7200-10800	124			401	352	0	10	8	1.42	0.32		0.14	0.22	0.00	0.00		0.00	0.00	LOS_A	1	2.49	35.78	31	14.66	0.00	LOS_B	2
1	7200-10800	125			0	0	0	0	0											LOS_A				0			LOS_A	
1	7200-10800	244-1156@962.0-1223@12.7	1156	1223	0	0	0	0	0											LOS_A		0.00	0.00	0			LOS_A	
1	7200-10800	244-1156@962.0-1224@15.7	1156	1224	215	208	0	6	1	0.05	0.05		0.00	0.00	0.00	0.00		0.00	0.00	LOS_A	1	0.00	0.00	0			LOS_A	
1	7200-10800	244-1221@50.0-1224@15.7	1221	1224	0	0	0	0	0											LOS_A		0.00	0.00	0			LOS_A	
1	7200-10800	244-1221@50.0-1225@11.6	1221	1225	0	0	0	0	0											LOS_A		0.00	0.00	0			LOS_A	
1	7200-10800	244-1227@99.3-1223@12.7	1227	1223	0	0	0	0	0											LOS_A		0.00	0.00	0			LOS_A	
1	7200-10800	244-1227@99.3-1225@11.6	1227	1225	162	151	0	10	1	0.13	0.14		0.04	0.03	0.00	0.00		0.00	0.00	LOS_A	1	0.00	0.00	0			LOS_A	
1	7200-10800	244			377	359	0	16	2	0.09	0.09		0.02	0.01	0.00	0.00		0.00	0.00	LOS_A	1	0.00	0.00	0			LOS_A	
1	7200-10800	245			0	0	0	0	0											LOS_A				0			LOS_A	
1	7200-10800	246-1224@100.1-1229@17.2	1224	1229	13	13	0	0	0	0.07	0.07				0.00	0.00				LOS_A	1	0.00	0.00	0			LOS_A	
1	7200-10800	246-1224@100.1-1230@17.9	1224	1230	202	195	0	6	1	0.18	0.19		0.00	0.00	0.00	0.00		0.00	0.00	LOS_A	1	0.00	0.00	0			LOS_A	
1	7200-10800	246-1228@93.7-1227@14.9	1228	1227	20	20	0	0	0	0.12	0.12				0.00	0.00				LOS_A	1	0.00	0.00	0			LOS_A	
1	7200-10800	246-1228@93.7-1230@17.9	1228	1230	59	59	0	0	0	0.14	0.14				0.00	0.00				LOS_A	1	0.00	0.00	0			LOS_A	
1	7200-10800	246-1235@217.9-1227@14.9	1235	1227	142	131	0	10	1	0.19	0.20		0.09	0.04	0.00	0.00		0.00	0.00	LOS_A	1	0.00	0.00	0			LOS_A	
1	7200-10800	246-1235@217.9-1229@17.2	1235	1229	39	39	0	0	0	0.25	0.25				0.00	0.00				LOS_A	1	0.00	0.00	0			LOS_A	
1	7200-10800	246			475	457	0	16	2	0.18	0.18		0.05	0.02	0.00	0.00		0.00	0.00	LOS_A	1	0.00	0.00	0			LOS_A	
1	7200-10800	247			0	0	0	0	0											LOS_A				0			LOS_A	
1	7200-10800	248-1152@193.7-1233@16.5	1152	1233	9	8	0	1	0	0.08	0.07		0.15		0.00	0.00		0.00		LOS_A	1	0.00	0.00	0			LOS_A	
1	7200-10800	248-1152@193.7-1235@13.8	1152	1235	180	169	0	10	1	0.19	0.19		0.12	0.11	0.00	0.00		0.00	0.00	LOS_A	1	0.00	0.00	0			LOS_A	
1	7200-10800	248-1230@222.2-1233@16.5	1230	1233	0	0	0	0	0											LOS_A		0.00	0.00	0			LOS_A	
1	7200-10800	248-1230@222.2-1234@16.0	1230	1234	261	254	0	6	1	0.14	0.14		0.34	0.00	0.00	0.00		0.00	0.00	LOS_A	1	0.00	0.00	0			LOS_A	
1	7200-10800	248-1232@78.7-1234@16.0	1232	1234	29	29	0	0	0	0.17	0.17				0.00	0.00				LOS_A	1	0.00	0.00	0			LOS_A	
1	7200-10800	248-1232@78.7-1235@13.8	1232	1235	1	1	0	0	0	0.06	0.06				0.00	0.00				LOS_A	1	0.00	0.00	0			LOS_A	
1	7200-10800	248			480	461	0	17	2	0.16	0.16		0.20	0.06	0.00	0.00		0.00	0.00	LOS_A	1	0.00	0.00	0			LOS_A	
1	7200-10800	249			0	0	0	0	0											LOS_A				0			LOS_A	
1	7200-10800	301-2254@5.6-2212@13.2	2254	2212	0	0	0	0	0											LOS_A		0.00	0.00	0			LOS_A	
1	7200-10800	301-2254@5.6-2213: Zone connector@52.1	2254	2213	18	12	0	2	4	1.37	1.01		1.53	2.39	0.00	0.00		0.00	0.00	LOS_A	1	0.00	0.00	0			LOS_A	
1	7200-10800	301-2254@5.6-2214: Ferris Rd@54.4	2254	2214	0	0	0	0	0											LOS_A		0.00	0.00	0			LOS_A	
1	7200-10800	301-2256: Zone connector@12.4-2210@21.6	2256	2210	0	0	0	0	0											LOS_A		0.00	0.00	0			LOS_A	
1	7200-10800	301-2256: Zone connector@12.4-2212@13.2	2256	2212	6	2	0	3	1	3.52	2.56		3.85	4.47	0.00	0.00		0.00	0.00	LOS_A	1	0.00	0.00	0			LOS_A	
1	7200-10800	301-2256: Zone connector@12.4-2213: Zone connector@52.1	2256	2213	530	502	0	20	6	0.28	0.28		0.22	0.73	0.00	0.00		0.00	0.00	LOS_A	1	0.00	0.00	2	0.16	0.00	LOS_A	1
1	7200-10800	301-2257@8.4-2210@21.6	2257	2210	0	0	0	0	0											LOS_A		0.00	0.00	0			LOS_A	
1	7200-10800	301-2257@8.4-2213: Zone connector@52.1	2257	2213	174	152	0	18	4	0.27	0.27		0.25	0.18	0.00	0.00		0.00	0.00	LOS_A	1	0.00	0.00	0			LOS_A	
1	7200-10800	301-2257@8.4-2214: Ferris Rd@54.4	2257	2214	18	0	4	12	2	3.58		4.33	3.39	3.17	0.00		0.00	0.00	0.00	LOS_A	1	0.00	0.00	0			LOS_A	
1	7200-10800	301-2258: Ferris Rd@4.3-2210@21.6	2258	2210	11	8	1	1	1	2.54	1.93	4.96	4.42	3.06	0.00	0.00	0.00	0.00	0.00	LOS_A	1	0.00	0.00	0			LOS_A	
1	7200-10800	301-2258: Ferris Rd@4.3-2212@13.2	2258	2212	177	157	0	16	4	3.52	3.29		5.31	5.28	0.01	0.02		0.00	0.00	LOS_A	1	0.00	0.00	0			LOS_A	
1	7200-10800	301-2258: Ferris Rd@4.3-2214: Ferris Rd@54.4	2258	2214	330	308	0	18	2	0.42	0.41		0.65	0.43	0.00	0.00		0.00	0.00	LOS_A	1	0.00	0.00	2	0.06	0.00	LOS_A	1
1	7200-10800	301			1264	1141	5	90	24	0.86	0.75	4.46	1.84	2.10	0.00	0.00	0.00	0.00	0.00	LOS_A	1	0.00	0.00	4	0.11	0.00	LOS_A	1
1	7200-10800	311-435: Leakes Rd@40.0-2350@32.4	435	2350	221	213	1	6	1	0.19	0.18	0.36	0.32	0.50	0.00	0.00	0.00	0.00	0.00	LOS_A	1	0.00	0.00	0			LOS_A	
1	7200-10800	311-435: Leakes Rd@40.0-2353@40.0	435	2353	388	354	1	31	2	0.09	0.09	0.34	0.10	0.05	0.00	0.00	0.00	0.00	0.00	LOS_A	1	0.00	0.00	0			LOS_A	
1	7200-10800	311-435: Leakes Rd@40.0-2356@40.3	435	2356	73	55	0	1	0	0.09	0.11		0.00		0.00	0.00		0.00		LOS_A	1	0.00	0.00	17	0.03	0.00	LOS_A	1
1	7200-10800	311-2347@136.8-2344: Leakes Rd@21.5	2347	2344	294	290	0	4	0	1.41	1.41		1.36		0.00	0.00		0.00		LOS_A	1	0.00	0.00	0			LOS_A	
1	7200-10800	311-2347@136.8-2353@40.0	2347	2353	4	2	0	0	2	0.29	0.38			0.19	0.00	0.00			0.00	LOS_A	1	0.00	0.00	0			LOS_A	
1	7200-10800	311-2347@136.8-2356@40.3	2347	2356	35	20	0	0	0	0.32	0.45				0.00	0.00				LOS_A	1	0.00	0.00	15	0.14	0.00	LOS_A	1
1	7200-10800	311-2354@38.7-2344: Leakes Rd@21.5	2354	2344	137	115	1	2	2	1.15	1.21	1.09	1.40	0.83	0.02	0.02	0.00	0.00	0.00	LOS_A	1	0.00	0.00	17	0.77	0.00	LOS_A	1
1	7200-10800	311-2354@38.7-2350@32.4	2354	2350	33	18	0	0	0	0.39	0.57				0.00	0.00				LOS_A	1	0.00	0.00	15	0.17	0.00	LOS_A	1
1	7200-10800	311-2354@38.7-2353@40.0	2354	2353	7	7	0	0	0	0.54	0.54				0.00	0.00				LOS_A	1	0.00	0.00	0			LOS_A	
1	7200-10800	311-2360@81.7-2344: Leakes Rd@21.5	2360	2344	410	386	0	21	3	1.17	1.10		2.12	3.28	0.00	0.00		0.00	0.00	LOS_A	1	0.00	0.00	0			LOS_A	
1	7200-10800	311-2360@81.7-2350@32.4	2360	2350	18	17	0	1	0	0.27	0.20		1.36		0.00	0.00		0.00		LOS_A	1	0.00	0.00	0			LOS_A	
1	7200-10800	311-2360@81.7-2356@40.3	2360	2356	16	16	0	0	0	2.91	2.91				0.00	0.00				LOS_A	1	0.00	0.00	0			LOS_A	
1	7200-10800	311			1636	1493	3	66	10	0.74	0.75	0.60	0.90	1.25	0.00	0.00	0.00	0.00	0.00	LOS_A	1	0.00	0.00	64	0.28	0.00	LOS_A	1
1	7200-10800	312-2419@3.3-24810@22.1	2419	24810	326	310	0	15	1	0.47	0.48		0.28	0.36	0.00	0.00		0.00	0.00	LOS_A	1	0.00	0.00	0			LOS_A	
1	7200-10800	312-2420@4.1-2422@13.2	2420	2422	280	243	1	28	8	0.55	0.55	1.00	0.47	0.58	0.00	0.00	0.00	0.00	0.00	LOS_A	1	0.00	0.00	0			LOS_A	
1	7200-10800	312-2475@44.5-2391@3.4	2475	2391	519	474	5	29	11	0.50	0.50	1.23	0.39	0.58	0.00	0.00	0.00	0.00	0.00	LOS_A	1	0.00	0.00	0			LOS_A	
1	7200-10800	312-2475@44.5-2422@13.2	2475	2422	91	83	0	5	3	5.16	4.88		8.02	8.13	0.00	0.00		0.00	0.00	LOS_A	1	0.00	0.00	0			LOS_A	
1	7200-10800	312-2527@16.1-2391@3.4	2527	2391	194	158	0	28	8	1.35	1.20		2.13	1.72	0.00	0.00		0.00	0.00	LOS_A	1	0.00	0.00	0			LOS_A	
1	7200-10800	312-2527@16.1-24810@22.1	2527	24810	116	115	0	1	0	1.48	1.48		1.57		0.00	0.00		0.00		LOS_A	1	0.00	0.00	0			LOS_A	
1	7200-10800	312			1526	1383	6	106	31	0.96	0.93	1.19	1.23	1.60	0.00	0.00	0.00	0.00	0.00	LOS_A	1	0.00	0.00	0			LOS_A	
1	7200-10800	313-2394@59.8-2414@34.7	2394	2414	761	715	0	38	8	1.88	1.83		2.51	2.75	0.01	0.01		0.00	0.00	LOS_A	1	0.00	0.00	0			LOS_A	
1	7200-10800	313-2394@59.8-2418@36.3	2394	2418	113	101	0	8	4	1.10	1.13		0.94	0.84	0.00	0.00		0.00	0.00	LOS_A	1	0.00	0.00	0			LOS_A	
1	7200-10800	313-2401@29.1-2389@16.1	2401	2389	279	248	2	24	5	2.73	2.64	4.75	3.38	3.44	0.01	0.01	0.00	0.00	0.00	LOS_A	1	0.04	32.54	0			LOS_A	
1	7200-10800	313-2401@29.1-2418@36.3	2401	2418	493	452	1	35	5	0.30	0.30	0.78	0.32	0.33	0.00	0.00	0.00	0.00	0.00	LOS_A	1	0.00	0.00	0			LOS_A	
1	7200-10800	313-2416@14.9-2389@16.1	2416	2389	61	34	0	20	7	1.49	1.26		1.89	1.42	0.00	0.00		0.00	0.00	LOS_A	1	0.00	0.00	0			LOS_A	
1	7200-10800	313-2416@14.9-2414@34.7	2416	2414	652	598	5	37	12	1.35	1.38	0.00	1.28	0.59	0.01	0.01	0.00	0.00	0.00	LOS_A	1	0.00	0.00	0			LOS_A	
1	7200-10800	313			2359	2148	8	162	41	1.46	1.44	1.28	1.73	1.49	0.01	0.01	0.00	0.00	0.00	LOS_A	1	0.01	32.54	0			LOS_A	
1	7200-10800	314-2403@220.3-2402@17.0	2403	2402	34	34	0	0	0	0.56	0.56				0.00	0.00				LOS_A	1	0.00	0.00	0			LOS_A	
1	7200-10800	314-2403@220.3-2424@24.2	2403	2424	6	6	0	0	0	0.51	0.51				0.00	0.00				LOS_A	1	0.00	0.00	0			LOS_A	
1	7200-10800	314-2409@18.3-2410@13.9	2409	2410	40	40	0	0	0	0.45	0.45				0.00	0.00				LOS_A	1	0.00	0.00	0			LOS_A	
1	7200-10800	314-2409@18.3-2424@24.2	2409	2424	1373	1273	5	75	20	0.90	0.88	0.00	1.18	1.40	0.00	0.00	0.00	0.00	0.00	LOS_A	1	0.00	0.00	0			LOS_A	
1	7200-10800	314-2413@40.6-2402@17.0	2413	2402	738	666	3	59	10	0.93	0.91	1.61	1.07	1.27	0.00	0.00	0.00	0.00	0.00	LOS_A	1	0.00	0.00	0			LOS_A	
1	7200-10800	314-2413@40.6-2410@13.9	2413	2410	3	3	0	0	0	1.69	1.69				0.00	0.00				LOS_A	1	0.00	0.00	0			LOS_A	
1	7200-10800	314-2517@5.7-2517@54.4	2517	2517	0	0	0	0	0											LOS_A		0.00	0.00	0			LOS_A	
1	7200-10800	314			2194	2022	8	134	30	0.90	0.87	0.60	1.13	1.36	0.00	0.00	0.00	0.00	0.00	LOS_A	1	0.00	0.00	0			LOS_A	
1	7200-10800	315-2424@32.6-2426@30.8	2424	2426	1256	1170	5	65	16	0.16	0.16	0.00	0.29	0.15	0.00	0.00	0.00	0.00	0.00	LOS_A	1	0.00	0.00	0			LOS_A	
1	7200-10800	315-2424@32.6-2434@37.0	2424	2434	29	23	0	4	2	0.06	0.03		0.29	0.02	0.00	0.00		0.00	0.00	LOS_A	1	0.00	0.00	0			LOS_A	
1	7200-10800	315-2424@32.6-2439@33.6	2424	2439	94	86	0	6	2	0.22	0.19		0.49	0.66	0.00	0.00		0.00	0.00	LOS_A	1	0.00	0.00	0			LOS_A	
1	7200-10800	315-2430@18.6-2413@31.6	2430	2413	120	105	0	14	1	1.93	1.72		3.42	3.17	0.00	0.00		0.00	0.00	LOS_A	1	0.00	0.00	0			LOS_A	
1	7200-10800	315-2430@18.6-2426@30.8	2430	2426	15	14	0	1	0	0.59	0.41		3.08		0.00	0.00		0.00		LOS_A	1	0.00	0.00	0			LOS_A	
1	7200-10800	315-2430@18.6-2439@33.6	2430	2439	4	4	0	0	0	4.29	4.29				0.00	0.00				LOS_A	1	0.00	0.00	0			LOS_A	
1	7200-10800	315-2438@12.4-2413@31.6	2438	2413	25	19	0	6	0	0.42	0.43		0.38		0.00	0.00		0.00		LOS_A	1	0.00	0.00	0			LOS_A	
1	7200-10800	315-2438@12.4-2426@30.8	2438	2426	21	20	0	1	0	3.27	3.15		5.78		0.00	0.00		0.00		LOS_A	1	0.00	0.00	0			LOS_A	
1	7200-10800	315-2438@12.4-2434@37.0	2438	2434	12	12	0	0	0	5.17	5.17				0.00	0.00				LOS_A	1	0.00	0.00	0			LOS_A	
1	7200-10800	315-2442@2.5-2413@31.6	2442	2413	596	545	3	39	9	0.19	0.19	0.07	0.19	0.10	0.00	0.00	0.00	0.00	0.00	LOS_A	1	0.00	0.00	0			LOS_A	
1	7200-10800	315-2442@2.5-2434@37.0	2442	2434	37	35	0	2	0	1.04	1.01		1.45		0.20	0.21		0.00		LOS_A	1	0.00	0.00	0			LOS_A	
1	7200-10800	315-2442@2.5-2439@33.6	2442	2439	15	12	0	3	0	0.36	0.33		0.49		0.00	0.00		0.00		LOS_A	1	0.00	0.00	0			LOS_A	
1	7200-10800	315			2224	2045	8	141	30	0.35	0.33	0.03	0.66	0.26	0.00	0.00	0.00	0.00	0.00	LOS_A	1	0.00	0.00	0			LOS_A	
1	7200-10800	316			0	0	0	0	0											LOS_A				0			LOS_A	
1	7200-10800	317			0	0	0	0	0											LOS_A				0			LOS_A	
1	7200-10800	318			0	0	0	0	0											LOS_A				0			LOS_A	
1	7200-10800	319			0	0	0	0	0											LOS_A				0			LOS_A	
1	7200-10800	320			0	0	0	0	0											LOS_A				0			LOS_A	
1	7200-10800	322-2388@49.7-2387: Western Fwy  Deer Park Byp@24.8	2388	2387	340	282	2	44	12	1.25	1.26	2.30	1.15	1.07	0.02	0.03	0.00	0.00	0.00	LOS_A	1	0.00	0.00	0			LOS_A	
1	7200-10800	322-2397: Western Fwy  Deer Park Byp@854.3-2387: Western Fwy  Deer Park Byp@24.8	2397	2387	963	815	1	116	31	0.04	0.04	1.31	0.04	0.07	0.00	0.00	0.00	0.00	0.00	LOS_A	1	0.00	0.00	0			LOS_A	
1	7200-10800	322			1303	1097	3	160	43	0.36	0.35	1.97	0.35	0.35	0.01	0.01	0.00	0.00	0.00	LOS_A	1	0.00	0.00	0			LOS_A	
1	7200-10800	323-2479: Western Fwy  Deer Park Byp@45.3-2477@22.4	2479	2477	610	557	5	34	14	3.58	3.30	14.40	4.74	7.75	0.22	0.16	4.82	0.00	1.48	LOS_A	1	0.89	113.21	0			LOS_A	
1	7200-10800	323-2479: Western Fwy  Deer Park Byp@45.3-2478: Western Fwy  Deer Park Byp@24.6	2479	2478	1980	1882	4	65	29	0.63	0.62	0.16	0.46	1.70	0.01	0.01	0.00	0.00	0.30	LOS_A	1	0.89	113.21	0			LOS_A	
1	7200-10800	323			2590	2439	9	99	43	1.32	1.23	8.07	1.93	3.67	0.06	0.04	2.68	0.00	0.68	LOS_A	1	0.89	113.21	0			LOS_A	
1	7200-10800	324-2478: Western Fwy  Deer Park Byp@817.5-2483: Western Fwy  Deer Park Byp@32.3	2478	2483	1979	1881	4	65	29	0.12	0.12	0.18	0.13	0.19	0.00	0.00	0.00	0.00	0.00	LOS_A	1	0.00	0.00	0			LOS_A	
1	7200-10800	324-2485@35.4-2483: Western Fwy  Deer Park Byp@32.3	2485	2483	442	425	0	16	1	1.29	1.29		0.90	8.08	0.02	0.02		0.00	0.00	LOS_A	1	0.00	0.00	0			LOS_A	
1	7200-10800	324			2421	2306	4	81	30	0.34	0.34	0.18	0.28	0.45	0.00	0.00	0.00	0.00	0.00	LOS_A	1	0.00	0.00	0			LOS_A	
1	7200-10800	325-2398: Western Fwy  Deer Park Byp@29.7-2385@22.8	2398	2385	874	816	0	46	12	5.59	5.54		6.34	5.99	0.21	0.22		0.00	0.00	LOS_A	1	0.05	20.50	0			LOS_A	
1	7200-10800	325-2398: Western Fwy  Deer Park Byp@29.7-2397: Western Fwy  Deer Park Byp@22.4	2398	2397	963	815	1	116	31	0.27	0.26	1.85	0.31	0.38	0.00	0.00	0.00	0.00	0.00	LOS_A	1	0.05	20.50	0			LOS_A	
1	7200-10800	325			1837	1631	1	162	43	2.80	2.90	1.85	2.02	1.94	0.10	0.11	0.00	0.00	0.00	LOS_A	1	0.05	20.50	0			LOS_A	
1	7200-10800	326-2502: Western Fwy  Deer Park Byp@2131.3-271708: Western Fwy  Deer Park Byp@8.4	2502	271708	943	838	0	83	22	14.85	14.85		14.69	15.33	0.20	0.19		0.28	0.22	LOS_B	2	0.06	22.48	0			LOS_A	
1	7200-10800	326-2514: Western Fwy  Deer Park Byp@123.6-271708: Western Fwy  Deer Park Byp@8.4	2514	271708	894	793	1	79	21	14.90	14.76	21.90	16.84	12.24	0.17	0.15	0.00	0.41	0.10	LOS_B	2	0.13	33.80	0			LOS_A	
1	7200-10800	326			1837	1631	1	162	43	14.87	14.81	21.90	15.74	13.82	0.18	0.17	0.00	0.34	0.16	LOS_B	2	0.10	33.80	0			LOS_A	
1	7200-10800	327-2505: Western Fwy  Deer Park Byp@34.2-2506: Western Fwy  Deer Park Byp@21.2	2505	2506	1685	1589	4	67	25	0.38	0.38	0.11	0.25	0.78	0.05	0.05	0.00	0.00	0.00	LOS_A	1	6.68	346.16	0			LOS_A	
1	7200-10800	327-2505: Western Fwy  Deer Park Byp@34.2-2508: Western Fwy  Deer Park Byp@13.2	2505	2508	734	715	0	14	5	2.62	2.69		0.06	0.55	1.55	1.60		0.00	0.00	LOS_A	1	6.68	346.16	0			LOS_A	
1	7200-10800	327			2419	2304	4	81	30	1.06	1.09	0.11	0.22	0.74	0.51	0.53	0.00	0.00	0.00	LOS_A	1	6.68	346.16	0			LOS_A	
1	10800-14400	44-15@10.7-243: Ferris Rd  Melton Hwy@24.7	15	243	269	243	1	19	4	0.44	0.38	0.00	0.53	3.60	0.02	0.00	0.00	0.00	1.63	LOS_A	1	0.00	0.00	2	0.16	0.00	LOS_A	1
1	10800-14400	44-421: Ferris Rd@65.5-20@13.7	421	20	153	128	1	21	3	1.95	1.67	4.43	3.33	3.50	0.00	0.00	0.00	0.00	0.00	LOS_A	1	0.00	0.00	0			LOS_A	
1	10800-14400	44-421: Ferris Rd@65.5-243: Ferris Rd  Melton Hwy@24.7	421	243	543	497	0	32	12	0.41	0.42		0.39	0.13	0.00	0.00		0.00	0.00	LOS_A	1	0.00	0.00	2	0.00	0.00	LOS_A	1
1	10800-14400	44-682@2.4-420: Ferris Rd@77.1	682	420	245	210	1	29	5	0.22	0.21	0.17	0.31	0.05	0.00	0.00	0.00	0.00	0.00	LOS_A	1	0.00	0.00	0			LOS_A	
1	10800-14400	44-10393@15.0-19@37.7	10393	19	52	50	0	2	0	0.26	0.25		0.37		0.00	0.00		0.00		LOS_A	1	0.00	0.00	0			LOS_A	
1	10800-14400	44-10393@15.0-420: Ferris Rd@77.1	10393	420	317	300	1	13	1	0.17	0.15	0.27	0.35	1.11	0.00	0.00	0.00	0.00	0.00	LOS_A	1	0.00	0.00	2	0.24	0.00	LOS_A	1
1	10800-14400	44			1579	1428	4	116	25	0.48	0.43	1.22	0.92	1.11	0.00	0.00	0.00	0.00	0.26	LOS_A	1	0.00	0.00	6	0.14	0.00	LOS_A	1
1	10800-14400	45-499: Zone connector@162.8-95: Melton Hwy@34.7	499	95	5	5	0	0	0	0.06	0.06				0.00	0.00				LOS_A	1	0.00	0.00	0			LOS_A	
1	10800-14400	45-499: Zone connector@162.8-307: Melton Hwy@21.7	499	307	5	5	0	0	0	0.08	0.08				0.00	0.00				LOS_A	1	0.00	0.00	0			LOS_A	
1	10800-14400	45-499: Zone connector@162.8-363: Gateway Dr@34.4	499	363	0	0	0	0	0											LOS_A		0.00	0.00	0			LOS_A	
1	10800-14400	45-677: Melton Hwy@21.1-307: Melton Hwy@21.7	677	307	421	394	1	24	2	0.09	0.09	0.00	0.08	0.21	0.00	0.00	0.00	0.00	0.00	LOS_A	1	0.00	0.00	0			LOS_A	
1	10800-14400	45-677: Melton Hwy@21.1-363: Gateway Dr@34.4	677	363	12	12	0	0	0	1.06	1.06				0.00	0.00				LOS_A	1	0.00	0.00	0			LOS_A	
1	10800-14400	45-677: Melton Hwy@21.1-500: Zone connector@16.0	677	500	6	6	0	0	0	4.07	4.07				0.00	0.00				LOS_A	1	0.00	0.00	0			LOS_A	
1	10800-14400	45-680: Melton Hwy@12.0-95: Melton Hwy@34.7	680	95	369	344	1	17	7	0.23	0.24	0.00	0.22	0.03	0.00	0.00	0.00	0.00	0.00	LOS_A	1	0.00	0.00	0			LOS_A	
1	10800-14400	45-680: Melton Hwy@12.0-363: Gateway Dr@34.4	680	363	54	52	0	2	0	3.31	3.23		5.42		0.00	0.00		0.00		LOS_A	1	0.00	0.00	0			LOS_A	
1	10800-14400	45-680: Melton Hwy@12.0-500: Zone connector@16.0	680	500	35	34	0	1	0	6.72	6.69		7.58		0.00	0.00		0.00		LOS_A	1	0.00	0.00	0			LOS_A	
1	10800-14400	45-27136: Gateway Dr@1.7-95: Melton Hwy@34.7	27136	95	0	0	0	0	0											LOS_A		0.00	0.00	0			LOS_A	
1	10800-14400	45-27136: Gateway Dr@1.7-307: Melton Hwy@21.7	27136	307	6	6	0	0	0	0.12	0.12				0.00	0.00				LOS_A	1	0.00	0.00	0			LOS_A	
1	10800-14400	45-27136: Gateway Dr@1.7-500: Zone connector@16.0	27136	500	2	1	0	1	0	0.02	0.01		0.02		0.00	0.00		0.00		LOS_A	1	0.00	0.00	0			LOS_A	
1	10800-14400	45			915	859	2	45	9	0.63	0.64	0.00	0.53	0.07	0.00	0.00	0.00	0.00	0.00	LOS_A	1	0.00	0.00	0			LOS_A	
1	10800-14400	46-12: Hopkins Rd@68.7-44: Hopkins Rd@23.1	12	44	689	619	1	48	8	0.94	0.97	0.17	0.80	0.98	0.01	0.01	0.00	0.00	0.00	LOS_A	1	0.17	22.19	13	0.45	0.00	LOS_A	1
1	10800-14400	46-12: Hopkins Rd@68.7-104@37.0	12	104	154	142	2	8	2	1.31	1.37	0.12	0.83	0.24	0.38	0.42	0.00	0.00	0.00	LOS_A	1	0.17	22.19	0			LOS_A	
1	10800-14400	46-12: Hopkins Rd@68.7-428@34.4	12	428	20	20	0	0	0	0.14	0.14				0.00	0.00				LOS_A	1	0.17	22.19	0			LOS_A	
1	10800-14400	46-12: Hopkins Rd@68.7-1243: Hopkins Rd@4.1	12	1243	0	0	0	0	0											LOS_A		0.17	22.19	0			LOS_A	
1	10800-14400	46-255: Hopkins Rd@16.9-44: Hopkins Rd@23.1	255	44	0	0	0	0	0											LOS_A		0.00	0.00	0			LOS_A	
1	10800-14400	46-255: Hopkins Rd@16.9-104@37.0	255	104	119	115	0	2	0	0.71	0.72		0.44		0.00	0.00		0.00		LOS_A	1	0.00	0.00	2	0.39	0.00	LOS_A	1
1	10800-14400	46-255: Hopkins Rd@16.9-428@34.4	255	428	17	17	0	0	0	0.19	0.19				0.00	0.00				LOS_A	1	0.00	0.00	0			LOS_A	
1	10800-14400	46-255: Hopkins Rd@16.9-1243: Hopkins Rd@4.1	255	1243	480	428	1	29	9	0.57	0.57	0.85	0.52	0.56	0.00	0.00	0.00	0.00	0.00	LOS_A	1	0.00	0.00	13	0.79	0.00	LOS_A	1
1	10800-14400	46-257@10.6-44: Hopkins Rd@23.1	257	44	134	93	1	31	9	0.71	0.75	0.30	0.62	0.69	0.00	0.00	0.00	0.00	0.00	LOS_A	1	0.00	0.00	0			LOS_A	
1	10800-14400	46-257@10.6-104@37.0	257	104	0	0	0	0	0											LOS_A		0.00	0.00	0			LOS_A	
1	10800-14400	46-257@10.6-428@34.4	257	428	0	0	0	0	0											LOS_A		0.00	0.00	0			LOS_A	
1	10800-14400	46-257@10.6-1243: Hopkins Rd@4.1	257	1243	141	110	0	26	5	0.47	0.45		0.43	1.22	0.00	0.00		0.00	0.00	LOS_A	1	0.00	0.00	0			LOS_A	
1	10800-14400	46-429@91.6-44: Hopkins Rd@23.1	429	44	59	59	0	0	0	1.11	1.11				0.00	0.00				LOS_A	1	0.00	0.00	0			LOS_A	
1	10800-14400	46-429@91.6-104@37.0	429	104	0	0	0	0	0											LOS_A		0.00	0.00	0			LOS_A	
1	10800-14400	46-429@91.6-428@34.4	429	428	0	0	0	0	0											LOS_A		0.00	0.00	0			LOS_A	
1	10800-14400	46-429@91.6-1243: Hopkins Rd@4.1	429	1243	30	30	0	0	0	0.33	0.33				0.00	0.00				LOS_A	1	0.00	0.00	0			LOS_A	
1	10800-14400	46			1843	1633	5	144	33	0.79	0.81	0.31	0.63	0.78	0.04	0.04	0.00	0.00	0.00	LOS_A	1	0.04	22.19	28	0.61	0.00	LOS_A	1
1	10800-14400	47-4: Caroline Springs Blvd@6.8-212: Caroline Springs Blvd@4.7	4	212	818	774	1	22	4	3.36	3.05	2.09	2.64	1.78	0.23	0.24	0.00	0.05	0.00	LOS_A	1	1.04	102.40	17	18.76	0.00	LOS_C	3
1	10800-14400	47-4: Caroline Springs Blvd@6.8-446@6.0	4	446	0	0	0	0	0											LOS_A		1.04	102.40	0			LOS_A	
1	10800-14400	47-447@32.5-212: Caroline Springs Blvd@4.7	447	212	4	4	0	0	0	0.74	0.74				0.00	0.00				LOS_A	1	0.00	0.00	0			LOS_A	
1	10800-14400	47-887: Caroline Springs Blvd@16.4-448@12.1	887	448	553	489	1	39	7	0.34	0.29	0.00	0.23	0.12	0.00	0.00	0.00	0.00	0.00	LOS_A	1	0.00	0.00	17	2.17	0.00	LOS_A	1
1	10800-14400	47			1375	1267	2	61	11	2.14	1.98	1.04	1.10	0.72	0.14	0.15	0.00	0.02	0.00	LOS_A	1	0.35	102.40	34	10.47	0.00	LOS_B	2
1	10800-14400	49-351: Delma Rd@85.2-352: Eucumbene Dr@37.8	351	352	0	0	0	0	0											LOS_A		0.00	0.00	0			LOS_A	
1	10800-14400	49-351: Delma Rd@85.2-506: Zone connector@80.7	351	506	12	12	0	0	0	0.16	0.16				0.00	0.00				LOS_A	1	0.00	0.00	0			LOS_A	
1	10800-14400	49-353: Eucumbene Dr@275.9-350: Delma Rd@23.2	353	350	0	0	0	0	0											LOS_A		0.00	0.00	0			LOS_A	
1	10800-14400	49-353: Eucumbene Dr@275.9-506: Zone connector@80.7	353	506	57	57	0	0	0	0.07	0.07				0.00	0.00				LOS_A	1	0.00	0.00	0			LOS_A	
1	10800-14400	49-505: Zone connector@77.8-350: Delma Rd@23.2	505	350	24	22	0	2	0	0.07	0.07		0.10		0.00	0.00		0.00		LOS_A	1	0.00	0.00	0			LOS_A	
1	10800-14400	49-505: Zone connector@77.8-352: Eucumbene Dr@37.8	505	352	0	0	0	0	0											LOS_A		0.00	0.00	0			LOS_A	
1	10800-14400	49			93	91	0	2	0	0.08	0.08		0.10		0.00	0.00		0.00		LOS_A	1	0.00	0.00	0			LOS_A	
1	10800-14400	50-115: Western Hwy@22.9-209: Ballarat Rd  Western Hwy@28.7	115	209	522	504	0	15	3	0.30	0.29		0.46	1.52	0.00	0.00		0.00	0.00	LOS_A	1	0.00	0.00	0			LOS_A	
1	10800-14400	50-115: Western Hwy@22.9-283: Christies Rd@7.9	115	283	107	104	0	3	0	3.10	3.03		5.80		0.00	0.00		0.00		LOS_A	1	0.00	0.00	0			LOS_A	
1	10800-14400	50-461: Ballarat Rd  Western Hwy@7.1-114: Western Hwy@17.3	461	114	321	301	0	18	2	0.14	0.12		0.33	1.01	0.00	0.00		0.00	0.00	LOS_A	1	0.00	0.00	0			LOS_A	
1	10800-14400	50-461: Ballarat Rd  Western Hwy@7.1-209: Ballarat Rd  Western Hwy@28.7	461	209	20	18	0	2	0	0.68	0.66		0.84		0.00	0.00		0.00		LOS_A	1	0.00	0.00	0			LOS_A	
1	10800-14400	50-461: Ballarat Rd  Western Hwy@7.1-215: Caroline Springs Blvd@5.8	461	215	65	60	0	4	1	0.45	0.39		0.97	1.63	0.00	0.00		0.00	0.00	LOS_A	1	0.00	0.00	0			LOS_A	
1	10800-14400	50-648: Christies Rd@27.9-114: Western Hwy@17.3	648	114	30	27	0	3	0	0.39	0.34		0.84		0.00	0.00		0.00		LOS_A	1	0.00	0.00	0			LOS_A	
1	10800-14400	50-648: Christies Rd@27.9-209: Ballarat Rd  Western Hwy@28.7	648	209	76	65	0	9	2	3.18	2.79		5.53	5.53	0.00	0.00		0.00	0.00	LOS_A	1	0.00	0.00	0			LOS_A	
1	10800-14400	50-648: Christies Rd@27.9-215: Caroline Springs Blvd@5.8	648	215	275	228	1	25	4	0.56	0.55	0.00	0.68	0.88	0.00	0.00	0.00	0.00	0.00	LOS_A	1	0.00	0.00	17	0.49	0.00	LOS_A	1
1	10800-14400	50-649@8.2-283: Christies Rd@7.9	649	283	152	122	0	27	3	0.75	0.63		1.21	1.71	0.00	0.00		0.00	0.00	LOS_A	1	0.00	0.00	0			LOS_A	
1	10800-14400	50-651@22.8-215: Caroline Springs Blvd@5.8	651	215	213	201	0	10	2	0.58	0.52		1.51	1.73	0.00	0.00		0.00	0.00	LOS_A	1	0.00	0.00	0			LOS_A	
1	10800-14400	50-652: Caroline Springs Blvd@21.4-114: Western Hwy@17.3	652	114	93	87	1	5	0	1.03	0.97	2.78	1.79		0.00	0.00	0.00	0.00		LOS_A	1	0.00	0.00	0			LOS_A	
1	10800-14400	50-652: Caroline Springs Blvd@21.4-209: Ballarat Rd  Western Hwy@28.7	652	209	122	120	0	2	0	5.03	5.01		6.14		0.00	0.00		0.00		LOS_A	1	0.00	0.00	0			LOS_A	
1	10800-14400	50-652: Caroline Springs Blvd@21.4-283: Christies Rd@7.9	652	283	607	571	0	15	4	1.55	1.49		1.26	2.25	0.00	0.00		0.00	0.00	LOS_A	1	0.00	0.00	17	3.53	0.00	LOS_A	1
1	10800-14400	50			2603	2408	2	138	21	1.10	1.07	1.39	1.40	1.92	0.00	0.00	0.00	0.00	0.00	LOS_A	1	0.00	0.00	34	2.01	0.00	LOS_A	1
1	10800-14400	51-7: Ballarat Rd  Western Hwy@16.6-10: Ballarat Rd  Western Hwy@18.5	7	10	4	4	0	0	0	0.05	0.05				0.00	0.00				LOS_A	1	0.00	0.00	0			LOS_A	
1	10800-14400	51-7: Ballarat Rd  Western Hwy@16.6-385: Chisholm Dr@11.7	7	385	0	0	0	0	0											LOS_A		0.00	0.00	0			LOS_A	
1	10800-14400	51-7: Ballarat Rd  Western Hwy@16.6-670: Ballarat Rd  Western Hwy@1.4	7	670	2	2	0	0	0	1.22	1.22				0.00	0.00				LOS_A	1	0.00	0.00	0			LOS_A	
1	10800-14400	51-7: Ballarat Rd  Western Hwy@16.6-671: Panamax Rd@7.5	7	671	0	0	0	0	0											LOS_A		0.00	0.00	0			LOS_A	
1	10800-14400	51-347: Panamax Rd@4.8-10: Ballarat Rd  Western Hwy@18.5	347	10	99	91	0	7	1	0.50	0.53		0.09	0.27	0.00	0.00		0.00	0.00	LOS_A	1	0.00	0.00	0			LOS_A	
1	10800-14400	51-347: Panamax Rd@4.8-385: Chisholm Dr@11.7	347	385	15	14	0	1	0	1.43	1.47		0.87		0.00	0.00		0.00		LOS_A	1	0.00	0.00	0			LOS_A	
1	10800-14400	51-347: Panamax Rd@4.8-670: Ballarat Rd  Western Hwy@1.4	347	670	85	81	0	4	0	3.51	3.40		5.69		0.03	0.03		0.00		LOS_A	1	0.02	10.69	0			LOS_A	
1	10800-14400	51-360: Ballarat Rd  Western Hwy@55.2-10: Ballarat Rd  Western Hwy@18.5	360	10	672	646	0	23	3	0.45	0.45		0.33	1.30	0.00	0.00		0.00	0.00	LOS_A	1	0.00	0.00	0			LOS_A	
1	10800-14400	51-360: Ballarat Rd  Western Hwy@55.2-385: Chisholm Dr@11.7	360	385	20	17	0	3	0	2.46	2.24		3.70		0.06	0.07		0.00		LOS_A	1	0.00	0.00	0			LOS_A	
1	10800-14400	51-360: Ballarat Rd  Western Hwy@55.2-671: Panamax Rd@7.5	360	671	48	44	0	2	2	1.91	1.86		2.57	2.48	0.00	0.00		0.00	0.00	LOS_A	1	0.00	0.00	0			LOS_A	
1	10800-14400	51-673: Chisholm Dr@12.9-10: Ballarat Rd  Western Hwy@18.5	673	10	88	87	0	1	0	0.19	0.18		1.25		0.00	0.00		0.00		LOS_A	1	0.00	0.00	0			LOS_A	
1	10800-14400	51-673: Chisholm Dr@12.9-670: Ballarat Rd  Western Hwy@1.4	673	670	31	31	0	0	0	1.70	1.70				0.00	0.00				LOS_A	1	0.00	0.00	0			LOS_A	
1	10800-14400	51-673: Chisholm Dr@12.9-671: Panamax Rd@7.5	673	671	10	10	0	0	0	8.03	8.03				0.00	0.00				LOS_A	1	0.00	0.00	0			LOS_A	
1	10800-14400	51-885: Ballarat Rd  Western Hwy@6.9-10: Ballarat Rd  Western Hwy@18.5	885	10	0	0	0	0	0											LOS_A		0.00	0.00	0			LOS_A	
1	10800-14400	51-885: Ballarat Rd  Western Hwy@6.9-385: Chisholm Dr@11.7	885	385	5	5	0	0	0	3.16	3.16				0.00	0.00				LOS_A	1	0.00	0.00	0			LOS_A	
1	10800-14400	51-885: Ballarat Rd  Western Hwy@6.9-670: Ballarat Rd  Western Hwy@1.4	885	670	428	377	0	45	6	0.65	0.64		0.74	0.39	0.00	0.00		0.00	0.00	LOS_A	1	0.00	0.00	0			LOS_A	
1	10800-14400	51-885: Ballarat Rd  Western Hwy@6.9-671: Panamax Rd@7.5	885	671	81	74	0	7	0	2.24	1.96		5.22		0.00	0.00		0.00		LOS_A	1	0.00	0.00	0			LOS_A	
1	10800-14400	51			1588	1483	0	93	12	0.91	0.88		1.28	0.96	0.00	0.00		0.00	0.00	LOS_A	1	0.00	10.69	0			LOS_A	
1	10800-14400	52-928: Melton Hwy@4.6-182@17.4	928	182	278	251	0	23	2	0.27	0.27		0.36	0.19	0.00	0.00		0.00	0.00	LOS_A	1	0.00	0.00	2	0.56	0.00	LOS_A	1
1	10800-14400	52-928: Melton Hwy@4.6-308: Ferris Rd  Melton Hwy@32.7	928	308	310	293	1	14	0	0.28	0.29	0.01	0.11		0.00	0.00	0.00	0.00		LOS_A	1	0.00	0.00	2	0.06	0.00	LOS_A	1
1	10800-14400	52-2259: Ferris Rd  Melton Hwy@16.4-182@17.4	2259	182	267	234	0	24	9	3.13	2.97		4.02	4.88	0.00	0.00		0.00	0.00	LOS_A	1	0.00	0.00	0			LOS_A	
1	10800-14400	52-2259: Ferris Rd  Melton Hwy@16.4-200: Melton Hwy@86.6	2259	200	545	506	1	27	7	0.36	0.36	0.00	0.37	0.17	0.00	0.00	0.00	0.00	0.00	LOS_A	1	0.00	0.00	4	0.05	0.00	LOS_A	1
1	10800-14400	52-2260@39.2-200: Melton Hwy@86.6	2260	200	145	139	0	6	0	9.39	9.29		11.65		0.00	0.00		0.00		LOS_A	1	0.00	0.00	0			LOS_A	
1	10800-14400	52-2260@39.2-308: Ferris Rd  Melton Hwy@32.7	2260	308	59	57	0	1	1	0.25	0.25		0.29	0.25	0.00	0.00		0.00	0.00	LOS_A	1	0.00	0.00	0			LOS_A	
1	10800-14400	52			1604	1480	2	95	19	1.60	1.58	0.00	1.97	2.41	0.00	0.00	0.00	0.00	0.00	LOS_A	1	0.00	0.00	8	0.18	0.00	LOS_A	1
1	10800-14400	53-899: Melton Hwy@13.5-199: Melton Hwy@15.4	899	199	0	0	0	0	0											LOS_A		0.00	0.00	0			LOS_A	
1	10800-14400	53-899: Melton Hwy@13.5-301: High St@21.5	899	301	15	14	0	1	0	0.31	0.29		0.61		0.00	0.00		0.00		LOS_A	1	0.00	0.00	0			LOS_A	
1	10800-14400	53-899: Melton Hwy@13.5-376: High St@3.8	899	376	300	284	0	12	0	0.19	0.18		0.35		0.00	0.00		0.00		LOS_A	1	0.00	0.00	4	0.03	0.00	LOS_A	1
1	10800-14400	53-899: Melton Hwy@13.5-271619: Melton Hwy@15.3	899	271619	375	347	1	20	7	0.32	0.32	0.18	0.23	0.24	0.00	0.00	0.00	0.00	0.00	LOS_A	1	0.00	0.00	0			LOS_A	
1	10800-14400	53-900: High St@7.7-199: Melton Hwy@15.4	900	199	178	161	0	13	0	1.54	1.47		1.86		0.00	0.00		0.00		LOS_A	1	0.00	0.00	4	3.22	0.00	LOS_A	1
1	10800-14400	53-900: High St@7.7-301: High St@21.5	900	301	19	19	0	0	0	0.24	0.24				0.00	0.00				LOS_A	1	0.00	0.00	0			LOS_A	
1	10800-14400	53-900: High St@7.7-376: High St@3.8	900	376	0	0	0	0	0											LOS_A		0.00	0.00	0			LOS_A	
1	10800-14400	53-900: High St@7.7-271619: Melton Hwy@15.3	900	271619	78	78	0	0	0	4.50	4.50				0.00	0.00				LOS_A	1	0.00	0.00	0			LOS_A	
1	10800-14400	53-901: Melton Hwy@54.1-199: Melton Hwy@15.4	901	199	381	354	1	24	2	0.71	0.68	0.31	1.20	0.36	0.01	0.01	0.00	0.00	0.00	LOS_A	1	0.00	0.00	0			LOS_A	
1	10800-14400	53-901: Melton Hwy@54.1-301: High St@21.5	901	301	7	7	0	0	0	2.24	2.24				0.00	0.00				LOS_A	1	0.00	0.00	0			LOS_A	
1	10800-14400	53-901: Melton Hwy@54.1-376: High St@3.8	901	376	44	44	0	0	0	0.46	0.46				0.00	0.00				LOS_A	1	0.00	0.00	0			LOS_A	
1	10800-14400	53-901: Melton Hwy@54.1-271619: Melton Hwy@15.3	901	271619	0	0	0	0	0											LOS_A		0.00	0.00	0			LOS_A	
1	10800-14400	53-1241: High St@3.1-199: Melton Hwy@15.4	1241	199	29	29	0	0	0	1.70	1.70				0.00	0.00				LOS_A	1	0.00	0.00	0			LOS_A	
1	10800-14400	53-1241: High St@3.1-301: High St@21.5	1241	301	0	0	0	0	0											LOS_A		0.00	0.00	0			LOS_A	
1	10800-14400	53-1241: High St@3.1-376: High St@3.8	1241	376	10	10	0	0	0	0.08	0.08				0.00	0.00				LOS_A	1	0.00	0.00	0			LOS_A	
1	10800-14400	53-1241: High St@3.1-271619: Melton Hwy@15.3	1241	271619	5	5	0	0	0	0.43	0.43				0.00	0.00				LOS_A	1	0.00	0.00	0			LOS_A	
1	10800-14400	53			1441	1352	2	70	9	0.81	0.81	0.24	0.89	0.27	0.00	0.00	0.00	0.00	0.00	LOS_A	1	0.00	0.00	8	1.62	0.00	LOS_A	1
1	10800-14400	54-526: Ferris Rd@22.5-310@35.3	526	310	14	12	0	2	0	2.62	2.34		4.30		0.00	0.00		0.00		LOS_A	1	0.00	0.00	0			LOS_A	
1	10800-14400	54-526: Ferris Rd@22.5-421: Ferris Rd@15.4	526	421	0	0	0	0	0											LOS_A		0.00	0.00	0			LOS_A	
1	10800-14400	54-526: Ferris Rd@22.5-525: Ferris Rd@18.9	526	525	548	498	2	40	6	0.15	0.14	0.11	0.26	0.27	0.00	0.00	0.00	0.00	0.00	LOS_A	1	0.00	0.00	2	0.00	0.00	LOS_A	1
1	10800-14400	54-527: Zone connector@58.2-310@35.3	527	310	2	2	0	0	0	2.77	2.77				0.00	0.00				LOS_A	1	0.00	0.00	0			LOS_A	
1	10800-14400	54-527: Zone connector@58.2-421: Ferris Rd@15.4	527	421	680	613	1	49	15	0.52	0.50	2.15	0.82	0.49	0.00	0.00	0.00	0.00	0.00	LOS_A	1	0.00	0.00	2	0.01	0.00	LOS_A	1
1	10800-14400	54-528@5.7-421: Ferris Rd@15.4	528	421	16	12	0	4	0	2.41	1.64		4.73		0.00	0.00		0.00		LOS_A	1	0.00	0.00	0			LOS_A	
1	10800-14400	54-528@5.7-525: Ferris Rd@18.9	528	525	1	1	0	0	0	0.09	0.09				0.00	0.00				LOS_A	1	0.00	0.00	0			LOS_A	
1	10800-14400	54			1261	1138	3	95	21	0.41	0.38	0.79	0.82	0.43	0.00	0.00	0.00	0.00	0.00	LOS_A	1	0.00	0.00	4	0.01	0.00	LOS_A	1
1	10800-14400	58-600: Leakes Rd@50.8-273@50.4	600	273	274	266	0	7	1	0.64	0.60		1.98	1.37	0.03	0.04		0.00	0.00	LOS_A	1	0.00	0.00	0			LOS_A	
1	10800-14400	58-600: Leakes Rd@50.8-437: Leakes Rd@57.3	600	437	687	650	0	16	4	0.74	0.23		0.91	0.52	0.00	0.00		0.00	0.00	LOS_A	1	0.00	0.00	17	20.34	0.00	LOS_C	3
1	10800-14400	58-1263: Leakes Rd@67.9-271: Leakes Rd@3.2	1263	271	444	398	1	25	3	1.05	0.10	0.00	0.25	1.60	0.00	0.00	0.00	0.00	0.00	LOS_A	1	0.00	0.00	17	24.45	0.07	LOS_C	3
1	10800-14400	58-1263: Leakes Rd@67.9-273@50.4	1263	273	348	338	0	9	1	0.53	0.53		0.46	0.76	0.00	0.00		0.00	0.00	LOS_A	1	0.00	0.00	0			LOS_A	
1	10800-14400	58-2374@24.3-271: Leakes Rd@3.2	2374	271	111	103	0	7	1	3.32	3.08		6.38	6.78	0.00	0.00		0.00	0.00	LOS_A	1	0.00	0.00	0			LOS_A	
1	10800-14400	58-2374@24.3-437: Leakes Rd@57.3	2374	437	119	109	0	10	0	0.45	0.42		0.74		0.00	0.00		0.00		LOS_A	1	0.00	0.00	0			LOS_A	
1	10800-14400	58			1983	1864	1	74	10	0.89	0.48	0.00	1.23	1.58	0.01	0.01	0.00	0.00	0.00	LOS_A	1	0.00	0.00	34	22.40	0.04	LOS_C	3
1	10800-14400	59-271: Leakes Rd@241.4-401: Leakes Rd@29.1	271	401	555	501	1	32	4	0.19	0.09	0.00	0.56	0.20	0.00	0.00	0.00	0.00	0.00	LOS_A	1	0.00	0.00	17	2.66	0.00	LOS_A	1
1	10800-14400	59-443@92.7-270: Leakes Rd@23.7	443	270	116	116	0	0	0	0.17	0.17				0.00	0.00				LOS_A	1	0.00	0.00	0			LOS_A	
1	10800-14400	59-443@92.7-442@13.5	443	442	0	0	0	0	0											LOS_A		0.00	0.00	0			LOS_A	
1	10800-14400	59-605: Leakes Rd@51.1-270: Leakes Rd@23.7	605	270	845	800	0	23	5	0.36	0.37		0.30	0.25	0.00	0.00		0.00	0.00	LOS_A	1	0.00	0.00	17	0.03	0.00	LOS_A	1
1	10800-14400	59-605: Leakes Rd@51.1-442@13.5	605	442	9	9	0	0	0	0.09	0.09				0.00	0.00				LOS_A	1	0.00	0.00	0			LOS_A	
1	10800-14400	59			1525	1426	1	55	9	0.29	0.26	0.00	0.45	0.23	0.00	0.00	0.00	0.00	0.00	LOS_A	1	0.00	0.00	34	1.35	0.00	LOS_A	1
1	10800-14400	60-604: Leakes Rd@15.0-398: Taylors Rd@53.4	604	398	40	40	0	0	0	0.59	0.59				0.00	0.00				LOS_A	1	0.00	0.00	0			LOS_A	
1	10800-14400	60-604: Leakes Rd@15.0-402: Leakes Rd@43.0	604	402	631	607	0	19	5	0.09	0.09		0.07	0.06	0.00	0.00		0.00	0.00	LOS_A	1	0.00	0.00	0			LOS_A	
1	10800-14400	60-604: Leakes Rd@15.0-2146@76.1	604	2146	19	19	0	0	0	0.41	0.41				0.00	0.00				LOS_A	1	0.00	0.00	0			LOS_A	
1	10800-14400	60-938: Leakes Rd@26.5-398: Taylors Rd@53.4	938	398	304	268	0	19	0	0.73	0.69		1.18		0.00	0.00		0.01		LOS_A	1	0.00	0.00	17	0.91	0.00	LOS_A	1
1	10800-14400	60-938: Leakes Rd@26.5-402: Leakes Rd@43.0	938	402	6	5	0	1	0	5.60	5.28		7.21		0.00	0.00		0.00		LOS_A	1	0.00	0.00	0			LOS_A	
1	10800-14400	60-938: Leakes Rd@26.5-2146@76.1	938	2146	46	42	0	3	1	0.60	0.48		0.63	5.93	0.00	0.00		0.00	0.00	LOS_A	1	0.01	10.75	0			LOS_A	
1	10800-14400	60-938: Leakes Rd@26.5-27139: Leakes Rd@68.2	938	27139	199	186	1	9	3	0.08	0.07	0.34	0.27	0.00	0.00	0.00	0.00	0.00	0.00	LOS_A	1	0.00	0.00	0			LOS_A	
1	10800-14400	60-2149@32.7-398: Taylors Rd@53.4	2149	398	30	30	0	0	0	0.19	0.19				0.00	0.00				LOS_A	1	0.00	0.00	0			LOS_A	
1	10800-14400	60-2149@32.7-402: Leakes Rd@43.0	2149	402	96	96	0	0	0	2.65	2.65				0.00	0.00				LOS_A	1	0.00	0.00	0			LOS_A	
1	10800-14400	60-2149@32.7-27139: Leakes Rd@68.2	2149	27139	26	26	0	0	0	2.64	2.64				0.00	0.00				LOS_A	1	0.00	0.00	0			LOS_A	
1	10800-14400	60-271394: Taylors Rd@21.3-402: Leakes Rd@43.0	271394	402	121	101	0	3	0	1.97	1.42		3.11		0.00	0.00		0.00		LOS_A	1	0.00	0.00	17	5.04	0.00	LOS_A	1
1	10800-14400	60-271394: Taylors Rd@21.3-2146@76.1	271394	2146	16	16	0	0	0	0.02	0.02				0.00	0.00				LOS_A	1	0.00	0.00	0			LOS_A	
1	10800-14400	60-271394: Taylors Rd@21.3-27139: Leakes Rd@68.2	271394	27139	19	19	0	0	0	0.24	0.24				0.00	0.00				LOS_A	1	0.00	0.00	0			LOS_A	
1	10800-14400	60			1553	1455	1	54	9	0.62	0.55	0.34	0.83	0.69	0.00	0.00	0.00	0.00	0.00	LOS_A	1	0.00	10.75	34	2.98	0.00	LOS_A	1
1	10800-14400	61-539: Leakes Rd@105.5-438: Leakes Rd@41.9	539	438	84	77	1	6	0	0.15	0.14	0.16	0.16		0.00	0.00	0.00	0.00		LOS_A	1	0.00	0.00	0			LOS_A	
1	10800-14400	61-863: Leakes Rd@80.4-265@25.1	863	265	218	214	0	4	0	2.97	2.95		3.62		0.00	0.00		0.00		LOS_A	1	0.00	0.00	0			LOS_A	
1	10800-14400	61-863: Leakes Rd@80.4-435: Leakes Rd@21.2	863	435	588	545	0	22	4	1.20	1.01		0.98	0.00	0.00	0.00		0.00	0.00	LOS_A	1	0.00	0.00	17	7.96	0.00	LOS_A	1
1	10800-14400	61-2344: Leakes Rd@40.2-265@25.1	2344	265	205	190	0	13	2	0.13	0.14		0.12	0.09	0.00	0.00		0.00	0.00	LOS_A	1	0.00	0.00	0			LOS_A	
1	10800-14400	61-2344: Leakes Rd@40.2-438: Leakes Rd@41.9	2344	438	708	659	0	28	4	0.32	0.30		0.33	1.90	0.00	0.00		0.00	0.00	LOS_A	1	0.00	0.00	17	0.69	0.00	LOS_A	1
1	10800-14400	61-2345@108.7-435: Leakes Rd@21.2	2345	435	214	198	2	14	0	0.30	0.31	0.25	0.24		0.00	0.00	0.00	0.00		LOS_A	1	0.00	0.00	0			LOS_A	
1	10800-14400	61			2017	1883	3	87	10	0.83	0.78	0.22	0.59	0.78	0.00	0.00	0.00	0.00	0.00	LOS_A	1	0.00	0.00	34	4.33	0.00	LOS_A	1
1	10800-14400	62-267: Ian Cowie Way@65.6-264: Leakes Rd@17.3	267	264	2	2	0	0	0	0.09	0.09				0.00	0.00				LOS_A	1	0.00	0.00	0			LOS_A	
1	10800-14400	62-267: Ian Cowie Way@65.6-434: Leakes Rd@22.8	267	434	4	3	0	1	0	0.07	0.04		0.18		0.00	0.00		0.00		LOS_A	1	0.00	0.00	0			LOS_A	
1	10800-14400	62-538: Leakes Rd@89.6-264: Leakes Rd@17.3	538	264	130	97	0	1	0	0.20	0.22		0.02		0.00	0.00		0.00		LOS_A	1	0.00	0.00	32	0.14	0.00	LOS_A	1
1	10800-14400	62-538: Leakes Rd@89.6-268: Ian Cowie Way@17.3	538	268	5	5	0	0	0	0.05	0.05				0.00	0.00				LOS_A	1	0.00	0.00	0			LOS_A	
1	10800-14400	62-864: Leakes Rd@39.3-268: Ian Cowie Way@17.3	864	268	2	2	0	0	0	2.30	2.30				0.00	0.00				LOS_A	1	0.00	0.00	0			LOS_A	
1	10800-14400	62-864: Leakes Rd@39.3-434: Leakes Rd@22.8	864	434	158	123	0	3	0	0.24	0.23		0.14		0.00	0.00		0.00		LOS_A	1	0.00	0.00	32	0.29	0.00	LOS_A	1
1	10800-14400	62			301	232	0	5	0	0.23	0.23		0.12		0.00	0.00		0.00		LOS_A	1	0.00	0.00	64	0.22	0.00	LOS_A	1
1	10800-14400	63-374: Westcott Pde@100.7-263: Leakes Rd@9.1	374	263	50	49	0	1	0	0.05	0.04		0.34		0.00	0.00		0.00		LOS_A	1	0.00	0.00	0			LOS_A	
1	10800-14400	63-374: Westcott Pde@100.7-372: Leakes Rd@14.9	374	372	0	0	0	0	0											LOS_A		0.00	0.00	0			LOS_A	
1	10800-14400	63-542: Leakes Rd@34.5-372: Leakes Rd@14.9	542	372	95	62	0	1	0	0.05	0.06		0.02		0.00	0.00		0.00		LOS_A	1	0.00	0.00	32	0.04	0.00	LOS_A	1
1	10800-14400	63-542: Leakes Rd@34.5-375: Westcott Pde@26.6	542	375	37	37	0	0	0	0.07	0.07				0.00	0.00				LOS_A	1	0.00	0.00	0			LOS_A	
1	10800-14400	63-543: Leakes Rd@6.7-263: Leakes Rd@9.1	543	263	110	76	0	2	0	0.12	0.12		0.00		0.00	0.00		0.00		LOS_A	1	0.00	0.00	32	0.13	0.00	LOS_A	1
1	10800-14400	63-543: Leakes Rd@6.7-375: Westcott Pde@26.6	543	375	0	0	0	0	0											LOS_A		0.00	0.00	0			LOS_A	
1	10800-14400	63			292	224	0	4	0	0.08	0.08		0.09		0.00	0.00		0.00		LOS_A	1	0.00	0.00	64	0.08	0.00	LOS_A	1
1	10800-14400	66-622: Neales Rd W@46.2-34: Neales Rd W@22.7	622	34	0	0	0	0	0											LOS_A		0.00	0.00	0			LOS_A	
1	10800-14400	66-622: Neales Rd W@46.2-232: Hopkins Rd@9.0	622	232	133	127	0	4	0	0.47	0.40		2.14		0.00	0.00		0.00		LOS_A	1	0.00	0.00	2	2.06	0.00	LOS_A	1
1	10800-14400	66-622: Neales Rd W@46.2-910: Melton Hwy@30.7	622	910	3	3	0	0	0	0.22	0.22				0.00	0.00				LOS_A	1	0.00	0.00	0			LOS_A	
1	10800-14400	66-897: Hopkins Rd@13.5-35: Neales Rd W@48.6	897	35	79	72	0	5	0	1.22	1.11		2.55		0.00	0.00		0.00		LOS_A	1	0.00	0.00	2	1.96	0.00	LOS_A	1
1	10800-14400	66-897: Hopkins Rd@13.5-910: Melton Hwy@30.7	897	910	350	295	1	31	10	0.76	0.15	0.02	0.13	0.50	0.01	0.00	0.00	0.00	0.00	LOS_A	1	0.00	0.00	13	16.40	0.30	LOS_C	3
1	10800-14400	66-908: Melton Hwy@56.5-34: Neales Rd W@22.7	908	34	0	0	0	0	0											LOS_A		0.00	0.00	0			LOS_A	
1	10800-14400	66-908: Melton Hwy@56.5-35: Neales Rd W@48.6	908	35	0	0	0	0	0											LOS_A		0.00	0.00	0			LOS_A	
1	10800-14400	66-908: Melton Hwy@56.5-232: Hopkins Rd@9.0	908	232	565	528	2	17	5	0.74	0.67	0.41	0.88	0.60	0.00	0.00	0.00	0.00	0.00	LOS_A	1	0.00	0.00	13	3.42	0.00	LOS_A	1
1	10800-14400	66-2206: Neales Rd W@67.0-35: Neales Rd W@48.6	2206	35	15	15	0	0	0	1.64	1.64				0.00	0.00				LOS_A	1	0.00	0.00	0			LOS_A	
1	10800-14400	66-2206: Neales Rd W@67.0-232: Hopkins Rd@9.0	2206	232	116	106	0	7	3	3.82	3.64		5.68	5.78	0.00	0.00		0.00	0.00	LOS_A	1	0.00	0.00	0			LOS_A	
1	10800-14400	66-2206: Neales Rd W@67.0-910: Melton Hwy@30.7	2206	910	1	1	0	0	0	0.17	0.17				0.00	0.00				LOS_A	1	0.00	0.00	0			LOS_A	
1	10800-14400	66-271701@14.9-34: Neales Rd W@22.7	271701	34	81	59	0	19	3	0.98	0.74		1.53	2.15	0.00	0.00		0.00	0.00	LOS_A	1	0.00	0.00	0			LOS_A	
1	10800-14400	66			1343	1206	3	83	21	1.04	0.82	0.28	1.31	1.52	0.00	0.00	0.00	0.00	0.00	LOS_A	1	0.00	0.00	30	8.85	0.13	LOS_A	1
1	10800-14400	67-230: Hopkins Rd@80.5-37@39.6	230	37	333	319	1	10	3	0.83	0.83	0.53	0.74	0.51	0.00	0.00	0.00	0.00	0.00	LOS_A	1	0.00	0.00	0			LOS_A	
1	10800-14400	67-230: Hopkins Rd@80.5-426: Hopkins Rd@27.0	230	426	481	442	1	18	5	2.58	2.20	5.09	2.12	1.01	0.01	0.01	0.00	0.00	0.00	LOS_A	1	0.00	0.00	15	14.64	0.00	LOS_B	2
1	10800-14400	67-427: Hopkins Rd@65.2-231: Hopkins Rd@8.0	427	231	431	351	1	53	13	0.27	0.16	0.02	0.73	0.43	0.00	0.00	0.00	0.00	0.00	LOS_A	1	0.00	0.00	13	1.20	0.00	LOS_A	1
1	10800-14400	67-946@14.4-231: Hopkins Rd@8.0	946	231	79	75	0	2	0	0.23	0.23		0.24		0.00	0.00		0.00		LOS_A	1	0.00	0.00	2	0.36	0.00	LOS_A	1
1	10800-14400	67-946@14.4-426: Hopkins Rd@27.0	946	426	135	118	0	13	4	0.42	0.41		0.38	0.76	0.00	0.00		0.00	0.00	LOS_A	1	0.00	0.00	0			LOS_A	
1	10800-14400	67			1459	1305	3	96	25	1.17	1.04	1.88	0.93	0.61	0.00	0.00	0.00	0.00	0.00	LOS_A	1	0.00	0.00	30	7.86	0.00	LOS_A	1
1	10800-14400	68-252: Hopkins Rd@35.3-55: Hopkins Rd@43.4	252	55	539	474	1	45	13	0.72	0.73	0.29	0.58	1.03	0.00	0.00	0.00	0.00	0.00	LOS_A	1	0.00	0.00	6	0.47	0.00	LOS_A	1
1	10800-14400	68-252: Hopkins Rd@35.3-66: Meskos Rd@23.0	252	66	67	55	0	5	0	4.26	4.00		4.20		0.00	0.00		0.00		LOS_A	1	0.00	0.00	7	6.31	0.00	LOS_A	1
1	10800-14400	68-252: Hopkins Rd@35.3-82: Sheahan Rd@25.9	252	82	45	39	0	5	1	3.71	3.52		5.01	4.63	0.00	0.00		0.00	0.00	LOS_A	1	0.00	0.00	0			LOS_A	
1	10800-14400	68-2153: Sheahan Rd@17.6-12: Hopkins Rd@3.8	2153	12	23	18	0	3	2	5.37	4.82		7.07	7.75	0.00	0.00		0.00	0.00	LOS_A	1	0.00	0.00	0			LOS_A	
1	10800-14400	68-2153: Sheahan Rd@17.6-55: Hopkins Rd@43.4	2153	55	5	5	0	0	0	2.49	2.49				0.00	0.00				LOS_A	1	0.00	0.00	0			LOS_A	
1	10800-14400	68-2153: Sheahan Rd@17.6-66: Meskos Rd@23.0	2153	66	0	0	0	0	0											LOS_A		0.03	34.44	0			LOS_A	
1	10800-14400	68-2157: Hopkins Rd@4.7-12: Hopkins Rd@3.8	2157	12	796	734	3	47	6	0.72	0.72	0.97	0.79	0.66	0.00	0.00	0.00	0.00	0.00	LOS_A	1	0.00	0.00	6	0.36	0.00	LOS_A	1
1	10800-14400	68-2157: Hopkins Rd@4.7-66: Meskos Rd@23.0	2157	66	26	25	0	1	0	2.62	2.50		5.62		0.00	0.00		0.00		LOS_A	1	0.00	0.00	0			LOS_A	
1	10800-14400	68-2157: Hopkins Rd@4.7-82: Sheahan Rd@25.9	2157	82	22	22	0	0	0	4.14	4.14				0.00	0.00				LOS_A	1	0.00	0.00	0			LOS_A	
1	10800-14400	68-2195: Meskos Rd@18.4-12: Hopkins Rd@3.8	2195	12	44	29	0	6	2	1.56	0.44		2.87	2.83	0.00	0.00		0.00	0.00	LOS_A	1	0.00	0.00	7	4.71	0.00	LOS_A	1
1	10800-14400	68-2195: Meskos Rd@18.4-55: Hopkins Rd@43.4	2195	55	6	5	0	0	1	3.10	2.59			5.68	0.00	0.00			0.00	LOS_A	1	0.00	0.00	0			LOS_A	
1	10800-14400	68-2195: Meskos Rd@18.4-82: Sheahan Rd@25.9	2195	82	1	1	0	0	0	0.01	0.01				0.00	0.00				LOS_A	1	0.00	0.00	0			LOS_A	
1	10800-14400	68			1574	1407	4	112	25	1.14	1.07	0.80	1.37	1.95	0.00	0.00	0.00	0.00	0.00	LOS_A	1	0.00	34.44	26	3.16	0.00	LOS_A	1
1	10800-14400	69-290: Caroline Springs Blvd@7.8-60: Caroline Springs Blvd@15.2	290	60	0	0	0	0	0											LOS_A		0.00	0.00	0			LOS_A	
1	10800-14400	69-290: Caroline Springs Blvd@7.8-291: Caroline Springs Blvd@13.3	290	291	502	441	1	36	7	0.34	0.28	0.30	0.26	0.22	0.00	0.00	0.00	0.00	0.00	LOS_A	1	0.00	0.00	17	1.91	0.00	LOS_A	1
1	10800-14400	69-290: Caroline Springs Blvd@7.8-293: Chisholm Dr@13.5	290	293	13	11	0	2	0	0.40	0.42		0.30		0.00	0.00		0.00		LOS_A	1	0.00	0.00	0			LOS_A	
1	10800-14400	69-290: Caroline Springs Blvd@7.8-431: Springlake Ave@15.6	290	431	13	12	0	1	0	1.56	1.57		1.35		0.00	0.00		0.00		LOS_A	1	0.00	0.00	0			LOS_A	
1	10800-14400	69-292: Caroline Springs Blvd@170.8-60: Caroline Springs Blvd@15.2	292	60	696	654	1	20	4	1.23	0.86	2.88	1.38	1.17	0.00	0.00	0.00	0.00	0.00	LOS_A	1	0.00	0.00	17	15.43	0.04	LOS_C	3
1	10800-14400	69-292: Caroline Springs Blvd@170.8-291: Caroline Springs Blvd@13.3	292	291	0	0	0	0	0											LOS_A		0.00	0.00	0			LOS_A	
1	10800-14400	69-292: Caroline Springs Blvd@170.8-293: Chisholm Dr@13.5	292	293	0	0	0	0	0											LOS_A		0.00	0.00	0			LOS_A	
1	10800-14400	69-292: Caroline Springs Blvd@170.8-431: Springlake Ave@15.6	292	431	8	8	0	0	0	0.81	0.81				0.00	0.00				LOS_A	1	0.00	0.00	0			LOS_A	
1	10800-14400	69-294: Chisholm Dr@69.6-60: Caroline Springs Blvd@15.2	294	60	46	46	0	0	0	0.43	0.43				0.00	0.00				LOS_A	1	0.00	0.00	0			LOS_A	
1	10800-14400	69-294: Chisholm Dr@69.6-291: Caroline Springs Blvd@13.3	294	291	0	0	0	0	0											LOS_A		0.00	0.00	0			LOS_A	
1	10800-14400	69-294: Chisholm Dr@69.6-293: Chisholm Dr@13.5	294	293	0	0	0	0	0											LOS_A		0.00	0.00	0			LOS_A	
1	10800-14400	69-294: Chisholm Dr@69.6-431: Springlake Ave@15.6	294	431	0	0	0	0	0											LOS_A		0.00	0.00	0			LOS_A	
1	10800-14400	69-430: Springlake Ave@96.9-60: Caroline Springs Blvd@15.2	430	60	50	48	0	2	0	0.41	0.41		0.48		0.00	0.00		0.00		LOS_A	1	0.00	0.00	0			LOS_A	
1	10800-14400	69-430: Springlake Ave@96.9-291: Caroline Springs Blvd@13.3	430	291	16	16	0	0	0	0.14	0.14				0.00	0.00				LOS_A	1	0.00	0.00	0			LOS_A	
1	10800-14400	69-430: Springlake Ave@96.9-293: Chisholm Dr@13.5	430	293	0	0	0	0	0											LOS_A		0.00	0.00	0			LOS_A	
1	10800-14400	69-430: Springlake Ave@96.9-431: Springlake Ave@15.6	430	431	0	0	0	0	0											LOS_A		0.00	0.00	0			LOS_A	
1	10800-14400	69			1344	1236	2	61	11	0.82	0.61	1.59	0.65	0.56	0.00	0.00	0.00	0.00	0.00	LOS_A	1	0.00	0.00	34	8.67	0.02	LOS_A	1
1	10800-14400	70-352: Eucumbene Dr@292.9-111: Christies Rd@15.7	352	111	0	0	0	0	0											LOS_A		0.00	0.00	0			LOS_A	
1	10800-14400	70-647: Christies Rd@8.4-111: Christies Rd@15.7	647	111	817	748	0	45	7	1.37	1.38		1.15	2.24	0.02	0.02		0.00	0.00	LOS_A	1	0.00	0.00	17	0.90	0.00	LOS_A	1
1	10800-14400	70-647: Christies Rd@8.4-353: Eucumbene Dr@18.0	647	353	49	49	0	0	0	1.35	1.35				0.00	0.00				LOS_A	1	0.00	0.00	0			LOS_A	
1	10800-14400	70-647: Christies Rd@8.4-1920@12.9	647	1920	0	0	0	0	0											LOS_A		0.00	0.00	0			LOS_A	
1	10800-14400	70-891: Christies Rd@8.7-287: Christies Rd@20.9	891	287	381	320	1	37	6	0.96	0.98	0.00	1.10	1.25	0.00	0.00	0.00	0.00	0.00	LOS_A	1	0.00	0.00	17	0.28	0.00	LOS_A	1
1	10800-14400	70-891: Christies Rd@8.7-353: Eucumbene Dr@18.0	891	353	8	8	0	0	0	5.93	5.93				0.00	0.00				LOS_A	1	0.00	0.00	0			LOS_A	
1	10800-14400	70-891: Christies Rd@8.7-1920@12.9	891	1920	0	0	0	0	0											LOS_A		0.00	0.00	0			LOS_A	
1	10800-14400	70-1919@25.6-287: Christies Rd@20.9	1919	287	0	0	0	0	0											LOS_A		0.00	0.00	0			LOS_A	
1	10800-14400	70			1255	1125	1	82	13	1.27	1.30	0.00	1.13	1.78	0.01	0.02	0.00	0.00	0.00	LOS_A	1	0.00	0.00	34	0.59	0.00	LOS_A	1
1	10800-14400	71-111: Christies Rd@84.9-129@9.8	111	129	433	417	0	15	1	0.12	0.11		0.17	0.33	0.00	0.00		0.00	0.00	LOS_A	1	0.00	0.00	0			LOS_A	
1	10800-14400	71-111: Christies Rd@84.9-282: Christies Rd@12.4	111	282	384	331	0	30	6	0.29	0.28		0.29	0.94	0.00	0.00		0.00	0.00	LOS_A	1	0.00	0.00	17	0.20	0.00	LOS_A	1
1	10800-14400	71-274: Christies Rd@5.8-112: Christies Rd@6.8	274	112	389	328	1	37	6	1.87	1.97	0.00	1.42	2.33	0.00	0.00	0.00	0.00	0.00	LOS_A	1	0.00	0.00	17	0.85	0.00	LOS_A	1
1	10800-14400	71-274: Christies Rd@5.8-129@9.8	274	129	67	31	2	30	4	3.73	2.89	5.38	4.32	4.89	0.00	0.00	0.00	0.00	0.00	LOS_A	1	0.00	0.00	0			LOS_A	
1	10800-14400	71			1273	1107	3	112	17	0.90	0.79	3.58	1.73	2.32	0.00	0.00	0.00	0.00	0.00	LOS_A	1	0.00	0.00	34	0.52	0.00	LOS_A	1
1	10800-14400	72-279: Christies Rd@96.9-280: Christies Rd@44.5	279	280	0	0	0	0	0											LOS_A		0.00	0.00	0			LOS_A	
1	10800-14400	72-279: Christies Rd@96.9-394: Christies Rd@15.7	279	394	249	206	0	21	5	1.35	1.46		1.00	0.68	0.02	0.02		0.00	0.00	LOS_A	1	0.00	0.00	17	0.70	0.00	LOS_A	1
1	10800-14400	72-279: Christies Rd@96.9-626: Palm Springs Rd@75.1	279	626	135	125	0	9	1	2.19	2.26		1.37	1.08	0.06	0.06		0.00	0.00	LOS_A	1	0.00	0.00	0			LOS_A	
1	10800-14400	72-393: Christies Rd@348.6-280: Christies Rd@44.5	393	280	212	148	2	39	6	1.40	1.53	0.25	1.29	0.37	0.00	0.00	0.00	0.00	0.00	LOS_A	1	0.00	0.00	17	0.98	0.00	LOS_A	1
1	10800-14400	72-393: Christies Rd@348.6-394: Christies Rd@15.7	393	394	0	0	0	0	0											LOS_A		0.00	0.00	0			LOS_A	
1	10800-14400	72-393: Christies Rd@348.6-626: Palm Springs Rd@75.1	393	626	26	26	0	0	0	1.15	1.15				0.00	0.00				LOS_A	1	0.00	0.00	0			LOS_A	
1	10800-14400	72-625: Palm Springs Rd@88.9-280: Christies Rd@44.5	625	280	63	46	1	14	2	0.63	0.64	0.24	0.61	0.82	0.00	0.00	0.00	0.00	0.00	LOS_A	1	0.00	0.00	0			LOS_A	
1	10800-14400	72-625: Palm Springs Rd@88.9-394: Christies Rd@15.7	625	394	6	6	0	0	0	0.56	0.56				0.00	0.00				LOS_A	1	0.00	0.00	0			LOS_A	
1	10800-14400	72-625: Palm Springs Rd@88.9-626: Palm Springs Rd@75.1	625	626	0	0	0	0	0											LOS_A		0.00	0.00	0			LOS_A	
1	10800-14400	72-1914@136.2-280: Christies Rd@44.5	1914	280	181	165	0	14	2	2.43	2.45		2.38	0.94	0.01	0.01		0.05	0.00	LOS_A	1	0.03	17.09	0			LOS_A	
1	10800-14400	72-1914@136.2-394: Christies Rd@15.7	1914	394	85	47	2	27	9	1.08	1.05	1.38	0.68	2.36	0.06	0.05	0.00	0.00	0.34	LOS_A	1	0.03	17.09	0			LOS_A	
1	10800-14400	72-1914@136.2-626: Palm Springs Rd@75.1	1914	626	77	59	4	8	6	1.61	1.66	1.96	1.02	1.74	0.02	0.02	0.00	0.00	0.00	LOS_A	1	0.03	17.09	0			LOS_A	
1	10800-14400	72			1034	828	9	132	31	1.60	1.72	1.26	1.15	1.35	0.02	0.02	0.00	0.00	0.10	LOS_A	1	0.01	17.09	34	0.84	0.00	LOS_A	1
1	10800-14400	73-350: Delma Rd@97.2-464: Ballarat Rd  Western Hwy@8.8	350	464	24	22	0	2	0	0.05	0.04		0.14		0.00	0.00		0.00		LOS_A	1	0.00	0.00	0			LOS_A	
1	10800-14400	73-663: Ballarat Rd  Western Hwy@46.8-351: Delma Rd@11.2	663	351	12	12	0	0	0	2.49	2.49				0.00	0.00				LOS_A	1	0.00	0.00	0			LOS_A	
1	10800-14400	73-663: Ballarat Rd  Western Hwy@46.8-464: Ballarat Rd  Western Hwy@8.8	663	464	534	479	0	49	6	0.16	0.13		0.42	0.50	0.00	0.00		0.00	0.00	LOS_A	1	0.00	0.00	0			LOS_A	
1	10800-14400	73			570	513	0	51	6	0.20	0.18		0.41	0.50	0.00	0.00		0.00	0.00	LOS_A	1	0.00	0.00	0			LOS_A	
1	10800-14400	76-911@130.2-404: Hopkins Rd@29.7	911	404	7	7	0	0	0	0.10	0.10				0.00	0.00				LOS_A	1	0.00	0.00	0			LOS_A	
1	10800-14400	76-911@130.2-408: Hopkins Rd@16.0	911	408	106	106	0	0	0	0.32	0.32				0.00	0.00				LOS_A	1	0.00	0.00	0			LOS_A	
1	10800-14400	76-913: Hopkins Rd@4.0-408: Hopkins Rd@16.0	913	408	738	675	3	48	6	1.27	1.29	0.29	1.12	1.67	0.01	0.01	0.00	0.00	0.00	LOS_A	1	0.00	0.00	6	0.12	0.00	LOS_A	1
1	10800-14400	76-913: Hopkins Rd@4.0-912@27.4	913	912	19	19	0	0	0	5.42	5.42				0.00	0.00				LOS_A	1	0.00	0.00	0			LOS_A	
1	10800-14400	76-948: Hopkins Rd@33.1-404: Hopkins Rd@29.7	948	404	505	439	1	45	14	0.15	0.16	1.04	0.13	0.09	0.00	0.00	0.00	0.00	0.00	LOS_A	1	0.00	0.00	6	0.11	0.00	LOS_A	1
1	10800-14400	76-948: Hopkins Rd@33.1-912@27.4	948	912	45	45	0	0	0	1.40	1.40				0.00	0.00				LOS_A	1	0.00	0.00	0			LOS_A	
1	10800-14400	76			1420	1291	4	93	20	0.85	0.88	0.48	0.64	0.56	0.01	0.01	0.00	0.00	0.00	LOS_A	1	0.00	0.00	12	0.12	0.00	LOS_A	1
1	10800-14400	77-208: Western Fwy@25.5-84: Western Fwy@15.9	208	84	1503	1417	4	52	30	0.98	0.98	1.36	1.14	0.52	0.00	0.00	0.00	0.00	0.00	LOS_A	1	0.17	51.16	0			LOS_A	
1	10800-14400	77-208: Western Fwy@25.5-180@16.3	208	180	204	196	0	7	1	3.23	3.05		7.76	5.39	0.01	0.00		0.21	0.00	LOS_A	1	0.17	51.16	0			LOS_A	
1	10800-14400	77			1707	1613	4	59	31	1.25	1.23	1.36	1.92	0.67	0.00	0.00	0.00	0.03	0.00	LOS_A	1	0.17	51.16	0			LOS_A	
1	10800-14400	78-84: Western Fwy@896.6-203: Western Fwy@19.3	84	203	1505	1419	4	52	30	0.12	0.12	0.36	0.09	0.07	0.00	0.00	0.00	0.00	0.00	LOS_A	1	0.00	0.00	0			LOS_A	
1	10800-14400	78-529@72.8-203: Western Fwy@19.3	529	203	545	485	0	47	11	3.73	3.80		3.26	3.54	0.09	0.06		0.17	0.97	LOS_A	1	0.00	0.00	2	0.88	0.00	LOS_A	1
1	10800-14400	78			2050	1904	4	99	41	1.08	1.06	0.36	1.59	1.00	0.02	0.02	0.00	0.08	0.26	LOS_A	1	0.00	0.00	2	0.88	0.00	LOS_A	1
1	10800-14400	79-184: Western Fwy@928.7-205: Western Fwy@68.7	184	205	1216	1114	9	55	38	0.26	0.26	0.56	0.22	0.33	0.00	0.00	0.00	0.00	0.00	LOS_A	1	0.00	0.00	0			LOS_A	
1	10800-14400	79-333@86.1-205: Western Fwy@68.7	333	205	205	178	1	23	3	0.74	0.69	1.03	1.09	0.67	0.00	0.00	0.00	0.00	0.00	LOS_A	1	0.00	0.00	0			LOS_A	
1	10800-14400	79			1421	1292	10	78	41	0.33	0.32	0.61	0.48	0.36	0.00	0.00	0.00	0.00	0.00	LOS_A	1	0.00	0.00	0			LOS_A	
1	10800-14400	80-424: Western Fwy@14.2-184: Western Fwy@85.3	424	184	1215	1113	9	55	38	0.31	0.30	0.43	0.40	0.45	0.00	0.00	0.00	0.00	0.00	LOS_A	1	0.00	0.00	0			LOS_A	
1	10800-14400	80-424: Western Fwy@14.2-337@9.9	424	337	514	453	2	48	9	0.49	0.47	0.41	0.59	0.78	0.00	0.00	0.00	0.00	0.00	LOS_A	1	0.00	0.00	2	0.18	0.00	LOS_A	1
1	10800-14400	80			1729	1566	11	103	47	0.36	0.35	0.43	0.49	0.51	0.00	0.00	0.00	0.00	0.00	LOS_A	1	0.00	0.00	2	0.18	0.00	LOS_A	1
1	10800-14400	81-532: Western Hwy@54.1-334: Western Hwy@32.3	532	334	1932	1786	4	99	41	0.13	0.13	0.00	0.21	0.09	0.00	0.00	0.00	0.00	0.00	LOS_A	1	0.00	0.00	2	0.00	0.00	LOS_A	1
1	10800-14400	81-532: Western Hwy@54.1-481@40.2	532	481	116	116	0	0	0	4.63	4.63				0.00	0.00				LOS_A	1	0.00	0.00	0			LOS_A	
1	10800-14400	81			2048	1902	4	99	41	0.39	0.41	0.00	0.21	0.09	0.00	0.00	0.00	0.00	0.00	LOS_A	1	0.00	0.00	2	0.00	0.00	LOS_A	1
1	10800-14400	82-334: Western Hwy@655.0-72: Western Hwy@13.2	334	72	1932	1786	4	99	41	0.10	0.10	0.13	0.12	0.09	0.00	0.00	0.00	0.00	0.00	LOS_A	1	0.00	0.00	2	0.00	0.00	LOS_A	1
1	10800-14400	82-482@267.1-72: Western Hwy@13.2	482	72	91	91	0	0	0	0.04	0.04				0.00	0.00				LOS_A	1	0.00	0.00	0			LOS_A	
1	10800-14400	82			2023	1877	4	99	41	0.10	0.10	0.13	0.12	0.09	0.00	0.00	0.00	0.00	0.00	LOS_A	1	0.00	0.00	2	0.00	0.00	LOS_A	1
1	10800-14400	83-313: Western Hwy@40.0-103: Western Hwy@23.6	313	103	1793	1665	4	82	40	0.34	0.33	0.10	0.54	0.38	0.00	0.00	0.00	0.00	0.00	LOS_A	1	0.00	20.88	2	1.48	0.00	LOS_A	1
1	10800-14400	83-313: Western Hwy@40.0-174@14.4	313	174	230	212	0	17	1	3.76	3.51		6.78	6.56	0.00	0.00		0.00	0.00	LOS_A	1	0.00	20.88	0			LOS_A	
1	10800-14400	83			2023	1877	4	99	41	0.73	0.69	0.10	1.61	0.53	0.00	0.00	0.00	0.00	0.00	LOS_A	1	0.00	20.88	2	1.48	0.00	LOS_A	1
1	10800-14400	84-161@132.7-99: Western Hwy@9.8	161	99	423	404	0	17	2	0.08	0.08		0.08	0.06	0.00	0.00		0.00	0.00	LOS_A	1	0.00	0.00	0			LOS_A	
1	10800-14400	84-187: Western Hwy@837.8-99: Western Hwy@9.8	187	99	1306	1162	11	86	45	0.05	0.05	0.13	0.08	0.05	0.00	0.00	0.00	0.00	0.00	LOS_A	1	0.00	0.00	2	0.02	0.00	LOS_A	1
1	10800-14400	84			1729	1566	11	103	47	0.06	0.06	0.13	0.08	0.05	0.00	0.00	0.00	0.00	0.00	LOS_A	1	0.00	0.00	2	0.02	0.00	LOS_A	1
1	10800-14400	85-103: Western Hwy@963.6-90: Western Hwy@22.8	103	90	1790	1662	4	82	40	0.91	0.89	1.11	1.13	1.24	0.00	0.00	0.00	0.00	0.00	LOS_A	1	0.00	0.00	2	0.47	0.00	LOS_A	1
1	10800-14400	85-2380@33.8-90: Western Hwy@22.8	2380	90	621	603	0	16	2	1.83	1.84		1.54	1.46	0.03	0.03		0.00	0.00	LOS_A	1	0.00	0.00	0			LOS_A	
1	10800-14400	85			2411	2265	4	98	42	1.15	1.14	1.11	1.20	1.25	0.01	0.01	0.00	0.00	0.00	LOS_A	1	0.00	0.00	2	0.47	0.00	LOS_A	1
1	10800-14400	86-323: Western Hwy@19.6-159@11.7	323	159	298	275	3	20	0	0.11	0.11	0.39	0.05		0.00	0.00	0.00	0.00		LOS_A	1	0.00	0.00	0			LOS_A	
1	10800-14400	86-323: Western Hwy@19.6-187: Western Hwy@33.1	323	187	1306	1162	11	86	45	0.12	0.11	0.34	0.17	0.17	0.00	0.00	0.00	0.00	0.00	LOS_A	1	0.00	0.00	2	0.02	0.00	LOS_A	1
1	10800-14400	86			1604	1437	14	106	45	0.12	0.11	0.35	0.15	0.17	0.00	0.00	0.00	0.00	0.00	LOS_A	1	0.00	0.00	2	0.02	0.00	LOS_A	1
1	10800-14400	87-343: Western Hwy@756.7-154: Western Hwy@6.0	343	154	1548	1381	14	106	45	0.04	0.04	0.11	0.05	0.05	0.00	0.00	0.00	0.00	0.00	LOS_A	1	0.00	0.00	2	0.00	0.00	LOS_A	1
1	10800-14400	87-480@343.6-154: Western Hwy@6.0	480	154	55	55	0	0	0	0.01	0.01				0.00	0.00				LOS_A	1	0.00	0.00	0			LOS_A	
1	10800-14400	87			1603	1436	14	106	45	0.04	0.04	0.11	0.05	0.05	0.00	0.00	0.00	0.00	0.00	LOS_A	1	0.00	0.00	2	0.00	0.00	LOS_A	1
1	10800-14400	88-955: Western Fwy@13.7-343: Western Hwy@21.1	955	343	1548	1381	14	106	45	0.09	0.08	0.26	0.13	0.17	0.00	0.00	0.00	0.00	0.00	LOS_A	1	0.00	0.00	2	0.00	0.00	LOS_A	1
1	10800-14400	88-955: Western Fwy@13.7-479@7.3	955	479	0	0	0	0	0											LOS_A		0.00	0.00	0			LOS_A	
1	10800-14400	88			1548	1381	14	106	45	0.09	0.08	0.26	0.13	0.17	0.00	0.00	0.00	0.00	0.00	LOS_A	1	0.00	0.00	2	0.00	0.00	LOS_A	1
1	10800-14400	89-228: Western Fwy@25.7-108@38.1	228	108	214	193	0	15	4	3.92	3.57		6.79	8.60	0.00	0.00		0.00	0.00	LOS_A	1	0.00	0.00	2	6.72	0.00	LOS_A	1
1	10800-14400	89-228: Western Fwy@25.7-194: Western Fwy@23.1	228	194	2191	2066	4	83	38	0.38	0.37	0.04	0.58	0.15	0.00	0.00	0.00	0.00	0.00	LOS_A	1	0.00	0.00	0			LOS_A	
1	10800-14400	89			2405	2259	4	98	42	0.69	0.65	0.04	1.53	0.95	0.00	0.00	0.00	0.00	0.00	LOS_A	1	0.00	0.00	2	6.72	0.00	LOS_A	1
1	10800-14400	90-104@749.4-417: Western Fwy@10.9	104	417	273	257	2	10	2	0.06	0.06	0.02	0.05	0.03	0.00	0.00	0.00	0.00	0.00	LOS_A	1	0.00	0.00	2	0.02	0.00	LOS_A	1
1	10800-14400	90-196: Western Fwy@1280.5-417: Western Fwy@10.9	196	417	1275	1124	12	96	43	0.05	0.05	0.08	0.05	0.05	0.00	0.00	0.00	0.00	0.00	LOS_A	1	0.00	0.00	0			LOS_A	
1	10800-14400	90			1548	1381	14	106	45	0.05	0.05	0.07	0.05	0.05	0.00	0.00	0.00	0.00	0.00	LOS_A	1	0.00	0.00	2	0.02	0.00	LOS_A	1
1	10800-14400	91-260: Hopkins Rd@76.3-419@20.9	260	419	451	420	1	26	4	1.35	1.24	2.91	3.03	2.47	0.00	0.00	0.00	0.00	0.00	LOS_A	1	0.00	0.00	0			LOS_A	
1	10800-14400	91-260: Hopkins Rd@76.3-427: Hopkins Rd@13.9	260	427	431	351	1	53	13	0.12	0.11	0.03	0.17	0.14	0.00	0.00	0.00	0.00	0.00	LOS_A	1	0.00	0.00	13	0.04	0.00	LOS_A	1
1	10800-14400	91-426: Hopkins Rd@79.1-43: Hopkins Rd@14.4	426	43	616	560	1	31	9	0.73	0.73	1.64	0.71	0.33	0.00	0.00	0.00	0.00	0.00	LOS_A	1	0.00	0.00	15	0.70	0.00	LOS_A	1
1	10800-14400	91			1498	1331	3	110	26	0.74	0.73	1.52	1.00	0.56	0.00	0.00	0.00	0.00	0.00	LOS_A	1	0.00	0.00	28	0.39	0.00	LOS_A	1
1	10800-14400	92-43: Hopkins Rd@153.1-43: Hopkins Rd@182.8	43	43	616	560	1	31	9	0.56	0.57	1.49	0.58	0.38	0.00	0.00	0.00	0.00	0.00	LOS_A	1	0.00	0.00	15	0.37	0.00	LOS_A	1
1	10800-14400	92-194: Western Fwy@606.2-1907: Western Fwy@12.3	194	1907	2191	2066	4	83	38	0.64	0.63	1.07	0.87	0.73	0.00	0.00	0.00	0.00	0.00	LOS_A	1	0.00	0.00	0			LOS_A	
1	10800-14400	92-414: Hopkins Rd@174.6-414: Hopkins Rd@204.8	414	414	882	771	2	79	17	0.31	0.33	0.09	0.21	0.10	0.00	0.00	0.00	0.00	0.00	LOS_A	1	0.00	0.00	13	0.05	0.00	LOS_A	1
1	10800-14400	92-1906@89.9-1907: Western Fwy@12.3	1906	1907	783	738	2	36	7	8.04	8.12	2.65	7.20	5.29	0.06	0.06	0.00	0.09	0.15	LOS_A	1	0.63	51.53	0			LOS_A	
1	10800-14400	92			4472	4135	9	229	71	1.86	1.90	1.25	1.60	0.98	0.01	0.01	0.00	0.01	0.01	LOS_A	1	0.16	51.53	28	0.22	0.00	LOS_A	1
1	10800-14400	93-224: Western Fwy@24.6-149@43.1	224	149	275	203	1	57	14	0.08	0.09	0.00	0.02	0.12	0.00	0.00	0.00	0.00	0.00	LOS_A	1	0.00	0.00	0			LOS_A	
1	10800-14400	93-224: Western Fwy@24.6-196: Western Fwy@41.3	224	196	1275	1124	12	96	43	0.11	0.11	0.13	0.13	0.15	0.00	0.00	0.00	0.00	0.00	LOS_A	1	0.00	0.00	0			LOS_A	
1	10800-14400	93			1550	1327	13	153	57	0.11	0.11	0.12	0.09	0.14	0.00	0.00	0.00	0.00	0.00	LOS_A	1	0.00	0.00	0			LOS_A	
1	10800-14400	94-949: Western Fwy@23.0-136@6.0	949	136	842	809	0	28	5	0.19	0.18		0.40	0.51	0.00	0.00		0.00	0.00	LOS_A	1	0.00	0.00	0			LOS_A	
1	10800-14400	94-949: Western Fwy@23.0-389: Western Fwy  Deer Park Byp@4.2	949	389	2128	1991	6	91	40	0.25	0.24	0.60	0.44	0.45	0.00	0.00	0.00	0.00	0.00	LOS_A	1	0.00	0.00	0			LOS_A	
1	10800-14400	94			2970	2800	6	119	45	0.23	0.22	0.60	0.43	0.45	0.00	0.00	0.00	0.00	0.00	LOS_A	1	0.00	0.00	0			LOS_A	
1	10800-14400	95-952: Western Hwy@59.0-1039: Western Fwy@18.1	952	1039	444	415	1	26	2	0.65	0.66	0.15	0.54	0.35	0.01	0.01	0.00	0.00	0.00	LOS_A	1	0.00	0.00	0			LOS_A	
1	10800-14400	95-1038: Western Fwy  Deer Park Byp@184.1-1039: Western Fwy@18.1	1038	1039	1106	912	12	127	55	0.54	0.49	1.05	0.74	0.74	0.00	0.00	0.00	0.00	0.00	LOS_A	1	0.00	0.00	0			LOS_A	
1	10800-14400	95			1550	1327	13	153	57	0.57	0.55	0.98	0.71	0.73	0.00	0.00	0.00	0.00	0.00	LOS_A	1	0.00	0.00	0			LOS_A	
1	10800-14400	96-1904@24.9-147: Western Fwy  Deer Park Byp@16.1	1904	147	500	448	2	45	5	1.13	1.18	0.00	0.67	0.89	0.03	0.03	0.00	0.01	0.00	LOS_A	1	0.00	0.00	0			LOS_A	
1	10800-14400	96-24821: Western Fwy  Deer Park Byp@1488.1-147: Western Fwy  Deer Park Byp@16.1	24821	147	2128	1991	6	91	40	0.09	0.09	0.00	0.10	0.04	0.00	0.00	0.00	0.00	0.00	LOS_A	1	0.00	0.00	0			LOS_A	
1	10800-14400	96			2628	2439	8	136	45	0.29	0.29	0.00	0.29	0.14	0.01	0.01	0.00	0.00	0.00	LOS_A	1	0.00	0.00	0			LOS_A	
1	10800-14400	97-240: Western Fwy  Deer Park Byp@38.0-126@16.7	240	126	343	271	6	49	17	3.69	3.19	6.14	5.32	6.04	0.03	0.03	0.00	0.00	0.05	LOS_A	1	0.02	17.84	0			LOS_A	
1	10800-14400	97-240: Western Fwy  Deer Park Byp@38.0-189: Western Fwy  Deer Park Byp@8.6	240	189	1106	912	12	127	55	0.42	0.40	0.34	0.40	0.73	0.00	0.00	0.00	0.00	0.00	LOS_A	1	0.02	17.84	0			LOS_A	
1	10800-14400	97			1449	1183	18	176	72	1.19	1.04	2.28	1.77	1.98	0.01	0.01	0.00	0.00	0.01	LOS_A	1	0.02	17.84	0			LOS_A	
1	10800-14400	98-91: Ballarat Rd  Western Hwy@67.3-362: Ballarat Rd  Western Hwy@13.4	91	362	740	707	0	28	5	0.12	0.11		0.20	0.43	0.00	0.00		0.00	0.00	LOS_A	1	0.00	0.00	0			LOS_A	
1	10800-14400	98-92: Ballarat Rd  Western Hwy@8.7-362: Ballarat Rd  Western Hwy@13.4	92	362	0	0	0	0	0											LOS_A		0.00	0.00	0			LOS_A	
1	10800-14400	98			740	707	0	28	5	0.12	0.11		0.20	0.43	0.00	0.00		0.00	0.00	LOS_A	1	0.00	0.00	0			LOS_A	
1	10800-14400	99-209: Ballarat Rd  Western Hwy@46.4-1: Ballarat Rd  Western Hwy@6.6	209	1	740	707	0	28	5	0.09	0.09		0.07	0.29	0.00	0.00		0.00	0.00	LOS_A	1	0.00	0.00	0			LOS_A	
1	10800-14400	99-209: Ballarat Rd  Western Hwy@46.4-2: Ballarat Rd  Western Hwy@6.5	209	2	0	0	0	0	0											LOS_A		0.00	0.00	0			LOS_A	
1	10800-14400	99			740	707	0	28	5	0.09	0.09		0.07	0.29	0.00	0.00		0.00	0.00	LOS_A	1	0.00	0.00	0			LOS_A	
1	10800-14400	100-1141@18.3-1143@28.5	1141	1143	0	0	0	0	0											LOS_A		0.00	0.00	0			LOS_A	
1	10800-14400	100-1141@18.3-1147@16.5	1141	1147	79	76	0	3	0	0.71	0.69		1.09		0.00	0.00		0.00		LOS_A	1	0.00	0.00	0			LOS_A	
1	10800-14400	100-1141@18.3-1152@26.0	1141	1152	88	78	0	5	5	0.34	0.36		0.24	0.22	0.00	0.00		0.00	0.00	LOS_A	1	0.00	0.00	0			LOS_A	
1	10800-14400	100-1141@18.3-1158@25.0	1141	1158	158	154	0	4	0	0.44	0.44		0.23		0.00	0.00		0.00		LOS_A	1	0.00	0.00	0			LOS_A	
1	10800-14400	100-1146@382.0-1143@28.5	1146	1143	91	90	0	1	0	1.05	1.05		0.43		0.00	0.00		0.00		LOS_A	1	0.00	0.00	0			LOS_A	
1	10800-14400	100-1146@382.0-1147@16.5	1146	1147	0	0	0	0	0											LOS_A		0.00	0.00	0			LOS_A	
1	10800-14400	100-1146@382.0-1152@26.0	1146	1152	62	58	0	4	0	0.35	0.36		0.25		0.00	0.00		0.00		LOS_A	1	0.00	0.00	0			LOS_A	
1	10800-14400	100-1146@382.0-1158@25.0	1146	1158	2	0	0	2	0	0.75			0.75		0.00			0.00		LOS_A	1	0.00	0.00	0			LOS_A	
1	10800-14400	100-1159@120.5-1143@28.5	1159	1143	187	185	0	2	0	0.49	0.49		0.26		0.00	0.00		0.00		LOS_A	1	0.00	0.00	0			LOS_A	
1	10800-14400	100-1159@120.5-1147@16.5	1159	1147	71	68	0	3	0	0.37	0.37		0.45		0.00	0.00		0.00		LOS_A	1	0.00	0.00	0			LOS_A	
1	10800-14400	100-1159@120.5-1152@26.0	1159	1152	60	60	0	0	0	0.46	0.46				0.00	0.00				LOS_A	1	0.00	0.00	0			LOS_A	
1	10800-14400	100-1159@120.5-1158@25.0	1159	1158	0	0	0	0	0											LOS_A		0.00	0.00	0			LOS_A	
1	10800-14400	100-1234@184.1-1143@28.5	1234	1143	102	96	0	5	1	0.81	0.83		0.37	1.16	0.00	0.00		0.00	0.00	LOS_A	1	0.00	0.00	0			LOS_A	
1	10800-14400	100-1234@184.1-1147@16.5	1234	1147	164	161	0	3	0	0.59	0.58		0.85		0.00	0.00		0.00		LOS_A	1	0.00	0.00	0			LOS_A	
1	10800-14400	100-1234@184.1-1152@26.0	1234	1152	0	0	0	0	0											LOS_A		0.00	0.00	0			LOS_A	
1	10800-14400	100-1234@184.1-1158@25.0	1234	1158	68	68	0	0	0	0.49	0.49				0.00	0.00				LOS_A	1	0.00	0.00	0			LOS_A	
1	10800-14400	100			1132	1094	0	32	6	0.56	0.56		0.46	0.38	0.00	0.00		0.00	0.00	LOS_A	1	0.00	0.00	0			LOS_A	
1	10800-14400	101-1144@12.5-1140@37.3	1144	1140	0	0	0	0	0											LOS_A		0.00	0.00	0			LOS_A	
1	10800-14400	101-1144@12.5-1168@28.2	1144	1168	6	6	0	0	0	0.96	0.96				0.00	0.00				LOS_A	1	0.00	0.00	0			LOS_A	
1	10800-14400	101-1144@12.5-1170@29.6	1144	1170	187	186	0	1	0	0.35	0.35		0.37		0.00	0.00		0.00		LOS_A	1	0.00	0.00	0			LOS_A	
1	10800-14400	101-1144@12.5-1171@32.9	1144	1171	187	179	0	7	1	1.21	1.25		0.45	0.08	0.00	0.00		0.00	0.00	LOS_A	1	0.00	0.00	0			LOS_A	
1	10800-14400	101-1167@141.4-1140@37.3	1167	1140	3	2	0	1	0	0.25	0.35		0.06		0.00	0.00		0.00		LOS_A	1	0.00	0.00	0			LOS_A	
1	10800-14400	101-1167@141.4-1168@28.2	1167	1168	0	0	0	0	0											LOS_A		0.00	0.00	0			LOS_A	
1	10800-14400	101-1167@141.4-1170@29.6	1167	1170	27	27	0	0	0	0.27	0.27				0.00	0.00				LOS_A	1	0.00	0.00	0			LOS_A	
1	10800-14400	101-1167@141.4-1171@32.9	1167	1171	32	32	0	0	0	0.23	0.23				0.00	0.00				LOS_A	1	0.00	0.00	0			LOS_A	
1	10800-14400	101-1169@143.9-1140@37.3	1169	1140	140	131	0	6	3	0.45	0.43		0.95	0.26	0.00	0.00		0.00	0.00	LOS_A	1	0.00	0.00	0			LOS_A	
1	10800-14400	101-1169@143.9-1168@28.2	1169	1168	8	8	0	0	0	0.10	0.10				0.00	0.00				LOS_A	1	0.00	0.00	0			LOS_A	
1	10800-14400	101-1169@143.9-1170@29.6	1169	1170	0	0	0	0	0											LOS_A		0.00	0.00	0			LOS_A	
1	10800-14400	101-1169@143.9-1171@32.9	1169	1171	34	34	0	0	0	0.38	0.38				0.00	0.00				LOS_A	1	0.00	0.00	0			LOS_A	
1	10800-14400	101-1172@137.6-1140@37.3	1172	1140	182	175	0	5	2	0.77	0.79		0.26	0.25	0.00	0.00		0.00	0.00	LOS_A	1	0.00	0.00	0			LOS_A	
1	10800-14400	101-1172@137.6-1168@28.2	1172	1168	20	20	0	0	0	0.19	0.19				0.00	0.00				LOS_A	1	0.00	0.00	0			LOS_A	
1	10800-14400	101-1172@137.6-1170@29.6	1172	1170	19	19	0	0	0	2.06	2.06				0.00	0.00				LOS_A	1	0.00	0.00	0			LOS_A	
1	10800-14400	101-1172@137.6-1171@32.9	1172	1171	0	0	0	0	0											LOS_A		0.00	0.00	0			LOS_A	
1	10800-14400	101			845	819	0	20	6	0.68	0.68		0.53	0.23	0.00	0.00		0.00	0.00	LOS_A	1	0.00	0.00	0			LOS_A	
1	10800-14400	102-1150@427.0-1155@20.3	1150	1155	23	22	0	1	0	0.20	0.20		0.28		0.00	0.00		0.00		LOS_A	1	0.00	0.00	0			LOS_A	
1	10800-14400	102-1150@427.0-1156@9.2	1150	1156	144	141	0	3	0	0.60	0.61		0.14		0.00	0.00		0.00		LOS_A	1	0.00	0.00	0			LOS_A	
1	10800-14400	102-1154@88.9-1153@11.3	1154	1153	126	122	0	4	0	0.39	0.40		0.18		0.00	0.00		0.00		LOS_A	1	0.00	0.00	0			LOS_A	
1	10800-14400	102-1154@88.9-1155@20.3	1154	1155	61	52	0	4	5	1.42	1.17		2.76	2.94	0.00	0.00		0.00	0.00	LOS_A	1	0.00	0.00	0			LOS_A	
1	10800-14400	102-1157@97.7-1153@11.3	1157	1153	56	56	0	0	0	0.18	0.18				0.00	0.00				LOS_A	1	0.00	0.00	0			LOS_A	
1	10800-14400	102-1157@97.7-1156@9.2	1157	1156	112	107	0	4	1	0.23	0.23		0.35	0.09	0.00	0.00		0.00	0.00	LOS_A	1	0.00	0.00	0			LOS_A	
1	10800-14400	102			522	500	0	16	6	0.50	0.47		0.87	2.47	0.00	0.00		0.00	0.00	LOS_A	1	0.00	0.00	0			LOS_A	
1	10800-14400	103			0	0	0	0	0											LOS_A				0			LOS_A	
1	10800-14400	104			0	0	0	0	0											LOS_A				0			LOS_A	
1	10800-14400	105			0	0	0	0	0											LOS_A				0			LOS_A	
1	10800-14400	106			0	0	0	0	0											LOS_A				0			LOS_A	
1	10800-14400	107			0	0	0	0	0											LOS_A				0			LOS_A	
1	10800-14400	108			0	0	0	0	0											LOS_A				0			LOS_A	
1	10800-14400	109			0	0	0	0	0											LOS_A				0			LOS_A	
1	10800-14400	113			0	0	0	0	0											LOS_A				0			LOS_A	
1	10800-14400	114-1081@150.5-1125@21.0	1081	1125	391	348	0	8	4	3.04	1.92		1.32	2.36	0.01	0.01		0.00	0.00	LOS_A	1	0.00	0.00	31	16.20	0.00	LOS_C	3
1	10800-14400	114-1081@150.5-1128@12.2	1081	1128	210	199	0	11	0	2.56	2.41		5.16		0.02	0.02		0.00		LOS_A	1	0.00	0.00	0			LOS_A	
1	10800-14400	114-1129@3.3-1130@26.0	1129	1130	334	308	1	13	12	3.50	3.37	5.59	4.82	5.17	0.00	0.00	0.00	0.00	0.00	LOS_A	1	0.00	0.00	0			LOS_A	
1	10800-14400	114-1132@5.3-1125@21.0	1132	1125	139	138	0	1	0	0.26	0.26		0.23		0.00	0.00		0.00		LOS_A	1	0.00	0.00	0			LOS_A	
1	10800-14400	114-1240: Western Fwy@6.0-1128@12.2	1240	1128	63	61	0	2	0	0.39	0.39		0.45		0.00	0.00		0.00		LOS_A	1	0.00	0.00	0			LOS_A	
1	10800-14400	114-1240: Western Fwy@6.0-1130@26.0	1240	1130	140	109	0	0	0	0.30	0.21				0.00	0.00				LOS_A	1	0.00	0.00	31	0.61	0.00	LOS_A	1
1	10800-14400	114			1277	1163	1	35	16	2.35	1.95	5.59	3.75	4.47	0.01	0.01	0.00	0.00	0.00	LOS_A	1	0.00	0.00	62	8.40	0.00	LOS_A	1
1	10800-14400	115-1092: Western Fwy@41.4-1091@18.2	1092	1091	384	371	0	13	0	2.15	2.06		4.65		0.00	0.00		0.00		LOS_A	1	0.00	0.00	0			LOS_A	
1	10800-14400	115-1092: Western Fwy@41.4-1093: Western Fwy@20.0	1092	1093	1126	1054	4	45	23	0.72	0.70	0.31	1.00	1.32	0.00	0.00	0.00	0.00	0.00	LOS_A	1	0.00	0.00	0			LOS_A	
1	10800-14400	115			1510	1425	4	58	23	1.09	1.05	0.31	1.82	1.32	0.00	0.00	0.00	0.00	0.00	LOS_A	1	0.00	0.00	0			LOS_A	
1	10800-14400	116-1134: Western Fwy@853.1-1137: Western Fwy@29.6	1134	1137	949	847	9	64	29	0.04	0.04	0.32	0.02	0.01	0.00	0.00	0.00	0.00	0.00	LOS_A	1	0.00	0.00	0			LOS_A	
1	10800-14400	116-1139@39.2-1137: Western Fwy@29.6	1139	1137	273	260	0	13	0	0.15	0.11		1.10		0.00	0.00		0.00		LOS_A	1	0.00	0.00	0			LOS_A	
1	10800-14400	116			1222	1107	9	77	29	0.07	0.06	0.32	0.20	0.01	0.00	0.00	0.00	0.00	0.00	LOS_A	1	0.00	0.00	0			LOS_A	
1	10800-14400	117-1093: Western Fwy@887.1-1118: Western Fwy@20.0	1093	1118	1124	1052	4	45	23	0.27	0.27	0.31	0.27	0.28	0.00	0.00	0.00	0.00	0.00	LOS_A	1	0.00	0.00	0			LOS_A	
1	10800-14400	117-1117@115.1-1118: Western Fwy@20.0	1117	1118	583	561	0	14	8	0.53	0.53		0.50	0.67	0.00	0.00		0.00	0.00	LOS_A	1	0.00	0.00	0			LOS_A	
1	10800-14400	117			1707	1613	4	59	31	0.36	0.36	0.31	0.33	0.38	0.00	0.00	0.00	0.00	0.00	LOS_A	1	0.00	0.00	0			LOS_A	
1	10800-14400	118-1135: Western Fwy@35.7-1134: Western Fwy@6.5	1135	1134	948	846	9	64	29	0.81	0.77	1.53	0.95	1.47	0.00	0.00	0.00	0.00	0.00	LOS_A	1	0.00	0.00	0			LOS_A	
1	10800-14400	118-1135: Western Fwy@35.7-1136: Western Fwy@4.3	1135	1136	473	446	1	14	12	3.14	3.01	5.52	5.16	5.64	0.00	0.00	0.00	0.00	0.00	LOS_A	1	0.00	0.00	0			LOS_A	
1	10800-14400	118			1421	1292	10	78	41	1.59	1.54	1.93	1.71	2.69	0.00	0.00	0.00	0.00	0.00	LOS_A	1	0.00	0.00	0			LOS_A	
1	10800-14400	119-1090@228.7-1098@20.0	1090	1098	71	71	0	0	0	0.34	0.34				0.00	0.00				LOS_A	1	0.00	0.00	0			LOS_A	
1	10800-14400	119-1090@228.7-1100@8.0	1090	1100	313	300	0	13	0	0.83	0.74		2.89		0.00	0.00		0.00		LOS_A	1	0.00	0.00	0			LOS_A	
1	10800-14400	119-1114@10.9-1098@20.0	1114	1098	132	99	0	2	0	0.21	0.25		0.48		0.00	0.00		0.00		LOS_A	1	0.00	0.00	31	0.06	0.00	LOS_A	1
1	10800-14400	119-1114@10.9-1116@15.9	1114	1116	263	253	0	6	4	0.59	0.57		1.06	1.33	0.00	0.00		0.00	0.00	LOS_A	1	0.04	31.27	0			LOS_A	
1	10800-14400	119-1237@6.9-1100@8.0	1237	1100	210	178	0	1	0	1.58	1.67		4.47		0.00	0.00		0.00		LOS_A	1	0.00	0.00	31	0.92	0.00	LOS_A	1
1	10800-14400	119-1237@6.9-1116@15.9	1237	1116	320	308	0	8	4	2.26	2.19		3.86	4.07	0.00	0.00		0.00	0.00	LOS_A	1	0.00	0.00	0			LOS_A	
1	10800-14400	119			1309	1209	0	30	8	1.16	1.15		2.67	2.70	0.00	0.00		0.00	0.00	LOS_A	1	0.01	31.27	62	0.49	0.00	LOS_A	1
1	10800-14400	120-1100@12.7-1099@27.3	1100	1099	311	274	0	6	0	0.75	0.39		0.80		0.00	0.00		0.00		LOS_A	1	0.00	0.00	31	3.92	0.00	LOS_A	1
1	10800-14400	120-1100@12.7-1103@19.5	1100	1103	88	86	0	2	0	0.41	0.40		0.93		0.01	0.01		0.00		LOS_A	1	0.04	12.48	0			LOS_A	
1	10800-14400	120-1100@12.7-1107@21.1	1100	1107	124	118	0	6	0	0.25	0.24		0.43		0.00	0.00		0.00		LOS_A	1	0.00	0.00	0			LOS_A	
1	10800-14400	120-1106@32.8-1099@27.3	1106	1099	0	0	0	0	0											LOS_A		0.00	0.00	0			LOS_A	
1	10800-14400	120-1106@32.8-1103@19.5	1106	1103	0	0	0	0	0											LOS_A		0.00	0.00	0			LOS_A	
1	10800-14400	120-1106@32.8-1112@5.6	1106	1112	183	175	0	4	4	0.55	0.53		0.86	1.01	0.02	0.02		0.00	0.00	LOS_A	1	0.00	0.00	0			LOS_A	
1	10800-14400	120-1184@12.8-1184@46.5	1184	1184	1	1	0	0	0	0.00	0.00				0.00	0.00				LOS_A	1	0.00	0.00	0			LOS_A	
1	10800-14400	120-1186@9.2-1186@61.3	1186	1186	0	0	0	0	0											LOS_A		0.00	0.00	0			LOS_A	
1	10800-14400	120-1189@5.6-1189@50.7	1189	1189	1	0	0	0	0	0.00					0.00					LOS_A	1	0.04	20.22	0			LOS_A	
1	10800-14400	120-1190@11.3-1190@56.8	1190	1190	2	0	0	0	0	0.00					0.00					LOS_A	1	0.05	15.43	0			LOS_A	
1	10800-14400	120-1191@12.4-1191@46.2	1191	1191	2	2	0	0	0	0.00	0.00				0.00	0.00				LOS_A	1	0.00	0.00	0			LOS_A	
1	10800-14400	120-1192@6.0-1192@58.2	1192	1192	0	0	0	0	0											LOS_A		0.00	0.00	0			LOS_A	
1	10800-14400	120-1193@13.6-1193@42.6	1193	1193	0	0	0	0	0											LOS_A		0.00	0.00	0			LOS_A	
1	10800-14400	120-1194@0.7-1194@34.7	1194	1194	0	0	0	0	0											LOS_A		0.00	0.00	0			LOS_A	
1	10800-14400	120-1236@14.1-1103@19.5	1236	1103	0	0	0	0	0											LOS_A		0.00	0.00	0			LOS_A	
1	10800-14400	120-1236@14.1-1107@21.1	1236	1107	2	2	0	0	0	0.21	0.21				0.00	0.00				LOS_A	1	0.00	0.00	0			LOS_A	
1	10800-14400	120-1236@14.1-1112@5.6	1236	1112	213	177	0	4	0	1.13	1.30		1.99		0.00	0.00		0.00		LOS_A	1	0.00	0.00	32	0.06	0.00	LOS_A	1
1	10800-14400	120-1239@4.2-1099@27.3	1239	1099	1	1	0	0	0	0.30	0.30				0.00	0.00				LOS_A	1	0.00	0.00	0			LOS_A	
1	10800-14400	120-1239@4.2-1107@21.1	1239	1107	0	0	0	0	0											LOS_A		0.00	0.00	0			LOS_A	
1	10800-14400	120-1239@4.2-11576@36.8	1239	11576	0	0	0	0	0											LOS_A		0.00	0.00	0			LOS_A	
1	10800-14400	120			928	836	0	22	4	0.69	0.59		0.94	1.01	0.00	0.00		0.00	0.00	LOS_A	1	0.01	20.22	63	1.96	0.00	LOS_A	1
1	10800-14400	121			0	0	0	0	0											LOS_A				0			LOS_A	
1	10800-14400	122			0	0	0	0	0											LOS_A				0			LOS_A	
1	10800-14400	123			0	0	0	0	0											LOS_A				0			LOS_A	
1	10800-14400	124-1123@88.6-1122@4.7	1123	1122	12	12	0	0	0	0.03	0.03				0.00	0.00				LOS_A	1	0.00	0.00	0			LOS_A	
1	10800-14400	124-1130@109.7-1122@4.7	1130	1122	472	415	1	13	12	1.33	0.40	0.17	0.29	1.07	0.00	0.00	0.00	0.00	0.00	LOS_A	1	4.89	49.92	31	14.37	0.00	LOS_B	2
1	10800-14400	124-1130@109.7-1180@8.5	1130	1180	2	2	0	0	0	0.04	0.04				0.00	0.00				LOS_A	1	4.89	49.92	0			LOS_A	
1	10800-14400	124			486	429	1	13	12	1.29	0.39	0.17	0.29	1.07	0.00	0.00	0.00	0.00	0.00	LOS_A	1	2.44	49.92	31	14.37	0.00	LOS_B	2
1	10800-14400	125			0	0	0	0	0											LOS_A				0			LOS_A	
1	10800-14400	244-1156@962.0-1223@12.7	1156	1223	0	0	0	0	0											LOS_A		0.00	0.00	0			LOS_A	
1	10800-14400	244-1156@962.0-1224@15.7	1156	1224	256	248	0	7	1	0.05	0.05		0.00	0.00	0.00	0.00		0.00	0.00	LOS_A	1	0.00	0.00	0			LOS_A	
1	10800-14400	244-1221@50.0-1224@15.7	1221	1224	0	0	0	0	0											LOS_A		0.00	0.00	0			LOS_A	
1	10800-14400	244-1221@50.0-1225@11.6	1221	1225	0	0	0	0	0											LOS_A		0.00	0.00	0			LOS_A	
1	10800-14400	244-1227@99.3-1223@12.7	1227	1223	0	0	0	0	0											LOS_A		0.00	0.00	0			LOS_A	
1	10800-14400	244-1227@99.3-1225@11.6	1227	1225	187	174	0	8	5	0.17	0.17		0.02	0.33	0.00	0.00		0.00	0.00	LOS_A	1	0.00	0.00	0			LOS_A	
1	10800-14400	244			443	422	0	15	6	0.10	0.10		0.01	0.27	0.00	0.00		0.00	0.00	LOS_A	1	0.00	0.00	0			LOS_A	
1	10800-14400	245			0	0	0	0	0											LOS_A				0			LOS_A	
1	10800-14400	246-1224@100.1-1229@17.2	1224	1229	15	15	0	0	0	0.09	0.09				0.00	0.00				LOS_A	1	0.00	0.00	0			LOS_A	
1	10800-14400	246-1224@100.1-1230@17.9	1224	1230	241	233	0	7	1	0.27	0.27		0.33	0.61	0.00	0.00		0.00	0.00	LOS_A	1	0.00	0.00	0			LOS_A	
1	10800-14400	246-1228@93.7-1227@14.9	1228	1227	26	26	0	0	0	0.10	0.10				0.00	0.00				LOS_A	1	0.00	0.00	0			LOS_A	
1	10800-14400	246-1228@93.7-1230@17.9	1228	1230	64	63	0	1	0	0.16	0.16		0.06		0.00	0.00		0.00		LOS_A	1	0.00	0.00	0			LOS_A	
1	10800-14400	246-1235@217.9-1227@14.9	1235	1227	161	148	0	8	5	0.33	0.35		0.02	0.15	0.00	0.00		0.00	0.00	LOS_A	1	0.00	0.00	0			LOS_A	
1	10800-14400	246-1235@217.9-1229@17.2	1235	1229	42	41	0	1	0	0.22	0.22		0.21		0.00	0.00		0.00		LOS_A	1	0.00	0.00	0			LOS_A	
1	10800-14400	246			549	526	0	17	6	0.26	0.26		0.16	0.22	0.00	0.00		0.00	0.00	LOS_A	1	0.00	0.00	0			LOS_A	
1	10800-14400	247			0	0	0	0	0											LOS_A				0			LOS_A	
1	10800-14400	248-1152@193.7-1233@16.5	1152	1233	9	9	0	0	0	0.10	0.10				0.00	0.00				LOS_A	1	0.00	0.00	0			LOS_A	
1	10800-14400	248-1152@193.7-1235@13.8	1152	1235	201	187	0	9	5	0.16	0.16		0.08	0.14	0.00	0.00		0.00	0.00	LOS_A	1	0.00	0.00	0			LOS_A	
1	10800-14400	248-1230@222.2-1233@16.5	1230	1233	2	2	0	0	0	0.64	0.64				0.00	0.00				LOS_A	1	0.00	0.00	0			LOS_A	
1	10800-14400	248-1230@222.2-1234@16.0	1230	1234	303	294	0	8	1	0.25	0.24		0.44	0.82	0.00	0.00		0.00	0.00	LOS_A	1	0.00	0.00	0			LOS_A	
1	10800-14400	248-1232@78.7-1234@16.0	1232	1234	31	31	0	0	0	0.08	0.08				0.00	0.00				LOS_A	1	0.00	0.00	0			LOS_A	
1	10800-14400	248-1232@78.7-1235@13.8	1232	1235	2	2	0	0	0	0.05	0.05				0.00	0.00				LOS_A	1	0.00	0.00	0			LOS_A	
1	10800-14400	248			548	525	0	17	6	0.20	0.20		0.25	0.26	0.00	0.00		0.00	0.00	LOS_A	1	0.00	0.00	0			LOS_A	
1	10800-14400	249			0	0	0	0	0											LOS_A				0			LOS_A	
1	10800-14400	301-2254@5.6-2212@13.2	2254	2212	0	0	0	0	0											LOS_A		0.00	0.00	0			LOS_A	
1	10800-14400	301-2254@5.6-2213: Zone connector@52.1	2254	2213	30	16	0	10	4	1.64	1.03		2.16	2.80	0.00	0.00		0.00	0.00	LOS_A	1	0.00	0.00	0			LOS_A	
1	10800-14400	301-2254@5.6-2214: Ferris Rd@54.4	2254	2214	0	0	0	0	0											LOS_A		0.00	0.00	0			LOS_A	
1	10800-14400	301-2256: Zone connector@12.4-2210@21.6	2256	2210	0	0	0	0	0											LOS_A		0.00	0.00	0			LOS_A	
1	10800-14400	301-2256: Zone connector@12.4-2212@13.2	2256	2212	5	1	0	3	1	3.65	1.96		4.27	3.49	0.00	0.00		0.00	0.00	LOS_A	1	0.00	0.00	0			LOS_A	
1	10800-14400	301-2256: Zone connector@12.4-2213: Zone connector@52.1	2256	2213	490	451	1	29	7	0.30	0.31	0.37	0.24	0.03	0.00	0.00	0.00	0.00	0.00	LOS_A	1	0.00	0.00	2	0.00	0.00	LOS_A	1
1	10800-14400	301-2257@8.4-2210@21.6	2257	2210	0	0	0	0	0											LOS_A		0.00	0.00	0			LOS_A	
1	10800-14400	301-2257@8.4-2213: Zone connector@52.1	2257	2213	162	148	0	10	4	0.34	0.36		0.14	0.13	0.04	0.04		0.00	0.00	LOS_A	1	0.00	0.00	0			LOS_A	
1	10800-14400	301-2257@8.4-2214: Ferris Rd@54.4	2257	2214	18	2	2	12	2	3.04	2.02	4.18	3.02	3.09	0.00	0.00	0.00	0.00	0.00	LOS_A	1	0.00	0.00	0			LOS_A	
1	10800-14400	301-2258: Ferris Rd@4.3-2210@21.6	2258	2210	14	8	0	5	1	3.48	2.04		5.59	4.39	0.27	0.00		0.75	0.00	LOS_A	1	0.00	0.00	0			LOS_A	
1	10800-14400	301-2258: Ferris Rd@4.3-2212@13.2	2258	2212	180	161	1	17	1	3.40	3.15	5.90	5.43	5.51	0.06	0.07	0.00	0.00	0.00	LOS_A	1	0.00	0.00	0			LOS_A	
1	10800-14400	301-2258: Ferris Rd@4.3-2214: Ferris Rd@54.4	2258	2214	355	330	1	18	4	0.46	0.45	0.11	0.48	1.39	0.03	0.03	0.00	0.00	0.00	LOS_A	1	0.00	0.00	2	0.10	0.00	LOS_A	1
1	10800-14400	301			1254	1117	5	104	24	0.92	0.80	2.95	2.00	1.54	0.03	0.03	0.00	0.04	0.00	LOS_A	1	0.00	0.00	4	0.05	0.00	LOS_A	1
1	10800-14400	311-435: Leakes Rd@40.0-2350@32.4	435	2350	222	217	1	4	0	0.21	0.21	0.44	0.26		0.00	0.00	0.00	0.00		LOS_A	1	0.00	0.00	0			LOS_A	
1	10800-14400	311-435: Leakes Rd@40.0-2353@40.0	435	2353	495	459	1	31	4	0.10	0.10	0.19	0.16	0.00	0.00	0.00	0.00	0.00	0.00	LOS_A	1	0.00	0.00	0			LOS_A	
1	10800-14400	311-435: Leakes Rd@40.0-2356@40.3	435	2356	85	67	0	1	0	0.08	0.07		0.02		0.00	0.00		0.00		LOS_A	1	0.00	0.00	17	0.13	0.00	LOS_A	1
1	10800-14400	311-2347@136.8-2344: Leakes Rd@21.5	2347	2344	288	282	0	6	0	1.49	1.49		1.68		0.00	0.00		0.00		LOS_A	1	0.00	0.00	0			LOS_A	
1	10800-14400	311-2347@136.8-2353@40.0	2347	2353	0	0	0	0	0											LOS_A		0.00	0.00	0			LOS_A	
1	10800-14400	311-2347@136.8-2356@40.3	2347	2356	35	20	0	0	0	0.27	0.24				0.00	0.00				LOS_A	1	0.00	0.00	15	0.31	0.00	LOS_A	1
1	10800-14400	311-2354@38.7-2344: Leakes Rd@21.5	2354	2344	125	104	0	4	0	0.92	0.96		1.37		0.00	0.00		0.00		LOS_A	1	0.00	0.00	17	0.60	0.00	LOS_A	1
1	10800-14400	311-2354@38.7-2350@32.4	2354	2350	31	16	0	0	0	0.23	0.20				0.00	0.00				LOS_A	1	0.00	0.00	15	0.26	0.00	LOS_A	1
1	10800-14400	311-2354@38.7-2353@40.0	2354	2353	6	6	0	0	0	0.60	0.60				0.00	0.00				LOS_A	1	0.00	0.00	0			LOS_A	
1	10800-14400	311-2360@81.7-2344: Leakes Rd@21.5	2360	2344	500	463	0	31	6	1.11	1.02		2.31	2.33	0.00	0.00		0.00	0.00	LOS_A	1	0.00	0.00	0			LOS_A	
1	10800-14400	311-2360@81.7-2350@32.4	2360	2350	17	17	0	0	0	0.13	0.13				0.00	0.00				LOS_A	1	0.00	0.00	0			LOS_A	
1	10800-14400	311-2360@81.7-2356@40.3	2360	2356	15	15	0	0	0	2.85	2.85				0.00	0.00				LOS_A	1	0.00	0.00	0			LOS_A	
1	10800-14400	311			1819	1666	2	77	10	0.70	0.69	0.32	1.21	1.40	0.00	0.00	0.00	0.00	0.00	LOS_A	1	0.00	0.00	64	0.33	0.00	LOS_A	1
1	10800-14400	312-2419@3.3-24810@22.1	2419	24810	298	286	0	11	1	0.53	0.51		0.76	1.54	0.00	0.00		0.00	0.00	LOS_A	1	0.00	0.00	0			LOS_A	
1	10800-14400	312-2420@4.1-2422@13.2	2420	2422	328	285	2	34	7	0.44	0.40	1.24	0.74	0.43	0.00	0.00	0.00	0.00	0.00	LOS_A	1	0.00	0.00	0			LOS_A	
1	10800-14400	312-2475@44.5-2391@3.4	2475	2391	521	450	4	51	16	0.51	0.50	1.26	0.54	0.65	0.00	0.00	0.00	0.00	0.00	LOS_A	1	0.00	0.00	0			LOS_A	
1	10800-14400	312-2475@44.5-2422@13.2	2475	2422	84	72	0	10	2	5.30	4.87		7.80	8.15	0.00	0.00		0.00	0.00	LOS_A	1	0.00	0.00	0			LOS_A	
1	10800-14400	312-2527@16.1-2391@3.4	2527	2391	257	206	3	33	15	1.61	1.34	4.04	1.97	4.06	0.00	0.00	0.00	0.00	0.00	LOS_A	1	0.00	0.00	0			LOS_A	
1	10800-14400	312-2527@16.1-24810@22.1	2527	24810	114	114	0	0	0	1.50	1.50				0.00	0.00				LOS_A	1	0.00	0.00	0			LOS_A	
1	10800-14400	312			1602	1413	9	139	41	1.00	0.91	2.18	1.47	2.25	0.00	0.00	0.00	0.00	0.00	LOS_A	1	0.00	0.00	0			LOS_A	
1	10800-14400	313-2394@59.8-2414@34.7	2394	2414	773	727	1	36	9	1.75	1.70	3.65	2.59	2.65	0.00	0.00	0.00	0.00	0.00	LOS_A	1	0.00	0.00	0			LOS_A	
1	10800-14400	313-2394@59.8-2418@36.3	2394	2418	133	122	0	9	2	1.06	1.08		0.90	0.39	0.00	0.00		0.00	0.00	LOS_A	1	0.00	0.00	0			LOS_A	
1	10800-14400	313-2401@29.1-2389@16.1	2401	2389	326	288	2	17	19	3.20	3.13	4.02	3.89	3.59	0.21	0.24	0.00	0.00	0.00	LOS_A	1	0.07	33.37	0			LOS_A	
1	10800-14400	313-2401@29.1-2418@36.3	2401	2418	493	449	2	36	6	0.41	0.39	1.08	0.65	0.26	0.00	0.00	0.00	0.00	0.00	LOS_A	1	0.00	0.00	0			LOS_A	
1	10800-14400	313-2416@14.9-2389@16.1	2416	2389	81	43	3	23	12	2.37	1.88	10.24	1.99	2.89	0.14	0.08	2.74	0.00	0.00	LOS_A	1	0.00	0.00	0			LOS_A	
1	10800-14400	313-2416@14.9-2414@34.7	2416	2414	697	613	4	61	19	1.41	1.49	0.21	0.78	1.16	0.00	0.00	0.00	0.00	0.00	LOS_A	1	0.00	0.00	0			LOS_A	
1	10800-14400	313			2503	2242	12	182	67	1.57	1.53	3.78	1.56	2.26	0.03	0.03	0.69	0.00	0.00	LOS_A	1	0.01	33.37	0			LOS_A	
1	10800-14400	314-2403@220.3-2402@17.0	2403	2402	33	33	0	0	0	0.69	0.69				0.00	0.00				LOS_A	1	0.00	0.00	0			LOS_A	
1	10800-14400	314-2403@220.3-2424@24.2	2403	2424	6	6	0	0	0	0.78	0.78				0.00	0.00				LOS_A	1	0.00	0.00	0			LOS_A	
1	10800-14400	314-2409@18.3-2410@13.9	2409	2410	45	45	0	0	0	0.39	0.39				0.00	0.00				LOS_A	1	0.00	0.00	0			LOS_A	
1	10800-14400	314-2409@18.3-2424@24.2	2409	2424	1425	1295	5	97	28	0.90	0.89	0.32	1.01	0.97	0.00	0.00	0.00	0.00	0.00	LOS_A	1	0.00	0.00	0			LOS_A	
1	10800-14400	314-2413@40.6-2402@17.0	2413	2402	786	704	4	53	25	1.23	1.21	1.97	1.13	2.00	0.00	0.00	0.00	0.00	0.00	LOS_A	1	0.00	0.00	0			LOS_A	
1	10800-14400	314-2413@40.6-2410@13.9	2413	2410	2	2	0	0	0	1.32	1.32				0.00	0.00				LOS_A	1	0.00	0.00	0			LOS_A	
1	10800-14400	314-2517@5.7-2517@54.4	2517	2517	0	0	0	0	0											LOS_A		0.00	0.00	0			LOS_A	
1	10800-14400	314			2297	2085	9	150	53	1.00	0.98	1.05	1.05	1.46	0.00	0.00	0.00	0.00	0.00	LOS_A	1	0.00	0.00	0			LOS_A	
1	10800-14400	315-2424@32.6-2426@30.8	2424	2426	1316	1199	5	86	26	0.19	0.19	0.13	0.19	0.37	0.00	0.00	0.00	0.00	0.00	LOS_A	1	0.00	0.00	0			LOS_A	
1	10800-14400	315-2424@32.6-2434@37.0	2424	2434	23	20	0	3	0	0.03	0.03		0.06		0.00	0.00		0.00		LOS_A	1	0.00	0.00	0			LOS_A	
1	10800-14400	315-2424@32.6-2439@33.6	2424	2439	92	82	0	8	2	0.28	0.25		0.34	1.22	0.00	0.00		0.00	0.00	LOS_A	1	0.00	0.00	0			LOS_A	
1	10800-14400	315-2430@18.6-2413@31.6	2430	2413	130	115	2	9	4	2.10	1.86	4.74	4.00	3.52	0.00	0.00	0.00	0.00	0.00	LOS_A	1	0.00	0.00	0			LOS_A	
1	10800-14400	315-2430@18.6-2426@30.8	2430	2426	18	16	1	1	0	0.49	0.54	0.10	0.06		0.00	0.00	0.00	0.00		LOS_A	1	0.00	0.00	0			LOS_A	
1	10800-14400	315-2430@18.6-2439@33.6	2430	2439	6	6	0	0	0	3.87	3.87				0.00	0.00				LOS_A	1	0.00	0.00	0			LOS_A	
1	10800-14400	315-2438@12.4-2413@31.6	2438	2413	45	35	0	6	4	0.82	0.76		0.86	1.31	0.00	0.00		0.00	0.00	LOS_A	1	0.00	0.00	0			LOS_A	
1	10800-14400	315-2438@12.4-2426@30.8	2438	2426	19	16	0	3	0	3.82	3.52		5.38		0.00	0.00		0.00		LOS_A	1	0.00	0.00	0			LOS_A	
1	10800-14400	315-2438@12.4-2434@37.0	2438	2434	8	8	0	0	0	4.66	4.66				0.00	0.00				LOS_A	1	0.00	0.00	0			LOS_A	
1	10800-14400	315-2442@2.5-2413@31.6	2442	2413	613	556	2	38	17	0.26	0.26	1.05	0.26	0.46	0.00	0.00	0.00	0.00	0.00	LOS_A	1	0.00	0.00	0			LOS_A	
1	10800-14400	315-2442@2.5-2434@37.0	2442	2434	28	28	0	0	0	0.61	0.61				0.00	0.00				LOS_A	1	0.00	0.00	0			LOS_A	
1	10800-14400	315-2442@2.5-2439@33.6	2442	2439	13	10	0	2	1	0.37	0.24		0.73	0.97	0.00	0.00		0.00	0.00	LOS_A	1	0.00	0.00	0			LOS_A	
1	10800-14400	315			2311	2091	10	156	54	0.39	0.37	1.23	0.56	0.74	0.00	0.00	0.00	0.00	0.00	LOS_A	1	0.00	0.00	0			LOS_A	
1	10800-14400	316			0	0	0	0	0											LOS_A				0			LOS_A	
1	10800-14400	317			0	0	0	0	0											LOS_A				0			LOS_A	
1	10800-14400	318			0	0	0	0	0											LOS_A				0			LOS_A	
1	10800-14400	319			0	0	0	0	0											LOS_A				0			LOS_A	
1	10800-14400	320			0	0	0	0	0											LOS_A				0			LOS_A	
1	10800-14400	322-2388@49.7-2387: Western Fwy  Deer Park Byp@24.8	2388	2387	407	331	5	40	31	1.72	1.53	8.23	2.41	1.85	0.08	0.01	1.79	0.37	0.10	LOS_A	1	0.00	0.00	0			LOS_A	
1	10800-14400	322-2397: Western Fwy  Deer Park Byp@854.3-2387: Western Fwy  Deer Park Byp@24.8	2397	2387	1042	852	13	136	41	0.06	0.05	0.58	0.04	0.11	0.00	0.00	0.00	0.00	0.00	LOS_A	1	0.00	0.00	0			LOS_A	
1	10800-14400	322			1449	1183	18	176	72	0.53	0.46	2.70	0.58	0.86	0.02	0.00	0.50	0.08	0.04	LOS_A	1	0.00	0.00	0			LOS_A	
1	10800-14400	323-2479: Western Fwy  Deer Park Byp@45.3-2477@22.4	2479	2477	605	522	4	61	18	2.83	2.51	8.44	4.54	5.26	0.02	0.01	0.63	0.00	0.00	LOS_A	1	0.02	24.62	0			LOS_A	
1	10800-14400	323-2479: Western Fwy  Deer Park Byp@45.3-2478: Western Fwy  Deer Park Byp@24.6	2479	2478	2025	1919	4	75	27	0.37	0.36	1.34	0.45	0.39	0.00	0.00	0.00	0.00	0.00	LOS_A	1	0.02	24.62	0			LOS_A	
1	10800-14400	323			2630	2441	8	136	45	0.94	0.82	4.89	2.28	2.34	0.00	0.00	0.31	0.00	0.00	LOS_A	1	0.02	24.62	0			LOS_A	
1	10800-14400	324-2478: Western Fwy  Deer Park Byp@817.5-2483: Western Fwy  Deer Park Byp@32.3	2478	2483	2024	1918	4	75	27	0.12	0.12	0.17	0.10	0.05	0.00	0.00	0.00	0.00	0.00	LOS_A	1	0.00	0.00	0			LOS_A	
1	10800-14400	324-2485@35.4-2483: Western Fwy  Deer Park Byp@32.3	2485	2483	412	400	0	11	1	0.96	0.95		1.36	3.27	0.02	0.02		0.00	0.00	LOS_A	1	0.00	0.00	0			LOS_A	
1	10800-14400	324			2436	2318	4	86	28	0.26	0.27	0.17	0.26	0.17	0.00	0.00	0.00	0.00	0.00	LOS_A	1	0.00	0.00	0			LOS_A	
1	10800-14400	325-2398: Western Fwy  Deer Park Byp@29.7-2385@22.8	2398	2385	906	849	1	45	11	5.72	5.59	7.03	6.99	10.37	0.27	0.25	0.00	0.00	3.11	LOS_A	1	0.49	37.55	0			LOS_A	
1	10800-14400	325-2398: Western Fwy  Deer Park Byp@29.7-2397: Western Fwy  Deer Park Byp@22.4	2398	2397	1042	852	13	136	41	0.87	0.87	0.84	0.94	0.63	0.03	0.04	0.00	0.00	0.00	LOS_A	1	0.49	37.55	0			LOS_A	
1	10800-14400	325			1948	1701	14	181	52	3.13	3.23	1.28	2.44	2.69	0.14	0.14	0.00	0.00	0.66	LOS_A	1	0.49	37.55	0			LOS_A	
1	10800-14400	326-2502: Western Fwy  Deer Park Byp@2131.3-271708: Western Fwy  Deer Park Byp@8.4	2502	271708	1005	878	7	92	28	13.57	14.01	11.51	11.12	8.18	0.07	0.07	0.00	0.08	0.00	LOS_B	2	0.00	0.00	0			LOS_A	
1	10800-14400	326-2514: Western Fwy  Deer Park Byp@123.6-271708: Western Fwy  Deer Park Byp@8.4	2514	271708	943	823	7	89	24	10.82	10.64	11.97	12.19	11.61	0.06	0.06	0.00	0.09	0.00	LOS_B	2	0.00	0.00	0			LOS_A	
1	10800-14400	326			1948	1701	14	181	52	12.24	12.38	11.74	11.65	9.76	0.06	0.07	0.00	0.09	0.00	LOS_B	2	0.00	0.00	0			LOS_A	
1	10800-14400	327-2505: Western Fwy  Deer Park Byp@34.2-2506: Western Fwy  Deer Park Byp@21.2	2505	2506	1720	1622	4	71	23	0.44	0.44	0.00	0.78	0.15	0.03	0.03	0.00	0.13	0.00	LOS_A	1	0.03	20.16	0			LOS_A	
1	10800-14400	327-2505: Western Fwy  Deer Park Byp@34.2-2508: Western Fwy  Deer Park Byp@13.2	2505	2508	716	696	0	15	5	0.54	0.54		0.84	0.34	0.06	0.06		0.00	0.00	LOS_A	1	0.03	20.16	0			LOS_A	
1	10800-14400	327			2436	2318	4	86	28	0.47	0.47	0.00	0.79	0.18	0.04	0.04	0.00	0.11	0.00	LOS_A	1	0.03	20.16	0			LOS_A	
1	14400-18000	44-15@10.7-243: Ferris Rd  Melton Hwy@24.7	15	243	327	305	0	18	2	0.30	0.31		0.11	0.19	0.02	0.03		0.00	0.00	LOS_A	1	0.00	0.00	2	0.15	0.00	LOS_A	1
1	14400-18000	44-421: Ferris Rd@65.5-20@13.7	421	20	181	165	2	13	1	1.90	1.74	3.61	3.47	3.49	0.00	0.00	0.00	0.00	0.00	LOS_A	1	0.00	0.00	0			LOS_A	
1	14400-18000	44-421: Ferris Rd@65.5-243: Ferris Rd  Melton Hwy@24.7	421	243	582	538	1	31	10	0.62	0.62	0.71	0.60	1.23	0.00	0.00	0.00	0.00	0.00	LOS_A	1	0.00	0.00	2	0.12	0.00	LOS_A	1
1	14400-18000	44-682@2.4-420: Ferris Rd@77.1	682	420	196	167	1	21	7	0.19	0.19	0.01	0.22	0.19	0.00	0.00	0.00	0.00	0.00	LOS_A	1	0.00	0.00	0			LOS_A	
1	14400-18000	44-10393@15.0-19@37.7	10393	19	82	80	0	2	0	0.27	0.27		0.24		0.00	0.00		0.00		LOS_A	1	0.00	0.00	0			LOS_A	
1	14400-18000	44-10393@15.0-420: Ferris Rd@77.1	10393	420	359	337	0	17	3	0.13	0.12		0.29	0.52	0.00	0.00		0.00	0.00	LOS_A	1	0.00	0.00	2	0.02	0.00	LOS_A	1
1	14400-18000	44			1727	1592	4	102	23	0.53	0.51	1.98	0.74	0.83	0.00	0.00	0.00	0.00	0.00	LOS_A	1	0.00	0.00	6	0.09	0.00	LOS_A	1
1	14400-18000	45-499: Zone connector@162.8-95: Melton Hwy@34.7	499	95	15	15	0	0	0	0.07	0.07				0.00	0.00				LOS_A	1	0.00	0.00	0			LOS_A	
1	14400-18000	45-499: Zone connector@162.8-307: Melton Hwy@21.7	499	307	5	5	0	0	0	0.04	0.04				0.00	0.00				LOS_A	1	0.00	0.00	0			LOS_A	
1	14400-18000	45-499: Zone connector@162.8-363: Gateway Dr@34.4	499	363	0	0	0	0	0											LOS_A		0.00	0.00	0			LOS_A	
1	14400-18000	45-677: Melton Hwy@21.1-307: Melton Hwy@21.7	677	307	468	437	3	22	6	0.13	0.13	0.03	0.10	0.08	0.00	0.00	0.00	0.00	0.00	LOS_A	1	0.00	0.00	0			LOS_A	
1	14400-18000	45-677: Melton Hwy@21.1-363: Gateway Dr@34.4	677	363	12	12	0	0	0	0.96	0.96				0.00	0.00				LOS_A	1	0.00	0.00	0			LOS_A	
1	14400-18000	45-677: Melton Hwy@21.1-500: Zone connector@16.0	677	500	17	16	0	1	0	4.16	4.03		6.26		0.00	0.00		0.00		LOS_A	1	0.00	4.93	0			LOS_A	
1	14400-18000	45-680: Melton Hwy@12.0-95: Melton Hwy@34.7	680	95	372	349	0	19	4	0.26	0.27		0.11	0.03	0.00	0.00		0.00	0.00	LOS_A	1	0.00	0.00	0			LOS_A	
1	14400-18000	45-680: Melton Hwy@12.0-363: Gateway Dr@34.4	680	363	56	55	0	1	0	3.27	3.24		5.18		0.00	0.00		0.00		LOS_A	1	0.00	0.00	0			LOS_A	
1	14400-18000	45-680: Melton Hwy@12.0-500: Zone connector@16.0	680	500	42	41	0	1	0	6.69	6.69		6.71		0.00	0.00		0.00		LOS_A	1	0.00	0.00	0			LOS_A	
1	14400-18000	45-27136: Gateway Dr@1.7-95: Melton Hwy@34.7	27136	95	0	0	0	0	0											LOS_A		0.00	0.00	0			LOS_A	
1	14400-18000	45-27136: Gateway Dr@1.7-307: Melton Hwy@21.7	27136	307	7	7	0	0	0	0.09	0.09				0.00	0.00				LOS_A	1	0.00	0.00	0			LOS_A	
1	14400-18000	45-27136: Gateway Dr@1.7-500: Zone connector@16.0	27136	500	1	0	0	1	0	0.30			0.30		0.00			0.00		LOS_A	1	0.00	0.00	0			LOS_A	
1	14400-18000	45			995	937	3	45	10	0.71	0.73	0.03	0.51	0.06	0.00	0.00	0.00	0.00	0.00	LOS_A	1	0.00	4.93	0			LOS_A	
1	14400-18000	46-12: Hopkins Rd@68.7-44: Hopkins Rd@23.1	12	44	689	625	1	41	9	0.68	0.71	0.04	0.35	0.66	0.00	0.00	0.00	0.00	0.00	LOS_A	1	0.02	7.51	13	0.16	0.00	LOS_A	1
1	14400-18000	46-12: Hopkins Rd@68.7-104@37.0	12	104	165	153	0	11	1	0.76	0.78		0.51	0.18	0.07	0.07		0.00	0.00	LOS_A	1	0.02	7.51	0			LOS_A	
1	14400-18000	46-12: Hopkins Rd@68.7-428@34.4	12	428	18	18	0	0	0	0.15	0.15				0.00	0.00				LOS_A	1	0.02	7.51	0			LOS_A	
1	14400-18000	46-12: Hopkins Rd@68.7-1243: Hopkins Rd@4.1	12	1243	0	0	0	0	0											LOS_A		0.02	7.51	0			LOS_A	
1	14400-18000	46-255: Hopkins Rd@16.9-44: Hopkins Rd@23.1	255	44	0	0	0	0	0											LOS_A		0.00	0.00	0			LOS_A	
1	14400-18000	46-255: Hopkins Rd@16.9-104@37.0	255	104	155	147	1	5	0	0.75	0.76	0.43	0.77		0.00	0.00	0.00	0.00		LOS_A	1	0.00	0.00	2	0.29	0.00	LOS_A	1
1	14400-18000	46-255: Hopkins Rd@16.9-428@34.4	255	428	20	20	0	0	0	0.11	0.11				0.00	0.00				LOS_A	1	0.00	0.00	0			LOS_A	
1	14400-18000	46-255: Hopkins Rd@16.9-1243: Hopkins Rd@4.1	255	1243	416	368	2	28	5	0.56	0.56	0.44	0.46	0.28	0.00	0.00	0.00	0.00	0.00	LOS_A	1	0.00	0.00	13	0.79	0.00	LOS_A	1
1	14400-18000	46-257@10.6-44: Hopkins Rd@23.1	257	44	105	78	1	24	2	0.84	0.82	2.53	0.86	0.32	0.00	0.00	0.00	0.00	0.00	LOS_A	1	0.00	0.00	0			LOS_A	
1	14400-18000	46-257@10.6-104@37.0	257	104	0	0	0	0	0											LOS_A		0.00	0.00	0			LOS_A	
1	14400-18000	46-257@10.6-428@34.4	257	428	0	0	0	0	0											LOS_A		0.00	0.00	0			LOS_A	
1	14400-18000	46-257@10.6-1243: Hopkins Rd@4.1	257	1243	141	110	3	25	3	0.48	0.50	0.48	0.42	0.35	0.00	0.00	0.00	0.00	0.00	LOS_A	1	0.00	0.00	0			LOS_A	
1	14400-18000	46-429@91.6-44: Hopkins Rd@23.1	429	44	81	81	0	0	0	1.10	1.10				0.00	0.00				LOS_A	1	0.00	0.00	0			LOS_A	
1	14400-18000	46-429@91.6-104@37.0	429	104	0	0	0	0	0											LOS_A		0.00	0.00	0			LOS_A	
1	14400-18000	46-429@91.6-428@34.4	429	428	0	0	0	0	0											LOS_A		0.00	0.00	0			LOS_A	
1	14400-18000	46-429@91.6-1243: Hopkins Rd@4.1	429	1243	19	19	0	0	0	0.45	0.45				0.00	0.00				LOS_A	1	0.00	0.00	0			LOS_A	
1	14400-18000	46			1809	1619	8	134	20	0.66	0.68	0.67	0.51	0.46	0.01	0.01	0.00	0.00	0.00	LOS_A	1	0.01	7.51	28	0.46	0.00	LOS_A	1
1	14400-18000	47-4: Caroline Springs Blvd@6.8-212: Caroline Springs Blvd@4.7	4	212	820	779	0	21	3	3.82	3.54		1.97	1.66	0.18	0.19		0.00	0.00	LOS_A	1	1.41	118.39	17	19.15	0.06	LOS_C	3
1	14400-18000	47-4: Caroline Springs Blvd@6.8-446@6.0	4	446	0	0	0	0	0											LOS_A		1.41	118.39	0			LOS_A	
1	14400-18000	47-447@32.5-212: Caroline Springs Blvd@4.7	447	212	4	4	0	0	0	0.64	0.64				0.00	0.00				LOS_A	1	0.00	0.00	0			LOS_A	
1	14400-18000	47-887: Caroline Springs Blvd@16.4-448@12.1	887	448	643	590	0	31	5	0.40	0.34		0.52	0.42	0.00	0.00		0.00	0.00	LOS_A	1	0.00	0.00	17	2.51	0.00	LOS_A	1
1	14400-18000	47			1467	1373	0	52	8	2.31	2.16		1.10	0.89	0.10	0.11		0.00	0.00	LOS_A	1	0.47	118.39	34	10.83	0.03	LOS_B	2
1	14400-18000	49-351: Delma Rd@85.2-352: Eucumbene Dr@37.8	351	352	0	0	0	0	0											LOS_A		0.00	0.00	0			LOS_A	
1	14400-18000	49-351: Delma Rd@85.2-506: Zone connector@80.7	351	506	4	4	0	0	0	0.25	0.25				0.00	0.00				LOS_A	1	0.00	0.00	0			LOS_A	
1	14400-18000	49-353: Eucumbene Dr@275.9-350: Delma Rd@23.2	353	350	0	0	0	0	0											LOS_A		0.00	0.00	0			LOS_A	
1	14400-18000	49-353: Eucumbene Dr@275.9-506: Zone connector@80.7	353	506	50	50	0	0	0	0.03	0.03				0.00	0.00				LOS_A	1	0.00	0.00	0			LOS_A	
1	14400-18000	49-505: Zone connector@77.8-350: Delma Rd@23.2	505	350	3	1	0	2	0	0.09	0.04		0.11		0.00	0.00		0.00		LOS_A	1	0.00	0.00	0			LOS_A	
1	14400-18000	49-505: Zone connector@77.8-352: Eucumbene Dr@37.8	505	352	1	1	0	0	0	0.00	0.00				0.00	0.00				LOS_A	1	0.00	0.00	0			LOS_A	
1	14400-18000	49			58	56	0	2	0	0.05	0.04		0.11		0.00	0.00		0.00		LOS_A	1	0.00	0.00	0			LOS_A	
1	14400-18000	50-115: Western Hwy@22.9-209: Ballarat Rd  Western Hwy@28.7	115	209	434	422	0	12	0	0.28	0.29		0.01		0.00	0.00		0.00		LOS_A	1	0.00	0.00	0			LOS_A	
1	14400-18000	50-115: Western Hwy@22.9-283: Christies Rd@7.9	115	283	70	63	0	6	1	3.28	3.02		5.64	5.70	0.00	0.00		0.00	0.00	LOS_A	1	0.00	0.00	0			LOS_A	
1	14400-18000	50-461: Ballarat Rd  Western Hwy@7.1-114: Western Hwy@17.3	461	114	346	324	0	19	3	0.15	0.14		0.22	0.02	0.00	0.00		0.00	0.00	LOS_A	1	0.00	0.00	0			LOS_A	
1	14400-18000	50-461: Ballarat Rd  Western Hwy@7.1-209: Ballarat Rd  Western Hwy@28.7	461	209	3	1	0	2	0	0.75	0.50		0.87		0.00	0.00		0.00		LOS_A	1	0.00	0.00	0			LOS_A	
1	14400-18000	50-461: Ballarat Rd  Western Hwy@7.1-215: Caroline Springs Blvd@5.8	461	215	124	123	0	1	0	0.48	0.47		1.18		0.00	0.00		0.00		LOS_A	1	0.00	0.00	0			LOS_A	
1	14400-18000	50-648: Christies Rd@27.9-114: Western Hwy@17.3	648	114	36	26	0	9	1	0.61	0.47		0.92	1.32	0.00	0.00		0.00	0.00	LOS_A	1	0.00	0.00	0			LOS_A	
1	14400-18000	50-648: Christies Rd@27.9-209: Ballarat Rd  Western Hwy@28.7	648	209	79	69	0	8	2	2.92	2.52		5.65	5.76	0.00	0.00		0.00	0.00	LOS_A	1	0.00	0.00	0			LOS_A	
1	14400-18000	50-648: Christies Rd@27.9-215: Caroline Springs Blvd@5.8	648	215	283	246	0	18	2	0.62	0.58		0.91	1.97	0.00	0.00		0.00	0.00	LOS_A	1	0.00	0.00	17	0.74	0.00	LOS_A	1
1	14400-18000	50-649@8.2-283: Christies Rd@7.9	649	283	150	122	1	25	2	0.73	0.63	2.10	1.08	1.70	0.00	0.00	0.00	0.00	0.00	LOS_A	1	0.00	0.00	0			LOS_A	
1	14400-18000	50-651@22.8-215: Caroline Springs Blvd@5.8	651	215	236	221	0	12	3	0.71	0.64		1.57	2.17	0.00	0.00		0.00	0.00	LOS_A	1	0.00	0.00	0			LOS_A	
1	14400-18000	50-652: Caroline Springs Blvd@21.4-114: Western Hwy@17.3	652	114	110	101	0	7	2	1.13	1.03		2.21	2.61	0.00	0.00		0.00	0.00	LOS_A	1	0.00	0.00	0			LOS_A	
1	14400-18000	50-652: Caroline Springs Blvd@21.4-209: Ballarat Rd  Western Hwy@28.7	652	209	188	186	0	2	0	5.44	5.44		5.81		0.00	0.00		0.00		LOS_A	1	0.00	0.00	0			LOS_A	
1	14400-18000	50-652: Caroline Springs Blvd@21.4-283: Christies Rd@7.9	652	283	526	496	0	12	1	1.59	1.54		0.70	0.36	0.00	0.00		0.00	0.00	LOS_A	1	0.00	0.00	17	3.84	0.00	LOS_A	1
1	14400-18000	50			2585	2400	1	133	17	1.22	1.18	2.10	1.45	2.24	0.00	0.00	0.00	0.00	0.00	LOS_A	1	0.00	0.00	34	2.29	0.00	LOS_A	1
1	14400-18000	51-7: Ballarat Rd  Western Hwy@16.6-10: Ballarat Rd  Western Hwy@18.5	7	10	9	9	0	0	0	0.13	0.13				0.00	0.00				LOS_A	1	0.00	0.00	0			LOS_A	
1	14400-18000	51-7: Ballarat Rd  Western Hwy@16.6-385: Chisholm Dr@11.7	7	385	2	2	0	0	0	0.97	0.97				0.00	0.00				LOS_A	1	0.00	0.00	0			LOS_A	
1	14400-18000	51-7: Ballarat Rd  Western Hwy@16.6-670: Ballarat Rd  Western Hwy@1.4	7	670	16	14	0	2	0	1.69	1.62		2.14		0.00	0.00		0.00		LOS_A	1	0.00	0.00	0			LOS_A	
1	14400-18000	51-7: Ballarat Rd  Western Hwy@16.6-671: Panamax Rd@7.5	7	671	0	0	0	0	0											LOS_A		0.00	0.00	0			LOS_A	
1	14400-18000	51-347: Panamax Rd@4.8-10: Ballarat Rd  Western Hwy@18.5	347	10	79	75	0	4	0	0.26	0.27		0.18		0.00	0.00		0.00		LOS_A	1	0.00	0.00	0			LOS_A	
1	14400-18000	51-347: Panamax Rd@4.8-385: Chisholm Dr@11.7	347	385	5	4	0	1	0	1.37	1.40		1.25		0.00	0.00		0.00		LOS_A	1	0.00	0.00	0			LOS_A	
1	14400-18000	51-347: Panamax Rd@4.8-670: Ballarat Rd  Western Hwy@1.4	347	670	74	67	0	6	1	3.31	3.00		6.23	6.55	0.00	0.00		0.00	0.00	LOS_A	1	0.00	0.00	0			LOS_A	
1	14400-18000	51-360: Ballarat Rd  Western Hwy@55.2-10: Ballarat Rd  Western Hwy@18.5	360	10	618	595	0	21	2	0.27	0.27		0.09	0.08	0.00	0.00		0.00	0.00	LOS_A	1	0.00	0.00	0			LOS_A	
1	14400-18000	51-360: Ballarat Rd  Western Hwy@55.2-385: Chisholm Dr@11.7	360	385	36	35	0	1	0	1.69	1.64		3.59		0.00	0.00		0.00		LOS_A	1	0.00	0.00	0			LOS_A	
1	14400-18000	51-360: Ballarat Rd  Western Hwy@55.2-671: Panamax Rd@7.5	360	671	50	48	0	2	0	1.83	1.75		3.78		0.00	0.00		0.00		LOS_A	1	0.00	0.00	0			LOS_A	
1	14400-18000	51-673: Chisholm Dr@12.9-10: Ballarat Rd  Western Hwy@18.5	673	10	70	68	0	2	0	0.25	0.24		0.83		0.00	0.00		0.00		LOS_A	1	0.00	0.00	0			LOS_A	
1	14400-18000	51-673: Chisholm Dr@12.9-670: Ballarat Rd  Western Hwy@1.4	673	670	36	35	0	1	0	1.96	1.94		2.65		0.00	0.00		0.00		LOS_A	1	0.00	0.00	0			LOS_A	
1	14400-18000	51-673: Chisholm Dr@12.9-671: Panamax Rd@7.5	673	671	10	10	0	0	0	8.23	8.23				0.16	0.16				LOS_A	1	0.00	0.00	0			LOS_A	
1	14400-18000	51-885: Ballarat Rd  Western Hwy@6.9-10: Ballarat Rd  Western Hwy@18.5	885	10	0	0	0	0	0											LOS_A		0.00	0.00	0			LOS_A	
1	14400-18000	51-885: Ballarat Rd  Western Hwy@6.9-385: Chisholm Dr@11.7	885	385	22	21	0	1	0	2.84	2.87		2.34		0.00	0.00		0.00		LOS_A	1	0.00	0.00	0			LOS_A	
1	14400-18000	51-885: Ballarat Rd  Western Hwy@6.9-670: Ballarat Rd  Western Hwy@1.4	885	670	498	457	1	36	4	0.79	0.80	1.14	0.75	0.15	0.00	0.00	0.00	0.00	0.00	LOS_A	1	0.00	0.00	0			LOS_A	
1	14400-18000	51-885: Ballarat Rd  Western Hwy@6.9-671: Panamax Rd@7.5	885	671	95	90	0	5	0	2.35	2.19		5.27		0.00	0.00		0.00		LOS_A	1	0.00	0.00	0			LOS_A	
1	14400-18000	51			1620	1530	1	82	7	0.91	0.88	1.14	1.42	1.05	0.00	0.00	0.00	0.00	0.00	LOS_A	1	0.00	0.00	0			LOS_A	
1	14400-18000	52-928: Melton Hwy@4.6-182@17.4	928	182	241	209	3	21	6	0.32	0.31	0.22	0.45	0.17	0.00	0.00	0.00	0.00	0.00	LOS_A	1	0.00	0.00	2	0.34	0.00	LOS_A	1
1	14400-18000	52-928: Melton Hwy@4.6-308: Ferris Rd  Melton Hwy@32.7	928	308	389	367	0	18	2	0.39	0.40		0.39	0.01	0.00	0.00		0.00	0.00	LOS_A	1	0.00	0.00	2	0.05	0.00	LOS_A	1
1	14400-18000	52-2259: Ferris Rd  Melton Hwy@16.4-182@17.4	2259	182	247	217	1	21	8	3.20	3.07	5.30	3.80	4.90	0.00	0.00	0.00	0.00	0.00	LOS_A	1	0.00	0.00	0			LOS_A	
1	14400-18000	52-2259: Ferris Rd  Melton Hwy@16.4-200: Melton Hwy@86.6	2259	200	662	626	0	28	4	0.29	0.29		0.25	0.13	0.00	0.00		0.00	0.00	LOS_A	1	0.00	0.00	4	0.12	0.00	LOS_A	1
1	14400-18000	52-2260@39.2-200: Melton Hwy@86.6	2260	200	108	107	0	1	0	9.24	9.21		12.21		0.00	0.00		0.00		LOS_A	1	0.00	0.00	0			LOS_A	
1	14400-18000	52-2260@39.2-308: Ferris Rd  Melton Hwy@32.7	2260	308	52	50	0	1	1	0.25	0.24		0.35	0.27	0.00	0.00		0.00	0.00	LOS_A	1	0.00	0.00	0			LOS_A	
1	14400-18000	52			1699	1576	4	90	21	1.31	1.30	1.49	1.28	1.95	0.00	0.00	0.00	0.00	0.00	LOS_A	1	0.00	0.00	8	0.15	0.00	LOS_A	1
1	14400-18000	53-899: Melton Hwy@13.5-199: Melton Hwy@15.4	899	199	0	0	0	0	0											LOS_A		0.00	0.00	0			LOS_A	
1	14400-18000	53-899: Melton Hwy@13.5-301: High St@21.5	899	301	18	18	0	0	0	0.93	0.93				0.22	0.22				LOS_A	1	0.00	0.00	0			LOS_A	
1	14400-18000	53-899: Melton Hwy@13.5-376: High St@3.8	899	376	360	348	0	8	0	0.19	0.18		0.29		0.00	0.00		0.00		LOS_A	1	0.00	0.00	4	0.06	0.00	LOS_A	1
1	14400-18000	53-899: Melton Hwy@13.5-271619: Melton Hwy@15.3	899	271619	392	367	0	21	4	0.35	0.35		0.27	0.25	0.00	0.00		0.00	0.00	LOS_A	1	0.00	0.00	0			LOS_A	
1	14400-18000	53-900: High St@7.7-199: Melton Hwy@15.4	900	199	198	176	0	16	2	1.31	1.30		1.27	0.43	0.00	0.00		0.00	0.00	LOS_A	1	0.00	0.00	4	2.66	0.00	LOS_A	1
1	14400-18000	53-900: High St@7.7-301: High St@21.5	900	301	21	21	0	0	0	0.24	0.24				0.00	0.00				LOS_A	1	0.00	0.00	0			LOS_A	
1	14400-18000	53-900: High St@7.7-376: High St@3.8	900	376	0	0	0	0	0											LOS_A		0.00	0.00	0			LOS_A	
1	14400-18000	53-900: High St@7.7-271619: Melton Hwy@15.3	900	271619	70	70	0	0	0	3.93	3.93				0.00	0.00				LOS_A	1	0.00	0.00	0			LOS_A	
1	14400-18000	53-901: Melton Hwy@54.1-199: Melton Hwy@15.4	901	199	404	373	3	22	6	0.79	0.81	0.43	0.62	0.39	0.00	0.00	0.00	0.00	0.00	LOS_A	1	0.00	0.00	0			LOS_A	
1	14400-18000	53-901: Melton Hwy@54.1-301: High St@21.5	901	301	6	6	0	0	0	2.81	2.81				0.00	0.00				LOS_A	1	0.00	0.00	0			LOS_A	
1	14400-18000	53-901: Melton Hwy@54.1-376: High St@3.8	901	376	70	70	0	0	0	0.46	0.46				0.00	0.00				LOS_A	1	0.00	0.00	0			LOS_A	
1	14400-18000	53-901: Melton Hwy@54.1-271619: Melton Hwy@15.3	901	271619	0	0	0	0	0											LOS_A		0.00	0.00	0			LOS_A	
1	14400-18000	53-1241: High St@3.1-199: Melton Hwy@15.4	1241	199	28	27	0	1	0	2.30	2.22		4.38		0.00	0.00		0.00		LOS_A	1	0.00	0.00	0			LOS_A	
1	14400-18000	53-1241: High St@3.1-301: High St@21.5	1241	301	0	0	0	0	0											LOS_A		0.00	0.00	0			LOS_A	
1	14400-18000	53-1241: High St@3.1-376: High St@3.8	1241	376	9	9	0	0	0	0.08	0.08				0.00	0.00				LOS_A	1	0.00	0.00	0			LOS_A	
1	14400-18000	53-1241: High St@3.1-271619: Melton Hwy@15.3	1241	271619	8	8	0	0	0	0.14	0.14				0.00	0.00				LOS_A	1	0.00	0.00	0			LOS_A	
1	14400-18000	53			1584	1493	3	68	12	0.75	0.76	0.43	0.68	0.35	0.00	0.00	0.00	0.00	0.00	LOS_A	1	0.00	0.00	8	1.36	0.00	LOS_A	1
1	14400-18000	54-526: Ferris Rd@22.5-310@35.3	526	310	10	10	0	0	0	2.30	2.30				0.00	0.00				LOS_A	1	0.00	0.00	0			LOS_A	
1	14400-18000	54-526: Ferris Rd@22.5-421: Ferris Rd@15.4	526	421	0	0	0	0	0											LOS_A		0.00	0.00	0			LOS_A	
1	14400-18000	54-526: Ferris Rd@22.5-525: Ferris Rd@18.9	526	525	545	494	1	38	10	0.16	0.15	0.01	0.31	0.27	0.00	0.00	0.00	0.00	0.00	LOS_A	1	0.00	0.00	2	0.08	0.00	LOS_A	1
1	14400-18000	54-527: Zone connector@58.2-310@35.3	527	310	0	0	0	0	0											LOS_A		0.00	0.00	0			LOS_A	
1	14400-18000	54-527: Zone connector@58.2-421: Ferris Rd@15.4	527	421	747	688	3	44	10	0.71	0.70	0.61	0.82	0.85	0.00	0.00	0.00	0.00	0.00	LOS_A	1	0.00	0.00	2	0.00	0.00	LOS_A	1
1	14400-18000	54-528@5.7-421: Ferris Rd@15.4	528	421	16	15	0	0	1	2.10	1.89			5.34	0.00	0.00			0.00	LOS_A	1	0.00	0.00	0			LOS_A	
1	14400-18000	54-528@5.7-525: Ferris Rd@18.9	528	525	0	0	0	0	0											LOS_A		0.00	0.00	0			LOS_A	
1	14400-18000	54			1318	1207	4	82	21	0.51	0.50	0.46	0.58	0.79	0.00	0.00	0.00	0.00	0.00	LOS_A	1	0.00	0.00	4	0.04	0.00	LOS_A	1
1	14400-18000	58-600: Leakes Rd@50.8-273@50.4	600	273	350	341	0	7	2	0.99	0.93		3.38	1.75	0.13	0.12		0.54	0.00	LOS_A	1	0.00	0.00	0			LOS_A	
1	14400-18000	58-600: Leakes Rd@50.8-437: Leakes Rd@57.3	600	437	737	694	1	19	6	0.75	0.28	0.04	0.36	0.54	0.00	0.00	0.00	0.00	0.00	LOS_A	1	0.00	0.00	17	20.50	0.02	LOS_C	3
1	14400-18000	58-1263: Leakes Rd@67.9-271: Leakes Rd@3.2	1263	271	502	453	0	28	4	0.97	0.12		0.38	0.37	0.02	0.00		0.00	0.00	LOS_A	1	0.00	0.00	17	24.54	0.72	LOS_C	3
1	14400-18000	58-1263: Leakes Rd@67.9-273@50.4	1263	273	389	379	0	10	0	0.58	0.58		0.55		0.00	0.00		0.00		LOS_A	1	0.00	0.00	0			LOS_A	
1	14400-18000	58-2374@24.3-271: Leakes Rd@3.2	2374	271	146	136	1	7	2	3.37	3.12	8.19	6.38	7.18	0.00	0.00	0.00	0.00	0.00	LOS_A	1	0.00	0.00	0			LOS_A	
1	14400-18000	58-2374@24.3-437: Leakes Rd@57.3	2374	437	126	114	0	7	5	0.64	0.57		1.02	1.54	0.00	0.00		0.00	0.00	LOS_A	1	0.00	0.00	0			LOS_A	
1	14400-18000	58			2250	2117	2	78	19	0.97	0.60	4.12	1.26	1.60	0.03	0.02	0.00	0.05	0.00	LOS_A	1	0.00	0.00	34	22.52	0.37	LOS_C	3
1	14400-18000	59-271: Leakes Rd@241.4-401: Leakes Rd@29.1	271	401	648	589	1	35	6	0.22	0.14	0.00	0.40	0.01	0.00	0.00	0.00	0.00	0.00	LOS_A	1	0.00	0.00	17	2.81	0.00	LOS_A	1
1	14400-18000	59-443@92.7-270: Leakes Rd@23.7	443	270	103	103	0	0	0	0.45	0.45				0.00	0.00				LOS_A	1	0.00	0.00	0			LOS_A	
1	14400-18000	59-443@92.7-442@13.5	443	442	0	0	0	0	0											LOS_A		0.00	0.00	0			LOS_A	
1	14400-18000	59-605: Leakes Rd@51.1-270: Leakes Rd@23.7	605	270	985	932	1	26	8	0.50	0.51	0.00	0.46	0.09	0.00	0.00	0.00	0.00	0.00	LOS_A	1	0.00	0.00	18	0.25	0.00	LOS_A	1
1	14400-18000	59-605: Leakes Rd@51.1-442@13.5	605	442	7	7	0	0	0	1.13	1.13				0.00	0.00				LOS_A	1	0.00	0.00	0			LOS_A	
1	14400-18000	59			1743	1631	2	61	14	0.39	0.37	0.00	0.43	0.05	0.00	0.00	0.00	0.00	0.00	LOS_A	1	0.00	0.00	35	1.49	0.00	LOS_A	1
1	14400-18000	60-604: Leakes Rd@15.0-398: Taylors Rd@53.4	604	398	47	47	0	0	0	0.51	0.51				0.00	0.00				LOS_A	1	0.00	0.00	0			LOS_A	
1	14400-18000	60-604: Leakes Rd@15.0-402: Leakes Rd@43.0	604	402	771	736	1	26	8	0.10	0.10	0.00	0.13	0.00	0.00	0.00	0.00	0.00	0.00	LOS_A	1	0.00	0.00	0			LOS_A	
1	14400-18000	60-604: Leakes Rd@15.0-2146@76.1	604	2146	19	19	0	0	0	0.32	0.32				0.00	0.00				LOS_A	1	0.00	0.00	0			LOS_A	
1	14400-18000	60-938: Leakes Rd@26.5-398: Taylors Rd@53.4	938	398	383	347	0	19	0	0.68	0.67		0.68		0.00	0.00		0.00		LOS_A	1	0.00	0.00	17	0.97	0.00	LOS_A	1
1	14400-18000	60-938: Leakes Rd@26.5-402: Leakes Rd@43.0	938	402	5	5	0	0	0	4.07	4.07				0.00	0.00				LOS_A	1	0.00	0.00	0			LOS_A	
1	14400-18000	60-938: Leakes Rd@26.5-2146@76.1	938	2146	44	40	0	4	0	0.48	0.43		0.97		0.00	0.00		0.00		LOS_A	1	0.00	0.00	0			LOS_A	
1	14400-18000	60-938: Leakes Rd@26.5-27139: Leakes Rd@68.2	938	27139	216	197	1	12	6	0.10	0.09	0.00	0.23	0.28	0.00	0.00	0.00	0.00	0.00	LOS_A	1	0.00	0.00	0			LOS_A	
1	14400-18000	60-2149@32.7-398: Taylors Rd@53.4	2149	398	31	31	0	0	0	0.86	0.86				0.00	0.00				LOS_A	1	0.00	0.00	0			LOS_A	
1	14400-18000	60-2149@32.7-402: Leakes Rd@43.0	2149	402	92	92	0	0	0	3.22	3.22				0.00	0.00				LOS_A	1	0.00	0.00	0			LOS_A	
1	14400-18000	60-2149@32.7-27139: Leakes Rd@68.2	2149	27139	27	27	0	0	0	2.08	2.08				0.00	0.00				LOS_A	1	0.00	0.00	0			LOS_A	
1	14400-18000	60-271394: Taylors Rd@21.3-402: Leakes Rd@43.0	271394	402	124	106	0	0	0	2.08	1.54				0.00	0.00				LOS_A	1	0.00	0.00	18	5.26	0.00	LOS_A	1
1	14400-18000	60-271394: Taylors Rd@21.3-2146@76.1	271394	2146	14	14	0	0	0	0.12	0.12				0.00	0.00				LOS_A	1	0.00	0.00	0			LOS_A	
1	14400-18000	60-271394: Taylors Rd@21.3-27139: Leakes Rd@68.2	271394	27139	21	21	0	0	0	0.34	0.34				0.00	0.00				LOS_A	1	0.00	0.00	0			LOS_A	
1	14400-18000	60			1794	1682	2	61	14	0.60	0.56	0.00	0.38	0.12	0.00	0.00	0.00	0.00	0.00	LOS_A	1	0.00	0.00	35	3.18	0.00	LOS_A	1
1	14400-18000	61-539: Leakes Rd@105.5-438: Leakes Rd@41.9	539	438	72	60	0	11	1	0.17	0.17		0.17	0.13	0.00	0.00		0.00	0.00	LOS_A	1	0.00	0.00	0			LOS_A	
1	14400-18000	61-863: Leakes Rd@80.4-265@25.1	863	265	286	277	0	7	2	3.39	3.36		4.21	4.71	0.03	0.03		0.00	0.00	LOS_A	1	0.00	0.00	0			LOS_A	
1	14400-18000	61-863: Leakes Rd@80.4-435: Leakes Rd@21.2	863	435	577	531	1	19	9	1.50	1.33	0.04	0.97	0.21	0.00	0.00	0.00	0.00	0.00	LOS_A	1	0.00	0.00	17	7.97	0.00	LOS_A	1
1	14400-18000	61-2344: Leakes Rd@40.2-265@25.1	2344	265	210	203	0	6	1	0.15	0.16		0.05	0.03	0.00	0.00		0.00	0.00	LOS_A	1	0.00	0.00	0			LOS_A	
1	14400-18000	61-2344: Leakes Rd@40.2-438: Leakes Rd@41.9	2344	438	819	772	0	27	3	0.32	0.31		0.21	1.24	0.00	0.00		0.00	0.00	LOS_A	1	0.00	0.00	17	0.71	0.00	LOS_A	1
1	14400-18000	61-2345@108.7-435: Leakes Rd@21.2	2345	435	235	226	0	7	2	0.32	0.32		0.26	0.25	0.00	0.00		0.00	0.00	LOS_A	1	0.00	0.00	0			LOS_A	
1	14400-18000	61			2199	2069	1	77	18	1.01	0.96	0.04	0.75	0.87	0.00	0.00	0.00	0.00	0.00	LOS_A	1	0.00	0.00	34	4.34	0.00	LOS_A	1
1	14400-18000	62-267: Ian Cowie Way@65.6-264: Leakes Rd@17.3	267	264	0	0	0	0	0											LOS_A		0.00	0.00	0			LOS_A	
1	14400-18000	62-267: Ian Cowie Way@65.6-434: Leakes Rd@22.8	267	434	10	10	0	0	0	0.08	0.08				0.00	0.00				LOS_A	1	0.00	0.00	0			LOS_A	
1	14400-18000	62-538: Leakes Rd@89.6-264: Leakes Rd@17.3	538	264	130	93	0	3	2	0.21	0.25		0.05	0.43	0.00	0.00		0.00	0.00	LOS_A	1	0.00	0.00	32	0.09	0.00	LOS_A	1
1	14400-18000	62-538: Leakes Rd@89.6-268: Ian Cowie Way@17.3	538	268	10	10	0	0	0	0.04	0.04				0.00	0.00				LOS_A	1	0.00	0.00	0			LOS_A	
1	14400-18000	62-864: Leakes Rd@39.3-268: Ian Cowie Way@17.3	864	268	1	1	0	0	0	3.06	3.06				0.00	0.00				LOS_A	1	0.00	0.00	0			LOS_A	
1	14400-18000	62-864: Leakes Rd@39.3-434: Leakes Rd@22.8	864	434	152	120	0	0	0	0.26	0.27				0.00	0.00				LOS_A	1	0.00	0.00	32	0.20	0.00	LOS_A	1
1	14400-18000	62			303	234	0	3	2	0.23	0.26		0.05	0.43	0.00	0.00		0.00	0.00	LOS_A	1	0.00	0.00	64	0.15	0.00	LOS_A	1
1	14400-18000	63-374: Westcott Pde@100.7-263: Leakes Rd@9.1	374	263	43	43	0	0	0	0.04	0.04				0.00	0.00				LOS_A	1	0.00	0.00	0			LOS_A	
1	14400-18000	63-374: Westcott Pde@100.7-372: Leakes Rd@14.9	374	372	0	0	0	0	0											LOS_A		0.00	0.00	0			LOS_A	
1	14400-18000	63-542: Leakes Rd@34.5-372: Leakes Rd@14.9	542	372	100	65	0	3	0	0.04	0.05		0.02		0.00	0.00		0.00		LOS_A	1	0.00	0.00	32	0.02	0.00	LOS_A	1
1	14400-18000	63-542: Leakes Rd@34.5-375: Westcott Pde@26.6	542	375	30	28	0	0	2	0.12	0.09			0.51	0.00	0.00			0.00	LOS_A	1	0.00	0.00	0			LOS_A	
1	14400-18000	63-543: Leakes Rd@6.7-263: Leakes Rd@9.1	543	263	110	78	0	0	0	0.12	0.11				0.00	0.00				LOS_A	1	0.00	0.00	32	0.15	0.00	LOS_A	1
1	14400-18000	63-543: Leakes Rd@6.7-375: Westcott Pde@26.6	543	375	0	0	0	0	0											LOS_A		0.00	0.00	0			LOS_A	
1	14400-18000	63			283	214	0	3	2	0.08	0.08		0.02	0.51	0.00	0.00		0.00	0.00	LOS_A	1	0.00	0.00	64	0.08	0.00	LOS_A	1
1	14400-18000	66-622: Neales Rd W@46.2-34: Neales Rd W@22.7	622	34	6	6	0	0	0	1.10	1.10				0.00	0.00				LOS_A	1	0.00	0.00	0			LOS_A	
1	14400-18000	66-622: Neales Rd W@46.2-232: Hopkins Rd@9.0	622	232	124	115	0	7	0	0.57	0.43		2.24		0.00	0.00		0.00		LOS_A	1	0.00	0.00	2	2.61	0.00	LOS_A	1
1	14400-18000	66-622: Neales Rd W@46.2-910: Melton Hwy@30.7	622	910	3	3	0	0	0	0.21	0.21				0.00	0.00				LOS_A	1	0.00	0.00	0			LOS_A	
1	14400-18000	66-897: Hopkins Rd@13.5-35: Neales Rd W@48.6	897	35	99	95	0	2	0	1.15	1.08		2.80		0.00	0.00		0.00		LOS_A	1	0.00	0.00	2	2.68	0.00	LOS_A	1
1	14400-18000	66-897: Hopkins Rd@13.5-910: Melton Hwy@30.7	897	910	474	432	1	26	2	0.81	0.37	0.26	0.47	0.01	0.00	0.00	0.00	0.00	0.00	LOS_A	1	0.00	0.00	13	16.28	0.00	LOS_C	3
1	14400-18000	66-908: Melton Hwy@56.5-34: Neales Rd W@22.7	908	34	1	1	0	0	0	3.05	3.05				0.00	0.00				LOS_A	1	0.00	0.00	0			LOS_A	
1	14400-18000	66-908: Melton Hwy@56.5-35: Neales Rd W@48.6	908	35	3	3	0	0	0	2.58	2.58				0.00	0.00				LOS_A	1	0.00	0.00	0			LOS_A	
1	14400-18000	66-908: Melton Hwy@56.5-232: Hopkins Rd@9.0	908	232	547	502	3	25	4	0.84	0.81	0.08	0.39	1.02	0.00	0.00	0.00	0.00	0.00	LOS_A	1	0.00	0.00	13	3.04	0.00	LOS_A	1
1	14400-18000	66-2206: Neales Rd W@67.0-35: Neales Rd W@48.6	2206	35	16	16	0	0	0	3.71	3.71				0.00	0.00				LOS_A	1	0.00	0.00	0			LOS_A	
1	14400-18000	66-2206: Neales Rd W@67.0-232: Hopkins Rd@9.0	2206	232	116	108	0	6	2	3.74	3.60		5.52	6.25	0.00	0.00		0.00	0.00	LOS_A	1	0.00	0.00	0			LOS_A	
1	14400-18000	66-2206: Neales Rd W@67.0-910: Melton Hwy@30.7	2206	910	0	0	0	0	0											LOS_A		0.00	0.00	0			LOS_A	
1	14400-18000	66-271701@14.9-34: Neales Rd W@22.7	271701	34	85	59	1	21	4	0.96	0.61	2.03	1.76	1.66	0.00	0.00	0.00	0.00	0.00	LOS_A	1	0.00	0.00	0			LOS_A	
1	14400-18000	66			1474	1340	5	87	12	1.10	0.91	0.51	1.30	1.94	0.00	0.00	0.00	0.00	0.00	LOS_A	1	0.00	0.00	30	8.73	0.00	LOS_A	1
1	14400-18000	67-230: Hopkins Rd@80.5-37@39.6	230	37	323	303	1	15	4	0.85	0.81	0.41	1.67	0.44	0.00	0.00	0.00	0.00	0.00	LOS_A	1	0.00	0.00	0			LOS_A	
1	14400-18000	67-230: Hopkins Rd@80.5-426: Hopkins Rd@27.0	230	426	464	422	2	23	2	2.12	1.77	1.15	1.34	0.06	0.02	0.02	0.00	0.00	0.00	LOS_A	1	0.00	0.00	15	13.78	0.00	LOS_B	2
1	14400-18000	67-427: Hopkins Rd@65.2-231: Hopkins Rd@8.0	427	231	484	416	2	47	6	0.30	0.20	0.52	0.86	0.82	0.00	0.00	0.00	0.00	0.00	LOS_A	1	0.00	0.00	13	1.20	0.00	LOS_A	1
1	14400-18000	67-946@14.4-231: Hopkins Rd@8.0	946	231	174	170	0	2	0	0.22	0.22		0.26		0.00	0.00		0.00		LOS_A	1	0.00	0.00	2	0.31	0.00	LOS_A	1
1	14400-18000	67-946@14.4-426: Hopkins Rd@27.0	946	426	127	113	1	10	3	0.31	0.30	0.94	0.30	0.57	0.00	0.00	0.00	0.00	0.00	LOS_A	1	0.00	0.00	0			LOS_A	
1	14400-18000	67			1572	1424	6	97	15	0.94	0.81	0.78	1.03	0.57	0.01	0.01	0.00	0.00	0.00	LOS_A	1	0.00	0.00	30	7.43	0.00	LOS_A	1
1	14400-18000	68-252: Hopkins Rd@35.3-55: Hopkins Rd@43.4	252	55	454	398	2	42	6	0.66	0.69	0.14	0.47	0.22	0.00	0.00	0.00	0.00	0.00	LOS_A	1	0.00	0.00	6	0.04	0.00	LOS_A	1
1	14400-18000	68-252: Hopkins Rd@35.3-66: Meskos Rd@23.0	252	66	70	55	2	5	1	4.40	4.00	8.71	4.52	3.60	0.02	0.00	0.67	0.00	0.00	LOS_A	1	0.00	0.00	7	6.34	0.00	LOS_A	1
1	14400-18000	68-252: Hopkins Rd@35.3-82: Sheahan Rd@25.9	252	82	52	44	1	6	1	3.79	3.56	5.33	4.91	5.60	0.00	0.00	0.00	0.00	0.00	LOS_A	1	0.00	0.00	0			LOS_A	
1	14400-18000	68-2153: Sheahan Rd@17.6-12: Hopkins Rd@3.8	2153	12	17	14	0	2	1	5.32	4.82		7.58	7.86	0.00	0.00		0.00	0.00	LOS_A	1	0.00	0.00	0			LOS_A	
1	14400-18000	68-2153: Sheahan Rd@17.6-55: Hopkins Rd@43.4	2153	55	3	3	0	0	0	1.84	1.84				0.00	0.00				LOS_A	1	0.00	0.00	0			LOS_A	
1	14400-18000	68-2153: Sheahan Rd@17.6-66: Meskos Rd@23.0	2153	66	0	0	0	0	0											LOS_A		0.02	34.68	0			LOS_A	
1	14400-18000	68-2157: Hopkins Rd@4.7-12: Hopkins Rd@3.8	2157	12	818	758	1	47	6	0.63	0.63	0.85	0.61	0.76	0.00	0.00	0.00	0.00	0.00	LOS_A	1	0.00	0.00	6	0.28	0.00	LOS_A	1
1	14400-18000	68-2157: Hopkins Rd@4.7-66: Meskos Rd@23.0	2157	66	27	26	0	1	0	2.70	2.56		6.22		0.00	0.00		0.00		LOS_A	1	0.00	0.00	0			LOS_A	
1	14400-18000	68-2157: Hopkins Rd@4.7-82: Sheahan Rd@25.9	2157	82	22	22	0	0	0	4.19	4.19				0.00	0.00				LOS_A	1	0.00	0.00	0			LOS_A	
1	14400-18000	68-2195: Meskos Rd@18.4-12: Hopkins Rd@3.8	2195	12	38	24	0	3	3	1.85	0.67		2.61	2.75	0.00	0.00		0.00	0.00	LOS_A	1	0.00	0.00	8	4.78	0.00	LOS_A	1
1	14400-18000	68-2195: Meskos Rd@18.4-55: Hopkins Rd@43.4	2195	55	5	5	0	0	0	2.01	2.01				0.00	0.00				LOS_A	1	0.00	0.00	0			LOS_A	
1	14400-18000	68-2195: Meskos Rd@18.4-82: Sheahan Rd@25.9	2195	82	0	0	0	0	0											LOS_A		0.00	0.00	0			LOS_A	
1	14400-18000	68			1506	1349	6	106	18	1.10	1.03	3.98	1.23	1.73	0.00	0.00	0.22	0.00	0.00	LOS_A	1	0.00	34.68	27	3.13	0.00	LOS_A	1
1	14400-18000	69-290: Caroline Springs Blvd@7.8-60: Caroline Springs Blvd@15.2	290	60	0	0	0	0	0											LOS_A		0.00	0.00	0			LOS_A	
1	14400-18000	69-290: Caroline Springs Blvd@7.8-291: Caroline Springs Blvd@13.3	290	291	589	536	0	31	5	0.35	0.30		0.32	0.30	0.00	0.00		0.00	0.00	LOS_A	1	0.00	0.00	17	1.91	0.00	LOS_A	1
1	14400-18000	69-290: Caroline Springs Blvd@7.8-293: Chisholm Dr@13.5	290	293	16	16	0	0	0	0.26	0.26				0.00	0.00				LOS_A	1	0.00	0.00	0			LOS_A	
1	14400-18000	69-290: Caroline Springs Blvd@7.8-431: Springlake Ave@15.6	290	431	18	18	0	0	0	2.14	2.14				0.00	0.00				LOS_A	1	0.00	0.00	0			LOS_A	
1	14400-18000	69-292: Caroline Springs Blvd@170.8-60: Caroline Springs Blvd@15.2	292	60	723	683	0	20	3	1.49	1.17		1.05	0.31	0.04	0.04		0.00	0.00	LOS_A	1	0.00	0.00	17	15.09	0.00	LOS_C	3
1	14400-18000	69-292: Caroline Springs Blvd@170.8-291: Caroline Springs Blvd@13.3	292	291	0	0	0	0	0											LOS_A		0.00	0.00	0			LOS_A	
1	14400-18000	69-292: Caroline Springs Blvd@170.8-293: Chisholm Dr@13.5	292	293	0	0	0	0	0											LOS_A		0.00	0.00	0			LOS_A	
1	14400-18000	69-292: Caroline Springs Blvd@170.8-431: Springlake Ave@15.6	292	431	7	7	0	0	0	0.54	0.54				0.00	0.00				LOS_A	1	0.00	0.00	0			LOS_A	
1	14400-18000	69-294: Chisholm Dr@69.6-60: Caroline Springs Blvd@15.2	294	60	41	41	0	0	0	0.31	0.31				0.00	0.00				LOS_A	1	0.00	0.00	0			LOS_A	
1	14400-18000	69-294: Chisholm Dr@69.6-291: Caroline Springs Blvd@13.3	294	291	0	0	0	0	0											LOS_A		0.00	0.00	0			LOS_A	
1	14400-18000	69-294: Chisholm Dr@69.6-293: Chisholm Dr@13.5	294	293	0	0	0	0	0											LOS_A		0.00	0.00	0			LOS_A	
1	14400-18000	69-294: Chisholm Dr@69.6-431: Springlake Ave@15.6	294	431	0	0	0	0	0											LOS_A		0.00	0.00	0			LOS_A	
1	14400-18000	69-430: Springlake Ave@96.9-60: Caroline Springs Blvd@15.2	430	60	34	33	0	1	0	0.43	0.44		0.23		0.00	0.00		0.00		LOS_A	1	0.00	0.00	0			LOS_A	
1	14400-18000	69-430: Springlake Ave@96.9-291: Caroline Springs Blvd@13.3	430	291	16	16	0	0	0	0.27	0.27				0.00	0.00				LOS_A	1	0.00	0.00	0			LOS_A	
1	14400-18000	69-430: Springlake Ave@96.9-293: Chisholm Dr@13.5	430	293	0	0	0	0	0											LOS_A		0.00	0.00	0			LOS_A	
1	14400-18000	69-430: Springlake Ave@96.9-431: Springlake Ave@15.6	430	431	0	0	0	0	0											LOS_A		0.00	0.00	0			LOS_A	
1	14400-18000	69			1444	1350	0	52	8	0.95	0.77		0.60	0.30	0.02	0.02		0.00	0.00	LOS_A	1	0.00	0.00	34	8.50	0.00	LOS_A	1
1	14400-18000	70-352: Eucumbene Dr@292.9-111: Christies Rd@15.7	352	111	1	1	0	0	0	0.32	0.32				0.00	0.00				LOS_A	1	0.00	0.00	0			LOS_A	
1	14400-18000	70-647: Christies Rd@8.4-111: Christies Rd@15.7	647	111	709	644	1	43	4	1.25	1.31	0.57	0.47	0.47	0.00	0.00	0.00	0.00	0.00	LOS_A	1	0.00	0.00	17	1.16	0.00	LOS_A	1
1	14400-18000	70-647: Christies Rd@8.4-353: Eucumbene Dr@18.0	647	353	37	37	0	0	0	1.80	1.80				0.03	0.03				LOS_A	1	0.00	0.00	0			LOS_A	
1	14400-18000	70-647: Christies Rd@8.4-1920@12.9	647	1920	0	0	0	0	0											LOS_A		0.00	0.00	0			LOS_A	
1	14400-18000	70-891: Christies Rd@8.7-287: Christies Rd@20.9	891	287	398	341	0	35	5	1.01	1.02		1.04	1.48	0.00	0.00		0.00	0.00	LOS_A	1	0.00	0.00	17	0.43	0.00	LOS_A	1
1	14400-18000	70-891: Christies Rd@8.7-353: Eucumbene Dr@18.0	891	353	13	13	0	0	0	6.21	6.21				0.00	0.00				LOS_A	1	0.00	0.00	0			LOS_A	
1	14400-18000	70-891: Christies Rd@8.7-1920@12.9	891	1920	0	0	0	0	0											LOS_A		0.00	0.00	0			LOS_A	
1	14400-18000	70-1919@25.6-287: Christies Rd@20.9	1919	287	0	0	0	0	0											LOS_A		0.00	0.00	0			LOS_A	
1	14400-18000	70			1158	1036	1	78	9	1.24	1.29	0.57	0.72	1.03	0.00	0.00	0.00	0.00	0.00	LOS_A	1	0.00	0.00	34	0.79	0.00	LOS_A	1
1	14400-18000	71-111: Christies Rd@84.9-129@9.8	111	129	405	395	0	10	0	0.06	0.06		0.07		0.00	0.00		0.00		LOS_A	1	0.00	0.00	0			LOS_A	
1	14400-18000	71-111: Christies Rd@84.9-282: Christies Rd@12.4	111	282	305	250	1	33	4	0.18	0.18	0.54	0.13	0.10	0.00	0.00	0.00	0.00	0.00	LOS_A	1	0.00	0.00	17	0.22	0.00	LOS_A	1
1	14400-18000	71-274: Christies Rd@5.8-112: Christies Rd@6.8	274	112	411	354	0	35	5	2.15	2.21		1.96	2.23	0.00	0.00		0.00	0.00	LOS_A	1	0.00	0.00	17	1.29	0.00	LOS_A	1
1	14400-18000	71-274: Christies Rd@5.8-129@9.8	274	129	84	42	0	33	9	3.52	2.50		4.37	5.17	0.00	0.00		0.00	0.00	LOS_A	1	0.00	0.00	0			LOS_A	
1	14400-18000	71			1205	1041	1	111	18	1.04	0.92	0.54	1.96	3.23	0.00	0.00	0.00	0.00	0.00	LOS_A	1	0.00	0.00	34	0.75	0.00	LOS_A	1
1	14400-18000	72-279: Christies Rd@96.9-280: Christies Rd@44.5	279	280	0	0	0	0	0											LOS_A		0.00	0.00	0			LOS_A	
1	14400-18000	72-279: Christies Rd@96.9-394: Christies Rd@15.7	279	394	217	163	1	32	4	0.93	1.00	0.46	0.72	0.58	0.00	0.00	0.00	0.00	0.00	LOS_A	1	0.00	0.00	17	0.73	0.00	LOS_A	1
1	14400-18000	72-279: Christies Rd@96.9-626: Palm Springs Rd@75.1	279	626	88	87	0	1	0	1.77	1.75		3.66		0.00	0.00		0.00		LOS_A	1	0.00	0.00	0			LOS_A	
1	14400-18000	72-393: Christies Rd@348.6-280: Christies Rd@44.5	393	280	227	153	0	49	8	1.66	1.88		1.03	1.34	0.01	0.01		0.00	0.00	LOS_A	1	0.00	0.00	17	1.62	0.00	LOS_A	1
1	14400-18000	72-393: Christies Rd@348.6-394: Christies Rd@15.7	393	394	0	0	0	0	0											LOS_A		0.00	0.00	0			LOS_A	
1	14400-18000	72-393: Christies Rd@348.6-626: Palm Springs Rd@75.1	393	626	29	28	0	1	0	0.73	0.75		0.12		0.00	0.00		0.00		LOS_A	1	0.00	0.00	0			LOS_A	
1	14400-18000	72-625: Palm Springs Rd@88.9-280: Christies Rd@44.5	625	280	63	45	0	13	5	1.03	1.16		0.75	0.50	0.00	0.00		0.00	0.00	LOS_A	1	0.00	0.00	0			LOS_A	
1	14400-18000	72-625: Palm Springs Rd@88.9-394: Christies Rd@15.7	625	394	10	8	0	2	0	1.10	0.65		2.90		0.00	0.00		0.00		LOS_A	1	0.00	0.00	0			LOS_A	
1	14400-18000	72-625: Palm Springs Rd@88.9-626: Palm Springs Rd@75.1	625	626	0	0	0	0	0											LOS_A		0.00	0.00	0			LOS_A	
1	14400-18000	72-1914@136.2-280: Christies Rd@44.5	1914	280	205	198	0	6	1	2.05	2.06		1.69	2.44	0.01	0.01		0.00	0.00	LOS_A	1	0.00	0.00	0			LOS_A	
1	14400-18000	72-1914@136.2-394: Christies Rd@15.7	1914	394	87	35	6	33	13	0.85	0.95	1.29	0.69	0.82	0.00	0.00	0.00	0.00	0.00	LOS_A	1	0.00	0.00	0			LOS_A	
1	14400-18000	72-1914@136.2-626: Palm Springs Rd@75.1	1914	626	69	50	0	10	9	1.14	1.15		0.93	1.32	0.00	0.00		0.00	0.00	LOS_A	1	0.00	0.00	0			LOS_A	
1	14400-18000	72			995	767	7	147	40	1.41	1.54	1.17	0.92	1.01	0.00	0.01	0.00	0.00	0.00	LOS_A	1	0.00	0.00	34	1.18	0.00	LOS_A	1
1	14400-18000	73-350: Delma Rd@97.2-464: Ballarat Rd  Western Hwy@8.8	350	464	3	1	0	2	0	0.16	0.17		0.15		0.00	0.00		0.00		LOS_A	1	0.00	0.00	0			LOS_A	
1	14400-18000	73-663: Ballarat Rd  Western Hwy@46.8-351: Delma Rd@11.2	663	351	4	4	0	0	0	2.35	2.35				0.00	0.00				LOS_A	1	0.00	0.00	0			LOS_A	
1	14400-18000	73-663: Ballarat Rd  Western Hwy@46.8-464: Ballarat Rd  Western Hwy@8.8	663	464	620	569	1	45	5	0.14	0.12	0.70	0.37	0.27	0.00	0.00	0.00	0.00	0.00	LOS_A	1	0.00	0.00	0			LOS_A	
1	14400-18000	73			627	574	1	47	5	0.16	0.14	0.70	0.37	0.27	0.00	0.00	0.00	0.00	0.00	LOS_A	1	0.00	0.00	0			LOS_A	
1	14400-18000	76-911@130.2-404: Hopkins Rd@29.7	911	404	17	17	0	0	0	0.20	0.20				0.00	0.00				LOS_A	1	0.00	0.00	0			LOS_A	
1	14400-18000	76-911@130.2-408: Hopkins Rd@16.0	911	408	120	120	0	0	0	0.68	0.68				0.00	0.00				LOS_A	1	0.00	0.00	0			LOS_A	
1	14400-18000	76-913: Hopkins Rd@4.0-408: Hopkins Rd@16.0	913	408	747	686	1	48	6	0.81	0.82	2.35	0.93	0.15	0.00	0.00	0.00	0.00	0.00	LOS_A	1	0.00	0.00	6	0.20	0.00	LOS_A	1
1	14400-18000	76-913: Hopkins Rd@4.0-912@27.4	913	912	19	19	0	0	0	5.25	5.25				0.00	0.00				LOS_A	1	0.00	0.00	0			LOS_A	
1	14400-18000	76-948: Hopkins Rd@33.1-404: Hopkins Rd@29.7	948	404	427	371	2	42	6	0.12	0.12	0.02	0.12	0.01	0.00	0.00	0.00	0.00	0.00	LOS_A	1	0.00	0.00	6	0.09	0.00	LOS_A	1
1	14400-18000	76-948: Hopkins Rd@33.1-912@27.4	948	912	35	35	0	0	0	1.38	1.38				0.00	0.00				LOS_A	1	0.00	0.00	0			LOS_A	
1	14400-18000	76			1365	1248	3	90	12	0.65	0.67	0.79	0.55	0.08	0.00	0.00	0.00	0.00	0.00	LOS_A	1	0.00	0.00	12	0.14	0.00	LOS_A	1
1	14400-18000	77-208: Western Fwy@25.5-84: Western Fwy@15.9	208	84	1319	1215	14	66	24	0.62	0.63	0.48	0.47	0.51	0.00	0.00	0.00	0.00	0.00	LOS_A	1	0.00	0.00	0			LOS_A	
1	14400-18000	77-208: Western Fwy@25.5-180@16.3	208	180	160	157	0	2	1	2.96	2.90		6.09	6.21	0.00	0.00		0.00	0.00	LOS_A	1	0.00	0.00	0			LOS_A	
1	14400-18000	77			1479	1372	14	68	25	0.87	0.89	0.48	0.64	0.74	0.00	0.00	0.00	0.00	0.00	LOS_A	1	0.00	0.00	0			LOS_A	
1	14400-18000	78-84: Western Fwy@896.6-203: Western Fwy@19.3	84	203	1318	1214	14	66	24	0.13	0.13	0.12	0.14	0.15	0.00	0.00	0.00	0.00	0.00	LOS_A	1	0.00	0.00	0			LOS_A	
1	14400-18000	78-529@72.8-203: Western Fwy@19.3	529	203	488	426	4	42	14	2.91	3.02	0.91	2.40	1.96	0.05	0.05	0.00	0.10	0.04	LOS_A	1	0.00	0.00	2	0.72	0.00	LOS_A	1
1	14400-18000	78			1806	1640	18	108	38	0.88	0.88	0.30	1.02	0.81	0.01	0.01	0.00	0.04	0.02	LOS_A	1	0.00	0.00	2	0.72	0.00	LOS_A	1
1	14400-18000	79-184: Western Fwy@928.7-205: Western Fwy@68.7	184	205	1344	1226	18	69	31	1.14	1.13	2.21	1.36	0.36	0.00	0.00	0.00	0.00	0.00	LOS_A	1	0.00	0.00	0			LOS_A	
1	14400-18000	79-333@86.1-205: Western Fwy@68.7	333	205	263	245	2	15	1	0.78	0.74	2.18	1.16	2.22	0.00	0.00	0.00	0.00	0.00	LOS_A	1	0.00	0.00	0			LOS_A	
1	14400-18000	79			1607	1471	20	84	32	1.08	1.07	2.20	1.32	0.42	0.00	0.00	0.00	0.00	0.00	LOS_A	1	0.00	0.00	0			LOS_A	
1	14400-18000	80-424: Western Fwy@14.2-184: Western Fwy@85.3	424	184	1345	1227	18	69	31	1.05	1.04	2.09	0.95	1.14	0.08	0.09	0.00	0.00	0.00	LOS_A	1	0.00	0.00	0			LOS_A	
1	14400-18000	80-424: Western Fwy@14.2-337@9.9	424	337	523	472	1	39	9	0.74	0.75	0.00	0.58	0.64	0.09	0.10	0.00	0.00	0.00	LOS_A	1	0.00	0.00	2	1.18	0.00	LOS_A	1
1	14400-18000	80			1868	1699	19	108	40	0.97	0.96	1.98	0.81	1.03	0.08	0.09	0.00	0.00	0.00	LOS_A	1	0.00	0.00	2	1.18	0.00	LOS_A	1
1	14400-18000	81-532: Western Hwy@54.1-334: Western Hwy@32.3	532	334	1696	1530	18	108	38	0.13	0.14	0.05	0.16	0.06	0.00	0.00	0.00	0.00	0.00	LOS_A	1	0.00	0.00	2	0.00	0.00	LOS_A	1
1	14400-18000	81-532: Western Hwy@54.1-481@40.2	532	481	112	112	0	0	0	4.63	4.63				0.00	0.00				LOS_A	1	0.00	0.00	0			LOS_A	
1	14400-18000	81			1808	1642	18	108	38	0.41	0.44	0.05	0.16	0.06	0.00	0.00	0.00	0.00	0.00	LOS_A	1	0.00	0.00	2	0.00	0.00	LOS_A	1
1	14400-18000	82-334: Western Hwy@655.0-72: Western Hwy@13.2	334	72	1696	1530	18	108	38	0.09	0.10	0.03	0.05	0.03	0.00	0.00	0.00	0.00	0.00	LOS_A	1	0.00	0.00	2	0.00	0.00	LOS_A	1
1	14400-18000	82-482@267.1-72: Western Hwy@13.2	482	72	32	32	0	0	0	0.02	0.02				0.00	0.00				LOS_A	1	0.00	0.00	0			LOS_A	
1	14400-18000	82			1728	1562	18	108	38	0.09	0.10	0.03	0.05	0.03	0.00	0.00	0.00	0.00	0.00	LOS_A	1	0.00	0.00	2	0.00	0.00	LOS_A	1
1	14400-18000	83-313: Western Hwy@40.0-103: Western Hwy@23.6	313	103	1458	1314	17	94	31	0.32	0.31	0.50	0.54	0.35	0.00	0.00	0.00	0.02	0.00	LOS_A	1	0.11	36.01	2	0.00	0.00	LOS_A	1
1	14400-18000	83-313: Western Hwy@40.0-174@14.4	313	174	272	250	1	14	7	3.97	3.74	7.48	6.36	6.97	0.05	0.05	0.00	0.00	0.00	LOS_A	1	0.11	36.01	0			LOS_A	
1	14400-18000	83			1730	1564	18	108	38	0.90	0.85	0.89	1.30	1.57	0.01	0.01	0.00	0.02	0.00	LOS_A	1	0.11	36.01	2	0.00	0.00	LOS_A	1
1	14400-18000	84-161@132.7-99: Western Hwy@9.8	161	99	496	480	0	13	3	0.11	0.11		0.05	0.05	0.00	0.00		0.00	0.00	LOS_A	1	0.00	0.00	0			LOS_A	
1	14400-18000	84-187: Western Hwy@837.8-99: Western Hwy@9.8	187	99	1370	1217	19	95	37	0.04	0.04	0.14	0.05	0.07	0.00	0.00	0.00	0.00	0.00	LOS_A	1	0.00	0.00	2	0.10	0.00	LOS_A	1
1	14400-18000	84			1866	1697	19	108	40	0.06	0.06	0.14	0.05	0.07	0.00	0.00	0.00	0.00	0.00	LOS_A	1	0.00	0.00	2	0.10	0.00	LOS_A	1
1	14400-18000	85-103: Western Hwy@963.6-90: Western Hwy@22.8	103	90	1461	1317	17	94	31	0.67	0.67	0.72	0.61	0.92	0.00	0.00	0.00	0.00	0.00	LOS_A	1	0.00	0.00	2	0.00	0.00	LOS_A	1
1	14400-18000	85-2380@33.8-90: Western Hwy@22.8	2380	90	738	719	0	17	2	2.46	2.51		0.80	1.25	0.05	0.05		0.00	0.00	LOS_A	1	0.00	0.00	0			LOS_A	
1	14400-18000	85			2199	2036	17	111	33	1.27	1.32	0.72	0.64	0.94	0.02	0.02	0.00	0.00	0.00	LOS_A	1	0.00	0.00	2	0.00	0.00	LOS_A	1
1	14400-18000	86-323: Western Hwy@19.6-159@11.7	323	159	307	286	0	18	3	0.12	0.12		0.12	0.00	0.00	0.00		0.00	0.00	LOS_A	1	0.00	0.00	0			LOS_A	
1	14400-18000	86-323: Western Hwy@19.6-187: Western Hwy@33.1	323	187	1370	1217	19	95	37	0.10	0.10	0.31	0.10	0.18	0.00	0.00	0.00	0.00	0.00	LOS_A	1	0.00	0.00	2	0.01	0.00	LOS_A	1
1	14400-18000	86			1677	1503	19	113	40	0.11	0.10	0.31	0.10	0.17	0.00	0.00	0.00	0.00	0.00	LOS_A	1	0.00	0.00	2	0.01	0.00	LOS_A	1
1	14400-18000	87-343: Western Hwy@756.7-154: Western Hwy@6.0	343	154	1638	1464	19	113	40	0.04	0.05	0.02	0.04	0.01	0.00	0.00	0.00	0.00	0.00	LOS_A	1	0.00	0.00	2	0.00	0.00	LOS_A	1
1	14400-18000	87-480@343.6-154: Western Hwy@6.0	480	154	39	39	0	0	0	0.01	0.01				0.00	0.00				LOS_A	1	0.00	0.00	0			LOS_A	
1	14400-18000	87			1677	1503	19	113	40	0.04	0.04	0.02	0.04	0.01	0.00	0.00	0.00	0.00	0.00	LOS_A	1	0.00	0.00	2	0.00	0.00	LOS_A	1
1	14400-18000	88-955: Western Fwy@13.7-343: Western Hwy@21.1	955	343	1638	1464	19	113	40	0.11	0.11	0.29	0.13	0.18	0.00	0.00	0.00	0.00	0.00	LOS_A	1	0.00	0.00	2	0.00	0.00	LOS_A	1
1	14400-18000	88-955: Western Fwy@13.7-479@7.3	955	479	0	0	0	0	0											LOS_A		0.00	0.00	0			LOS_A	
1	14400-18000	88			1638	1464	19	113	40	0.11	0.11	0.29	0.13	0.18	0.00	0.00	0.00	0.00	0.00	LOS_A	1	0.00	0.00	2	0.00	0.00	LOS_A	1
1	14400-18000	89-228: Western Fwy@25.7-108@38.1	228	108	301	283	1	12	3	3.83	3.64	7.78	6.53	7.37	0.00	0.00	0.00	0.00	0.00	LOS_A	1	0.00	0.00	2	6.72	0.00	LOS_A	1
1	14400-18000	89-228: Western Fwy@25.7-194: Western Fwy@23.1	228	194	1907	1762	16	99	30	0.38	0.39	0.50	0.33	0.33	0.00	0.00	0.00	0.00	0.00	LOS_A	1	0.00	0.00	0			LOS_A	
1	14400-18000	89			2208	2045	17	111	33	0.85	0.84	0.92	1.00	0.97	0.00	0.00	0.00	0.00	0.00	LOS_A	1	0.00	0.00	2	6.72	0.00	LOS_A	1
1	14400-18000	90-104@749.4-417: Western Fwy@10.9	104	417	320	300	1	16	1	0.10	0.10	0.02	0.02	0.04	0.00	0.00	0.00	0.00	0.00	LOS_A	1	0.00	0.00	2	0.01	0.00	LOS_A	1
1	14400-18000	90-196: Western Fwy@1280.5-417: Western Fwy@10.9	196	417	1318	1164	18	97	39	0.06	0.06	0.04	0.04	0.08	0.00	0.00	0.00	0.00	0.00	LOS_A	1	0.00	0.00	0			LOS_A	
1	14400-18000	90			1638	1464	19	113	40	0.07	0.07	0.04	0.04	0.08	0.00	0.00	0.00	0.00	0.00	LOS_A	1	0.00	0.00	2	0.01	0.00	LOS_A	1
1	14400-18000	91-260: Hopkins Rd@76.3-419@20.9	260	419	391	368	0	18	5	1.29	1.18		2.96	2.95	0.00	0.00		0.00	0.00	LOS_A	1	0.00	0.00	0			LOS_A	
1	14400-18000	91-260: Hopkins Rd@76.3-427: Hopkins Rd@13.9	260	427	484	416	2	47	6	0.13	0.13	0.39	0.17	0.13	0.00	0.00	0.00	0.00	0.00	LOS_A	1	0.00	0.00	13	0.02	0.00	LOS_A	1
1	14400-18000	91-426: Hopkins Rd@79.1-43: Hopkins Rd@14.4	426	43	591	535	3	33	5	0.58	0.59	0.30	0.50	0.04	0.00	0.00	0.00	0.00	0.00	LOS_A	1	0.00	0.00	15	0.61	0.00	LOS_A	1
1	14400-18000	91			1466	1319	5	98	16	0.62	0.61	0.34	0.80	0.99	0.00	0.00	0.00	0.00	0.00	LOS_A	1	0.00	0.00	28	0.34	0.00	LOS_A	1
1	14400-18000	92-43: Hopkins Rd@153.1-43: Hopkins Rd@182.8	43	43	591	535	3	33	5	0.46	0.48	0.30	0.32	0.02	0.00	0.00	0.00	0.00	0.00	LOS_A	1	0.00	0.00	15	0.27	0.00	LOS_A	1
1	14400-18000	92-194: Western Fwy@606.2-1907: Western Fwy@12.3	194	1907	1905	1760	16	99	30	0.35	0.35	0.46	0.34	0.43	0.00	0.00	0.00	0.00	0.00	LOS_A	1	0.00	0.00	0			LOS_A	
1	14400-18000	92-414: Hopkins Rd@174.6-414: Hopkins Rd@204.8	414	414	875	784	2	65	11	0.26	0.28	0.33	0.18	0.13	0.00	0.00	0.00	0.00	0.00	LOS_A	1	0.00	0.00	13	0.01	0.00	LOS_A	1
1	14400-18000	92-1906@89.9-1907: Western Fwy@12.3	1906	1907	713	670	1	33	9	6.23	6.30	9.67	4.72	6.22	0.05	0.05	0.00	0.00	0.00	LOS_A	1	0.23	41.12	0			LOS_A	
1	14400-18000	92			4084	3749	22	230	55	1.37	1.41	0.85	0.92	1.28	0.01	0.01	0.00	0.00	0.00	LOS_A	1	0.06	41.12	28	0.15	0.00	LOS_A	1
1	14400-18000	93-224: Western Fwy@24.6-149@43.1	224	149	246	188	4	49	5	0.18	0.21	0.59	0.05	0.11	0.03	0.04	0.00	0.00	0.00	LOS_A	1	0.00	0.00	0			LOS_A	
1	14400-18000	93-224: Western Fwy@24.6-196: Western Fwy@41.3	224	196	1318	1164	18	97	39	0.13	0.13	0.12	0.12	0.11	0.01	0.01	0.00	0.00	0.00	LOS_A	1	0.00	0.00	0			LOS_A	
1	14400-18000	93			1564	1352	22	146	44	0.14	0.14	0.20	0.10	0.11	0.01	0.02	0.00	0.00	0.00	LOS_A	1	0.00	0.00	0			LOS_A	
1	14400-18000	94-949: Western Fwy@23.0-136@6.0	949	136	740	706	0	30	4	0.09	0.09		0.13	0.16	0.00	0.00		0.00	0.00	LOS_A	1	0.00	0.00	0			LOS_A	
1	14400-18000	94-949: Western Fwy@23.0-389: Western Fwy  Deer Park Byp@4.2	949	389	1882	1728	17	102	35	0.16	0.15	0.35	0.24	0.17	0.00	0.00	0.00	0.00	0.00	LOS_A	1	0.00	0.00	0			LOS_A	
1	14400-18000	94			2622	2434	17	132	39	0.14	0.13	0.35	0.21	0.17	0.00	0.00	0.00	0.00	0.00	LOS_A	1	0.00	0.00	0			LOS_A	
1	14400-18000	95-952: Western Hwy@59.0-1039: Western Fwy@18.1	952	1039	492	451	0	35	6	0.73	0.73		0.87	0.33	0.00	0.00		0.00	0.00	LOS_A	1	0.00	0.00	0			LOS_A	
1	14400-18000	95-1038: Western Fwy  Deer Park Byp@184.1-1039: Western Fwy@18.1	1038	1039	1072	901	22	111	38	0.60	0.56	0.78	0.67	1.33	0.00	0.00	0.00	0.00	0.00	LOS_A	1	0.00	0.00	0			LOS_A	
1	14400-18000	95			1564	1352	22	146	44	0.64	0.62	0.78	0.72	1.19	0.00	0.00	0.00	0.00	0.00	LOS_A	1	0.00	0.00	0			LOS_A	
1	14400-18000	96-1904@24.9-147: Western Fwy  Deer Park Byp@16.1	1904	147	489	437	0	43	9	0.92	0.99		0.45	0.10	0.01	0.02		0.00	0.00	LOS_A	1	0.00	0.00	0			LOS_A	
1	14400-18000	96-24821: Western Fwy  Deer Park Byp@1488.1-147: Western Fwy  Deer Park Byp@16.1	24821	147	1882	1728	17	102	35	0.08	0.08	0.05	0.06	0.07	0.00	0.00	0.00	0.00	0.00	LOS_A	1	0.00	0.00	0			LOS_A	
1	14400-18000	96			2371	2165	17	145	44	0.25	0.26	0.05	0.18	0.07	0.00	0.00	0.00	0.00	0.00	LOS_A	1	0.00	0.00	0			LOS_A	
1	14400-18000	97-240: Western Fwy  Deer Park Byp@38.0-126@16.7	240	126	361	283	6	49	23	3.75	3.21	5.91	5.59	5.87	0.00	0.00	0.00	0.00	0.02	LOS_A	1	0.04	21.26	0			LOS_A	
1	14400-18000	97-240: Western Fwy  Deer Park Byp@38.0-189: Western Fwy  Deer Park Byp@8.6	240	189	1072	901	22	111	38	0.44	0.37	0.53	0.71	1.34	0.00	0.00	0.00	0.00	0.07	LOS_A	1	0.04	21.26	0			LOS_A	
1	14400-18000	97			1433	1184	28	160	61	1.27	1.05	1.68	2.21	3.05	0.00	0.00	0.00	0.00	0.05	LOS_A	1	0.04	21.26	0			LOS_A	
1	14400-18000	98-91: Ballarat Rd  Western Hwy@67.3-362: Ballarat Rd  Western Hwy@13.4	91	362	704	678	0	24	2	0.10	0.10		0.08	0.17	0.00	0.00		0.00	0.00	LOS_A	1	0.00	0.00	0			LOS_A	
1	14400-18000	98-92: Ballarat Rd  Western Hwy@8.7-362: Ballarat Rd  Western Hwy@13.4	92	362	0	0	0	0	0											LOS_A		0.00	0.00	0			LOS_A	
1	14400-18000	98			704	678	0	24	2	0.10	0.10		0.08	0.17	0.00	0.00		0.00	0.00	LOS_A	1	0.00	0.00	0			LOS_A	
1	14400-18000	99-209: Ballarat Rd  Western Hwy@46.4-1: Ballarat Rd  Western Hwy@6.6	209	1	704	678	0	24	2	0.08	0.08		0.08	0.19	0.00	0.00		0.00	0.00	LOS_A	1	0.00	0.00	0			LOS_A	
1	14400-18000	99-209: Ballarat Rd  Western Hwy@46.4-2: Ballarat Rd  Western Hwy@6.5	209	2	0	0	0	0	0											LOS_A		0.00	0.00	0			LOS_A	
1	14400-18000	99			704	678	0	24	2	0.08	0.08		0.08	0.19	0.00	0.00		0.00	0.00	LOS_A	1	0.00	0.00	0			LOS_A	
1	14400-18000	100-1141@18.3-1143@28.5	1141	1143	0	0	0	0	0											LOS_A		0.00	0.00	0			LOS_A	
1	14400-18000	100-1141@18.3-1147@16.5	1141	1147	145	142	0	3	0	1.31	1.31		1.19		0.00	0.00		0.00		LOS_A	1	0.00	0.00	0			LOS_A	
1	14400-18000	100-1141@18.3-1152@26.0	1141	1152	85	84	0	1	0	0.42	0.42		0.36		0.00	0.00		0.00		LOS_A	1	0.00	0.00	0			LOS_A	
1	14400-18000	100-1141@18.3-1158@25.0	1141	1158	288	285	0	3	0	0.73	0.72		1.73		0.00	0.00		0.00		LOS_A	1	0.00	0.00	0			LOS_A	
1	14400-18000	100-1146@382.0-1143@28.5	1146	1143	113	112	0	1	0	2.48	2.46		4.23		0.00	0.00		0.00		LOS_A	1	0.00	0.00	0			LOS_A	
1	14400-18000	100-1146@382.0-1147@16.5	1146	1147	0	0	0	0	0											LOS_A		0.00	0.00	0			LOS_A	
1	14400-18000	100-1146@382.0-1152@26.0	1146	1152	96	92	0	4	0	0.60	0.62		0.16		0.00	0.00		0.00		LOS_A	1	0.00	0.00	0			LOS_A	
1	14400-18000	100-1146@382.0-1158@25.0	1146	1158	71	69	0	2	0	1.21	1.24		0.27		0.02	0.02		0.00		LOS_A	1	0.00	0.00	0			LOS_A	
1	14400-18000	100-1159@120.5-1143@28.5	1159	1143	221	218	0	3	0	1.89	1.89		1.91		0.03	0.03		0.00		LOS_A	1	0.78	116.11	0			LOS_A	
1	14400-18000	100-1159@120.5-1147@16.5	1159	1147	104	103	0	1	0	1.65	1.65		1.43		0.00	0.00		0.00		LOS_A	1	0.78	116.11	0			LOS_A	
1	14400-18000	100-1159@120.5-1152@26.0	1159	1152	62	62	0	0	0	2.19	2.19				0.02	0.02				LOS_A	1	0.78	116.11	0			LOS_A	
1	14400-18000	100-1159@120.5-1158@25.0	1159	1158	0	0	0	0	0											LOS_A		0.78	116.11	0			LOS_A	
1	14400-18000	100-1234@184.1-1143@28.5	1234	1143	121	115	0	5	1	1.45	1.49		0.79	0.28	0.02	0.02		0.00	0.00	LOS_A	1	0.00	0.00	0			LOS_A	
1	14400-18000	100-1234@184.1-1147@16.5	1234	1147	217	212	0	5	0	1.42	1.42		1.34		0.00	0.00		0.00		LOS_A	1	0.00	0.00	0			LOS_A	
1	14400-18000	100-1234@184.1-1152@26.0	1234	1152	0	0	0	0	0											LOS_A		0.00	0.00	0			LOS_A	
1	14400-18000	100-1234@184.1-1158@25.0	1234	1158	88	88	0	0	0	0.78	0.78				0.00	0.00				LOS_A	1	0.00	0.00	0			LOS_A	
1	14400-18000	100			1611	1582	0	28	1	1.33	1.33		1.15	0.28	0.01	0.01		0.00	0.00	LOS_A	1	0.19	116.11	0			LOS_A	
1	14400-18000	101-1144@12.5-1140@37.3	1144	1140	0	0	0	0	0											LOS_A		0.00	0.00	0			LOS_A	
1	14400-18000	101-1144@12.5-1168@28.2	1144	1168	32	32	0	0	0	0.58	0.58				0.00	0.00				LOS_A	1	0.00	0.00	0			LOS_A	
1	14400-18000	101-1144@12.5-1170@29.6	1144	1170	212	211	0	1	0	0.47	0.47		0.13		0.00	0.00		0.00		LOS_A	1	0.00	0.00	0			LOS_A	
1	14400-18000	101-1144@12.5-1171@32.9	1144	1171	211	202	0	8	1	1.43	1.46		0.86	0.00	0.00	0.00		0.00	0.00	LOS_A	1	0.00	0.00	0			LOS_A	
1	14400-18000	101-1167@141.4-1140@37.3	1167	1140	56	55	0	1	0	1.18	1.20		0.11		0.03	0.03		0.00		LOS_A	1	0.00	0.00	0			LOS_A	
1	14400-18000	101-1167@141.4-1168@28.2	1167	1168	0	0	0	0	0											LOS_A		0.00	0.00	0			LOS_A	
1	14400-18000	101-1167@141.4-1170@29.6	1167	1170	26	26	0	0	0	0.36	0.36				0.00	0.00				LOS_A	1	0.00	0.00	0			LOS_A	
1	14400-18000	101-1167@141.4-1171@32.9	1167	1171	48	46	0	2	0	0.30	0.28		0.65		0.00	0.00		0.00		LOS_A	1	0.00	0.00	0			LOS_A	
1	14400-18000	101-1169@143.9-1140@37.3	1169	1140	199	195	0	4	0	1.59	1.58		2.32		0.02	0.02		0.00		LOS_A	1	0.00	0.00	0			LOS_A	
1	14400-18000	101-1169@143.9-1168@28.2	1169	1168	10	10	0	0	0	0.24	0.24				0.00	0.00				LOS_A	1	0.00	0.00	0			LOS_A	
1	14400-18000	101-1169@143.9-1170@29.6	1169	1170	0	0	0	0	0											LOS_A		0.00	0.00	0			LOS_A	
1	14400-18000	101-1169@143.9-1171@32.9	1169	1171	37	37	0	0	0	0.76	0.76				0.00	0.00				LOS_A	1	0.00	0.00	0			LOS_A	
1	14400-18000	101-1172@137.6-1140@37.3	1172	1140	263	261	0	2	0	1.37	1.37		1.45		0.00	0.00		0.00		LOS_A	1	0.00	0.00	0			LOS_A	
1	14400-18000	101-1172@137.6-1168@28.2	1172	1168	20	20	0	0	0	0.52	0.52				0.00	0.00				LOS_A	1	0.00	0.00	0			LOS_A	
1	14400-18000	101-1172@137.6-1170@29.6	1172	1170	18	18	0	0	0	1.47	1.47				0.00	0.00				LOS_A	1	0.00	0.00	0			LOS_A	
1	14400-18000	101-1172@137.6-1171@32.9	1172	1171	0	0	0	0	0											LOS_A		0.00	0.00	0			LOS_A	
1	14400-18000	101			1132	1113	0	18	1	1.11	1.11		1.14	0.00	0.00	0.00		0.00	0.00	LOS_A	1	0.00	0.00	0			LOS_A	
1	14400-18000	102-1150@427.0-1155@20.3	1150	1155	23	23	0	0	0	0.19	0.19				0.00	0.00				LOS_A	1	0.00	0.00	0			LOS_A	
1	14400-18000	102-1150@427.0-1156@9.2	1150	1156	253	249	0	4	0	0.57	0.58		0.43		0.00	0.00		0.00		LOS_A	1	0.00	0.00	0			LOS_A	
1	14400-18000	102-1154@88.9-1153@11.3	1154	1153	161	158	0	3	0	0.28	0.29		0.00		0.00	0.00		0.00		LOS_A	1	0.00	0.00	0			LOS_A	
1	14400-18000	102-1154@88.9-1155@20.3	1154	1155	45	44	0	1	0	1.20	1.18		2.03		0.00	0.00		0.00		LOS_A	1	0.00	0.00	0			LOS_A	
1	14400-18000	102-1157@97.7-1153@11.3	1157	1153	76	76	0	0	0	0.29	0.29				0.00	0.00				LOS_A	1	0.00	0.00	0			LOS_A	
1	14400-18000	102-1157@97.7-1156@9.2	1157	1156	117	111	0	6	0	0.30	0.30		0.21		0.00	0.00		0.00		LOS_A	1	0.00	0.00	0			LOS_A	
1	14400-18000	102			675	661	0	14	0	0.45	0.46		0.36		0.00	0.00		0.00		LOS_A	1	0.00	0.00	0			LOS_A	
1	14400-18000	103			0	0	0	0	0											LOS_A				0			LOS_A	
1	14400-18000	104			0	0	0	0	0											LOS_A				0			LOS_A	
1	14400-18000	105			0	0	0	0	0											LOS_A				0			LOS_A	
1	14400-18000	106			0	0	0	0	0											LOS_A				0			LOS_A	
1	14400-18000	107			0	0	0	0	0											LOS_A				0			LOS_A	
1	14400-18000	108			0	0	0	0	0											LOS_A				0			LOS_A	
1	14400-18000	109			0	0	0	0	0											LOS_A				0			LOS_A	
1	14400-18000	113			0	0	0	0	0											LOS_A				0			LOS_A	
1	14400-18000	114-1081@150.5-1125@21.0	1081	1125	456	407	3	12	3	3.20	2.30	2.19	1.44	0.61	0.02	0.02	0.00	0.00	0.00	LOS_A	1	0.00	0.00	31	16.06	0.02	LOS_C	3
1	14400-18000	114-1081@150.5-1128@12.2	1081	1128	248	238	0	10	0	3.71	3.64		5.46		0.20	0.21		0.00		LOS_A	1	0.00	0.00	0			LOS_A	
1	14400-18000	114-1129@3.3-1130@26.0	1129	1130	415	389	7	13	6	3.34	3.22	5.73	4.76	5.08	0.00	0.00	0.00	0.00	0.00	LOS_A	1	0.00	0.00	0			LOS_A	
1	14400-18000	114-1132@5.3-1125@21.0	1132	1125	179	175	0	3	1	0.28	0.28		0.15	0.21	0.00	0.00		0.00	0.00	LOS_A	1	0.00	0.00	0			LOS_A	
1	14400-18000	114-1240: Western Fwy@6.0-1128@12.2	1240	1128	91	88	0	3	0	0.43	0.42		0.74		0.00	0.00		0.00		LOS_A	1	0.00	0.00	0			LOS_A	
1	14400-18000	114-1240: Western Fwy@6.0-1130@26.0	1240	1130	219	188	0	0	0	0.29	0.23				0.00	0.00				LOS_A	1	0.00	0.00	31	0.70	0.00	LOS_A	1
1	14400-18000	114			1608	1485	10	41	10	2.44	2.14	4.67	3.33	3.25	0.04	0.04	0.00	0.00	0.00	LOS_A	1	0.00	0.00	62	8.38	0.01	LOS_A	1
1	14400-18000	115-1092: Western Fwy@41.4-1091@18.2	1092	1091	469	454	0	14	1	2.88	2.79		5.59	5.16	0.01	0.01		0.00	0.00	LOS_A	1	0.24	74.61	0			LOS_A	
1	14400-18000	115-1092: Western Fwy@41.4-1093: Western Fwy@20.0	1092	1093	953	871	10	50	22	0.84	0.81	0.22	0.95	1.79	0.00	0.01	0.00	0.00	0.00	LOS_A	1	0.24	74.61	0			LOS_A	
1	14400-18000	115			1422	1325	10	64	23	1.51	1.49	0.22	1.97	1.94	0.01	0.01	0.00	0.00	0.00	LOS_A	1	0.24	74.61	0			LOS_A	
1	14400-18000	116-1134: Western Fwy@853.1-1137: Western Fwy@29.6	1134	1137	1014	908	13	68	25	0.06	0.05	0.26	0.04	0.01	0.00	0.00	0.00	0.00	0.00	LOS_A	1	0.00	0.00	0			LOS_A	
1	14400-18000	116-1139@39.2-1137: Western Fwy@29.6	1139	1137	339	326	0	13	0	0.17	0.13		1.13		0.00	0.00		0.00		LOS_A	1	0.00	0.00	0			LOS_A	
1	14400-18000	116			1353	1234	13	81	25	0.08	0.07	0.26	0.21	0.01	0.00	0.00	0.00	0.00	0.00	LOS_A	1	0.00	0.00	0			LOS_A	
1	14400-18000	117-1093: Western Fwy@887.1-1118: Western Fwy@20.0	1093	1118	954	872	10	50	22	0.07	0.07	0.03	0.07	0.07	0.00	0.00	0.00	0.00	0.00	LOS_A	1	0.00	0.00	0			LOS_A	
1	14400-18000	117-1117@115.1-1118: Western Fwy@20.0	1117	1118	523	498	4	18	3	0.26	0.26	0.13	0.38	0.27	0.00	0.00	0.00	0.00	0.00	LOS_A	1	0.00	0.00	0			LOS_A	
1	14400-18000	117			1477	1370	14	68	25	0.14	0.14	0.06	0.16	0.09	0.00	0.00	0.00	0.00	0.00	LOS_A	1	0.00	0.00	0			LOS_A	
1	14400-18000	118-1135: Western Fwy@35.7-1134: Western Fwy@6.5	1135	1134	1014	908	13	68	25	0.92	0.89	1.71	1.08	1.22	0.00	0.00	0.00	0.00	0.00	LOS_A	1	0.01	11.95	0			LOS_A	
1	14400-18000	118-1135: Western Fwy@35.7-1136: Western Fwy@4.3	1135	1136	594	564	7	16	7	3.49	3.38	5.83	5.26	5.61	0.00	0.00	0.00	0.00	0.00	LOS_A	1	0.01	11.95	0			LOS_A	
1	14400-18000	118			1608	1472	20	84	32	1.87	1.85	3.15	1.88	2.18	0.00	0.00	0.00	0.00	0.00	LOS_A	1	0.01	11.95	0			LOS_A	
1	14400-18000	119-1090@228.7-1098@20.0	1090	1098	87	87	0	0	0	0.34	0.34				0.00	0.00				LOS_A	1	0.00	0.00	0			LOS_A	
1	14400-18000	119-1090@228.7-1100@8.0	1090	1100	382	367	0	14	1	0.98	0.89		3.07	3.45	0.00	0.00		0.00	0.00	LOS_A	1	0.00	0.00	0			LOS_A	
1	14400-18000	119-1114@10.9-1098@20.0	1114	1098	224	189	0	3	0	0.27	0.30		0.06		0.00	0.00		0.00		LOS_A	1	0.00	0.00	32	0.17	0.00	LOS_A	1
1	14400-18000	119-1114@10.9-1116@15.9	1114	1116	196	189	1	6	0	0.47	0.44	1.65	1.19		0.00	0.00	0.00	0.00		LOS_A	1	0.01	26.00	0			LOS_A	
1	14400-18000	119-1237@6.9-1100@8.0	1237	1100	308	273	0	3	1	1.41	1.45		1.81	4.22	0.00	0.00		0.00	0.00	LOS_A	1	0.00	0.00	31	0.88	0.00	LOS_A	1
1	14400-18000	119-1237@6.9-1116@15.9	1237	1116	327	309	3	12	3	2.32	2.22	4.66	3.76	4.19	0.00	0.00	0.00	0.00	0.00	LOS_A	1	0.00	0.00	0			LOS_A	
1	14400-18000	119			1524	1414	4	38	5	1.15	1.12	3.91	2.65	4.05	0.00	0.00	0.00	0.00	0.00	LOS_A	1	0.00	26.00	63	0.52	0.00	LOS_A	1
1	14400-18000	120-1100@12.7-1099@27.3	1100	1099	444	402	0	11	0	0.55	0.31		0.23		0.00	0.00		0.00		LOS_A	1	0.00	0.00	31	3.76	0.00	LOS_A	1
1	14400-18000	120-1100@12.7-1103@19.5	1100	1103	113	113	0	0	0	0.44	0.44				0.03	0.03				LOS_A	1	0.08	13.42	0			LOS_A	
1	14400-18000	120-1100@12.7-1107@21.1	1100	1107	133	125	0	6	2	0.25	0.24		0.42	0.71	0.00	0.00		0.00	0.00	LOS_A	1	0.00	0.00	0			LOS_A	
1	14400-18000	120-1106@32.8-1099@27.3	1106	1099	0	0	0	0	0											LOS_A		0.00	0.00	0			LOS_A	
1	14400-18000	120-1106@32.8-1103@19.5	1106	1103	0	0	0	0	0											LOS_A		0.00	0.00	0			LOS_A	
1	14400-18000	120-1106@32.8-1112@5.6	1106	1112	147	142	1	4	0	0.31	0.29	0.93	0.83		0.00	0.00	0.00	0.00		LOS_A	1	0.00	0.00	0			LOS_A	
1	14400-18000	120-1184@12.8-1184@46.5	1184	1184	1	1	0	0	0	0.00	0.00				0.00	0.00				LOS_A	1	0.00	0.00	0			LOS_A	
1	14400-18000	120-1186@9.2-1186@61.3	1186	1186	2	0	0	0	0	0.00					0.00					LOS_A	1	0.05	14.87	0			LOS_A	
1	14400-18000	120-1189@5.6-1189@50.7	1189	1189	4	0	0	0	0	0.00					0.00					LOS_A	1	0.18	20.28	0			LOS_A	
1	14400-18000	120-1190@11.3-1190@56.8	1190	1190	3	0	0	0	0	0.00					0.00					LOS_A	1	0.08	15.44	0			LOS_A	
1	14400-18000	120-1191@12.4-1191@46.2	1191	1191	3	3	0	0	0	0.00	0.00				0.00	0.00				LOS_A	1	0.00	0.00	0			LOS_A	
1	14400-18000	120-1192@6.0-1192@58.2	1192	1192	1	0	0	0	0	0.00					0.00					LOS_A	1	0.04	20.27	0			LOS_A	
1	14400-18000	120-1193@13.6-1193@42.6	1193	1193	5	0	0	0	0	0.00					0.00					LOS_A	1	0.12	15.64	0			LOS_A	
1	14400-18000	120-1194@0.7-1194@34.7	1194	1194	1	0	0	0	0	0.00					0.00					LOS_A	1	0.02	13.49	0			LOS_A	
1	14400-18000	120-1236@14.1-1103@19.5	1236	1103	0	0	0	0	0											LOS_A		0.00	0.00	0			LOS_A	
1	14400-18000	120-1236@14.1-1107@21.1	1236	1107	20	16	0	4	0	0.32	0.37		0.11		0.00	0.00		0.00		LOS_A	1	0.00	0.00	0			LOS_A	
1	14400-18000	120-1236@14.1-1112@5.6	1236	1112	272	236	0	5	0	0.95	1.05		1.47		0.00	0.00		0.00		LOS_A	1	0.00	0.00	31	0.09	0.00	LOS_A	1
1	14400-18000	120-1239@4.2-1099@27.3	1239	1099	3	3	0	0	0	0.15	0.15				0.00	0.00				LOS_A	1	0.00	0.00	0			LOS_A	
1	14400-18000	120-1239@4.2-1107@21.1	1239	1107	0	0	0	0	0											LOS_A		0.00	0.00	0			LOS_A	
1	14400-18000	120-1239@4.2-11576@36.8	1239	11576	0	0	0	0	0											LOS_A		0.00	0.00	0			LOS_A	
1	14400-18000	120			1152	1041	1	30	2	0.55	0.48	0.93	0.54	0.71	0.00	0.00	0.00	0.00	0.00	LOS_A	1	0.04	20.28	62	1.92	0.00	LOS_A	1
1	14400-18000	121			0	0	0	0	0											LOS_A				0			LOS_A	
1	14400-18000	122			0	0	0	0	0											LOS_A				0			LOS_A	
1	14400-18000	123			0	0	0	0	0											LOS_A				0			LOS_A	
1	14400-18000	124-1123@88.6-1122@4.7	1123	1122	15	15	0	0	0	0.06	0.06				0.00	0.00				LOS_A	1	0.00	0.00	0			LOS_A	
1	14400-18000	124-1130@109.7-1122@4.7	1130	1122	632	575	7	13	6	1.09	0.39	0.37	0.19	0.16	0.00	0.00	0.00	0.00	0.00	LOS_A	1	4.90	31.41	31	14.66	0.00	LOS_B	2
1	14400-18000	124-1130@109.7-1180@8.5	1130	1180	2	2	0	0	0	0.04	0.04				0.00	0.00				LOS_A	1	4.90	31.41	0			LOS_A	
1	14400-18000	124			649	592	7	13	6	1.06	0.38	0.37	0.19	0.16	0.00	0.00	0.00	0.00	0.00	LOS_A	1	2.45	31.41	31	14.66	0.00	LOS_B	2
1	14400-18000	125			0	0	0	0	0											LOS_A				0			LOS_A	
1	14400-18000	244-1156@962.0-1223@12.7	1156	1223	0	0	0	0	0											LOS_A		0.00	0.00	0			LOS_A	
1	14400-18000	244-1156@962.0-1224@15.7	1156	1224	370	360	0	10	0	0.08	0.08		0.05		0.00	0.00		0.00		LOS_A	1	0.00	0.00	0			LOS_A	
1	14400-18000	244-1221@50.0-1224@15.7	1221	1224	0	0	0	0	0											LOS_A		0.00	0.00	0			LOS_A	
1	14400-18000	244-1221@50.0-1225@11.6	1221	1225	0	0	0	0	0											LOS_A		0.00	0.00	0			LOS_A	
1	14400-18000	244-1227@99.3-1223@12.7	1227	1223	0	0	0	0	0											LOS_A		0.00	0.00	0			LOS_A	
1	14400-18000	244-1227@99.3-1225@11.6	1227	1225	206	202	0	4	0	0.37	0.38		0.01		0.00	0.00		0.00		LOS_A	1	0.00	0.00	0			LOS_A	
1	14400-18000	244			576	562	0	14	0	0.18	0.19		0.04		0.00	0.00		0.00		LOS_A	1	0.00	0.00	0			LOS_A	
1	14400-18000	245			0	0	0	0	0											LOS_A				0			LOS_A	
1	14400-18000	246-1224@100.1-1229@17.2	1224	1229	29	29	0	0	0	0.09	0.09				0.00	0.00				LOS_A	1	0.00	0.00	0			LOS_A	
1	14400-18000	246-1224@100.1-1230@17.9	1224	1230	341	331	0	10	0	0.33	0.33		0.16		0.00	0.00		0.00		LOS_A	1	0.00	0.00	0			LOS_A	
1	14400-18000	246-1228@93.7-1227@14.9	1228	1227	23	23	0	0	0	0.08	0.08				0.00	0.00				LOS_A	1	0.00	0.00	0			LOS_A	
1	14400-18000	246-1228@93.7-1230@17.9	1228	1230	60	59	0	0	1	0.10	0.11			0.08	0.00	0.00			0.00	LOS_A	1	0.00	0.00	0			LOS_A	
1	14400-18000	246-1235@217.9-1227@14.9	1235	1227	183	179	0	4	0	0.41	0.42		0.01		0.00	0.00		0.00		LOS_A	1	0.00	0.00	0			LOS_A	
1	14400-18000	246-1235@217.9-1229@17.2	1235	1229	47	46	0	1	0	0.22	0.22		0.25		0.00	0.00		0.00		LOS_A	1	0.00	0.00	0			LOS_A	
1	14400-18000	246			683	667	0	15	1	0.30	0.31		0.12	0.08	0.00	0.00		0.00	0.00	LOS_A	1	0.00	0.00	0			LOS_A	
1	14400-18000	247			0	0	0	0	0											LOS_A				0			LOS_A	
1	14400-18000	248-1152@193.7-1233@16.5	1152	1233	16	16	0	0	0	0.10	0.10				0.00	0.00				LOS_A	1	0.00	0.00	0			LOS_A	
1	14400-18000	248-1152@193.7-1235@13.8	1152	1235	227	222	0	5	0	0.29	0.29		0.03		0.00	0.00		0.00		LOS_A	1	0.00	0.00	0			LOS_A	
1	14400-18000	248-1230@222.2-1233@16.5	1230	1233	1	1	0	0	0	0.23	0.23				0.00	0.00				LOS_A	1	0.00	0.00	0			LOS_A	
1	14400-18000	248-1230@222.2-1234@16.0	1230	1234	400	389	0	10	1	0.26	0.26		0.30	0.33	0.00	0.00		0.00	0.00	LOS_A	1	0.00	0.00	0			LOS_A	
1	14400-18000	248-1232@78.7-1234@16.0	1232	1234	26	26	0	0	0	0.11	0.11				0.00	0.00				LOS_A	1	0.00	0.00	0			LOS_A	
1	14400-18000	248-1232@78.7-1235@13.8	1232	1235	3	3	0	0	0	0.06	0.06				0.00	0.00				LOS_A	1	0.00	0.00	0			LOS_A	
1	14400-18000	248			673	657	0	15	1	0.26	0.26		0.21	0.33	0.00	0.00		0.00	0.00	LOS_A	1	0.00	0.00	0			LOS_A	
1	14400-18000	249			0	0	0	0	0											LOS_A				0			LOS_A	
1	14400-18000	301-2254@5.6-2212@13.2	2254	2212	2	2	0	0	0	0.50	0.50				0.00	0.00				LOS_A	1	0.00	0.00	0			LOS_A	
1	14400-18000	301-2254@5.6-2213: Zone connector@52.1	2254	2213	24	14	0	6	4	1.68	1.19		2.32	2.43	0.00	0.00		0.00	0.00	LOS_A	1	0.00	0.00	0			LOS_A	
1	14400-18000	301-2254@5.6-2214: Ferris Rd@54.4	2254	2214	0	0	0	0	0											LOS_A		0.00	0.00	0			LOS_A	
1	14400-18000	301-2256: Zone connector@12.4-2210@21.6	2256	2210	0	0	0	0	0											LOS_A		0.00	0.00	0			LOS_A	
1	14400-18000	301-2256: Zone connector@12.4-2212@13.2	2256	2212	4	2	0	2	0	3.49	3.13		3.86		0.00	0.00		0.00		LOS_A	1	0.00	0.00	0			LOS_A	
1	14400-18000	301-2256: Zone connector@12.4-2213: Zone connector@52.1	2256	2213	557	528	1	20	6	0.34	0.34	0.29	0.39	0.31	0.00	0.00	0.00	0.00	0.00	LOS_A	1	0.00	0.00	2	0.00	0.00	LOS_A	1
1	14400-18000	301-2257@8.4-2210@21.6	2257	2210	0	0	0	0	0											LOS_A		0.00	0.00	0			LOS_A	
1	14400-18000	301-2257@8.4-2213: Zone connector@52.1	2257	2213	166	146	2	18	0	0.21	0.21	0.22	0.17		0.00	0.00	0.00	0.00		LOS_A	1	0.00	0.00	0			LOS_A	
1	14400-18000	301-2257@8.4-2214: Ferris Rd@54.4	2257	2214	16	0	0	12	4	3.15			3.08	3.34	0.00			0.00	0.00	LOS_A	1	0.00	0.00	0			LOS_A	
1	14400-18000	301-2258: Ferris Rd@4.3-2210@21.6	2258	2210	7	4	0	3	0	3.54	3.10		4.12		0.00	0.00		0.00		LOS_A	1	0.00	0.00	0			LOS_A	
1	14400-18000	301-2258: Ferris Rd@4.3-2212@13.2	2258	2212	185	163	0	19	3	3.59	3.26		5.63	8.35	0.02	0.02		0.00	0.65	LOS_A	1	0.00	0.00	0			LOS_A	
1	14400-18000	301-2258: Ferris Rd@4.3-2214: Ferris Rd@54.4	2258	2214	353	327	1	16	7	0.50	0.50	1.00	0.48	0.67	0.00	0.00	0.00	0.00	0.00	LOS_A	1	0.00	0.00	2	0.06	0.00	LOS_A	1
1	14400-18000	301			1314	1186	4	96	24	0.91	0.79	0.44	2.05	2.28	0.00	0.00	0.00	0.00	0.08	LOS_A	1	0.00	0.00	4	0.03	0.00	LOS_A	1
1	14400-18000	311-435: Leakes Rd@40.0-2350@32.4	435	2350	230	222	0	6	2	0.22	0.22		0.49	0.38	0.00	0.00		0.00	0.00	LOS_A	1	0.00	0.00	0			LOS_A	
1	14400-18000	311-435: Leakes Rd@40.0-2353@40.0	435	2353	499	470	1	19	9	0.08	0.08	0.08	0.19	0.14	0.00	0.00	0.00	0.00	0.00	LOS_A	1	0.00	0.00	0			LOS_A	
1	14400-18000	311-435: Leakes Rd@40.0-2356@40.3	435	2356	83	65	0	1	0	0.07	0.07		0.17		0.00	0.00		0.00		LOS_A	1	0.00	0.00	17	0.08	0.00	LOS_A	1
1	14400-18000	311-2347@136.8-2344: Leakes Rd@21.5	2347	2344	300	290	0	8	2	1.63	1.64		1.05	2.06	0.00	0.00		0.00	0.00	LOS_A	1	0.01	14.78	0			LOS_A	
1	14400-18000	311-2347@136.8-2353@40.0	2347	2353	4	4	0	0	0	0.19	0.19				0.00	0.00				LOS_A	1	0.00	0.00	0			LOS_A	
1	14400-18000	311-2347@136.8-2356@40.3	2347	2356	41	22	0	2	2	0.15	0.26		0.01	0.00	0.00	0.00		0.00	0.00	LOS_A	1	0.00	0.00	15	0.02	0.00	LOS_A	1
1	14400-18000	311-2354@38.7-2344: Leakes Rd@21.5	2354	2344	120	103	0	0	0	0.93	0.98				0.00	0.00				LOS_A	1	0.00	0.00	17	0.62	0.00	LOS_A	1
1	14400-18000	311-2354@38.7-2350@32.4	2354	2350	33	18	0	0	0	0.30	0.39				0.00	0.00				LOS_A	1	0.00	0.00	15	0.20	0.00	LOS_A	1
1	14400-18000	311-2354@38.7-2353@40.0	2354	2353	9	9	0	0	0	0.69	0.69				0.00	0.00				LOS_A	1	0.00	0.00	0			LOS_A	
1	14400-18000	311-2360@81.7-2344: Leakes Rd@21.5	2360	2344	609	582	0	25	2	0.98	0.94		1.51	4.12	0.00	0.00		0.00	0.00	LOS_A	1	0.00	0.00	0			LOS_A	
1	14400-18000	311-2360@81.7-2350@32.4	2360	2350	17	17	0	0	0	0.14	0.14				0.00	0.00				LOS_A	1	0.00	0.00	0			LOS_A	
1	14400-18000	311-2360@81.7-2356@40.3	2360	2356	16	16	0	0	0	2.87	2.87				0.00	0.00				LOS_A	1	0.00	0.00	0			LOS_A	
1	14400-18000	311			1961	1818	1	61	17	0.70	0.71	0.08	0.87	0.85	0.00	0.00	0.00	0.00	0.00	LOS_A	1	0.00	14.78	64	0.24	0.00	LOS_A	1
1	14400-18000	312-2419@3.3-24810@22.1	2419	24810	179	163	0	15	1	0.42	0.44		0.27	0.58	0.00	0.00		0.00	0.00	LOS_A	1	0.00	0.00	0			LOS_A	
1	14400-18000	312-2420@4.1-2422@13.2	2420	2422	406	337	4	53	12	0.65	0.62	0.72	0.76	0.89	0.00	0.00	0.00	0.00	0.00	LOS_A	1	0.00	0.00	0			LOS_A	
1	14400-18000	312-2475@44.5-2391@3.4	2475	2391	459	397	7	43	12	0.52	0.49	1.15	0.63	0.60	0.00	0.00	0.00	0.00	0.00	LOS_A	1	0.00	0.00	0			LOS_A	
1	14400-18000	312-2475@44.5-2422@13.2	2475	2422	80	66	0	11	3	5.55	5.02		7.96	8.23	0.00	0.00		0.00	0.00	LOS_A	1	0.00	0.00	0			LOS_A	
1	14400-18000	312-2527@16.1-2391@3.4	2527	2391	217	168	5	33	11	1.64	1.46	1.99	2.35	2.13	0.00	0.00	0.00	0.00	0.00	LOS_A	1	0.00	0.00	0			LOS_A	
1	14400-18000	312-2527@16.1-24810@22.1	2527	24810	148	145	0	3	0	1.51	1.50		2.27		0.00	0.00		0.00		LOS_A	1	0.00	0.00	0			LOS_A	
1	14400-18000	312			1489	1276	16	158	39	1.07	0.99	1.30	1.54	1.71	0.00	0.00	0.00	0.00	0.00	LOS_A	1	0.00	0.00	0			LOS_A	
1	14400-18000	313-2394@59.8-2414@34.7	2394	2414	715	669	3	37	6	1.68	1.62	3.46	2.45	2.66	0.00	0.00	0.00	0.00	0.00	LOS_A	1	0.00	0.00	0			LOS_A	
1	14400-18000	313-2394@59.8-2418@36.3	2394	2418	143	128	1	12	2	1.08	1.11	0.86	0.79	1.44	0.00	0.00	0.00	0.00	0.00	LOS_A	1	0.00	0.00	0			LOS_A	
1	14400-18000	313-2401@29.1-2389@16.1	2401	2389	310	277	6	22	5	2.74	2.63	4.42	3.40	3.49	0.00	0.00	0.00	0.00	0.00	LOS_A	1	0.00	0.00	0			LOS_A	
1	14400-18000	313-2401@29.1-2418@36.3	2401	2418	442	372	3	56	11	0.36	0.34	0.71	0.48	0.46	0.00	0.00	0.00	0.00	0.00	LOS_A	1	0.00	0.00	0			LOS_A	
1	14400-18000	313-2416@14.9-2389@16.1	2416	2389	80	41	5	23	11	1.84	1.56	1.55	2.66	1.26	0.00	0.00	0.00	0.00	0.00	LOS_A	1	0.00	0.00	0			LOS_A	
1	14400-18000	313-2416@14.9-2414@34.7	2416	2414	596	524	7	53	12	1.01	1.05	0.62	0.82	0.41	0.00	0.00	0.00	0.00	0.00	LOS_A	1	0.00	0.00	0			LOS_A	
1	14400-18000	313			2286	2011	25	203	47	1.36	1.34	2.08	1.51	1.28	0.00	0.00	0.00	0.00	0.00	LOS_A	1	0.00	0.00	0			LOS_A	
1	14400-18000	314-2403@220.3-2402@17.0	2403	2402	39	38	0	0	1	0.51	0.52			0.42	0.00	0.00			0.00	LOS_A	1	0.00	0.00	0			LOS_A	
1	14400-18000	314-2403@220.3-2424@24.2	2403	2424	6	6	0	0	0	0.73	0.73				0.00	0.00				LOS_A	1	0.00	0.00	0			LOS_A	
1	14400-18000	314-2409@18.3-2410@13.9	2409	2410	38	38	0	0	0	0.30	0.30				0.00	0.00				LOS_A	1	0.00	0.00	0			LOS_A	
1	14400-18000	314-2409@18.3-2424@24.2	2409	2424	1273	1155	10	90	18	0.80	0.79	0.38	1.00	1.06	0.00	0.00	0.00	0.00	0.00	LOS_A	1	0.00	0.00	0			LOS_A	
1	14400-18000	314-2413@40.6-2402@17.0	2413	2402	713	611	9	78	15	1.12	1.14	1.31	0.95	0.83	0.00	0.00	0.00	0.00	0.00	LOS_A	1	0.00	0.00	0			LOS_A	
1	14400-18000	314-2413@40.6-2410@13.9	2413	2410	2	1	0	1	0	1.51	2.97		0.04		0.00	0.00		0.00		LOS_A	1	0.00	0.00	0			LOS_A	
1	14400-18000	314-2517@5.7-2517@54.4	2517	2517	0	0	0	0	0											LOS_A		0.00	0.00	0			LOS_A	
1	14400-18000	314			2071	1849	19	169	34	0.90	0.89	0.82	0.97	0.94	0.00	0.00	0.00	0.00	0.00	LOS_A	1	0.00	0.00	0			LOS_A	
1	14400-18000	315-2424@32.6-2426@30.8	2424	2426	1174	1070	10	79	15	0.16	0.16	0.14	0.15	0.17	0.00	0.00	0.00	0.00	0.00	LOS_A	1	0.00	0.00	0			LOS_A	
1	14400-18000	315-2424@32.6-2434@37.0	2424	2434	17	13	0	2	2	0.12	0.03		0.35	0.44	0.00	0.00		0.00	0.00	LOS_A	1	0.00	0.00	0			LOS_A	
1	14400-18000	315-2424@32.6-2439@33.6	2424	2439	88	78	0	9	1	0.27	0.24		0.44	0.83	0.00	0.00		0.00	0.00	LOS_A	1	0.00	0.00	0			LOS_A	
1	14400-18000	315-2430@18.6-2413@31.6	2430	2413	124	107	2	12	3	2.09	1.83	3.66	3.73	3.93	0.00	0.00	0.00	0.00	0.00	LOS_A	1	0.00	0.00	0			LOS_A	
1	14400-18000	315-2430@18.6-2426@30.8	2430	2426	13	10	0	3	0	0.52	0.68		0.01		0.00	0.00		0.00		LOS_A	1	0.00	0.00	0			LOS_A	
1	14400-18000	315-2430@18.6-2439@33.6	2430	2439	4	4	0	0	0	4.15	4.15				0.00	0.00				LOS_A	1	0.00	0.00	0			LOS_A	
1	14400-18000	315-2438@12.4-2413@31.6	2438	2413	29	23	0	5	1	0.63	0.53		1.25	0.00	0.00	0.00		0.00	0.00	LOS_A	1	0.00	0.00	0			LOS_A	
1	14400-18000	315-2438@12.4-2426@30.8	2438	2426	22	18	2	2	0	3.84	3.25	7.24	5.77		0.00	0.00	0.00	0.00		LOS_A	1	0.00	0.00	0			LOS_A	
1	14400-18000	315-2438@12.4-2434@37.0	2438	2434	14	14	0	0	0	5.17	5.17				0.00	0.00				LOS_A	1	0.00	0.00	0			LOS_A	
1	14400-18000	315-2442@2.5-2413@31.6	2442	2413	562	482	7	62	11	0.28	0.29	0.28	0.27	0.16	0.00	0.00	0.00	0.00	0.00	LOS_A	1	0.00	0.00	0			LOS_A	
1	14400-18000	315-2442@2.5-2434@37.0	2442	2434	33	33	0	0	0	0.60	0.60				0.00	0.00				LOS_A	1	0.00	0.00	0			LOS_A	
1	14400-18000	315-2442@2.5-2439@33.6	2442	2439	10	7	0	2	1	0.34	0.22		0.49	0.82	0.00	0.00		0.00	0.00	LOS_A	1	0.00	0.00	0			LOS_A	
1	14400-18000	315			2090	1859	21	176	34	0.41	0.38	1.20	0.55	0.55	0.00	0.00	0.00	0.00	0.00	LOS_A	1	0.00	0.00	0			LOS_A	
1	14400-18000	316			0	0	0	0	0											LOS_A				0			LOS_A	
1	14400-18000	317			0	0	0	0	0											LOS_A				0			LOS_A	
1	14400-18000	318			0	0	0	0	0											LOS_A				0			LOS_A	
1	14400-18000	319			0	0	0	0	0											LOS_A				0			LOS_A	
1	14400-18000	320			0	0	0	0	0											LOS_A				0			LOS_A	
1	14400-18000	322-2388@49.7-2387: Western Fwy  Deer Park Byp@24.8	2388	2387	390	318	11	45	16	1.69	1.45	8.04	1.66	2.06	0.10	0.01	3.01	0.01	0.16	LOS_A	1	0.00	0.00	0			LOS_A	
1	14400-18000	322-2397: Western Fwy  Deer Park Byp@854.3-2387: Western Fwy  Deer Park Byp@24.8	2397	2387	1043	866	17	115	45	0.06	0.05	0.63	0.08	0.13	0.00	0.00	0.00	0.00	0.00	LOS_A	1	0.00	0.00	0			LOS_A	
1	14400-18000	322			1433	1184	28	160	61	0.50	0.42	3.54	0.52	0.64	0.03	0.00	1.18	0.00	0.04	LOS_A	1	0.00	0.00	0			LOS_A	
1	14400-18000	323-2479: Western Fwy  Deer Park Byp@45.3-2477@22.4	2479	2477	539	463	7	54	15	2.75	2.42	5.23	4.66	4.97	0.02	0.02	0.00	0.00	0.00	LOS_A	1	0.07	25.01	0			LOS_A	
1	14400-18000	323-2479: Western Fwy  Deer Park Byp@45.3-2478: Western Fwy  Deer Park Byp@24.6	2479	2478	1832	1702	10	91	29	0.36	0.36	0.12	0.32	0.35	0.00	0.00	0.00	0.00	0.00	LOS_A	1	0.07	25.01	0			LOS_A	
1	14400-18000	323			2371	2165	17	145	44	0.90	0.80	2.22	1.94	1.92	0.00	0.00	0.00	0.00	0.00	LOS_A	1	0.07	25.01	0			LOS_A	
1	14400-18000	324-2478: Western Fwy  Deer Park Byp@817.5-2483: Western Fwy  Deer Park Byp@32.3	2478	2483	1834	1704	10	91	29	0.11	0.11	0.05	0.12	0.12	0.00	0.00	0.00	0.00	0.00	LOS_A	1	0.00	0.00	0			LOS_A	
1	14400-18000	324-2485@35.4-2483: Western Fwy  Deer Park Byp@32.3	2485	2483	327	308	0	18	1	0.59	0.58		0.85	0.01	0.00	0.00		0.00	0.00	LOS_A	1	0.00	0.00	0			LOS_A	
1	14400-18000	324			2161	2012	10	109	30	0.18	0.18	0.05	0.24	0.12	0.00	0.00	0.00	0.00	0.00	LOS_A	1	0.00	0.00	0			LOS_A	
1	14400-18000	325-2398: Western Fwy  Deer Park Byp@29.7-2385@22.8	2398	2385	858	797	4	49	8	4.78	4.68	6.52	5.95	6.09	0.07	0.07	0.00	0.00	0.00	LOS_A	1	0.03	20.34	0			LOS_A	
1	14400-18000	325-2398: Western Fwy  Deer Park Byp@29.7-2397: Western Fwy  Deer Park Byp@22.4	2398	2397	1043	866	17	115	45	0.32	0.26	1.09	0.39	1.01	0.00	0.00	0.00	0.00	0.00	LOS_A	1	0.03	20.34	0			LOS_A	
1	14400-18000	325			1901	1663	21	164	53	2.33	2.38	2.12	2.05	1.78	0.03	0.04	0.00	0.00	0.00	LOS_A	1	0.03	20.34	0			LOS_A	
1	14400-18000	326-2502: Western Fwy  Deer Park Byp@2131.3-271708: Western Fwy  Deer Park Byp@8.4	2502	271708	982	864	11	79	28	4.77	4.77	9.79	4.18	4.55	0.01	0.01	0.00	0.00	0.00	LOS_A	1	0.00	0.00	0			LOS_A	
1	14400-18000	326-2514: Western Fwy  Deer Park Byp@123.6-271708: Western Fwy  Deer Park Byp@8.4	2514	271708	919	799	10	85	25	3.80	3.65	8.76	4.46	4.62	0.00	0.00	0.05	0.00	0.00	LOS_A	1	0.00	0.00	0			LOS_A	
1	14400-18000	326			1901	1663	21	164	53	4.30	4.23	9.30	4.32	4.59	0.01	0.01	0.02	0.00	0.00	LOS_A	1	0.00	0.00	0			LOS_A	
1	14400-18000	327-2505: Western Fwy  Deer Park Byp@34.2-2506: Western Fwy  Deer Park Byp@21.2	2505	2506	1531	1403	10	93	25	0.16	0.16	0.24	0.13	0.24	0.02	0.02	0.00	0.00	0.00	LOS_A	1	0.13	32.39	0			LOS_A	
1	14400-18000	327-2505: Western Fwy  Deer Park Byp@34.2-2508: Western Fwy  Deer Park Byp@13.2	2505	2508	632	611	0	16	5	0.55	0.55		0.88	0.68	0.15	0.15		0.00	0.00	LOS_A	1	0.13	32.39	0			LOS_A	
1	14400-18000	327			2163	2014	10	109	30	0.27	0.28	0.24	0.24	0.31	0.05	0.06	0.00	0.00	0.00	LOS_A	1	0.13	32.39	0			LOS_A	

