$VISION
$MOVEMENTEVALUATION:SIMRUN	TIMEINT	MOVEMENT	MOVEMENT\FROMLINK	MOVEMENT\TOLINK	VEHS(ALL)	VEHS(10)	VEHS(20)	VEHS(30)	VEHS(40)	VEHDELAY(ALL)	VEHDELAY(10)	VEHDELAY(20)	VEHDELAY(30)	VEHDELAY(40)	STOPDELAY(ALL)	STOPDELAY(10)	STOPDELAY(20)	STOPDELAY(30)	STOPDELAY(40)	LOS(ALL)	LOSVAL(ALL)	QLEN	QLENMAX
1	3600-7200	43-28: Troups Rd N@6.9-13: Western Hwy@23.8	28	13	99	95	0	3	1	0.27	0.25		0.74	0.60	0.00	0.00		0.00	0.00	LOS_A	1	0.00	0.00
1	3600-7200	43-609: Western Hwy@95.9-13: Western Hwy@23.8	609	13	786	661	5	91	27	1.58	1.58	0.84	1.73	1.39	0.00	0.00	0.00	0.00	0.00	LOS_A	1	0.00	0.00
1	3600-7200	43-609: Western Hwy@95.9-27: Troups Rd N@5.6	609	27	122	112	1	7	2	4.84	4.62	9.54	6.96	7.02	0.00	0.00	0.00	0.00	0.00	LOS_A	1	0.00	0.00
1	3600-7200	43-944: Western Hwy@45.8-73: Western Hwy@23.3	944	73	1744	1646	8	67	21	0.94	0.95	0.97	0.61	0.88	0.00	0.00	0.00	0.00	0.00	LOS_A	1	0.00	0.00
1	3600-7200	43			2751	2514	14	168	51	1.27	1.25	1.53	1.48	1.39	0.00	0.00	0.00	0.00	0.00	LOS_A	1	0.00	0.00
1	3600-7200	44-15@3.2-243: Ferris Rd  Melton Hwy@24.7	15	243	203	191	0	9	1	0.60	0.52		1.68	4.14	0.00	0.00		0.00	0.00	LOS_A	1	0.00	0.00
1	3600-7200	44-421: Ferris Rd@65.5-20@13.7	421	20	23	22	1	0	0	3.49	3.40	5.39			0.00	0.00	0.00			LOS_A	1	0.00	0.00
1	3600-7200	44-421: Ferris Rd@65.5-243: Ferris Rd  Melton Hwy@24.7	421	243	352	333	0	15	3	0.31	0.31		0.11	1.37	0.00	0.00		0.00	0.00	LOS_A	1	0.00	0.00
1	3600-7200	44-682@3.6-420: Ferris Rd@19.2	682	420	27	22	0	4	1	1.04	0.45		2.99	6.36	0.00	0.00		0.00	0.00	LOS_A	1	0.00	0.00
1	3600-7200	44-10393@15.0-19@37.7	10393	19	85	85	0	0	0	3.07	3.07				0.00	0.00				LOS_A	1	0.00	0.00
1	3600-7200	44-10393@15.0-420: Ferris Rd@19.2	10393	420	212	207	0	4	0	0.98	0.95		2.87		0.00	0.00		0.00		LOS_A	1	0.00	0.00
1	3600-7200	44			902	860	1	32	5	0.90	0.87	5.39	1.26	2.92	0.00	0.00	0.00	0.00	0.00	LOS_A	1	0.00	0.00
1	3600-7200	45-680: Melton Hwy@89.9-95: Melton Hwy@34.6	680	95	375	362	0	9	4	0.24	0.21		0.56	1.64	0.00	0.00		0.00	0.00	LOS_A	1	0.00	0.00
1	3600-7200	45-680: Melton Hwy@89.9-363: Gateway Dr@6.2	680	363	20	20	0	0	0	2.31	2.31				0.00	0.00				LOS_A	1	0.00	0.00
1	3600-7200	45-680: Melton Hwy@89.9-500: Zone connector@15.5	680	500	21	21	0	0	0	2.81	2.81				0.00	0.00				LOS_A	1	0.00	0.00
1	3600-7200	45-271472: Melton Hwy@23.5-307: Melton Hwy@23.4	271472	307	319	308	0	11	0	0.01	0.01		0.00		0.00	0.00		0.00		LOS_A	1	0.00	0.00
1	3600-7200	45-271472: Melton Hwy@23.5-363: Gateway Dr@6.2	271472	363	0	0	0	0	0											LOS_A		0.00	0.00
1	3600-7200	45-271472: Melton Hwy@23.5-500: Zone connector@15.5	271472	500	3	3	0	0	0	8.67	8.67				0.00	0.00				LOS_A	1	0.00	0.00
1	3600-7200	45-271481: Gateway Dr@28.0-95: Melton Hwy@34.6	271481	95	0	0	0	0	0											LOS_A		0.00	0.00
1	3600-7200	45-271481: Gateway Dr@28.0-307: Melton Hwy@23.4	271481	307	0	0	0	0	0											LOS_A		0.00	0.00
1	3600-7200	45-271481: Gateway Dr@28.0-500: Zone connector@15.5	271481	500	0	0	0	0	0											LOS_A		0.00	0.00
1	3600-7200	45-271486: Zone connector@56.9-95: Melton Hwy@34.6	271486	95	1	1	0	0	0	0.00	0.00				0.00	0.00				LOS_A	1	0.00	0.00
1	3600-7200	45-271486: Zone connector@56.9-307: Melton Hwy@23.4	271486	307	1	1	0	0	0	1.19	1.19				0.00	0.00				LOS_A	1	0.00	0.00
1	3600-7200	45-271486: Zone connector@56.9-363: Gateway Dr@6.2	271486	363	0	0	0	0	0											LOS_A		0.00	0.00
1	3600-7200	45			740	716	0	20	4	0.30	0.30		0.25	1.64	0.00	0.00		0.00	0.00	LOS_A	1	0.00	0.00
1	3600-7200	46-12: Hopkins Rd@68.9-44: Hopkins Rd@23.1	12	44	436	401	2	24	6	1.14	1.14	0.81	1.10	0.59	0.00	0.00	0.00	0.00	0.00	LOS_A	1	0.00	0.00
1	3600-7200	46-12: Hopkins Rd@68.9-104@37.0	12	104	30	28	0	2	0	0.57	0.60		0.09		0.00	0.00		0.00		LOS_A	1	0.00	0.00
1	3600-7200	46-12: Hopkins Rd@68.9-428@34.4	12	428	12	12	0	0	0	1.98	1.98				0.23	0.23				LOS_A	1	0.00	0.00
1	3600-7200	46-12: Hopkins Rd@68.9-1243: Hopkins Rd@4.3	12	1243	0	0	0	0	0											LOS_A		0.00	0.00
1	3600-7200	46-255: Hopkins Rd@17.0-44: Hopkins Rd@23.1	255	44	0	0	0	0	0											LOS_A		0.00	0.00
1	3600-7200	46-255: Hopkins Rd@17.0-104@37.0	255	104	77	75	0	0	0	0.84	0.86				0.00	0.00				LOS_A	1	0.00	0.00
1	3600-7200	46-255: Hopkins Rd@17.0-428@34.4	255	428	15	15	0	0	0	4.02	4.02				0.00	0.00				LOS_A	1	0.00	0.00
1	3600-7200	46-255: Hopkins Rd@17.0-1243: Hopkins Rd@4.3	255	1243	283	264	0	15	1	1.02	1.01		1.00	1.41	0.00	0.00		0.00	0.00	LOS_A	1	0.00	0.00
1	3600-7200	46-257@11.2-44: Hopkins Rd@23.1	257	44	75	61	0	10	4	2.71	2.64		2.64	3.90	0.76	0.94		0.00	0.00	LOS_A	1	0.00	0.00
1	3600-7200	46-257@11.2-104@37.0	257	104	0	0	0	0	0											LOS_A		0.00	0.00
1	3600-7200	46-257@11.2-428@34.4	257	428	0	0	0	0	0											LOS_A		0.00	0.00
1	3600-7200	46-257@11.2-1243: Hopkins Rd@4.3	257	1243	91	58	3	24	6	2.42	1.84	3.80	3.44	3.25	0.00	0.00	0.00	0.00	0.00	LOS_A	1	0.00	0.00
1	3600-7200	46-429: 7-Eleven NA@91.6-44: Hopkins Rd@23.1	429	44	11	11	0	0	0	0.43	0.43				0.00	0.00				LOS_A	1	0.00	0.00
1	3600-7200	46-429: 7-Eleven NA@91.6-104@37.0	429	104	9	9	0	0	0	0.00	0.00				0.00	0.00				LOS_A	1	0.00	0.00
1	3600-7200	46-429: 7-Eleven NA@91.6-428@34.4	429	428	0	0	0	0	0											LOS_A		0.00	0.00
1	3600-7200	46-429: 7-Eleven NA@91.6-1243: Hopkins Rd@4.3	429	1243	6	6	0	0	0	0.67	0.67				0.00	0.00				LOS_A	1	0.00	0.00
1	3600-7200	46			1045	940	5	75	17	1.32	1.24	2.60	2.01	2.35	0.06	0.06	0.00	0.00	0.00	LOS_A	1	0.00	0.00
1	3600-7200	47-4: Caroline Springs Blvd@6.8-212: Caroline Springs Blvd@4.6	4	212	669	646	1	14	4	0.94	0.82	0.00	1.02	1.05	0.00	0.00	0.00	0.00	0.00	LOS_A	1	0.00	0.00
1	3600-7200	47-4: Caroline Springs Blvd@6.8-446@6.0	4	446	0	0	0	0	0											LOS_A		0.00	0.00
1	3600-7200	47-447: Caroline Spring Blvd NA@32.5-212: Caroline Springs Blvd@4.6	447	212	2	2	0	0	0	0.00	0.00				0.00	0.00				LOS_A	1	0.00	0.00
1	3600-7200	47-887: Caroline Springs Blvd@16.4-212: Caroline Springs Blvd@4.6	887	212	3	1	0	2	0	7.20	6.27		7.66		0.00	0.00		0.00		LOS_A	1	0.00	0.00
1	3600-7200	47-887: Caroline Springs Blvd@16.4-448@12.1	887	448	221	192	2	21	2	0.29	0.22	0.16	0.50	0.00	0.00	0.00	0.00	0.00	0.00	LOS_A	1	0.00	0.00
1	3600-7200	47			895	841	3	37	6	0.80	0.69	0.11	1.08	0.70	0.00	0.00	0.00	0.00	0.00	LOS_A	1	0.00	0.00
1	3600-7200	48-271519: Meskos Rd@47.0-12: Hopkins Rd@26.0	271519	12	29	25	0	2	0	1.11	0.75		2.43		0.00	0.00		0.00		LOS_A	1	0.00	0.00
1	3600-7200	48-271519: Meskos Rd@47.0-55: Hopkins Rd@15.4	271519	55	4	3	0	1	0	0.08	0.11		0.00		0.00	0.00		0.00		LOS_A	1	0.00	0.00
1	3600-7200	48-271519: Meskos Rd@47.0-82: Sheahan Rd@36.7	271519	82	0	0	0	0	0											LOS_A		0.00	0.00
1	3600-7200	48-271522: Hopkins Rd@23.9-55: Hopkins Rd@15.4	271522	55	280	243	3	29	4	0.69	0.59	2.06	1.31	1.44	0.00	0.00	0.00	0.00	0.00	LOS_A	1	0.00	0.00
1	3600-7200	48-271522: Hopkins Rd@23.9-66: Meskos Rd@27.7	271522	66	61	51	0	5	3	6.58	6.09		7.13	14.39	0.16	0.02		0.00	2.98	LOS_A	1	0.00	0.00
1	3600-7200	48-271522: Hopkins Rd@23.9-82: Sheahan Rd@36.7	271522	82	39	34	0	5	0	4.62	4.43		5.91		0.00	0.00		0.00		LOS_A	1	0.00	0.00
1	3600-7200	48-271526: Sheahan Rd@62.5-12: Hopkins Rd@26.0	271526	12	21	18	0	3	0	0.01	0.01		0.01		0.00	0.00		0.00		LOS_A	1	0.00	0.00
1	3600-7200	48-271526: Sheahan Rd@62.5-55: Hopkins Rd@15.4	271526	55	8	6	0	2	0	0.17	0.01		0.65		0.00	0.00		0.00		LOS_A	1	0.00	0.00
1	3600-7200	48-271526: Sheahan Rd@62.5-66: Meskos Rd@27.7	271526	66	2	2	0	0	0	0.02	0.02				0.00	0.00				LOS_A	1	0.00	0.00
1	3600-7200	48-271531: Hopkins Rd@5.3-12: Hopkins Rd@26.0	271531	12	428	398	2	21	6	0.86	0.89	0.31	0.41	0.25	0.00	0.00	0.00	0.00	0.00	LOS_A	1	0.25	35.83
1	3600-7200	48-271531: Hopkins Rd@5.3-66: Meskos Rd@27.7	271531	66	33	32	0	0	1	11.11	11.01			14.33	0.00	0.00			0.00	LOS_B	2	0.25	35.83
1	3600-7200	48-271531: Hopkins Rd@5.3-82: Sheahan Rd@36.7	271531	82	22	22	0	0	0	5.66	5.66				0.00	0.00				LOS_A	1	0.25	35.83
1	3600-7200	48-271556@6.9-271556@52.0	271556	271556	6	0	0	0	0	0.00					0.00					LOS_A	1	0.10	17.31
1	3600-7200	48-271558@2.8-271558@48.4	271558	271558	6	0	0	0	0	0.00					0.00					LOS_A	1	0.12	18.97
1	3600-7200	48-271560@6.3-271560@50.2	271560	271560	8	0	0	0	0	0.00					0.00					LOS_A	1	0.15	18.50
1	3600-7200	48-271566@22.9-271566@62.3	271566	271566	1	0	0	0	0	0.00					0.00					LOS_A	1	0.00	0.00
1	3600-7200	48			948	834	5	68	14	1.76	1.75	1.36	1.74	4.63	0.01	0.00	0.00	0.00	0.64	LOS_A	1	0.08	35.83
1	3600-7200	49-351: Delma Rd@85.2-352: Eucumbene Dr@37.8	351	352	0	0	0	0	0											LOS_A		0.00	0.00
1	3600-7200	49-351: Delma Rd@85.2-506: Zone connector@80.7	351	506	9	9	0	0	0	3.00	3.00				0.00	0.00				LOS_A	1	0.00	0.00
1	3600-7200	49-353: Eucumbene Dr@275.9-350: Delma Rd@23.2	353	350	0	0	0	0	0											LOS_A		0.00	0.00
1	3600-7200	49-353: Eucumbene Dr@275.9-506: Zone connector@80.7	353	506	33	33	0	0	0	1.08	1.08				0.00	0.00				LOS_A	1	0.00	0.00
1	3600-7200	49-505: Eucumbene Dr SA@77.8-350: Delma Rd@23.2	505	350	3	1	0	2	0	0.00	0.00		0.00		0.00	0.00		0.00		LOS_A	1	0.00	0.00
1	3600-7200	49-505: Eucumbene Dr SA@77.8-352: Eucumbene Dr@37.8	505	352	0	0	0	0	0											LOS_A		0.00	0.00
1	3600-7200	49			45	43	0	2	0	1.39	1.46		0.00		0.00	0.00		0.00		LOS_A	1	0.00	0.00
1	3600-7200	50-115: Western Hwy@22.9-209: Ballarat Rd  Western Hwy@28.7	115	209	378	368	0	8	2	0.32	0.33		0.19	0.08	0.00	0.00		0.00	0.00	LOS_A	1	0.00	0.00
1	3600-7200	50-115: Western Hwy@22.9-283: Christies Rd@7.9	115	283	47	45	0	2	0	6.19	6.08		8.74		0.00	0.00		0.00		LOS_A	1	0.00	0.00
1	3600-7200	50-461: Ballarat Rd  Western Hwy@7.1-114: Western Hwy@17.3	461	114	172	155	3	14	0	0.11	0.11	0.00	0.15		0.00	0.00	0.00	0.00		LOS_A	1	0.00	0.00
1	3600-7200	50-461: Ballarat Rd  Western Hwy@7.1-215: Caroline Springs Blvd@5.8	461	215	16	11	0	5	0	3.29	2.74		4.49		0.00	0.00		0.00		LOS_A	1	0.00	0.00
1	3600-7200	50-648: Christies Rd@37.8-114: Western Hwy@17.3	648	114	22	13	0	4	5	1.85	1.50		2.33	2.35	0.00	0.00		0.00	0.00	LOS_A	1	0.00	0.00
1	3600-7200	50-648: Christies Rd@37.8-209: Ballarat Rd  Western Hwy@28.7	648	209	54	52	0	1	1	8.42	8.28		13.13	10.84	0.00	0.00		0.00	0.00	LOS_A	1	0.00	0.00
1	3600-7200	50-648: Christies Rd@37.8-215: Caroline Springs Blvd@5.8	648	215	193	168	2	17	2	1.10	1.15	0.49	0.89	0.00	0.00	0.00	0.00	0.00	0.00	LOS_A	1	0.00	0.00
1	3600-7200	50-649@8.2-283: Christies Rd@7.9	649	283	99	82	1	16	0	1.50	1.33	3.10	2.29		0.00	0.00	0.00	0.00		LOS_A	1	0.00	0.00
1	3600-7200	50-651@22.8-215: Caroline Springs Blvd@5.8	651	215	15	14	0	1	0	1.53	1.25		5.47		0.00	0.00		0.00		LOS_A	1	0.00	0.00
1	3600-7200	50-652: Caroline Springs Blvd@21.4-114: Western Hwy@17.3	652	114	75	74	0	1	0	6.81	6.80		7.58		0.00	0.00		0.00		LOS_A	1	0.00	0.00
1	3600-7200	50-652: Caroline Springs Blvd@21.4-209: Ballarat Rd  Western Hwy@28.7	652	209	44	38	0	5	1	8.31	8.17		9.33	8.72	0.00	0.00		0.00	0.00	LOS_A	1	0.00	0.00
1	3600-7200	50-652: Caroline Springs Blvd@21.4-283: Christies Rd@7.9	652	283	555	537	1	10	3	1.28	1.27	0.00	0.58	1.84	0.11	0.12	0.00	0.00	0.00	LOS_A	1	0.00	0.00
1	3600-7200	50			1670	1557	7	84	14	1.77	1.74	0.58	2.18	2.64	0.04	0.04	0.00	0.00	0.00	LOS_A	1	0.00	0.00
1	3600-7200	51-7: Ballarat Rd  Western Hwy@16.6-10: Ballarat Rd  Western Hwy@18.5	7	10	0	0	0	0	0											LOS_A		0.00	0.00
1	3600-7200	51-7: Ballarat Rd  Western Hwy@16.6-385: Chisholm Dr@11.7	7	385	0	0	0	0	0											LOS_A		0.00	0.00
1	3600-7200	51-7: Ballarat Rd  Western Hwy@16.6-670: Ballarat Rd  Western Hwy@1.4	7	670	1	1	0	0	0	1.48	1.48				0.00	0.00				LOS_A	1	0.00	0.00
1	3600-7200	51-7: Ballarat Rd  Western Hwy@16.6-671: Panamax Rd@7.5	7	671	0	0	0	0	0											LOS_A		0.00	0.00
1	3600-7200	51-347: Panamax Rd@4.8-10: Ballarat Rd  Western Hwy@18.5	347	10	28	26	0	2	0	0.10	0.08		0.29		0.00	0.00		0.00		LOS_A	1	0.00	0.00
1	3600-7200	51-347: Panamax Rd@4.8-385: Chisholm Dr@11.7	347	385	1	1	0	0	0	2.76	2.76				0.00	0.00				LOS_A	1	0.00	0.00
1	3600-7200	51-347: Panamax Rd@4.8-670: Ballarat Rd  Western Hwy@1.4	347	670	37	32	0	5	0	6.30	5.96		8.46		0.00	0.00		0.00		LOS_A	1	0.00	0.00
1	3600-7200	51-360: Ballarat Rd  Western Hwy@55.2-10: Ballarat Rd  Western Hwy@18.5	360	10	422	405	0	13	4	0.31	0.31		0.41	0.50	0.00	0.00		0.00	0.00	LOS_A	1	0.00	0.00
1	3600-7200	51-360: Ballarat Rd  Western Hwy@55.2-385: Chisholm Dr@11.7	360	385	5	5	0	0	0	4.66	4.66				0.00	0.00				LOS_A	1	0.00	0.00
1	3600-7200	51-360: Ballarat Rd  Western Hwy@55.2-671: Panamax Rd@7.5	360	671	49	48	0	1	0	4.05	3.97		7.78		0.00	0.00		0.00		LOS_A	1	0.00	0.00
1	3600-7200	51-673: Chisholm Dr@12.9-10: Ballarat Rd  Western Hwy@18.5	673	10	0	0	0	0	0											LOS_A		0.00	0.00
1	3600-7200	51-673: Chisholm Dr@12.9-670: Ballarat Rd  Western Hwy@1.4	673	670	29	24	0	5	0	3.13	3.12		3.20		0.00	0.00		0.00		LOS_A	1	0.00	0.00
1	3600-7200	51-673: Chisholm Dr@12.9-671: Panamax Rd@7.5	673	671	6	6	0	0	0	11.51	11.51				0.00	0.00				LOS_B	2	0.00	0.00
1	3600-7200	51-885: Ballarat Rd  Western Hwy@6.9-10: Ballarat Rd  Western Hwy@18.5	885	10	0	0	0	0	0											LOS_A		0.00	0.00
1	3600-7200	51-885: Ballarat Rd  Western Hwy@6.9-385: Chisholm Dr@11.7	885	385	0	0	0	0	0											LOS_A		0.00	0.00
1	3600-7200	51-885: Ballarat Rd  Western Hwy@6.9-670: Ballarat Rd  Western Hwy@1.4	885	670	226	199	4	23	0	0.27	0.26	0.01	0.42		0.00	0.00	0.00	0.00		LOS_A	1	0.00	0.00
1	3600-7200	51-885: Ballarat Rd  Western Hwy@6.9-671: Panamax Rd@7.5	885	671	61	60	0	1	0	3.79	3.74		6.77		0.00	0.00		0.00		LOS_A	1	0.00	0.00
1	3600-7200	51			865	807	4	50	4	1.21	1.19	0.01	1.77	0.50	0.00	0.00	0.00	0.00	0.00	LOS_A	1	0.00	0.00
1	3600-7200	52-198: Melton Hwy@69.6-182@11.5	198	182	237	220	0	14	1	6.55	6.39		8.77	8.67	0.09	0.10		0.00	0.00	LOS_A	1	0.00	0.00
1	3600-7200	52-198: Melton Hwy@69.6-308: Ferris Rd  Melton Hwy@20.5	198	308	225	224	0	0	0	1.74	1.73				0.04	0.04				LOS_A	1	0.00	0.00
1	3600-7200	52-339@366.5-200: Melton Hwy@21.7	339	200	237	229	0	4	4	1.16	1.10		1.59	4.09	0.00	0.00		0.00	0.00	LOS_A	1	0.00	0.00
1	3600-7200	52-339@366.5-308: Ferris Rd  Melton Hwy@20.5	339	308	72	68	0	4	0	3.11	2.86		7.32		0.00	0.00		0.00		LOS_A	1	0.00	0.00
1	3600-7200	52-956: Ferris Rd  Melton Hwy@55.3-182@11.5	956	182	272	253	0	16	3	3.80	3.73		4.59	5.44	0.00	0.00		0.00	0.00	LOS_A	1	0.00	0.00
1	3600-7200	52-956: Ferris Rd  Melton Hwy@55.3-200: Melton Hwy@21.7	956	200	283	271	0	8	1	2.22	2.22		1.95	4.17	0.00	0.00		0.00	0.00	LOS_A	1	0.00	0.00
1	3600-7200	52			1326	1265	0	46	9	3.10	2.99		5.38	5.06	0.02	0.02		0.00	0.00	LOS_A	1	0.00	0.00
1	3600-7200	53-899: Melton Hwy@13.5-199: Melton Hwy@15.7	899	199	0	0	0	0	0											LOS_A		0.08	32.09
1	3600-7200	53-899: Melton Hwy@13.5-301: High St@21.5	899	301	3	3	0	0	0	2.48	2.48				0.00	0.00				LOS_A	1	0.08	32.09
1	3600-7200	53-899: Melton Hwy@13.5-305: Melton Hwy@15.2	899	305	388	375	0	9	4	1.36	1.36		1.12	2.83	0.00	0.00		0.00	0.00	LOS_A	1	0.08	32.09
1	3600-7200	53-899: Melton Hwy@13.5-376: High St@36.1	899	376	129	122	0	3	1	6.53	6.29		7.74	9.94	0.16	0.11		0.00	0.00	LOS_A	1	0.08	32.09
1	3600-7200	53-900: High St@7.7-199: Melton Hwy@15.7	900	199	136	130	0	3	0	0.11	0.07		0.00		0.00	0.00		0.00		LOS_A	1	0.00	0.00
1	3600-7200	53-900: High St@7.7-301: High St@21.5	900	301	8	8	0	0	0	0.01	0.01				0.00	0.00				LOS_A	1	0.00	0.00
1	3600-7200	53-900: High St@7.7-305: Melton Hwy@15.2	900	305	26	26	0	0	0	5.09	5.09				0.00	0.00				LOS_A	1	0.00	0.00
1	3600-7200	53-900: High St@7.7-376: High St@36.1	900	376	0	0	0	0	0											LOS_A		0.00	0.00
1	3600-7200	53-901: Melton Hwy@7.6-199: Melton Hwy@15.7	901	199	309	298	0	11	0	0.39	0.38		0.64		0.00	0.00		0.00		LOS_A	1	0.00	0.00
1	3600-7200	53-901: Melton Hwy@7.6-301: High St@21.5	901	301	4	4	0	0	0	0.21	0.21				0.00	0.00				LOS_A	1	0.00	0.00
1	3600-7200	53-901: Melton Hwy@7.6-305: Melton Hwy@15.2	901	305	0	0	0	0	0											LOS_A		0.00	0.00
1	3600-7200	53-901: Melton Hwy@7.6-376: High St@36.1	901	376	7	7	0	0	0	0.28	0.28				0.00	0.00				LOS_A	1	0.00	0.00
1	3600-7200	53-1241: High St@3.1-199: Melton Hwy@15.7	1241	199	17	16	0	0	1	0.22	0.23			0.15	0.00	0.00			0.00	LOS_A	1	0.00	0.00
1	3600-7200	53-1241: High St@3.1-301: High St@21.5	1241	301	0	0	0	0	0											LOS_A		0.00	0.00
1	3600-7200	53-1241: High St@3.1-305: Melton Hwy@15.2	1241	305	2	2	0	0	0	0.30	0.30				0.00	0.00				LOS_A	1	0.00	0.00
1	3600-7200	53-1241: High St@3.1-376: High St@36.1	1241	376	0	0	0	0	0											LOS_A		0.00	0.00
1	3600-7200	53			1029	991	0	26	6	1.61	1.56		1.55	3.56	0.02	0.02		0.00	0.00	LOS_A	1	0.02	32.09
1	3600-7200	54-526: Ferris Rd@22.5-310@35.3	526	310	7	4	0	2	1	7.69	6.27		8.66	11.40	0.00	0.00		0.00	0.00	LOS_A	1	0.00	0.00
1	3600-7200	54-526: Ferris Rd@22.5-421: Ferris Rd@15.4	526	421	0	0	0	0	0											LOS_A		0.00	0.00
1	3600-7200	54-526: Ferris Rd@22.5-525: Ferris Rd@18.9	526	525	232	225	0	6	0	0.27	0.25		1.07		0.00	0.00		0.00		LOS_A	1	0.00	0.00
1	3600-7200	54-527: Zone connector@58.2-310@35.3	527	310	0	0	0	0	0											LOS_A		0.00	0.00
1	3600-7200	54-527: Zone connector@58.2-421: Ferris Rd@15.4	527	421	359	340	1	15	2	0.07	0.07	0.14	0.05	0.03	0.00	0.00	0.00	0.00	0.00	LOS_A	1	0.00	0.00
1	3600-7200	54-528@5.7-421: Ferris Rd@15.4	528	421	16	15	0	0	1	4.85	4.67			7.45	0.00	0.00			0.00	LOS_A	1	0.00	0.00
1	3600-7200	54-528@5.7-525: Ferris Rd@18.9	528	525	1	1	0	0	0	1.56	1.56				0.00	0.00				LOS_A	1	0.00	0.00
1	3600-7200	54			615	585	1	23	4	0.36	0.30	0.14	1.07	4.73	0.00	0.00	0.00	0.00	0.00	LOS_A	1	0.00	0.00
1	3600-7200	55-68: Mount Cottrell Rd SA@390.9-320: Western Fwy@25.9	68	320	78	77	0	0	1	0.05	0.05			0.00	0.00	0.00			0.00	LOS_A	1	0.00	0.00
1	3600-7200	55-942: Western Hwy@75.8-69: Mount Cottrell Rd@25.4	942	69	210	177	3	24	6	3.39	3.11	6.92	4.60	5.14	0.00	0.00	0.00	0.00	0.00	LOS_A	1	0.00	0.00
1	3600-7200	55-942: Western Hwy@75.8-320: Western Fwy@25.9	942	320	805	700	2	78	23	1.43	1.41	0.42	1.52	1.78	0.00	0.00	0.00	0.00	0.00	LOS_A	1	0.00	0.00
1	3600-7200	55			1093	954	5	102	30	1.71	1.61	4.32	2.24	2.39	0.00	0.00	0.00	0.00	0.00	LOS_A	1	0.00	0.00
1	3600-7200	56-24: Paynes Rd SA@384.9-537: Western Hwy@24.0	24	537	156	147	0	8	1	0.27	0.28		0.07	0.08	0.00	0.00		0.00	0.00	LOS_A	1	0.00	0.00
1	3600-7200	56-536: Western Hwy@83.6-23: Paynes Rd@34.1	536	23	73	73	0	0	0	6.29	6.29				0.00	0.00				LOS_A	1	0.00	0.00
1	3600-7200	56-536: Western Hwy@83.6-537: Western Hwy@24.0	536	537	860	731	5	94	28	1.73	1.62	3.16	2.44	1.96	0.00	0.00	0.00	0.00	0.00	LOS_A	1	0.00	0.00
1	3600-7200	56			1089	951	5	102	29	1.83	1.77	3.16	2.25	1.90	0.00	0.00	0.00	0.00	0.00	LOS_A	1	0.00	0.00
1	3600-7200	57-169: Western Hwy@71.3-168: Western Hwy@12.5	169	168	1633	1534	9	67	21	1.06	1.08	1.10	0.71	0.74	0.00	0.00	0.00	0.00	0.00	LOS_A	1	0.00	0.00
1	3600-7200	57-511: Western Freeway service Rd SA@97.7-172: Western Hwy@0.2	511	172	0	0	0	0	0											LOS_A		0.00	0.00
1	3600-7200	57-936: Western Hwy@71.3-172: Western Hwy@0.2	936	172	933	804	5	94	28	0.40	0.35	1.08	0.72	0.75	0.00	0.00	0.00	0.00	0.00	LOS_A	1	0.00	0.00
1	3600-7200	57-936: Western Hwy@71.3-512: Zone connector@4.0	936	512	0	0	0	0	0											LOS_A		0.00	0.00
1	3600-7200	57			2566	2338	14	161	49	0.82	0.83	1.09	0.72	0.75	0.00	0.00	0.00	0.00	0.00	LOS_A	1	0.00	0.00
1	3600-7200	58-436@136.8-271: Leakes Rd@61.4	436	271	53	50	1	2	0	2.55	2.33	11.78	3.60		0.00	0.00	0.00	0.00		LOS_A	1	0.00	0.00
1	3600-7200	58-436@136.8-437: Leakes Rd@45.3	436	437	13	12	0	1	0	0.89	0.66		3.65		0.00	0.00		0.00		LOS_A	1	0.00	0.00
1	3600-7200	58-600: Leakes Rd@6.4-273@26.5	600	273	151	150	0	1	0	5.38	5.37		6.95		0.00	0.00		0.00		LOS_A	1	0.00	0.00
1	3600-7200	58-600: Leakes Rd@6.4-437: Leakes Rd@45.3	600	437	118	110	0	3	0	1.50	1.53		0.37		0.00	0.00		0.00		LOS_A	1	0.00	0.00
1	3600-7200	58-1263: Leakes Rd@41.8-271: Leakes Rd@61.4	1263	271	30	23	0	3	0	0.26	0.20		0.99		0.00	0.00		0.00		LOS_A	1	0.00	0.00
1	3600-7200	58-1263: Leakes Rd@41.8-273@26.5	1263	273	26	24	0	2	0	1.64	1.57		2.49		0.00	0.00		0.00		LOS_A	1	0.00	0.00
1	3600-7200	58			391	369	1	12	0	3.03	3.09	11.78	2.24		0.00	0.00	0.00	0.00		LOS_A	1	0.00	0.00
1	3600-7200	59-271: Leakes Rd@243.4-602: Leakes Rd@8.6	271	602	83	73	1	5	0	0.50	0.41	5.02	0.72		0.00	0.00	0.00	0.00		LOS_A	1	0.00	0.00
1	3600-7200	59-443: Woodlea Blvd EA@92.7-270: Leakes Rd@21.8	443	270	11	11	0	0	0	1.11	1.11				0.00	0.00				LOS_A	1	0.00	0.00
1	3600-7200	59-443: Woodlea Blvd EA@92.7-442@13.5	443	442	0	0	0	0	0											LOS_A		0.00	0.00
1	3600-7200	59-605: Leakes Rd@48.1-270: Leakes Rd@21.8	605	270	258	249	0	4	0	0.94	0.56		0.01		0.00	0.00		0.00		LOS_A	1	0.00	0.00
1	3600-7200	59-605: Leakes Rd@48.1-442@13.5	605	442	12	12	0	0	0	0.50	0.50				0.00	0.00				LOS_A	1	0.00	0.00
1	3600-7200	59			364	345	1	9	0	0.83	0.54	5.02	0.41		0.00	0.00	0.00	0.00		LOS_A	1	0.00	0.00
1	3600-7200	60-938: Leakes Rd@68.7-398: Taylors Rd@37.8	938	398	60	54	0	2	0	3.50	2.47		4.35		0.00	0.00		0.00		LOS_A	1	0.00	0.00
1	3600-7200	60-938: Leakes Rd@68.7-400: Leakes Rd@62.1	938	400	16	12	1	3	0	0.57	0.23	5.76	0.20		0.00	0.00	0.00	0.00		LOS_A	1	0.00	0.00
1	3600-7200	60-938: Leakes Rd@68.7-402: Leakes Rd@53.8	938	402	0	0	0	0	0											LOS_A		0.00	0.00
1	3600-7200	60-938: Leakes Rd@68.7-271502: Taylors Rd@46.1	938	271502	7	7	0	0	0	2.57	2.57				0.00	0.00				LOS_A	1	0.00	0.00
1	3600-7200	60-271509: Taylors Rd@32.2-400: Leakes Rd@62.1	271509	400	21	21	0	0	0	0.33	0.33				0.00	0.00				LOS_A	1	0.00	0.00
1	3600-7200	60-271509: Taylors Rd@32.2-402: Leakes Rd@53.8	271509	402	50	45	0	0	0	3.77	3.27				0.00	0.00				LOS_A	1	0.00	0.00
1	3600-7200	60-271509: Taylors Rd@32.2-271502: Taylors Rd@46.1	271509	271502	48	48	0	0	0	0.07	0.07				0.00	0.00				LOS_A	1	0.00	0.00
1	3600-7200	60-271574: Taylors Rd@30.9-398: Taylors Rd@37.8	271574	398	41	41	0	0	0	0.11	0.11				0.00	0.00				LOS_A	1	0.00	0.00
1	3600-7200	60-271574: Taylors Rd@30.9-402: Leakes Rd@53.8	271574	402	61	61	0	0	0	0.09	0.09				0.00	0.00				LOS_A	1	0.00	0.00
1	3600-7200	60-271576: Taylors Rd@30.3-400: Leakes Rd@62.1	271576	400	28	28	0	0	0	10.56	10.56				0.00	0.00				LOS_B	2	0.00	0.00
1	3600-7200	60-271581: Leakes Rd@28.6-398: Taylors Rd@37.8	271581	398	55	55	0	0	0	0.84	0.84				0.25	0.25				LOS_A	1	0.17	15.07
1	3600-7200	60-271581: Leakes Rd@28.6-402: Leakes Rd@53.8	271581	402	159	155	0	4	0	0.14	0.15		0.03		0.00	0.00		0.00		LOS_A	1	0.00	0.00
1	3600-7200	60-271581: Leakes Rd@28.6-271502: Taylors Rd@46.1	271581	271502	19	19	0	0	0	4.02	4.02				0.00	0.00				LOS_A	1	0.00	0.00
1	3600-7200	60			565	546	1	9	0	1.57	1.40	5.76	1.05		0.02	0.03	0.00	0.00		LOS_A	1	0.02	15.07
1	3600-7200	61-540@22.7-435: Leakes Rd@19.5	540	435	14	14	0	0	0	0.41	0.41				0.00	0.00				LOS_A	1	0.00	0.00
1	3600-7200	61-540@22.7-438: Leakes Rd@14.4	540	438	15	12	0	3	0	0.46	0.28		1.16		0.00	0.00		0.00		LOS_A	1	0.00	0.00
1	3600-7200	61-863: Leakes Rd@86.5-265@27.3	863	265	71	68	0	3	0	3.75	3.71		4.52		0.00	0.00		0.00		LOS_A	1	0.00	0.00
1	3600-7200	61-863: Leakes Rd@86.5-435: Leakes Rd@19.5	863	435	60	54	0	1	0	0.80	0.87		0.77		0.00	0.00		0.00		LOS_A	1	0.00	0.00
1	3600-7200	61-941: Leakes Rd@8.5-265@27.3	941	265	6	6	0	0	0	6.65	6.65				0.00	0.00				LOS_A	1	0.00	0.00
1	3600-7200	61-941: Leakes Rd@8.5-438: Leakes Rd@14.4	941	438	41	35	0	2	0	0.10	0.11		0.04		0.00	0.00		0.00		LOS_A	1	0.00	0.00
1	3600-7200	61			207	189	0	9	0	1.79	1.86		1.99		0.00	0.00		0.00		LOS_A	1	0.00	0.00
1	3600-7200	62-267: Ian Cowie Way EA@65.6-264: Leakes Rd@15.6	267	264	0	0	0	0	0											LOS_A		0.00	0.00
1	3600-7200	62-267: Ian Cowie Way EA@65.6-434: Leakes Rd@14.9	267	434	25	25	0	0	0	0.01	0.01				0.00	0.00				LOS_A	1	0.00	0.00
1	3600-7200	62-267: Ian Cowie Way EA@65.6-271596@27.9	267	271596	0	0	0	0	0											LOS_A		0.00	0.00
1	3600-7200	62-538: Leakes Rd@42.7-264: Leakes Rd@15.6	538	264	31	25	0	1	0	0.80	0.77		0.50		0.00	0.00		0.00		LOS_A	1	0.00	0.00
1	3600-7200	62-538: Leakes Rd@42.7-268: Ian Cowie Way@17.3	538	268	43	43	0	0	0	5.75	5.75				0.00	0.00				LOS_A	1	0.00	0.00
1	3600-7200	62-538: Leakes Rd@42.7-271596@27.9	538	271596	0	0	0	0	0											LOS_A		0.00	0.00
1	3600-7200	62-864: Leakes Rd@42.2-268: Ian Cowie Way@17.3	864	268	2	2	0	0	0	5.37	5.37				0.00	0.00				LOS_A	1	0.00	0.00
1	3600-7200	62-864: Leakes Rd@42.2-434: Leakes Rd@14.9	864	434	22	16	0	2	0	0.04	0.05		0.06		0.00	0.00		0.00		LOS_A	1	0.00	0.00
1	3600-7200	62-864: Leakes Rd@42.2-271596@27.9	864	271596	4	0	0	0	0	0.01					0.00					LOS_A	1	0.00	0.00
1	3600-7200	62-271595: Ian Cowie Way WA@105.8-264: Leakes Rd@15.6	271595	264	4	0	0	0	0	1.70					0.00					LOS_A	1	0.00	0.00
1	3600-7200	62-271595: Ian Cowie Way WA@105.8-268: Ian Cowie Way@17.3	271595	268	0	0	0	0	0											LOS_A		0.00	0.00
1	3600-7200	62-271595: Ian Cowie Way WA@105.8-434: Leakes Rd@14.9	271595	434	0	0	0	0	0											LOS_A		0.00	0.00
1	3600-7200	62			131	111	0	3	0	2.22	2.51		0.21		0.00	0.00		0.00		LOS_A	1	0.00	0.00
1	3600-7200	63-374: Westcott Pde EA@100.7-263: Leakes Rd@9.1	374	263	15	7	0	0	0	0.05	0.08				0.00	0.00				LOS_A	1	0.00	0.00
1	3600-7200	63-374: Westcott Pde EA@100.7-372: Leakes Rd@14.9	374	372	0	0	0	0	0											LOS_A		0.00	0.00
1	3600-7200	63-542: Leakes Rd@34.5-372: Leakes Rd@14.9	542	372	15	14	0	1	0	0.25	0.24		0.34		0.00	0.00		0.00		LOS_A	1	0.00	0.00
1	3600-7200	63-542: Leakes Rd@34.5-375: Westcott Pde@26.6	542	375	20	11	0	0	0	8.09	7.41				0.00	0.00				LOS_A	1	0.00	0.00
1	3600-7200	63-543: Leakes Rd@6.7-263: Leakes Rd@9.1	543	263	13	11	0	2	0	0.04	0.03		0.09		0.00	0.00		0.00		LOS_A	1	0.00	0.00
1	3600-7200	63-543: Leakes Rd@6.7-375: Westcott Pde@26.6	543	375	0	0	0	0	0											LOS_A		0.00	0.00
1	3600-7200	63			63	43	0	3	0	2.65	1.99		0.17		0.00	0.00		0.00		LOS_A	1	0.00	0.00
1	3600-7200	64-484: Western Hwy SA@157.6-78: Western Hwy@14.0	484	78	0	0	0	0	0											LOS_A		0.00	0.00
1	3600-7200	64-484: Western Hwy SA@157.6-324: Western Hwy@20.9	484	324	0	0	0	0	0											LOS_A		0.00	0.00
1	3600-7200	64-943: Western Hwy@38.1-78: Western Hwy@14.0	943	78	1744	1646	8	67	21	0.83	0.81	2.14	1.10	1.33	0.00	0.00	0.00	0.00	0.00	LOS_A	1	0.00	0.00
1	3600-7200	64-943: Western Hwy@38.1-324: Western Hwy@20.9	943	324	0	0	0	0	0											LOS_A		0.00	0.00
1	3600-7200	64-943: Western Hwy@38.1-483@8.4	943	483	0	0	0	0	0											LOS_A		0.00	0.00
1	3600-7200	64-1265: Western Hwy@45.2-78: Western Hwy@14.0	1265	78	0	0	0	0	0											LOS_A		0.00	0.00
1	3600-7200	64-1265: Western Hwy@45.2-324: Western Hwy@20.9	1265	324	885	756	5	94	28	0.39	0.36	0.57	0.55	0.65	0.00	0.00	0.00	0.00	0.00	LOS_A	1	0.00	0.00
1	3600-7200	64-1265: Western Hwy@45.2-483@8.4	1265	483	0	0	0	0	0											LOS_A		0.00	0.00
1	3600-7200	64			2629	2402	13	161	49	0.69	0.67	1.54	0.78	0.94	0.00	0.00	0.00	0.00	0.00	LOS_A	1	0.00	0.00
1	3600-7200	65-27: Troups Rd N@8.8-29: Western Hwy@8.5	27	29	114	104	1	7	2	0.42	0.38	1.09	0.74	0.76	0.00	0.00	0.00	0.00	0.00	LOS_A	1	0.00	0.00
1	3600-7200	65-27: Troups Rd N@8.8-31: Troups Rd N@5.3	27	31	8	8	0	0	0	0.38	0.38				0.00	0.00				LOS_A	1	0.00	0.00
1	3600-7200	65-30: Western Hwy WA@242.6-28: Troups Rd N@3.2	30	28	99	95	0	3	1	0.07	0.06		0.12	0.01	0.00	0.00		0.00	0.00	LOS_A	1	0.00	0.00
1	3600-7200	65-30: Western Hwy WA@242.6-31: Troups Rd N@5.3	30	31	0	0	0	0	0											LOS_A		0.00	0.00
1	3600-7200	65-32: Troups Rd N SA@98.1-28: Troups Rd N@3.2	32	28	0	0	0	0	0											LOS_A		0.00	0.00
1	3600-7200	65-32: Troups Rd N SA@98.1-29: Western Hwy@8.5	32	29	0	0	0	0	0											LOS_A		0.00	0.00
1	3600-7200	65			221	207	1	10	3	0.26	0.24	1.09	0.55	0.51	0.00	0.00	0.00	0.00	0.00	LOS_A	1	0.00	0.00
1	3600-7200	66-33: Neales Rd W WA@612.0-35: Neales Rd W@48.6	33	35	0	0	0	0	0											LOS_A		0.00	0.00
1	3600-7200	66-33: Neales Rd W WA@612.0-232: Hopkins Rd@6.4	33	232	226	212	1	9	4	1.49	1.49	0.42	1.54	1.25	0.00	0.00	0.00	0.00	0.00	LOS_A	1	0.00	0.00
1	3600-7200	66-33: Neales Rd W WA@612.0-910: Melton Hwy@16.5	33	910	1	1	0	0	0	0.00	0.00				0.00	0.00				LOS_A	1	0.00	0.00
1	3600-7200	66-622: Neales Rd W@45.9-34: Neales Rd W@23.0	622	34	0	0	0	0	0											LOS_A		0.00	0.00
1	3600-7200	66-622: Neales Rd W@45.9-232: Hopkins Rd@6.4	622	232	58	56	0	0	0	3.84	3.69				0.00	0.00				LOS_A	1	0.00	0.00
1	3600-7200	66-622: Neales Rd W@45.9-910: Melton Hwy@16.5	622	910	2	2	0	0	0	0.00	0.00				0.00	0.00				LOS_A	1	0.00	0.00
1	3600-7200	66-897: Hopkins Rd@12.7-34: Neales Rd W@23.0	897	34	60	46	2	9	3	1.35	1.41	1.76	1.08	0.95	0.00	0.00	0.00	0.00	0.00	LOS_A	1	0.00	0.00
1	3600-7200	66-897: Hopkins Rd@12.7-35: Neales Rd W@48.6	897	35	22	20	0	2	0	5.41	5.22		7.25		0.00	0.00		0.00		LOS_A	1	0.00	0.00
1	3600-7200	66-897: Hopkins Rd@12.7-910: Melton Hwy@16.5	897	910	101	83	0	10	5	1.70	1.25		1.97	1.90	0.00	0.00		0.00	0.00	LOS_A	1	0.00	0.00
1	3600-7200	66-908: Melton Hwy@9.5-34: Neales Rd W@23.0	908	34	1	1	0	0	0	2.14	2.14				0.00	0.00				LOS_A	1	0.00	0.00
1	3600-7200	66-908: Melton Hwy@9.5-35: Neales Rd W@48.6	908	35	0	0	0	0	0											LOS_A		0.00	0.00
1	3600-7200	66-908: Melton Hwy@9.5-232: Hopkins Rd@6.4	908	232	328	319	0	5	1	1.20	1.18		0.92	0.59	0.01	0.01		0.00	0.00	LOS_A	1	0.00	0.00
1	3600-7200	66			799	740	3	35	13	1.66	1.59	1.32	1.78	1.38	0.01	0.01	0.00	0.00	0.00	LOS_A	1	0.00	0.00
1	3600-7200	67-230: Hopkins Rd@28.1-37@43.8	230	37	302	294	1	3	4	7.69	7.66	9.55	9.23	8.17	0.00	0.00	0.00	0.00	0.00	LOS_A	1	0.00	0.00
1	3600-7200	67-230: Hopkins Rd@28.1-426: Hopkins Rd@4.3	230	426	310	293	0	11	1	5.50	5.29		5.22	4.44	0.08	0.00		0.00	0.00	LOS_A	1	0.00	0.00
1	3600-7200	67-427: Hopkins Rd@87.2-231: Hopkins Rd@8.3	427	231	171	137	2	21	8	1.52	1.58	1.13	1.26	1.16	0.00	0.00	0.00	0.00	0.00	LOS_A	1	0.00	0.00
1	3600-7200	67-946@14.4-231: Hopkins Rd@8.3	946	231	14	12	0	0	0	0.66	0.45				0.00	0.00				LOS_A	1	0.00	0.00
1	3600-7200	67-946@14.4-426: Hopkins Rd@4.3	946	426	65	61	0	4	0	0.43	0.37		1.37		0.00	0.00		0.00		LOS_A	1	0.00	0.00
1	3600-7200	67			862	797	3	39	13	5.02	5.08	3.94	3.00	3.57	0.03	0.00	0.00	0.00	0.00	LOS_A	1	0.00	0.00
1	3600-7200	69-290: Caroline Springs Blvd@7.8-60: Caroline Springs Blvd@15.2	290	60	0	0	0	0	0											LOS_A		0.00	0.00
1	3600-7200	69-290: Caroline Springs Blvd@7.8-291: Caroline Springs Blvd@13.9	290	291	216	188	2	20	2	0.31	0.16	0.25	0.51	0.00	0.00	0.00	0.00	0.00	0.00	LOS_A	1	0.00	0.00
1	3600-7200	69-290: Caroline Springs Blvd@7.8-293: Chisholm Dr@13.5	290	293	2	2	0	0	0	0.23	0.23				0.00	0.00				LOS_A	1	0.00	0.00
1	3600-7200	69-290: Caroline Springs Blvd@7.8-431: Springlake Ave@15.9	290	431	3	2	0	1	0	0.48	0.40		0.66		0.00	0.00		0.00		LOS_A	1	0.00	0.00
1	3600-7200	69-292: Caroline Springs Blvd NA@169.6-60: Caroline Springs Blvd@15.2	292	60	605	583	1	13	4	0.28	0.16	0.00	0.34	0.00	0.00	0.00	0.00	0.00	0.00	LOS_A	1	0.00	0.00
1	3600-7200	69-292: Caroline Springs Blvd NA@169.6-291: Caroline Springs Blvd@13.9	292	291	0	0	0	0	0											LOS_A		0.00	0.00
1	3600-7200	69-292: Caroline Springs Blvd NA@169.6-293: Chisholm Dr@13.5	292	293	0	0	0	0	0											LOS_A		0.00	0.00
1	3600-7200	69-292: Caroline Springs Blvd NA@169.6-431: Springlake Ave@15.9	292	431	0	0	0	0	0											LOS_A		0.00	0.00
1	3600-7200	69-294: Chisholm Dr EA@69.6-60: Caroline Springs Blvd@15.2	294	60	32	31	0	1	0	0.01	0.01		0.01		0.00	0.00		0.00		LOS_A	1	0.00	0.00
1	3600-7200	69-294: Chisholm Dr EA@69.6-291: Caroline Springs Blvd@13.9	294	291	0	0	0	0	0											LOS_A		0.00	0.00
1	3600-7200	69-294: Chisholm Dr EA@69.6-293: Chisholm Dr@13.5	294	293	0	0	0	0	0											LOS_A		0.00	0.00
1	3600-7200	69-294: Chisholm Dr EA@69.6-431: Springlake Ave@15.9	294	431	0	0	0	0	0											LOS_A		0.00	0.00
1	3600-7200	69-430: Springlake Ave WA@96.3-60: Caroline Springs Blvd@15.2	430	60	32	32	0	0	0	0.06	0.06				0.00	0.00				LOS_A	1	0.00	0.00
1	3600-7200	69-430: Springlake Ave WA@96.3-291: Caroline Springs Blvd@13.9	430	291	18	18	0	0	0	0.01	0.01				0.00	0.00				LOS_A	1	0.00	0.00
1	3600-7200	69-430: Springlake Ave WA@96.3-293: Chisholm Dr@13.5	430	293	1	1	0	0	0	0.00	0.00				0.00	0.00				LOS_A	1	0.00	0.00
1	3600-7200	69-430: Springlake Ave WA@96.3-431: Springlake Ave@15.9	430	431	0	0	0	0	0											LOS_A		0.00	0.00
1	3600-7200	69			909	857	3	35	6	0.26	0.15	0.17	0.44	0.00	0.00	0.00	0.00	0.00	0.00	LOS_A	1	0.00	0.00
1	3600-7200	70-352: Eucumbene Dr@292.6-111: Christies Rd@15.7	352	111	0	0	0	0	0											LOS_A		0.00	0.00
1	3600-7200	70-647: Christies Rd@1.5-111: Christies Rd@15.7	647	111	668	631	2	28	3	1.71	1.59	1.22	3.09	15.99	0.36	0.29	0.00	1.14	7.92	LOS_A	1	0.00	0.00
1	3600-7200	70-647: Christies Rd@1.5-353: Eucumbene Dr@18.2	647	353	33	33	0	0	0	7.68	7.68				1.81	1.81				LOS_A	1	0.00	0.00
1	3600-7200	70-647: Christies Rd@1.5-271551@28.2	647	271551	0	0	0	0	0											LOS_A		0.00	0.00
1	3600-7200	70-891: Christies Rd@8.5-287: Christies Rd@6.6	891	287	269	233	2	22	8	1.03	1.07	0.35	0.84	0.94	0.00	0.00	0.00	0.00	0.00	LOS_A	1	0.00	0.00
1	3600-7200	70-891: Christies Rd@8.5-353: Eucumbene Dr@18.2	891	353	0	0	0	0	0											LOS_A		0.00	0.00
1	3600-7200	70-891: Christies Rd@8.5-271549@21.0	891	271549	0	0	0	0	0											LOS_A		0.00	0.00
1	3600-7200	70-271550@4.0-287: Christies Rd@6.6	271550	287	0	0	0	0	0											LOS_A		0.00	0.00
1	3600-7200	70			970	897	4	50	11	1.72	1.68	0.79	2.10	5.04	0.31	0.27	0.00	0.64	2.16	LOS_A	1	0.00	0.00
1	3600-7200	71-111: Christies Rd@84.9-129@9.8	111	129	457	443	0	13	1	0.82	0.82		0.63	3.85	0.00	0.00		0.00	0.00	LOS_A	1	0.00	0.00
1	3600-7200	71-111: Christies Rd@84.9-282: Christies Rd@12.4	111	282	211	188	2	15	2	0.59	0.55	0.73	1.00	1.81	0.04	0.05	0.00	0.00	0.00	LOS_A	1	0.00	0.00
1	3600-7200	71-274: Christies Rd@5.8-112: Christies Rd@20.6	274	112	269	233	2	22	8	1.63	1.74	0.51	1.02	1.35	0.00	0.00	0.00	0.00	0.00	LOS_A	1	0.00	0.00
1	3600-7200	71-274: Christies Rd@5.8-129@9.8	274	129	52	29	0	19	4	7.03	6.89		7.01	8.17	0.00	0.00		0.00	0.00	LOS_A	1	0.00	0.00
1	3600-7200	71			989	893	4	69	15	1.32	1.20	0.62	2.59	3.40	0.01	0.01	0.00	0.00	0.00	LOS_A	1	0.00	0.00
1	3600-7200	72-126@294.6-280: Christies Rd@41.9	126	280	93	88	0	4	1	1.84	1.74		3.79	3.60	0.00	0.00		0.00	0.00	LOS_A	1	0.00	0.00
1	3600-7200	72-126@294.6-394: Christies Rd@15.7	126	394	80	53	1	19	7	1.94	1.35	5.52	2.88	3.32	0.00	0.00	0.00	0.00	0.00	LOS_A	1	0.00	0.00
1	3600-7200	72-126@294.6-626: Palm Springs Rd@75.1	126	626	70	62	0	2	6	1.74	1.37		4.92	4.51	0.00	0.00		0.00	0.00	LOS_A	1	0.00	0.00
1	3600-7200	72-279: Christies Rd@96.9-280: Christies Rd@41.9	279	280	0	0	0	0	0											LOS_A		0.00	0.00
1	3600-7200	72-279: Christies Rd@96.9-394: Christies Rd@15.7	279	394	134	112	2	14	2	0.54	0.49	0.92	0.87	2.09	0.00	0.00	0.00	0.00	0.00	LOS_A	1	0.00	0.00
1	3600-7200	72-279: Christies Rd@96.9-626: Palm Springs Rd@75.1	279	626	77	76	0	1	0	0.88	0.87		1.50		0.00	0.00		0.00		LOS_A	1	0.00	0.00
1	3600-7200	72-393: Christies Rd SA@348.6-280: Christies Rd@41.9	393	280	187	147	2	28	6	0.36	0.42	0.06	0.20	0.00	0.00	0.00	0.00	0.00	0.00	LOS_A	1	0.00	0.00
1	3600-7200	72-393: Christies Rd SA@348.6-394: Christies Rd@15.7	393	394	0	0	0	0	0											LOS_A		0.00	0.00
1	3600-7200	72-393: Christies Rd SA@348.6-626: Palm Springs Rd@75.1	393	626	27	26	0	1	0	0.23	0.24		0.00		0.00	0.00		0.00		LOS_A	1	0.00	0.00
1	3600-7200	72-625: Palm Springs Rd WA@88.9-280: Christies Rd@41.9	625	280	41	27	0	9	5	0.15	0.22		0.01	0.02	0.00	0.00		0.00	0.00	LOS_A	1	0.00	0.00
1	3600-7200	72-625: Palm Springs Rd WA@88.9-394: Christies Rd@15.7	625	394	8	7	0	1	0	0.03	0.03		0.00		0.00	0.00		0.00		LOS_A	1	0.00	0.00
1	3600-7200	72-625: Palm Springs Rd WA@88.9-626: Palm Springs Rd@75.1	625	626	0	0	0	0	0											LOS_A		0.00	0.00
1	3600-7200	72			717	598	5	79	27	0.93	0.84	1.50	1.25	2.15	0.00	0.00	0.00	0.00	0.00	LOS_A	1	0.00	0.00
1	3600-7200	73-350: Delma Rd@97.2-464: Ballarat Rd  Western Hwy@8.8	350	464	3	1	0	2	0	0.48	0.22		0.62		0.00	0.00		0.00		LOS_A	1	0.00	0.00
1	3600-7200	73-663: Ballarat Rd  Western Hwy@46.8-351: Delma Rd@11.2	663	351	9	9	0	0	0	6.57	6.57				0.00	0.00				LOS_A	1	0.00	0.00
1	3600-7200	73-663: Ballarat Rd  Western Hwy@46.8-464: Ballarat Rd  Western Hwy@8.8	663	464	284	247	4	33	0	0.36	0.34	0.33	0.52		0.00	0.00	0.00	0.00		LOS_A	1	0.00	0.00
1	3600-7200	73			296	257	4	35	0	0.55	0.56	0.33	0.53		0.00	0.00	0.00	0.00		LOS_A	1	0.00	0.00
1	3600-7200	76-911: Grand Blvd WA@130.2-404: Hopkins Rd@29.7	911	404	3	0	0	2	1	0.00			0.00	0.00	0.00			0.00	0.00	LOS_A	1	0.00	0.00
1	3600-7200	76-911: Grand Blvd WA@130.2-408: Hopkins Rd@16.0	911	408	81	81	0	0	0	0.12	0.12				0.00	0.00				LOS_A	1	0.00	0.00
1	3600-7200	76-913: Hopkins Rd@4.0-408: Hopkins Rd@16.0	913	408	405	374	2	21	7	0.16	0.17	0.00	0.07	0.27	0.00	0.00	0.00	0.00	0.00	LOS_A	1	0.00	0.00
1	3600-7200	76-913: Hopkins Rd@4.0-912@27.4	913	912	10	9	0	0	1	3.39	3.21			4.98	0.00	0.00			0.00	LOS_A	1	0.00	0.00
1	3600-7200	76-948: Hopkins Rd@33.1-404: Hopkins Rd@29.7	948	404	270	230	3	32	4	0.79	0.77	1.76	0.80	1.29	0.00	0.00	0.00	0.00	0.00	LOS_A	1	0.00	0.00
1	3600-7200	76-948: Hopkins Rd@33.1-912@27.4	948	912	19	19	0	0	0	7.80	7.80				0.00	0.00				LOS_A	1	0.00	0.00
1	3600-7200	76			788	713	5	55	13	0.60	0.60	1.06	0.49	0.92	0.00	0.00	0.00	0.00	0.00	LOS_A	1	0.00	0.00
1	3600-7200	77-208: Western Fwy@25.5-84: Western Fwy@15.9	208	84	1183	1120	9	37	17	3.06	3.12	2.54	2.16	0.98	0.00	0.00	0.00	0.00	0.00	LOS_A	1	0.00	0.00
1	3600-7200	77-208: Western Fwy@25.5-180@16.3	208	180	309	297	0	8	4	7.74	7.73		7.94	8.32	0.00	0.00		0.00	0.00	LOS_A	1	0.00	0.00
1	3600-7200	77			1492	1417	9	45	21	4.03	4.09	2.54	3.19	2.37	0.00	0.00	0.00	0.00	0.00	LOS_A	1	0.00	0.00
1	3600-7200	78-84: Western Fwy@896.5-203: Western Fwy@19.3	84	203	1182	1119	9	37	17	0.70	0.70	1.33	0.47	0.50	0.00	0.00	0.00	0.00	0.00	LOS_A	1	0.00	0.00
1	3600-7200	78-529@58.8-203: Western Fwy@19.3	529	203	509	473	0	30	4	0.80	0.78		1.05	1.50	0.00	0.00		0.00	0.00	LOS_A	1	0.00	0.00
1	3600-7200	78			1691	1592	9	67	21	0.73	0.73	1.33	0.73	0.69	0.00	0.00	0.00	0.00	0.00	LOS_A	1	0.00	0.00
1	3600-7200	79-184: Western Fwy@928.7-205: Western Fwy@68.7	184	205	653	564	2	65	22	0.53	0.39	1.06	1.36	1.71	0.00	0.00	0.00	0.00	0.00	LOS_A	1	0.00	0.00
1	3600-7200	79-333@86.1-205: Western Fwy@68.7	333	205	108	107	1	0	0	1.05	1.04	2.16			0.00	0.00	0.00			LOS_A	1	0.00	0.00
1	3600-7200	79			761	671	3	65	22	0.60	0.49	1.42	1.36	1.71	0.00	0.00	0.00	0.00	0.00	LOS_A	1	0.00	0.00
1	3600-7200	80-424: Western Fwy@14.2-184: Western Fwy@85.3	424	184	653	564	2	65	22	1.73	1.68	1.02	1.96	2.46	0.00	0.00	0.00	0.00	0.00	LOS_A	1	0.00	0.00
1	3600-7200	80-424: Western Fwy@14.2-337@9.9	424	337	230	213	0	13	2	6.79	6.57		9.26	11.71	0.00	0.00		0.00	0.00	LOS_A	1	0.00	0.00
1	3600-7200	80			883	777	2	78	24	3.05	3.02	1.02	3.18	3.23	0.00	0.00	0.00	0.00	0.00	LOS_A	1	0.00	0.00
1	3600-7200	81-532: Western Hwy@54.0-334: Western Hwy@32.2	532	334	1606	1507	9	67	21	1.20	1.21	1.31	1.13	1.03	0.00	0.00	0.00	0.00	0.00	LOS_A	1	0.00	0.00
1	3600-7200	81-532: Western Hwy@54.0-481@38.6	532	481	84	84	0	0	0	5.70	5.70				0.00	0.00				LOS_A	1	0.00	0.00
1	3600-7200	81			1690	1591	9	67	21	1.43	1.45	1.31	1.13	1.03	0.00	0.00	0.00	0.00	0.00	LOS_A	1	0.00	0.00
1	3600-7200	82-334: Western Hwy@654.9-72: Western Hwy@13.0	334	72	1606	1507	9	67	21	1.25	1.27	1.51	0.93	0.89	0.00	0.00	0.00	0.00	0.00	LOS_A	1	0.00	0.00
1	3600-7200	82-482@267.1-72: Western Hwy@13.0	482	72	27	27	0	0	0	0.03	0.03				0.00	0.00				LOS_A	1	0.00	0.00
1	3600-7200	82			1633	1534	9	67	21	1.23	1.25	1.51	0.93	0.89	0.00	0.00	0.00	0.00	0.00	LOS_A	1	0.00	0.00
1	3600-7200	83-313: Western Hwy@39.7-103: Western Hwy@23.4	313	103	1567	1472	8	64	21	1.59	1.62	1.88	1.00	1.40	0.00	0.00	0.00	0.00	0.00	LOS_A	1	0.00	0.00
1	3600-7200	83-313: Western Hwy@39.7-174@14.4	313	174	66	62	1	3	0	5.00	4.84	10.73	6.54		0.00	0.00	0.00	0.00		LOS_A	1	0.00	0.00
1	3600-7200	83			1633	1534	9	67	21	1.73	1.75	2.87	1.25	1.40	0.00	0.00	0.00	0.00	0.00	LOS_A	1	0.00	0.00
1	3600-7200	84-161@132.7-99: Western Hwy@10.0	161	99	77	74	0	3	0	0.45	0.42		1.09		0.00	0.00		0.00		LOS_A	1	0.00	0.00
1	3600-7200	84-187: Western Hwy@838.0-99: Western Hwy@10.0	187	99	856	730	5	91	28	0.48	0.40	1.49	0.92	0.86	0.00	0.00	0.00	0.00	0.00	LOS_A	1	0.00	0.00
1	3600-7200	84			933	804	5	94	28	0.47	0.40	1.49	0.93	0.86	0.00	0.00	0.00	0.00	0.00	LOS_A	1	0.00	0.00
1	3600-7200	85-103: Western Hwy@829.6-89: Western Hwy@49.7	103	89	1567	1472	8	64	21	5.80	5.88	5.41	5.12	2.72	0.08	0.08	0.02	0.07	0.00	LOS_A	1	3.76	279.21
1	3600-7200	85-175@113.1-89: Western Hwy@49.7	175	89	177	174	0	3	0	0.59	0.59		0.91		0.00	0.00		0.00		LOS_A	1	0.00	0.00
1	3600-7200	85			1744	1646	8	67	21	5.27	5.32	5.41	4.93	2.72	0.07	0.07	0.02	0.07	0.00	LOS_A	1	1.88	279.21
1	3600-7200	86-323: Western Hwy@20.0-159@12.1	323	159	29	26	0	3	0	3.58	3.45		4.68		0.00	0.00		0.00		LOS_A	1	0.00	0.00
1	3600-7200	86-323: Western Hwy@20.0-187: Western Hwy@33.1	323	187	856	730	5	91	28	0.87	0.85	1.28	0.99	0.81	0.00	0.00	0.00	0.00	0.00	LOS_A	1	0.00	0.00
1	3600-7200	86			885	756	5	94	28	0.96	0.94	1.28	1.10	0.81	0.00	0.00	0.00	0.00	0.00	LOS_A	1	0.00	0.00
1	3600-7200	87-343: Western Hwy@756.9-154: Western Hwy@6.1	343	154	893	758	6	98	29	0.56	0.54	0.80	0.72	0.74	0.00	0.00	0.00	0.00	0.00	LOS_A	1	0.00	0.00
1	3600-7200	87-480@343.6-154: Western Hwy@6.1	480	154	15	15	0	0	0	0.02	0.02				0.00	0.00				LOS_A	1	0.00	0.00
1	3600-7200	87			908	773	6	98	29	0.56	0.53	0.80	0.72	0.74	0.00	0.00	0.00	0.00	0.00	LOS_A	1	0.00	0.00
1	3600-7200	88-955: Western Fwy@13.7-343: Western Hwy@21.2	955	343	893	758	6	98	29	0.73	0.69	1.05	0.92	1.08	0.00	0.00	0.00	0.00	0.00	LOS_A	1	0.00	0.00
1	3600-7200	88-955: Western Fwy@13.7-479@7.3	955	479	0	0	0	0	0											LOS_A		0.00	0.00
1	3600-7200	88			893	758	6	98	29	0.73	0.69	1.05	0.92	1.08	0.00	0.00	0.00	0.00	0.00	LOS_A	1	0.00	0.00
1	3600-7200	89-228: Western Fwy@25.8-108@38.1	228	108	79	73	0	4	0	9.01	9.10		7.84		0.01	0.02		0.00		LOS_A	1	30.51	504.76
1	3600-7200	89-228: Western Fwy@25.8-194: Western Fwy@23.2	228	194	1665	1573	8	63	21	8.02	8.00	16.16	7.44	8.17	0.09	0.09	0.03	0.04	0.01	LOS_A	1	30.51	504.76
1	3600-7200	89			1744	1646	8	67	21	8.07	8.05	16.16	7.46	8.17	0.08	0.09	0.03	0.04	0.01	LOS_A	1	30.51	504.76
1	3600-7200	90-104@749.4-417: Western Fwy@11.1	104	417	116	112	0	2	0	0.25	0.25		0.18		0.00	0.00		0.00		LOS_A	1	0.00	0.00
1	3600-7200	90-196: Western Fwy@1281.0-417: Western Fwy@11.1	196	417	777	646	6	96	29	0.44	0.38	1.25	0.73	0.78	0.00	0.00	0.00	0.00	0.00	LOS_A	1	0.00	0.00
1	3600-7200	90			893	758	6	98	29	0.42	0.36	1.25	0.72	0.78	0.00	0.00	0.00	0.00	0.00	LOS_A	1	0.00	0.00
1	3600-7200	91-260: Hopkins Rd@38.0-419@15.1	260	419	351	336	0	13	2	5.11	5.04		6.54	6.72	0.00	0.00		0.00	0.00	LOS_A	1	0.00	0.00
1	3600-7200	91-260: Hopkins Rd@38.0-427: Hopkins Rd@14.4	260	427	171	137	2	21	8	2.89	3.24	1.46	1.63	1.64	0.00	0.00	0.00	0.00	0.00	LOS_A	1	0.00	0.00
1	3600-7200	91-426: Hopkins Rd@77.5-43: Hopkins Rd@14.4	426	43	375	354	0	15	1	1.29	1.29		1.56	2.19	0.00	0.00		0.00	0.00	LOS_A	1	0.00	0.00
1	3600-7200	91			897	827	2	49	11	3.09	3.14	1.46	2.91	2.61	0.00	0.00	0.00	0.00	0.00	LOS_A	1	0.00	0.00
1	3600-7200	92-107@313.1-8: Western Fwy@5.3	107	8	653	630	1	16	6	14.36	14.40	1.41	14.55	12.06	1.09	1.10	0.00	0.74	1.08	LOS_B	2	64.12	456.59
1	3600-7200	92-194: Western Fwy@609.6-8: Western Fwy@5.3	194	8	1665	1573	8	63	21	15.05	15.06	18.99	13.49	17.62	1.40	1.43	1.19	0.93	0.73	LOS_C	3	106.82	504.71
1	3600-7200	92			2318	2203	9	79	27	14.86	14.87	17.03	13.71	16.38	1.31	1.34	1.06	0.89	0.81	LOS_B	2	85.47	504.71
1	3600-7200	93-224: Western Fwy@24.6-149@12.9	224	149	168	121	3	34	10	5.80	5.31	7.69	6.98	7.12	0.00	0.00	0.00	0.00	0.00	LOS_A	1	0.00	0.00
1	3600-7200	93-224: Western Fwy@24.6-196: Western Fwy@9.8	224	196	777	646	6	96	29	1.12	1.09	2.20	1.21	1.30	0.00	0.00	0.00	0.00	0.00	LOS_A	1	0.00	0.00
1	3600-7200	93			945	767	9	130	39	1.95	1.76	4.03	2.72	2.79	0.00	0.00	0.00	0.00	0.00	LOS_A	1	0.00	0.00
1	3600-7200	94-949: Western Fwy@23.3-136@6.8	949	136	440	427	0	11	2	0.93	0.95		0.27	0.27	0.00	0.00		0.00	0.00	LOS_A	1	0.00	0.00
1	3600-7200	94-949: Western Fwy@23.3-389: Western Fwy  Deer Park Byp@4.2	949	389	1878	1776	9	68	25	1.54	1.56	0.83	1.08	1.92	0.00	0.00	0.00	0.00	0.00	LOS_A	1	0.00	0.00
1	3600-7200	94			2318	2203	9	79	27	1.43	1.44	0.83	0.96	1.80	0.00	0.00	0.00	0.00	0.00	LOS_A	1	0.00	0.00
1	3600-7200	95-952: Western Hwy@80.5-1039: Western Fwy@10.4	952	1039	269	242	3	19	5	1.17	1.03	2.52	2.48	2.05	0.00	0.00	0.00	0.01	0.00	LOS_A	1	0.00	0.00
1	3600-7200	95-1038: Western Fwy  Deer Park Byp@73.0-1039: Western Fwy@10.4	1038	1039	676	525	6	111	34	1.31	1.28	1.38	1.42	1.53	0.00	0.00	0.00	0.00	0.00	LOS_A	1	0.00	0.00
1	3600-7200	95			945	767	9	130	39	1.27	1.20	1.76	1.57	1.59	0.00	0.00	0.00	0.00	0.00	LOS_A	1	0.00	0.00
1	3600-7200	96-125@88.9-147: Western Fwy  Deer Park Byp@16.2	125	147	509	472	0	32	5	3.98	3.94		4.40	5.60	0.00	0.00		0.00	0.00	LOS_A	1	0.00	0.00
1	3600-7200	96-389: Western Fwy  Deer Park Byp@1708.1-147: Western Fwy  Deer Park Byp@16.2	389	147	1878	1776	9	68	25	13.86	13.84	5.20	14.85	15.44	0.64	0.66	0.00	0.26	0.21	LOS_B	2	65.66	504.68
1	3600-7200	96			2387	2248	9	100	30	11.75	11.76	5.20	11.50	13.80	0.50	0.53	0.00	0.18	0.18	LOS_B	2	32.83	504.68
1	3600-7200	97-240: Western Fwy  Deer Park Byp@38.1-126@16.7	240	126	243	203	1	25	14	4.49	4.25	6.60	5.31	6.43	0.01	0.01	0.00	0.00	0.01	LOS_A	1	0.07	36.60
1	3600-7200	97-240: Western Fwy  Deer Park Byp@38.1-189: Western Fwy  Deer Park Byp@17.7	240	189	676	525	6	111	34	1.26	1.24	1.41	1.45	0.99	0.01	0.01	0.00	0.00	0.00	LOS_A	1	0.07	36.60
1	3600-7200	97			919	728	7	136	48	2.12	2.08	2.15	2.16	2.58	0.01	0.01	0.00	0.00	0.00	LOS_A	1	0.07	36.60
1	3600-7200	98-91: Ballarat Rd  Western Hwy@67.3-362: Ballarat Rd  Western Hwy@13.4	91	362	476	458	0	14	4	0.41	0.39		0.88	0.96	0.00	0.00		0.00	0.00	LOS_A	1	0.00	0.00
1	3600-7200	98-92: Ballarat Rd  Western Hwy@8.7-362: Ballarat Rd  Western Hwy@13.4	92	362	0	0	0	0	0											LOS_A		0.00	0.00
1	3600-7200	98			476	458	0	14	4	0.41	0.39		0.88	0.96	0.00	0.00		0.00	0.00	LOS_A	1	0.00	0.00
1	3600-7200	99-209: Ballarat Rd  Western Hwy@46.4-1: Ballarat Rd  Western Hwy@6.6	209	1	476	458	0	14	4	0.20	0.19		0.42	0.46	0.00	0.00		0.00	0.00	LOS_A	1	0.00	0.00
1	3600-7200	99-209: Ballarat Rd  Western Hwy@46.4-2: Ballarat Rd  Western Hwy@6.5	209	2	0	0	0	0	0											LOS_A		0.00	0.00
1	3600-7200	99			476	458	0	14	4	0.20	0.19		0.42	0.46	0.00	0.00		0.00	0.00	LOS_A	1	0.00	0.00
1	3600-7200	100-1141@18.3-1143@28.5	1141	1143	0	0	0	0	0											LOS_A		0.00	0.00
1	3600-7200	100-1141@18.3-1147@16.5	1141	1147	69	66	0	2	1	0.32	0.33		0.18	0.01	0.00	0.00		0.00	0.00	LOS_A	1	0.00	0.00
1	3600-7200	100-1141@18.3-1152@26.0	1141	1152	71	66	0	3	2	0.27	0.29		0.00	0.00	0.00	0.00		0.00	0.00	LOS_A	1	0.00	0.00
1	3600-7200	100-1141@18.3-1158@25.0	1141	1158	137	135	0	1	1	0.37	0.37		0.00	0.00	0.00	0.00		0.00	0.00	LOS_A	1	0.00	0.00
1	3600-7200	100-1146: High Street WA@382.0-1143@28.5	1146	1143	70	70	0	0	0	0.10	0.10				0.00	0.00				LOS_A	1	0.00	0.00
1	3600-7200	100-1146: High Street WA@382.0-1147@16.5	1146	1147	0	0	0	0	0											LOS_A		0.00	0.00
1	3600-7200	100-1146: High Street WA@382.0-1152@26.0	1146	1152	56	51	0	5	0	0.11	0.11		0.02		0.00	0.00		0.00		LOS_A	1	0.00	0.00
1	3600-7200	100-1146: High Street WA@382.0-1158@25.0	1146	1158	1	0	0	1	0	0.00			0.00		0.00			0.00		LOS_A	1	0.00	0.00
1	3600-7200	100-1159: Bulmans Rd NA@120.5-1143@28.5	1159	1143	135	134	0	1	0	0.12	0.12		0.00		0.00	0.00		0.00		LOS_A	1	0.00	0.00
1	3600-7200	100-1159: Bulmans Rd NA@120.5-1147@16.5	1159	1147	69	65	0	4	0	0.06	0.06		0.02		0.00	0.00		0.00		LOS_A	1	0.00	0.00
1	3600-7200	100-1159: Bulmans Rd NA@120.5-1152@26.0	1159	1152	62	62	0	0	0	0.14	0.14				0.00	0.00				LOS_A	1	0.00	0.00
1	3600-7200	100-1159: Bulmans Rd NA@120.5-1158@25.0	1159	1158	0	0	0	0	0											LOS_A		0.00	0.00
1	3600-7200	100-1234@184.1-1143@28.5	1234	1143	87	85	1	0	1	0.51	0.52	0.02		0.02	0.00	0.00	0.00		0.00	LOS_A	1	0.00	0.00
1	3600-7200	100-1234@184.1-1147@16.5	1234	1147	136	133	0	3	0	0.31	0.30		0.51		0.00	0.00		0.00		LOS_A	1	0.00	0.00
1	3600-7200	100-1234@184.1-1152@26.0	1234	1152	0	0	0	0	0											LOS_A		0.00	0.00
1	3600-7200	100-1234@184.1-1158@25.0	1234	1158	54	54	0	0	0	0.45	0.45				0.00	0.00				LOS_A	1	0.00	0.00
1	3600-7200	100			947	921	1	20	5	0.26	0.26	0.02	0.10	0.01	0.00	0.00	0.00	0.00	0.00	LOS_A	1	0.00	0.00
1	3600-7200	101-1144@12.5-1140@37.3	1144	1140	0	0	0	0	0											LOS_A		0.00	0.00
1	3600-7200	101-1144@12.5-1168@28.2	1144	1168	5	5	0	0	0	0.32	0.32				0.00	0.00				LOS_A	1	0.00	0.00
1	3600-7200	101-1144@12.5-1170@29.6	1144	1170	187	186	0	0	1	0.33	0.33			0.29	0.00	0.00			0.00	LOS_A	1	0.00	0.00
1	3600-7200	101-1144@12.5-1171@32.9	1144	1171	100	98	1	1	0	0.35	0.36	0.02	0.00		0.00	0.00	0.00	0.00		LOS_A	1	0.00	0.00
1	3600-7200	101-1167: Botanica Spring Blvd WA@141.4-1140@37.3	1167	1140	1	1	0	0	0	0.32	0.32				0.00	0.00				LOS_A	1	0.00	0.00
1	3600-7200	101-1167: Botanica Spring Blvd WA@141.4-1168@28.2	1167	1168	0	0	0	0	0											LOS_A		0.00	0.00
1	3600-7200	101-1167: Botanica Spring Blvd WA@141.4-1170@29.6	1167	1170	28	28	0	0	0	0.02	0.02				0.00	0.00				LOS_A	1	0.00	0.00
1	3600-7200	101-1167: Botanica Spring Blvd WA@141.4-1171@32.9	1167	1171	30	30	0	0	0	0.04	0.04				0.00	0.00				LOS_A	1	0.00	0.00
1	3600-7200	101-1169: Clarkes Rd SA@143.9-1140@37.3	1169	1140	128	123	0	3	2	0.12	0.12		0.00	0.00	0.00	0.00		0.00	0.00	LOS_A	1	0.00	0.00
1	3600-7200	101-1169: Clarkes Rd SA@143.9-1168@28.2	1169	1168	10	10	0	0	0	0.03	0.03				0.00	0.00				LOS_A	1	0.00	0.00
1	3600-7200	101-1169: Clarkes Rd SA@143.9-1170@29.6	1169	1170	0	0	0	0	0											LOS_A		0.00	0.00
1	3600-7200	101-1169: Clarkes Rd SA@143.9-1171@32.9	1169	1171	32	31	0	1	0	0.11	0.11		0.10		0.00	0.00		0.00		LOS_A	1	0.00	0.00
1	3600-7200	101-1172: Botanica Spring Blvd EA@137.6-1140@37.3	1172	1140	148	143	0	3	2	0.12	0.12		0.00	0.10	0.00	0.00		0.00	0.00	LOS_A	1	0.00	0.00
1	3600-7200	101-1172: Botanica Spring Blvd EA@137.6-1168@28.2	1172	1168	15	14	0	1	0	0.15	0.16		0.00		0.00	0.00		0.00		LOS_A	1	0.00	0.00
1	3600-7200	101-1172: Botanica Spring Blvd EA@137.6-1170@29.6	1172	1170	22	22	0	0	0	0.14	0.14				0.00	0.00				LOS_A	1	0.00	0.00
1	3600-7200	101-1172: Botanica Spring Blvd EA@137.6-1171@32.9	1172	1171	0	0	0	0	0											LOS_A		0.00	0.00
1	3600-7200	101			706	691	1	9	5	0.20	0.20	0.02	0.01	0.10	0.00	0.00	0.00	0.00	0.00	LOS_A	1	0.00	0.00
1	3600-7200	102-1150@427.1-1155@20.3	1150	1155	23	23	0	0	0	0.10	0.10				0.00	0.00				LOS_A	1	0.00	0.00
1	3600-7200	102-1150@427.1-1156@9.2	1150	1156	110	107	0	3	0	0.10	0.10		0.09		0.00	0.00		0.00		LOS_A	1	0.00	0.00
1	3600-7200	102-1154@88.9-1153@11.3	1154	1153	120	117	0	3	0	0.78	0.80		0.00		0.00	0.00		0.00		LOS_A	1	0.00	0.00
1	3600-7200	102-1154@88.9-1155@20.3	1154	1155	44	38	0	4	2	4.06	3.90		4.74	5.70	0.00	0.00		0.00	0.00	LOS_A	1	0.00	0.00
1	3600-7200	102-1157: Harkness Rd NA@97.7-1153@11.3	1157	1153	52	52	0	0	0	0.07	0.07				0.00	0.00				LOS_A	1	0.00	0.00
1	3600-7200	102-1157: Harkness Rd NA@97.7-1156@9.2	1157	1156	96	94	1	0	1	0.03	0.03	0.00		0.00	0.00	0.00	0.00		0.00	LOS_A	1	0.00	0.00
1	3600-7200	102			445	431	1	10	3	0.66	0.61	0.00	1.92	3.80	0.00	0.00	0.00	0.00	0.00	LOS_A	1	0.00	0.00
1	3600-7200	103			0	0	0	0	0											LOS_A			
1	3600-7200	104			0	0	0	0	0											LOS_A			
1	3600-7200	105			0	0	0	0	0											LOS_A			
1	3600-7200	106			0	0	0	0	0											LOS_A			
1	3600-7200	107			0	0	0	0	0											LOS_A			
1	3600-7200	108			0	0	0	0	0											LOS_A			
1	3600-7200	109			0	0	0	0	0											LOS_A			
1	3600-7200	113			0	0	0	0	0											LOS_A			
1	3600-7200	114-1081: Coburns Rd SA@150.5-1125@21.0	1081	1125	225	200	2	4	3	2.15	1.14	0.30	0.03	0.03	0.01	0.01	0.00	0.00	0.00	LOS_A	1	0.00	0.00
1	3600-7200	114-1081: Coburns Rd SA@150.5-1128@12.2	1081	1128	166	153	0	13	0	5.65	5.50		7.33		0.03	0.02		0.07		LOS_A	1	0.00	0.00
1	3600-7200	114-1129@3.3-1130@26.0	1129	1130	205	186	0	13	6	7.10	6.83		9.52	10.23	0.00	0.00		0.00	0.00	LOS_A	1	0.00	0.00
1	3600-7200	114-1132@5.3-1125@21.0	1132	1125	64	62	0	2	0	0.53	0.47		2.52		0.00	0.00		0.00		LOS_A	1	0.00	0.00
1	3600-7200	114-1240: Western Fwy@6.0-1128@12.2	1240	1128	61	59	0	2	0	1.08	1.07		1.53		0.00	0.00		0.00		LOS_A	1	0.00	0.00
1	3600-7200	114-1240: Western Fwy@6.0-1130@26.0	1240	1130	133	117	0	0	0	0.23	0.19				0.00	0.00				LOS_A	1	0.00	0.00
1	3600-7200	114			854	777	2	34	9	3.52	3.16	0.30	6.68	6.83	0.01	0.01	0.00	0.03	0.00	LOS_A	1	0.00	0.00
1	3600-7200	115-1092: Western Fwy@41.4-1091@18.2	1092	1091	339	326	0	12	1	4.26	4.22		5.28	4.54	0.01	0.01		0.00	0.00	LOS_A	1	0.03	25.99
1	3600-7200	115-1092: Western Fwy@41.4-1093: Western Fwy@20.0	1092	1093	1096	1032	7	39	18	2.31	2.35	1.63	1.61	2.03	0.00	0.00	0.00	0.00	0.00	LOS_A	1	0.03	25.99
1	3600-7200	115			1435	1358	7	51	19	2.77	2.80	1.63	2.47	2.17	0.00	0.00	0.00	0.00	0.00	LOS_A	1	0.03	25.99
1	3600-7200	116-1134: Western Fwy@853.1-1137: Western Fwy@29.6	1134	1137	491	422	3	50	16	0.22	0.15	0.26	0.68	0.80	0.00	0.00	0.00	0.00	0.00	LOS_A	1	0.00	0.00
1	3600-7200	116-1139@39.2-1137: Western Fwy@29.6	1139	1137	227	212	0	15	0	1.03	0.98		1.72		0.00	0.00		0.00		LOS_A	1	0.00	0.00
1	3600-7200	116			718	634	3	65	16	0.48	0.43	0.26	0.92	0.80	0.00	0.00	0.00	0.00	0.00	LOS_A	1	0.00	0.00
1	3600-7200	117-1093: Western Fwy@887.1-1118: Western Fwy@20.0	1093	1118	1094	1030	7	39	18	0.92	0.93	1.69	0.40	0.73	0.00	0.00	0.00	0.00	0.00	LOS_A	1	0.00	0.00
1	3600-7200	117-1117@115.1-1118: Western Fwy@20.0	1117	1118	399	388	2	6	3	1.03	1.02	1.92	1.27	1.13	0.00	0.00	0.00	0.00	0.00	LOS_A	1	0.00	0.00
1	3600-7200	117			1493	1418	9	45	21	0.95	0.96	1.74	0.52	0.79	0.00	0.00	0.00	0.00	0.00	LOS_A	1	0.00	0.00
1	3600-7200	118-1135: Western Fwy@35.7-1134: Western Fwy@6.5	1135	1134	492	423	3	50	16	1.07	1.03	0.49	1.39	1.28	0.00	0.00	0.00	0.00	0.00	LOS_A	1	0.00	0.00
1	3600-7200	118-1135: Western Fwy@35.7-1136: Western Fwy@4.3	1135	1136	269	248	0	15	6	4.34	4.22		5.59	6.09	0.00	0.00		0.00	0.00	LOS_A	1	0.00	0.00
1	3600-7200	118			761	671	3	65	22	2.22	2.21	0.49	2.35	2.60	0.00	0.00	0.00	0.00	0.00	LOS_A	1	0.00	0.00
1	3600-7200	119-1090@228.7-1098@20.0	1090	1098	70	70	0	0	0	0.70	0.70				0.00	0.00				LOS_A	1	0.00	0.00
1	3600-7200	119-1090@228.7-1100@8.0	1090	1100	269	256	0	12	1	4.34	4.21		6.71	7.93	0.00	0.00		0.00	0.00	LOS_A	1	0.00	0.00
1	3600-7200	119-1114@10.9-1098@20.0	1114	1098	124	106	0	2	0	0.50	0.58		0.00		0.00	0.00		0.00		LOS_A	1	0.00	0.00
1	3600-7200	119-1114@10.9-1116@15.9	1114	1116	223	221	0	2	0	3.84	3.83		4.58		0.00	0.00		0.00		LOS_A	1	0.00	0.00
1	3600-7200	119-1237@6.9-1100@8.0	1237	1100	113	95	0	2	0	2.43	2.65		2.91		0.00	0.00		0.00		LOS_A	1	0.00	0.00
1	3600-7200	119-1237@6.9-1116@15.9	1237	1116	176	167	2	4	3	5.55	5.46	7.75	7.08	7.18	0.00	0.00	0.00	0.00	0.00	LOS_A	1	0.00	0.00
1	3600-7200	119			975	915	2	22	4	3.47	3.50	7.75	5.63	7.37	0.00	0.00	0.00	0.00	0.00	LOS_A	1	0.00	0.00
1	3600-7200	120-1100@12.7-1099@27.3	1100	1099	214	192	0	6	1	1.54	1.32		1.90	2.55	0.00	0.00		0.00	0.00	LOS_A	1	0.00	0.00
1	3600-7200	120-1100@12.7-1103@19.5	1100	1103	60	59	0	1	0	4.15	4.06		9.75		0.21	0.21		0.00		LOS_A	1	0.06	12.13
1	3600-7200	120-1100@12.7-1107@21.1	1100	1107	107	100	0	7	0	1.50	1.47		1.99		0.00	0.00		0.00		LOS_A	1	0.00	0.00
1	3600-7200	120-1106@32.8-1099@27.3	1106	1099	0	0	0	0	0											LOS_A		0.00	0.00
1	3600-7200	120-1106@32.8-1103@19.5	1106	1103	0	0	0	0	0											LOS_A		0.00	0.00
1	3600-7200	120-1106@32.8-1112@5.6	1106	1112	175	173	0	2	0	1.25	1.22		3.35		0.00	0.00		0.00		LOS_A	1	0.00	0.00
1	3600-7200	120-1184@12.8-1184@46.5	1184	1184	0	0	0	0	0											LOS_A		0.00	0.00
1	3600-7200	120-1186@9.2-1186@61.3	1186	1186	0	0	0	0	0											LOS_A		0.00	0.00
1	3600-7200	120-1189@5.6-1189@50.7	1189	1189	4	0	0	0	0	0.00					0.00					LOS_A	1	0.18	20.30
1	3600-7200	120-1190@11.3-1190@56.8	1190	1190	0	0	0	0	0											LOS_A		0.00	0.00
1	3600-7200	120-1191@12.4-1191@46.2	1191	1191	0	0	0	0	0											LOS_A		0.00	0.00
1	3600-7200	120-1192@6.0-1192@58.2	1192	1192	0	0	0	0	0											LOS_A		0.00	0.00
1	3600-7200	120-1193@13.6-1193@42.6	1193	1193	0	0	0	0	0											LOS_A		0.00	0.00
1	3600-7200	120-1194@0.7-1194@34.7	1194	1194	0	0	0	0	0											LOS_A		0.00	0.00
1	3600-7200	120-1236@14.1-1103@19.5	1236	1103	0	0	0	0	0											LOS_A		0.00	0.00
1	3600-7200	120-1236@14.1-1107@21.1	1236	1107	3	1	0	2	0	5.53	4.06		6.27		0.00	0.00		0.00		LOS_A	1	0.00	0.00
1	3600-7200	120-1236@14.1-1112@5.6	1236	1112	172	154	0	2	0	1.44	1.61		0.00		0.00	0.00		0.00		LOS_A	1	0.00	0.00
1	3600-7200	120-1239@4.2-1099@27.3	1239	1099	1	1	0	0	0	0.00	0.00				0.00	0.00				LOS_A	1	0.00	0.00
1	3600-7200	120-1239@4.2-1107@21.1	1239	1107	0	0	0	0	0											LOS_A		0.00	0.00
1	3600-7200	120-1239@4.2-11576@36.8	1239	11576	0	0	0	0	0											LOS_A		0.00	0.00
1	3600-7200	120			736	680	0	20	1	1.66	1.62		2.72	2.55	0.02	0.02		0.00	0.00	LOS_A	1	0.02	20.30
1	3600-7200	121			0	0	0	0	0											LOS_A			
1	3600-7200	122			0	0	0	0	0											LOS_A			
1	3600-7200	123			0	0	0	0	0											LOS_A			
1	3600-7200	124-1123: Kamil St EA@88.6-1122@4.7	1123	1122	10	10	0	0	0	0.00	0.00				0.00	0.00				LOS_A	1	0.00	0.00
1	3600-7200	124-271468@25.6-1122@4.7	271468	1122	337	302	0	13	6	1.84	1.11		2.90	3.49	0.00	0.00		0.00	0.00	LOS_A	1	2.38	35.22
1	3600-7200	124-271468@25.6-1180@8.5	271468	1180	1	1	0	0	0	1.77	1.77				0.00	0.00				LOS_A	1	2.38	35.22
1	3600-7200	124			348	313	0	13	6	1.79	1.08		2.90	3.49	0.00	0.00		0.00	0.00	LOS_A	1	1.19	35.22
1	3600-7200	125			0	0	0	0	0											LOS_A			
1	3600-7200	244-1156@962.0-1223@12.7	1156	1223	0	0	0	0	0											LOS_A		0.00	0.00
1	3600-7200	244-1156@962.0-1224@15.7	1156	1224	206	201	1	3	1	0.22	0.22	0.00	0.23	0.00	0.00	0.00	0.00	0.00	0.00	LOS_A	1	0.00	0.00
1	3600-7200	244-1221: One school Melton SA@50.0-1224@15.7	1221	1224	0	0	0	0	0											LOS_A		0.00	0.00
1	3600-7200	244-1221: One school Melton SA@50.0-1225@11.6	1221	1225	0	0	0	0	0											LOS_A		0.00	0.00
1	3600-7200	244-1227@99.3-1223@12.7	1227	1223	0	0	0	0	0											LOS_A		0.00	0.00
1	3600-7200	244-1227@99.3-1225@11.6	1227	1225	164	155	0	7	2	0.20	0.21		0.03	0.09	0.00	0.00		0.00	0.00	LOS_A	1	0.00	0.00
1	3600-7200	244			370	356	1	10	3	0.21	0.22	0.00	0.09	0.06	0.00	0.00	0.00	0.00	0.00	LOS_A	1	0.00	0.00
1	3600-7200	245			0	0	0	0	0											LOS_A			
1	3600-7200	246-1224@100.1-1229@17.2	1224	1229	12	12	0	0	0	0.34	0.34				0.00	0.00				LOS_A	1	0.00	0.00
1	3600-7200	246-1224@100.1-1230@17.9	1224	1230	194	189	1	3	1	0.21	0.22	0.00	0.25	0.00	0.00	0.00	0.00	0.00	0.00	LOS_A	1	0.00	0.00
1	3600-7200	246-1228: Gleneagles Dr NA@93.7-1227@14.9	1228	1227	18	18	0	0	0	0.05	0.05				0.00	0.00				LOS_A	1	0.00	0.00
1	3600-7200	246-1228: Gleneagles Dr NA@93.7-1230@17.9	1228	1230	58	58	0	0	0	0.03	0.03				0.00	0.00				LOS_A	1	0.00	0.00
1	3600-7200	246-1235@217.9-1227@14.9	1235	1227	146	137	0	7	2	0.22	0.24		0.01	0.04	0.00	0.00		0.00	0.00	LOS_A	1	0.00	0.00
1	3600-7200	246-1235@217.9-1229@17.2	1235	1229	39	38	0	1	0	0.16	0.16		0.00		0.00	0.00		0.00		LOS_A	1	0.00	0.00
1	3600-7200	246			467	452	1	11	3	0.19	0.19	0.00	0.08	0.03	0.00	0.00	0.00	0.00	0.00	LOS_A	1	0.00	0.00
1	3600-7200	247			0	0	0	0	0											LOS_A			
1	3600-7200	248-1152@193.7-1233@16.5	1152	1233	5	5	0	0	0	0.50	0.50				0.00	0.00				LOS_A	1	0.00	0.00
1	3600-7200	248-1152@193.7-1235@13.8	1152	1235	184	174	0	8	2	0.18	0.19		0.00	0.00	0.00	0.00		0.00	0.00	LOS_A	1	0.00	0.00
1	3600-7200	248-1230@222.2-1233@16.5	1230	1233	2	2	0	0	0	0.86	0.86				0.00	0.00				LOS_A	1	0.00	0.00
1	3600-7200	248-1230@222.2-1234@16.0	1230	1234	250	245	1	3	1	0.29	0.29	0.00	0.33	0.00	0.00	0.00	0.00	0.00	0.00	LOS_A	1	0.00	0.00
1	3600-7200	248-1232: John Batman Dr NA@78.7-1234@16.0	1232	1234	27	27	0	0	0	0.00	0.00				0.00	0.00				LOS_A	1	0.00	0.00
1	3600-7200	248-1232: John Batman Dr NA@78.7-1235@13.8	1232	1235	1	1	0	0	0	0.00	0.00				0.00	0.00				LOS_A	1	0.00	0.00
1	3600-7200	248			469	454	1	11	3	0.23	0.24	0.00	0.09	0.00	0.00	0.00	0.00	0.00	0.00	LOS_A	1	0.00	0.00
1	3600-7200	249			0	0	0	0	0											LOS_A			
1	3600-7200	298			0	0	0	0	0											LOS_A			
1	3600-7200	299			0	0	0	0	0											LOS_A			
1	3600-7200	312-2419@3.3-24810@22.1	2419	24810	159	149	0	7	3	0.23	0.19		0.96	0.58	0.00	0.00		0.00	0.00	LOS_A	1	0.00	0.00
1	3600-7200	312-2420@4.1-2422@13.2	2420	2422	125	106	0	16	3	0.84	0.86		0.74	0.74	0.00	0.00		0.00	0.00	LOS_A	1	0.00	0.00
1	3600-7200	312-2475@44.5-2391@3.4	2475	2391	527	473	4	36	14	1.44	1.31	4.41	2.29	2.61	0.00	0.00	0.00	0.00	0.00	LOS_A	1	0.00	0.00
1	3600-7200	312-2475@44.5-2422@13.2	2475	2422	91	83	0	7	1	9.67	9.35		12.92	13.56	0.00	0.00		0.00	0.00	LOS_A	1	0.00	0.00
1	3600-7200	312-2527@16.1-2391@3.4	2527	2391	281	246	1	26	8	2.35	2.40	0.00	2.00	2.27	0.00	0.00	0.00	0.00	0.00	LOS_A	1	0.00	0.00
1	3600-7200	312-2527@16.1-24810@22.1	2527	24810	135	132	0	2	1	4.25	4.24		4.88	4.61	0.00	0.00		0.00	0.00	LOS_A	1	0.00	0.00
1	3600-7200	312			1318	1189	5	94	30	2.29	2.24	3.53	2.70	2.56	0.00	0.00	0.00	0.00	0.00	LOS_A	1	0.00	0.00
1	3600-7200	313-2394@59.8-2414@34.7	2394	2414	507	474	3	24	6	4.58	4.46	7.71	6.05	6.56	0.00	0.00	0.00	0.00	0.00	LOS_A	1	0.00	0.00
1	3600-7200	313-2394@59.8-2418@36.3	2394	2418	70	63	0	6	1	3.04	3.11		2.34	3.13	0.00	0.00		0.00	0.00	LOS_A	1	0.00	0.00
1	3600-7200	313-2401@29.1-2389@16.1	2401	2389	188	167	2	15	4	3.91	3.78	10.25	4.29	4.45	0.00	0.00	0.15	0.00	0.00	LOS_A	1	0.00	0.00
1	3600-7200	313-2401@29.1-2418@36.3	2401	2418	214	192	0	17	5	0.33	0.29		0.68	0.47	0.00	0.00		0.00	0.00	LOS_A	1	0.00	0.00
1	3600-7200	313-2416@14.9-2389@16.1	2416	2389	45	25	0	14	6	3.21	3.16		2.83	4.28	0.00	0.00		0.00	0.00	LOS_A	1	0.00	0.00
1	3600-7200	313-2416@14.9-2414@34.7	2416	2414	763	694	5	48	16	0.94	0.88	2.52	1.40	1.60	0.00	0.00	0.00	0.00	0.00	LOS_A	1	0.00	0.00
1	3600-7200	313			1787	1615	10	124	38	2.35	2.28	5.62	2.76	3.00	0.00	0.00	0.03	0.00	0.00	LOS_A	1	0.00	0.00
1	3600-7200	314-2403: Middle Rd WA@220.3-2402@17.0	2403	2402	43	43	0	0	0	0.51	0.51				0.00	0.00				LOS_A	1	0.00	0.00
1	3600-7200	314-2403: Middle Rd WA@220.3-2424@24.2	2403	2424	3	3	0	0	0	0.00	0.00				0.00	0.00				LOS_A	1	0.00	0.00
1	3600-7200	314-2409@18.3-2410@13.9	2409	2410	29	29	0	0	0	4.83	4.83				0.00	0.00				LOS_A	1	0.00	0.00
1	3600-7200	314-2409@18.3-2424@24.2	2409	2424	1241	1139	8	72	22	1.25	1.17	2.65	2.07	1.96	0.00	0.00	0.00	0.00	0.00	LOS_A	1	0.00	0.00
1	3600-7200	314-2413@40.6-2402@17.0	2413	2402	359	316	2	32	9	0.55	0.48	1.38	1.02	1.13	0.00	0.00	0.00	0.00	0.00	LOS_A	1	0.00	0.00
1	3600-7200	314-2413@40.6-2410@13.9	2413	2410	1	1	0	0	0	4.18	4.18				0.00	0.00				LOS_A	1	0.00	0.00
1	3600-7200	314-2517@5.7-2517@54.4	2517	2517	0	0	0	0	0											LOS_A		0.00	0.00
1	3600-7200	314			1676	1531	10	104	31	1.14	1.08	2.40	1.75	1.72	0.00	0.00	0.00	0.00	0.00	LOS_A	1	0.00	0.00
1	3600-7200	315-2424@32.6-2426@30.8	2424	2426	1164	1073	8	63	20	0.45	0.42	1.57	0.72	0.84	0.00	0.00	0.00	0.00	0.00	LOS_A	1	0.00	0.00
1	3600-7200	315-2424@32.6-2434@37.0	2424	2434	13	6	0	5	2	3.18	2.10		4.08	4.15	0.00	0.00		0.00	0.00	LOS_A	1	0.00	0.00
1	3600-7200	315-2424@32.6-2439@33.6	2424	2439	67	63	0	4	0	4.01	3.96		4.87		0.00	0.00		0.00		LOS_A	1	0.00	0.00
1	3600-7200	315-2430@18.6-2413@31.6	2430	2413	46	36	0	7	3	4.18	3.70		6.03	5.63	0.00	0.00		0.00	0.00	LOS_A	1	0.00	0.00
1	3600-7200	315-2430@18.6-2426@30.8	2430	2426	9	9	0	0	0	0.92	0.92				0.00	0.00				LOS_A	1	0.00	0.00
1	3600-7200	315-2430@18.6-2439@33.6	2430	2439	19	18	0	1	0	4.08	3.97		6.09		0.00	0.00		0.00		LOS_A	1	0.00	0.00
1	3600-7200	315-2438@12.4-2413@31.6	2438	2413	17	15	0	2	0	0.32	0.36		0.02		0.00	0.00		0.00		LOS_A	1	0.00	0.00
1	3600-7200	315-2438@12.4-2426@30.8	2438	2426	6	6	0	0	0	5.64	5.64				0.00	0.00				LOS_A	1	0.00	0.00
1	3600-7200	315-2438@12.4-2434@37.0	2438	2434	4	4	0	0	0	5.28	5.28				0.00	0.00				LOS_A	1	0.00	0.00
1	3600-7200	315-2442@2.5-2413@31.6	2442	2413	297	266	2	23	6	0.05	0.06	0.03	0.02	0.01	0.00	0.00	0.00	0.00	0.00	LOS_A	1	0.00	0.00
1	3600-7200	315-2442@2.5-2434@37.0	2442	2434	40	38	0	1	1	0.25	0.25		0.07	0.59	0.00	0.00		0.00	0.00	LOS_A	1	0.00	0.00
1	3600-7200	315-2442@2.5-2439@33.6	2442	2439	17	14	0	3	0	1.10	0.88		2.14		0.00	0.00		0.00		LOS_A	1	0.00	0.00
1	3600-7200	315			1699	1548	10	109	32	0.72	0.66	1.26	1.29	1.33	0.00	0.00	0.00	0.00	0.00	LOS_A	1	0.00	0.00
1	3600-7200	316			0	0	0	0	0											LOS_A			
1	3600-7200	317			0	0	0	0	0											LOS_A			
1	3600-7200	318			0	0	0	0	0											LOS_A			
1	3600-7200	319			0	0	0	0	0											LOS_A			
1	3600-7200	320			0	0	0	0	0											LOS_A			
1	3600-7200	322-2388@109.5-2387: Western Fwy  Deer Park Byp@24.8	2388	2387	233	192	2	29	10	0.60	0.54	1.31	0.81	0.99	0.00	0.00	0.00	0.00	0.00	LOS_A	1	0.00	0.00
1	3600-7200	322-2397: Western Fwy  Deer Park Byp@856.0-2387: Western Fwy  Deer Park Byp@24.8	2397	2387	686	536	5	107	38	0.45	0.32	1.76	0.83	1.04	0.00	0.00	0.00	0.00	0.00	LOS_A	1	0.00	0.00
1	3600-7200	322			919	728	7	136	48	0.49	0.38	1.63	0.83	1.03	0.00	0.00	0.00	0.00	0.00	LOS_A	1	0.00	0.00
1	3600-7200	323-2479: Western Fwy  Deer Park Byp@45.2-2477@22.4	2479	2477	618	556	4	43	15	3.94	3.83	5.18	4.84	5.04	0.00	0.01	0.00	0.00	0.00	LOS_A	1	0.01	9.97
1	3600-7200	323-2479: Western Fwy  Deer Park Byp@45.2-2478: Western Fwy  Deer Park Byp@23.8	2479	2478	1769	1692	5	57	15	1.66	1.67	1.27	1.38	1.38	0.00	0.00	0.00	0.00	0.00	LOS_A	1	0.01	9.97
1	3600-7200	323			2387	2248	9	100	30	2.25	2.20	3.01	2.87	3.21	0.00	0.00	0.00	0.00	0.00	LOS_A	1	0.01	9.97
1	3600-7200	324-2478: Western Fwy  Deer Park Byp@815.7-2483: Western Fwy  Deer Park Byp@32.3	2478	2483	1769	1692	5	57	15	1.35	1.36	0.86	1.28	0.70	0.00	0.00	0.00	0.00	0.00	LOS_A	1	0.00	0.00
1	3600-7200	324-2485@71.7-2483: Western Fwy  Deer Park Byp@32.3	2485	2483	282	269	0	9	4	3.58	3.51		5.00	5.08	0.00	0.00		0.00	0.00	LOS_A	1	0.00	0.00
1	3600-7200	324			2051	1961	5	66	19	1.65	1.65	0.86	1.79	1.62	0.00	0.00	0.00	0.00	0.00	LOS_A	1	0.00	0.00
1	3600-7200	325-2398: Western Fwy  Deer Park Byp@30.6-2385@22.8	2398	2385	577	537	3	30	7	5.20	5.15	6.56	5.75	6.54	0.03	0.03	0.00	0.00	0.00	LOS_A	1	0.03	11.22
1	3600-7200	325-2398: Western Fwy  Deer Park Byp@30.6-2397: Western Fwy  Deer Park Byp@22.6	2398	2397	686	536	5	107	38	1.12	1.25	1.25	0.68	0.51	0.02	0.03	0.00	0.00	0.00	LOS_A	1	0.03	11.22
1	3600-7200	325			1263	1073	8	137	45	2.98	3.20	3.24	1.79	1.45	0.02	0.03	0.00	0.00	0.00	LOS_A	1	0.03	11.22
1	3600-7200	326-2502: Western Fwy  Deer Park Byp EA@2131.3-2513: Western Fwy  Deer Park Byp@18.8	2502	2513	621	529	2	67	23	0.05	0.05	0.01	0.05	0.09	0.00	0.00	0.00	0.00	0.00	LOS_A	1	0.00	0.00
1	3600-7200	326-2514: Western Fwy  Deer Park Byp@123.8-2513: Western Fwy  Deer Park Byp@18.8	2514	2513	642	544	6	70	22	2.55	2.59	3.04	2.17	2.54	0.00	0.00	0.00	0.00	0.00	LOS_A	1	0.00	0.00
1	3600-7200	326			1263	1073	8	137	45	1.32	1.34	2.28	1.14	1.29	0.00	0.00	0.00	0.00	0.00	LOS_A	1	0.00	0.00
1	3600-7200	327-2505: Western Fwy  Deer Park Byp@33.7-2506: Western Fwy  Deer Park Byp@21.2	2505	2506	1494	1416	5	57	16	1.22	1.25	1.02	0.71	0.67	0.00	0.00	0.00	0.00	0.00	LOS_A	1	0.00	0.00
1	3600-7200	327-2505: Western Fwy  Deer Park Byp@33.7-2508: Western Fwy  Deer Park Byp@13.2	2505	2508	557	545	0	9	3	3.40	3.38		4.45	4.65	0.02	0.02		0.00	0.00	LOS_A	1	0.00	0.00
1	3600-7200	327			2051	1961	5	66	19	1.81	1.84	1.02	1.22	1.30	0.01	0.01	0.00	0.00	0.00	LOS_A	1	0.00	0.00
1	3600-7200	338			0	0	0	0	0											LOS_A			
1	7200-10800	43-28: Troups Rd N@6.9-13: Western Hwy@23.8	28	13	102	96	0	5	1	0.26	0.23		0.73	0.94	0.00	0.00		0.00	0.00	LOS_A	1	0.00	0.00
1	7200-10800	43-609: Western Hwy@95.9-13: Western Hwy@23.8	609	13	1205	1048	6	116	33	2.52	2.50	2.15	2.74	2.67	0.00	0.00	0.00	0.00	0.00	LOS_A	1	0.00	0.00
1	7200-10800	43-609: Western Hwy@95.9-27: Troups Rd N@5.6	609	27	173	162	0	9	2	4.70	4.57		6.53	7.17	0.00	0.00		0.00	0.00	LOS_A	1	0.00	0.00
1	7200-10800	43-944: Western Hwy@45.8-73: Western Hwy@23.3	944	73	1682	1585	8	63	24	0.78	0.80	0.91	0.54	0.63	0.00	0.00	0.00	0.00	0.00	LOS_A	1	0.00	0.00
1	7200-10800	43			3162	2891	14	193	60	1.64	1.61	1.45	2.15	1.98	0.00	0.00	0.00	0.00	0.00	LOS_A	1	0.00	0.00
1	7200-10800	44-15@3.2-243: Ferris Rd  Melton Hwy@24.7	15	243	218	205	0	11	0	0.81	0.69		2.94		0.00	0.00		0.00		LOS_A	1	0.00	0.00
1	7200-10800	44-421: Ferris Rd@65.5-20@13.7	421	20	26	25	0	1	0	3.50	3.43		5.34		0.00	0.00		0.00		LOS_A	1	0.00	0.00
1	7200-10800	44-421: Ferris Rd@65.5-243: Ferris Rd  Melton Hwy@24.7	421	243	357	337	1	12	6	0.35	0.37	0.00	0.15	0.06	0.00	0.00	0.00	0.00	0.00	LOS_A	1	0.00	0.00
1	7200-10800	44-682@3.6-420: Ferris Rd@19.2	682	420	121	104	0	16	1	1.17	0.99		2.29	2.20	0.00	0.00		0.00	0.00	LOS_A	1	0.00	0.00
1	7200-10800	44-10393@15.0-19@37.7	10393	19	133	128	0	5	0	3.18	3.13		4.51		0.00	0.00		0.00		LOS_A	1	0.00	0.00
1	7200-10800	44-10393@15.0-420: Ferris Rd@19.2	10393	420	304	283	0	17	3	1.47	1.48		1.41	1.87	0.00	0.00		0.00	0.00	LOS_A	1	0.00	0.00
1	7200-10800	44			1159	1082	1	62	10	1.21	1.17	0.00	1.98	0.82	0.00	0.00	0.00	0.00	0.00	LOS_A	1	0.00	0.00
1	7200-10800	45-680: Melton Hwy@89.9-95: Melton Hwy@34.6	680	95	531	510	0	19	2	0.33	0.32		0.45	0.45	0.00	0.00		0.00	0.00	LOS_A	1	0.00	0.00
1	7200-10800	45-680: Melton Hwy@89.9-363: Gateway Dr@6.2	680	363	21	21	0	0	0	2.33	2.33				0.00	0.00				LOS_A	1	0.00	0.00
1	7200-10800	45-680: Melton Hwy@89.9-500: Zone connector@15.5	680	500	37	36	0	1	0	3.75	3.72		4.85		0.00	0.00		0.00		LOS_A	1	0.00	0.00
1	7200-10800	45-271472: Melton Hwy@23.5-307: Melton Hwy@23.4	271472	307	409	386	0	22	1	0.05	0.05		0.01	0.00	0.00	0.00		0.00	0.00	LOS_A	1	0.00	0.00
1	7200-10800	45-271472: Melton Hwy@23.5-363: Gateway Dr@6.2	271472	363	0	0	0	0	0											LOS_A		0.00	0.00
1	7200-10800	45-271472: Melton Hwy@23.5-500: Zone connector@15.5	271472	500	3	3	0	0	0	8.49	8.49				0.00	0.00				LOS_A	1	0.00	0.00
1	7200-10800	45-271481: Gateway Dr@28.0-95: Melton Hwy@34.6	271481	95	0	0	0	0	0											LOS_A		0.00	0.00
1	7200-10800	45-271481: Gateway Dr@28.0-307: Melton Hwy@23.4	271481	307	3	0	0	3	0	5.05			5.05		0.00			0.00		LOS_A	1	0.00	0.00
1	7200-10800	45-271481: Gateway Dr@28.0-500: Zone connector@15.5	271481	500	0	0	0	0	0											LOS_A		0.00	0.00
1	7200-10800	45-271486: Zone connector@56.9-95: Melton Hwy@34.6	271486	95	1	1	0	0	0	0.00	0.00				0.00	0.00				LOS_A	1	0.00	0.00
1	7200-10800	45-271486: Zone connector@56.9-307: Melton Hwy@23.4	271486	307	1	0	0	1	0	3.12			3.12		0.00			0.00		LOS_A	1	0.00	0.00
1	7200-10800	45-271486: Zone connector@56.9-363: Gateway Dr@6.2	271486	363	0	0	0	0	0											LOS_A		0.00	0.00
1	7200-10800	45			1006	957	0	46	3	0.42	0.41		0.69	0.30	0.00	0.00		0.00	0.00	LOS_A	1	0.00	0.00
1	7200-10800	46-12: Hopkins Rd@68.9-44: Hopkins Rd@23.1	12	44	601	556	0	29	7	2.27	2.17		3.06	1.03	0.14	0.12		0.36	0.00	LOS_A	1	0.00	0.00
1	7200-10800	46-12: Hopkins Rd@68.9-104@37.0	12	104	73	65	1	7	0	0.80	0.78	0.00	1.17		0.00	0.00	0.00	0.00		LOS_A	1	0.00	0.00
1	7200-10800	46-12: Hopkins Rd@68.9-428@34.4	12	428	15	15	0	0	0	4.12	4.12				0.14	0.14				LOS_A	1	0.00	0.00
1	7200-10800	46-12: Hopkins Rd@68.9-1243: Hopkins Rd@4.3	12	1243	0	0	0	0	0											LOS_A		0.00	0.00
1	7200-10800	46-255: Hopkins Rd@17.0-44: Hopkins Rd@23.1	255	44	0	0	0	0	0											LOS_A		0.00	0.00
1	7200-10800	46-255: Hopkins Rd@17.0-104@37.0	255	104	89	82	0	5	0	0.82	0.81		1.34		0.00	0.00		0.00		LOS_A	1	0.00	0.00
1	7200-10800	46-255: Hopkins Rd@17.0-428@34.4	255	428	18	18	0	0	0	3.80	3.80				0.00	0.00				LOS_A	1	0.00	0.00
1	7200-10800	46-255: Hopkins Rd@17.0-1243: Hopkins Rd@4.3	255	1243	366	331	0	23	3	1.34	1.34		1.33	1.12	0.00	0.00		0.00	0.00	LOS_A	1	0.00	0.00
1	7200-10800	46-257@11.2-44: Hopkins Rd@23.1	257	44	139	102	0	33	4	5.21	4.69		6.98	4.06	0.73	0.86		0.43	0.00	LOS_A	1	0.00	0.00
1	7200-10800	46-257@11.2-104@37.0	257	104	0	0	0	0	0											LOS_A		0.00	0.00
1	7200-10800	46-257@11.2-428@34.4	257	428	0	0	0	0	0											LOS_A		0.00	0.00
1	7200-10800	46-257@11.2-1243: Hopkins Rd@4.3	257	1243	158	136	0	20	2	1.89	1.73		3.10	1.20	0.00	0.00		0.00	0.00	LOS_A	1	0.00	0.00
1	7200-10800	46-429: 7-Eleven NA@91.6-44: Hopkins Rd@23.1	429	44	25	25	0	0	0	1.03	1.03				0.00	0.00				LOS_A	1	0.00	0.00
1	7200-10800	46-429: 7-Eleven NA@91.6-104@37.0	429	104	13	13	0	0	0	0.00	0.00				0.00	0.00				LOS_A	1	0.00	0.00
1	7200-10800	46-429: 7-Eleven NA@91.6-428@34.4	429	428	0	0	0	0	0											LOS_A		0.00	0.00
1	7200-10800	46-429: 7-Eleven NA@91.6-1243: Hopkins Rd@4.3	429	1243	29	29	0	0	0	0.17	0.17				0.00	0.00				LOS_A	1	0.00	0.00
1	7200-10800	46			1526	1372	1	117	16	2.08	1.93	0.00	3.64	1.83	0.12	0.11	0.00	0.21	0.00	LOS_A	1	0.00	0.00
1	7200-10800	47-4: Caroline Springs Blvd@6.8-212: Caroline Springs Blvd@4.6	4	212	855	805	0	36	2	2.68	2.40		3.37	1.06	0.15	0.14		0.26	0.00	LOS_A	1	0.00	0.00
1	7200-10800	47-4: Caroline Springs Blvd@6.8-446@6.0	4	446	0	0	0	0	0											LOS_A		0.00	0.00
1	7200-10800	47-447: Caroline Spring Blvd NA@32.5-212: Caroline Springs Blvd@4.6	447	212	1	1	0	0	0	0.08	0.08				0.00	0.00				LOS_A	1	0.00	0.00
1	7200-10800	47-887: Caroline Springs Blvd@16.4-212: Caroline Springs Blvd@4.6	887	212	15	12	0	3	0	6.65	6.35		7.83		0.00	0.00		0.00		LOS_A	1	0.00	0.00
1	7200-10800	47-887: Caroline Springs Blvd@16.4-448@12.1	887	448	316	276	0	25	3	0.54	0.48		0.58	0.78	0.00	0.00		0.00	0.00	LOS_A	1	0.00	0.00
1	7200-10800	47			1187	1094	0	64	5	2.16	1.96		2.49	0.89	0.11	0.11		0.15	0.00	LOS_A	1	0.00	0.00
1	7200-10800	48-271519: Meskos Rd@47.0-12: Hopkins Rd@26.0	271519	12	41	29	0	6	1	1.40	0.69		2.38	2.16	0.00	0.00		0.00	0.00	LOS_A	1	0.00	0.00
1	7200-10800	48-271519: Meskos Rd@47.0-55: Hopkins Rd@15.4	271519	55	4	3	0	1	0	0.00	0.00		0.00		0.00	0.00		0.00		LOS_A	1	0.00	0.00
1	7200-10800	48-271519: Meskos Rd@47.0-82: Sheahan Rd@36.7	271519	82	1	1	0	0	0	0.00	0.00				0.00	0.00				LOS_A	1	0.00	0.00
1	7200-10800	48-271522: Hopkins Rd@23.9-55: Hopkins Rd@15.4	271522	55	443	403	0	31	5	0.92	0.94		0.88	0.70	0.00	0.00		0.00	0.00	LOS_A	1	0.00	0.00
1	7200-10800	48-271522: Hopkins Rd@23.9-66: Meskos Rd@27.7	271522	66	66	54	0	7	0	6.45	6.22		8.61		0.03	0.03		0.00		LOS_A	1	0.00	0.00
1	7200-10800	48-271522: Hopkins Rd@23.9-82: Sheahan Rd@36.7	271522	82	44	39	0	5	0	4.60	4.44		5.83		0.00	0.00		0.00		LOS_A	1	0.00	0.00
1	7200-10800	48-271526: Sheahan Rd@62.5-12: Hopkins Rd@26.0	271526	12	21	17	0	2	2	0.01	0.01		0.00	0.02	0.00	0.00		0.00	0.00	LOS_A	1	0.00	0.00
1	7200-10800	48-271526: Sheahan Rd@62.5-55: Hopkins Rd@15.4	271526	55	5	3	0	2	0	0.26	0.01		0.63		0.00	0.00		0.00		LOS_A	1	0.00	0.00
1	7200-10800	48-271526: Sheahan Rd@62.5-66: Meskos Rd@27.7	271526	66	0	0	0	0	0											LOS_A		0.00	0.00
1	7200-10800	48-271531: Hopkins Rd@5.3-12: Hopkins Rd@26.0	271531	12	627	590	1	28	4	0.98	1.00	0.00	0.79	0.26	0.00	0.00	0.00	0.00	0.00	LOS_A	1	0.24	26.27
1	7200-10800	48-271531: Hopkins Rd@5.3-66: Meskos Rd@27.7	271531	66	34	32	0	2	0	11.23	11.14		12.69		0.00	0.00		0.00		LOS_B	2	0.24	26.27
1	7200-10800	48-271531: Hopkins Rd@5.3-82: Sheahan Rd@36.7	271531	82	20	20	0	0	0	5.07	5.07				0.00	0.00				LOS_A	1	0.24	26.27
1	7200-10800	48-271556@6.9-271556@52.0	271556	271556	4	0	0	0	0	0.00					0.00					LOS_A	1	0.03	17.26
1	7200-10800	48-271558@2.8-271558@48.4	271558	271558	5	0	0	0	0	0.00					0.00					LOS_A	1	0.04	18.95
1	7200-10800	48-271560@6.3-271560@50.2	271560	271560	4	0	0	0	0	0.00					0.00					LOS_A	1	0.07	18.47
1	7200-10800	48-271566@22.9-271566@62.3	271566	271566	6	0	0	0	0	0.00					0.00					LOS_A	1	0.13	20.31
1	7200-10800	48			1325	1191	1	84	12	1.65	1.64	0.00	2.14	0.56	0.00	0.00	0.00	0.00	0.00	LOS_A	1	0.07	26.27
1	7200-10800	49-351: Delma Rd@85.2-352: Eucumbene Dr@37.8	351	352	0	0	0	0	0											LOS_A		0.00	0.00
1	7200-10800	49-351: Delma Rd@85.2-506: Zone connector@80.7	351	506	35	35	0	0	0	2.38	2.38				0.00	0.00				LOS_A	1	0.00	0.00
1	7200-10800	49-353: Eucumbene Dr@275.9-350: Delma Rd@23.2	353	350	0	0	0	0	0											LOS_A		0.00	0.00
1	7200-10800	49-353: Eucumbene Dr@275.9-506: Zone connector@80.7	353	506	105	102	0	3	0	1.14	1.12		1.80		0.00	0.00		0.00		LOS_A	1	0.00	0.00
1	7200-10800	49-505: Eucumbene Dr SA@77.8-350: Delma Rd@23.2	505	350	24	21	0	3	0	0.01	0.02		0.00		0.00	0.00		0.00		LOS_A	1	0.00	0.00
1	7200-10800	49-505: Eucumbene Dr SA@77.8-352: Eucumbene Dr@37.8	505	352	6	4	0	2	0	0.03	0.02		0.03		0.00	0.00		0.00		LOS_A	1	0.00	0.00
1	7200-10800	49			170	162	0	8	0	1.20	1.22		0.68		0.00	0.00		0.00		LOS_A	1	0.00	0.00
1	7200-10800	50-115: Western Hwy@22.9-209: Ballarat Rd  Western Hwy@28.7	115	209	407	390	0	15	2	0.40	0.41		0.29	0.23	0.00	0.00		0.00	0.00	LOS_A	1	0.00	0.00
1	7200-10800	50-115: Western Hwy@22.9-283: Christies Rd@7.9	115	283	87	79	0	8	0	6.25	6.09		7.91		0.00	0.00		0.00		LOS_A	1	0.00	0.00
1	7200-10800	50-461: Ballarat Rd  Western Hwy@7.1-114: Western Hwy@17.3	461	114	276	248	0	27	1	0.27	0.26		0.32	2.05	0.00	0.00		0.00	0.00	LOS_A	1	0.00	0.00
1	7200-10800	50-461: Ballarat Rd  Western Hwy@7.1-215: Caroline Springs Blvd@5.8	461	215	56	52	0	4	0	3.14	2.98		5.24		0.00	0.00		0.00		LOS_A	1	0.00	0.00
1	7200-10800	50-648: Christies Rd@37.8-114: Western Hwy@17.3	648	114	18	14	0	3	1	1.91	1.68		2.84	2.34	0.00	0.00		0.00	0.00	LOS_A	1	0.00	0.00
1	7200-10800	50-648: Christies Rd@37.8-209: Ballarat Rd  Western Hwy@28.7	648	209	84	77	0	7	0	8.65	8.42		11.22		0.00	0.00		0.00		LOS_A	1	0.00	0.00
1	7200-10800	50-648: Christies Rd@37.8-215: Caroline Springs Blvd@5.8	648	215	244	207	0	23	2	1.45	1.51		1.60	1.07	0.00	0.00		0.00	0.00	LOS_A	1	0.00	0.00
1	7200-10800	50-649@8.2-283: Christies Rd@7.9	649	283	113	101	0	11	1	1.60	1.48		2.64	2.22	0.00	0.00		0.00	0.00	LOS_A	1	0.00	0.00
1	7200-10800	50-651@22.8-215: Caroline Springs Blvd@5.8	651	215	31	29	0	1	1	2.09	1.97		3.57	4.33	0.12	0.13		0.00	0.00	LOS_A	1	0.00	0.00
1	7200-10800	50-652: Caroline Springs Blvd@21.4-114: Western Hwy@17.3	652	114	85	81	0	4	0	7.33	7.31		7.68		0.08	0.08		0.00		LOS_A	1	0.00	0.00
1	7200-10800	50-652: Caroline Springs Blvd@21.4-209: Ballarat Rd  Western Hwy@28.7	652	209	128	118	0	10	0	8.41	8.34		9.29		0.00	0.00		0.00		LOS_A	1	0.08	29.66
1	7200-10800	50-652: Caroline Springs Blvd@21.4-283: Christies Rd@7.9	652	283	658	619	0	25	2	2.95	2.96		2.10	1.12	0.01	0.02		0.00	0.00	LOS_A	1	0.00	0.00
1	7200-10800	50			2187	2015	0	138	10	2.73	2.71		3.11	1.58	0.01	0.01		0.00	0.00	LOS_A	1	0.01	29.66
1	7200-10800	51-7: Ballarat Rd  Western Hwy@16.6-10: Ballarat Rd  Western Hwy@18.5	7	10	6	6	0	0	0	0.08	0.08				0.00	0.00				LOS_A	1	0.00	0.00
1	7200-10800	51-7: Ballarat Rd  Western Hwy@16.6-385: Chisholm Dr@11.7	7	385	1	1	0	0	0	1.89	1.89				0.00	0.00				LOS_A	1	0.00	0.00
1	7200-10800	51-7: Ballarat Rd  Western Hwy@16.6-670: Ballarat Rd  Western Hwy@1.4	7	670	6	6	0	0	0	2.62	2.62				0.00	0.00				LOS_A	1	0.00	0.00
1	7200-10800	51-7: Ballarat Rd  Western Hwy@16.6-671: Panamax Rd@7.5	7	671	0	0	0	0	0											LOS_A		0.00	0.00
1	7200-10800	51-347: Panamax Rd@4.8-10: Ballarat Rd  Western Hwy@18.5	347	10	90	87	0	3	0	0.48	0.47		0.81		0.00	0.00		0.00		LOS_A	1	0.00	0.00
1	7200-10800	51-347: Panamax Rd@4.8-385: Chisholm Dr@11.7	347	385	6	6	0	0	0	6.26	6.26				0.00	0.00				LOS_A	1	0.00	0.00
1	7200-10800	51-347: Panamax Rd@4.8-670: Ballarat Rd  Western Hwy@1.4	347	670	69	66	0	3	0	6.43	6.34		8.37		0.04	0.04		0.00		LOS_A	1	0.01	9.38
1	7200-10800	51-360: Ballarat Rd  Western Hwy@55.2-10: Ballarat Rd  Western Hwy@18.5	360	10	547	518	0	27	2	0.53	0.52		0.62	0.40	0.00	0.00		0.00	0.00	LOS_A	1	0.00	0.00
1	7200-10800	51-360: Ballarat Rd  Western Hwy@55.2-385: Chisholm Dr@11.7	360	385	9	9	0	0	0	4.51	4.51				0.00	0.00				LOS_A	1	0.00	0.00
1	7200-10800	51-360: Ballarat Rd  Western Hwy@55.2-671: Panamax Rd@7.5	360	671	63	58	0	5	0	4.41	4.15		7.40		0.01	0.01		0.00		LOS_A	1	0.00	0.00
1	7200-10800	51-673: Chisholm Dr@12.9-10: Ballarat Rd  Western Hwy@18.5	673	10	37	37	0	0	0	0.17	0.17				0.00	0.00				LOS_A	1	0.00	0.00
1	7200-10800	51-673: Chisholm Dr@12.9-670: Ballarat Rd  Western Hwy@1.4	673	670	41	40	0	0	1	3.22	3.19			4.12	0.00	0.00			0.00	LOS_A	1	0.00	0.00
1	7200-10800	51-673: Chisholm Dr@12.9-671: Panamax Rd@7.5	673	671	22	22	0	0	0	12.75	12.75				0.26	0.26				LOS_B	2	0.00	0.00
1	7200-10800	51-885: Ballarat Rd  Western Hwy@6.9-10: Ballarat Rd  Western Hwy@18.5	885	10	0	0	0	0	0											LOS_A		0.00	0.00
1	7200-10800	51-885: Ballarat Rd  Western Hwy@6.9-385: Chisholm Dr@11.7	885	385	4	4	0	0	0	1.91	1.91				0.00	0.00				LOS_A	1	0.00	0.00
1	7200-10800	51-885: Ballarat Rd  Western Hwy@6.9-670: Ballarat Rd  Western Hwy@1.4	885	670	340	303	0	36	1	0.75	0.69		1.28	0.16	0.01	0.01		0.00	0.00	LOS_A	1	0.00	0.00
1	7200-10800	51-885: Ballarat Rd  Western Hwy@6.9-671: Panamax Rd@7.5	885	671	80	79	0	1	0	4.14	4.11		7.03		0.00	0.00		0.00		LOS_A	1	0.00	0.00
1	7200-10800	51			1321	1242	0	75	4	1.64	1.63		1.79	1.27	0.01	0.01		0.00	0.00	LOS_A	1	0.00	9.38
1	7200-10800	52-198: Melton Hwy@69.6-182@11.5	198	182	214	196	0	16	0	6.35	6.10		9.30		0.11	0.09		0.29		LOS_A	1	0.00	0.00
1	7200-10800	52-198: Melton Hwy@69.6-308: Ferris Rd  Melton Hwy@20.5	198	308	363	342	0	18	2	2.09	2.11		1.95	0.06	0.01	0.01		0.00	0.00	LOS_A	1	0.00	0.00
1	7200-10800	52-339@366.5-200: Melton Hwy@21.7	339	200	319	308	0	10	1	1.27	1.25		1.65	1.82	0.00	0.00		0.00	0.00	LOS_A	1	0.00	0.00
1	7200-10800	52-339@366.5-308: Ferris Rd  Melton Hwy@20.5	339	308	74	69	0	4	1	4.23	3.96		5.48	17.27	0.03	0.03		0.00	0.11	LOS_A	1	0.01	17.77
1	7200-10800	52-956: Ferris Rd  Melton Hwy@55.3-182@11.5	956	182	203	190	1	7	5	3.82	3.77	5.28	4.35	4.51	0.00	0.00	0.00	0.00	0.00	LOS_A	1	0.00	0.00
1	7200-10800	52-956: Ferris Rd  Melton Hwy@55.3-200: Melton Hwy@21.7	956	200	372	352	0	16	1	2.20	2.20		2.07	0.00	0.00	0.00		0.00	0.00	LOS_A	1	0.00	0.00
1	7200-10800	52			1545	1457	1	71	10	2.86	2.79	5.28	4.03	4.17	0.02	0.02	0.00	0.07	0.01	LOS_A	1	0.00	17.77
1	7200-10800	53-899: Melton Hwy@13.5-199: Melton Hwy@15.7	899	199	0	0	0	0	0											LOS_A		0.04	35.80
1	7200-10800	53-899: Melton Hwy@13.5-301: High St@21.5	899	301	6	6	0	0	0	1.43	1.43				0.00	0.00				LOS_A	1	0.04	35.80
1	7200-10800	53-899: Melton Hwy@13.5-305: Melton Hwy@15.2	899	305	516	494	0	20	2	1.36	1.38		1.00	1.04	0.00	0.00		0.00	0.00	LOS_A	1	0.04	35.80
1	7200-10800	53-899: Melton Hwy@13.5-376: High St@36.1	899	376	169	160	0	6	0	6.48	6.28		10.80		0.10	0.08		0.44		LOS_A	1	0.04	35.80
1	7200-10800	53-900: High St@7.7-199: Melton Hwy@15.7	900	199	181	168	0	9	1	0.15	0.13		0.04	0.00	0.00	0.00		0.00	0.00	LOS_A	1	0.00	0.00
1	7200-10800	53-900: High St@7.7-301: High St@21.5	900	301	8	8	0	0	0	0.06	0.06				0.00	0.00				LOS_A	1	0.00	0.00
1	7200-10800	53-900: High St@7.7-305: Melton Hwy@15.2	900	305	71	71	0	0	0	5.02	5.02				0.00	0.00				LOS_A	1	0.00	0.00
1	7200-10800	53-900: High St@7.7-376: High St@36.1	900	376	0	0	0	0	0											LOS_A		0.00	0.00
1	7200-10800	53-901: Melton Hwy@7.6-199: Melton Hwy@15.7	901	199	373	347	0	25	1	0.62	0.61		0.67	0.00	0.00	0.00		0.00	0.00	LOS_A	1	0.00	0.00
1	7200-10800	53-901: Melton Hwy@7.6-301: High St@21.5	901	301	7	6	0	1	0	0.40	0.47		0.00		0.00	0.00		0.00		LOS_A	1	0.00	0.00
1	7200-10800	53-901: Melton Hwy@7.6-305: Melton Hwy@15.2	901	305	0	0	0	0	0											LOS_A		0.00	0.00
1	7200-10800	53-901: Melton Hwy@7.6-376: High St@36.1	901	376	33	33	0	0	0	0.47	0.47				0.00	0.00				LOS_A	1	0.00	0.00
1	7200-10800	53-1241: High St@3.1-199: Melton Hwy@15.7	1241	199	23	23	0	0	0	0.25	0.25				0.00	0.00				LOS_A	1	0.00	0.00
1	7200-10800	53-1241: High St@3.1-301: High St@21.5	1241	301	0	0	0	0	0											LOS_A		0.00	0.00
1	7200-10800	53-1241: High St@3.1-305: Melton Hwy@15.2	1241	305	2	2	0	0	0	0.28	0.28				0.00	0.00				LOS_A	1	0.00	0.00
1	7200-10800	53-1241: High St@3.1-376: High St@36.1	1241	376	2	2	0	0	0	0.34	0.34				0.00	0.00				LOS_A	1	0.00	0.00
1	7200-10800	53			1391	1320	0	61	4	1.76	1.75		1.67	0.52	0.01	0.01		0.04	0.00	LOS_A	1	0.01	35.80
1	7200-10800	54-526: Ferris Rd@22.5-310@35.3	526	310	17	9	0	8	0	7.96	6.42		9.70		0.42	0.00		0.89		LOS_A	1	0.02	27.57
1	7200-10800	54-526: Ferris Rd@22.5-421: Ferris Rd@15.4	526	421	0	0	0	0	0											LOS_A		0.02	27.57
1	7200-10800	54-526: Ferris Rd@22.5-525: Ferris Rd@18.9	526	525	408	378	0	25	4	0.48	0.47		0.60	0.81	0.00	0.00		0.00	0.00	LOS_A	1	0.02	27.57
1	7200-10800	54-527: Zone connector@58.2-310@35.3	527	310	0	0	0	0	0											LOS_A		0.00	0.00
1	7200-10800	54-527: Zone connector@58.2-421: Ferris Rd@15.4	527	421	368	347	1	13	6	0.08	0.08	0.00	0.08	0.09	0.00	0.00	0.00	0.00	0.00	LOS_A	1	0.00	0.00
1	7200-10800	54-528@5.7-421: Ferris Rd@15.4	528	421	15	15	0	0	0	4.62	4.62				0.00	0.00				LOS_A	1	0.00	0.00
1	7200-10800	54-528@5.7-525: Ferris Rd@18.9	528	525	0	0	0	0	0											LOS_A		0.00	0.00
1	7200-10800	54			808	749	1	46	10	0.53	0.44	0.00	2.03	0.38	0.01	0.00	0.00	0.15	0.00	LOS_A	1	0.01	27.57
1	7200-10800	55-68: Mount Cottrell Rd SA@390.9-320: Western Fwy@25.9	68	320	63	58	0	5	0	0.02	0.02		0.00		0.00	0.00		0.00		LOS_A	1	0.00	0.00
1	7200-10800	55-942: Western Hwy@75.8-69: Mount Cottrell Rd@25.4	942	69	231	204	1	24	2	3.17	2.97	6.63	4.48	6.37	0.00	0.00	0.00	0.00	0.00	LOS_A	1	0.00	0.00
1	7200-10800	55-942: Western Hwy@75.8-320: Western Fwy@25.9	942	320	1134	1006	5	91	30	1.87	1.88	2.31	1.75	1.83	0.00	0.00	0.00	0.00	0.00	LOS_A	1	0.00	0.00
1	7200-10800	55			1428	1268	6	120	32	2.00	1.97	3.03	2.23	2.11	0.00	0.00	0.00	0.00	0.00	LOS_A	1	0.00	0.00
1	7200-10800	56-24: Paynes Rd SA@384.9-537: Western Hwy@24.0	24	537	136	133	0	3	0	0.16	0.16		0.06		0.00	0.00		0.00		LOS_A	1	0.00	0.00
1	7200-10800	56-536: Western Hwy@83.6-23: Paynes Rd@34.1	536	23	95	93	0	2	0	6.56	6.52		8.11		0.00	0.00		0.00		LOS_A	1	0.00	0.00
1	7200-10800	56-536: Western Hwy@83.6-537: Western Hwy@24.0	536	537	1228	1076	6	112	32	2.40	2.38	4.35	2.40	2.83	0.00	0.00	0.00	0.00	0.00	LOS_A	1	0.00	0.00
1	7200-10800	56			1459	1302	6	117	32	2.46	2.45	4.35	2.43	2.83	0.00	0.00	0.00	0.00	0.00	LOS_A	1	0.00	0.00
1	7200-10800	57-169: Western Hwy@71.3-168: Western Hwy@12.5	169	168	1572	1479	8	62	21	0.66	0.67	0.68	0.56	0.54	0.00	0.00	0.00	0.00	0.00	LOS_A	1	0.00	0.00
1	7200-10800	57-511: Western Freeway service Rd SA@97.7-172: Western Hwy@0.2	511	172	0	0	0	0	0											LOS_A		0.00	0.00
1	7200-10800	57-936: Western Hwy@71.3-172: Western Hwy@0.2	936	172	1323	1169	6	114	32	0.53	0.49	1.43	0.79	0.74	0.00	0.00	0.00	0.00	0.00	LOS_A	1	0.00	0.00
1	7200-10800	57-936: Western Hwy@71.3-512: Zone connector@4.0	936	512	0	0	0	0	0											LOS_A		0.00	0.00
1	7200-10800	57			2895	2648	14	176	53	0.60	0.59	1.01	0.71	0.66	0.00	0.00	0.00	0.00	0.00	LOS_A	1	0.00	0.00
1	7200-10800	58-436@136.8-271: Leakes Rd@61.4	436	271	93	87	0	6	0	2.48	2.27		5.43		0.00	0.00		0.00		LOS_A	1	0.00	0.00
1	7200-10800	58-436@136.8-437: Leakes Rd@45.3	436	437	38	37	0	1	0	1.34	1.30		2.67		0.00	0.00		0.00		LOS_A	1	0.00	0.00
1	7200-10800	58-600: Leakes Rd@6.4-273@26.5	600	273	196	189	0	4	3	5.76	5.68		7.75	8.60	0.00	0.00		0.00	0.00	LOS_A	1	0.00	0.00
1	7200-10800	58-600: Leakes Rd@6.4-437: Leakes Rd@45.3	600	437	186	167	0	7	0	2.41	2.43		3.56		0.00	0.00		0.00		LOS_A	1	0.00	0.00
1	7200-10800	58-1263: Leakes Rd@41.8-271: Leakes Rd@61.4	1263	271	82	59	0	9	2	0.42	0.39		1.04	0.70	0.00	0.00		0.00	0.00	LOS_A	1	0.00	0.00
1	7200-10800	58-1263: Leakes Rd@41.8-273@26.5	1263	273	45	41	0	4	0	1.65	1.58		2.45		0.00	0.00		0.00		LOS_A	1	0.00	0.00
1	7200-10800	58			640	580	0	31	5	3.08	3.13		3.56	5.44	0.00	0.00		0.00	0.00	LOS_A	1	0.00	0.00
1	7200-10800	59-271: Leakes Rd@243.4-602: Leakes Rd@8.6	271	602	175	146	0	15	2	0.69	0.64		1.19	0.42	0.00	0.00		0.00	0.00	LOS_A	1	0.00	0.00
1	7200-10800	59-443: Woodlea Blvd EA@92.7-270: Leakes Rd@21.8	443	270	11	11	0	0	0	1.34	1.34				0.00	0.00				LOS_A	1	0.00	0.00
1	7200-10800	59-443: Woodlea Blvd EA@92.7-442@13.5	443	442	0	0	0	0	0											LOS_A		0.00	0.00
1	7200-10800	59-605: Leakes Rd@48.1-270: Leakes Rd@21.8	605	270	371	345	0	11	3	1.33	0.67		1.34	0.42	0.00	0.00		0.00	0.00	LOS_A	1	0.00	0.00
1	7200-10800	59-605: Leakes Rd@48.1-442@13.5	605	442	12	12	0	0	0	0.00	0.00				0.00	0.00				LOS_A	1	0.00	0.00
1	7200-10800	59			569	514	0	26	5	1.10	0.66		1.26	0.42	0.00	0.00		0.00	0.00	LOS_A	1	0.00	0.00
1	7200-10800	60-938: Leakes Rd@68.7-398: Taylors Rd@37.8	938	398	129	108	0	9	0	3.94	2.46		4.28		0.00	0.00		0.00		LOS_A	1	0.00	0.00
1	7200-10800	60-938: Leakes Rd@68.7-400: Leakes Rd@62.1	938	400	39	31	0	6	2	0.55	0.47		1.05	0.30	0.00	0.00		0.00	0.00	LOS_A	1	0.00	0.00
1	7200-10800	60-938: Leakes Rd@68.7-402: Leakes Rd@53.8	938	402	0	0	0	0	0											LOS_A		0.00	0.00
1	7200-10800	60-938: Leakes Rd@68.7-271502: Taylors Rd@46.1	938	271502	7	7	0	0	0	3.85	3.85				0.00	0.00				LOS_A	1	0.00	0.00
1	7200-10800	60-271509: Taylors Rd@32.2-400: Leakes Rd@62.1	271509	400	22	22	0	0	0	0.10	0.10				0.00	0.00				LOS_A	1	0.00	0.00
1	7200-10800	60-271509: Taylors Rd@32.2-402: Leakes Rd@53.8	271509	402	65	52	0	1	0	4.19	3.22		6.01		0.00	0.00		0.00		LOS_A	1	0.00	0.00
1	7200-10800	60-271509: Taylors Rd@32.2-271502: Taylors Rd@46.1	271509	271502	49	48	0	1	0	0.01	0.01		0.00		0.00	0.00		0.00		LOS_A	1	0.00	0.00
1	7200-10800	60-271574: Taylors Rd@30.9-398: Taylors Rd@37.8	271574	398	42	40	2	0	0	0.28	0.22	1.56			0.00	0.00	0.00			LOS_A	1	0.00	0.00
1	7200-10800	60-271574: Taylors Rd@30.9-402: Leakes Rd@53.8	271574	402	54	53	0	1	0	0.17	0.16		0.48		0.00	0.00		0.00		LOS_A	1	0.00	0.00
1	7200-10800	60-271576: Taylors Rd@30.3-400: Leakes Rd@62.1	271576	400	30	30	0	0	0	10.55	10.55				0.00	0.00				LOS_B	2	0.00	0.00
1	7200-10800	60-271581: Leakes Rd@28.6-398: Taylors Rd@37.8	271581	398	53	53	0	0	0	5.33	5.33				3.10	3.10				LOS_A	1	0.52	42.30
1	7200-10800	60-271581: Leakes Rd@28.6-402: Leakes Rd@53.8	271581	402	264	252	0	9	3	0.42	0.40		0.75	0.95	0.00	0.00		0.00	0.00	LOS_A	1	0.00	0.00
1	7200-10800	60-271581: Leakes Rd@28.6-271502: Taylors Rd@46.1	271581	271502	20	20	0	0	0	4.05	4.05				0.00	0.00				LOS_A	1	0.00	0.00
1	7200-10800	60			774	716	2	27	5	2.12	1.78	1.56	2.15	0.69	0.21	0.23	0.00	0.00	0.00	LOS_A	1	0.06	42.30
1	7200-10800	61-540@22.7-435: Leakes Rd@19.5	540	435	30	30	0	0	0	0.64	0.64				0.00	0.00				LOS_A	1	0.00	0.00
1	7200-10800	61-540@22.7-438: Leakes Rd@14.4	540	438	58	48	0	8	2	0.83	0.63		1.79	1.56	0.00	0.00		0.00	0.00	LOS_A	1	0.00	0.00
1	7200-10800	61-863: Leakes Rd@86.5-265@27.3	863	265	97	96	0	1	0	3.88	3.87		4.82		0.00	0.00		0.00		LOS_A	1	0.00	0.00
1	7200-10800	61-863: Leakes Rd@86.5-435: Leakes Rd@19.5	863	435	127	108	0	7	0	0.89	1.01		0.48		0.00	0.00		0.00		LOS_A	1	0.00	0.00
1	7200-10800	61-941: Leakes Rd@8.5-265@27.3	941	265	10	10	0	0	0	6.55	6.55				0.00	0.00				LOS_A	1	0.00	0.00
1	7200-10800	61-941: Leakes Rd@8.5-438: Leakes Rd@14.4	941	438	69	52	0	5	0	0.10	0.10		0.00		0.00	0.00		0.00		LOS_A	1	0.00	0.00
1	7200-10800	61			391	344	0	21	2	1.61	1.75		1.07	1.56	0.00	0.00		0.00	0.00	LOS_A	1	0.00	0.00
1	7200-10800	62-267: Ian Cowie Way EA@65.6-264: Leakes Rd@15.6	267	264	0	0	0	0	0											LOS_A		0.00	0.00
1	7200-10800	62-267: Ian Cowie Way EA@65.6-434: Leakes Rd@14.9	267	434	28	27	0	1	0	0.01	0.01		0.00		0.00	0.00		0.00		LOS_A	1	0.00	0.00
1	7200-10800	62-267: Ian Cowie Way EA@65.6-271596@27.9	267	271596	0	0	0	0	0											LOS_A		0.00	0.00
1	7200-10800	62-538: Leakes Rd@42.7-264: Leakes Rd@15.6	538	264	111	92	0	7	0	1.03	1.06		0.56		0.00	0.00		0.00		LOS_A	1	0.00	0.00
1	7200-10800	62-538: Leakes Rd@42.7-268: Ian Cowie Way@17.3	538	268	46	46	0	0	0	5.77	5.77				0.00	0.00				LOS_A	1	0.00	0.00
1	7200-10800	62-538: Leakes Rd@42.7-271596@27.9	538	271596	0	0	0	0	0											LOS_A		0.00	0.00
1	7200-10800	62-864: Leakes Rd@42.2-268: Ian Cowie Way@17.3	864	268	3	3	0	0	0	5.22	5.22				0.00	0.00				LOS_A	1	0.00	0.00
1	7200-10800	62-864: Leakes Rd@42.2-434: Leakes Rd@14.9	864	434	51	35	0	4	0	0.06	0.09		0.00		0.00	0.00		0.00		LOS_A	1	0.00	0.00
1	7200-10800	62-864: Leakes Rd@42.2-271596@27.9	864	271596	11	0	0	0	0	0.00					0.00					LOS_A	1	0.00	0.00
1	7200-10800	62-271595: Ian Cowie Way WA@105.8-264: Leakes Rd@15.6	271595	264	11	0	0	0	0	1.83					0.00					LOS_A	1	0.00	0.00
1	7200-10800	62-271595: Ian Cowie Way WA@105.8-268: Ian Cowie Way@17.3	271595	268	0	0	0	0	0											LOS_A		0.00	0.00
1	7200-10800	62-271595: Ian Cowie Way WA@105.8-434: Leakes Rd@14.9	271595	434	0	0	0	0	0											LOS_A		0.00	0.00
1	7200-10800	62			261	203	0	12	0	1.60	1.88		0.33		0.00	0.00		0.00		LOS_A	1	0.00	0.00
1	7200-10800	63-374: Westcott Pde EA@100.7-263: Leakes Rd@9.1	374	263	33	10	0	0	0	0.05	0.17				0.00	0.00				LOS_A	1	0.00	0.00
1	7200-10800	63-374: Westcott Pde EA@100.7-372: Leakes Rd@14.9	374	372	0	0	0	0	0											LOS_A		0.00	0.00
1	7200-10800	63-542: Leakes Rd@34.5-372: Leakes Rd@14.9	542	372	91	84	0	7	0	0.97	0.88		1.97		0.00	0.00		0.00		LOS_A	1	0.00	0.00
1	7200-10800	63-542: Leakes Rd@34.5-375: Westcott Pde@26.6	542	375	31	8	0	0	0	8.81	7.73				0.00	0.00				LOS_A	1	0.00	0.00
1	7200-10800	63-543: Leakes Rd@6.7-263: Leakes Rd@9.1	543	263	32	28	0	4	0	0.03	0.04		0.00		0.00	0.00		0.00		LOS_A	1	0.00	0.00
1	7200-10800	63-543: Leakes Rd@6.7-375: Westcott Pde@26.6	543	375	0	0	0	0	0											LOS_A		0.00	0.00
1	7200-10800	63			187	130	0	11	0	1.95	1.07		1.25		0.00	0.00		0.00		LOS_A	1	0.00	0.00
1	7200-10800	64-484: Western Hwy SA@157.6-78: Western Hwy@14.0	484	78	0	0	0	0	0											LOS_A		0.00	0.00
1	7200-10800	64-484: Western Hwy SA@157.6-324: Western Hwy@20.9	484	324	0	0	0	0	0											LOS_A		0.00	0.00
1	7200-10800	64-943: Western Hwy@38.1-78: Western Hwy@14.0	943	78	1680	1583	8	63	24	0.72	0.70	1.19	0.92	1.31	0.00	0.00	0.00	0.00	0.00	LOS_A	1	0.00	0.00
1	7200-10800	64-943: Western Hwy@38.1-324: Western Hwy@20.9	943	324	0	0	0	0	0											LOS_A		0.00	0.00
1	7200-10800	64-943: Western Hwy@38.1-483@8.4	943	483	0	0	0	0	0											LOS_A		0.00	0.00
1	7200-10800	64-1265: Western Hwy@45.2-78: Western Hwy@14.0	1265	78	2	2	0	0	0	0.54	0.54				0.00	0.00				LOS_A	1	0.00	0.00
1	7200-10800	64-1265: Western Hwy@45.2-324: Western Hwy@20.9	1265	324	1305	1142	6	121	34	0.54	0.53	1.08	0.63	0.47	0.00	0.00	0.00	0.00	0.00	LOS_A	1	0.00	0.00
1	7200-10800	64-1265: Western Hwy@45.2-483@8.4	1265	483	0	0	0	0	0											LOS_A		0.00	0.00
1	7200-10800	64			2987	2727	14	184	58	0.64	0.63	1.14	0.73	0.82	0.00	0.00	0.00	0.00	0.00	LOS_A	1	0.00	0.00
1	7200-10800	65-27: Troups Rd N@8.8-29: Western Hwy@8.5	27	29	139	130	0	7	2	0.38	0.37		0.57	0.69	0.00	0.00		0.00	0.00	LOS_A	1	0.00	0.00
1	7200-10800	65-27: Troups Rd N@8.8-31: Troups Rd N@5.3	27	31	34	32	0	2	0	0.34	0.32		0.67		0.00	0.00		0.00		LOS_A	1	0.00	0.00
1	7200-10800	65-30: Western Hwy WA@242.6-28: Troups Rd N@3.2	30	28	100	94	0	5	1	0.07	0.06		0.11	0.17	0.00	0.00		0.00	0.00	LOS_A	1	0.00	0.00
1	7200-10800	65-30: Western Hwy WA@242.6-31: Troups Rd N@5.3	30	31	0	0	0	0	0											LOS_A		0.00	0.00
1	7200-10800	65-32: Troups Rd N SA@98.1-28: Troups Rd N@3.2	32	28	2	2	0	0	0	0.00	0.00				0.00	0.00				LOS_A	1	0.00	0.00
1	7200-10800	65-32: Troups Rd N SA@98.1-29: Western Hwy@8.5	32	29	0	0	0	0	0											LOS_A		0.00	0.00
1	7200-10800	65			275	258	0	14	3	0.26	0.25		0.42	0.52	0.00	0.00		0.00	0.00	LOS_A	1	0.00	0.00
1	7200-10800	66-33: Neales Rd W WA@612.0-35: Neales Rd W@48.6	33	35	0	0	0	0	0											LOS_A		0.00	0.00
1	7200-10800	66-33: Neales Rd W WA@612.0-232: Hopkins Rd@6.4	33	232	229	216	0	12	1	2.40	2.44		1.81	0.72	0.18	0.19		0.00	0.00	LOS_A	1	0.00	0.00
1	7200-10800	66-33: Neales Rd W WA@612.0-910: Melton Hwy@16.5	33	910	1	1	0	0	0	1.57	1.57				0.00	0.00				LOS_A	1	0.00	0.00
1	7200-10800	66-622: Neales Rd W@45.9-34: Neales Rd W@23.0	622	34	0	0	0	0	0											LOS_A		0.00	0.00
1	7200-10800	66-622: Neales Rd W@45.9-232: Hopkins Rd@6.4	622	232	84	79	0	3	0	4.73	4.64		5.03		0.12	0.13		0.00		LOS_A	1	0.00	0.00
1	7200-10800	66-622: Neales Rd W@45.9-910: Melton Hwy@16.5	622	910	4	4	0	0	0	0.95	0.95				0.00	0.00				LOS_A	1	0.00	0.00
1	7200-10800	66-897: Hopkins Rd@12.7-34: Neales Rd W@23.0	897	34	64	50	0	11	3	2.45	2.28		3.07	3.01	0.00	0.00		0.00	0.00	LOS_A	1	0.00	0.00
1	7200-10800	66-897: Hopkins Rd@12.7-35: Neales Rd W@48.6	897	35	54	42	0	12	0	6.38	5.73		8.68		0.00	0.00		0.00		LOS_A	1	0.00	0.00
1	7200-10800	66-897: Hopkins Rd@12.7-910: Melton Hwy@16.5	897	910	205	168	0	24	4	2.76	2.36		2.13	1.95	0.00	0.00		0.00	0.00	LOS_A	1	0.00	0.00
1	7200-10800	66-908: Melton Hwy@9.5-34: Neales Rd W@23.0	908	34	0	0	0	0	0											LOS_A		0.07	25.55
1	7200-10800	66-908: Melton Hwy@9.5-35: Neales Rd W@48.6	908	35	0	0	0	0	0											LOS_A		0.07	25.55
1	7200-10800	66-908: Melton Hwy@9.5-232: Hopkins Rd@6.4	908	232	422	391	0	16	6	2.81	2.82		1.59	3.96	0.07	0.08		0.00	0.00	LOS_A	1	0.07	25.55
1	7200-10800	66			1063	951	0	78	14	3.01	2.89		3.22	2.95	0.08	0.08		0.00	0.00	LOS_A	1	0.01	25.55
1	7200-10800	67-230: Hopkins Rd@28.1-37@43.8	230	37	332	316	0	11	5	10.81	10.80		10.99	11.02	0.00	0.00		0.00	0.00	LOS_B	2	0.00	0.00
1	7200-10800	67-230: Hopkins Rd@28.1-426: Hopkins Rd@4.3	230	426	403	370	0	20	2	7.47	7.18		7.82	7.31	0.06	0.01		0.00	0.00	LOS_A	1	0.00	0.00
1	7200-10800	67-427: Hopkins Rd@87.2-231: Hopkins Rd@8.3	427	231	304	243	0	45	7	2.17	2.14		2.28	2.27	0.00	0.00		0.00	0.00	LOS_A	1	0.00	0.00
1	7200-10800	67-946@14.4-231: Hopkins Rd@8.3	946	231	21	17	0	2	0	0.97	0.74		1.85		0.00	0.00		0.00		LOS_A	1	0.00	0.00
1	7200-10800	67-946@14.4-426: Hopkins Rd@4.3	946	426	70	61	0	8	1	0.65	0.57		1.08	2.08	0.00	0.00		0.00	0.00	LOS_A	1	0.00	0.00
1	7200-10800	67			1130	1007	0	86	15	6.48	6.59		4.56	5.84	0.02	0.00		0.00	0.00	LOS_A	1	0.00	0.00
1	7200-10800	69-290: Caroline Springs Blvd@7.8-60: Caroline Springs Blvd@15.2	290	60	0	0	0	0	0											LOS_A		0.00	0.00
1	7200-10800	69-290: Caroline Springs Blvd@7.8-291: Caroline Springs Blvd@13.9	290	291	308	268	0	25	3	0.73	0.48		0.59	0.96	0.00	0.00		0.00	0.00	LOS_A	1	0.00	0.00
1	7200-10800	69-290: Caroline Springs Blvd@7.8-293: Chisholm Dr@13.5	290	293	7	7	0	0	0	0.91	0.91				0.00	0.00				LOS_A	1	0.00	0.00
1	7200-10800	69-290: Caroline Springs Blvd@7.8-431: Springlake Ave@15.9	290	431	1	1	0	0	0	0.00	0.00				0.00	0.00				LOS_A	1	0.00	0.00
1	7200-10800	69-292: Caroline Springs Blvd NA@169.6-60: Caroline Springs Blvd@15.2	292	60	752	707	0	31	2	1.04	0.76		0.93	1.32	0.03	0.04		0.00	0.00	LOS_A	1	0.00	0.00
1	7200-10800	69-292: Caroline Springs Blvd NA@169.6-291: Caroline Springs Blvd@13.9	292	291	0	0	0	0	0											LOS_A		0.00	0.00
1	7200-10800	69-292: Caroline Springs Blvd NA@169.6-293: Chisholm Dr@13.5	292	293	0	0	0	0	0											LOS_A		0.00	0.00
1	7200-10800	69-292: Caroline Springs Blvd NA@169.6-431: Springlake Ave@15.9	292	431	0	0	0	0	0											LOS_A		0.00	0.00
1	7200-10800	69-294: Chisholm Dr EA@69.6-60: Caroline Springs Blvd@15.2	294	60	50	48	0	2	0	0.05	0.05		0.00		0.00	0.00		0.00		LOS_A	1	0.00	0.00
1	7200-10800	69-294: Chisholm Dr EA@69.6-291: Caroline Springs Blvd@13.9	294	291	0	0	0	0	0											LOS_A		0.00	0.00
1	7200-10800	69-294: Chisholm Dr EA@69.6-293: Chisholm Dr@13.5	294	293	0	0	0	0	0											LOS_A		0.00	0.00
1	7200-10800	69-294: Chisholm Dr EA@69.6-431: Springlake Ave@15.9	294	431	0	0	0	0	0											LOS_A		0.00	0.00
1	7200-10800	69-430: Springlake Ave WA@96.3-60: Caroline Springs Blvd@15.2	430	60	53	50	0	3	0	0.06	0.05		0.16		0.00	0.00		0.00		LOS_A	1	0.00	0.00
1	7200-10800	69-430: Springlake Ave WA@96.3-291: Caroline Springs Blvd@13.9	430	291	20	20	0	0	0	0.09	0.09				0.00	0.00				LOS_A	1	0.00	0.00
1	7200-10800	69-430: Springlake Ave WA@96.3-293: Chisholm Dr@13.5	430	293	0	0	0	0	0											LOS_A		0.00	0.00
1	7200-10800	69-430: Springlake Ave WA@96.3-431: Springlake Ave@15.9	430	431	0	0	0	0	0											LOS_A		0.00	0.00
1	7200-10800	69			1191	1101	0	61	5	0.85	0.62		0.72	1.10	0.02	0.02		0.00	0.00	LOS_A	1	0.00	0.00
1	7200-10800	70-352: Eucumbene Dr@292.6-111: Christies Rd@15.7	352	111	6	4	0	2	0	0.27	0.18		0.44		0.00	0.00		0.00		LOS_A	1	0.00	0.00
1	7200-10800	70-647: Christies Rd@1.5-111: Christies Rd@15.7	647	111	771	713	0	43	3	2.48	2.50		2.47	0.93	0.01	0.01		0.04	0.00	LOS_A	1	0.00	0.00
1	7200-10800	70-647: Christies Rd@1.5-353: Eucumbene Dr@18.2	647	353	87	86	0	1	0	6.72	6.68		10.72		0.32	0.33		0.00		LOS_A	1	0.00	0.00
1	7200-10800	70-647: Christies Rd@1.5-271551@28.2	647	271551	0	0	0	0	0											LOS_A		0.00	0.00
1	7200-10800	70-891: Christies Rd@8.5-287: Christies Rd@6.6	891	287	346	298	0	33	3	1.20	1.24		1.26	0.49	0.00	0.00		0.00	0.00	LOS_A	1	0.00	0.00
1	7200-10800	70-891: Christies Rd@8.5-353: Eucumbene Dr@18.2	891	353	18	16	0	2	0	3.50	3.37		4.59		0.00	0.00		0.00		LOS_A	1	0.00	0.00
1	7200-10800	70-891: Christies Rd@8.5-271549@21.0	891	271549	0	0	0	0	0											LOS_A		0.00	0.00
1	7200-10800	70-271550@4.0-287: Christies Rd@6.6	271550	287	0	0	0	0	0											LOS_A		0.00	0.00
1	7200-10800	70			1228	1117	0	81	6	2.42	2.49		2.08	0.71	0.03	0.03		0.02	0.00	LOS_A	1	0.00	0.00
1	7200-10800	71-111: Christies Rd@84.9-129@9.8	111	129	480	464	0	16	0	1.01	1.02		0.85		0.00	0.00		0.00		LOS_A	1	0.00	0.00
1	7200-10800	71-111: Christies Rd@84.9-282: Christies Rd@12.4	111	282	297	253	0	29	3	0.76	0.75		1.07	0.51	0.00	0.00		0.00	0.00	LOS_A	1	0.00	0.00
1	7200-10800	71-274: Christies Rd@5.8-112: Christies Rd@20.6	274	112	364	314	0	35	3	1.58	1.66		1.22	0.17	0.00	0.00		0.00	0.00	LOS_A	1	0.00	0.00
1	7200-10800	71-274: Christies Rd@5.8-129@9.8	274	129	51	27	0	21	3	6.86	6.60		7.02	8.09	0.00	0.00		0.00	0.00	LOS_A	1	0.00	0.00
1	7200-10800	71			1192	1058	0	101	9	1.37	1.29		2.33	2.92	0.00	0.00		0.00	0.00	LOS_A	1	0.00	0.00
1	7200-10800	72-126@294.6-280: Christies Rd@41.9	126	280	150	138	0	12	0	1.78	1.64		3.34		0.00	0.00		0.00		LOS_A	1	0.00	0.00
1	7200-10800	72-126@294.6-394: Christies Rd@15.7	126	394	80	55	0	22	3	1.82	1.33		2.87	3.17	0.00	0.00		0.00	0.00	LOS_A	1	0.00	0.00
1	7200-10800	72-126@294.6-626: Palm Springs Rd@75.1	126	626	124	118	0	5	1	1.74	1.64		3.87	3.73	0.00	0.00		0.00	0.00	LOS_A	1	0.00	0.00
1	7200-10800	72-279: Christies Rd@96.9-280: Christies Rd@41.9	279	280	0	0	0	0	0											LOS_A		0.00	0.00
1	7200-10800	72-279: Christies Rd@96.9-394: Christies Rd@15.7	279	394	173	138	0	20	3	0.51	0.53		0.62	0.48	0.00	0.00		0.00	0.00	LOS_A	1	0.00	0.00
1	7200-10800	72-279: Christies Rd@96.9-626: Palm Springs Rd@75.1	279	626	124	115	0	9	0	1.10	1.12		0.81		0.00	0.00		0.00		LOS_A	1	0.00	0.00
1	7200-10800	72-393: Christies Rd SA@348.6-280: Christies Rd@41.9	393	280	210	159	0	34	5	0.49	0.61		0.13	0.02	0.00	0.00		0.00	0.00	LOS_A	1	0.00	0.00
1	7200-10800	72-393: Christies Rd SA@348.6-394: Christies Rd@15.7	393	394	0	0	0	0	0											LOS_A		0.00	0.00
1	7200-10800	72-393: Christies Rd SA@348.6-626: Palm Springs Rd@75.1	393	626	27	27	0	0	0	0.49	0.49				0.00	0.00				LOS_A	1	0.00	0.00
1	7200-10800	72-625: Palm Springs Rd WA@88.9-280: Christies Rd@41.9	625	280	55	44	0	10	1	0.07	0.05		0.17	0.05	0.00	0.00		0.00	0.00	LOS_A	1	0.00	0.00
1	7200-10800	72-625: Palm Springs Rd WA@88.9-394: Christies Rd@15.7	625	394	4	4	0	0	0	0.00	0.00				0.00	0.00				LOS_A	1	0.00	0.00
1	7200-10800	72-625: Palm Springs Rd WA@88.9-626: Palm Springs Rd@75.1	625	626	0	0	0	0	0											LOS_A		0.00	0.00
1	7200-10800	72			947	798	0	112	13	1.03	1.01		1.32	1.14	0.00	0.00		0.00	0.00	LOS_A	1	0.00	0.00
1	7200-10800	73-350: Delma Rd@97.2-464: Ballarat Rd  Western Hwy@8.8	350	464	24	21	0	3	0	0.11	0.09		0.27		0.00	0.00		0.00		LOS_A	1	0.00	0.00
1	7200-10800	73-663: Ballarat Rd  Western Hwy@46.8-351: Delma Rd@11.2	663	351	35	35	0	0	0	6.34	6.34				0.00	0.00				LOS_A	1	0.00	0.00
1	7200-10800	73-663: Ballarat Rd  Western Hwy@46.8-464: Ballarat Rd  Western Hwy@8.8	663	464	421	380	0	39	2	0.59	0.60		0.51	0.61	0.00	0.00		0.00	0.00	LOS_A	1	0.00	0.00
1	7200-10800	73			480	436	0	42	2	0.99	1.04		0.49	0.61	0.00	0.00		0.00	0.00	LOS_A	1	0.00	0.00
1	7200-10800	76-911: Grand Blvd WA@130.2-404: Hopkins Rd@29.7	911	404	0	0	0	0	0											LOS_A		0.00	0.00
1	7200-10800	76-911: Grand Blvd WA@130.2-408: Hopkins Rd@16.0	911	408	97	97	0	0	0	0.14	0.14				0.00	0.00				LOS_A	1	0.00	0.00
1	7200-10800	76-913: Hopkins Rd@4.0-408: Hopkins Rd@16.0	913	408	590	551	1	30	4	0.28	0.29	0.00	0.19	0.13	0.00	0.00	0.00	0.00	0.00	LOS_A	1	0.00	0.00
1	7200-10800	76-913: Hopkins Rd@4.0-912@27.4	913	912	12	12	0	0	0	3.18	3.18				0.00	0.00				LOS_A	1	0.00	0.00
1	7200-10800	76-948: Hopkins Rd@33.1-404: Hopkins Rd@29.7	948	404	429	386	0	34	5	0.75	0.78		0.55	0.27	0.00	0.00		0.00	0.00	LOS_A	1	0.00	0.00
1	7200-10800	76-948: Hopkins Rd@33.1-912@27.4	948	912	20	20	0	0	0	8.67	8.67				0.00	0.00				LOS_A	1	0.00	0.00
1	7200-10800	76			1148	1066	1	64	9	0.62	0.64	0.00	0.38	0.21	0.00	0.00	0.00	0.00	0.00	LOS_A	1	0.00	0.00
1	7200-10800	77-208: Western Fwy@25.5-84: Western Fwy@15.9	208	84	1201	1139	7	39	16	2.99	3.04	1.23	2.23	1.72	0.00	0.00	0.00	0.00	0.00	LOS_A	1	0.00	0.00
1	7200-10800	77-208: Western Fwy@25.5-180@16.3	208	180	393	377	0	14	2	8.74	8.72		9.43	8.27	0.00	0.00		0.00	0.00	LOS_A	1	0.00	0.00
1	7200-10800	77			1594	1516	7	53	18	4.41	4.46	1.23	4.13	2.44	0.00	0.00	0.00	0.00	0.00	LOS_A	1	0.00	0.00
1	7200-10800	78-84: Western Fwy@896.5-203: Western Fwy@19.3	84	203	1201	1139	7	39	16	0.58	0.58	1.00	0.54	0.59	0.00	0.00	0.00	0.00	0.00	LOS_A	1	0.00	0.00
1	7200-10800	78-529@58.8-203: Western Fwy@19.3	529	203	417	386	1	23	5	0.77	0.74	2.07	1.24	0.95	0.00	0.00	0.00	0.00	0.00	LOS_A	1	0.00	0.00
1	7200-10800	78			1618	1525	8	62	21	0.63	0.62	1.13	0.80	0.68	0.00	0.00	0.00	0.00	0.00	LOS_A	1	0.00	0.00
1	7200-10800	79-184: Western Fwy@928.7-205: Western Fwy@68.7	184	205	855	752	5	69	29	0.77	0.68	2.71	1.31	1.59	0.00	0.00	0.00	0.00	0.00	LOS_A	1	0.00	0.00
1	7200-10800	79-333@86.1-205: Western Fwy@68.7	333	205	159	153	0	6	0	1.01	0.99		1.70		0.00	0.00		0.00		LOS_A	1	0.00	0.00
1	7200-10800	79			1014	905	5	75	29	0.81	0.73	2.71	1.34	1.59	0.00	0.00	0.00	0.00	0.00	LOS_A	1	0.00	0.00
1	7200-10800	80-424: Western Fwy@14.2-184: Western Fwy@85.3	424	184	856	753	5	69	29	2.20	2.18	3.84	2.12	2.60	0.00	0.00	0.00	0.00	0.00	LOS_A	1	0.00	0.00
1	7200-10800	80-424: Western Fwy@14.2-337@9.9	424	337	339	309	0	27	1	7.24	7.07		8.99	9.36	0.00	0.00		0.00	0.00	LOS_A	1	0.00	0.00
1	7200-10800	80			1195	1062	5	96	30	3.63	3.60	3.84	4.06	2.83	0.00	0.00	0.00	0.00	0.00	LOS_A	1	0.00	0.00
1	7200-10800	81-532: Western Hwy@54.0-334: Western Hwy@32.2	532	334	1485	1392	8	62	21	1.24	1.27	0.87	0.75	0.86	0.00	0.00	0.00	0.00	0.00	LOS_A	1	0.00	0.00
1	7200-10800	81-532: Western Hwy@54.0-481@38.6	532	481	132	132	0	0	0	5.57	5.57				0.00	0.00				LOS_A	1	0.00	0.00
1	7200-10800	81			1617	1524	8	62	21	1.59	1.64	0.87	0.75	0.86	0.00	0.00	0.00	0.00	0.00	LOS_A	1	0.00	0.00
1	7200-10800	82-334: Western Hwy@654.9-72: Western Hwy@13.0	334	72	1485	1392	8	62	21	1.13	1.15	1.38	0.75	0.44	0.00	0.00	0.00	0.00	0.00	LOS_A	1	0.00	0.00
1	7200-10800	82-482@267.1-72: Western Hwy@13.0	482	72	89	89	0	0	0	0.06	0.06				0.00	0.00				LOS_A	1	0.00	0.00
1	7200-10800	82			1574	1481	8	62	21	1.07	1.09	1.38	0.75	0.44	0.00	0.00	0.00	0.00	0.00	LOS_A	1	0.00	0.00
1	7200-10800	83-313: Western Hwy@39.7-103: Western Hwy@23.4	313	103	1441	1355	8	55	21	1.80	1.81	1.51	1.61	1.53	0.00	0.00	0.00	0.00	0.00	LOS_A	1	0.00	0.00
1	7200-10800	83-313: Western Hwy@39.7-174@14.4	313	174	131	124	0	7	0	5.42	5.33		7.00		0.00	0.00		0.00		LOS_A	1	0.00	0.00
1	7200-10800	83			1572	1479	8	62	21	2.10	2.11	1.51	2.22	1.53	0.00	0.00	0.00	0.00	0.00	LOS_A	1	0.00	0.00
1	7200-10800	84-161@132.7-99: Western Hwy@10.0	161	99	107	106	0	1	0	0.61	0.60		1.68		0.00	0.00		0.00		LOS_A	1	0.00	0.00
1	7200-10800	84-187: Western Hwy@838.0-99: Western Hwy@10.0	187	99	1216	1063	6	113	32	0.69	0.66	1.85	0.91	0.80	0.00	0.00	0.00	0.00	0.00	LOS_A	1	0.00	0.00
1	7200-10800	84			1323	1169	6	114	32	0.68	0.65	1.85	0.92	0.80	0.00	0.00	0.00	0.00	0.00	LOS_A	1	0.00	0.00
1	7200-10800	85-103: Western Hwy@829.6-89: Western Hwy@49.7	103	89	1440	1354	8	55	21	2.42	2.47	1.26	1.53	2.27	0.00	0.00	0.00	0.00	0.00	LOS_A	1	0.00	0.00
1	7200-10800	85-175@113.1-89: Western Hwy@49.7	175	89	241	230	0	8	3	0.63	0.61		0.91	2.00	0.00	0.00		0.00	0.00	LOS_A	1	0.00	0.00
1	7200-10800	85			1681	1584	8	63	24	2.16	2.20	1.26	1.45	2.24	0.00	0.00	0.00	0.00	0.00	LOS_A	1	0.00	0.00
1	7200-10800	86-323: Western Hwy@20.0-159@12.1	323	159	88	78	0	8	2	3.83	3.70		5.00	4.27	0.00	0.00		0.00	0.00	LOS_A	1	0.00	0.00
1	7200-10800	86-323: Western Hwy@20.0-187: Western Hwy@33.1	323	187	1217	1064	6	113	32	1.48	1.53	1.67	1.19	1.00	0.00	0.00	0.00	0.00	0.00	LOS_A	1	0.00	0.00
1	7200-10800	86			1305	1142	6	121	34	1.64	1.67	1.67	1.44	1.19	0.00	0.00	0.00	0.00	0.00	LOS_A	1	0.00	0.00
1	7200-10800	87-343: Western Hwy@756.9-154: Western Hwy@6.1	343	154	1337	1169	6	125	35	0.83	0.82	1.02	0.92	0.66	0.00	0.00	0.00	0.00	0.00	LOS_A	1	0.00	0.00
1	7200-10800	87-480@343.6-154: Western Hwy@6.1	480	154	41	41	0	0	0	0.02	0.02				0.00	0.00				LOS_A	1	0.00	0.00
1	7200-10800	87			1378	1210	6	125	35	0.80	0.79	1.02	0.92	0.66	0.00	0.00	0.00	0.00	0.00	LOS_A	1	0.00	0.00
1	7200-10800	88-955: Western Fwy@13.7-343: Western Hwy@21.2	955	343	1337	1169	6	125	35	1.00	0.97	1.33	1.18	1.09	0.00	0.00	0.00	0.00	0.00	LOS_A	1	0.00	0.00
1	7200-10800	88-955: Western Fwy@13.7-479@7.3	955	479	0	0	0	0	0											LOS_A		0.00	0.00
1	7200-10800	88			1337	1169	6	125	35	1.00	0.97	1.33	1.18	1.09	0.00	0.00	0.00	0.00	0.00	LOS_A	1	0.00	0.00
1	7200-10800	89-228: Western Fwy@25.8-108@38.1	228	108	91	78	0	10	1	8.82	8.81		8.92	9.79	0.00	0.00		0.00	0.00	LOS_A	1	3.76	184.02
1	7200-10800	89-228: Western Fwy@25.8-194: Western Fwy@23.2	228	194	1590	1506	8	53	23	6.64	6.64	10.23	5.00	8.87	0.04	0.04	0.00	0.06	0.01	LOS_A	1	3.76	184.02
1	7200-10800	89			1681	1584	8	63	24	6.76	6.75	10.23	5.62	8.91	0.03	0.03	0.00	0.05	0.01	LOS_A	1	3.76	184.02
1	7200-10800	90-104@749.4-417: Western Fwy@11.1	104	417	175	160	1	12	0	0.36	0.37	0.10	0.25		0.00	0.00	0.00	0.00		LOS_A	1	0.00	0.00
1	7200-10800	90-196: Western Fwy@1281.0-417: Western Fwy@11.1	196	417	1162	1009	5	113	35	0.56	0.54	1.21	0.74	0.51	0.00	0.00	0.00	0.00	0.00	LOS_A	1	0.00	0.00
1	7200-10800	90			1337	1169	6	125	35	0.53	0.51	1.03	0.70	0.51	0.00	0.00	0.00	0.00	0.00	LOS_A	1	0.00	0.00
1	7200-10800	91-260: Hopkins Rd@38.0-419@15.1	260	419	461	440	0	17	4	11.74	11.61		16.12	6.51	1.23	1.26		0.90	0.00	LOS_B	2	28.13	489.17
1	7200-10800	91-260: Hopkins Rd@38.0-427: Hopkins Rd@14.4	260	427	304	243	0	45	7	6.33	6.76		5.50	4.10	0.63	0.74		0.30	0.00	LOS_A	1	28.13	489.17
1	7200-10800	91-426: Hopkins Rd@77.5-43: Hopkins Rd@14.4	426	43	473	431	0	28	3	1.61	1.64		1.51	1.45	0.00	0.00		0.00	0.00	LOS_A	1	0.00	0.00
1	7200-10800	91			1238	1114	0	90	14	6.54	6.70		6.27	4.22	0.61	0.66		0.32	0.00	LOS_A	1	14.07	489.17
1	7200-10800	92-107@313.1-8: Western Fwy@5.3	107	8	792	756	0	28	8	13.02	12.92		17.42	7.17	0.87	0.86		1.33	0.28	LOS_B	2	99.00	507.59
1	7200-10800	92-194: Western Fwy@609.6-8: Western Fwy@5.3	194	8	1590	1506	8	53	23	15.97	16.00	14.62	15.22	15.70	1.03	1.04	0.04	1.28	0.52	LOS_C	3	118.37	517.02
1	7200-10800	92			2382	2262	8	81	31	14.99	14.97	14.62	15.98	13.50	0.98	0.98	0.04	1.29	0.46	LOS_B	2	108.68	517.02
1	7200-10800	93-224: Western Fwy@24.6-149@12.9	224	149	299	238	0	55	6	6.03	5.69		7.33	7.78	0.00	0.00		0.00	0.00	LOS_A	1	0.00	0.00
1	7200-10800	93-224: Western Fwy@24.6-196: Western Fwy@9.8	224	196	1162	1009	5	113	35	2.03	2.08	2.35	1.71	1.39	0.00	0.00	0.00	0.00	0.00	LOS_A	1	0.00	0.00
1	7200-10800	93			1461	1247	5	168	41	2.85	2.77	2.35	3.55	2.32	0.00	0.00	0.00	0.00	0.00	LOS_A	1	0.00	0.00
1	7200-10800	94-949: Western Fwy@23.3-136@6.8	949	136	525	498	0	24	3	0.71	0.72		0.43	0.18	0.00	0.00		0.00	0.00	LOS_A	1	0.00	0.00
1	7200-10800	94-949: Western Fwy@23.3-389: Western Fwy  Deer Park Byp@4.2	949	389	1855	1762	8	57	28	1.81	1.84	1.02	1.27	1.40	0.00	0.00	0.00	0.00	0.00	LOS_A	1	0.00	0.00
1	7200-10800	94			2380	2260	8	81	31	1.57	1.59	1.02	1.02	1.28	0.00	0.00	0.00	0.00	0.00	LOS_A	1	0.00	0.00
1	7200-10800	95-952: Western Hwy@80.5-1039: Western Fwy@10.4	952	1039	379	343	0	34	2	2.73	2.73		2.73	1.78	0.01	0.01		0.00	0.00	LOS_A	1	0.00	0.00
1	7200-10800	95-1038: Western Fwy  Deer Park Byp@73.0-1039: Western Fwy@10.4	1038	1039	1082	904	5	134	39	3.92	4.09	1.82	3.21	2.72	0.00	0.00	0.00	0.00	0.00	LOS_A	1	0.00	0.00
1	7200-10800	95			1461	1247	5	168	41	3.61	3.71	1.82	3.12	2.68	0.00	0.00	0.00	0.00	0.00	LOS_A	1	0.00	0.00
1	7200-10800	96-125@88.9-147: Western Fwy  Deer Park Byp@16.2	125	147	531	491	0	37	3	3.52	3.47		4.11	5.50	0.00	0.00		0.00	0.00	LOS_A	1	0.00	0.00
1	7200-10800	96-389: Western Fwy  Deer Park Byp@1708.1-147: Western Fwy  Deer Park Byp@16.2	389	147	1855	1762	8	57	28	3.67	3.72	1.57	2.66	3.47	0.16	0.16	0.00	0.09	0.04	LOS_A	1	0.25	55.81
1	7200-10800	96			2386	2253	8	94	31	3.64	3.66	1.57	3.23	3.66	0.12	0.13	0.00	0.06	0.03	LOS_A	1	0.13	55.81
1	7200-10800	97-240: Western Fwy  Deer Park Byp@38.1-126@16.7	240	126	354	311	0	39	4	4.76	4.60		5.93	6.18	0.02	0.02		0.00	0.00	LOS_A	1	0.14	62.89
1	7200-10800	97-240: Western Fwy  Deer Park Byp@38.1-189: Western Fwy  Deer Park Byp@17.7	240	189	1082	904	5	134	39	2.28	2.34	1.60	2.11	1.49	0.00	0.00	0.00	0.00	0.00	LOS_A	1	0.14	62.89
1	7200-10800	97			1436	1215	5	173	43	2.89	2.92	1.60	2.97	1.92	0.00	0.01	0.00	0.00	0.00	LOS_A	1	0.14	62.89
1	7200-10800	98-91: Ballarat Rd  Western Hwy@67.3-362: Ballarat Rd  Western Hwy@13.4	91	362	619	585	0	32	2	0.64	0.61		1.19	0.17	0.00	0.00		0.00	0.00	LOS_A	1	0.00	0.00
1	7200-10800	98-92: Ballarat Rd  Western Hwy@8.7-362: Ballarat Rd  Western Hwy@13.4	92	362	0	0	0	0	0											LOS_A		0.00	0.00
1	7200-10800	98			619	585	0	32	2	0.64	0.61		1.19	0.17	0.00	0.00		0.00	0.00	LOS_A	1	0.00	0.00
1	7200-10800	99-209: Ballarat Rd  Western Hwy@46.4-1: Ballarat Rd  Western Hwy@6.6	209	1	619	585	0	32	2	0.33	0.32		0.55	0.06	0.00	0.00		0.00	0.00	LOS_A	1	0.00	0.00
1	7200-10800	99-209: Ballarat Rd  Western Hwy@46.4-2: Ballarat Rd  Western Hwy@6.5	209	2	0	0	0	0	0											LOS_A		0.00	0.00
1	7200-10800	99			619	585	0	32	2	0.33	0.32		0.55	0.06	0.00	0.00		0.00	0.00	LOS_A	1	0.00	0.00
1	7200-10800	100-1141@18.3-1143@28.5	1141	1143	0	0	0	0	0											LOS_A		0.00	0.00
1	7200-10800	100-1141@18.3-1147@16.5	1141	1147	66	64	0	2	0	0.32	0.33		0.02		0.00	0.00		0.00		LOS_A	1	0.00	0.00
1	7200-10800	100-1141@18.3-1152@26.0	1141	1152	70	69	0	0	1	0.25	0.26			0.00	0.00	0.00			0.00	LOS_A	1	0.00	0.00
1	7200-10800	100-1141@18.3-1158@25.0	1141	1158	132	131	0	1	0	0.33	0.34		0.00		0.00	0.00		0.00		LOS_A	1	0.00	0.00
1	7200-10800	100-1146: High Street WA@382.0-1143@28.5	1146	1143	72	72	0	0	0	0.12	0.12				0.00	0.00				LOS_A	1	0.00	0.00
1	7200-10800	100-1146: High Street WA@382.0-1147@16.5	1146	1147	0	0	0	0	0											LOS_A		0.00	0.00
1	7200-10800	100-1146: High Street WA@382.0-1152@26.0	1146	1152	55	51	0	4	0	0.11	0.12		0.00		0.00	0.00		0.00		LOS_A	1	0.00	0.00
1	7200-10800	100-1146: High Street WA@382.0-1158@25.0	1146	1158	1	0	0	1	0	0.04			0.04		0.00			0.00		LOS_A	1	0.00	0.00
1	7200-10800	100-1159: Bulmans Rd NA@120.5-1143@28.5	1159	1143	132	131	0	1	0	0.11	0.11		0.01		0.00	0.00		0.00		LOS_A	1	0.00	0.00
1	7200-10800	100-1159: Bulmans Rd NA@120.5-1147@16.5	1159	1147	67	63	0	4	0	0.11	0.11		0.01		0.00	0.00		0.00		LOS_A	1	0.00	0.00
1	7200-10800	100-1159: Bulmans Rd NA@120.5-1152@26.0	1159	1152	60	60	0	0	0	0.14	0.14				0.00	0.00				LOS_A	1	0.00	0.00
1	7200-10800	100-1159: Bulmans Rd NA@120.5-1158@25.0	1159	1158	0	0	0	0	0											LOS_A		0.00	0.00
1	7200-10800	100-1234@184.1-1143@28.5	1234	1143	90	87	0	3	0	0.74	0.76		0.09		0.00	0.00		0.00		LOS_A	1	0.00	0.00
1	7200-10800	100-1234@184.1-1147@16.5	1234	1147	138	135	0	3	0	0.55	0.56		0.18		0.00	0.00		0.00		LOS_A	1	0.00	0.00
1	7200-10800	100-1234@184.1-1152@26.0	1234	1152	0	0	0	0	0											LOS_A		0.00	0.00
1	7200-10800	100-1234@184.1-1158@25.0	1234	1158	55	55	0	0	0	0.51	0.51				0.00	0.00				LOS_A	1	0.00	0.00
1	7200-10800	100			938	918	0	19	1	0.32	0.32		0.05	0.00	0.00	0.00		0.00	0.00	LOS_A	1	0.00	0.00
1	7200-10800	101-1144@12.5-1140@37.3	1144	1140	0	0	0	0	0											LOS_A		0.00	0.00
1	7200-10800	101-1144@12.5-1168@28.2	1144	1168	2	2	0	0	0	0.59	0.59				0.00	0.00				LOS_A	1	0.00	0.00
1	7200-10800	101-1144@12.5-1170@29.6	1144	1170	189	187	0	2	0	0.42	0.42		0.05		0.00	0.00		0.00		LOS_A	1	0.00	0.00
1	7200-10800	101-1144@12.5-1171@32.9	1144	1171	103	101	0	2	0	0.40	0.41		0.14		0.00	0.00		0.00		LOS_A	1	0.00	0.00
1	7200-10800	101-1167: Botanica Spring Blvd WA@141.4-1140@37.3	1167	1140	2	2	0	0	0	0.01	0.01				0.00	0.00				LOS_A	1	0.00	0.00
1	7200-10800	101-1167: Botanica Spring Blvd WA@141.4-1168@28.2	1167	1168	0	0	0	0	0											LOS_A		0.00	0.00
1	7200-10800	101-1167: Botanica Spring Blvd WA@141.4-1170@29.6	1167	1170	28	28	0	0	0	0.10	0.10				0.00	0.00				LOS_A	1	0.00	0.00
1	7200-10800	101-1167: Botanica Spring Blvd WA@141.4-1171@32.9	1167	1171	30	30	0	0	0	0.01	0.01				0.00	0.00				LOS_A	1	0.00	0.00
1	7200-10800	101-1169: Clarkes Rd SA@143.9-1140@37.3	1169	1140	123	121	0	2	0	0.12	0.12		0.12		0.00	0.00		0.00		LOS_A	1	0.00	0.00
1	7200-10800	101-1169: Clarkes Rd SA@143.9-1168@28.2	1169	1168	10	10	0	0	0	0.10	0.10				0.00	0.00				LOS_A	1	0.00	0.00
1	7200-10800	101-1169: Clarkes Rd SA@143.9-1170@29.6	1169	1170	0	0	0	0	0											LOS_A		0.00	0.00
1	7200-10800	101-1169: Clarkes Rd SA@143.9-1171@32.9	1169	1171	33	33	0	0	0	0.06	0.06				0.00	0.00				LOS_A	1	0.00	0.00
1	7200-10800	101-1172: Botanica Spring Blvd EA@137.6-1140@37.3	1172	1140	143	141	0	1	1	0.19	0.19		0.04	0.00	0.00	0.00		0.00	0.00	LOS_A	1	0.00	0.00
1	7200-10800	101-1172: Botanica Spring Blvd EA@137.6-1168@28.2	1172	1168	16	16	0	0	0	0.10	0.10				0.00	0.00				LOS_A	1	0.00	0.00
1	7200-10800	101-1172: Botanica Spring Blvd EA@137.6-1170@29.6	1172	1170	25	24	0	1	0	0.01	0.01		0.00		0.00	0.00		0.00		LOS_A	1	0.00	0.00
1	7200-10800	101-1172: Botanica Spring Blvd EA@137.6-1171@32.9	1172	1171	0	0	0	0	0											LOS_A		0.00	0.00
1	7200-10800	101			704	695	0	8	1	0.24	0.25		0.08	0.00	0.00	0.00		0.00	0.00	LOS_A	1	0.00	0.00
1	7200-10800	102-1150@427.1-1155@20.3	1150	1155	23	23	0	0	0	0.03	0.03				0.00	0.00				LOS_A	1	0.00	0.00
1	7200-10800	102-1150@427.1-1156@9.2	1150	1156	112	109	0	3	0	0.11	0.12		0.01		0.00	0.00		0.00		LOS_A	1	0.00	0.00
1	7200-10800	102-1154@88.9-1153@11.3	1154	1153	114	112	0	2	0	0.65	0.66		0.00		0.00	0.00		0.00		LOS_A	1	0.00	0.00
1	7200-10800	102-1154@88.9-1155@20.3	1154	1155	41	38	0	2	1	4.15	4.03		5.45	5.96	0.00	0.00		0.00	0.00	LOS_A	1	0.00	0.00
1	7200-10800	102-1157: Harkness Rd NA@97.7-1153@11.3	1157	1153	52	52	0	0	0	0.04	0.04				0.00	0.00				LOS_A	1	0.00	0.00
1	7200-10800	102-1157: Harkness Rd NA@97.7-1156@9.2	1157	1156	101	98	0	3	0	0.04	0.04		0.00		0.00	0.00		0.00		LOS_A	1	0.00	0.00
1	7200-10800	102			443	432	0	10	1	0.60	0.57		1.09	5.96	0.00	0.00		0.00	0.00	LOS_A	1	0.00	0.00
1	7200-10800	103			0	0	0	0	0											LOS_A			
1	7200-10800	104			0	0	0	0	0											LOS_A			
1	7200-10800	105			0	0	0	0	0											LOS_A			
1	7200-10800	106			0	0	0	0	0											LOS_A			
1	7200-10800	107			0	0	0	0	0											LOS_A			
1	7200-10800	108			0	0	0	0	0											LOS_A			
1	7200-10800	109			0	0	0	0	0											LOS_A			
1	7200-10800	113			0	0	0	0	0											LOS_A			
1	7200-10800	114-1081: Coburns Rd SA@150.5-1125@21.0	1081	1125	204	185	0	2	2	2.23	1.14		0.00	2.13	0.00	0.00		0.00	0.00	LOS_A	1	0.00	0.00
1	7200-10800	114-1081: Coburns Rd SA@150.5-1128@12.2	1081	1128	172	160	0	12	0	5.51	5.44		6.42		0.01	0.01		0.00		LOS_A	1	0.00	0.00
1	7200-10800	114-1129@3.3-1130@26.0	1129	1130	223	206	2	8	7	6.97	6.74	11.45	9.89	9.26	0.00	0.00	0.00	0.00	0.00	LOS_A	1	0.00	0.00
1	7200-10800	114-1132@5.3-1125@21.0	1132	1125	89	86	0	3	0	0.50	0.42		2.66		0.00	0.00		0.00		LOS_A	1	0.00	0.00
1	7200-10800	114-1240: Western Fwy@6.0-1128@12.2	1240	1128	66	65	0	1	0	1.31	1.31		1.62		0.00	0.00		0.00		LOS_A	1	0.00	0.00
1	7200-10800	114-1240: Western Fwy@6.0-1130@26.0	1240	1130	114	99	0	0	0	0.30	0.26				0.00	0.00				LOS_A	1	0.00	0.00
1	7200-10800	114			868	801	2	26	9	3.60	3.27	11.45	6.37	7.68	0.00	0.00	0.00	0.00	0.00	LOS_A	1	0.00	0.00
1	7200-10800	115-1092: Western Fwy@41.4-1091@18.2	1092	1091	325	314	0	11	0	4.17	4.14		4.95		0.01	0.01		0.00		LOS_A	1	0.02	13.59
1	7200-10800	115-1092: Western Fwy@41.4-1093: Western Fwy@20.0	1092	1093	1215	1142	7	51	15	2.35	2.36	1.94	2.19	1.72	0.00	0.00	0.00	0.00	0.00	LOS_A	1	0.02	13.59
1	7200-10800	115			1540	1456	7	62	15	2.73	2.75	1.94	2.68	1.72	0.00	0.00	0.00	0.00	0.00	LOS_A	1	0.02	13.59
1	7200-10800	116-1134: Western Fwy@853.1-1137: Western Fwy@29.6	1134	1137	702	613	3	64	22	0.37	0.33	0.53	0.59	0.79	0.00	0.00	0.00	0.00	0.00	LOS_A	1	0.00	0.00
1	7200-10800	116-1139@39.2-1137: Western Fwy@29.6	1139	1137	238	225	0	13	0	1.01	0.96		1.97		0.00	0.00		0.00		LOS_A	1	0.00	0.00
1	7200-10800	116			940	838	3	77	22	0.53	0.50	0.53	0.82	0.79	0.00	0.00	0.00	0.00	0.00	LOS_A	1	0.00	0.00
1	7200-10800	117-1093: Western Fwy@887.1-1118: Western Fwy@20.0	1093	1118	1216	1143	7	51	15	1.16	1.18	1.56	0.71	0.75	0.00	0.00	0.00	0.00	0.00	LOS_A	1	0.00	0.00
1	7200-10800	117-1117@115.1-1118: Western Fwy@20.0	1117	1118	377	372	0	2	3	0.83	0.83		0.92	0.76	0.00	0.00		0.00	0.00	LOS_A	1	0.00	0.00
1	7200-10800	117			1593	1515	7	53	18	1.08	1.10	1.56	0.71	0.76	0.00	0.00	0.00	0.00	0.00	LOS_A	1	0.00	0.00
1	7200-10800	118-1135: Western Fwy@35.7-1134: Western Fwy@6.5	1135	1134	701	612	3	64	22	1.32	1.31	0.56	1.32	1.65	0.00	0.00	0.00	0.00	0.00	LOS_A	1	0.00	0.00
1	7200-10800	118-1135: Western Fwy@35.7-1136: Western Fwy@4.3	1135	1136	312	292	2	11	7	4.27	4.17	6.23	5.81	5.56	0.00	0.00	0.00	0.00	0.00	LOS_A	1	0.00	0.00
1	7200-10800	118			1013	904	5	75	29	2.23	2.23	2.83	1.98	2.60	0.00	0.00	0.00	0.00	0.00	LOS_A	1	0.00	0.00
1	7200-10800	119-1090@228.7-1098@20.0	1090	1098	64	64	0	0	0	0.72	0.72				0.00	0.00				LOS_A	1	0.00	0.00
1	7200-10800	119-1090@228.7-1100@8.0	1090	1100	261	250	0	11	0	4.54	4.41		7.40		0.00	0.00		0.00		LOS_A	1	0.00	0.00
1	7200-10800	119-1114@10.9-1098@20.0	1114	1098	116	100	0	1	0	0.85	0.98		0.00		0.00	0.00		0.00		LOS_A	1	0.00	0.00
1	7200-10800	119-1114@10.9-1116@15.9	1114	1116	221	220	0	0	1	3.71	3.71			4.29	0.00	0.00			0.00	LOS_A	1	0.00	0.00
1	7200-10800	119-1237@6.9-1100@8.0	1237	1100	137	119	0	3	0	2.55	2.70		5.30		0.08	0.09		0.00		LOS_A	1	0.00	0.00
1	7200-10800	119-1237@6.9-1116@15.9	1237	1116	156	152	0	2	2	5.14	5.10		6.77	6.67	0.00	0.00		0.00	0.00	LOS_A	1	0.00	0.00
1	7200-10800	119			955	905	0	17	3	3.46	3.49		6.52	5.88	0.01	0.01		0.00	0.00	LOS_A	1	0.00	0.00
1	7200-10800	120-1100@12.7-1099@27.3	1100	1099	207	187	0	4	0	1.52	1.31		2.40		0.00	0.00		0.00		LOS_A	1	0.00	0.00
1	7200-10800	120-1100@12.7-1103@19.5	1100	1103	60	58	0	2	0	3.73	3.62		6.84		0.24	0.25		0.00		LOS_A	1	0.07	21.40
1	7200-10800	120-1100@12.7-1107@21.1	1100	1107	132	124	0	8	0	1.85	1.81		2.43		0.00	0.00		0.00		LOS_A	1	0.00	0.00
1	7200-10800	120-1106@32.8-1099@27.3	1106	1099	0	0	0	0	0											LOS_A		0.00	0.00
1	7200-10800	120-1106@32.8-1103@19.5	1106	1103	0	0	0	0	0											LOS_A		0.00	0.00
1	7200-10800	120-1106@32.8-1112@5.6	1106	1112	172	171	0	0	1	1.34	1.33			2.91	0.00	0.00			0.00	LOS_A	1	0.00	0.00
1	7200-10800	120-1184@12.8-1184@46.5	1184	1184	0	0	0	0	0											LOS_A		0.00	0.00
1	7200-10800	120-1186@9.2-1186@61.3	1186	1186	0	0	0	0	0											LOS_A		0.00	0.00
1	7200-10800	120-1189@5.6-1189@50.7	1189	1189	3	0	0	0	0	0.00					0.00					LOS_A	1	0.05	20.22
1	7200-10800	120-1190@11.3-1190@56.8	1190	1190	0	0	0	0	0											LOS_A		0.00	0.00
1	7200-10800	120-1191@12.4-1191@46.2	1191	1191	0	0	0	0	0											LOS_A		0.00	0.00
1	7200-10800	120-1192@6.0-1192@58.2	1192	1192	0	0	0	0	0											LOS_A		0.00	0.00
1	7200-10800	120-1193@13.6-1193@42.6	1193	1193	0	0	0	0	0											LOS_A		0.00	0.00
1	7200-10800	120-1194@0.7-1194@34.7	1194	1194	0	0	0	0	0											LOS_A		0.00	0.00
1	7200-10800	120-1236@14.1-1103@19.5	1236	1103	0	0	0	0	0											LOS_A		0.00	0.00
1	7200-10800	120-1236@14.1-1107@21.1	1236	1107	2	1	0	1	0	4.78	3.95		5.62		0.00	0.00		0.00		LOS_A	1	0.00	0.00
1	7200-10800	120-1236@14.1-1112@5.6	1236	1112	165	149	0	1	0	1.38	1.52		0.00		0.00	0.00		0.00		LOS_A	1	0.00	0.00
1	7200-10800	120-1239@4.2-1099@27.3	1239	1099	1	1	0	0	0	2.87	2.87				0.00	0.00				LOS_A	1	0.00	0.00
1	7200-10800	120-1239@4.2-1107@21.1	1239	1107	0	0	0	0	0											LOS_A		0.00	0.00
1	7200-10800	120-1239@4.2-11576@36.8	1239	11576	0	0	0	0	0											LOS_A		0.00	0.00
1	7200-10800	120			742	691	0	16	1	1.69	1.65		3.02	2.91	0.02	0.02		0.00	0.00	LOS_A	1	0.01	21.40
1	7200-10800	121			0	0	0	0	0											LOS_A			
1	7200-10800	122			0	0	0	0	0											LOS_A			
1	7200-10800	123			0	0	0	0	0											LOS_A			
1	7200-10800	124-1123: Kamil St EA@88.6-1122@4.7	1123	1122	11	11	0	0	0	0.00	0.00				0.00	0.00				LOS_A	1	0.00	0.00
1	7200-10800	124-271468@25.6-1122@4.7	271468	1122	337	305	2	8	7	1.90	1.22	4.54	3.19	2.78	0.00	0.00	0.00	0.00	0.00	LOS_A	1	2.28	29.14
1	7200-10800	124-271468@25.6-1180@8.5	271468	1180	0	0	0	0	0											LOS_A		2.28	29.14
1	7200-10800	124			348	316	2	8	7	1.84	1.18	4.54	3.19	2.78	0.00	0.00	0.00	0.00	0.00	LOS_A	1	1.14	29.14
1	7200-10800	125			0	0	0	0	0											LOS_A			
1	7200-10800	244-1156@962.0-1223@12.7	1156	1223	0	0	0	0	0											LOS_A		0.00	0.00
1	7200-10800	244-1156@962.0-1224@15.7	1156	1224	213	207	0	6	0	0.31	0.31		0.02		0.00	0.00		0.00		LOS_A	1	0.00	0.00
1	7200-10800	244-1221: One school Melton SA@50.0-1224@15.7	1221	1224	0	0	0	0	0											LOS_A		0.00	0.00
1	7200-10800	244-1221: One school Melton SA@50.0-1225@11.6	1221	1225	0	0	0	0	0											LOS_A		0.00	0.00
1	7200-10800	244-1227@99.3-1223@12.7	1227	1223	0	0	0	0	0											LOS_A		0.00	0.00
1	7200-10800	244-1227@99.3-1225@11.6	1227	1225	155	150	0	4	1	0.14	0.15		0.06	0.00	0.00	0.00		0.00	0.00	LOS_A	1	0.00	0.00
1	7200-10800	244			368	357	0	10	1	0.24	0.24		0.04	0.00	0.00	0.00		0.00	0.00	LOS_A	1	0.00	0.00
1	7200-10800	245			0	0	0	0	0											LOS_A			
1	7200-10800	246-1224@100.1-1229@17.2	1224	1229	14	14	0	0	0	0.18	0.18				0.00	0.00				LOS_A	1	0.00	0.00
1	7200-10800	246-1224@100.1-1230@17.9	1224	1230	199	193	0	6	0	0.33	0.34		0.02		0.00	0.00		0.00		LOS_A	1	0.00	0.00
1	7200-10800	246-1228: Gleneagles Dr NA@93.7-1227@14.9	1228	1227	19	19	0	0	0	0.04	0.04				0.00	0.00				LOS_A	1	0.00	0.00
1	7200-10800	246-1228: Gleneagles Dr NA@93.7-1230@17.9	1228	1230	60	60	0	0	0	0.01	0.01				0.00	0.00				LOS_A	1	0.00	0.00
1	7200-10800	246-1235@217.9-1227@14.9	1235	1227	136	131	0	4	1	0.14	0.14		0.04	0.00	0.00	0.00		0.00	0.00	LOS_A	1	0.00	0.00
1	7200-10800	246-1235@217.9-1229@17.2	1235	1229	41	41	0	0	0	0.23	0.23				0.00	0.00				LOS_A	1	0.00	0.00
1	7200-10800	246			469	458	0	10	1	0.21	0.21		0.03	0.00	0.00	0.00		0.00	0.00	LOS_A	1	0.00	0.00
1	7200-10800	247			0	0	0	0	0											LOS_A			
1	7200-10800	248-1152@193.7-1233@16.5	1152	1233	8	8	0	0	0	0.13	0.13				0.00	0.00				LOS_A	1	0.00	0.00
1	7200-10800	248-1152@193.7-1235@13.8	1152	1235	177	172	0	4	1	0.15	0.16		0.00	0.00	0.00	0.00		0.00	0.00	LOS_A	1	0.00	0.00
1	7200-10800	248-1230@222.2-1233@16.5	1230	1233	2	2	0	0	0	0.69	0.69				0.00	0.00				LOS_A	1	0.00	0.00
1	7200-10800	248-1230@222.2-1234@16.0	1230	1234	257	251	0	6	0	0.40	0.41		0.03		0.00	0.00		0.00		LOS_A	1	0.00	0.00
1	7200-10800	248-1232: John Batman Dr NA@78.7-1234@16.0	1232	1234	26	26	0	0	0	0.00	0.00				0.00	0.00				LOS_A	1	0.00	0.00
1	7200-10800	248-1232: John Batman Dr NA@78.7-1235@13.8	1232	1235	0	0	0	0	0											LOS_A		0.00	0.00
1	7200-10800	248			470	459	0	10	1	0.28	0.29		0.02	0.00	0.00	0.00		0.00	0.00	LOS_A	1	0.00	0.00
1	7200-10800	249			0	0	0	0	0											LOS_A			
1	7200-10800	298			0	0	0	0	0											LOS_A			
1	7200-10800	299			0	0	0	0	0											LOS_A			
1	7200-10800	312-2419@3.3-24810@22.1	2419	24810	296	285	0	10	1	0.55	0.53		1.11	0.95	0.00	0.00		0.00	0.00	LOS_A	1	0.00	0.00
1	7200-10800	312-2420@4.1-2422@13.2	2420	2422	296	258	0	30	8	1.15	1.12		1.46	1.06	0.00	0.00		0.00	0.00	LOS_A	1	0.00	0.00
1	7200-10800	312-2475@44.5-2391@3.4	2475	2391	513	467	3	28	15	1.48	1.35	5.54	2.30	3.22	0.00	0.00	0.00	0.00	0.00	LOS_A	1	0.00	0.00
1	7200-10800	312-2475@44.5-2422@13.2	2475	2422	91	81	0	9	1	9.88	9.43		13.41	14.40	0.00	0.00		0.00	0.00	LOS_A	1	0.00	0.00
1	7200-10800	312-2527@16.1-2391@3.4	2527	2391	315	272	1	36	6	3.01	3.02	0.17	3.04	2.90	0.00	0.00	0.00	0.00	0.00	LOS_A	1	0.00	0.00
1	7200-10800	312-2527@16.1-24810@22.1	2527	24810	162	157	0	5	0	4.29	4.26		5.16		0.00	0.00		0.00		LOS_A	1	0.00	0.00
1	7200-10800	312			1673	1520	4	118	31	2.28	2.19	4.19	3.18	2.89	0.00	0.00	0.00	0.00	0.00	LOS_A	1	0.00	0.00
1	7200-10800	313-2394@59.8-2414@34.7	2394	2414	698	669	0	23	6	4.65	4.58		5.89	7.08	0.01	0.01		0.00	0.00	LOS_A	1	0.00	0.00
1	7200-10800	313-2394@59.8-2418@36.3	2394	2418	118	107	0	8	3	3.53	3.52		3.86	2.79	0.00	0.00		0.00	0.00	LOS_A	1	0.00	0.00
1	7200-10800	313-2401@29.1-2389@16.1	2401	2389	328	294	0	26	8	5.09	4.98		5.57	7.86	0.02	0.03		0.00	0.00	LOS_A	1	0.01	7.38
1	7200-10800	313-2401@29.1-2418@36.3	2401	2418	474	436	0	32	6	0.90	0.87		1.29	1.46	0.00	0.00		0.00	0.00	LOS_A	1	0.00	0.00
1	7200-10800	313-2416@14.9-2389@16.1	2416	2389	87	55	1	25	6	3.90	3.72	1.30	4.31	4.32	0.00	0.00	0.00	0.00	0.00	LOS_A	1	0.00	0.00
1	7200-10800	313-2416@14.9-2414@34.7	2416	2414	741	684	3	39	15	1.09	1.04	4.06	1.50	2.17	0.00	0.00	0.00	0.00	0.00	LOS_A	1	0.00	0.00
1	7200-10800	313			2446	2245	4	153	44	2.83	2.76	3.37	3.39	4.11	0.00	0.01	0.00	0.00	0.00	LOS_A	1	0.00	7.38
1	7200-10800	314-2403: Middle Rd WA@220.3-2402@17.0	2403	2402	43	41	0	2	0	0.86	0.83		1.47		0.00	0.00		0.00		LOS_A	1	0.00	0.00
1	7200-10800	314-2403: Middle Rd WA@220.3-2424@24.2	2403	2424	4	4	0	0	0	0.02	0.02				0.00	0.00				LOS_A	1	0.00	0.00
1	7200-10800	314-2409@18.3-2410@13.9	2409	2410	38	38	0	0	0	4.96	4.96				0.00	0.00				LOS_A	1	0.00	0.00
1	7200-10800	314-2409@18.3-2424@24.2	2409	2424	1401	1315	3	62	21	1.42	1.38	2.70	1.73	2.50	0.00	0.00	0.00	0.00	0.00	LOS_A	1	0.00	0.00
1	7200-10800	314-2413@40.6-2402@17.0	2413	2402	759	689	0	56	14	0.84	0.80		1.18	1.00	0.00	0.00		0.00	0.00	LOS_A	1	0.00	0.00
1	7200-10800	314-2413@40.6-2410@13.9	2413	2410	1	1	0	0	0	4.08	4.08				0.00	0.00				LOS_A	1	0.00	0.00
1	7200-10800	314-2517@5.7-2517@54.4	2517	2517	0	0	0	0	0											LOS_A		0.00	0.00
1	7200-10800	314			2246	2088	3	120	35	1.27	1.24	2.70	1.47	1.90	0.00	0.00	0.00	0.00	0.00	LOS_A	1	0.00	0.00
1	7200-10800	315-2424@32.6-2426@30.8	2424	2426	1309	1228	3	59	19	0.53	0.50	1.77	0.77	1.15	0.00	0.00	0.00	0.00	0.00	LOS_A	1	0.00	0.00
1	7200-10800	315-2424@32.6-2434@37.0	2424	2434	15	13	0	1	1	2.97	2.90		2.87	3.89	0.00	0.00		0.00	0.00	LOS_A	1	0.00	0.00
1	7200-10800	315-2424@32.6-2439@33.6	2424	2439	81	78	0	2	1	4.04	3.98		5.58	6.05	0.00	0.00		0.00	0.00	LOS_A	1	0.00	0.00
1	7200-10800	315-2430@18.6-2413@31.6	2430	2413	117	105	0	11	1	4.14	3.94		5.96	5.26	0.00	0.00		0.00	0.00	LOS_A	1	0.00	0.00
1	7200-10800	315-2430@18.6-2426@30.8	2430	2426	16	13	0	3	0	0.88	0.75		1.44		0.00	0.00		0.00		LOS_A	1	0.00	0.00
1	7200-10800	315-2430@18.6-2439@33.6	2430	2439	4	3	0	1	0	4.44	3.96		5.87		0.00	0.00		0.00		LOS_A	1	0.00	0.00
1	7200-10800	315-2438@12.4-2413@31.6	2438	2413	18	15	0	3	0	0.52	0.62		0.00		0.00	0.00		0.00		LOS_A	1	0.00	0.00
1	7200-10800	315-2438@12.4-2426@30.8	2438	2426	19	17	0	2	0	5.92	5.76		7.29		0.00	0.00		0.00		LOS_A	1	0.00	0.00
1	7200-10800	315-2438@12.4-2434@37.0	2438	2434	12	12	0	0	0	5.40	5.40				0.00	0.00				LOS_A	1	0.00	0.00
1	7200-10800	315-2442@2.5-2413@31.6	2442	2413	625	570	0	42	13	0.11	0.10		0.18	0.06	0.00	0.00		0.00	0.00	LOS_A	1	0.00	0.00
1	7200-10800	315-2442@2.5-2434@37.0	2442	2434	37	34	0	2	1	0.75	0.78		0.25	0.71	0.00	0.00		0.00	0.00	LOS_A	1	0.00	0.00
1	7200-10800	315-2442@2.5-2439@33.6	2442	2439	12	10	0	2	0	1.10	0.91		2.06		0.00	0.00		0.00		LOS_A	1	0.00	0.00
1	7200-10800	315			2265	2098	3	128	36	0.83	0.79	1.77	1.26	1.07	0.00	0.00	0.00	0.00	0.00	LOS_A	1	0.00	0.00
1	7200-10800	316			0	0	0	0	0											LOS_A			
1	7200-10800	317			0	0	0	0	0											LOS_A			
1	7200-10800	318			0	0	0	0	0											LOS_A			
1	7200-10800	319			0	0	0	0	0											LOS_A			
1	7200-10800	320			0	0	0	0	0											LOS_A			
1	7200-10800	322-2388@109.5-2387: Western Fwy  Deer Park Byp@24.8	2388	2387	415	349	1	51	14	0.85	0.83	0.76	0.96	1.06	0.00	0.00	0.00	0.00	0.00	LOS_A	1	0.00	0.00
1	7200-10800	322-2397: Western Fwy  Deer Park Byp@856.0-2387: Western Fwy  Deer Park Byp@24.8	2397	2387	1021	866	4	122	29	0.67	0.61	2.11	0.99	1.01	0.00	0.00	0.00	0.00	0.00	LOS_A	1	0.00	0.00
1	7200-10800	322			1436	1215	5	173	43	0.72	0.67	1.84	0.98	1.02	0.00	0.00	0.00	0.00	0.00	LOS_A	1	0.00	0.00
1	7200-10800	323-2479: Western Fwy  Deer Park Byp@45.2-2477@22.4	2479	2477	604	548	3	37	16	4.19	4.01	6.94	5.18	7.59	0.07	0.04	0.00	0.00	1.39	LOS_A	1	2.96	245.50
1	7200-10800	323-2479: Western Fwy  Deer Park Byp@45.2-2478: Western Fwy  Deer Park Byp@23.8	2479	2478	1781	1704	5	57	15	2.44	2.47	3.21	1.88	1.17	0.12	0.13	0.00	0.00	0.00	LOS_A	1	2.96	245.50
1	7200-10800	323			2385	2252	8	94	31	2.88	2.84	4.61	3.17	4.48	0.11	0.10	0.00	0.00	0.72	LOS_A	1	2.96	245.50
1	7200-10800	324-2478: Western Fwy  Deer Park Byp@815.7-2483: Western Fwy  Deer Park Byp@32.3	2478	2483	1779	1702	5	57	15	2.55	2.55	3.87	2.54	1.82	0.00	0.00	0.00	0.00	0.00	LOS_A	1	0.10	30.08
1	7200-10800	324-2485@71.7-2483: Western Fwy  Deer Park Byp@32.3	2485	2483	457	441	0	15	1	4.61	4.59		5.33	5.61	0.00	0.00		0.00	0.00	LOS_A	1	0.00	0.00
1	7200-10800	324			2236	2143	5	72	16	2.97	2.97	3.87	3.12	2.06	0.00	0.00	0.00	0.00	0.00	LOS_A	1	0.05	30.08
1	7200-10800	325-2398: Western Fwy  Deer Park Byp@30.6-2385@22.8	2398	2385	816	776	0	31	9	6.00	5.98		6.22	6.60	0.03	0.04		0.00	0.00	LOS_A	1	0.06	22.48
1	7200-10800	325-2398: Western Fwy  Deer Park Byp@30.6-2397: Western Fwy  Deer Park Byp@22.6	2398	2397	1021	866	4	122	29	2.03	2.14	1.44	1.40	1.45	0.01	0.02	0.00	0.00	0.00	LOS_A	1	0.06	22.48
1	7200-10800	325			1837	1642	4	153	38	3.79	3.95	1.44	2.38	2.67	0.02	0.03	0.00	0.00	0.00	LOS_A	1	0.06	22.48
1	7200-10800	326-2502: Western Fwy  Deer Park Byp EA@2131.3-2513: Western Fwy  Deer Park Byp@18.8	2502	2513	940	845	0	77	18	1.10	1.10		1.17	0.81	0.00	0.00		0.00	0.00	LOS_A	1	0.00	0.00
1	7200-10800	326-2514: Western Fwy  Deer Park Byp@123.8-2513: Western Fwy  Deer Park Byp@18.8	2514	2513	897	797	4	76	20	5.72	5.69	6.85	6.05	5.53	0.00	0.00	0.00	0.00	0.00	LOS_A	1	0.00	0.00
1	7200-10800	326			1837	1642	4	153	38	3.36	3.33	6.85	3.59	3.29	0.00	0.00	0.00	0.00	0.00	LOS_A	1	0.00	0.00
1	7200-10800	327-2505: Western Fwy  Deer Park Byp@33.7-2506: Western Fwy  Deer Park Byp@21.2	2505	2506	1600	1520	5	61	14	1.29	1.31	0.96	0.87	1.13	0.00	0.00	0.00	0.00	0.00	LOS_A	1	0.00	0.00
1	7200-10800	327-2505: Western Fwy  Deer Park Byp@33.7-2508: Western Fwy  Deer Park Byp@13.2	2505	2508	635	622	0	11	2	3.47	3.44		4.76	5.92	0.01	0.01		0.00	0.00	LOS_A	1	0.00	0.00
1	7200-10800	327			2235	2142	5	72	16	1.91	1.93	0.96	1.46	1.73	0.00	0.00	0.00	0.00	0.00	LOS_A	1	0.00	0.00
1	7200-10800	338			0	0	0	0	0											LOS_A			
1	10800-14400	43-28: Troups Rd N@6.9-13: Western Hwy@23.8	28	13	105	102	0	3	0	0.27	0.26		0.62		0.00	0.00		0.00		LOS_A	1	0.00	0.00
1	10800-14400	43-609: Western Hwy@95.9-13: Western Hwy@23.8	609	13	1500	1323	17	115	43	3.02	3.03	2.86	2.92	3.04	0.00	0.00	0.00	0.00	0.00	LOS_A	1	0.00	0.00
1	10800-14400	43-609: Western Hwy@95.9-27: Troups Rd N@5.6	609	27	202	186	1	15	0	4.82	4.64	10.33	6.71		0.00	0.00	0.00	0.00		LOS_A	1	0.00	0.00
1	10800-14400	43-944: Western Hwy@45.8-73: Western Hwy@23.3	944	73	1628	1512	9	73	32	0.78	0.80	0.59	0.43	0.66	0.00	0.00	0.00	0.00	0.00	LOS_A	1	0.00	0.00
1	10800-14400	43			3435	3123	27	206	75	1.98	1.96	2.38	2.28	2.03	0.00	0.00	0.00	0.00	0.00	LOS_A	1	0.00	0.00
1	10800-14400	44-15@3.2-243: Ferris Rd  Melton Hwy@24.7	15	243	302	273	2	21	4	0.99	0.85	3.88	2.27	2.37	0.02	0.03	0.00	0.00	0.00	LOS_A	1	0.00	0.00
1	10800-14400	44-421: Ferris Rd@65.5-20@13.7	421	20	43	28	0	15	0	4.38	3.66		5.73		0.00	0.00		0.00		LOS_A	1	0.00	0.00
1	10800-14400	44-421: Ferris Rd@65.5-243: Ferris Rd  Melton Hwy@24.7	421	243	320	299	0	14	5	0.50	0.52		0.29	0.04	0.00	0.00		0.00	0.00	LOS_A	1	0.00	0.00
1	10800-14400	44-682@3.6-420: Ferris Rd@19.2	682	420	133	120	0	12	1	1.16	0.97		2.97	2.57	0.00	0.00		0.00	0.00	LOS_A	1	0.00	0.00
1	10800-14400	44-10393@15.0-19@37.7	10393	19	147	146	0	1	0	3.11	3.10		3.83		0.00	0.00		0.00		LOS_A	1	0.00	0.00
1	10800-14400	44-10393@15.0-420: Ferris Rd@19.2	10393	420	320	301	0	16	1	1.42	1.43		1.24	3.15	0.00	0.00		0.00	0.00	LOS_A	1	0.00	0.00
1	10800-14400	44			1265	1167	2	79	11	1.36	1.28	3.88	2.49	1.40	0.01	0.01	0.00	0.00	0.00	LOS_A	1	0.00	0.00
1	10800-14400	45-680: Melton Hwy@89.9-95: Melton Hwy@34.6	680	95	506	469	1	28	8	0.40	0.36	0.30	0.94	0.41	0.00	0.00	0.00	0.00	0.00	LOS_A	1	0.00	0.00
1	10800-14400	45-680: Melton Hwy@89.9-363: Gateway Dr@6.2	680	363	20	20	0	0	0	2.36	2.36				0.00	0.00				LOS_A	1	0.00	0.00
1	10800-14400	45-680: Melton Hwy@89.9-500: Zone connector@15.5	680	500	35	34	0	1	0	3.64	3.47		9.38		0.00	0.00		0.00		LOS_A	1	0.00	0.00
1	10800-14400	45-271472: Melton Hwy@23.5-307: Melton Hwy@23.4	271472	307	456	432	0	22	2	0.05	0.06		0.00	0.02	0.00	0.00		0.00	0.00	LOS_A	1	0.00	0.00
1	10800-14400	45-271472: Melton Hwy@23.5-363: Gateway Dr@6.2	271472	363	0	0	0	0	0											LOS_A		0.00	0.00
1	10800-14400	45-271472: Melton Hwy@23.5-500: Zone connector@15.5	271472	500	6	6	0	0	0	8.50	8.50				0.00	0.00				LOS_A	1	0.00	0.00
1	10800-14400	45-271481: Gateway Dr@28.0-95: Melton Hwy@34.6	271481	95	0	0	0	0	0											LOS_A		0.00	0.00
1	10800-14400	45-271481: Gateway Dr@28.0-307: Melton Hwy@23.4	271481	307	0	0	0	0	0											LOS_A		0.00	0.00
1	10800-14400	45-271481: Gateway Dr@28.0-500: Zone connector@15.5	271481	500	0	0	0	0	0											LOS_A		0.00	0.00
1	10800-14400	45-271486: Zone connector@56.9-95: Melton Hwy@34.6	271486	95	5	5	0	0	0	0.02	0.02				0.00	0.00				LOS_A	1	0.00	0.00
1	10800-14400	45-271486: Zone connector@56.9-307: Melton Hwy@23.4	271486	307	0	0	0	0	0											LOS_A		0.00	0.00
1	10800-14400	45-271486: Zone connector@56.9-363: Gateway Dr@6.2	271486	363	0	0	0	0	0											LOS_A		0.00	0.00
1	10800-14400	45			1028	966	1	51	10	0.44	0.43	0.30	0.70	0.34	0.00	0.00	0.00	0.00	0.00	LOS_A	1	0.00	0.00
1	10800-14400	46-12: Hopkins Rd@68.9-44: Hopkins Rd@23.1	12	44	678	611	3	48	5	33.83	33.88	21.45	40.52	2.08	10.75	11.01	3.35	10.78	0.00	LOS_D	4	10.09	117.48
1	10800-14400	46-12: Hopkins Rd@68.9-104@37.0	12	104	108	89	1	13	5	8.52	9.25	0.01	3.47	10.23	1.83	2.04	0.00	0.36	2.24	LOS_A	1	10.09	117.48
1	10800-14400	46-12: Hopkins Rd@68.9-428@34.4	12	428	20	20	0	0	0	46.77	46.77				19.84	19.84				LOS_E	5	10.09	117.48
1	10800-14400	46-12: Hopkins Rd@68.9-1243: Hopkins Rd@4.3	12	1243	0	0	0	0	0											LOS_A		10.09	117.48
1	10800-14400	46-255: Hopkins Rd@17.0-44: Hopkins Rd@23.1	255	44	0	0	0	0	0											LOS_A		0.00	0.00
1	10800-14400	46-255: Hopkins Rd@17.0-104@37.0	255	104	118	112	0	4	0	1.44	1.47		1.08		0.00	0.00		0.00		LOS_A	1	0.00	0.00
1	10800-14400	46-255: Hopkins Rd@17.0-428@34.4	255	428	16	16	0	0	0	3.85	3.85				0.00	0.00				LOS_A	1	0.00	0.00
1	10800-14400	46-255: Hopkins Rd@17.0-1243: Hopkins Rd@4.3	255	1243	397	359	1	18	8	1.22	1.21	1.42	1.06	1.05	0.00	0.00	0.00	0.00	0.00	LOS_A	1	0.00	0.00
1	10800-14400	46-257@11.2-44: Hopkins Rd@23.1	257	44	140	100	1	32	7	32.80	32.11	31.16	32.67	43.47	7.67	7.92	0.40	7.05	7.98	LOS_D	4	0.00	0.00
1	10800-14400	46-257@11.2-104@37.0	257	104	0	0	0	0	0											LOS_A		0.00	0.00
1	10800-14400	46-257@11.2-428@34.4	257	428	0	0	0	0	0											LOS_A		0.00	0.00
1	10800-14400	46-257@11.2-1243: Hopkins Rd@4.3	257	1243	136	114	0	20	2	1.93	1.81		2.38	4.27	0.00	0.00		0.00	0.00	LOS_A	1	0.00	0.00
1	10800-14400	46-429: 7-Eleven NA@91.6-44: Hopkins Rd@23.1	429	44	34	34	0	0	0	21.84	21.84				5.38	5.38				LOS_C	3	0.00	0.00
1	10800-14400	46-429: 7-Eleven NA@91.6-104@37.0	429	104	24	24	0	0	0	0.10	0.10				0.00	0.00				LOS_A	1	0.00	0.00
1	10800-14400	46-429: 7-Eleven NA@91.6-428@34.4	429	428	0	0	0	0	0											LOS_A		0.00	0.00
1	10800-14400	46-429: 7-Eleven NA@91.6-1243: Hopkins Rd@4.3	429	1243	31	31	0	0	0	0.15	0.15				0.00	0.00				LOS_A	1	0.00	0.00
1	10800-14400	46			1702	1510	6	135	27	18.28	18.07	16.16	23.01	14.18	5.37	5.48	1.74	5.54	2.48	LOS_C	3	2.52	117.48
1	10800-14400	47-4: Caroline Springs Blvd@6.8-212: Caroline Springs Blvd@4.6	4	212	843	808	1	17	2	3.41	3.13	0.00	2.68	1.11	0.21	0.22	0.00	0.00	0.00	LOS_A	1	0.00	0.00
1	10800-14400	47-4: Caroline Springs Blvd@6.8-446@6.0	4	446	0	0	0	0	0											LOS_A		0.00	0.00
1	10800-14400	47-447: Caroline Spring Blvd NA@32.5-212: Caroline Springs Blvd@4.6	447	212	2	2	0	0	0	1.33	1.33				0.00	0.00				LOS_A	1	0.00	0.00
1	10800-14400	47-887: Caroline Springs Blvd@16.4-212: Caroline Springs Blvd@4.6	887	212	16	16	0	0	0	6.36	6.36				0.00	0.00				LOS_A	1	0.00	0.00
1	10800-14400	47-887: Caroline Springs Blvd@16.4-448@12.1	887	448	406	352	1	35	3	0.63	0.56	0.00	0.75	0.66	0.00	0.00	0.00	0.00	0.00	LOS_A	1	0.00	0.00
1	10800-14400	47			1267	1178	2	52	5	2.55	2.40	0.00	1.38	0.84	0.14	0.15	0.00	0.00	0.00	LOS_A	1	0.00	0.00
1	10800-14400	48-271519: Meskos Rd@47.0-12: Hopkins Rd@26.0	271519	12	47	33	0	7	1	3.72	3.18		2.53	2.58	0.44	0.56		0.00	0.00	LOS_A	1	0.00	0.00
1	10800-14400	48-271519: Meskos Rd@47.0-55: Hopkins Rd@15.4	271519	55	2	1	1	0	0	0.16	0.31	0.00			0.00	0.00	0.00			LOS_A	1	0.00	0.00
1	10800-14400	48-271519: Meskos Rd@47.0-82: Sheahan Rd@36.7	271519	82	0	0	0	0	0											LOS_A		0.00	0.00
1	10800-14400	48-271522: Hopkins Rd@23.9-55: Hopkins Rd@15.4	271522	55	463	416	1	33	8	0.69	0.69	0.54	0.82	0.62	0.01	0.01	0.00	0.00	0.00	LOS_A	1	0.00	0.00
1	10800-14400	48-271522: Hopkins Rd@23.9-66: Meskos Rd@27.7	271522	66	62	51	0	3	2	6.45	6.28		6.13	12.00	0.03	0.00		0.00	1.05	LOS_A	1	0.00	0.00
1	10800-14400	48-271522: Hopkins Rd@23.9-82: Sheahan Rd@36.7	271522	82	39	37	0	2	0	4.58	4.50		6.17		0.00	0.00		0.00		LOS_A	1	0.00	0.00
1	10800-14400	48-271526: Sheahan Rd@62.5-12: Hopkins Rd@26.0	271526	12	24	14	0	7	3	3.52	5.87		0.23	0.26	2.35	4.03		0.00	0.00	LOS_A	1	0.00	0.00
1	10800-14400	48-271526: Sheahan Rd@62.5-55: Hopkins Rd@15.4	271526	55	4	3	0	1	0	0.30	0.01		1.16		0.00	0.00		0.00		LOS_A	1	0.00	0.00
1	10800-14400	48-271526: Sheahan Rd@62.5-66: Meskos Rd@27.7	271526	66	1	1	0	0	0	0.05	0.05				0.00	0.00				LOS_A	1	0.00	0.00
1	10800-14400	48-271531: Hopkins Rd@5.3-12: Hopkins Rd@26.0	271531	12	736	673	4	47	7	11.34	10.68	0.48	23.41	7.69	3.39	3.25	0.00	6.22	2.36	LOS_B	2	3.82	129.63
1	10800-14400	48-271531: Hopkins Rd@5.3-66: Meskos Rd@27.7	271531	66	31	31	0	0	0	13.12	13.12				0.50	0.50				LOS_B	2	3.82	129.63
1	10800-14400	48-271531: Hopkins Rd@5.3-82: Sheahan Rd@36.7	271531	82	23	22	0	0	1	6.74	6.73			6.75	0.37	0.38			0.00	LOS_A	1	3.82	129.63
1	10800-14400	48-271556@6.9-271556@52.0	271556	271556	5	0	0	0	0	0.00					0.00					LOS_A	1	0.03	17.32
1	10800-14400	48-271558@2.8-271558@48.4	271558	271558	7	0	0	0	0	0.00					0.00					LOS_A	1	0.08	18.96
1	10800-14400	48-271560@6.3-271560@50.2	271560	271560	5	0	0	0	0	0.00					0.00					LOS_A	1	0.12	18.57
1	10800-14400	48-271566@22.9-271566@62.3	271566	271566	2	0	0	0	0	0.00					0.00					LOS_A	1	0.05	20.33
1	10800-14400	48			1451	1282	6	100	22	6.94	6.79	0.41	11.78	4.22	1.79	1.78	0.00	2.92	0.85	LOS_A	1	0.51	129.63
1	10800-14400	49-351: Delma Rd@85.2-352: Eucumbene Dr@37.8	351	352	0	0	0	0	0											LOS_A		0.00	0.00
1	10800-14400	49-351: Delma Rd@85.2-506: Zone connector@80.7	351	506	12	12	0	0	0	2.12	2.12				0.00	0.00				LOS_A	1	0.00	0.00
1	10800-14400	49-353: Eucumbene Dr@275.9-350: Delma Rd@23.2	353	350	0	0	0	0	0											LOS_A		0.00	0.00
1	10800-14400	49-353: Eucumbene Dr@275.9-506: Zone connector@80.7	353	506	56	56	0	0	0	1.31	1.31				0.00	0.00				LOS_A	1	0.00	0.00
1	10800-14400	49-505: Eucumbene Dr SA@77.8-350: Delma Rd@23.2	505	350	21	21	0	0	0	0.00	0.00				0.00	0.00				LOS_A	1	0.00	0.00
1	10800-14400	49-505: Eucumbene Dr SA@77.8-352: Eucumbene Dr@37.8	505	352	0	0	0	0	0											LOS_A		0.00	0.00
1	10800-14400	49			89	89	0	0	0	1.11	1.11				0.00	0.00				LOS_A	1	0.00	0.00
1	10800-14400	50-115: Western Hwy@22.9-209: Ballarat Rd  Western Hwy@28.7	115	209	396	378	0	18	0	0.27	0.27		0.22		0.00	0.00		0.00		LOS_A	1	0.00	0.00
1	10800-14400	50-115: Western Hwy@22.9-283: Christies Rd@7.9	115	283	95	90	0	3	2	6.28	6.17		8.73	7.51	0.00	0.00		0.00	0.00	LOS_A	1	0.00	0.00
1	10800-14400	50-461: Ballarat Rd  Western Hwy@7.1-114: Western Hwy@17.3	461	114	353	329	0	24	0	0.31	0.32		0.19		0.00	0.00		0.00		LOS_A	1	0.00	0.00
1	10800-14400	50-461: Ballarat Rd  Western Hwy@7.1-215: Caroline Springs Blvd@5.8	461	215	91	85	0	5	1	2.87	2.80		4.06	2.91	0.00	0.00		0.00	0.00	LOS_A	1	0.00	0.00
1	10800-14400	50-648: Christies Rd@37.8-114: Western Hwy@17.3	648	114	41	35	0	5	1	2.08	2.07		2.19	1.75	0.00	0.00		0.00	0.00	LOS_A	1	0.00	0.00
1	10800-14400	50-648: Christies Rd@37.8-209: Ballarat Rd  Western Hwy@28.7	648	209	79	62	0	14	3	9.08	8.60		10.44	12.53	0.00	0.00		0.00	0.00	LOS_A	1	0.00	0.00
1	10800-14400	50-648: Christies Rd@37.8-215: Caroline Springs Blvd@5.8	648	215	316	269	1	29	2	1.84	1.89	0.00	2.05	1.45	0.00	0.00	0.00	0.00	0.00	LOS_A	1	0.00	0.00
1	10800-14400	50-649@8.2-283: Christies Rd@7.9	649	283	153	128	2	22	1	1.70	1.58	2.82	2.32	2.15	0.00	0.00	0.00	0.00	0.00	LOS_A	1	0.00	0.00
1	10800-14400	50-651@22.8-215: Caroline Springs Blvd@5.8	651	215	15	14	0	1	0	0.94	0.89		1.62		0.00	0.00		0.00		LOS_A	1	0.00	0.00
1	10800-14400	50-652: Caroline Springs Blvd@21.4-114: Western Hwy@17.3	652	114	86	82	0	3	1	7.51	7.42		9.32	9.34	0.15	0.15		0.00	0.00	LOS_A	1	0.00	0.00
1	10800-14400	50-652: Caroline Springs Blvd@21.4-209: Ballarat Rd  Western Hwy@28.7	652	209	130	129	0	1	0	8.58	8.57		8.93		0.00	0.00		0.00		LOS_A	1	0.19	49.58
1	10800-14400	50-652: Caroline Springs Blvd@21.4-283: Christies Rd@7.9	652	283	645	615	1	13	1	2.72	2.71	0.00	1.73	3.31	0.01	0.01	0.00	0.00	0.00	LOS_A	1	0.00	0.00
1	10800-14400	50			2400	2216	4	138	12	2.60	2.58	1.41	2.78	6.25	0.01	0.01	0.00	0.00	0.00	LOS_A	1	0.03	49.58
1	10800-14400	51-7: Ballarat Rd  Western Hwy@16.6-10: Ballarat Rd  Western Hwy@18.5	7	10	4	4	0	0	0	0.13	0.13				0.00	0.00				LOS_A	1	0.00	0.00
1	10800-14400	51-7: Ballarat Rd  Western Hwy@16.6-385: Chisholm Dr@11.7	7	385	0	0	0	0	0											LOS_A		0.00	0.00
1	10800-14400	51-7: Ballarat Rd  Western Hwy@16.6-670: Ballarat Rd  Western Hwy@1.4	7	670	6	6	0	0	0	3.11	3.11				0.00	0.00				LOS_A	1	0.00	0.00
1	10800-14400	51-7: Ballarat Rd  Western Hwy@16.6-671: Panamax Rd@7.5	7	671	0	0	0	0	0											LOS_A		0.00	0.00
1	10800-14400	51-347: Panamax Rd@4.8-10: Ballarat Rd  Western Hwy@18.5	347	10	100	90	1	9	0	0.26	0.26	0.00	0.31		0.00	0.00	0.00	0.00		LOS_A	1	0.00	0.00
1	10800-14400	51-347: Panamax Rd@4.8-385: Chisholm Dr@11.7	347	385	16	15	0	1	0	5.26	5.18		6.40		0.00	0.00		0.00		LOS_A	1	0.00	0.00
1	10800-14400	51-347: Panamax Rd@4.8-670: Ballarat Rd  Western Hwy@1.4	347	670	84	80	1	3	0	6.11	5.98	8.24	8.64		0.00	0.00	0.00	0.00		LOS_A	1	0.00	0.00
1	10800-14400	51-360: Ballarat Rd  Western Hwy@55.2-10: Ballarat Rd  Western Hwy@18.5	360	10	533	509	0	22	2	0.48	0.46		0.74	3.11	0.00	0.00		0.00	0.00	LOS_A	1	0.00	0.00
1	10800-14400	51-360: Ballarat Rd  Western Hwy@55.2-385: Chisholm Dr@11.7	360	385	12	8	0	4	0	6.11	5.23		7.88		0.05	0.00		0.15		LOS_A	1	0.00	0.00
1	10800-14400	51-360: Ballarat Rd  Western Hwy@55.2-671: Panamax Rd@7.5	360	671	60	52	0	7	1	4.58	4.43		5.30	7.53	0.08	0.10		0.00	0.00	LOS_A	1	0.00	0.00
1	10800-14400	51-673: Chisholm Dr@12.9-10: Ballarat Rd  Western Hwy@18.5	673	10	92	90	0	2	0	0.32	0.30		1.25		0.00	0.00		0.00		LOS_A	1	0.00	0.00
1	10800-14400	51-673: Chisholm Dr@12.9-670: Ballarat Rd  Western Hwy@1.4	673	670	49	48	0	1	0	3.19	3.16		4.94		0.00	0.00		0.00		LOS_A	1	0.00	0.00
1	10800-14400	51-673: Chisholm Dr@12.9-671: Panamax Rd@7.5	673	671	13	13	0	0	0	12.55	12.55				0.21	0.21				LOS_B	2	0.00	0.00
1	10800-14400	51-885: Ballarat Rd  Western Hwy@6.9-10: Ballarat Rd  Western Hwy@18.5	885	10	0	0	0	0	0											LOS_A		0.00	0.00
1	10800-14400	51-885: Ballarat Rd  Western Hwy@6.9-385: Chisholm Dr@11.7	885	385	7	7	0	0	0	3.40	3.40				0.46	0.46				LOS_A	1	0.00	0.00
1	10800-14400	51-885: Ballarat Rd  Western Hwy@6.9-670: Ballarat Rd  Western Hwy@1.4	885	670	449	399	1	47	2	0.55	0.55	0.77	0.51	1.18	0.00	0.00	0.00	0.00	0.00	LOS_A	1	0.00	0.00
1	10800-14400	51-885: Ballarat Rd  Western Hwy@6.9-671: Panamax Rd@7.5	885	671	80	74	0	6	0	4.37	4.11		7.50		0.00	0.00		0.00		LOS_A	1	0.00	0.00
1	10800-14400	51			1505	1395	3	102	5	1.47	1.43	3.00	1.93	3.22	0.01	0.01	0.00	0.01	0.00	LOS_A	1	0.00	0.00
1	10800-14400	52-198: Melton Hwy@69.6-182@11.5	198	182	219	191	0	24	2	6.58	6.14		9.67	10.40	0.16	0.06		0.91	0.00	LOS_A	1	0.00	0.00
1	10800-14400	52-198: Melton Hwy@69.6-308: Ferris Rd  Melton Hwy@20.5	198	308	393	378	0	13	0	2.83	2.81		3.91		0.07	0.07		0.02		LOS_A	1	0.00	0.00
1	10800-14400	52-339@366.5-200: Melton Hwy@21.7	339	200	312	297	0	14	1	1.50	1.47		2.02	2.90	0.00	0.00		0.00	0.00	LOS_A	1	0.00	0.00
1	10800-14400	52-339@366.5-308: Ferris Rd  Melton Hwy@20.5	339	308	74	69	0	4	1	5.09	5.04		5.94	5.20	0.13	0.14		0.00	0.00	LOS_A	1	0.05	11.49
1	10800-14400	52-956: Ferris Rd  Melton Hwy@55.3-182@11.5	956	182	191	177	1	11	2	3.91	3.80	9.50	4.98	4.89	0.00	0.00	0.00	0.00	0.00	LOS_A	1	0.00	0.00
1	10800-14400	52-956: Ferris Rd  Melton Hwy@55.3-200: Melton Hwy@21.7	956	200	431	395	1	24	7	2.54	2.54	1.54	2.94	1.02	0.00	0.00	0.00	0.00	0.00	LOS_A	1	0.00	0.00
1	10800-14400	52			1620	1507	2	90	13	3.23	3.12	5.52	5.11	3.52	0.04	0.03	0.00	0.25	0.00	LOS_A	1	0.01	11.49
1	10800-14400	53-899: Melton Hwy@13.5-199: Melton Hwy@15.7	899	199	0	0	0	0	0											LOS_A		0.27	51.35
1	10800-14400	53-899: Melton Hwy@13.5-301: High St@21.5	899	301	9	9	0	0	0	5.02	5.02				0.00	0.00				LOS_A	1	0.27	51.35
1	10800-14400	53-899: Melton Hwy@13.5-305: Melton Hwy@15.2	899	305	490	452	1	29	8	2.40	2.46	0.95	1.85	0.75	0.12	0.13	0.00	0.00	0.00	LOS_A	1	0.27	51.35
1	10800-14400	53-899: Melton Hwy@13.5-376: High St@36.1	899	376	244	231	0	9	0	7.16	7.08		8.74		0.43	0.45		0.00		LOS_A	1	0.27	51.35
1	10800-14400	53-900: High St@7.7-199: Melton Hwy@15.7	900	199	197	178	0	15	0	0.14	0.09		0.18		0.00	0.00		0.00		LOS_A	1	0.00	0.00
1	10800-14400	53-900: High St@7.7-301: High St@21.5	900	301	15	15	0	0	0	0.07	0.07				0.00	0.00				LOS_A	1	0.00	0.00
1	10800-14400	53-900: High St@7.7-305: Melton Hwy@15.2	900	305	67	67	0	0	0	4.93	4.93				0.00	0.00				LOS_A	1	0.00	0.00
1	10800-14400	53-900: High St@7.7-376: High St@36.1	900	376	0	0	0	0	0											LOS_A		0.00	0.00
1	10800-14400	53-901: Melton Hwy@7.6-199: Melton Hwy@15.7	901	199	387	363	0	22	2	0.66	0.67		0.54	0.29	0.00	0.00		0.00	0.00	LOS_A	1	0.00	0.00
1	10800-14400	53-901: Melton Hwy@7.6-301: High St@21.5	901	301	9	9	0	0	0	0.61	0.61				0.00	0.00				LOS_A	1	0.00	0.00
1	10800-14400	53-901: Melton Hwy@7.6-305: Melton Hwy@15.2	901	305	0	0	0	0	0											LOS_A		0.00	0.00
1	10800-14400	53-901: Melton Hwy@7.6-376: High St@36.1	901	376	60	60	0	0	0	0.45	0.45				0.00	0.00				LOS_A	1	0.00	0.00
1	10800-14400	53-1241: High St@3.1-199: Melton Hwy@15.7	1241	199	28	28	0	0	0	0.35	0.35				0.00	0.00				LOS_A	1	0.00	0.00
1	10800-14400	53-1241: High St@3.1-301: High St@21.5	1241	301	0	0	0	0	0											LOS_A		0.00	0.00
1	10800-14400	53-1241: High St@3.1-305: Melton Hwy@15.2	1241	305	4	4	0	0	0	0.05	0.05				0.00	0.00				LOS_A	1	0.00	0.00
1	10800-14400	53-1241: High St@3.1-376: High St@36.1	1241	376	10	10	0	0	0	0.13	0.13				0.00	0.00				LOS_A	1	0.00	0.00
1	10800-14400	53			1520	1426	1	75	10	2.38	2.40	0.95	1.96	0.66	0.11	0.12	0.00	0.00	0.00	LOS_A	1	0.07	51.35
1	10800-14400	54-526: Ferris Rd@22.5-310@35.3	526	310	19	17	0	2	0	7.84	6.94		15.54		0.32	0.00		3.02		LOS_A	1	0.01	27.50
1	10800-14400	54-526: Ferris Rd@22.5-421: Ferris Rd@15.4	526	421	0	0	0	0	0											LOS_A		0.01	27.50
1	10800-14400	54-526: Ferris Rd@22.5-525: Ferris Rd@18.9	526	525	434	404	0	26	2	0.43	0.40		0.81	1.40	0.00	0.00		0.00	0.00	LOS_A	1	0.01	27.50
1	10800-14400	54-527: Zone connector@58.2-310@35.3	527	310	2	2	0	0	0	2.16	2.16				0.00	0.00				LOS_A	1	0.00	0.00
1	10800-14400	54-527: Zone connector@58.2-421: Ferris Rd@15.4	527	421	346	314	0	25	5	0.12	0.11		0.24	0.08	0.00	0.00		0.00	0.00	LOS_A	1	0.00	0.00
1	10800-14400	54-528@5.7-421: Ferris Rd@15.4	528	421	17	13	0	4	0	5.16	4.50		7.33		0.00	0.00		0.00		LOS_A	1	0.00	0.00
1	10800-14400	54-528@5.7-525: Ferris Rd@18.9	528	525	0	0	0	0	0											LOS_A		0.00	0.00
1	10800-14400	54			818	750	0	57	7	0.57	0.50		1.54	0.46	0.01	0.00		0.11	0.00	LOS_A	1	0.00	27.50
1	10800-14400	55-68: Mount Cottrell Rd SA@390.9-320: Western Fwy@25.9	68	320	82	76	0	6	0	0.04	0.04		0.01		0.00	0.00		0.00		LOS_A	1	0.00	0.00
1	10800-14400	55-942: Western Hwy@75.8-69: Mount Cottrell Rd@25.4	942	69	312	277	1	32	2	3.35	3.17	5.65	4.80	4.05	0.00	0.00	0.00	0.00	0.00	LOS_A	1	0.00	0.00
1	10800-14400	55-942: Western Hwy@75.8-320: Western Fwy@25.9	942	320	1465	1318	16	89	40	2.89	2.92	1.94	2.54	3.17	0.00	0.00	0.00	0.00	0.00	LOS_A	1	0.00	0.00
1	10800-14400	55			1859	1671	17	127	42	2.84	2.83	2.16	2.99	3.21	0.00	0.00	0.00	0.00	0.00	LOS_A	1	0.00	0.00
1	10800-14400	56-24: Paynes Rd SA@384.9-537: Western Hwy@24.0	24	537	152	141	1	10	0	0.21	0.22	0.00	0.07		0.00	0.00	0.00	0.00		LOS_A	1	0.00	0.00
1	10800-14400	56-536: Western Hwy@83.6-23: Paynes Rd@34.1	536	23	130	118	0	9	3	7.05	6.84		8.69	10.53	0.00	0.00		0.00	0.00	LOS_A	1	0.00	0.00
1	10800-14400	56-536: Western Hwy@83.6-537: Western Hwy@24.0	536	537	1626	1455	16	111	42	4.69	4.64	3.70	5.19	5.46	0.00	0.00	0.00	0.00	0.00	LOS_A	1	0.00	0.00
1	10800-14400	56			1908	1714	17	130	45	4.49	4.43	3.48	5.04	5.80	0.00	0.00	0.00	0.00	0.00	LOS_A	1	0.00	0.00
1	10800-14400	57-169: Western Hwy@71.3-168: Western Hwy@12.5	169	168	1507	1395	9	69	32	0.65	0.66	0.40	0.51	0.36	0.00	0.00	0.00	0.00	0.00	LOS_A	1	0.00	0.00
1	10800-14400	57-511: Western Freeway service Rd SA@97.7-172: Western Hwy@0.2	511	172	0	0	0	0	0											LOS_A		0.00	0.00
1	10800-14400	57-936: Western Hwy@71.3-172: Western Hwy@0.2	936	172	1756	1573	16	120	45	0.77	0.72	1.12	1.13	1.27	0.00	0.00	0.00	0.00	0.00	LOS_A	1	0.00	0.00
1	10800-14400	57-936: Western Hwy@71.3-512: Zone connector@4.0	936	512	0	0	0	0	0											LOS_A		0.00	0.00
1	10800-14400	57			3263	2968	25	189	77	0.71	0.70	0.86	0.90	0.89	0.00	0.00	0.00	0.00	0.00	LOS_A	1	0.00	0.00
1	10800-14400	58-436@136.8-271: Leakes Rd@61.4	436	271	83	75	0	6	2	3.05	2.76		6.14	4.61	0.00	0.00		0.00	0.00	LOS_A	1	0.00	0.00
1	10800-14400	58-436@136.8-437: Leakes Rd@45.3	436	437	81	76	0	3	2	1.39	1.26		2.17	5.15	0.00	0.00		0.00	0.00	LOS_A	1	0.00	0.00
1	10800-14400	58-600: Leakes Rd@6.4-273@26.5	600	273	237	226	0	8	3	5.87	5.82		6.71	7.71	0.00	0.00		0.00	0.00	LOS_A	1	0.00	0.00
1	10800-14400	58-600: Leakes Rd@6.4-437: Leakes Rd@45.3	600	437	336	307	0	10	4	3.24	3.32		3.13	2.31	0.00	0.00		0.00	0.00	LOS_A	1	0.00	0.00
1	10800-14400	58-1263: Leakes Rd@41.8-271: Leakes Rd@61.4	1263	271	122	87	1	17	2	0.55	0.59	2.45	0.66	0.83	0.00	0.00	0.00	0.00	0.00	LOS_A	1	0.00	0.00
1	10800-14400	58-1263: Leakes Rd@41.8-273@26.5	1263	273	51	45	0	5	1	1.94	1.89		2.22	2.63	0.00	0.00		0.00	0.00	LOS_A	1	0.00	0.00
1	10800-14400	58			910	816	1	49	14	3.31	3.40	2.45	3.08	4.01	0.00	0.00	0.00	0.00	0.00	LOS_A	1	0.00	0.00
1	10800-14400	59-271: Leakes Rd@243.4-602: Leakes Rd@8.6	271	602	205	162	1	23	4	0.81	0.78	1.33	1.13	0.92	0.00	0.00	0.00	0.00	0.00	LOS_A	1	0.00	0.00
1	10800-14400	59-443: Woodlea Blvd EA@92.7-270: Leakes Rd@21.8	443	270	11	11	0	0	0	1.12	1.12				0.00	0.00				LOS_A	1	0.00	0.00
1	10800-14400	59-443: Woodlea Blvd EA@92.7-442@13.5	443	442	0	0	0	0	0											LOS_A		0.00	0.00
1	10800-14400	59-605: Leakes Rd@48.1-270: Leakes Rd@21.8	605	270	562	522	0	18	7	1.48	0.91		1.33	2.20	0.00	0.00		0.00	0.00	LOS_A	1	0.00	0.00
1	10800-14400	59-605: Leakes Rd@48.1-442@13.5	605	442	14	14	0	0	0	1.07	1.07				0.00	0.00				LOS_A	1	0.00	0.00
1	10800-14400	59			792	709	1	41	11	1.30	0.89	1.33	1.22	1.73	0.00	0.00	0.00	0.00	0.00	LOS_A	1	0.00	0.00
1	10800-14400	60-938: Leakes Rd@68.7-398: Taylors Rd@37.8	938	398	168	134	0	19	0	4.24	2.72		4.19		0.00	0.00		0.00		LOS_A	1	0.00	0.00
1	10800-14400	60-938: Leakes Rd@68.7-400: Leakes Rd@62.1	938	400	31	22	1	4	4	0.73	0.68	1.35	0.56	1.00	0.00	0.00	0.00	0.00	0.00	LOS_A	1	0.00	0.00
1	10800-14400	60-938: Leakes Rd@68.7-402: Leakes Rd@53.8	938	402	0	0	0	0	0											LOS_A		0.00	0.00
1	10800-14400	60-938: Leakes Rd@68.7-271502: Taylors Rd@46.1	938	271502	6	6	0	0	0	2.71	2.71				0.00	0.00				LOS_A	1	0.00	0.00
1	10800-14400	60-271509: Taylors Rd@32.2-400: Leakes Rd@62.1	271509	400	24	24	0	0	0	0.04	0.04				0.00	0.00				LOS_A	1	0.00	0.00
1	10800-14400	60-271509: Taylors Rd@32.2-402: Leakes Rd@53.8	271509	402	86	68	0	3	0	4.25	3.32		5.38		0.00	0.00		0.00		LOS_A	1	0.00	0.00
1	10800-14400	60-271509: Taylors Rd@32.2-271502: Taylors Rd@46.1	271509	271502	46	46	0	0	0	0.01	0.01				0.00	0.00				LOS_A	1	0.00	0.00
1	10800-14400	60-271574: Taylors Rd@30.9-398: Taylors Rd@37.8	271574	398	42	42	0	0	0	0.15	0.15				0.00	0.00				LOS_A	1	0.00	0.00
1	10800-14400	60-271574: Taylors Rd@30.9-402: Leakes Rd@53.8	271574	402	61	60	0	1	0	0.12	0.12		0.00		0.00	0.00		0.00		LOS_A	1	0.00	0.00
1	10800-14400	60-271576: Taylors Rd@30.3-400: Leakes Rd@62.1	271576	400	30	30	0	0	0	10.68	10.68				0.00	0.00				LOS_B	2	0.00	0.00
1	10800-14400	60-271581: Leakes Rd@28.6-398: Taylors Rd@37.8	271581	398	60	60	0	0	0	0.21	0.21				0.00	0.00				LOS_A	1	0.00	0.00
1	10800-14400	60-271581: Leakes Rd@28.6-402: Leakes Rd@53.8	271581	402	429	408	0	14	7	0.48	0.48		0.58	0.59	0.00	0.00		0.00	0.00	LOS_A	1	0.00	0.00
1	10800-14400	60-271581: Leakes Rd@28.6-271502: Taylors Rd@46.1	271581	271502	19	19	0	0	0	3.93	3.93				0.00	0.00				LOS_A	1	0.00	0.00
1	10800-14400	60			1002	919	1	41	11	1.74	1.35	1.35	2.59	0.74	0.00	0.00	0.00	0.00	0.00	LOS_A	1	0.00	0.00
1	10800-14400	61-540@22.7-435: Leakes Rd@19.5	540	435	39	35	0	4	0	0.96	0.85		1.93		0.00	0.00		0.00		LOS_A	1	0.00	0.00
1	10800-14400	61-540@22.7-438: Leakes Rd@14.4	540	438	45	38	1	5	1	0.83	0.54	3.26	2.34	2.02	0.00	0.00	0.00	0.00	0.00	LOS_A	1	0.00	0.00
1	10800-14400	61-863: Leakes Rd@86.5-265@27.3	863	265	195	184	0	8	3	4.48	4.42		5.34	5.97	0.00	0.00		0.00	0.00	LOS_A	1	0.00	0.00
1	10800-14400	61-863: Leakes Rd@86.5-435: Leakes Rd@19.5	863	435	222	199	0	5	3	1.96	2.11		1.21	1.20	0.00	0.00		0.00	0.00	LOS_A	1	0.00	0.00
1	10800-14400	61-941: Leakes Rd@8.5-265@27.3	941	265	39	36	0	3	0	6.77	6.56		9.25		0.00	0.00		0.00		LOS_A	1	0.00	0.00
1	10800-14400	61-941: Leakes Rd@8.5-438: Leakes Rd@14.4	941	438	128	94	0	17	2	0.71	0.83		0.57	0.01	0.00	0.00		0.00	0.00	LOS_A	1	0.00	0.00
1	10800-14400	61			668	586	1	42	9	2.60	2.73	3.26	2.51	2.62	0.00	0.00	0.00	0.00	0.00	LOS_A	1	0.00	0.00
1	10800-14400	62-267: Ian Cowie Way EA@65.6-264: Leakes Rd@15.6	267	264	1	1	0	0	0	0.24	0.24				0.00	0.00				LOS_A	1	0.00	0.00
1	10800-14400	62-267: Ian Cowie Way EA@65.6-434: Leakes Rd@14.9	267	434	34	33	0	1	0	0.07	0.07		0.00		0.00	0.00		0.00		LOS_A	1	0.00	0.00
1	10800-14400	62-267: Ian Cowie Way EA@65.6-271596@27.9	267	271596	0	0	0	0	0											LOS_A		0.00	0.00
1	10800-14400	62-538: Leakes Rd@42.7-264: Leakes Rd@15.6	538	264	211	184	0	9	3	1.83	1.90		1.84	0.83	0.00	0.00		0.00	0.00	LOS_A	1	0.00	0.00
1	10800-14400	62-538: Leakes Rd@42.7-268: Ian Cowie Way@17.3	538	268	50	50	0	0	0	6.30	6.30				0.00	0.00				LOS_A	1	0.00	0.00
1	10800-14400	62-538: Leakes Rd@42.7-271596@27.9	538	271596	0	0	0	0	0											LOS_A		0.00	0.00
1	10800-14400	62-864: Leakes Rd@42.2-268: Ian Cowie Way@17.3	864	268	0	0	0	0	0											LOS_A		0.00	0.00
1	10800-14400	62-864: Leakes Rd@42.2-434: Leakes Rd@14.9	864	434	133	97	0	19	2	0.12	0.14		0.16	0.01	0.00	0.00		0.00	0.00	LOS_A	1	0.00	0.00
1	10800-14400	62-864: Leakes Rd@42.2-271596@27.9	864	271596	13	0	0	0	0	0.04					0.00					LOS_A	1	0.00	0.00
1	10800-14400	62-271595: Ian Cowie Way WA@105.8-264: Leakes Rd@15.6	271595	264	13	0	0	0	0	1.79					0.00					LOS_A	1	0.00	0.00
1	10800-14400	62-271595: Ian Cowie Way WA@105.8-268: Ian Cowie Way@17.3	271595	268	0	0	0	0	0											LOS_A		0.00	0.00
1	10800-14400	62-271595: Ian Cowie Way WA@105.8-434: Leakes Rd@14.9	271595	434	0	0	0	0	0											LOS_A		0.00	0.00
1	10800-14400	62			455	365	0	29	5	1.64	1.86		0.68	0.50	0.00	0.00		0.00	0.00	LOS_A	1	0.00	0.00
1	10800-14400	63-374: Westcott Pde EA@100.7-263: Leakes Rd@9.1	374	263	37	8	0	1	0	0.01	0.04		0.00		0.00	0.00		0.00		LOS_A	1	0.00	0.00
1	10800-14400	63-374: Westcott Pde EA@100.7-372: Leakes Rd@14.9	374	372	0	0	0	0	0											LOS_A		0.00	0.00
1	10800-14400	63-542: Leakes Rd@34.5-372: Leakes Rd@14.9	542	372	183	171	0	9	3	1.34	1.37		1.04	0.57	0.00	0.00		0.00	0.00	LOS_A	1	0.00	0.00
1	10800-14400	63-542: Leakes Rd@34.5-375: Westcott Pde@26.6	542	375	42	14	0	0	0	8.76	7.51				0.00	0.00				LOS_A	1	0.00	0.00
1	10800-14400	63-543: Leakes Rd@6.7-263: Leakes Rd@9.1	543	263	109	89	0	18	2	0.05	0.04		0.09	0.02	0.00	0.00		0.00	0.00	LOS_A	1	0.00	0.00
1	10800-14400	63-543: Leakes Rd@6.7-375: Westcott Pde@26.6	543	375	0	0	0	0	0											LOS_A		0.00	0.00
1	10800-14400	63			371	282	0	28	5	1.67	1.22		0.39	0.35	0.00	0.00		0.00	0.00	LOS_A	1	0.00	0.00
1	10800-14400	64-484: Western Hwy SA@157.6-78: Western Hwy@14.0	484	78	0	0	0	0	0											LOS_A		0.00	0.00
1	10800-14400	64-484: Western Hwy SA@157.6-324: Western Hwy@20.9	484	324	0	0	0	0	0											LOS_A		0.00	0.00
1	10800-14400	64-943: Western Hwy@38.1-78: Western Hwy@14.0	943	78	1629	1513	9	73	32	0.69	0.68	1.06	0.66	0.94	0.00	0.00	0.00	0.00	0.00	LOS_A	1	0.00	0.00
1	10800-14400	64-943: Western Hwy@38.1-324: Western Hwy@20.9	943	324	0	0	0	0	0											LOS_A		0.00	0.00
1	10800-14400	64-943: Western Hwy@38.1-483@8.4	943	483	0	0	0	0	0											LOS_A		0.00	0.00
1	10800-14400	64-1265: Western Hwy@45.2-78: Western Hwy@14.0	1265	78	0	0	0	0	0											LOS_A		0.00	0.00
1	10800-14400	64-1265: Western Hwy@45.2-324: Western Hwy@20.9	1265	324	1605	1425	17	118	43	0.63	0.62	0.67	0.71	0.68	0.00	0.00	0.00	0.00	0.00	LOS_A	1	0.00	0.00
1	10800-14400	64-1265: Western Hwy@45.2-483@8.4	1265	483	0	0	0	0	0											LOS_A		0.00	0.00
1	10800-14400	64			3234	2938	26	191	75	0.66	0.65	0.80	0.69	0.79	0.00	0.00	0.00	0.00	0.00	LOS_A	1	0.00	0.00
1	10800-14400	65-27: Troups Rd N@8.8-29: Western Hwy@8.5	27	29	154	141	1	12	0	0.39	0.37	1.18	0.67		0.00	0.00	0.00	0.00		LOS_A	1	0.00	0.00
1	10800-14400	65-27: Troups Rd N@8.8-31: Troups Rd N@5.3	27	31	48	45	0	3	0	0.35	0.34		0.57		0.00	0.00		0.00		LOS_A	1	0.00	0.00
1	10800-14400	65-30: Western Hwy WA@242.6-28: Troups Rd N@3.2	30	28	105	102	0	3	0	0.05	0.05		0.06		0.00	0.00		0.00		LOS_A	1	0.00	0.00
1	10800-14400	65-30: Western Hwy WA@242.6-31: Troups Rd N@5.3	30	31	0	0	0	0	0											LOS_A		0.00	0.00
1	10800-14400	65-32: Troups Rd N SA@98.1-28: Troups Rd N@3.2	32	28	0	0	0	0	0											LOS_A		0.00	0.00
1	10800-14400	65-32: Troups Rd N SA@98.1-29: Western Hwy@8.5	32	29	0	0	0	0	0											LOS_A		0.00	0.00
1	10800-14400	65			307	288	1	18	0	0.27	0.25	1.18	0.55		0.00	0.00	0.00	0.00		LOS_A	1	0.00	0.00
1	10800-14400	66-33: Neales Rd W WA@612.0-35: Neales Rd W@48.6	33	35	0	0	0	0	0											LOS_A		0.00	0.00
1	10800-14400	66-33: Neales Rd W WA@612.0-232: Hopkins Rd@6.4	33	232	210	201	0	7	2	6.61	6.54		8.80	6.07	0.77	0.77		1.11	0.00	LOS_A	1	0.00	0.00
1	10800-14400	66-33: Neales Rd W WA@612.0-910: Melton Hwy@16.5	33	910	3	3	0	0	0	0.37	0.37				0.00	0.00				LOS_A	1	0.00	0.00
1	10800-14400	66-622: Neales Rd W@45.9-34: Neales Rd W@23.0	622	34	0	0	0	0	0											LOS_A		0.00	0.00
1	10800-14400	66-622: Neales Rd W@45.9-232: Hopkins Rd@6.4	622	232	70	64	0	3	1	10.71	10.66		13.07	9.12	1.46	1.49		2.28	0.00	LOS_B	2	0.00	0.00
1	10800-14400	66-622: Neales Rd W@45.9-910: Melton Hwy@16.5	622	910	3	3	0	0	0	0.07	0.07				0.00	0.00				LOS_A	1	0.00	0.00
1	10800-14400	66-897: Hopkins Rd@12.7-34: Neales Rd W@23.0	897	34	63	46	0	11	6	2.73	2.67		3.01	2.67	0.00	0.00		0.00	0.00	LOS_A	1	0.00	0.00
1	10800-14400	66-897: Hopkins Rd@12.7-35: Neales Rd W@48.6	897	35	49	41	0	8	0	5.74	5.26		8.16		0.00	0.00		0.00		LOS_A	1	0.00	0.00
1	10800-14400	66-897: Hopkins Rd@12.7-910: Melton Hwy@16.5	897	910	317	267	2	33	4	2.83	2.32	3.18	3.66	3.15	0.00	0.00	0.00	0.00	0.00	LOS_A	1	0.00	0.00
1	10800-14400	66-908: Melton Hwy@9.5-34: Neales Rd W@23.0	908	34	0	0	0	0	0											LOS_A		8.86	85.67
1	10800-14400	66-908: Melton Hwy@9.5-35: Neales Rd W@48.6	908	35	1	1	0	0	0	11.56	11.56				0.00	0.00				LOS_B	2	8.86	85.67
1	10800-14400	66-908: Melton Hwy@9.5-232: Hopkins Rd@6.4	908	232	598	558	1	20	8	17.85	17.85	65.29	15.81	21.53	2.32	2.32	27.65	1.59	0.39	LOS_C	3	8.86	85.67
1	10800-14400	66			1314	1184	3	82	21	10.79	10.92	23.88	7.76	10.58	1.26	1.31	9.22	0.57	0.15	LOS_B	2	1.77	85.67
1	10800-14400	67-230: Hopkins Rd@28.1-37@43.8	230	37	393	379	0	10	4	20.52	20.32		31.86	10.74	1.30	1.27		2.98	0.00	LOS_C	3	4.20	166.08
1	10800-14400	67-230: Hopkins Rd@28.1-426: Hopkins Rd@4.3	230	426	485	444	1	20	7	10.30	10.07	38.47	10.45	9.95	0.59	0.50	15.08	1.02	0.00	LOS_B	2	4.20	166.08
1	10800-14400	67-427: Hopkins Rd@87.2-231: Hopkins Rd@8.3	427	231	395	323	2	49	10	2.48	2.37	3.44	3.12	2.60	0.00	0.00	0.00	0.00	0.00	LOS_A	1	0.00	0.00
1	10800-14400	67-946@14.4-231: Hopkins Rd@8.3	946	231	36	31	0	3	0	0.81	0.65		1.72		0.00	0.00		0.00		LOS_A	1	0.00	0.00
1	10800-14400	67-946@14.4-426: Hopkins Rd@4.3	946	426	46	43	0	2	1	0.48	0.43		1.15	1.41	0.00	0.00		0.00	0.00	LOS_A	1	0.00	0.00
1	10800-14400	67			1355	1220	3	84	22	10.40	10.64	15.12	8.19	6.36	0.59	0.57	5.03	0.60	0.00	LOS_B	2	1.40	166.08
1	10800-14400	69-290: Caroline Springs Blvd@7.8-60: Caroline Springs Blvd@15.2	290	60	0	0	0	0	0											LOS_A		0.00	0.00
1	10800-14400	69-290: Caroline Springs Blvd@7.8-291: Caroline Springs Blvd@13.9	290	291	377	324	1	34	3	0.89	0.64	0.00	0.98	0.60	0.00	0.00	0.00	0.00	0.00	LOS_A	1	0.00	0.00
1	10800-14400	69-290: Caroline Springs Blvd@7.8-293: Chisholm Dr@13.5	290	293	15	14	0	1	0	0.54	0.49		1.23		0.00	0.00		0.00		LOS_A	1	0.00	0.00
1	10800-14400	69-290: Caroline Springs Blvd@7.8-431: Springlake Ave@15.9	290	431	14	14	0	0	0	0.38	0.38				0.00	0.00				LOS_A	1	0.00	0.00
1	10800-14400	69-292: Caroline Springs Blvd NA@169.6-60: Caroline Springs Blvd@15.2	292	60	755	721	1	16	2	1.31	0.98	0.00	0.48	0.02	0.02	0.02	0.00	0.00	0.00	LOS_A	1	0.00	0.00
1	10800-14400	69-292: Caroline Springs Blvd NA@169.6-291: Caroline Springs Blvd@13.9	292	291	0	0	0	0	0											LOS_A		0.00	0.00
1	10800-14400	69-292: Caroline Springs Blvd NA@169.6-293: Chisholm Dr@13.5	292	293	0	0	0	0	0											LOS_A		0.00	0.00
1	10800-14400	69-292: Caroline Springs Blvd NA@169.6-431: Springlake Ave@15.9	292	431	0	0	0	0	0											LOS_A		0.00	0.00
1	10800-14400	69-294: Chisholm Dr EA@69.6-60: Caroline Springs Blvd@15.2	294	60	47	47	0	0	0	0.06	0.06				0.00	0.00				LOS_A	1	0.00	0.00
1	10800-14400	69-294: Chisholm Dr EA@69.6-291: Caroline Springs Blvd@13.9	294	291	0	0	0	0	0											LOS_A		0.00	0.00
1	10800-14400	69-294: Chisholm Dr EA@69.6-293: Chisholm Dr@13.5	294	293	0	0	0	0	0											LOS_A		0.00	0.00
1	10800-14400	69-294: Chisholm Dr EA@69.6-431: Springlake Ave@15.9	294	431	0	0	0	0	0											LOS_A		0.00	0.00
1	10800-14400	69-430: Springlake Ave WA@96.3-60: Caroline Springs Blvd@15.2	430	60	41	40	0	1	0	0.10	0.10		0.07		0.00	0.00		0.00		LOS_A	1	0.00	0.00
1	10800-14400	69-430: Springlake Ave WA@96.3-291: Caroline Springs Blvd@13.9	430	291	20	20	0	0	0	0.01	0.01				0.00	0.00				LOS_A	1	0.00	0.00
1	10800-14400	69-430: Springlake Ave WA@96.3-293: Chisholm Dr@13.5	430	293	0	0	0	0	0											LOS_A		0.00	0.00
1	10800-14400	69-430: Springlake Ave WA@96.3-431: Springlake Ave@15.9	430	431	0	0	0	0	0											LOS_A		0.00	0.00
1	10800-14400	69			1269	1180	2	52	5	1.06	0.79	0.00	0.81	0.37	0.01	0.01	0.00	0.00	0.00	LOS_A	1	0.00	0.00
1	10800-14400	70-352: Eucumbene Dr@292.6-111: Christies Rd@15.7	352	111	0	0	0	0	0											LOS_A		0.00	0.00
1	10800-14400	70-647: Christies Rd@1.5-111: Christies Rd@15.7	647	111	844	784	3	38	4	1.75	1.74	1.68	2.11	2.14	0.05	0.05	0.00	0.00	0.00	LOS_A	1	0.00	0.00
1	10800-14400	70-647: Christies Rd@1.5-353: Eucumbene Dr@18.2	647	353	49	49	0	0	0	7.57	7.57				1.46	1.46				LOS_A	1	0.00	0.00
1	10800-14400	70-647: Christies Rd@1.5-271551@28.2	647	271551	0	0	0	0	0											LOS_A		0.00	0.00
1	10800-14400	70-891: Christies Rd@8.5-287: Christies Rd@6.6	891	287	436	366	1	48	6	1.59	1.65	0.00	1.50	1.73	0.00	0.00	0.00	0.00	0.00	LOS_A	1	0.00	0.00
1	10800-14400	70-891: Christies Rd@8.5-353: Eucumbene Dr@18.2	891	353	7	7	0	0	0	3.51	3.51				0.00	0.00				LOS_A	1	0.00	0.00
1	10800-14400	70-891: Christies Rd@8.5-271549@21.0	891	271549	0	0	0	0	0											LOS_A		0.00	0.00
1	10800-14400	70-271550@4.0-287: Christies Rd@6.6	271550	287	0	0	0	0	0											LOS_A		0.00	0.00
1	10800-14400	70			1336	1206	4	86	10	1.92	1.96	1.26	1.77	1.90	0.08	0.09	0.00	0.00	0.00	LOS_A	1	0.00	0.00
1	10800-14400	71-111: Christies Rd@84.9-129@9.8	111	129	456	445	1	10	0	0.86	0.86	1.55	0.70		0.00	0.00	0.00	0.00		LOS_A	1	0.00	0.00
1	10800-14400	71-111: Christies Rd@84.9-282: Christies Rd@12.4	111	282	388	339	2	28	4	0.80	0.78	0.72	1.24	1.04	0.00	0.00	0.00	0.00	0.00	LOS_A	1	0.00	0.00
1	10800-14400	71-274: Christies Rd@5.8-112: Christies Rd@20.6	274	112	443	373	1	48	6	2.64	2.88	0.00	1.53	2.56	0.00	0.00	0.00	0.00	0.00	LOS_A	1	0.00	0.00
1	10800-14400	71-274: Christies Rd@5.8-129@9.8	274	129	69	37	2	30	0	7.37	6.98	9.01	7.76		0.00	0.00	0.00	0.00		LOS_A	1	0.00	0.00
1	10800-14400	71			1356	1194	6	116	10	1.76	1.66	3.50	3.00	1.95	0.00	0.00	0.00	0.00	0.00	LOS_A	1	0.00	0.00
1	10800-14400	72-126@294.6-280: Christies Rd@41.9	126	280	208	189	0	18	1	2.49	2.35		3.70	5.95	0.00	0.00		0.00	0.00	LOS_A	1	0.00	0.00
1	10800-14400	72-126@294.6-394: Christies Rd@15.7	126	394	85	46	2	29	8	2.07	1.42	4.37	2.32	4.29	0.00	0.00	0.00	0.00	0.00	LOS_A	1	0.00	0.00
1	10800-14400	72-126@294.6-626: Palm Springs Rd@75.1	126	626	81	64	3	7	7	2.37	1.68	7.73	4.46	4.26	0.00	0.00	0.00	0.00	0.00	LOS_A	1	0.00	0.00
1	10800-14400	72-279: Christies Rd@96.9-280: Christies Rd@41.9	279	280	0	0	0	0	0											LOS_A		0.00	0.00
1	10800-14400	72-279: Christies Rd@96.9-394: Christies Rd@15.7	279	394	259	222	1	19	2	0.89	0.94	0.00	0.84	1.49	0.00	0.00	0.00	0.00	0.00	LOS_A	1	0.00	0.00
1	10800-14400	72-279: Christies Rd@96.9-626: Palm Springs Rd@75.1	279	626	129	117	1	9	2	1.14	1.11	2.22	1.66	0.00	0.00	0.00	0.00	0.00	0.00	LOS_A	1	0.00	0.00
1	10800-14400	72-393: Christies Rd SA@348.6-280: Christies Rd@41.9	393	280	241	177	2	44	3	0.65	0.83	0.00	0.19	0.08	0.00	0.00	0.00	0.00	0.00	LOS_A	1	0.00	0.00
1	10800-14400	72-393: Christies Rd SA@348.6-394: Christies Rd@15.7	393	394	0	0	0	0	0											LOS_A		0.00	0.00
1	10800-14400	72-393: Christies Rd SA@348.6-626: Palm Springs Rd@75.1	393	626	26	26	0	0	0	0.54	0.54				0.00	0.00				LOS_A	1	0.00	0.00
1	10800-14400	72-625: Palm Springs Rd WA@88.9-280: Christies Rd@41.9	625	280	63	44	1	16	2	0.07	0.06	0.07	0.10	0.04	0.00	0.00	0.00	0.00	0.00	LOS_A	1	0.00	0.00
1	10800-14400	72-625: Palm Springs Rd WA@88.9-394: Christies Rd@15.7	625	394	8	5	0	1	2	0.25	0.36		0.00	0.10	0.00	0.00		0.00	0.00	LOS_A	1	0.00	0.00
1	10800-14400	72-625: Palm Springs Rd WA@88.9-626: Palm Springs Rd@75.1	625	626	0	0	0	0	0											LOS_A		0.00	0.00
1	10800-14400	72			1100	890	10	143	27	1.31	1.26	3.42	1.44	2.72	0.00	0.00	0.00	0.00	0.00	LOS_A	1	0.00	0.00
1	10800-14400	73-350: Delma Rd@97.2-464: Ballarat Rd  Western Hwy@8.8	350	464	21	21	0	0	0	0.05	0.05				0.00	0.00				LOS_A	1	0.00	0.00
1	10800-14400	73-663: Ballarat Rd  Western Hwy@46.8-351: Delma Rd@11.2	663	351	12	12	0	0	0	6.07	6.07				0.00	0.00				LOS_A	1	0.00	0.00
1	10800-14400	73-663: Ballarat Rd  Western Hwy@46.8-464: Ballarat Rd  Western Hwy@8.8	663	464	576	521	2	51	2	0.60	0.60	1.49	0.59	0.85	0.00	0.00	0.00	0.00	0.00	LOS_A	1	0.00	0.00
1	10800-14400	73			609	554	2	51	2	0.69	0.69	1.49	0.59	0.85	0.00	0.00	0.00	0.00	0.00	LOS_A	1	0.00	0.00
1	10800-14400	76-911: Grand Blvd WA@130.2-404: Hopkins Rd@29.7	911	404	7	7	0	0	0	0.36	0.36				0.00	0.00				LOS_A	1	0.00	0.00
1	10800-14400	76-911: Grand Blvd WA@130.2-408: Hopkins Rd@16.0	911	408	102	102	0	0	0	0.23	0.23				0.00	0.00				LOS_A	1	0.00	0.00
1	10800-14400	76-913: Hopkins Rd@4.0-408: Hopkins Rd@16.0	913	408	690	626	4	47	8	0.44	0.45	0.04	0.34	0.43	0.00	0.00	0.00	0.00	0.00	LOS_A	1	0.00	0.00
1	10800-14400	76-913: Hopkins Rd@4.0-912@27.4	913	912	20	19	0	1	0	3.41	3.33		4.93		0.00	0.00		0.00		LOS_A	1	0.00	0.00
1	10800-14400	76-948: Hopkins Rd@33.1-404: Hopkins Rd@29.7	948	404	434	386	2	34	7	0.94	1.00	0.18	0.53	0.30	0.00	0.00	0.00	0.00	0.00	LOS_A	1	0.00	0.00
1	10800-14400	76-948: Hopkins Rd@33.1-912@27.4	948	912	34	33	0	0	1	8.35	8.38			7.23	0.00	0.00			0.00	LOS_A	1	0.00	0.00
1	10800-14400	76			1287	1173	6	82	16	0.85	0.88	0.09	0.48	0.80	0.00	0.00	0.00	0.00	0.00	LOS_A	1	0.00	0.00
1	10800-14400	77-208: Western Fwy@25.5-84: Western Fwy@15.9	208	84	1120	1050	8	34	28	2.99	3.05	1.29	2.58	1.64	0.00	0.00	0.00	0.00	0.00	LOS_A	1	0.00	0.00
1	10800-14400	77-208: Western Fwy@25.5-180@16.3	208	180	386	366	0	18	2	8.52	8.54		8.13	8.61	0.00	0.00		0.00	0.00	LOS_A	1	0.00	0.00
1	10800-14400	77			1506	1416	8	52	30	4.41	4.47	1.29	4.50	2.10	0.00	0.00	0.00	0.00	0.00	LOS_A	1	0.00	0.00
1	10800-14400	78-84: Western Fwy@896.5-203: Western Fwy@19.3	84	203	1121	1051	8	34	28	0.47	0.48	0.64	0.32	0.42	0.00	0.00	0.00	0.00	0.00	LOS_A	1	0.00	0.00
1	10800-14400	78-529@58.8-203: Western Fwy@19.3	529	203	410	368	1	35	4	0.80	0.77	4.11	0.93	1.39	0.00	0.00	0.00	0.00	0.00	LOS_A	1	0.00	0.00
1	10800-14400	78			1531	1419	9	69	32	0.56	0.56	1.03	0.63	0.54	0.00	0.00	0.00	0.00	0.00	LOS_A	1	0.00	0.00
1	10800-14400	79-184: Western Fwy@928.7-205: Western Fwy@68.7	184	205	1113	1002	14	62	35	0.96	0.89	2.05	1.30	1.92	0.00	0.00	0.00	0.00	0.00	LOS_A	1	0.00	0.00
1	10800-14400	79-333@86.1-205: Western Fwy@68.7	333	205	190	174	0	16	0	1.42	1.37		1.86		0.00	0.00		0.00		LOS_A	1	0.00	0.00
1	10800-14400	79			1303	1176	14	78	35	1.02	0.96	2.05	1.42	1.92	0.00	0.00	0.00	0.00	0.00	LOS_A	1	0.00	0.00
1	10800-14400	80-424: Western Fwy@14.2-184: Western Fwy@85.3	424	184	1113	1002	14	62	35	2.49	2.47	2.33	2.88	2.48	0.00	0.00	0.00	0.00	0.00	LOS_A	1	0.00	0.00
1	10800-14400	80-424: Western Fwy@14.2-337@9.9	424	337	435	393	2	33	5	7.69	7.44	11.78	9.84	9.99	0.00	0.00	0.00	0.00	0.00	LOS_A	1	0.00	0.00
1	10800-14400	80			1548	1395	16	95	40	3.95	3.87	3.51	5.30	3.42	0.00	0.00	0.00	0.00	0.00	LOS_A	1	0.00	0.00
1	10800-14400	81-532: Western Hwy@54.0-334: Western Hwy@32.2	532	334	1416	1304	9	69	32	1.05	1.09	0.47	0.71	0.60	0.00	0.00	0.00	0.00	0.00	LOS_A	1	0.00	0.00
1	10800-14400	81-532: Western Hwy@54.0-481@38.6	532	481	115	115	0	0	0	5.61	5.61				0.00	0.00				LOS_A	1	0.00	0.00
1	10800-14400	81			1531	1419	9	69	32	1.40	1.46	0.47	0.71	0.60	0.00	0.00	0.00	0.00	0.00	LOS_A	1	0.00	0.00
1	10800-14400	82-334: Western Hwy@654.9-72: Western Hwy@13.0	334	72	1416	1304	9	69	32	0.89	0.91	0.63	0.58	0.65	0.00	0.00	0.00	0.00	0.00	LOS_A	1	0.00	0.00
1	10800-14400	82-482@267.1-72: Western Hwy@13.0	482	72	90	90	0	0	0	0.08	0.08				0.00	0.00				LOS_A	1	0.00	0.00
1	10800-14400	82			1506	1394	9	69	32	0.84	0.86	0.63	0.58	0.65	0.00	0.00	0.00	0.00	0.00	LOS_A	1	0.00	0.00
1	10800-14400	83-313: Western Hwy@39.7-103: Western Hwy@23.4	313	103	1343	1244	9	60	28	1.31	1.34	0.80	1.04	1.14	0.00	0.00	0.00	0.00	0.00	LOS_A	1	0.00	0.00
1	10800-14400	83-313: Western Hwy@39.7-174@14.4	313	174	164	151	0	9	4	5.28	5.17		6.64	6.36	0.00	0.00		0.00	0.00	LOS_A	1	0.00	0.00
1	10800-14400	83			1507	1395	9	69	32	1.75	1.75	0.80	1.77	1.80	0.00	0.00	0.00	0.00	0.00	LOS_A	1	0.00	0.00
1	10800-14400	84-161@132.7-99: Western Hwy@10.0	161	99	234	220	0	11	3	1.01	0.96		1.52	2.25	0.00	0.00		0.00	0.00	LOS_A	1	0.00	0.00
1	10800-14400	84-187: Western Hwy@838.0-99: Western Hwy@10.0	187	99	1522	1353	16	109	42	1.52	1.50	1.16	1.71	1.67	0.00	0.00	0.00	0.00	0.00	LOS_A	1	0.00	9.42
1	10800-14400	84			1756	1573	16	120	45	1.45	1.43	1.16	1.70	1.71	0.00	0.00	0.00	0.00	0.00	LOS_A	1	0.00	9.42
1	10800-14400	85-103: Western Hwy@829.6-89: Western Hwy@49.7	103	89	1343	1244	9	60	28	1.22	1.25	0.97	0.91	0.89	0.00	0.00	0.00	0.00	0.00	LOS_A	1	0.00	0.00
1	10800-14400	85-175@113.1-89: Western Hwy@49.7	175	89	288	271	0	13	4	0.65	0.65		0.68	0.97	0.00	0.00		0.00	0.00	LOS_A	1	0.00	0.00
1	10800-14400	85			1631	1515	9	73	32	1.12	1.14	0.97	0.87	0.90	0.00	0.00	0.00	0.00	0.00	LOS_A	1	0.00	0.00
1	10800-14400	86-323: Western Hwy@20.0-159@12.1	323	159	84	73	1	9	1	4.01	3.77	5.38	5.69	4.87	0.00	0.00	0.00	0.00	0.00	LOS_A	1	0.00	0.00
1	10800-14400	86-323: Western Hwy@20.0-187: Western Hwy@33.1	323	187	1521	1352	16	109	42	1.65	1.69	1.07	1.40	1.26	0.00	0.00	0.00	0.00	0.00	LOS_A	1	0.00	0.00
1	10800-14400	86			1605	1425	17	118	43	1.77	1.79	1.32	1.73	1.34	0.00	0.00	0.00	0.00	0.00	LOS_A	1	0.00	0.00
1	10800-14400	87-343: Western Hwy@756.9-154: Western Hwy@6.1	343	154	1647	1454	18	130	43	1.28	1.30	0.94	1.14	1.28	0.00	0.00	0.00	0.00	0.00	LOS_A	1	0.00	0.00
1	10800-14400	87-480@343.6-154: Western Hwy@6.1	480	154	55	55	0	0	0	0.04	0.04				0.00	0.00				LOS_A	1	0.00	0.00
1	10800-14400	87			1702	1509	18	130	43	1.24	1.25	0.94	1.14	1.28	0.00	0.00	0.00	0.00	0.00	LOS_A	1	0.00	0.00
1	10800-14400	88-955: Western Fwy@13.7-343: Western Hwy@21.2	955	343	1647	1454	18	130	43	1.30	1.27	1.34	1.51	1.61	0.00	0.00	0.00	0.00	0.00	LOS_A	1	0.00	0.00
1	10800-14400	88-955: Western Fwy@13.7-479@7.3	955	479	0	0	0	0	0											LOS_A		0.00	0.00
1	10800-14400	88			1647	1454	18	130	43	1.30	1.27	1.34	1.51	1.61	0.00	0.00	0.00	0.00	0.00	LOS_A	1	0.00	0.00
1	10800-14400	89-228: Western Fwy@25.8-108@38.1	228	108	82	74	0	5	1	7.87	7.77		9.02	7.86	0.01	0.01		0.00	0.00	LOS_A	1	3.86	178.96
1	10800-14400	89-228: Western Fwy@25.8-194: Western Fwy@23.2	228	194	1543	1435	9	68	31	7.86	7.92	3.37	6.87	8.79	0.09	0.09	0.00	0.09	0.04	LOS_A	1	3.86	178.96
1	10800-14400	89			1625	1509	9	73	32	7.87	7.91	3.37	7.01	8.76	0.08	0.09	0.00	0.09	0.04	LOS_A	1	3.86	178.96
1	10800-14400	90-104@749.4-417: Western Fwy@11.1	104	417	250	225	1	17	5	0.51	0.51	0.21	0.49	0.50	0.00	0.00	0.00	0.00	0.00	LOS_A	1	0.00	0.00
1	10800-14400	90-196: Western Fwy@1281.0-417: Western Fwy@11.1	196	417	1397	1229	17	113	38	0.85	0.84	1.02	0.85	1.02	0.00	0.00	0.00	0.00	0.00	LOS_A	1	0.00	0.00
1	10800-14400	90			1647	1454	18	130	43	0.80	0.79	0.97	0.80	0.96	0.00	0.00	0.00	0.00	0.00	LOS_A	1	0.00	0.00
1	10800-14400	91-260: Hopkins Rd@38.0-419@15.1	260	419	457	422	2	31	2	21.16	20.96	40.51	22.04	31.99	3.24	3.26	2.98	2.97	3.14	LOS_C	3	113.26	512.11
1	10800-14400	91-260: Hopkins Rd@38.0-427: Hopkins Rd@14.4	260	427	395	323	2	49	10	10.23	10.13	6.29	12.51	9.81	1.81	1.84	0.00	2.19	1.46	LOS_B	2	113.26	512.11
1	10800-14400	91-426: Hopkins Rd@77.5-43: Hopkins Rd@14.4	426	43	531	487	1	22	8	1.70	1.72	2.43	1.79	1.96	0.00	0.00	0.00	0.00	0.00	LOS_A	1	0.00	0.00
1	10800-14400	91			1383	1232	5	102	20	10.57	10.51	19.21	13.09	8.89	1.59	1.60	1.19	1.95	1.05	LOS_B	2	56.63	512.11
1	10800-14400	92-107@313.1-8: Western Fwy@5.3	107	8	850	801	2	41	6	17.39	17.30	12.09	19.17	18.44	1.54	1.54	0.00	1.43	2.63	LOS_C	3	168.53	522.63
1	10800-14400	92-194: Western Fwy@609.6-8: Western Fwy@5.3	194	8	1543	1435	9	68	31	17.52	17.19	17.20	19.63	28.03	1.34	1.30	0.74	1.48	2.97	LOS_C	3	154.90	514.32
1	10800-14400	92			2393	2236	11	109	37	17.47	17.23	16.27	19.46	26.48	1.41	1.39	0.61	1.46	2.91	LOS_C	3	161.71	522.63
1	10800-14400	93-224: Western Fwy@24.6-149@12.9	224	149	280	217	1	53	9	6.16	5.80	8.84	7.37	7.33	0.00	0.00	0.00	0.00	0.00	LOS_A	1	0.00	0.00
1	10800-14400	93-224: Western Fwy@24.6-196: Western Fwy@9.8	224	196	1397	1229	17	113	38	2.53	2.57	2.29	2.15	2.45	0.00	0.00	0.00	0.00	0.00	LOS_A	1	0.00	0.00
1	10800-14400	93			1677	1446	18	166	47	3.14	3.06	2.65	3.81	3.38	0.00	0.00	0.00	0.00	0.00	LOS_A	1	0.00	0.00
1	10800-14400	94-949: Western Fwy@23.3-136@6.8	949	136	506	482	0	22	2	0.58	0.60		0.35	0.50	0.00	0.00		0.00	0.00	LOS_A	1	0.00	0.00
1	10800-14400	94-949: Western Fwy@23.3-389: Western Fwy  Deer Park Byp@4.2	949	389	1884	1751	11	87	35	1.34	1.37	0.64	1.00	0.67	0.00	0.00	0.00	0.00	0.00	LOS_A	1	0.00	0.00
1	10800-14400	94			2390	2233	11	109	37	1.18	1.21	0.64	0.87	0.66	0.00	0.00	0.00	0.00	0.00	LOS_A	1	0.00	0.00
1	10800-14400	95-952: Western Hwy@80.5-1039: Western Fwy@10.4	952	1039	479	445	0	32	2	3.57	3.56		3.44	8.86	0.02	0.02		0.00	0.00	LOS_A	1	0.00	0.00
1	10800-14400	95-1038: Western Fwy  Deer Park Byp@73.0-1039: Western Fwy@10.4	1038	1039	1198	1001	18	134	45	6.06	6.22	2.63	5.28	6.35	0.00	0.00	0.00	0.00	0.00	LOS_A	1	0.01	11.27
1	10800-14400	95			1677	1446	18	166	47	5.35	5.40	2.63	4.92	6.45	0.01	0.01	0.00	0.00	0.00	LOS_A	1	0.00	11.27
1	10800-14400	96-125@88.9-147: Western Fwy  Deer Park Byp@16.2	125	147	525	482	3	40	0	4.92	4.89	5.87	5.14		0.02	0.02	0.00	0.00		LOS_A	1	0.00	0.00
1	10800-14400	96-389: Western Fwy  Deer Park Byp@1708.1-147: Western Fwy  Deer Park Byp@16.2	389	147	1880	1747	11	87	35	13.53	13.52	5.24	14.55	13.78	1.11	1.14	0.00	0.90	0.63	LOS_B	2	35.67	452.72
1	10800-14400	96			2405	2229	14	127	35	11.65	11.66	5.37	11.58	13.78	0.87	0.90	0.00	0.62	0.63	LOS_B	2	17.84	452.72
1	10800-14400	97-240: Western Fwy  Deer Park Byp@38.1-126@16.7	240	126	374	299	5	54	16	4.99	4.65	6.92	6.11	6.99	0.00	0.00	0.00	0.00	0.00	LOS_A	1	0.00	5.18
1	10800-14400	97-240: Western Fwy  Deer Park Byp@38.1-189: Western Fwy  Deer Park Byp@17.7	240	189	1198	1001	18	134	45	2.79	2.84	0.84	2.83	2.39	0.00	0.00	0.00	0.00	0.00	LOS_A	1	0.00	5.18
1	10800-14400	97			1572	1300	23	188	61	3.32	3.26	2.16	3.77	3.60	0.00	0.00	0.00	0.00	0.00	LOS_A	1	0.00	5.18
1	10800-14400	98-91: Ballarat Rd  Western Hwy@67.3-362: Ballarat Rd  Western Hwy@13.4	91	362	605	569	0	33	3	0.63	0.60		0.97	2.60	0.00	0.00		0.00	0.00	LOS_A	1	0.00	0.00
1	10800-14400	98-92: Ballarat Rd  Western Hwy@8.7-362: Ballarat Rd  Western Hwy@13.4	92	362	0	0	0	0	0											LOS_A		0.00	0.00
1	10800-14400	98			605	569	0	33	3	0.63	0.60		0.97	2.60	0.00	0.00		0.00	0.00	LOS_A	1	0.00	0.00
1	10800-14400	99-209: Ballarat Rd  Western Hwy@46.4-1: Ballarat Rd  Western Hwy@6.6	209	1	605	569	0	33	3	0.32	0.31		0.45	1.15	0.00	0.00		0.00	0.00	LOS_A	1	0.00	0.00
1	10800-14400	99-209: Ballarat Rd  Western Hwy@46.4-2: Ballarat Rd  Western Hwy@6.5	209	2	0	0	0	0	0											LOS_A		0.00	0.00
1	10800-14400	99			605	569	0	33	3	0.32	0.31		0.45	1.15	0.00	0.00		0.00	0.00	LOS_A	1	0.00	0.00
1	10800-14400	100-1141@18.3-1143@28.5	1141	1143	0	0	0	0	0											LOS_A		0.00	0.00
1	10800-14400	100-1141@18.3-1147@16.5	1141	1147	77	75	0	2	0	0.58	0.60		0.00		0.00	0.00		0.00		LOS_A	1	0.00	0.00
1	10800-14400	100-1141@18.3-1152@26.0	1141	1152	80	74	0	5	1	0.35	0.37		0.03	0.00	0.00	0.00		0.00	0.00	LOS_A	1	0.00	0.00
1	10800-14400	100-1141@18.3-1158@25.0	1141	1158	155	151	0	4	0	0.48	0.49		0.00		0.00	0.00		0.00		LOS_A	1	0.00	0.00
1	10800-14400	100-1146: High Street WA@382.0-1143@28.5	1146	1143	72	72	0	0	0	0.14	0.14				0.00	0.00				LOS_A	1	0.00	0.00
1	10800-14400	100-1146: High Street WA@382.0-1147@16.5	1146	1147	0	0	0	0	0											LOS_A		0.00	0.00
1	10800-14400	100-1146: High Street WA@382.0-1152@26.0	1146	1152	63	58	0	5	0	0.16	0.17		0.01		0.00	0.00		0.00		LOS_A	1	0.00	0.00
1	10800-14400	100-1146: High Street WA@382.0-1158@25.0	1146	1158	1	0	0	1	0	0.00			0.00		0.00			0.00		LOS_A	1	0.00	0.00
1	10800-14400	100-1159: Bulmans Rd NA@120.5-1143@28.5	1159	1143	168	165	0	3	0	0.08	0.08		0.13		0.00	0.00		0.00		LOS_A	1	0.00	0.00
1	10800-14400	100-1159: Bulmans Rd NA@120.5-1147@16.5	1159	1147	80	75	0	5	0	0.06	0.06		0.00		0.00	0.00		0.00		LOS_A	1	0.00	0.00
1	10800-14400	100-1159: Bulmans Rd NA@120.5-1152@26.0	1159	1152	60	60	0	0	0	0.08	0.08				0.00	0.00				LOS_A	1	0.00	0.00
1	10800-14400	100-1159: Bulmans Rd NA@120.5-1158@25.0	1159	1158	0	0	0	0	0											LOS_A		0.00	0.00
1	10800-14400	100-1234@184.1-1143@28.5	1234	1143	95	87	0	8	0	0.63	0.64		0.46		0.00	0.00		0.00		LOS_A	1	0.00	0.00
1	10800-14400	100-1234@184.1-1147@16.5	1234	1147	181	175	0	6	0	0.86	0.87		0.57		0.00	0.00		0.00		LOS_A	1	0.00	0.00
1	10800-14400	100-1234@184.1-1152@26.0	1234	1152	0	0	0	0	0											LOS_A		0.00	0.00
1	10800-14400	100-1234@184.1-1158@25.0	1234	1158	67	66	0	0	1	0.69	0.70			0.00	0.00	0.00			0.00	LOS_A	1	0.00	0.00
1	10800-14400	100			1099	1058	0	39	2	0.41	0.42		0.20	0.00	0.00	0.00		0.00	0.00	LOS_A	1	0.00	0.00
1	10800-14400	101-1144@12.5-1140@37.3	1144	1140	0	0	0	0	0											LOS_A		0.00	0.00
1	10800-14400	101-1144@12.5-1168@28.2	1144	1168	11	11	0	0	0	0.28	0.28				0.00	0.00				LOS_A	1	0.00	0.00
1	10800-14400	101-1144@12.5-1170@29.6	1144	1170	203	200	0	3	0	0.42	0.42		0.28		0.00	0.00		0.00		LOS_A	1	0.00	0.00
1	10800-14400	101-1144@12.5-1171@32.9	1144	1171	121	113	0	8	0	0.37	0.38		0.21		0.00	0.00		0.00		LOS_A	1	0.00	0.00
1	10800-14400	101-1167: Botanica Spring Blvd WA@141.4-1140@37.3	1167	1140	4	3	0	1	0	0.00	0.00		0.00		0.00	0.00		0.00		LOS_A	1	0.00	0.00
1	10800-14400	101-1167: Botanica Spring Blvd WA@141.4-1168@28.2	1167	1168	0	0	0	0	0											LOS_A		0.00	0.00
1	10800-14400	101-1167: Botanica Spring Blvd WA@141.4-1170@29.6	1167	1170	28	28	0	0	0	0.02	0.02				0.00	0.00				LOS_A	1	0.00	0.00
1	10800-14400	101-1167: Botanica Spring Blvd WA@141.4-1171@32.9	1167	1171	32	30	0	2	0	0.05	0.05		0.00		0.00	0.00		0.00		LOS_A	1	0.00	0.00
1	10800-14400	101-1169: Clarkes Rd SA@143.9-1140@37.3	1169	1140	148	145	0	3	0	0.07	0.07		0.00		0.00	0.00		0.00		LOS_A	1	0.00	0.00
1	10800-14400	101-1169: Clarkes Rd SA@143.9-1168@28.2	1169	1168	12	12	0	0	0	0.05	0.05				0.00	0.00				LOS_A	1	0.00	0.00
1	10800-14400	101-1169: Clarkes Rd SA@143.9-1170@29.6	1169	1170	0	0	0	0	0											LOS_A		0.00	0.00
1	10800-14400	101-1169: Clarkes Rd SA@143.9-1171@32.9	1169	1171	33	33	0	0	0	0.07	0.07				0.00	0.00				LOS_A	1	0.00	0.00
1	10800-14400	101-1172: Botanica Spring Blvd EA@137.6-1140@37.3	1172	1140	160	152	0	7	1	0.17	0.18		0.01	0.00	0.00	0.00		0.00	0.00	LOS_A	1	0.00	0.00
1	10800-14400	101-1172: Botanica Spring Blvd EA@137.6-1168@28.2	1172	1168	20	20	0	0	0	0.04	0.04				0.00	0.00				LOS_A	1	0.00	0.00
1	10800-14400	101-1172: Botanica Spring Blvd EA@137.6-1170@29.6	1172	1170	23	23	0	0	0	0.06	0.06				0.00	0.00				LOS_A	1	0.00	0.00
1	10800-14400	101-1172: Botanica Spring Blvd EA@137.6-1171@32.9	1172	1171	0	0	0	0	0											LOS_A		0.00	0.00
1	10800-14400	101			795	770	0	24	1	0.22	0.23		0.11	0.00	0.00	0.00		0.00	0.00	LOS_A	1	0.00	0.00
1	10800-14400	102-1150@427.1-1155@20.3	1150	1155	24	23	0	0	1	0.12	0.12			0.00	0.00	0.00			0.00	LOS_A	1	0.00	0.00
1	10800-14400	102-1150@427.1-1156@9.2	1150	1156	151	144	0	6	1	0.24	0.25		0.07	0.00	0.00	0.00		0.00	0.00	LOS_A	1	0.00	0.00
1	10800-14400	102-1154@88.9-1153@11.3	1154	1153	126	122	0	4	0	0.98	1.01		0.04		0.00	0.00		0.00		LOS_A	1	0.00	0.00
1	10800-14400	102-1154@88.9-1155@20.3	1154	1155	59	53	0	5	1	4.21	4.04		5.48	6.40	0.00	0.00		0.00	0.00	LOS_A	1	0.00	0.00
1	10800-14400	102-1157: Harkness Rd NA@97.7-1153@11.3	1157	1153	57	57	0	0	0	0.03	0.03				0.00	0.00				LOS_A	1	0.00	0.00
1	10800-14400	102-1157: Harkness Rd NA@97.7-1156@9.2	1157	1156	112	107	0	5	0	0.01	0.02		0.01		0.00	0.00		0.00		LOS_A	1	0.00	0.00
1	10800-14400	102			529	506	0	20	3	0.78	0.75		1.40	2.13	0.00	0.00		0.00	0.00	LOS_A	1	0.00	0.00
1	10800-14400	103			0	0	0	0	0											LOS_A			
1	10800-14400	104			0	0	0	0	0											LOS_A			
1	10800-14400	105			0	0	0	0	0											LOS_A			
1	10800-14400	106			0	0	0	0	0											LOS_A			
1	10800-14400	107			0	0	0	0	0											LOS_A			
1	10800-14400	108			0	0	0	0	0											LOS_A			
1	10800-14400	109			0	0	0	0	0											LOS_A			
1	10800-14400	113			0	0	0	0	0											LOS_A			
1	10800-14400	114-1081: Coburns Rd SA@150.5-1125@21.0	1081	1125	230	207	1	2	4	1.70	0.64	0.00	0.00	0.61	0.00	0.00	0.00	0.00	0.00	LOS_A	1	0.00	0.00
1	10800-14400	114-1081: Coburns Rd SA@150.5-1128@12.2	1081	1128	189	178	0	11	0	5.21	5.10		6.95		0.01	0.01		0.00		LOS_A	1	0.00	0.00
1	10800-14400	114-1129@3.3-1130@26.0	1129	1130	288	263	6	11	8	7.15	6.89	11.53	8.88	9.90	0.00	0.00	0.00	0.00	0.00	LOS_A	1	0.00	0.00
1	10800-14400	114-1132@5.3-1125@21.0	1132	1125	122	116	0	5	1	0.46	0.43		1.04	1.67	0.00	0.00		0.00	0.00	LOS_A	1	0.00	0.00
1	10800-14400	114-1240: Western Fwy@6.0-1128@12.2	1240	1128	69	68	0	1	0	1.26	1.25		2.11		0.00	0.00		0.00		LOS_A	1	0.00	0.00
1	10800-14400	114-1240: Western Fwy@6.0-1130@26.0	1240	1130	133	117	0	0	0	0.30	0.25				0.00	0.00				LOS_A	1	0.00	0.00
1	10800-14400	114			1031	949	7	30	13	3.51	3.18	9.89	6.05	6.41	0.00	0.00	0.00	0.00	0.00	LOS_A	1	0.00	0.00
1	10800-14400	115-1092: Western Fwy@41.4-1091@18.2	1092	1091	387	373	0	14	0	5.19	5.18		5.47		0.06	0.06		0.00		LOS_A	1	0.25	43.78
1	10800-14400	115-1092: Western Fwy@41.4-1093: Western Fwy@20.0	1092	1093	1136	1061	7	46	22	3.89	3.88	2.91	3.99	4.48	0.01	0.01	0.00	0.03	0.00	LOS_A	1	0.25	43.78
1	10800-14400	115			1523	1434	7	60	22	4.22	4.22	2.91	4.34	4.48	0.02	0.02	0.00	0.02	0.00	LOS_A	1	0.25	43.78
1	10800-14400	116-1134: Western Fwy@853.1-1137: Western Fwy@29.6	1134	1137	894	798	8	62	26	0.43	0.40	0.66	0.62	0.97	0.00	0.00	0.00	0.00	0.00	LOS_A	1	0.00	0.00
1	10800-14400	116-1139@39.2-1137: Western Fwy@29.6	1139	1137	258	246	0	12	0	1.00	0.96		1.88		0.00	0.00		0.00		LOS_A	1	0.00	0.00
1	10800-14400	116			1152	1044	8	74	26	0.56	0.53	0.66	0.83	0.97	0.00	0.00	0.00	0.00	0.00	LOS_A	1	0.00	0.00
1	10800-14400	117-1093: Western Fwy@887.1-1118: Western Fwy@20.0	1093	1118	1137	1062	7	46	22	1.42	1.46	0.60	0.96	0.79	0.00	0.00	0.00	0.00	0.00	LOS_A	1	0.09	29.73
1	10800-14400	117-1117@115.1-1118: Western Fwy@20.0	1117	1118	373	358	1	6	8	0.98	0.96	1.66	1.54	1.33	0.00	0.00	0.00	0.00	0.00	LOS_A	1	0.00	0.00
1	10800-14400	117			1510	1420	8	52	30	1.32	1.34	0.74	1.03	0.93	0.00	0.00	0.00	0.00	0.00	LOS_A	1	0.04	29.73
1	10800-14400	118-1135: Western Fwy@35.7-1134: Western Fwy@6.5	1135	1134	894	798	8	62	26	1.60	1.62	1.14	1.37	1.64	0.00	0.00	0.00	0.00	0.00	LOS_A	1	0.00	0.00
1	10800-14400	118-1135: Western Fwy@35.7-1136: Western Fwy@4.3	1135	1136	410	379	6	16	9	4.55	4.42	6.56	5.78	6.35	0.00	0.00	0.00	0.00	0.00	LOS_A	1	0.00	0.00
1	10800-14400	118			1304	1177	14	78	35	2.53	2.52	3.46	2.28	2.85	0.00	0.00	0.00	0.00	0.00	LOS_A	1	0.00	0.00
1	10800-14400	119-1090@228.7-1098@20.0	1090	1098	70	70	0	0	0	0.86	0.86				0.00	0.00				LOS_A	1	0.00	0.00
1	10800-14400	119-1090@228.7-1100@8.0	1090	1100	317	303	0	14	0	4.64	4.52		7.14		0.00	0.00		0.00		LOS_A	1	0.00	0.00
1	10800-14400	119-1114@10.9-1098@20.0	1114	1098	132	115	0	1	0	0.53	0.60		0.55		0.00	0.00		0.00		LOS_A	1	0.00	0.00
1	10800-14400	119-1114@10.9-1116@15.9	1114	1116	203	195	0	4	4	3.82	3.78		4.59	4.92	0.00	0.00		0.00	0.00	LOS_A	1	0.00	0.00
1	10800-14400	119-1237@6.9-1100@8.0	1237	1100	182	160	0	5	1	2.25	2.42		1.55	1.66	0.00	0.00		0.00	0.00	LOS_A	1	0.00	0.00
1	10800-14400	119-1237@6.9-1116@15.9	1237	1116	170	163	1	2	4	5.38	5.30	8.22	6.75	7.41	0.00	0.00	0.00	0.00	0.00	LOS_A	1	0.00	0.00
1	10800-14400	119			1074	1006	1	26	9	3.44	3.47	8.22	5.39	5.66	0.00	0.00	0.00	0.00	0.00	LOS_A	1	0.00	0.00
1	10800-14400	120-1100@12.7-1099@27.3	1100	1099	284	257	0	10	1	1.47	1.35		1.38	0.78	0.00	0.00		0.00	0.00	LOS_A	1	0.00	0.00
1	10800-14400	120-1100@12.7-1103@19.5	1100	1103	84	82	0	2	0	3.95	3.90		6.11		0.13	0.13		0.00		LOS_A	1	0.05	8.94
1	10800-14400	120-1100@12.7-1107@21.1	1100	1107	131	124	0	7	0	1.92	1.90		2.32		0.00	0.00		0.00		LOS_A	1	0.00	0.00
1	10800-14400	120-1106@32.8-1099@27.3	1106	1099	0	0	0	0	0											LOS_A		0.00	0.00
1	10800-14400	120-1106@32.8-1103@19.5	1106	1103	0	0	0	0	0											LOS_A		0.00	0.00
1	10800-14400	120-1106@32.8-1112@5.6	1106	1112	169	165	0	3	1	1.29	1.25		2.80	3.00	0.00	0.00		0.00	0.00	LOS_A	1	0.00	0.00
1	10800-14400	120-1184@12.8-1184@46.5	1184	1184	1	1	0	0	0	0.00	0.00				0.00	0.00				LOS_A	1	0.00	0.00
1	10800-14400	120-1186@9.2-1186@61.3	1186	1186	0	0	0	0	0											LOS_A		0.00	0.00
1	10800-14400	120-1189@5.6-1189@50.7	1189	1189	1	0	0	0	0	0.00					0.00					LOS_A	1	0.00	0.00
1	10800-14400	120-1190@11.3-1190@56.8	1190	1190	2	0	0	0	0	0.00					0.00					LOS_A	1	0.03	15.40
1	10800-14400	120-1191@12.4-1191@46.2	1191	1191	2	2	0	0	0	0.00	0.00				0.00	0.00				LOS_A	1	0.00	0.00
1	10800-14400	120-1192@6.0-1192@58.2	1192	1192	0	0	0	0	0											LOS_A		0.00	0.00
1	10800-14400	120-1193@13.6-1193@42.6	1193	1193	0	0	0	0	0											LOS_A		0.00	0.00
1	10800-14400	120-1194@0.7-1194@34.7	1194	1194	0	0	0	0	0											LOS_A		0.00	0.00
1	10800-14400	120-1236@14.1-1103@19.5	1236	1103	0	0	0	0	0											LOS_A		0.00	0.00
1	10800-14400	120-1236@14.1-1107@21.1	1236	1107	6	2	0	4	0	5.37	4.23		5.94		0.00	0.00		0.00		LOS_A	1	0.00	0.00
1	10800-14400	120-1236@14.1-1112@5.6	1236	1112	166	145	0	2	3	1.23	1.31		2.12	3.66	0.00	0.00		0.00	0.00	LOS_A	1	0.00	0.00
1	10800-14400	120-1239@4.2-1099@27.3	1239	1099	3	3	0	0	0	0.00	0.00				0.00	0.00				LOS_A	1	0.00	0.00
1	10800-14400	120-1239@4.2-1107@21.1	1239	1107	0	0	0	0	0											LOS_A		0.00	0.00
1	10800-14400	120-1239@4.2-11576@36.8	1239	11576	0	0	0	0	0											LOS_A		0.00	0.00
1	10800-14400	120			849	781	0	28	5	1.72	1.67		2.81	2.95	0.01	0.01		0.00	0.00	LOS_A	1	0.01	15.40
1	10800-14400	121			0	0	0	0	0											LOS_A			
1	10800-14400	122			0	0	0	0	0											LOS_A			
1	10800-14400	123			0	0	0	0	0											LOS_A			
1	10800-14400	124-1123: Kamil St EA@88.6-1122@4.7	1123	1122	11	11	0	0	0	0.00	0.00				0.00	0.00				LOS_A	1	0.00	0.00
1	10800-14400	124-271468@25.6-1122@4.7	271468	1122	421	380	6	11	8	1.88	1.26	4.45	2.57	3.41	0.00	0.00	0.00	0.00	0.00	LOS_A	1	2.44	29.23
1	10800-14400	124-271468@25.6-1180@8.5	271468	1180	0	0	0	0	0											LOS_A		2.44	29.23
1	10800-14400	124			432	391	6	11	8	1.83	1.22	4.45	2.57	3.41	0.00	0.00	0.00	0.00	0.00	LOS_A	1	1.22	29.23
1	10800-14400	125			0	0	0	0	0											LOS_A			
1	10800-14400	244-1156@962.0-1223@12.7	1156	1223	0	0	0	0	0											LOS_A		0.00	0.00
1	10800-14400	244-1156@962.0-1224@15.7	1156	1224	263	251	0	11	1	0.41	0.42		0.25	0.00	0.00	0.00		0.00	0.00	LOS_A	1	0.00	0.00
1	10800-14400	244-1221: One school Melton SA@50.0-1224@15.7	1221	1224	0	0	0	0	0											LOS_A		0.00	0.00
1	10800-14400	244-1221: One school Melton SA@50.0-1225@11.6	1221	1225	0	0	0	0	0											LOS_A		0.00	0.00
1	10800-14400	244-1227@99.3-1223@12.7	1227	1223	0	0	0	0	0											LOS_A		0.00	0.00
1	10800-14400	244-1227@99.3-1225@11.6	1227	1225	185	175	0	9	1	0.17	0.18		0.01	0.00	0.00	0.00		0.00	0.00	LOS_A	1	0.00	0.00
1	10800-14400	244			448	426	0	20	2	0.31	0.32		0.14	0.00	0.00	0.00		0.00	0.00	LOS_A	1	0.00	0.00
1	10800-14400	245			0	0	0	0	0											LOS_A			
1	10800-14400	246-1224@100.1-1229@17.2	1224	1229	16	16	0	0	0	0.53	0.53				0.00	0.00				LOS_A	1	0.00	0.00
1	10800-14400	246-1224@100.1-1230@17.9	1224	1230	247	235	0	11	1	0.41	0.42		0.25	0.00	0.00	0.00		0.00	0.00	LOS_A	1	0.00	0.00
1	10800-14400	246-1228: Gleneagles Dr NA@93.7-1227@14.9	1228	1227	28	28	0	0	0	0.02	0.02				0.00	0.00				LOS_A	1	0.00	0.00
1	10800-14400	246-1228: Gleneagles Dr NA@93.7-1230@17.9	1228	1230	65	63	0	2	0	0.03	0.03		0.00		0.00	0.00		0.00		LOS_A	1	0.00	0.00
1	10800-14400	246-1235@217.9-1227@14.9	1235	1227	157	147	0	9	1	0.15	0.16		0.01	0.00	0.00	0.00		0.00	0.00	LOS_A	1	0.00	0.00
1	10800-14400	246-1235@217.9-1229@17.2	1235	1229	39	38	0	1	0	0.20	0.20		0.00		0.00	0.00		0.00		LOS_A	1	0.00	0.00
1	10800-14400	246			552	527	0	23	2	0.26	0.27		0.13	0.00	0.00	0.00		0.00	0.00	LOS_A	1	0.00	0.00
1	10800-14400	247			0	0	0	0	0											LOS_A			
1	10800-14400	248-1152@193.7-1233@16.5	1152	1233	9	9	0	0	0	0.19	0.19				0.00	0.00				LOS_A	1	0.00	0.00
1	10800-14400	248-1152@193.7-1235@13.8	1152	1235	194	183	0	10	1	0.19	0.20		0.02	0.00	0.00	0.00		0.00	0.00	LOS_A	1	0.00	0.00
1	10800-14400	248-1230@222.2-1233@16.5	1230	1233	0	0	0	0	0											LOS_A		0.00	0.00
1	10800-14400	248-1230@222.2-1234@16.0	1230	1234	312	298	0	13	1	0.65	0.66		0.30	0.00	0.00	0.00		0.00	0.00	LOS_A	1	0.00	0.00
1	10800-14400	248-1232: John Batman Dr NA@78.7-1234@16.0	1232	1234	31	30	0	1	0	0.00	0.00		0.00		0.00	0.00		0.00		LOS_A	1	0.00	0.00
1	10800-14400	248-1232: John Batman Dr NA@78.7-1235@13.8	1232	1235	2	2	0	0	0	0.00	0.00				0.00	0.00				LOS_A	1	0.00	0.00
1	10800-14400	248			548	522	0	24	2	0.44	0.45		0.17	0.00	0.00	0.00		0.00	0.00	LOS_A	1	0.00	0.00
1	10800-14400	249			0	0	0	0	0											LOS_A			
1	10800-14400	298			0	0	0	0	0											LOS_A			
1	10800-14400	299			0	0	0	0	0											LOS_A			
1	10800-14400	312-2419@3.3-24810@22.1	2419	24810	267	257	0	8	2	0.39	0.36		1.11	1.01	0.00	0.00		0.00	0.00	LOS_A	1	0.00	0.00
1	10800-14400	312-2420@4.1-2422@13.2	2420	2422	345	299	1	38	7	1.22	1.25	2.81	1.05	0.75	0.00	0.00	0.00	0.00	0.00	LOS_A	1	0.00	0.00
1	10800-14400	312-2475@44.5-2391@3.4	2475	2391	506	439	6	45	16	1.61	1.42	4.84	2.52	2.89	0.00	0.00	0.00	0.00	0.00	LOS_A	1	0.00	0.00
1	10800-14400	312-2475@44.5-2422@13.2	2475	2422	85	74	0	10	1	9.59	9.11		12.81	13.21	0.00	0.00		0.00	0.00	LOS_A	1	0.00	0.00
1	10800-14400	312-2527@16.1-2391@3.4	2527	2391	367	309	5	45	8	3.11	3.02	2.97	3.79	2.68	0.00	0.00	0.00	0.00	0.00	LOS_A	1	0.00	0.00
1	10800-14400	312-2527@16.1-24810@22.1	2527	24810	158	154	0	2	2	4.24	4.21		4.09	6.47	0.00	0.00		0.00	0.00	LOS_A	1	0.00	0.00
1	10800-14400	312			1728	1532	12	148	36	2.29	2.18	3.89	3.17	2.81	0.00	0.00	0.00	0.00	0.00	LOS_A	1	0.00	0.00
1	10800-14400	313-2394@59.8-2414@34.7	2394	2414	715	686	1	24	4	4.74	4.69	7.74	5.84	5.87	0.04	0.04	0.00	0.00	0.00	LOS_A	1	0.00	0.00
1	10800-14400	313-2394@59.8-2418@36.3	2394	2418	140	126	1	10	3	3.67	3.77	3.32	2.86	2.30	0.00	0.00	0.00	0.00	0.00	LOS_A	1	0.00	0.00
1	10800-14400	313-2401@29.1-2389@16.1	2401	2389	382	336	2	31	13	5.23	5.16	6.94	5.74	5.35	0.05	0.04	0.00	0.18	0.00	LOS_A	1	0.01	6.70
1	10800-14400	313-2401@29.1-2418@36.3	2401	2418	472	430	0	36	6	0.78	0.76		1.04	0.64	0.00	0.00		0.00	0.00	LOS_A	1	0.00	0.00
1	10800-14400	313-2416@14.9-2389@16.1	2416	2389	94	54	4	32	4	3.90	3.84	3.11	4.05	4.39	0.06	0.10	0.00	0.00	0.00	LOS_A	1	0.00	0.00
1	10800-14400	313-2416@14.9-2414@34.7	2416	2414	779	694	7	58	20	1.23	1.16	3.19	1.77	1.62	0.00	0.00	0.00	0.00	0.00	LOS_A	1	0.00	0.00
1	10800-14400	313			2582	2326	15	191	50	2.94	2.91	3.98	3.23	3.07	0.02	0.02	0.00	0.03	0.00	LOS_A	1	0.00	6.70
1	10800-14400	314-2403: Middle Rd WA@220.3-2402@17.0	2403	2402	37	37	0	0	0	0.92	0.92				0.00	0.00				LOS_A	1	0.00	0.00
1	10800-14400	314-2403: Middle Rd WA@220.3-2424@24.2	2403	2424	10	10	0	0	0	0.82	0.82				0.00	0.00				LOS_A	1	0.00	0.00
1	10800-14400	314-2409@18.3-2410@13.9	2409	2410	42	42	0	0	0	4.95	4.95				0.00	0.00				LOS_A	1	0.00	0.00
1	10800-14400	314-2409@18.3-2424@24.2	2409	2424	1452	1338	8	82	24	1.49	1.44	4.09	2.09	1.55	0.00	0.00	0.00	0.00	0.00	LOS_A	1	0.00	0.00
1	10800-14400	314-2413@40.6-2402@17.0	2413	2402	817	729	2	67	19	0.84	0.79	1.63	1.29	1.28	0.00	0.00	0.00	0.00	0.00	LOS_A	1	0.00	0.00
1	10800-14400	314-2413@40.6-2410@13.9	2413	2410	1	1	0	0	0	3.51	3.51				0.00	0.00				LOS_A	1	0.00	0.00
1	10800-14400	314-2517@5.7-2517@54.4	2517	2517	0	0	0	0	0											LOS_A		0.00	0.00
1	10800-14400	314			2359	2157	10	149	43	1.32	1.27	3.60	1.73	1.43	0.00	0.00	0.00	0.00	0.00	LOS_A	1	0.00	0.00
1	10800-14400	315-2424@32.6-2426@30.8	2424	2426	1356	1255	6	73	22	0.56	0.53	1.48	0.84	0.69	0.00	0.00	0.00	0.00	0.00	LOS_A	1	0.00	0.00
1	10800-14400	315-2424@32.6-2434@37.0	2424	2434	25	17	1	7	0	3.13	2.66	6.85	3.73		0.00	0.00	0.00	0.00		LOS_A	1	0.00	0.00
1	10800-14400	315-2424@32.6-2439@33.6	2424	2439	81	76	1	2	2	4.14	4.05	7.46	5.23	4.92	0.00	0.00	0.00	0.00	0.00	LOS_A	1	0.00	0.00
1	10800-14400	315-2430@18.6-2413@31.6	2430	2413	141	118	0	19	4	4.29	3.99		5.80	6.12	0.00	0.00		0.00	0.00	LOS_A	1	0.00	0.00
1	10800-14400	315-2430@18.6-2426@30.8	2430	2426	21	18	0	2	1	1.43	1.66		0.00	0.01	0.00	0.00		0.00	0.00	LOS_A	1	0.00	0.00
1	10800-14400	315-2430@18.6-2439@33.6	2430	2439	6	6	0	0	0	5.12	5.12				0.00	0.00				LOS_A	1	0.00	0.00
1	10800-14400	315-2438@12.4-2413@31.6	2438	2413	22	20	2	0	0	1.57	1.58	1.43			0.00	0.00	0.00			LOS_A	1	0.00	0.00
1	10800-14400	315-2438@12.4-2426@30.8	2438	2426	17	16	0	0	1	5.96	5.87			7.27	0.00	0.00			0.00	LOS_A	1	0.00	0.00
1	10800-14400	315-2438@12.4-2434@37.0	2438	2434	9	8	0	1	0	5.52	5.30		7.32		0.00	0.00		0.00		LOS_A	1	0.00	0.00
1	10800-14400	315-2442@2.5-2413@31.6	2442	2413	655	592	0	48	15	0.05	0.05		0.02	0.02	0.00	0.00		0.00	0.00	LOS_A	1	0.00	0.00
1	10800-14400	315-2442@2.5-2434@37.0	2442	2434	30	28	0	1	1	0.34	0.30		1.16	0.49	0.00	0.00		0.00	0.00	LOS_A	1	0.00	0.00
1	10800-14400	315-2442@2.5-2439@33.6	2442	2439	14	11	0	3	0	0.87	0.96		0.55		0.00	0.00		0.00		LOS_A	1	0.00	0.00
1	10800-14400	315			2377	2165	10	156	46	0.87	0.82	2.60	1.40	1.25	0.00	0.00	0.00	0.00	0.00	LOS_A	1	0.00	0.00
1	10800-14400	316			0	0	0	0	0											LOS_A			
1	10800-14400	317			0	0	0	0	0											LOS_A			
1	10800-14400	318			0	0	0	0	0											LOS_A			
1	10800-14400	319			0	0	0	0	0											LOS_A			
1	10800-14400	320			0	0	0	0	0											LOS_A			
1	10800-14400	322-2388@109.5-2387: Western Fwy  Deer Park Byp@24.8	2388	2387	476	390	6	63	17	0.98	0.95	1.58	1.09	1.11	0.00	0.00	0.00	0.00	0.00	LOS_A	1	0.00	0.00
1	10800-14400	322-2397: Western Fwy  Deer Park Byp@856.0-2387: Western Fwy  Deer Park Byp@24.8	2397	2387	1096	910	17	125	44	0.86	0.80	1.75	1.05	1.37	0.00	0.00	0.00	0.00	0.00	LOS_A	1	0.00	0.00
1	10800-14400	322			1572	1300	23	188	61	0.90	0.84	1.70	1.06	1.30	0.00	0.00	0.00	0.00	0.00	LOS_A	1	0.00	0.00
1	10800-14400	323-2479: Western Fwy  Deer Park Byp@45.2-2477@22.4	2479	2477	591	513	6	55	17	3.98	3.83	5.10	4.90	5.21	0.00	0.00	0.00	0.00	0.00	LOS_A	1	0.01	8.13
1	10800-14400	323-2479: Western Fwy  Deer Park Byp@45.2-2478: Western Fwy  Deer Park Byp@23.8	2479	2478	1814	1716	8	72	18	1.57	1.57	1.74	1.47	1.72	0.00	0.00	0.00	0.00	0.00	LOS_A	1	0.01	8.13
1	10800-14400	323			2405	2229	14	127	35	2.16	2.09	3.18	2.96	3.41	0.00	0.00	0.00	0.00	0.00	LOS_A	1	0.01	8.13
1	10800-14400	324-2478: Western Fwy  Deer Park Byp@815.7-2483: Western Fwy  Deer Park Byp@32.3	2478	2483	1815	1717	8	72	18	1.66	1.67	0.86	1.28	1.78	0.00	0.00	0.00	0.00	0.00	LOS_A	1	0.00	0.00
1	10800-14400	324-2485@71.7-2483: Western Fwy  Deer Park Byp@32.3	2485	2483	424	410	0	10	4	4.31	4.26		5.71	5.73	0.00	0.00		0.00	0.00	LOS_A	1	0.00	0.00
1	10800-14400	324			2239	2127	8	82	22	2.16	2.17	0.86	1.82	2.50	0.00	0.00	0.00	0.00	0.00	LOS_A	1	0.00	0.00
1	10800-14400	325-2398: Western Fwy  Deer Park Byp@30.6-2385@22.8	2398	2385	855	812	2	34	7	5.74	5.73	6.90	5.87	5.83	0.04	0.05	0.00	0.00	0.00	LOS_A	1	0.42	120.33
1	10800-14400	325-2398: Western Fwy  Deer Park Byp@30.6-2397: Western Fwy  Deer Park Byp@22.6	2398	2397	1096	910	17	125	44	2.08	2.16	1.31	1.64	2.03	0.01	0.01	0.00	0.00	0.01	LOS_A	1	0.42	120.33
1	10800-14400	325			1951	1722	19	159	51	3.68	3.84	1.90	2.54	2.55	0.02	0.03	0.00	0.00	0.00	LOS_A	1	0.42	120.33
1	10800-14400	326-2502: Western Fwy  Deer Park Byp EA@2131.3-2513: Western Fwy  Deer Park Byp@18.8	2502	2513	1004	889	10	78	27	4.21	4.15	3.46	4.49	5.64	0.05	0.05	0.00	0.05	0.00	LOS_A	1	0.80	91.86
1	10800-14400	326-2514: Western Fwy  Deer Park Byp@123.8-2513: Western Fwy  Deer Park Byp@18.8	2514	2513	947	833	9	81	24	9.51	9.58	9.69	8.65	9.95	0.34	0.35	0.00	0.27	0.29	LOS_A	1	166.51	519.56
1	10800-14400	326			1951	1722	19	159	51	6.78	6.78	6.41	6.61	7.67	0.19	0.20	0.00	0.16	0.14	LOS_A	1	83.66	519.56
1	10800-14400	327-2505: Western Fwy  Deer Park Byp@33.7-2506: Western Fwy  Deer Park Byp@21.2	2505	2506	1622	1527	8	67	20	1.43	1.47	0.63	0.88	1.24	0.00	0.00	0.00	0.00	0.00	LOS_A	1	0.02	16.18
1	10800-14400	327-2505: Western Fwy  Deer Park Byp@33.7-2508: Western Fwy  Deer Park Byp@13.2	2505	2508	615	598	0	15	2	3.57	3.52		4.23	13.55	0.00	0.00		0.00	0.92	LOS_A	1	0.02	16.18
1	10800-14400	327			2237	2125	8	82	22	2.02	2.04	0.63	1.49	2.36	0.00	0.00	0.00	0.00	0.08	LOS_A	1	0.02	16.18
1	10800-14400	338			0	0	0	0	0											LOS_A			
1	14400-18000	43-28: Troups Rd N@6.9-13: Western Hwy@23.8	28	13	222	220	0	2	0	0.46	0.45		0.93		0.00	0.00		0.00		LOS_A	1	0.00	0.00
1	14400-18000	43-609: Western Hwy@95.9-13: Western Hwy@23.8	609	13	1478	1325	13	99	39	3.24	3.25	2.68	3.01	3.64	0.00	0.00	0.00	0.00	0.00	LOS_A	1	0.00	0.00
1	14400-18000	43-609: Western Hwy@95.9-27: Troups Rd N@5.6	609	27	167	157	0	9	1	4.76	4.66		6.44	4.60	0.00	0.00		0.00	0.00	LOS_A	1	0.00	0.00
1	14400-18000	43-944: Western Hwy@45.8-73: Western Hwy@23.3	944	73	1551	1441	16	66	26	0.74	0.75	1.14	0.44	0.54	0.00	0.00	0.00	0.00	0.00	LOS_A	1	0.00	0.00
1	14400-18000	43			3418	3143	29	176	66	2.00	1.98	1.83	2.20	2.43	0.00	0.00	0.00	0.00	0.00	LOS_A	1	0.00	0.00
1	14400-18000	44-15@3.2-243: Ferris Rd  Melton Hwy@24.7	15	243	401	374	3	20	2	1.13	0.99	8.37	2.58	2.72	0.02	0.01	0.60	0.31	0.00	LOS_A	1	0.00	0.00
1	14400-18000	44-421: Ferris Rd@65.5-20@13.7	421	20	72	67	0	4	1	3.80	3.67		5.48	5.51	0.00	0.00		0.00	0.00	LOS_A	1	0.00	0.00
1	14400-18000	44-421: Ferris Rd@65.5-243: Ferris Rd  Melton Hwy@24.7	421	243	355	337	0	12	4	0.56	0.57		0.41	0.13	0.00	0.00		0.00	0.00	LOS_A	1	0.00	0.00
1	14400-18000	44-682@3.6-420: Ferris Rd@19.2	682	420	97	91	0	6	0	1.00	0.95		1.69		0.00	0.00		0.00		LOS_A	1	0.00	0.00
1	14400-18000	44-10393@15.0-19@37.7	10393	19	186	186	0	0	0	3.36	3.36				0.00	0.00				LOS_A	1	0.00	0.00
1	14400-18000	44-10393@15.0-420: Ferris Rd@19.2	10393	420	361	341	1	15	2	1.65	1.66	0.00	1.53	1.97	0.00	0.00	0.00	0.00	0.00	LOS_A	1	0.00	0.00
1	14400-18000	44			1472	1396	4	57	9	1.52	1.49	6.28	1.96	1.71	0.01	0.00	0.45	0.11	0.00	LOS_A	1	0.00	0.00
1	14400-18000	45-680: Melton Hwy@89.9-95: Melton Hwy@34.6	680	95	503	479	3	18	3	0.45	0.42	1.56	0.90	1.42	0.00	0.00	0.00	0.00	0.00	LOS_A	1	0.00	0.00
1	14400-18000	45-680: Melton Hwy@89.9-363: Gateway Dr@6.2	680	363	20	20	0	0	0	2.36	2.36				0.00	0.00				LOS_A	1	0.00	0.00
1	14400-18000	45-680: Melton Hwy@89.9-500: Zone connector@15.5	680	500	46	44	0	2	0	3.64	3.57		5.35		0.00	0.00		0.00		LOS_A	1	0.00	0.00
1	14400-18000	45-271472: Melton Hwy@23.5-307: Melton Hwy@23.4	271472	307	512	495	1	15	1	0.22	0.22	0.00	0.07	0.00	0.00	0.00	0.00	0.00	0.00	LOS_A	1	0.00	0.00
1	14400-18000	45-271472: Melton Hwy@23.5-363: Gateway Dr@6.2	271472	363	0	0	0	0	0											LOS_A		0.00	0.00
1	14400-18000	45-271472: Melton Hwy@23.5-500: Zone connector@15.5	271472	500	16	16	0	0	0	8.69	8.69				0.00	0.00				LOS_A	1	0.00	0.00
1	14400-18000	45-271481: Gateway Dr@28.0-95: Melton Hwy@34.6	271481	95	0	0	0	0	0											LOS_A		0.00	0.00
1	14400-18000	45-271481: Gateway Dr@28.0-307: Melton Hwy@23.4	271481	307	0	0	0	0	0											LOS_A		0.00	0.00
1	14400-18000	45-271481: Gateway Dr@28.0-500: Zone connector@15.5	271481	500	0	0	0	0	0											LOS_A		0.00	0.00
1	14400-18000	45-271486: Zone connector@56.9-95: Melton Hwy@34.6	271486	95	12	12	0	0	0	0.01	0.01				0.00	0.00				LOS_A	1	0.00	0.00
1	14400-18000	45-271486: Zone connector@56.9-307: Melton Hwy@23.4	271486	307	4	4	0	0	0	1.13	1.13				0.00	0.00				LOS_A	1	0.00	0.00
1	14400-18000	45-271486: Zone connector@56.9-363: Gateway Dr@6.2	271486	363	0	0	0	0	0											LOS_A		0.00	0.00
1	14400-18000	45			1113	1070	4	35	4	0.63	0.62	1.17	0.80	1.07	0.00	0.00	0.00	0.00	0.00	LOS_A	1	0.00	0.00
1	14400-18000	46-12: Hopkins Rd@68.9-44: Hopkins Rd@23.1	12	44	690	625	3	39	10	8.51	8.50	2.01	9.86	4.81	1.70	1.70	0.00	2.16	0.00	LOS_A	1	0.00	0.00
1	14400-18000	46-12: Hopkins Rd@68.9-104@37.0	12	104	107	100	0	5	2	1.01	1.02		0.98	0.36	0.00	0.00		0.00	0.00	LOS_A	1	0.00	0.00
1	14400-18000	46-12: Hopkins Rd@68.9-428@34.4	12	428	17	17	0	0	0	9.24	9.24				2.68	2.68				LOS_A	1	0.00	0.00
1	14400-18000	46-12: Hopkins Rd@68.9-1243: Hopkins Rd@4.3	12	1243	0	0	0	0	0											LOS_A		0.00	0.00
1	14400-18000	46-255: Hopkins Rd@17.0-44: Hopkins Rd@23.1	255	44	0	0	0	0	0											LOS_A		0.00	0.00
1	14400-18000	46-255: Hopkins Rd@17.0-104@37.0	255	104	148	143	0	3	0	1.43	1.46		0.80		0.00	0.00		0.00		LOS_A	1	0.00	0.00
1	14400-18000	46-255: Hopkins Rd@17.0-428@34.4	255	428	20	20	0	0	0	3.80	3.80				0.00	0.00				LOS_A	1	0.00	0.00
1	14400-18000	46-255: Hopkins Rd@17.0-1243: Hopkins Rd@4.3	255	1243	347	309	0	21	4	1.22	1.19		1.19	1.76	0.00	0.00		0.00	0.00	LOS_A	1	0.00	0.00
1	14400-18000	46-257@11.2-44: Hopkins Rd@23.1	257	44	87	70	1	14	2	10.82	11.05	8.04	6.37	35.49	2.76	3.17	0.00	0.35	6.89	LOS_B	2	0.00	0.00
1	14400-18000	46-257@11.2-104@37.0	257	104	0	0	0	0	0											LOS_A		0.00	0.00
1	14400-18000	46-257@11.2-428@34.4	257	428	0	0	0	0	0											LOS_A		0.00	0.00
1	14400-18000	46-257@11.2-1243: Hopkins Rd@4.3	257	1243	137	109	1	23	4	1.88	1.56	5.05	2.75	4.90	0.00	0.00	0.00	0.00	0.00	LOS_A	1	0.00	0.00
1	14400-18000	46-429: 7-Eleven NA@91.6-44: Hopkins Rd@23.1	429	44	63	63	0	0	0	6.46	6.46				1.57	1.57				LOS_A	1	0.00	0.00
1	14400-18000	46-429: 7-Eleven NA@91.6-104@37.0	429	104	19	19	0	0	0	0.22	0.22				0.00	0.00				LOS_A	1	0.00	0.00
1	14400-18000	46-429: 7-Eleven NA@91.6-428@34.4	429	428	0	0	0	0	0											LOS_A		0.00	0.00
1	14400-18000	46-429: 7-Eleven NA@91.6-1243: Hopkins Rd@4.3	429	1243	20	20	0	0	0	0.29	0.29				0.00	0.00				LOS_A	1	0.00	0.00
1	14400-18000	46			1655	1495	5	105	22	5.11	5.08	3.82	5.42	6.66	0.94	0.95	0.00	0.85	0.63	LOS_A	1	0.00	0.00
1	14400-18000	47-4: Caroline Springs Blvd@6.8-212: Caroline Springs Blvd@4.6	4	212	875	828	0	25	5	3.99	3.70		3.28	1.15	0.26	0.27		0.13	0.00	LOS_A	1	0.00	0.00
1	14400-18000	47-4: Caroline Springs Blvd@6.8-446@6.0	4	446	0	0	0	0	0											LOS_A		0.00	0.00
1	14400-18000	47-447: Caroline Spring Blvd NA@32.5-212: Caroline Springs Blvd@4.6	447	212	3	3	0	0	0	0.00	0.00				0.00	0.00				LOS_A	1	0.00	0.00
1	14400-18000	47-887: Caroline Springs Blvd@16.4-212: Caroline Springs Blvd@4.6	887	212	2	1	0	1	0	10.28	13.32		7.25		0.00	0.00		0.00		LOS_B	2	0.00	0.00
1	14400-18000	47-887: Caroline Springs Blvd@16.4-448@12.1	887	448	492	451	0	20	4	0.62	0.58		0.53	1.01	0.00	0.00		0.00	0.00	LOS_A	1	0.00	0.00
1	14400-18000	47			1372	1283	0	46	9	2.78	2.60		2.17	1.09	0.17	0.17		0.07	0.00	LOS_A	1	0.00	0.00
1	14400-18000	48-271519: Meskos Rd@47.0-12: Hopkins Rd@26.0	271519	12	46	31	1	5	2	1.58	0.78	1.75	2.43	2.29	0.00	0.00	0.00	0.00	0.00	LOS_A	1	0.00	0.00
1	14400-18000	48-271519: Meskos Rd@47.0-55: Hopkins Rd@15.4	271519	55	4	4	0	0	0	0.00	0.00				0.00	0.00				LOS_A	1	0.00	0.00
1	14400-18000	48-271519: Meskos Rd@47.0-82: Sheahan Rd@36.7	271519	82	0	0	0	0	0											LOS_A		0.00	0.00
1	14400-18000	48-271522: Hopkins Rd@23.9-55: Hopkins Rd@15.4	271522	55	396	351	0	36	3	0.68	0.66		0.96	0.36	0.00	0.00		0.00	0.00	LOS_A	1	0.00	0.00
1	14400-18000	48-271522: Hopkins Rd@23.9-66: Meskos Rd@27.7	271522	66	65	52	1	4	1	5.88	5.72	8.39	6.67	7.84	0.00	0.00	0.00	0.00	0.00	LOS_A	1	0.00	0.00
1	14400-18000	48-271522: Hopkins Rd@23.9-82: Sheahan Rd@36.7	271522	82	43	35	0	4	4	4.75	4.44		5.37	6.85	0.00	0.00		0.00	0.00	LOS_A	1	0.00	0.00
1	14400-18000	48-271526: Sheahan Rd@62.5-12: Hopkins Rd@26.0	271526	12	17	11	0	4	2	0.06	0.06		0.01	0.16	0.00	0.00		0.00	0.00	LOS_A	1	0.00	0.00
1	14400-18000	48-271526: Sheahan Rd@62.5-55: Hopkins Rd@15.4	271526	55	5	4	0	1	0	0.12	0.01		0.56		0.00	0.00		0.00		LOS_A	1	0.00	0.00
1	14400-18000	48-271526: Sheahan Rd@62.5-66: Meskos Rd@27.7	271526	66	0	0	0	0	0											LOS_A		0.00	0.00
1	14400-18000	48-271531: Hopkins Rd@5.3-12: Hopkins Rd@26.0	271531	12	752	700	2	35	9	1.41	1.46	0.25	0.71	0.94	0.00	0.00	0.00	0.00	0.00	LOS_A	1	0.26	26.45
1	14400-18000	48-271531: Hopkins Rd@5.3-66: Meskos Rd@27.7	271531	66	34	32	0	2	0	11.37	11.19		14.22		0.00	0.00		0.00		LOS_B	2	0.26	26.45
1	14400-18000	48-271531: Hopkins Rd@5.3-82: Sheahan Rd@36.7	271531	82	24	23	0	1	0	7.37	7.25		10.01		0.00	0.00		0.00		LOS_A	1	0.26	26.45
1	14400-18000	48-271556@6.9-271556@52.0	271556	271556	4	0	0	0	0	0.00					0.00					LOS_A	1	0.04	17.32
1	14400-18000	48-271558@2.8-271558@48.4	271558	271558	6	0	0	0	0	0.00					0.00					LOS_A	1	0.08	18.89
1	14400-18000	48-271560@6.3-271560@50.2	271560	271560	7	0	0	0	0	0.00					0.00					LOS_A	1	0.19	18.55
1	14400-18000	48-271566@22.9-271566@62.3	271566	271566	5	0	0	0	0	0.00					0.00					LOS_A	1	0.14	20.25
1	14400-18000	48			1408	1243	4	92	21	1.81	1.82	2.66	1.73	2.37	0.00	0.00	0.00	0.00	0.00	LOS_A	1	0.09	26.45
1	14400-18000	49-351: Delma Rd@85.2-352: Eucumbene Dr@37.8	351	352	0	0	0	0	0											LOS_A		0.00	0.00
1	14400-18000	49-351: Delma Rd@85.2-506: Zone connector@80.7	351	506	4	4	0	0	0	2.81	2.81				0.00	0.00				LOS_A	1	0.00	0.00
1	14400-18000	49-353: Eucumbene Dr@275.9-350: Delma Rd@23.2	353	350	0	0	0	0	0											LOS_A		0.00	0.00
1	14400-18000	49-353: Eucumbene Dr@275.9-506: Zone connector@80.7	353	506	53	53	0	0	0	0.98	0.98				0.00	0.00				LOS_A	1	0.00	0.00
1	14400-18000	49-505: Eucumbene Dr SA@77.8-350: Delma Rd@23.2	505	350	2	1	0	1	0	0.00	0.00		0.00		0.00	0.00		0.00		LOS_A	1	0.00	0.00
1	14400-18000	49-505: Eucumbene Dr SA@77.8-352: Eucumbene Dr@37.8	505	352	0	0	0	0	0											LOS_A		0.00	0.00
1	14400-18000	49			59	58	0	1	0	1.07	1.09		0.00		0.00	0.00		0.00		LOS_A	1	0.00	0.00
1	14400-18000	50-115: Western Hwy@22.9-209: Ballarat Rd  Western Hwy@28.7	115	209	328	314	0	13	1	0.29	0.29		0.14	0.00	0.00	0.00		0.00	0.00	LOS_A	1	0.00	0.00
1	14400-18000	50-115: Western Hwy@22.9-283: Christies Rd@7.9	115	283	60	58	0	2	0	6.01	5.96		7.59		0.00	0.00		0.00		LOS_A	1	0.00	0.00
1	14400-18000	50-461: Ballarat Rd  Western Hwy@7.1-114: Western Hwy@17.3	461	114	339	321	1	13	4	0.36	0.37	0.30	0.14	0.24	0.00	0.00	0.00	0.00	0.00	LOS_A	1	0.00	0.00
1	14400-18000	50-461: Ballarat Rd  Western Hwy@7.1-215: Caroline Springs Blvd@5.8	461	215	129	126	0	2	1	2.68	2.61		5.43	5.27	0.00	0.00		0.00	0.00	LOS_A	1	0.00	0.00
1	14400-18000	50-648: Christies Rd@37.8-114: Western Hwy@17.3	648	114	28	24	0	4	0	2.30	2.33		2.08		0.00	0.00		0.00		LOS_A	1	0.00	0.00
1	14400-18000	50-648: Christies Rd@37.8-209: Ballarat Rd  Western Hwy@28.7	648	209	79	69	0	8	2	8.62	8.24		10.98	12.41	0.00	0.00		0.00	0.00	LOS_A	1	0.00	0.00
1	14400-18000	50-648: Christies Rd@37.8-215: Caroline Springs Blvd@5.8	648	215	321	282	0	19	3	2.03	2.14		1.74	3.61	0.00	0.00		0.00	0.00	LOS_A	1	0.00	0.00
1	14400-18000	50-649@8.2-283: Christies Rd@7.9	649	283	130	106	0	21	3	1.56	1.37		2.36	2.44	0.00	0.00		0.00	0.00	LOS_A	1	0.00	0.00
1	14400-18000	50-651@22.8-215: Caroline Springs Blvd@5.8	651	215	44	44	0	0	0	1.46	1.46				0.01	0.01				LOS_A	1	0.00	0.00
1	14400-18000	50-652: Caroline Springs Blvd@21.4-114: Western Hwy@17.3	652	114	107	101	0	6	0	7.13	7.09		7.82		0.00	0.00		0.00		LOS_A	1	0.00	0.00
1	14400-18000	50-652: Caroline Springs Blvd@21.4-209: Ballarat Rd  Western Hwy@28.7	652	209	195	191	0	4	0	8.99	8.98		9.45		0.00	0.00		0.00		LOS_A	1	0.00	0.00
1	14400-18000	50-652: Caroline Springs Blvd@21.4-283: Christies Rd@7.9	652	283	578	540	0	16	5	3.13	3.11		2.84	2.71	0.00	0.00		0.00	0.00	LOS_A	1	0.00	0.00
1	14400-18000	50			2338	2176	1	108	19	2.96	2.96	0.30	3.13	3.30	0.00	0.00	0.00	0.00	0.00	LOS_A	1	0.00	0.00
1	14400-18000	51-7: Ballarat Rd  Western Hwy@16.6-10: Ballarat Rd  Western Hwy@18.5	7	10	9	9	0	0	0	0.04	0.04				0.00	0.00				LOS_A	1	0.00	0.00
1	14400-18000	51-7: Ballarat Rd  Western Hwy@16.6-385: Chisholm Dr@11.7	7	385	2	2	0	0	0	1.57	1.57				0.00	0.00				LOS_A	1	0.00	0.00
1	14400-18000	51-7: Ballarat Rd  Western Hwy@16.6-670: Ballarat Rd  Western Hwy@1.4	7	670	13	12	0	1	0	2.30	2.15		4.09		0.00	0.00		0.00		LOS_A	1	0.00	0.00
1	14400-18000	51-7: Ballarat Rd  Western Hwy@16.6-671: Panamax Rd@7.5	7	671	0	0	0	0	0											LOS_A		0.00	0.00
1	14400-18000	51-347: Panamax Rd@4.8-10: Ballarat Rd  Western Hwy@18.5	347	10	79	74	0	5	0	0.18	0.19		0.02		0.00	0.00		0.00		LOS_A	1	0.00	0.00
1	14400-18000	51-347: Panamax Rd@4.8-385: Chisholm Dr@11.7	347	385	6	5	0	1	0	4.51	4.06		6.73		0.00	0.00		0.00		LOS_A	1	0.00	0.00
1	14400-18000	51-347: Panamax Rd@4.8-670: Ballarat Rd  Western Hwy@1.4	347	670	68	62	0	6	0	6.14	5.90		8.61		0.00	0.00		0.00		LOS_A	1	0.00	0.00
1	14400-18000	51-360: Ballarat Rd  Western Hwy@55.2-10: Ballarat Rd  Western Hwy@18.5	360	10	510	484	0	23	3	0.56	0.54		0.62	2.58	0.00	0.00		0.00	0.00	LOS_A	1	0.00	0.00
1	14400-18000	51-360: Ballarat Rd  Western Hwy@55.2-385: Chisholm Dr@11.7	360	385	37	36	0	1	0	4.81	4.80		5.17		0.00	0.00		0.00		LOS_A	1	0.00	0.00
1	14400-18000	51-360: Ballarat Rd  Western Hwy@55.2-671: Panamax Rd@7.5	360	671	55	54	0	1	0	4.18	4.00		13.89		0.00	0.00		0.00		LOS_A	1	0.00	0.00
1	14400-18000	51-673: Chisholm Dr@12.9-10: Ballarat Rd  Western Hwy@18.5	673	10	71	69	0	2	0	0.24	0.23		0.86		0.00	0.00		0.00		LOS_A	1	0.00	0.00
1	14400-18000	51-673: Chisholm Dr@12.9-670: Ballarat Rd  Western Hwy@1.4	673	670	50	47	0	3	0	3.10	3.10		3.10		0.00	0.00		0.00		LOS_A	1	0.00	0.00
1	14400-18000	51-673: Chisholm Dr@12.9-671: Panamax Rd@7.5	673	671	10	10	0	0	0	13.25	13.25				0.38	0.38				LOS_B	2	0.00	0.00
1	14400-18000	51-885: Ballarat Rd  Western Hwy@6.9-10: Ballarat Rd  Western Hwy@18.5	885	10	0	0	0	0	0											LOS_A		0.00	0.00
1	14400-18000	51-885: Ballarat Rd  Western Hwy@6.9-385: Chisholm Dr@11.7	885	385	22	21	0	1	0	2.66	2.39		8.22		0.00	0.00		0.00		LOS_A	1	0.00	0.00
1	14400-18000	51-885: Ballarat Rd  Western Hwy@6.9-670: Ballarat Rd  Western Hwy@1.4	885	670	469	435	1	25	8	0.62	0.61	0.00	0.85	0.08	0.00	0.00	0.00	0.00	0.00	LOS_A	1	0.00	0.00
1	14400-18000	51-885: Ballarat Rd  Western Hwy@6.9-671: Panamax Rd@7.5	885	671	94	89	0	4	1	4.54	4.39		7.00	7.80	0.02	0.02		0.00	0.00	LOS_A	1	0.00	0.00
1	14400-18000	51			1495	1409	1	73	12	1.51	1.48	0.00	2.25	1.35	0.00	0.00	0.00	0.00	0.00	LOS_A	1	0.00	0.00
1	14400-18000	52-198: Melton Hwy@69.6-182@11.5	198	182	183	162	0	16	3	7.10	6.93		8.56	8.32	0.22	0.24		0.00	0.00	LOS_A	1	0.02	12.92
1	14400-18000	52-198: Melton Hwy@69.6-308: Ferris Rd  Melton Hwy@20.5	198	308	479	465	1	10	1	4.02	4.07	0.00	2.88	0.33	0.12	0.12	0.00	0.00	0.00	LOS_A	1	0.02	12.92
1	14400-18000	52-339@366.5-200: Melton Hwy@21.7	339	200	267	258	0	9	0	1.49	1.47		2.17		0.00	0.00		0.00		LOS_A	1	0.00	0.00
1	14400-18000	52-339@366.5-308: Ferris Rd  Melton Hwy@20.5	339	308	68	62	0	5	1	4.70	4.39		8.45	5.24	0.00	0.00		0.00	0.00	LOS_A	1	0.00	8.21
1	14400-18000	52-956: Ferris Rd  Melton Hwy@55.3-182@11.5	956	182	192	177	0	12	3	4.02	3.94		5.04	4.94	0.00	0.00		0.00	0.00	LOS_A	1	0.00	0.00
1	14400-18000	52-956: Ferris Rd  Melton Hwy@55.3-200: Melton Hwy@21.7	956	200	564	534	3	20	3	3.17	3.18	3.92	3.07	1.66	0.00	0.00	0.00	0.00	0.00	LOS_A	1	0.00	0.00
1	14400-18000	52			1753	1658	4	72	11	3.71	3.65	2.94	4.85	4.58	0.05	0.06	0.00	0.00	0.00	LOS_A	1	0.00	12.92
1	14400-18000	53-899: Melton Hwy@13.5-199: Melton Hwy@15.7	899	199	0	0	0	0	0											LOS_A		0.26	48.32
1	14400-18000	53-899: Melton Hwy@13.5-301: High St@21.5	899	301	15	15	0	0	0	6.02	6.02				0.56	0.56				LOS_A	1	0.26	48.32
1	14400-18000	53-899: Melton Hwy@13.5-305: Melton Hwy@15.2	899	305	499	473	3	20	3	3.13	3.17	2.71	2.57	1.33	0.17	0.18	0.00	0.03	0.00	LOS_A	1	0.26	48.32
1	14400-18000	53-899: Melton Hwy@13.5-376: High St@36.1	899	376	317	304	0	9	0	6.98	6.93		8.39		0.39	0.41		0.00		LOS_A	1	0.26	48.32
1	14400-18000	53-900: High St@7.7-199: Melton Hwy@15.7	900	199	210	192	0	11	3	0.16	0.13		0.10	0.07	0.00	0.00		0.00	0.00	LOS_A	1	0.00	0.00
1	14400-18000	53-900: High St@7.7-301: High St@21.5	900	301	19	19	0	0	0	0.13	0.13				0.00	0.00				LOS_A	1	0.00	0.00
1	14400-18000	53-900: High St@7.7-305: Melton Hwy@15.2	900	305	61	61	0	0	0	4.98	4.98				0.00	0.00				LOS_A	1	0.00	0.00
1	14400-18000	53-900: High St@7.7-376: High St@36.1	900	376	0	0	0	0	0											LOS_A		0.00	0.00
1	14400-18000	53-901: Melton Hwy@7.6-199: Melton Hwy@15.7	901	199	425	408	1	15	1	0.92	0.94	0.00	0.38	1.08	0.00	0.00	0.00	0.00	0.00	LOS_A	1	0.00	0.00
1	14400-18000	53-901: Melton Hwy@7.6-301: High St@21.5	901	301	7	7	0	0	0	0.25	0.25				0.00	0.00				LOS_A	1	0.00	0.00
1	14400-18000	53-901: Melton Hwy@7.6-305: Melton Hwy@15.2	901	305	0	0	0	0	0											LOS_A		0.00	0.00
1	14400-18000	53-901: Melton Hwy@7.6-376: High St@36.1	901	376	84	84	0	0	0	0.74	0.74				0.00	0.00				LOS_A	1	0.00	0.00
1	14400-18000	53-1241: High St@3.1-199: Melton Hwy@15.7	1241	199	27	27	0	0	0	0.36	0.36				0.00	0.00				LOS_A	1	0.00	0.00
1	14400-18000	53-1241: High St@3.1-301: High St@21.5	1241	301	0	0	0	0	0											LOS_A		0.00	0.00
1	14400-18000	53-1241: High St@3.1-305: Melton Hwy@15.2	1241	305	9	9	0	0	0	0.47	0.47				0.00	0.00				LOS_A	1	0.00	0.00
1	14400-18000	53-1241: High St@3.1-376: High St@36.1	1241	376	6	6	0	0	0	0.21	0.21				0.00	0.00				LOS_A	1	0.00	0.00
1	14400-18000	53			1679	1605	4	55	7	2.79	2.80	2.03	2.43	0.76	0.13	0.14	0.00	0.01	0.00	LOS_A	1	0.06	48.32
1	14400-18000	54-526: Ferris Rd@22.5-310@35.3	526	310	17	17	0	0	0	6.37	6.37				0.00	0.00				LOS_A	1	0.00	0.00
1	14400-18000	54-526: Ferris Rd@22.5-421: Ferris Rd@15.4	526	421	0	0	0	0	0											LOS_A		0.00	0.00
1	14400-18000	54-526: Ferris Rd@22.5-525: Ferris Rd@18.9	526	525	441	415	1	21	2	0.47	0.46	0.00	0.67	0.85	0.00	0.00	0.00	0.00	0.00	LOS_A	1	0.00	0.00
1	14400-18000	54-527: Zone connector@58.2-310@35.3	527	310	1	1	0	0	0	2.10	2.10				0.00	0.00				LOS_A	1	0.00	0.00
1	14400-18000	54-527: Zone connector@58.2-421: Ferris Rd@15.4	527	421	412	389	0	16	5	0.15	0.15		0.29	0.09	0.00	0.00		0.00	0.00	LOS_A	1	0.00	0.00
1	14400-18000	54-528@5.7-421: Ferris Rd@15.4	528	421	15	15	0	0	0	4.63	4.63				0.00	0.00				LOS_A	1	0.00	0.00
1	14400-18000	54-528@5.7-525: Ferris Rd@18.9	528	525	0	0	0	0	0											LOS_A		0.00	0.00
1	14400-18000	54			886	837	1	37	7	0.51	0.51	0.00	0.51	0.30	0.00	0.00	0.00	0.00	0.00	LOS_A	1	0.00	0.00
1	14400-18000	55-68: Mount Cottrell Rd SA@390.9-320: Western Fwy@25.9	68	320	164	158	0	6	0	0.13	0.14		0.00		0.00	0.00		0.00		LOS_A	1	0.00	0.00
1	14400-18000	55-942: Western Hwy@75.8-69: Mount Cottrell Rd@25.4	942	69	221	192	0	22	7	3.38	3.21		4.25	5.24	0.00	0.00		0.00	0.00	LOS_A	1	0.00	0.00
1	14400-18000	55-942: Western Hwy@75.8-320: Western Fwy@25.9	942	320	1596	1467	14	81	32	3.50	3.49	2.74	3.56	3.87	0.00	0.00	0.00	0.00	0.00	LOS_A	1	0.00	0.00
1	14400-18000	55			1981	1817	14	109	39	3.21	3.17	2.74	3.50	4.12	0.00	0.00	0.00	0.00	0.00	LOS_A	1	0.00	0.00
1	14400-18000	56-24: Paynes Rd SA@384.9-537: Western Hwy@24.0	24	537	154	146	1	7	0	0.22	0.22	0.02	0.12		0.00	0.00	0.00	0.00		LOS_A	1	0.00	0.00
1	14400-18000	56-536: Western Hwy@83.6-23: Paynes Rd@34.1	536	23	106	103	0	3	0	6.78	6.70		9.33		0.00	0.00		0.00		LOS_A	1	0.00	0.00
1	14400-18000	56-536: Western Hwy@83.6-537: Western Hwy@24.0	536	537	1663	1513	13	96	39	4.64	4.64	5.18	4.20	5.21	0.00	0.00	0.00	0.00	0.00	LOS_A	1	0.00	0.00
1	14400-18000	56			1923	1762	14	106	39	4.40	4.40	4.81	4.07	5.21	0.00	0.00	0.00	0.00	0.00	LOS_A	1	0.00	0.00
1	14400-18000	57-169: Western Hwy@71.3-168: Western Hwy@12.5	169	168	1203	1097	16	63	25	0.53	0.54	0.82	0.28	0.30	0.00	0.00	0.00	0.00	0.00	LOS_A	1	0.00	0.00
1	14400-18000	57-511: Western Freeway service Rd SA@97.7-172: Western Hwy@0.2	511	172	0	0	0	0	0											LOS_A		0.00	0.00
1	14400-18000	57-936: Western Hwy@71.3-172: Western Hwy@0.2	936	172	1769	1616	13	99	39	0.69	0.64	1.54	1.08	1.29	0.00	0.00	0.00	0.00	0.00	LOS_A	1	0.00	0.00
1	14400-18000	57-936: Western Hwy@71.3-512: Zone connector@4.0	936	512	0	0	0	0	0											LOS_A		0.00	0.00
1	14400-18000	57			2972	2713	29	162	64	0.62	0.60	1.14	0.77	0.91	0.00	0.00	0.00	0.00	0.00	LOS_A	1	0.00	0.00
1	14400-18000	58-436@136.8-271: Leakes Rd@61.4	436	271	122	114	0	6	2	2.70	2.50		4.74	7.76	0.00	0.00		0.00	0.00	LOS_A	1	0.00	0.00
1	14400-18000	58-436@136.8-437: Leakes Rd@45.3	436	437	33	30	0	1	2	1.44	1.32		0.47	3.71	0.00	0.00		0.00	0.00	LOS_A	1	0.00	0.00
1	14400-18000	58-600: Leakes Rd@6.4-273@26.5	600	273	311	300	0	6	5	6.99	6.94		8.07	8.90	0.00	0.00		0.00	0.00	LOS_A	1	0.00	0.00
1	14400-18000	58-600: Leakes Rd@6.4-437: Leakes Rd@45.3	600	437	389	361	0	8	4	5.24	5.40		5.19	1.89	0.00	0.00		0.00	0.00	LOS_A	1	0.00	0.00
1	14400-18000	58-1263: Leakes Rd@41.8-271: Leakes Rd@61.4	1263	271	187	151	0	17	2	0.69	0.71		0.97	2.01	0.00	0.00		0.00	0.00	LOS_A	1	0.00	0.00
1	14400-18000	58-1263: Leakes Rd@41.8-273@26.5	1263	273	69	65	0	4	0	2.00	1.94		2.99		0.00	0.00		0.00		LOS_A	1	0.00	0.00
1	14400-18000	58			1111	1021	0	42	15	4.37	4.50		3.51	5.27	0.00	0.00		0.00	0.00	LOS_A	1	0.00	0.00
1	14400-18000	59-271: Leakes Rd@243.4-602: Leakes Rd@8.6	271	602	309	265	0	23	4	0.83	0.81		1.07	1.85	0.00	0.00		0.00	0.00	LOS_A	1	0.00	0.00
1	14400-18000	59-443: Woodlea Blvd EA@92.7-270: Leakes Rd@21.8	443	270	13	13	0	0	0	1.23	1.23				0.00	0.00				LOS_A	1	0.00	0.00
1	14400-18000	59-443: Woodlea Blvd EA@92.7-442@13.5	443	442	0	0	0	0	0											LOS_A		0.00	0.00
1	14400-18000	59-605: Leakes Rd@48.1-270: Leakes Rd@21.8	605	270	687	648	0	14	9	1.84	1.35		2.87	2.64	0.01	0.00		0.45	0.00	LOS_A	1	0.00	0.00
1	14400-18000	59-605: Leakes Rd@48.1-442@13.5	605	442	13	13	0	0	0	1.26	1.26				0.00	0.00				LOS_A	1	0.00	0.00
1	14400-18000	59			1022	939	0	37	13	1.52	1.20		1.75	2.40	0.01	0.00		0.17	0.00	LOS_A	1	0.00	0.00
1	14400-18000	60-938: Leakes Rd@68.7-398: Taylors Rd@37.8	938	398	249	215	0	17	0	3.71	2.49		4.18		0.00	0.00		0.00		LOS_A	1	0.00	0.00
1	14400-18000	60-938: Leakes Rd@68.7-400: Leakes Rd@62.1	938	400	52	44	0	5	3	0.76	0.65		0.92	2.22	0.00	0.00		0.00	0.00	LOS_A	1	0.00	0.00
1	14400-18000	60-938: Leakes Rd@68.7-402: Leakes Rd@53.8	938	402	0	0	0	0	0											LOS_A		0.08	30.41
1	14400-18000	60-938: Leakes Rd@68.7-271502: Taylors Rd@46.1	938	271502	8	6	0	1	1	4.82	3.60		10.63	6.32	0.00	0.00		0.00	0.00	LOS_A	1	0.08	30.41
1	14400-18000	60-271509: Taylors Rd@32.2-400: Leakes Rd@62.1	271509	400	25	25	0	0	0	0.07	0.07				0.00	0.00				LOS_A	1	0.00	0.00
1	14400-18000	60-271509: Taylors Rd@32.2-402: Leakes Rd@53.8	271509	402	94	77	0	1	0	4.21	3.35		6.30		0.00	0.00		0.00		LOS_A	1	0.00	0.00
1	14400-18000	60-271509: Taylors Rd@32.2-271502: Taylors Rd@46.1	271509	271502	48	48	0	0	0	0.05	0.05				0.00	0.00				LOS_A	1	0.00	0.00
1	14400-18000	60-271574: Taylors Rd@30.9-398: Taylors Rd@37.8	271574	398	41	41	0	0	0	0.07	0.07				0.00	0.00				LOS_A	1	0.00	0.00
1	14400-18000	60-271574: Taylors Rd@30.9-402: Leakes Rd@53.8	271574	402	54	54	0	0	0	0.25	0.25				0.00	0.00				LOS_A	1	0.00	0.00
1	14400-18000	60-271576: Taylors Rd@30.3-400: Leakes Rd@62.1	271576	400	31	31	0	0	0	10.77	10.77				0.00	0.00				LOS_B	2	0.00	0.00
1	14400-18000	60-271581: Leakes Rd@28.6-398: Taylors Rd@37.8	271581	398	62	62	0	0	0	7.42	7.42				4.58	4.58				LOS_A	1	1.07	35.71
1	14400-18000	60-271581: Leakes Rd@28.6-402: Leakes Rd@53.8	271581	402	552	530	0	13	9	0.79	0.81		0.19	0.27	0.00	0.00		0.00	0.00	LOS_A	1	0.00	0.00
1	14400-18000	60-271581: Leakes Rd@28.6-271502: Taylors Rd@46.1	271581	271502	20	20	0	0	0	4.08	4.08				0.00	0.00				LOS_A	1	0.00	0.00
1	14400-18000	60			1236	1153	0	37	13	2.21	1.88		2.57	1.19	0.23	0.25		0.00	0.00	LOS_A	1	0.14	35.71
1	14400-18000	61-540@22.7-435: Leakes Rd@19.5	540	435	56	55	0	0	1	0.61	0.57			2.54	0.00	0.00			0.00	LOS_A	1	0.00	0.00
1	14400-18000	61-540@22.7-438: Leakes Rd@14.4	540	438	33	21	0	10	2	1.35	0.84		2.13	2.86	0.00	0.00		0.00	0.00	LOS_A	1	0.00	0.00
1	14400-18000	61-863: Leakes Rd@86.5-265@27.3	863	265	229	220	0	7	2	4.62	4.58		5.72	5.87	0.00	0.00		0.00	0.00	LOS_A	1	0.00	0.00
1	14400-18000	61-863: Leakes Rd@86.5-435: Leakes Rd@19.5	863	435	193	171	0	2	4	1.90	2.04		1.71	2.54	0.00	0.00		0.00	0.00	LOS_A	1	0.00	0.00
1	14400-18000	61-941: Leakes Rd@8.5-265@27.3	941	265	48	46	0	1	1	6.60	6.49		9.08	9.37	0.00	0.00		0.00	0.00	LOS_A	1	0.00	0.00
1	14400-18000	61-941: Leakes Rd@8.5-438: Leakes Rd@14.4	941	438	223	195	0	11	0	0.99	1.04		1.50		0.00	0.00		0.00		LOS_A	1	0.00	0.00
1	14400-18000	61			782	708	0	31	10	2.61	2.69		2.91	3.95	0.00	0.00		0.00	0.00	LOS_A	1	0.00	0.00
1	14400-18000	62-267: Ian Cowie Way EA@65.6-264: Leakes Rd@15.6	267	264	3	3	0	0	0	0.40	0.40				0.00	0.00				LOS_A	1	0.00	0.00
1	14400-18000	62-267: Ian Cowie Way EA@65.6-434: Leakes Rd@14.9	267	434	32	32	0	0	0	0.02	0.02				0.00	0.00				LOS_A	1	0.00	0.00
1	14400-18000	62-267: Ian Cowie Way EA@65.6-271596@27.9	267	271596	0	0	0	0	0											LOS_A		0.00	0.00
1	14400-18000	62-538: Leakes Rd@42.7-264: Leakes Rd@15.6	538	264	203	180	0	2	5	1.33	1.29		3.14	2.65	0.00	0.00		0.00	0.00	LOS_A	1	0.00	0.00
1	14400-18000	62-538: Leakes Rd@42.7-268: Ian Cowie Way@17.3	538	268	46	46	0	0	0	6.09	6.09				0.00	0.00				LOS_A	1	0.00	0.00
1	14400-18000	62-538: Leakes Rd@42.7-271596@27.9	538	271596	0	0	0	0	0											LOS_A		0.00	0.00
1	14400-18000	62-864: Leakes Rd@42.2-268: Ian Cowie Way@17.3	864	268	2	2	0	0	0	5.41	5.41				0.00	0.00				LOS_A	1	0.00	0.00
1	14400-18000	62-864: Leakes Rd@42.2-434: Leakes Rd@14.9	864	434	239	209	0	12	1	0.20	0.20		0.39	0.10	0.00	0.00		0.00	0.00	LOS_A	1	0.00	0.00
1	14400-18000	62-864: Leakes Rd@42.2-271596@27.9	864	271596	15	0	0	0	0	0.03					0.00					LOS_A	1	0.00	0.00
1	14400-18000	62-271595: Ian Cowie Way WA@105.8-264: Leakes Rd@15.6	271595	264	15	0	0	0	0	1.82					0.00					LOS_A	1	0.00	0.00
1	14400-18000	62-271595: Ian Cowie Way WA@105.8-268: Ian Cowie Way@17.3	271595	268	0	0	0	0	0											LOS_A		0.00	0.00
1	14400-18000	62-271595: Ian Cowie Way WA@105.8-434: Leakes Rd@14.9	271595	434	0	0	0	0	0											LOS_A		0.00	0.00
1	14400-18000	62			555	472	0	14	6	1.15	1.20		0.78	2.23	0.00	0.00		0.00	0.00	LOS_A	1	0.00	0.00
1	14400-18000	63-374: Westcott Pde EA@100.7-263: Leakes Rd@9.1	374	263	43	11	0	0	0	0.03	0.07				0.00	0.00				LOS_A	1	0.00	0.00
1	14400-18000	63-374: Westcott Pde EA@100.7-372: Leakes Rd@14.9	374	372	0	0	0	0	0											LOS_A		0.00	0.00
1	14400-18000	63-542: Leakes Rd@34.5-372: Leakes Rd@14.9	542	372	181	174	0	2	5	1.25	1.24		1.10	1.50	0.00	0.00		0.00	0.00	LOS_A	1	0.00	0.00
1	14400-18000	63-542: Leakes Rd@34.5-375: Westcott Pde@26.6	542	375	40	9	0	0	0	8.98	7.50				0.00	0.00				LOS_A	1	0.00	0.00
1	14400-18000	63-543: Leakes Rd@6.7-263: Leakes Rd@9.1	543	263	213	200	0	12	1	0.09	0.09		0.05	0.00	0.00	0.00		0.00	0.00	LOS_A	1	0.00	0.00
1	14400-18000	63-543: Leakes Rd@6.7-375: Westcott Pde@26.6	543	375	0	0	0	0	0											LOS_A		0.00	0.00
1	14400-18000	63			477	394	0	14	6	1.27	0.77		0.20	1.25	0.00	0.00		0.00	0.00	LOS_A	1	0.00	0.00
1	14400-18000	64-484: Western Hwy SA@157.6-78: Western Hwy@14.0	484	78	0	0	0	0	0											LOS_A		0.00	0.00
1	14400-18000	64-484: Western Hwy SA@157.6-324: Western Hwy@20.9	484	324	0	0	0	0	0											LOS_A		0.00	0.00
1	14400-18000	64-943: Western Hwy@38.1-78: Western Hwy@14.0	943	78	1431	1321	16	66	26	0.75	0.74	1.72	0.70	1.13	0.00	0.00	0.00	0.00	0.00	LOS_A	1	0.00	0.00
1	14400-18000	64-943: Western Hwy@38.1-324: Western Hwy@20.9	943	324	0	0	0	0	0											LOS_A		0.00	0.00
1	14400-18000	64-943: Western Hwy@38.1-483@8.4	943	483	0	0	0	0	0											LOS_A		0.00	0.00
1	14400-18000	64-1265: Western Hwy@45.2-78: Western Hwy@14.0	1265	78	119	119	0	0	0	9.07	9.07				1.44	1.44				LOS_A	1	6.18	259.70
1	14400-18000	64-1265: Western Hwy@45.2-324: Western Hwy@20.9	1265	324	1581	1426	13	101	39	3.90	3.96	5.26	3.46	2.39	0.34	0.34	0.00	0.46	0.02	LOS_A	1	6.18	259.70
1	14400-18000	64-1265: Western Hwy@45.2-483@8.4	1265	483	0	0	0	0	0											LOS_A		6.18	259.70
1	14400-18000	64			3131	2866	29	167	65	2.66	2.69	3.31	2.37	1.89	0.23	0.23	0.00	0.28	0.01	LOS_A	1	2.06	259.70
1	14400-18000	65-27: Troups Rd N@8.8-29: Western Hwy@8.5	27	29	136	127	0	8	1	0.38	0.36		0.59	0.17	0.00	0.00		0.00	0.00	LOS_A	1	0.00	0.00
1	14400-18000	65-27: Troups Rd N@8.8-31: Troups Rd N@5.3	27	31	31	30	0	1	0	0.37	0.36		0.50		0.00	0.00		0.00		LOS_A	1	0.00	0.00
1	14400-18000	65-30: Western Hwy WA@242.6-28: Troups Rd N@3.2	30	28	159	157	0	2	0	0.24	0.24		0.17		0.00	0.00		0.00		LOS_A	1	0.00	0.00
1	14400-18000	65-30: Western Hwy WA@242.6-31: Troups Rd N@5.3	30	31	0	0	0	0	0											LOS_A		0.00	0.00
1	14400-18000	65-32: Troups Rd N SA@98.1-28: Troups Rd N@3.2	32	28	63	63	0	0	0	0.07	0.07				0.00	0.00				LOS_A	1	0.00	0.00
1	14400-18000	65-32: Troups Rd N SA@98.1-29: Western Hwy@8.5	32	29	0	0	0	0	0											LOS_A		0.00	0.00
1	14400-18000	65			389	377	0	11	1	0.27	0.26		0.51	0.17	0.00	0.00		0.00	0.00	LOS_A	1	0.00	0.00
1	14400-18000	66-33: Neales Rd W WA@612.0-35: Neales Rd W@48.6	33	35	0	0	0	0	0											LOS_A		0.00	0.00
1	14400-18000	66-33: Neales Rd W WA@612.0-232: Hopkins Rd@6.4	33	232	212	200	0	11	1	6.84	6.94		5.55	2.35	0.60	0.62		0.17	0.00	LOS_A	1	0.00	0.00
1	14400-18000	66-33: Neales Rd W WA@612.0-910: Melton Hwy@16.5	33	910	1	1	0	0	0	0.31	0.31				0.00	0.00				LOS_A	1	0.00	0.00
1	14400-18000	66-622: Neales Rd W@45.9-34: Neales Rd W@23.0	622	34	5	5	0	0	0	0.35	0.35				0.00	0.00				LOS_A	1	0.00	0.00
1	14400-18000	66-622: Neales Rd W@45.9-232: Hopkins Rd@6.4	622	232	65	58	0	4	1	10.87	10.84		7.89	18.13	1.68	1.81		0.00	1.31	LOS_B	2	0.00	0.00
1	14400-18000	66-622: Neales Rd W@45.9-910: Melton Hwy@16.5	622	910	4	4	0	0	0	0.03	0.03				0.00	0.00				LOS_A	1	0.00	0.00
1	14400-18000	66-897: Hopkins Rd@12.7-34: Neales Rd W@23.0	897	34	58	45	1	10	2	2.40	2.24	5.89	2.75	2.68	0.00	0.00	0.00	0.00	0.00	LOS_A	1	0.00	0.00
1	14400-18000	66-897: Hopkins Rd@12.7-35: Neales Rd W@48.6	897	35	57	53	1	3	0	5.76	5.65	8.38	6.94		0.00	0.00	0.00	0.00		LOS_A	1	0.00	0.00
1	14400-18000	66-897: Hopkins Rd@12.7-910: Melton Hwy@16.5	897	910	454	413	2	24	2	2.51	2.19	4.43	2.55	4.16	0.00	0.00	0.00	0.00	0.00	LOS_A	1	0.00	0.00
1	14400-18000	66-908: Melton Hwy@9.5-34: Neales Rd W@23.0	908	34	1	1	0	0	0	5.16	5.16				0.00	0.00				LOS_A	1	11.09	85.68
1	14400-18000	66-908: Melton Hwy@9.5-35: Neales Rd W@48.6	908	35	1	1	0	0	0	2.63	2.63				0.00	0.00				LOS_A	1	11.09	85.68
1	14400-18000	66-908: Melton Hwy@9.5-232: Hopkins Rd@6.4	908	232	588	545	1	27	2	20.12	20.19	10.94	23.08	24.84	1.65	1.69	0.00	1.49	0.66	LOS_C	3	11.09	85.68
1	14400-18000	66			1446	1326	5	79	8	10.79	10.81	6.81	10.45	10.48	0.83	0.87	0.00	0.53	0.33	LOS_B	2	2.22	85.68
1	14400-18000	67-230: Hopkins Rd@28.1-37@43.8	230	37	390	365	1	21	3	13.58	13.60	28.96	12.76	11.37	0.05	0.05	0.00	0.00	0.00	LOS_B	2	0.00	0.00
1	14400-18000	67-230: Hopkins Rd@28.1-426: Hopkins Rd@4.3	230	426	475	438	0	21	1	10.21	9.98		10.04	13.66	0.06	0.00		0.00	0.00	LOS_B	2	0.00	0.00
1	14400-18000	67-427: Hopkins Rd@87.2-231: Hopkins Rd@8.3	427	231	425	370	4	34	4	2.20	2.16	3.06	2.42	3.29	0.00	0.00	0.00	0.00	0.00	LOS_A	1	0.00	0.00
1	14400-18000	67-946@14.4-231: Hopkins Rd@8.3	946	231	146	141	0	3	0	0.90	0.87		1.60		0.00	0.00		0.00		LOS_A	1	0.00	0.00
1	14400-18000	67-946@14.4-426: Hopkins Rd@4.3	946	426	40	34	0	3	3	0.71	0.62		1.13	1.32	0.00	0.00		0.00	0.00	LOS_A	1	0.00	0.00
1	14400-18000	67			1476	1348	5	82	11	7.61	7.62	8.24	6.94	5.90	0.03	0.02	0.00	0.00	0.00	LOS_A	1	0.00	0.00
1	14400-18000	69-290: Caroline Springs Blvd@7.8-60: Caroline Springs Blvd@15.2	290	60	0	0	0	0	0											LOS_A		0.00	0.00
1	14400-18000	69-290: Caroline Springs Blvd@7.8-291: Caroline Springs Blvd@13.9	290	291	463	422	0	20	4	0.86	0.64		0.52	2.76	0.00	0.00		0.00	0.00	LOS_A	1	0.00	0.00
1	14400-18000	69-290: Caroline Springs Blvd@7.8-293: Chisholm Dr@13.5	290	293	12	12	0	0	0	1.02	1.02				0.00	0.00				LOS_A	1	0.00	0.00
1	14400-18000	69-290: Caroline Springs Blvd@7.8-431: Springlake Ave@15.9	290	431	17	17	0	0	0	0.75	0.75				0.00	0.00				LOS_A	1	0.00	0.00
1	14400-18000	69-292: Caroline Springs Blvd NA@169.6-60: Caroline Springs Blvd@15.2	292	60	793	747	0	24	5	1.70	1.39		0.46	0.02	0.05	0.06		0.00	0.00	LOS_A	1	0.00	0.00
1	14400-18000	69-292: Caroline Springs Blvd NA@169.6-291: Caroline Springs Blvd@13.9	292	291	0	0	0	0	0											LOS_A		0.00	0.00
1	14400-18000	69-292: Caroline Springs Blvd NA@169.6-293: Chisholm Dr@13.5	292	293	0	0	0	0	0											LOS_A		0.00	0.00
1	14400-18000	69-292: Caroline Springs Blvd NA@169.6-431: Springlake Ave@15.9	292	431	0	0	0	0	0											LOS_A		0.00	0.00
1	14400-18000	69-294: Chisholm Dr EA@69.6-60: Caroline Springs Blvd@15.2	294	60	42	42	0	0	0	0.04	0.04				0.00	0.00				LOS_A	1	0.00	0.00
1	14400-18000	69-294: Chisholm Dr EA@69.6-291: Caroline Springs Blvd@13.9	294	291	0	0	0	0	0											LOS_A		0.00	0.00
1	14400-18000	69-294: Chisholm Dr EA@69.6-293: Chisholm Dr@13.5	294	293	0	0	0	0	0											LOS_A		0.00	0.00
1	14400-18000	69-294: Chisholm Dr EA@69.6-431: Springlake Ave@15.9	294	431	0	0	0	0	0											LOS_A		0.00	0.00
1	14400-18000	69-430: Springlake Ave WA@96.3-60: Caroline Springs Blvd@15.2	430	60	40	39	0	1	0	0.10	0.10		0.10		0.00	0.00		0.00		LOS_A	1	0.00	0.00
1	14400-18000	69-430: Springlake Ave WA@96.3-291: Caroline Springs Blvd@13.9	430	291	19	19	0	0	0	0.09	0.09				0.00	0.00				LOS_A	1	0.00	0.00
1	14400-18000	69-430: Springlake Ave WA@96.3-293: Chisholm Dr@13.5	430	293	0	0	0	0	0											LOS_A		0.00	0.00
1	14400-18000	69-430: Springlake Ave WA@96.3-431: Springlake Ave@15.9	430	431	0	0	0	0	0											LOS_A		0.00	0.00
1	14400-18000	69			1386	1298	0	45	9	1.28	1.03		0.48	1.24	0.03	0.03		0.00	0.00	LOS_A	1	0.00	0.00
1	14400-18000	70-352: Eucumbene Dr@292.6-111: Christies Rd@15.7	352	111	0	0	0	0	0											LOS_A		0.00	0.00
1	14400-18000	70-647: Christies Rd@1.5-111: Christies Rd@15.7	647	111	731	667	0	39	8	1.48	1.46		2.03	1.96	0.00	0.00		0.00	0.00	LOS_A	1	0.00	0.00
1	14400-18000	70-647: Christies Rd@1.5-353: Eucumbene Dr@18.2	647	353	37	37	0	0	0	5.26	5.26				0.00	0.00				LOS_A	1	0.00	0.00
1	14400-18000	70-647: Christies Rd@1.5-271551@28.2	647	271551	0	0	0	0	0											LOS_A		0.00	0.00
1	14400-18000	70-891: Christies Rd@8.5-287: Christies Rd@6.6	891	287	428	375	0	31	5	1.92	2.01		1.64	2.12	0.00	0.00		0.00	0.00	LOS_A	1	0.00	0.00
1	14400-18000	70-891: Christies Rd@8.5-353: Eucumbene Dr@18.2	891	353	16	16	0	0	0	3.52	3.52				0.00	0.00				LOS_A	1	0.00	0.00
1	14400-18000	70-891: Christies Rd@8.5-271549@21.0	891	271549	0	0	0	0	0											LOS_A		0.00	0.00
1	14400-18000	70-271550@4.0-287: Christies Rd@6.6	271550	287	0	0	0	0	0											LOS_A		0.00	0.00
1	14400-18000	70			1212	1095	0	70	13	1.78	1.81		1.86	2.02	0.00	0.00		0.00	0.00	LOS_A	1	0.00	0.00
1	14400-18000	71-111: Christies Rd@84.9-129@9.8	111	129	421	405	0	13	3	0.77	0.76		1.07	0.89	0.00	0.00		0.00	0.00	LOS_A	1	0.00	0.00
1	14400-18000	71-111: Christies Rd@84.9-282: Christies Rd@12.4	111	282	310	262	0	26	5	0.53	0.48		1.02	1.56	0.00	0.00		0.00	0.00	LOS_A	1	0.00	0.00
1	14400-18000	71-274: Christies Rd@5.8-112: Christies Rd@20.6	274	112	444	391	0	31	5	3.64	3.88		2.16	3.37	0.00	0.00		0.00	0.00	LOS_A	1	0.00	0.00
1	14400-18000	71-274: Christies Rd@5.8-129@9.8	274	129	100	52	0	36	12	7.41	7.13		7.47	8.45	0.00	0.00		0.00	0.00	LOS_A	1	0.00	0.00
1	14400-18000	71			1275	1110	0	106	25	2.23	2.09		3.55	5.15	0.00	0.00		0.00	0.00	LOS_A	1	0.00	0.00
1	14400-18000	72-126@294.6-280: Christies Rd@41.9	126	280	226	221	0	5	0	2.31	2.29		2.95		0.00	0.00		0.00		LOS_A	1	0.00	0.00
1	14400-18000	72-126@294.6-394: Christies Rd@15.7	126	394	82	35	3	37	7	2.59	1.66	5.21	3.09	3.46	0.00	0.00	0.00	0.00	0.00	LOS_A	1	0.00	0.00
1	14400-18000	72-126@294.6-626: Palm Springs Rd@75.1	126	626	77	54	5	11	7	2.84	2.13	6.17	4.19	3.90	0.00	0.00	0.00	0.00	0.00	LOS_A	1	0.00	0.00
1	14400-18000	72-279: Christies Rd@96.9-280: Christies Rd@41.9	279	280	0	0	0	0	0											LOS_A		0.00	0.00
1	14400-18000	72-279: Christies Rd@96.9-394: Christies Rd@15.7	279	394	224	177	0	25	5	0.58	0.57		0.86	1.20	0.00	0.00		0.00	0.00	LOS_A	1	0.00	0.00
1	14400-18000	72-279: Christies Rd@96.9-626: Palm Springs Rd@75.1	279	626	86	85	0	1	0	0.78	0.78		0.74		0.00	0.00		0.00		LOS_A	1	0.00	0.00
1	14400-18000	72-393: Christies Rd SA@348.6-280: Christies Rd@41.9	393	280	261	180	0	51	13	0.61	0.79		0.29	0.13	0.00	0.00		0.00	0.00	LOS_A	1	0.00	0.00
1	14400-18000	72-393: Christies Rd SA@348.6-394: Christies Rd@15.7	393	394	0	0	0	0	0											LOS_A		0.00	0.00
1	14400-18000	72-393: Christies Rd SA@348.6-626: Palm Springs Rd@75.1	393	626	29	29	0	0	0	0.66	0.66				0.00	0.00				LOS_A	1	0.00	0.00
1	14400-18000	72-625: Palm Springs Rd WA@88.9-280: Christies Rd@41.9	625	280	57	42	0	11	4	0.07	0.09		0.01	0.05	0.00	0.00		0.00	0.00	LOS_A	1	0.00	0.00
1	14400-18000	72-625: Palm Springs Rd WA@88.9-394: Christies Rd@15.7	625	394	7	7	0	0	0	0.47	0.47				0.00	0.00				LOS_A	1	0.00	0.00
1	14400-18000	72-625: Palm Springs Rd WA@88.9-626: Palm Springs Rd@75.1	625	626	0	0	0	0	0											LOS_A		0.00	0.00
1	14400-18000	72			1049	830	8	141	36	1.27	1.22	5.81	1.50	1.65	0.00	0.00	0.00	0.00	0.00	LOS_A	1	0.00	0.00
1	14400-18000	73-350: Delma Rd@97.2-464: Ballarat Rd  Western Hwy@8.8	350	464	2	1	0	1	0	0.21	0.08		0.33		0.00	0.00		0.00		LOS_A	1	0.00	0.00
1	14400-18000	73-663: Ballarat Rd  Western Hwy@46.8-351: Delma Rd@11.2	663	351	4	4	0	0	0	6.54	6.54				0.00	0.00				LOS_A	1	0.00	0.00
1	14400-18000	73-663: Ballarat Rd  Western Hwy@46.8-464: Ballarat Rd  Western Hwy@8.8	663	464	596	552	1	35	8	0.57	0.57	0.05	0.58	0.27	0.00	0.00	0.00	0.00	0.00	LOS_A	1	0.00	0.00
1	14400-18000	73			602	557	1	36	8	0.61	0.61	0.05	0.57	0.27	0.00	0.00	0.00	0.00	0.00	LOS_A	1	0.00	0.00
1	14400-18000	76-911: Grand Blvd WA@130.2-404: Hopkins Rd@29.7	911	404	18	16	0	1	1	0.56	0.63		0.00	0.00	0.00	0.00		0.00	0.00	LOS_A	1	0.00	0.00
1	14400-18000	76-911: Grand Blvd WA@130.2-408: Hopkins Rd@16.0	911	408	123	122	0	1	0	0.25	0.25		0.33		0.00	0.00		0.00		LOS_A	1	0.00	0.00
1	14400-18000	76-913: Hopkins Rd@4.0-408: Hopkins Rd@16.0	913	408	692	638	2	37	9	0.49	0.50	0.13	0.28	0.48	0.00	0.00	0.00	0.00	0.00	LOS_A	1	0.00	0.00
1	14400-18000	76-913: Hopkins Rd@4.0-912@27.4	913	912	20	20	0	0	0	3.25	3.25				0.00	0.00				LOS_A	1	0.00	0.00
1	14400-18000	76-948: Hopkins Rd@33.1-404: Hopkins Rd@29.7	948	404	380	334	0	37	3	0.86	0.91		0.63	0.23	0.00	0.00		0.00	0.00	LOS_A	1	0.00	0.00
1	14400-18000	76-948: Hopkins Rd@33.1-912@27.4	948	912	22	22	0	0	0	8.26	8.26				0.00	0.00				LOS_A	1	0.00	0.00
1	14400-18000	76			1255	1152	2	76	13	0.76	0.79	0.13	0.45	0.39	0.00	0.00	0.00	0.00	0.00	LOS_A	1	0.00	0.00
1	14400-18000	77-208: Western Fwy@25.5-84: Western Fwy@15.9	208	84	906	836	16	35	19	1.87	1.89	0.82	1.71	2.43	0.00	0.00	0.00	0.00	0.00	LOS_A	1	0.00	0.00
1	14400-18000	77-208: Western Fwy@25.5-180@16.3	208	180	335	320	0	14	1	7.96	7.97		7.77	7.65	0.00	0.00		0.00	0.00	LOS_A	1	0.00	0.00
1	14400-18000	77			1241	1156	16	49	20	3.52	3.57	0.82	3.44	2.69	0.00	0.00	0.00	0.00	0.00	LOS_A	1	0.00	0.00
1	14400-18000	78-84: Western Fwy@896.5-203: Western Fwy@19.3	84	203	906	836	16	35	19	0.40	0.40	0.74	0.25	0.51	0.00	0.00	0.00	0.00	0.00	LOS_A	1	0.00	0.00
1	14400-18000	78-529@58.8-203: Western Fwy@19.3	529	203	375	339	0	28	6	0.59	0.57		0.83	0.80	0.00	0.00		0.00	0.00	LOS_A	1	0.00	0.00
1	14400-18000	78			1281	1175	16	63	25	0.46	0.45	0.74	0.50	0.58	0.00	0.00	0.00	0.00	0.00	LOS_A	1	0.00	0.00
1	14400-18000	79-184: Western Fwy@928.7-205: Western Fwy@68.7	184	205	1264	1162	11	61	30	1.28	1.23	2.82	1.70	1.85	0.00	0.00	0.00	0.00	0.00	LOS_A	1	0.00	0.00
1	14400-18000	79-333@86.1-205: Western Fwy@68.7	333	205	258	253	0	4	1	1.60	1.60		1.71	2.06	0.00	0.00		0.00	0.00	LOS_A	1	0.00	0.00
1	14400-18000	79			1522	1415	11	65	31	1.33	1.29	2.82	1.70	1.86	0.00	0.00	0.00	0.00	0.00	LOS_A	1	0.00	0.00
1	14400-18000	80-424: Western Fwy@14.2-184: Western Fwy@85.3	424	184	1263	1161	11	61	30	3.40	3.41	3.48	3.47	2.92	0.00	0.00	0.00	0.00	0.00	LOS_A	1	0.00	9.91
1	14400-18000	80-424: Western Fwy@14.2-337@9.9	424	337	498	465	3	26	2	7.79	7.65	10.97	9.47	10.85	0.00	0.00	0.00	0.00	0.00	LOS_A	1	0.00	9.91
1	14400-18000	80			1761	1626	14	87	32	4.64	4.62	5.09	5.27	3.41	0.00	0.00	0.00	0.00	0.00	LOS_A	1	0.00	9.91
1	14400-18000	81-532: Western Hwy@54.0-334: Western Hwy@32.2	532	334	1170	1064	16	63	25	0.88	0.91	0.96	0.67	0.43	0.00	0.00	0.00	0.00	0.00	LOS_A	1	0.00	0.00
1	14400-18000	81-532: Western Hwy@54.0-481@38.6	532	481	111	111	0	0	0	5.68	5.68				0.00	0.00				LOS_A	1	0.00	0.00
1	14400-18000	81			1281	1175	16	63	25	1.30	1.36	0.96	0.67	0.43	0.00	0.00	0.00	0.00	0.00	LOS_A	1	0.00	0.00
1	14400-18000	82-334: Western Hwy@654.9-72: Western Hwy@13.0	334	72	1170	1064	16	63	25	0.79	0.81	1.41	0.45	0.62	0.00	0.00	0.00	0.00	0.00	LOS_A	1	0.00	0.00
1	14400-18000	82-482@267.1-72: Western Hwy@13.0	482	72	32	32	0	0	0	0.05	0.05				0.00	0.00				LOS_A	1	0.00	0.00
1	14400-18000	82			1202	1096	16	63	25	0.77	0.79	1.41	0.45	0.62	0.00	0.00	0.00	0.00	0.00	LOS_A	1	0.00	0.00
1	14400-18000	83-313: Western Hwy@39.7-103: Western Hwy@23.4	313	103	1048	953	16	56	21	1.25	1.27	1.84	0.93	0.61	0.00	0.00	0.00	0.00	0.00	LOS_A	1	0.00	0.00
1	14400-18000	83-313: Western Hwy@39.7-174@14.4	313	174	155	144	0	7	4	5.02	4.91		6.32	6.74	0.00	0.00		0.00	0.00	LOS_A	1	0.00	0.00
1	14400-18000	83			1203	1097	16	63	25	1.73	1.75	1.84	1.53	1.59	0.00	0.00	0.00	0.00	0.00	LOS_A	1	0.00	0.00
1	14400-18000	84-161@132.7-99: Western Hwy@10.0	161	99	277	266	0	8	3	0.95	0.91		1.71	1.85	0.00	0.00		0.00	0.00	LOS_A	1	0.00	0.00
1	14400-18000	84-187: Western Hwy@838.0-99: Western Hwy@10.0	187	99	1492	1350	13	91	36	1.26	1.25	1.71	1.29	1.65	0.00	0.00	0.00	0.00	0.00	LOS_A	1	0.00	0.00
1	14400-18000	84			1769	1616	13	99	39	1.21	1.19	1.71	1.32	1.66	0.00	0.00	0.00	0.00	0.00	LOS_A	1	0.00	0.00
1	14400-18000	85-103: Western Hwy@829.6-89: Western Hwy@49.7	103	89	1049	954	16	56	21	0.87	0.89	1.53	0.52	0.82	0.00	0.00	0.00	0.00	0.00	LOS_A	1	0.00	0.00
1	14400-18000	85-175@113.1-89: Western Hwy@49.7	175	89	380	365	0	10	5	0.76	0.74		0.99	1.61	0.00	0.00		0.00	0.00	LOS_A	1	0.00	0.00
1	14400-18000	85			1429	1319	16	66	26	0.84	0.84	1.53	0.59	0.98	0.00	0.00	0.00	0.00	0.00	LOS_A	1	0.00	0.00
1	14400-18000	86-323: Western Hwy@20.0-159@12.1	323	159	89	76	0	10	3	4.13	3.85		5.65	6.39	0.00	0.00		0.00	0.00	LOS_A	1	0.00	0.00
1	14400-18000	86-323: Western Hwy@20.0-187: Western Hwy@33.1	323	187	1492	1350	13	91	36	2.38	2.40	2.96	2.10	2.13	0.00	0.00	0.00	0.00	0.00	LOS_A	1	0.00	0.00
1	14400-18000	86			1581	1426	13	101	39	2.48	2.48	2.96	2.45	2.46	0.00	0.00	0.00	0.00	0.00	LOS_A	1	0.00	0.00
1	14400-18000	87-343: Western Hwy@756.9-154: Western Hwy@6.1	343	154	1606	1443	13	108	40	1.33	1.35	1.90	1.19	1.03	0.00	0.00	0.00	0.00	0.00	LOS_A	1	0.00	0.00
1	14400-18000	87-480@343.6-154: Western Hwy@6.1	480	154	39	39	0	0	0	0.03	0.03				0.00	0.00				LOS_A	1	0.00	0.00
1	14400-18000	87			1645	1482	13	108	40	1.30	1.31	1.90	1.19	1.03	0.00	0.00	0.00	0.00	0.00	LOS_A	1	0.00	0.00
1	14400-18000	88-955: Western Fwy@13.7-343: Western Hwy@21.2	955	343	1606	1443	13	108	40	1.25	1.22	1.58	1.36	1.61	0.00	0.00	0.00	0.00	0.00	LOS_A	1	0.00	0.00
1	14400-18000	88-955: Western Fwy@13.7-479@7.3	955	479	0	0	0	0	0											LOS_A		0.00	0.00
1	14400-18000	88			1606	1443	13	108	40	1.25	1.22	1.58	1.36	1.61	0.00	0.00	0.00	0.00	0.00	LOS_A	1	0.00	0.00
1	14400-18000	89-228: Western Fwy@25.8-108@38.1	228	108	186	175	0	6	3	7.60	7.56		8.38	8.22	0.05	0.06		0.00	0.00	LOS_A	1	0.20	48.44
1	14400-18000	89-228: Western Fwy@25.8-194: Western Fwy@23.2	228	194	1369	1270	16	60	23	2.71	2.74	2.10	2.01	3.41	0.02	0.03	0.00	0.00	0.01	LOS_A	1	0.20	48.44
1	14400-18000	89			1555	1445	16	66	26	3.30	3.32	2.10	2.59	3.96	0.03	0.03	0.00	0.00	0.01	LOS_A	1	0.20	48.44
1	14400-18000	90-104@749.4-417: Western Fwy@11.1	104	417	274	262	0	8	2	0.45	0.45		0.33	0.33	0.00	0.00		0.00	0.00	LOS_A	1	0.00	0.00
1	14400-18000	90-196: Western Fwy@1281.0-417: Western Fwy@11.1	196	417	1332	1181	13	100	38	0.85	0.85	1.22	0.81	0.87	0.00	0.00	0.00	0.00	0.00	LOS_A	1	0.00	0.00
1	14400-18000	90			1606	1443	13	108	40	0.78	0.77	1.22	0.77	0.84	0.00	0.00	0.00	0.00	0.00	LOS_A	1	0.00	0.00
1	14400-18000	91-260: Hopkins Rd@38.0-419@15.1	260	419	415	388	0	19	8	14.63	14.79		10.73	16.25	2.56	2.64		1.55	1.15	LOS_B	2	26.36	503.47
1	14400-18000	91-260: Hopkins Rd@38.0-427: Hopkins Rd@14.4	260	427	425	370	4	34	4	6.95	6.82	5.15	8.34	18.97	0.88	0.79	0.00	1.92	2.70	LOS_A	1	26.36	503.47
1	14400-18000	91-426: Hopkins Rd@77.5-43: Hopkins Rd@14.4	426	43	515	472	0	24	4	1.79	1.82		2.11	1.32	0.00	0.00		0.00	0.00	LOS_A	1	0.00	0.00
1	14400-18000	91			1355	1230	4	77	16	7.34	7.41	5.15	6.99	13.20	1.06	1.07	0.00	1.23	1.25	LOS_A	1	13.18	503.47
1	14400-18000	92-107@313.1-8: Western Fwy@5.3	107	8	805	753	1	40	11	12.98	12.93	22.82	12.64	16.88	0.96	0.99	0.00	0.46	0.72	LOS_B	2	104.40	517.01
1	14400-18000	92-194: Western Fwy@609.6-8: Western Fwy@5.3	194	8	1369	1270	16	60	23	15.60	15.56	13.46	15.60	19.59	1.27	1.31	0.19	0.76	1.43	LOS_C	3	80.99	507.50
1	14400-18000	92			2174	2023	17	100	34	14.63	14.58	14.01	14.42	18.72	1.16	1.19	0.18	0.64	1.20	LOS_B	2	92.69	517.01
1	14400-18000	93-224: Western Fwy@24.6-149@12.9	224	149	228	183	2	37	6	5.86	5.41	8.96	7.56	8.11	0.03	0.04	0.00	0.00	0.00	LOS_A	1	0.11	45.89
1	14400-18000	93-224: Western Fwy@24.6-196: Western Fwy@9.8	224	196	1332	1181	13	100	38	2.33	2.35	2.73	2.12	2.22	0.00	0.00	0.00	0.00	0.00	LOS_A	1	0.11	45.89
1	14400-18000	93			1560	1364	15	137	44	2.85	2.76	3.56	3.59	3.02	0.01	0.01	0.00	0.00	0.00	LOS_A	1	0.11	45.89
1	14400-18000	94-949: Western Fwy@23.3-136@6.8	949	136	432	416	0	15	1	0.61	0.62		0.39	0.00	0.00	0.00		0.00	0.00	LOS_A	1	0.00	0.00
1	14400-18000	94-949: Western Fwy@23.3-389: Western Fwy  Deer Park Byp@4.2	949	389	1745	1610	17	85	33	1.49	1.52	1.47	0.90	1.54	0.00	0.00	0.00	0.00	0.00	LOS_A	1	0.00	0.00
1	14400-18000	94			2177	2026	17	100	34	1.32	1.34	1.47	0.82	1.50	0.00	0.00	0.00	0.00	0.00	LOS_A	1	0.00	0.00
1	14400-18000	95-952: Western Hwy@80.5-1039: Western Fwy@10.4	952	1039	472	444	1	23	4	2.97	2.97	0.87	3.24	1.97	0.00	0.00	0.00	0.00	0.00	LOS_A	1	0.00	0.00
1	14400-18000	95-1038: Western Fwy  Deer Park Byp@73.0-1039: Western Fwy@10.4	1038	1039	1088	920	14	114	40	4.86	5.00	3.59	4.08	4.27	0.00	0.00	0.00	0.00	0.00	LOS_A	1	0.00	0.00
1	14400-18000	95			1560	1364	15	137	44	4.29	4.34	3.41	3.94	4.06	0.00	0.00	0.00	0.00	0.00	LOS_A	1	0.00	0.00
1	14400-18000	96-125@88.9-147: Western Fwy  Deer Park Byp@16.2	125	147	521	457	0	49	15	3.69	3.59		4.29	4.89	0.00	0.00		0.00	0.00	LOS_A	1	0.00	0.00
1	14400-18000	96-389: Western Fwy  Deer Park Byp@1708.1-147: Western Fwy  Deer Park Byp@16.2	389	147	1748	1613	17	85	33	6.69	6.63	5.50	7.48	8.01	0.19	0.18	0.07	0.26	0.19	LOS_A	1	7.99	237.94
1	14400-18000	96			2269	2070	17	134	48	6.00	5.96	5.50	6.31	7.04	0.14	0.14	0.07	0.17	0.13	LOS_A	1	3.99	237.94
1	14400-18000	97-240: Western Fwy  Deer Park Byp@38.1-126@16.7	240	126	385	310	8	53	14	5.35	5.16	6.87	5.91	6.41	0.01	0.01	0.00	0.00	0.00	LOS_A	1	0.01	20.39
1	14400-18000	97-240: Western Fwy  Deer Park Byp@38.1-189: Western Fwy  Deer Park Byp@17.7	240	189	1088	920	14	114	40	2.68	2.69	1.81	2.60	2.96	0.00	0.00	0.00	0.00	0.00	LOS_A	1	0.01	20.39
1	14400-18000	97			1473	1230	22	167	54	3.38	3.31	3.65	3.65	3.85	0.00	0.00	0.00	0.00	0.00	LOS_A	1	0.01	20.39
1	14400-18000	98-91: Ballarat Rd  Western Hwy@67.3-362: Ballarat Rd  Western Hwy@13.4	91	362	602	574	0	25	3	0.74	0.73		0.93	1.68	0.00	0.00		0.00	0.00	LOS_A	1	0.00	0.00
1	14400-18000	98-92: Ballarat Rd  Western Hwy@8.7-362: Ballarat Rd  Western Hwy@13.4	92	362	0	0	0	0	0											LOS_A		0.00	0.00
1	14400-18000	98			602	574	0	25	3	0.74	0.73		0.93	1.68	0.00	0.00		0.00	0.00	LOS_A	1	0.00	0.00
1	14400-18000	99-209: Ballarat Rd  Western Hwy@46.4-1: Ballarat Rd  Western Hwy@6.6	209	1	602	574	0	25	3	0.40	0.39		0.45	0.73	0.00	0.00		0.00	0.00	LOS_A	1	0.00	0.00
1	14400-18000	99-209: Ballarat Rd  Western Hwy@46.4-2: Ballarat Rd  Western Hwy@6.5	209	2	0	0	0	0	0											LOS_A		0.00	0.00
1	14400-18000	99			602	574	0	25	3	0.40	0.39		0.45	0.73	0.00	0.00		0.00	0.00	LOS_A	1	0.00	0.00
1	14400-18000	100-1141@18.3-1143@28.5	1141	1143	0	0	0	0	0											LOS_A		0.00	0.00
1	14400-18000	100-1141@18.3-1147@16.5	1141	1147	140	138	0	2	0	0.82	0.83		0.02		0.00	0.00		0.00		LOS_A	1	0.00	0.00
1	14400-18000	100-1141@18.3-1152@26.0	1141	1152	96	90	0	4	2	0.50	0.53		0.08	0.01	0.00	0.00		0.00	0.00	LOS_A	1	0.00	0.00
1	14400-18000	100-1141@18.3-1158@25.0	1141	1158	281	279	0	2	0	0.56	0.57		0.02		0.00	0.00		0.00		LOS_A	1	0.00	0.00
1	14400-18000	100-1146: High Street WA@382.0-1143@28.5	1146	1143	94	92	0	2	0	0.24	0.24		0.02		0.00	0.00		0.00		LOS_A	1	0.00	0.00
1	14400-18000	100-1146: High Street WA@382.0-1147@16.5	1146	1147	0	0	0	0	0											LOS_A		0.00	0.00
1	14400-18000	100-1146: High Street WA@382.0-1152@26.0	1146	1152	100	94	0	6	0	0.16	0.17		0.02		0.00	0.00		0.00		LOS_A	1	0.00	0.00
1	14400-18000	100-1146: High Street WA@382.0-1158@25.0	1146	1158	72	70	0	2	0	0.29	0.30		0.03		0.00	0.00		0.00		LOS_A	1	0.00	0.00
1	14400-18000	100-1159: Bulmans Rd NA@120.5-1143@28.5	1159	1143	200	198	0	2	0	0.13	0.13		0.00		0.00	0.00		0.00		LOS_A	1	0.00	0.00
1	14400-18000	100-1159: Bulmans Rd NA@120.5-1147@16.5	1159	1147	111	110	0	1	0	0.12	0.13		0.00		0.00	0.00		0.00		LOS_A	1	0.00	0.00
1	14400-18000	100-1159: Bulmans Rd NA@120.5-1152@26.0	1159	1152	67	66	0	0	1	0.12	0.12			0.00	0.00	0.00			0.00	LOS_A	1	0.00	0.00
1	14400-18000	100-1159: Bulmans Rd NA@120.5-1158@25.0	1159	1158	0	0	0	0	0											LOS_A		0.00	0.00
1	14400-18000	100-1234@184.1-1143@28.5	1234	1143	101	96	1	4	0	0.83	0.82	0.01	1.19		0.00	0.00	0.00	0.00		LOS_A	1	0.00	0.00
1	14400-18000	100-1234@184.1-1147@16.5	1234	1147	233	228	0	5	0	0.91	0.93		0.12		0.00	0.00		0.00		LOS_A	1	0.00	0.00
1	14400-18000	100-1234@184.1-1152@26.0	1234	1152	0	0	0	0	0											LOS_A		0.00	0.00
1	14400-18000	100-1234@184.1-1158@25.0	1234	1158	87	87	0	0	0	0.92	0.92				0.00	0.00				LOS_A	1	0.00	0.00
1	14400-18000	100			1582	1548	1	30	3	0.51	0.52	0.01	0.20	0.00	0.00	0.00	0.00	0.00	0.00	LOS_A	1	0.00	0.00
1	14400-18000	101-1144@12.5-1140@37.3	1144	1140	0	0	0	0	0											LOS_A		0.00	0.00
1	14400-18000	101-1144@12.5-1168@28.2	1144	1168	31	31	0	0	0	0.74	0.74				0.00	0.00				LOS_A	1	0.00	0.00
1	14400-18000	101-1144@12.5-1170@29.6	1144	1170	225	221	1	3	0	0.72	0.71	0.01	1.44		0.00	0.00	0.00	0.00		LOS_A	1	0.00	0.00
1	14400-18000	101-1144@12.5-1171@32.9	1144	1171	139	134	0	5	0	0.50	0.51		0.20		0.00	0.00		0.00		LOS_A	1	0.00	0.00
1	14400-18000	101-1167: Botanica Spring Blvd WA@141.4-1140@37.3	1167	1140	59	58	0	1	0	0.15	0.15		0.05		0.00	0.00		0.00		LOS_A	1	0.00	0.00
1	14400-18000	101-1167: Botanica Spring Blvd WA@141.4-1168@28.2	1167	1168	0	0	0	0	0											LOS_A		0.00	0.00
1	14400-18000	101-1167: Botanica Spring Blvd WA@141.4-1170@29.6	1167	1170	29	29	0	0	0	0.13	0.13				0.00	0.00				LOS_A	1	0.00	0.00
1	14400-18000	101-1167: Botanica Spring Blvd WA@141.4-1171@32.9	1167	1171	43	42	0	1	0	0.12	0.13		0.02		0.00	0.00		0.00		LOS_A	1	0.00	0.00
1	14400-18000	101-1169: Clarkes Rd SA@143.9-1140@37.3	1169	1140	219	215	0	4	0	0.26	0.26		0.01		0.00	0.00		0.00		LOS_A	1	0.00	0.00
1	14400-18000	101-1169: Clarkes Rd SA@143.9-1168@28.2	1169	1168	11	11	0	0	0	0.08	0.08				0.00	0.00				LOS_A	1	0.00	0.00
1	14400-18000	101-1169: Clarkes Rd SA@143.9-1170@29.6	1169	1170	0	0	0	0	0											LOS_A		0.00	0.00
1	14400-18000	101-1169: Clarkes Rd SA@143.9-1171@32.9	1169	1171	35	35	0	0	0	0.21	0.21				0.00	0.00				LOS_A	1	0.00	0.00
1	14400-18000	101-1172: Botanica Spring Blvd EA@137.6-1140@37.3	1172	1140	239	234	0	3	2	0.32	0.32		0.11	0.01	0.00	0.00		0.00	0.00	LOS_A	1	0.00	0.00
1	14400-18000	101-1172: Botanica Spring Blvd EA@137.6-1168@28.2	1172	1168	20	18	0	2	0	0.10	0.11		0.00		0.00	0.00		0.00		LOS_A	1	0.00	0.00
1	14400-18000	101-1172: Botanica Spring Blvd EA@137.6-1170@29.6	1172	1170	23	23	0	0	0	0.12	0.12				0.00	0.00				LOS_A	1	0.00	0.00
1	14400-18000	101-1172: Botanica Spring Blvd EA@137.6-1171@32.9	1172	1171	0	0	0	0	0											LOS_A		0.00	0.00
1	14400-18000	101			1073	1051	1	19	2	0.39	0.39	0.01	0.30	0.01	0.00	0.00	0.00	0.00	0.00	LOS_A	1	0.00	0.00
1	14400-18000	102-1150@427.1-1155@20.3	1150	1155	23	23	0	0	0	0.48	0.48				0.00	0.00				LOS_A	1	0.00	0.00
1	14400-18000	102-1150@427.1-1156@9.2	1150	1156	257	251	0	6	0	0.33	0.33		0.17		0.00	0.00		0.00		LOS_A	1	0.00	0.00
1	14400-18000	102-1154@88.9-1153@11.3	1154	1153	166	161	0	4	1	1.39	1.41		0.63	0.00	0.00	0.00		0.00	0.00	LOS_A	1	0.00	0.00
1	14400-18000	102-1154@88.9-1155@20.3	1154	1155	56	48	0	6	2	4.47	4.20		5.85	6.63	0.00	0.00		0.00	0.00	LOS_A	1	0.00	0.00
1	14400-18000	102-1157: Harkness Rd NA@97.7-1153@11.3	1157	1153	75	75	0	0	0	0.06	0.06				0.00	0.00				LOS_A	1	0.00	0.00
1	14400-18000	102-1157: Harkness Rd NA@97.7-1156@9.2	1157	1156	112	108	1	3	0	0.05	0.06	0.00	0.00		0.00	0.00	0.00	0.00		LOS_A	1	0.00	0.00
1	14400-18000	102			689	666	1	19	3	0.85	0.80	0.00	2.03	4.42	0.00	0.00	0.00	0.00	0.00	LOS_A	1	0.00	0.00
1	14400-18000	103			0	0	0	0	0											LOS_A			
1	14400-18000	104			0	0	0	0	0											LOS_A			
1	14400-18000	105			0	0	0	0	0											LOS_A			
1	14400-18000	106			0	0	0	0	0											LOS_A			
1	14400-18000	107			0	0	0	0	0											LOS_A			
1	14400-18000	108			0	0	0	0	0											LOS_A			
1	14400-18000	109			0	0	0	0	0											LOS_A			
1	14400-18000	113			0	0	0	0	0											LOS_A			
1	14400-18000	114-1081: Coburns Rd SA@150.5-1125@21.0	1081	1125	282	260	1	2	3	1.84	0.99	0.00	0.82	0.00	0.00	0.00	0.00	0.00	0.00	LOS_A	1	0.00	0.00
1	14400-18000	114-1081: Coburns Rd SA@150.5-1128@12.2	1081	1128	228	219	0	8	1	5.96	5.86		8.79	6.34	0.04	0.03		0.26	0.00	LOS_A	1	0.00	0.00
1	14400-18000	114-1129@3.3-1130@26.0	1129	1130	377	353	3	12	9	7.19	7.03	10.86	8.78	9.92	0.00	0.00	0.00	0.00	0.00	LOS_A	1	0.00	0.00
1	14400-18000	114-1132@5.3-1125@21.0	1132	1125	160	157	0	3	0	0.51	0.48		1.76		0.00	0.00		0.00		LOS_A	1	0.00	0.00
1	14400-18000	114-1240: Western Fwy@6.0-1128@12.2	1240	1128	101	95	0	6	0	1.48	1.45		2.01		0.00	0.00		0.00		LOS_A	1	0.00	0.00
1	14400-18000	114-1240: Western Fwy@6.0-1130@26.0	1240	1130	208	192	0	0	0	0.30	0.26				0.00	0.00				LOS_A	1	0.00	0.00
1	14400-18000	114			1356	1276	4	31	13	3.60	3.36	8.14	6.28	7.36	0.01	0.01	0.00	0.07	0.00	LOS_A	1	0.00	0.00
1	14400-18000	115-1092: Western Fwy@41.4-1091@18.2	1092	1091	473	454	0	17	2	5.56	5.52		6.80	5.45	0.03	0.04		0.00	0.00	LOS_A	1	0.38	86.33
1	14400-18000	115-1092: Western Fwy@41.4-1093: Western Fwy@20.0	1092	1093	935	859	13	46	17	3.43	3.51	1.45	2.68	3.08	0.00	0.00	0.00	0.00	0.00	LOS_A	1	0.38	86.33
1	14400-18000	115			1408	1313	13	63	19	4.15	4.20	1.45	3.79	3.33	0.01	0.01	0.00	0.00	0.00	LOS_A	1	0.38	86.33
1	14400-18000	116-1134: Western Fwy@853.1-1137: Western Fwy@29.6	1134	1137	985	905	8	50	22	0.47	0.43	1.51	0.71	1.08	0.00	0.00	0.00	0.00	0.00	LOS_A	1	0.00	0.00
1	14400-18000	116-1139@39.2-1137: Western Fwy@29.6	1139	1137	329	314	0	14	1	1.08	1.05		1.73	1.51	0.00	0.00		0.00	0.00	LOS_A	1	0.00	0.00
1	14400-18000	116			1314	1219	8	64	23	0.62	0.59	1.51	0.93	1.10	0.00	0.00	0.00	0.00	0.00	LOS_A	1	0.00	0.00
1	14400-18000	117-1093: Western Fwy@887.1-1118: Western Fwy@20.0	1093	1118	935	859	13	46	17	0.59	0.59	1.05	0.45	0.62	0.00	0.00	0.00	0.00	0.00	LOS_A	1	0.00	0.00
1	14400-18000	117-1117@115.1-1118: Western Fwy@20.0	1117	1118	303	294	3	3	3	0.75	0.73	1.49	0.95	1.37	0.00	0.00	0.00	0.00	0.00	LOS_A	1	0.00	0.00
1	14400-18000	117			1238	1153	16	49	20	0.63	0.63	1.13	0.48	0.73	0.00	0.00	0.00	0.00	0.00	LOS_A	1	0.00	0.00
1	14400-18000	118-1135: Western Fwy@35.7-1134: Western Fwy@6.5	1135	1134	985	905	8	50	22	2.01	2.01	2.36	1.59	2.66	0.00	0.00	0.00	0.00	0.00	LOS_A	1	0.00	0.00
1	14400-18000	118-1135: Western Fwy@35.7-1136: Western Fwy@4.3	1135	1136	537	510	3	15	9	4.85	4.78	6.40	5.93	6.32	0.00	0.00	0.00	0.00	0.00	LOS_A	1	0.00	0.00
1	14400-18000	118			1522	1415	11	65	31	3.01	3.01	3.46	2.59	3.72	0.00	0.00	0.00	0.00	0.00	LOS_A	1	0.00	0.00
1	14400-18000	119-1090@228.7-1098@20.0	1090	1098	86	86	0	0	0	0.88	0.88				0.00	0.00				LOS_A	1	0.00	0.00
1	14400-18000	119-1090@228.7-1100@8.0	1090	1100	387	368	0	17	2	4.71	4.59		6.89	8.21	0.00	0.00		0.00	0.00	LOS_A	1	0.00	0.00
1	14400-18000	119-1114@10.9-1098@20.0	1114	1098	223	201	0	6	0	0.41	0.43		0.94		0.00	0.00		0.00		LOS_A	1	0.00	0.00
1	14400-18000	119-1114@10.9-1116@15.9	1114	1116	138	134	2	2	0	3.80	3.77	5.32	4.40		0.00	0.00	0.00	0.00		LOS_A	1	0.00	0.00
1	14400-18000	119-1237@6.9-1100@8.0	1237	1100	276	257	0	4	0	2.15	2.19		4.39		0.00	0.00		0.00		LOS_A	1	0.00	0.00
1	14400-18000	119-1237@6.9-1116@15.9	1237	1116	165	160	1	1	3	5.33	5.27	7.46	7.53	7.42	0.00	0.00	0.00	0.00	0.00	LOS_A	1	0.00	0.00
1	14400-18000	119			1275	1206	3	30	5	3.13	3.12	6.04	5.22	7.73	0.00	0.00	0.00	0.00	0.00	LOS_A	1	0.00	0.00
1	14400-18000	120-1100@12.7-1099@27.3	1100	1099	407	380	0	11	1	1.34	1.22		2.20	3.03	0.00	0.00		0.00	0.00	LOS_A	1	0.00	0.00
1	14400-18000	120-1100@12.7-1103@19.5	1100	1103	109	107	0	2	0	3.86	3.86		3.78		0.20	0.21		0.00		LOS_A	1	0.08	11.41
1	14400-18000	120-1100@12.7-1107@21.1	1100	1107	147	138	0	8	1	2.03	2.02		2.29	2.20	0.00	0.00		0.00	0.00	LOS_A	1	0.00	0.00
1	14400-18000	120-1106@32.8-1099@27.3	1106	1099	0	0	0	0	0											LOS_A		0.00	0.00
1	14400-18000	120-1106@32.8-1103@19.5	1106	1103	0	0	0	0	0											LOS_A		0.00	0.00
1	14400-18000	120-1106@32.8-1112@5.6	1106	1112	128	123	2	3	0	0.84	0.78	2.35	2.19		0.00	0.00	0.00	0.00		LOS_A	1	0.00	0.00
1	14400-18000	120-1184@12.8-1184@46.5	1184	1184	1	1	0	0	0	0.00	0.00				0.00	0.00				LOS_A	1	0.00	0.00
1	14400-18000	120-1186@9.2-1186@61.3	1186	1186	2	0	0	0	0	0.00					0.00					LOS_A	1	0.03	14.87
1	14400-18000	120-1189@5.6-1189@50.7	1189	1189	4	0	0	0	0	0.00					0.00					LOS_A	1	0.10	20.26
1	14400-18000	120-1190@11.3-1190@56.8	1190	1190	3	0	0	0	0	0.00					0.00					LOS_A	1	0.08	15.44
1	14400-18000	120-1191@12.4-1191@46.2	1191	1191	3	3	0	0	0	0.00	0.00				0.00	0.00				LOS_A	1	0.00	0.00
1	14400-18000	120-1192@6.0-1192@58.2	1192	1192	1	0	0	0	0	0.00					0.00					LOS_A	1	0.00	0.00
1	14400-18000	120-1193@13.6-1193@42.6	1193	1193	5	0	0	0	0	0.00					0.00					LOS_A	1	0.08	15.64
1	14400-18000	120-1194@0.7-1194@34.7	1194	1194	1	0	0	0	0	0.00					0.00					LOS_A	1	0.02	13.49
1	14400-18000	120-1236@14.1-1103@19.5	1236	1103	0	0	0	0	0											LOS_A		0.00	0.00
1	14400-18000	120-1236@14.1-1107@21.1	1236	1107	23	19	0	4	0	4.49	4.21		5.86		0.00	0.00		0.00		LOS_A	1	0.00	0.00
1	14400-18000	120-1236@14.1-1112@5.6	1236	1112	233	212	0	5	0	1.46	1.59		0.89		0.00	0.00		0.00		LOS_A	1	0.00	0.00
1	14400-18000	120-1239@4.2-1099@27.3	1239	1099	4	4	0	0	0	0.00	0.00				0.00	0.00				LOS_A	1	0.00	0.00
1	14400-18000	120-1239@4.2-1107@21.1	1239	1107	0	0	0	0	0											LOS_A		0.00	0.00
1	14400-18000	120-1239@4.2-11576@36.8	1239	11576	0	0	0	0	0											LOS_A		0.00	0.00
1	14400-18000	120			1071	987	2	33	2	1.70	1.69	2.35	2.56	2.61	0.02	0.02	0.00	0.00	0.00	LOS_A	1	0.03	20.26
1	14400-18000	121			0	0	0	0	0											LOS_A			
1	14400-18000	122			0	0	0	0	0											LOS_A			
1	14400-18000	123			0	0	0	0	0											LOS_A			
1	14400-18000	124-1123: Kamil St EA@88.6-1122@4.7	1123	1122	14	14	0	0	0	0.01	0.01				0.00	0.00				LOS_A	1	0.00	0.00
1	14400-18000	124-271468@25.6-1122@4.7	271468	1122	583	544	3	12	9	1.91	1.47	4.23	2.43	3.36	0.07	0.03	0.00	0.00	0.00	LOS_A	1	2.75	36.21
1	14400-18000	124-271468@25.6-1180@8.5	271468	1180	1	1	0	0	0	0.75	0.75				0.00	0.00				LOS_A	1	2.75	36.21
1	14400-18000	124			598	559	3	12	9	1.87	1.44	4.23	2.43	3.36	0.07	0.03	0.00	0.00	0.00	LOS_A	1	1.37	36.21
1	14400-18000	125			0	0	0	0	0											LOS_A			
1	14400-18000	244-1156@962.0-1223@12.7	1156	1223	0	0	0	0	0											LOS_A		0.00	0.00
1	14400-18000	244-1156@962.0-1224@15.7	1156	1224	369	359	1	9	0	0.53	0.54	0.00	0.24		0.00	0.00	0.00	0.00		LOS_A	1	0.00	0.00
1	14400-18000	244-1221: One school Melton SA@50.0-1224@15.7	1221	1224	0	0	0	0	0											LOS_A		0.00	0.00
1	14400-18000	244-1221: One school Melton SA@50.0-1225@11.6	1221	1225	0	0	0	0	0											LOS_A		0.00	0.00
1	14400-18000	244-1227@99.3-1223@12.7	1227	1223	0	0	0	0	0											LOS_A		0.00	0.00
1	14400-18000	244-1227@99.3-1225@11.6	1227	1225	222	209	0	10	3	0.23	0.24		0.03	0.02	0.00	0.00		0.00	0.00	LOS_A	1	0.00	0.00
1	14400-18000	244			591	568	1	19	3	0.42	0.43	0.00	0.13	0.02	0.00	0.00	0.00	0.00	0.00	LOS_A	1	0.00	0.00
1	14400-18000	245			0	0	0	0	0											LOS_A			
1	14400-18000	246-1224@100.1-1229@17.2	1224	1229	32	32	0	0	0	0.46	0.46				0.00	0.00				LOS_A	1	0.00	0.00
1	14400-18000	246-1224@100.1-1230@17.9	1224	1230	337	327	1	9	0	0.54	0.55	0.00	0.23		0.00	0.00	0.00	0.00		LOS_A	1	0.00	0.00
1	14400-18000	246-1228: Gleneagles Dr NA@93.7-1227@14.9	1228	1227	24	24	0	0	0	0.03	0.03				0.00	0.00				LOS_A	1	0.00	0.00
1	14400-18000	246-1228: Gleneagles Dr NA@93.7-1230@17.9	1228	1230	60	60	0	0	0	0.04	0.04				0.00	0.00				LOS_A	1	0.00	0.00
1	14400-18000	246-1235@217.9-1227@14.9	1235	1227	198	185	0	10	3	0.23	0.24		0.04	0.03	0.00	0.00		0.00	0.00	LOS_A	1	0.00	0.00
1	14400-18000	246-1235@217.9-1229@17.2	1235	1229	49	49	0	0	0	0.25	0.25				0.00	0.00				LOS_A	1	0.00	0.00
1	14400-18000	246			700	677	1	19	3	0.37	0.38	0.00	0.13	0.03	0.00	0.00	0.00	0.00	0.00	LOS_A	1	0.00	0.00
1	14400-18000	247			0	0	0	0	0											LOS_A			
1	14400-18000	248-1152@193.7-1233@16.5	1152	1233	17	17	0	0	0	0.25	0.25				0.00	0.00				LOS_A	1	0.00	0.00
1	14400-18000	248-1152@193.7-1235@13.8	1152	1235	246	233	0	10	3	0.23	0.24		0.06	0.04	0.00	0.00		0.00	0.00	LOS_A	1	0.00	0.00
1	14400-18000	248-1230@222.2-1233@16.5	1230	1233	1	1	0	0	0	0.00	0.00				0.00	0.00				LOS_A	1	0.00	0.00
1	14400-18000	248-1230@222.2-1234@16.0	1230	1234	396	386	1	9	0	0.67	0.68	0.01	0.29		0.00	0.00	0.00	0.00		LOS_A	1	0.00	0.00
1	14400-18000	248-1232: John Batman Dr NA@78.7-1234@16.0	1232	1234	25	25	0	0	0	0.03	0.03				0.00	0.00				LOS_A	1	0.00	0.00
1	14400-18000	248-1232: John Batman Dr NA@78.7-1235@13.8	1232	1235	1	1	0	0	0	0.00	0.00				0.00	0.00				LOS_A	1	0.00	0.00
1	14400-18000	248			686	663	1	19	3	0.48	0.49	0.01	0.17	0.04	0.00	0.00	0.00	0.00	0.00	LOS_A	1	0.00	0.00
1	14400-18000	249			0	0	0	0	0											LOS_A			
1	14400-18000	298			0	0	0	0	0											LOS_A			
1	14400-18000	299			0	0	0	0	0											LOS_A			
1	14400-18000	312-2419@3.3-24810@22.1	2419	24810	160	150	1	9	0	0.32	0.29	1.31	0.83		0.00	0.00	0.00	0.00		LOS_A	1	0.00	0.00
1	14400-18000	312-2420@4.1-2422@13.2	2420	2422	415	348	2	53	12	1.26	1.24	0.45	1.44	0.96	0.00	0.00	0.00	0.00	0.00	LOS_A	1	0.00	0.00
1	14400-18000	312-2475@44.5-2391@3.4	2475	2391	466	399	8	44	15	1.56	1.35	5.21	2.31	3.14	0.00	0.00	0.00	0.00	0.00	LOS_A	1	0.00	0.00
1	14400-18000	312-2475@44.5-2422@13.2	2475	2422	72	58	0	9	5	10.18	9.45		13.30	13.12	0.00	0.00		0.00	0.00	LOS_B	2	0.00	0.00
1	14400-18000	312-2527@16.1-2391@3.4	2527	2391	322	275	6	32	9	3.03	2.99	4.04	2.94	3.93	0.00	0.00	0.00	0.00	0.00	LOS_A	1	0.00	0.00
1	14400-18000	312-2527@16.1-24810@22.1	2527	24810	193	187	1	5	0	4.29	4.27	6.97	4.47		0.00	0.00	0.00	0.00		LOS_A	1	0.00	0.00
1	14400-18000	312			1628	1417	18	152	41	2.36	2.24	4.18	2.77	3.89	0.00	0.00	0.00	0.00	0.00	LOS_A	1	0.00	0.00
1	14400-18000	313-2394@59.8-2414@34.7	2394	2414	657	623	2	27	5	4.80	4.72	7.92	6.17	6.47	0.10	0.11	0.00	0.00	0.00	LOS_A	1	0.00	0.00
1	14400-18000	313-2394@59.8-2418@36.3	2394	2418	147	132	0	13	2	3.58	3.67		2.78	2.53	0.00	0.00		0.00	0.00	LOS_A	1	0.00	0.00
1	14400-18000	313-2401@29.1-2389@16.1	2401	2389	341	304	2	29	6	4.92	4.86	6.41	5.47	4.96	0.03	0.03	0.00	0.00	0.00	LOS_A	1	0.00	0.00
1	14400-18000	313-2401@29.1-2418@36.3	2401	2418	428	366	3	49	10	0.91	0.90	0.75	1.08	0.59	0.00	0.00	0.00	0.00	0.00	LOS_A	1	0.00	0.00
1	14400-18000	313-2416@14.9-2389@16.1	2416	2389	85	52	4	21	8	4.22	3.80	5.29	4.59	5.44	0.11	0.08	0.00	0.16	0.27	LOS_A	1	0.00	0.00
1	14400-18000	313-2416@14.9-2414@34.7	2416	2414	703	622	10	55	16	1.40	1.35	3.67	1.40	2.14	0.00	0.00	0.00	0.00	0.00	LOS_A	1	0.00	0.00
1	14400-18000	313			2361	2099	21	194	47	3.00	2.99	4.23	3.03	3.21	0.04	0.04	0.00	0.02	0.05	LOS_A	1	0.00	0.00
1	14400-18000	314-2403: Middle Rd WA@220.3-2402@17.0	2403	2402	42	42	0	0	0	0.90	0.90				0.00	0.00				LOS_A	1	0.00	0.00
1	14400-18000	314-2403: Middle Rd WA@220.3-2424@24.2	2403	2424	10	10	0	0	0	1.09	1.09				0.00	0.00				LOS_A	1	0.00	0.00
1	14400-18000	314-2409@18.3-2410@13.9	2409	2410	39	39	0	0	0	4.48	4.48				0.00	0.00				LOS_A	1	0.00	0.00
1	14400-18000	314-2409@18.3-2424@24.2	2409	2424	1321	1206	12	82	21	1.54	1.49	2.79	2.01	1.86	0.00	0.00	0.00	0.00	0.00	LOS_A	1	0.00	0.00
1	14400-18000	314-2413@40.6-2402@17.0	2413	2402	727	628	5	78	16	0.87	0.85	1.05	1.07	0.75	0.00	0.00	0.00	0.00	0.00	LOS_A	1	0.00	0.00
1	14400-18000	314-2413@40.6-2410@13.9	2413	2410	2	2	0	0	0	9.38	9.38				0.00	0.00				LOS_A	1	0.00	0.00
1	14400-18000	314-2517@5.7-2517@54.4	2517	2517	0	0	0	0	0											LOS_A		0.00	0.00
1	14400-18000	314			2141	1927	17	160	37	1.36	1.33	2.28	1.55	1.38	0.00	0.00	0.00	0.00	0.00	LOS_A	1	0.00	0.00
1	14400-18000	315-2424@32.6-2426@30.8	2424	2426	1242	1136	12	73	21	0.59	0.56	1.76	0.79	1.11	0.00	0.00	0.00	0.00	0.00	LOS_A	1	0.00	0.00
1	14400-18000	315-2424@32.6-2434@37.0	2424	2434	20	14	0	6	0	2.82	2.44		3.72		0.00	0.00		0.00		LOS_A	1	0.00	0.00
1	14400-18000	315-2424@32.6-2439@33.6	2424	2439	69	66	0	3	0	4.05	4.01		4.88		0.00	0.00		0.00		LOS_A	1	0.00	0.00
1	14400-18000	315-2430@18.6-2413@31.6	2430	2413	116	103	1	11	1	4.22	4.01	5.81	5.84	6.16	0.00	0.00	0.00	0.00	0.00	LOS_A	1	0.00	0.00
1	14400-18000	315-2430@18.6-2426@30.8	2430	2426	14	12	0	2	0	0.70	0.74		0.47		0.00	0.00		0.00		LOS_A	1	0.00	0.00
1	14400-18000	315-2430@18.6-2439@33.6	2430	2439	4	4	0	0	0	3.87	3.87				0.00	0.00				LOS_A	1	0.00	0.00
1	14400-18000	315-2438@12.4-2413@31.6	2438	2413	21	16	1	4	0	1.45	1.88	0.05	0.09		0.00	0.00	0.00	0.00		LOS_A	1	0.00	0.00
1	14400-18000	315-2438@12.4-2426@30.8	2438	2426	21	19	0	0	2	5.84	5.68			7.36	0.00	0.00			0.00	LOS_A	1	0.00	0.00
1	14400-18000	315-2438@12.4-2434@37.0	2438	2434	14	14	0	0	0	5.50	5.50				0.00	0.00				LOS_A	1	0.00	0.00
1	14400-18000	315-2442@2.5-2413@31.6	2442	2413	592	511	3	63	15	0.09	0.08	0.03	0.22	0.02	0.00	0.00	0.00	0.00	0.00	LOS_A	1	0.00	0.00
1	14400-18000	315-2442@2.5-2434@37.0	2442	2434	33	32	0	1	0	0.99	1.02		0.21		0.00	0.00		0.00		LOS_A	1	0.00	0.00
1	14400-18000	315-2442@2.5-2439@33.6	2442	2439	9	6	0	2	1	2.08	1.02		2.76	7.11	0.00	0.00		0.00	0.00	LOS_A	1	0.00	0.00
1	14400-18000	315			2155	1933	17	165	40	0.89	0.86	1.59	1.09	1.29	0.00	0.00	0.00	0.00	0.00	LOS_A	1	0.00	0.00
1	14400-18000	316			0	0	0	0	0											LOS_A			
1	14400-18000	317			0	0	0	0	0											LOS_A			
1	14400-18000	318			0	0	0	0	0											LOS_A			
1	14400-18000	319			0	0	0	0	0											LOS_A			
1	14400-18000	320			0	0	0	0	0											LOS_A			
1	14400-18000	322-2388@109.5-2387: Western Fwy  Deer Park Byp@24.8	2388	2387	426	356	6	50	14	0.87	0.84	1.64	0.92	1.09	0.00	0.00	0.00	0.00	0.00	LOS_A	1	0.00	0.00
1	14400-18000	322-2397: Western Fwy  Deer Park Byp@856.0-2387: Western Fwy  Deer Park Byp@24.8	2397	2387	1047	874	16	117	40	0.82	0.74	2.00	1.10	1.24	0.00	0.00	0.00	0.00	0.00	LOS_A	1	0.00	0.00
1	14400-18000	322			1473	1230	22	167	54	0.83	0.77	1.91	1.04	1.20	0.00	0.00	0.00	0.00	0.00	LOS_A	1	0.00	0.00
1	14400-18000	323-2479: Western Fwy  Deer Park Byp@45.2-2477@22.4	2479	2477	538	457	8	53	20	4.17	4.00	5.91	5.05	5.03	0.00	0.00	0.00	0.00	0.00	LOS_A	1	0.00	0.00
1	14400-18000	323-2479: Western Fwy  Deer Park Byp@45.2-2478: Western Fwy  Deer Park Byp@23.8	2479	2478	1730	1612	9	81	28	1.80	1.80	1.74	1.76	1.92	0.00	0.00	0.00	0.00	0.00	LOS_A	1	0.00	0.00
1	14400-18000	323			2268	2069	17	134	48	2.36	2.28	3.71	3.06	3.21	0.00	0.00	0.00	0.00	0.00	LOS_A	1	0.00	0.00
1	14400-18000	324-2478: Western Fwy  Deer Park Byp@815.7-2483: Western Fwy  Deer Park Byp@32.3	2478	2483	1731	1613	9	81	28	2.77	2.83	1.67	2.14	1.53	0.00	0.00	0.00	0.00	0.00	LOS_A	1	0.07	34.31
1	14400-18000	324-2485@71.7-2483: Western Fwy  Deer Park Byp@32.3	2485	2483	345	329	2	14	0	3.90	3.84	6.18	4.98		0.00	0.00	0.00	0.00		LOS_A	1	0.00	0.00
1	14400-18000	324			2076	1942	11	95	28	2.96	3.00	2.49	2.55	1.53	0.00	0.00	0.00	0.00	0.00	LOS_A	1	0.03	34.31
1	14400-18000	325-2398: Western Fwy  Deer Park Byp@30.6-2385@22.8	2398	2385	804	755	2	40	7	5.89	5.87	6.85	6.11	6.16	0.01	0.01	0.00	0.00	0.00	LOS_A	1	0.02	17.43
1	14400-18000	325-2398: Western Fwy  Deer Park Byp@30.6-2397: Western Fwy  Deer Park Byp@22.6	2398	2397	1047	874	16	117	40	1.94	2.00	1.43	1.52	1.86	0.00	0.00	0.00	0.00	0.00	LOS_A	1	0.02	17.43
1	14400-18000	325			1851	1629	18	157	47	3.65	3.80	2.03	2.69	2.50	0.00	0.00	0.00	0.00	0.00	LOS_A	1	0.02	17.43
1	14400-18000	326-2502: Western Fwy  Deer Park Byp EA@2131.3-2513: Western Fwy  Deer Park Byp@18.8	2502	2513	955	849	9	74	23	1.41	1.43	1.23	1.40	0.95	0.00	0.00	0.00	0.00	0.00	LOS_A	1	0.00	0.00
1	14400-18000	326-2514: Western Fwy  Deer Park Byp@123.8-2513: Western Fwy  Deer Park Byp@18.8	2514	2513	896	780	9	83	24	6.50	6.57	7.02	5.92	5.90	0.00	0.00	0.00	0.00	0.00	LOS_A	1	0.38	90.41
1	14400-18000	326			1851	1629	18	157	47	3.87	3.89	4.13	3.79	3.48	0.00	0.00	0.00	0.00	0.00	LOS_A	1	0.19	90.41
1	14400-18000	327-2505: Western Fwy  Deer Park Byp@33.7-2506: Western Fwy  Deer Park Byp@21.2	2505	2506	1516	1399	11	83	23	1.22	1.24	1.24	0.98	0.96	0.00	0.00	0.00	0.00	0.00	LOS_A	1	0.00	0.00
1	14400-18000	327-2505: Western Fwy  Deer Park Byp@33.7-2508: Western Fwy  Deer Park Byp@13.2	2505	2508	563	546	0	12	5	3.29	3.25		4.61	4.45	0.00	0.00		0.00	0.00	LOS_A	1	0.00	0.00
1	14400-18000	327			2079	1945	11	95	28	1.78	1.80	1.24	1.44	1.59	0.00	0.00	0.00	0.00	0.00	LOS_A	1	0.00	0.00
1	14400-18000	338			0	0	0	0	0											LOS_A			

