$MOVEMENTEVALUATION:SIMRUN	TIMEINT	MOVEMENT	MOVEMENT\FROMLINK	MOVEMENT\TOLINK	VEHS(ALL)	VEHS(10)	VEHS(20)	VEHS(30)	VEHS(40)	VEHDELAY(ALL)	VEHDELAY(10)	VEHDELAY(20)	VEHDELAY(30)	VEHDELAY(40)	STOPDELAY(ALL)	STOPDELAY(10)	STOPDELAY(20)	STOPDELAY(30)	STOPDELAY(40)	LOS(ALL)	LOSVAL(ALL)	QLEN	QLENMAX
1	3600-7200	43-28: Troups Rd N@6.9-13: Western Hwy@23.8	28	13	0	0	0	0	0											LOS_A		0.00	0.00
1	3600-7200	43-609: Western Hwy@95.9-13: Western Hwy@23.8	609	13	329	264	2	49	14	0.04	0.03	0.00	0.08	0.06	0.00	0.00	0.00	0.00	0.00	LOS_A	1	0.00	0.00
1	3600-7200	43-609: Western Hwy@95.9-27: Troups Rd N@5.6	609	27	15	13	0	0	0	1.60	1.37				0.00	0.00				LOS_A	1	0.00	0.00
1	3600-7200	43-944: Western Hwy@45.8-73: Western Hwy@23.3	944	73	1785	1705	6	55	18	0.14	0.14	0.14	0.11	0.12	0.00	0.00	0.00	0.00	0.00	LOS_A	1	0.00	0.00
1	3600-7200	43			2129	1982	8	104	32	0.13	0.13	0.11	0.10	0.10	0.00	0.00	0.00	0.00	0.00	LOS_A	1	0.00	0.00
1	3600-7200	44-15@3.2-243: Ferris Rd  Melton Hwy@24.7	15	243	172	161	1	9	0	17.48	17.32	38.11	19.39		10.56	10.63	25.61	8.68		LOS_B	2	3.00	33.07
1	3600-7200	44-421: Ferris Rd@65.5-20@13.7	421	20	4	4	0	0	0	1.26	1.26				0.00	0.00				LOS_A	1	0.00	0.00
1	3600-7200	44-421: Ferris Rd@65.5-243: Ferris Rd  Melton Hwy@24.7	421	243	333	320	0	12	1	10.89	10.89		9.12	33.59	4.89	4.93		2.23	21.77	LOS_B	2	3.41	43.94
1	3600-7200	44-682@3.6-420: Ferris Rd@19.2	682	420	42	38	0	2	2	0.18	0.19		0.15	0.14	0.00	0.00		0.00	0.00	LOS_A	1	0.00	0.00
1	3600-7200	44-10393@15.0-19@37.7	10393	19	26	26	0	0	0	22.40	22.40				14.88	14.88				LOS_C	3	0.84	19.01
1	3600-7200	44-10393@15.0-420: Ferris Rd@19.2	10393	420	42	41	0	1	0	4.30	4.31		3.97		1.35	1.38		0.00		LOS_A	1	0.84	19.01
1	3600-7200	44			619	590	1	24	3	11.97	11.94	38.11	12.01	11.29	6.28	6.33	25.61	4.37	7.26	LOS_B	2	1.45	43.94
1	3600-7200	45-499: Zone connector@162.8-95: Melton Hwy@35.1	499	95	1	1	0	0	0	318.19	318.19				311.09	311.09				LOS_F	6	0.47	6.32
1	3600-7200	45-499: Zone connector@162.8-307: Melton Hwy@9.5	499	307	0	0	0	0	0											LOS_A		0.00	0.00
1	3600-7200	45-677: Melton Hwy@21.4-307: Melton Hwy@9.5	677	307	216	207	0	9	0	1.00	0.87		4.18		0.44	0.40		1.24		LOS_A	1	0.14	18.10
1	3600-7200	45-677: Melton Hwy@21.4-500: Zone connector@16.0	677	500	1	1	0	0	0	0.96	0.96				0.00	0.00				LOS_A	1	0.00	0.00
1	3600-7200	45-680: Melton Hwy@11.3-95: Melton Hwy@35.1	680	95	303	296	1	6	0	0.16	0.16	0.01	0.03		0.04	0.04	0.00	0.00		LOS_A	1	6.77	42.26
1	3600-7200	45-680: Melton Hwy@11.3-363: Gateway Dr@7.0	680	363	0	0	0	0	0											LOS_A		0.00	0.00
1	3600-7200	45-680: Melton Hwy@11.3-500: Zone connector@16.0	680	500	18	18	0	0	0	232.13	232.13				222.25	222.25				LOS_F	6	6.77	42.26
1	3600-7200	45-681: Gateway Dr@258.9-95: Melton Hwy@35.1	681	95	0	0	0	0	0											LOS_A		0.00	0.00
1	3600-7200	45			539	523	1	15	0	8.83	9.03	0.01	2.52		8.20	8.43	0.00	0.74		LOS_A	1	1.06	42.26
1	3600-7200	46-12: Hopkins Rd@73.6-44: Hopkins Rd@23.1	12	44	222	208	0	13	1	0.69	0.67		0.80	4.47	0.00	0.00		0.00	0.00	LOS_A	1	0.00	0.00
1	3600-7200	46-12: Hopkins Rd@73.6-104@37.0	12	104	26	25	0	1	0	0.39	0.39		0.32		0.00	0.00		0.00		LOS_A	1	0.00	0.00
1	3600-7200	46-12: Hopkins Rd@73.6-428@34.4	12	428	13	13	0	0	0	0.63	0.63				0.00	0.00				LOS_A	1	0.00	0.00
1	3600-7200	46-12: Hopkins Rd@73.6-1243: Hopkins Rd@4.3	12	1243	0	0	0	0	0											LOS_A		0.00	0.00
1	3600-7200	46-255: Hopkins Rd@17.0-44: Hopkins Rd@23.1	255	44	0	0	0	0	0											LOS_A		0.01	5.89
1	3600-7200	46-255: Hopkins Rd@17.0-104@37.0	255	104	11	9	0	0	0	1.59	1.85				0.20	0.24				LOS_A	1	0.01	5.89
1	3600-7200	46-255: Hopkins Rd@17.0-428@34.4	255	428	15	15	0	0	0	0.64	0.64				0.00	0.00				LOS_A	1	0.01	5.89
1	3600-7200	46-255: Hopkins Rd@17.0-1243: Hopkins Rd@4.3	255	1243	145	140	0	4	1	0.67	0.66		0.52	1.33	0.01	0.01		0.00	0.00	LOS_A	1	0.01	5.89
1	3600-7200	46-257@11.2-44: Hopkins Rd@23.1	257	44	14	13	0	1	0	1.75	1.80		1.07		0.00	0.00		0.00		LOS_A	1	0.00	0.00
1	3600-7200	46-257@11.2-104@37.0	257	104	0	0	0	0	0											LOS_A		0.00	0.00
1	3600-7200	46-257@11.2-428@34.4	257	428	0	0	0	0	0											LOS_A		0.00	0.00
1	3600-7200	46-257@11.2-1243: Hopkins Rd@4.3	257	1243	39	26	3	9	1	1.28	1.27	1.71	1.24	0.67	0.09	0.13	0.00	0.00	0.00	LOS_A	1	0.01	5.89
1	3600-7200	46-429@91.6-44: Hopkins Rd@23.1	429	44	11	11	0	0	0	1.77	1.77				0.33	0.33				LOS_A	1	0.01	6.01
1	3600-7200	46-429@91.6-104@37.0	429	104	8	8	0	0	0	2.40	2.40				0.35	0.35				LOS_A	1	0.01	6.01
1	3600-7200	46-429@91.6-428@34.4	429	428	0	0	0	0	0											LOS_A		0.01	6.01
1	3600-7200	46-429@91.6-1243: Hopkins Rd@4.3	429	1243	7	7	0	0	0	1.01	1.01				0.00	0.00				LOS_A	1	0.01	6.01
1	3600-7200	46			511	475	3	28	3	0.81	0.80	1.71	0.90	2.16	0.03	0.03	0.00	0.00	0.00	LOS_A	1	0.01	6.01
1	3600-7200	47-4: Caroline Springs Blvd@6.8-212: Caroline Springs Blvd@4.6	4	212	528	519	0	7	0	0.40	0.34		0.59		0.00	0.00		0.00		LOS_A	1	0.00	0.00
1	3600-7200	47-4: Caroline Springs Blvd@6.8-446@6.0	4	446	0	0	0	0	0											LOS_A		0.00	0.00
1	3600-7200	47-447@32.5-212: Caroline Springs Blvd@4.6	447	212	0	0	0	0	0											LOS_A		0.00	0.00
1	3600-7200	47-887: Caroline Springs Blvd@16.4-212: Caroline Springs Blvd@4.6	887	212	1	0	0	1	0	7.51			7.51		0.00			0.00		LOS_A	1	0.00	0.00
1	3600-7200	47-887: Caroline Springs Blvd@16.4-448@12.1	887	448	79	67	0	10	0	0.06	0.03		0.02		0.00	0.00		0.00		LOS_A	1	0.00	0.00
1	3600-7200	47			608	586	0	18	0	0.37	0.30		0.66		0.00	0.00		0.00		LOS_A	1	0.00	0.00
1	3600-7200	48-67: Meskos Rd@199.5-12: Hopkins Rd@2.0	67	12	0	0	0	0	0											LOS_A		0.00	0.00
1	3600-7200	48-67: Meskos Rd@199.5-252: Hopkins Rd@3.1	67	252	0	0	0	0	0											LOS_A		0.00	0.00
1	3600-7200	48-251: Hopkins Rd@11.8-12: Hopkins Rd@2.0	251	12	261	246	0	14	1	0.01	0.01		0.08	0.37	0.00	0.00		0.00	0.00	LOS_A	1	0.00	0.00
1	3600-7200	48-251: Hopkins Rd@11.8-66: Meskos Rd@6.0	251	66	0	0	0	0	0											LOS_A		0.00	0.00
1	3600-7200	48-1243: Hopkins Rd@76.3-66: Meskos Rd@6.0	1243	66	0	0	0	0	0											LOS_A		0.00	0.00
1	3600-7200	48-1243: Hopkins Rd@76.3-252: Hopkins Rd@3.1	1243	252	191	173	3	13	2	0.09	0.08	0.34	0.07	0.01	0.00	0.00	0.00	0.00	0.00	LOS_A	1	0.00	0.00
1	3600-7200	48			452	419	3	27	3	0.04	0.04	0.34	0.08	0.13	0.00	0.00	0.00	0.00	0.00	LOS_A	1	0.00	0.00
1	3600-7200	49-351: Delma Rd@85.2-352: Eucumbene Dr@37.8	351	352	0	0	0	0	0											LOS_A		0.00	0.00
1	3600-7200	49-351: Delma Rd@85.2-506: Zone connector@80.7	351	506	12	12	0	0	0	0.12	0.12				0.00	0.00				LOS_A	1	0.00	0.00
1	3600-7200	49-353: Eucumbene Dr@275.9-350: Delma Rd@23.2	353	350	0	0	0	0	0											LOS_A		0.00	0.00
1	3600-7200	49-353: Eucumbene Dr@275.9-506: Zone connector@80.7	353	506	35	35	0	0	0	0.01	0.01				0.00	0.00				LOS_A	1	0.00	0.00
1	3600-7200	49-505: Zone connector@77.8-350: Delma Rd@23.2	505	350	1	0	0	1	0	0.13			0.13		0.00			0.00		LOS_A	1	0.00	0.00
1	3600-7200	49-505: Zone connector@77.8-352: Eucumbene Dr@37.8	505	352	0	0	0	0	0											LOS_A		0.00	0.00
1	3600-7200	49			48	47	0	1	0	0.04	0.04		0.13		0.00	0.00		0.00		LOS_A	1	0.00	0.00
1	3600-7200	50-115: Western Hwy@22.9-209: Ballarat Rd  Western Hwy@28.7	115	209	468	459	0	8	1	18.38	18.32		22.04	17.53	11.91	11.90		13.86	1.11	LOS_B	2	8.21	84.49
1	3600-7200	50-115: Western Hwy@22.9-283: Christies Rd@7.9	115	283	32	32	0	0	0	47.39	47.39				39.25	39.25				LOS_D	4	8.21	84.49
1	3600-7200	50-461: Ballarat Rd  Western Hwy@7.1-114: Western Hwy@17.3	461	114	68	62	0	6	0	25.30	26.16		16.43		17.49	18.26		9.49		LOS_C	3	2.63	23.71
1	3600-7200	50-461: Ballarat Rd  Western Hwy@7.1-215: Caroline Springs Blvd@5.8	461	215	21	18	0	3	0	48.30	42.63		82.31		37.70	32.84		66.84		LOS_D	4	2.63	23.71
1	3600-7200	50-648: Christies Rd@37.8-114: Western Hwy@17.3	648	114	7	6	0	1	0	21.66	22.13		18.87		15.93	17.38		7.18		LOS_C	3	2.34	18.19
1	3600-7200	50-648: Christies Rd@37.8-209: Ballarat Rd  Western Hwy@28.7	648	209	14	14	0	0	0	25.80	25.80				16.08	16.08				LOS_C	3	2.34	18.19
1	3600-7200	50-648: Christies Rd@37.8-215: Caroline Springs Blvd@5.8	648	215	48	38	0	8	0	29.17	28.29		26.92		21.34	21.02		19.14		LOS_C	3	2.34	18.19
1	3600-7200	50-649@8.2-283: Christies Rd@7.9	649	283	27	23	0	4	0	8.25	8.54		6.58		2.56	2.96		0.27		LOS_A	1	0.13	24.91
1	3600-7200	50-651@22.8-215: Caroline Springs Blvd@5.8	651	215	11	11	0	0	0	0.21	0.21				0.00	0.00				LOS_A	1	0.00	0.00
1	3600-7200	50-652: Caroline Springs Blvd@21.4-114: Western Hwy@17.3	652	114	4	4	0	0	0	24.35	24.35				16.04	16.04				LOS_C	3	10.02	83.33
1	3600-7200	50-652: Caroline Springs Blvd@21.4-209: Ballarat Rd  Western Hwy@28.7	652	209	124	121	0	3	0	5.62	5.61		5.70		0.44	0.45		0.00		LOS_A	1	0.02	6.34
1	3600-7200	50-652: Caroline Springs Blvd@21.4-283: Christies Rd@7.9	652	283	401	394	0	5	0	29.75	29.45		43.42		20.71	20.46		32.97		LOS_C	3	10.02	83.33
1	3600-7200	50			1225	1182	0	38	1	22.63	22.39		26.75	17.53	15.23	15.07		18.28	1.11	LOS_C	3	3.34	84.49
1	3600-7200	51-7: Ballarat Rd  Western Hwy@16.6-10: Ballarat Rd  Western Hwy@18.5	7	10	0	0	0	0	0											LOS_A		0.12	6.58
1	3600-7200	51-7: Ballarat Rd  Western Hwy@16.6-385: Chisholm Dr@11.7	7	385	0	0	0	0	0											LOS_A		0.12	6.58
1	3600-7200	51-7: Ballarat Rd  Western Hwy@16.6-670: Ballarat Rd  Western Hwy@1.4	7	670	1	1	0	0	0	111.04	111.04				94.17	94.17				LOS_F	6	0.12	6.58
1	3600-7200	51-7: Ballarat Rd  Western Hwy@16.6-671: Panamax Rd@7.5	7	671	0	0	0	0	0											LOS_A		0.12	6.58
1	3600-7200	51-347: Panamax Rd@4.8-10: Ballarat Rd  Western Hwy@18.5	347	10	28	25	0	3	0	49.04	47.32		63.41		34.36	33.08		45.07		LOS_D	4	1.27	13.61
1	3600-7200	51-347: Panamax Rd@4.8-385: Chisholm Dr@11.7	347	385	2	2	0	0	0	51.04	51.04				42.46	42.46				LOS_D	4	1.27	13.61
1	3600-7200	51-347: Panamax Rd@4.8-670: Ballarat Rd  Western Hwy@1.4	347	670	9	9	0	0	0	2.48	2.48				0.00	0.00				LOS_A	1	0.00	0.00
1	3600-7200	51-360: Ballarat Rd  Western Hwy@55.2-10: Ballarat Rd  Western Hwy@18.5	360	10	583	571	0	11	1	3.11	3.10		3.58	0.00	1.02	1.01		2.02	0.00	LOS_A	1	2.04	63.13
1	3600-7200	51-360: Ballarat Rd  Western Hwy@55.2-385: Chisholm Dr@11.7	360	385	3	3	0	0	0	1.47	1.47				0.00	0.00				LOS_A	1	2.04	63.13
1	3600-7200	51-360: Ballarat Rd  Western Hwy@55.2-671: Panamax Rd@7.5	360	671	20	20	0	0	0	44.31	44.31				35.24	35.24				LOS_D	4	2.04	63.13
1	3600-7200	51-673: Chisholm Dr@12.9-10: Ballarat Rd  Western Hwy@18.5	673	10	23	23	0	0	0	0.90	0.90				0.06	0.06				LOS_A	1	0.00	0.00
1	3600-7200	51-673: Chisholm Dr@12.9-670: Ballarat Rd  Western Hwy@1.4	673	670	10	8	0	2	0	60.39	53.45		88.13		41.77	35.93		65.13		LOS_E	5	1.15	16.13
1	3600-7200	51-673: Chisholm Dr@12.9-671: Panamax Rd@7.5	673	671	7	7	0	0	0	53.19	53.19				39.81	39.81				LOS_D	4	1.15	16.13
1	3600-7200	51-885: Ballarat Rd  Western Hwy@6.9-10: Ballarat Rd  Western Hwy@18.5	885	10	0	0	0	0	0											LOS_A		0.43	18.83
1	3600-7200	51-885: Ballarat Rd  Western Hwy@6.9-385: Chisholm Dr@11.7	885	385	2	2	0	0	0	43.65	43.65				34.72	34.72				LOS_D	4	0.43	18.83
1	3600-7200	51-885: Ballarat Rd  Western Hwy@6.9-670: Ballarat Rd  Western Hwy@1.4	885	670	107	97	0	10	0	4.80	5.02		2.61		1.77	1.91		0.46		LOS_A	1	0.43	18.83
1	3600-7200	51-885: Ballarat Rd  Western Hwy@6.9-671: Panamax Rd@7.5	885	671	61	61	0	0	0	5.69	5.69				1.49	1.49				LOS_A	1	0.43	18.83
1	3600-7200	51			856	829	0	26	1	7.31	7.02		16.62	0.00	4.08	3.86		11.24	0.00	LOS_A	1	0.72	63.13
1	3600-7200	52-198: Melton Hwy@69.6-182@11.5	198	182	251	235	0	14	0	2.31	2.20		3.54		0.00	0.00		0.00		LOS_A	1	0.00	0.00
1	3600-7200	52-198: Melton Hwy@69.6-308: Ferris Rd  Melton Hwy@20.5	198	308	61	60	0	1	0	0.45	0.45		0.32		0.00	0.00		0.00		LOS_A	1	0.00	0.00
1	3600-7200	52-339@366.5-200: Melton Hwy@21.7	339	200	159	159	0	0	0	0.20	0.20				0.00	0.00				LOS_A	1	0.00	0.00
1	3600-7200	52-339@366.5-308: Ferris Rd  Melton Hwy@20.5	339	308	7	7	0	0	0	11.14	11.14				5.54	5.54				LOS_B	2	0.04	5.93
1	3600-7200	52-956: Ferris Rd  Melton Hwy@55.3-182@11.5	956	182	315	301	0	13	1	1.15	1.13		1.52	0.90	0.01	0.01		0.00	0.00	LOS_A	1	0.14	31.05
1	3600-7200	52-956: Ferris Rd  Melton Hwy@55.3-200: Melton Hwy@21.7	956	200	190	180	1	8	0	0.05	0.04	0.28	0.09		0.00	0.00	0.00	0.00		LOS_A	1	0.00	0.00
1	3600-7200	52			983	942	1	36	1	1.11	1.06	0.28	1.96	0.90	0.04	0.04	0.00	0.00	0.00	LOS_A	1	0.04	31.05
1	3600-7200	53-899: Melton Hwy@13.5-199: Melton Hwy@15.7	899	199	0	0	0	0	0											LOS_A		0.00	0.00
1	3600-7200	53-899: Melton Hwy@13.5-301: High St@21.5	899	301	0	0	0	0	0											LOS_A		0.00	0.00
1	3600-7200	53-899: Melton Hwy@13.5-305: Melton Hwy@15.3	899	305	281	274	1	6	0	0.44	0.45	0.26	0.24		0.01	0.01	0.00	0.00		LOS_A	1	0.00	0.00
1	3600-7200	53-899: Melton Hwy@13.5-376: High St@36.1	899	376	68	65	0	2	0	1.69	1.48		6.37		0.00	0.00		0.00		LOS_A	1	0.00	0.00
1	3600-7200	53-900: High St@7.7-199: Melton Hwy@15.7	900	199	96	88	0	6	0	2.33	2.20		3.99		0.17	0.19		0.00		LOS_A	1	0.09	12.52
1	3600-7200	53-900: High St@7.7-301: High St@21.5	900	301	6	6	0	0	0	3.06	3.06				0.96	0.96				LOS_A	1	0.09	12.52
1	3600-7200	53-900: High St@7.7-305: Melton Hwy@15.3	900	305	39	39	0	0	0	7.06	7.06				0.55	0.55				LOS_A	1	0.08	13.80
1	3600-7200	53-900: High St@7.7-376: High St@36.1	900	376	0	0	0	0	0											LOS_A		0.09	12.52
1	3600-7200	53-901: Melton Hwy@7.6-199: Melton Hwy@15.7	901	199	197	188	0	9	0	0.83	0.82		1.09		0.00	0.00		0.00		LOS_A	1	0.01	8.73
1	3600-7200	53-901: Melton Hwy@7.6-301: High St@21.5	901	301	0	0	0	0	0											LOS_A		0.01	8.73
1	3600-7200	53-901: Melton Hwy@7.6-305: Melton Hwy@15.3	901	305	0	0	0	0	0											LOS_A		0.01	8.73
1	3600-7200	53-901: Melton Hwy@7.6-376: High St@36.1	901	376	19	19	0	0	0	0.39	0.39				0.00	0.00				LOS_A	1	0.01	8.73
1	3600-7200	53-1241: High St@3.1-199: Melton Hwy@15.7	1241	199	19	19	0	0	0	3.12	3.12				1.42	1.42				LOS_A	1	0.04	6.05
1	3600-7200	53-1241: High St@3.1-301: High St@21.5	1241	301	0	0	0	0	0											LOS_A		0.04	6.05
1	3600-7200	53-1241: High St@3.1-305: Melton Hwy@15.3	1241	305	1	1	0	0	0	0.14	0.14				0.00	0.00				LOS_A	1	0.04	6.05
1	3600-7200	53-1241: High St@3.1-376: High St@36.1	1241	376	0	0	0	0	0											LOS_A		0.04	6.05
1	3600-7200	53			726	699	1	23	0	1.36	1.33	0.26	2.08		0.10	0.10	0.00	0.00		LOS_A	1	0.04	13.80
1	3600-7200	54-526: Ferris Rd@22.5-310@35.3	526	310	2	2	0	0	0	3.91	3.91				0.00	0.00				LOS_A	1	0.00	0.00
1	3600-7200	54-526: Ferris Rd@22.5-421: Ferris Rd@15.4	526	421	0	0	0	0	0											LOS_A		0.00	0.00
1	3600-7200	54-526: Ferris Rd@22.5-525: Ferris Rd@18.9	526	525	82	77	0	3	2	0.02	0.02		0.03	0.01	0.00	0.00		0.00	0.00	LOS_A	1	0.00	0.00
1	3600-7200	54-527: Zone connector@58.2-310@35.3	527	310	0	0	0	0	0											LOS_A		0.00	0.00
1	3600-7200	54-527: Zone connector@58.2-421: Ferris Rd@15.4	527	421	318	306	0	11	1	0.12	0.11		0.23	0.02	0.00	0.00		0.00	0.00	LOS_A	1	0.00	0.00
1	3600-7200	54-528@5.7-421: Ferris Rd@15.4	528	421	19	18	0	1	0	2.16	2.02		4.78		0.00	0.00		0.00		LOS_A	1	0.00	0.00
1	3600-7200	54-528@5.7-525: Ferris Rd@18.9	528	525	0	0	0	0	0											LOS_A		0.00	0.00
1	3600-7200	54			421	403	0	15	3	0.21	0.20		0.49	0.02	0.00	0.00		0.00	0.00	LOS_A	1	0.00	0.00
1	3600-7200	55-68: Mount Cottrell Rd@390.9-320: Western Fwy@25.9	68	320	82	81	0	0	1	0.38	0.38			0.38	0.00	0.00			0.00	LOS_A	1	0.00	0.00
1	3600-7200	55-942: Western Hwy@75.8-69: Mount Cottrell Rd@25.4	942	69	6	5	0	1	0	0.26	0.14		0.87		0.00	0.00		0.00		LOS_A	1	0.00	0.00
1	3600-7200	55-942: Western Hwy@75.8-320: Western Fwy@25.9	942	320	365	299	2	48	14	0.05	0.05	0.00	0.07	0.00	0.00	0.00	0.00	0.00	0.00	LOS_A	1	0.00	0.00
1	3600-7200	55			453	385	2	49	15	0.11	0.12	0.00	0.09	0.03	0.00	0.00	0.00	0.00	0.00	LOS_A	1	0.00	0.00
1	3600-7200	56-24: Paynes Rd@384.9-537: Western Hwy@24.0	24	537	40	36	0	4	0	0.16	0.17		0.10		0.00	0.00		0.00		LOS_A	1	0.00	0.00
1	3600-7200	56-536: Western Hwy@83.6-23: Paynes Rd@34.1	536	23	1	1	0	0	0	2.76	2.76				0.00	0.00				LOS_A	1	0.00	0.00
1	3600-7200	56-536: Western Hwy@83.6-537: Western Hwy@24.0	536	537	331	268	2	45	14	0.09	0.10	0.00	0.07	0.03	0.00	0.00	0.00	0.00	0.00	LOS_A	1	0.00	0.00
1	3600-7200	56			372	305	2	49	14	0.11	0.12	0.00	0.07	0.03	0.00	0.00	0.00	0.00	0.00	LOS_A	1	0.00	0.00
1	3600-7200	57-169: Western Hwy@71.3-168: Western Hwy@12.5	169	168	1646	1566	6	53	19	0.11	0.12	0.03	0.10	0.03	0.00	0.00	0.00	0.00	0.00	LOS_A	1	0.00	0.00
1	3600-7200	57-511: Zone connector@97.7-172: Western Hwy@0.2	511	172	0	0	0	0	0											LOS_A		0.00	0.00
1	3600-7200	57-936: Western Hwy@71.3-172: Western Hwy@0.2	936	172	333	270	2	45	14	0.02	0.03	0.00	0.01	0.03	0.00	0.00	0.00	0.00	0.00	LOS_A	1	0.00	0.00
1	3600-7200	57-936: Western Hwy@71.3-512: Zone connector@4.0	936	512	0	0	0	0	0											LOS_A		0.00	0.00
1	3600-7200	57			1979	1836	8	98	33	0.10	0.10	0.02	0.06	0.03	0.00	0.00	0.00	0.00	0.00	LOS_A	1	0.00	0.00
1	3600-7200	58-436@136.8-271: Leakes Rd@61.4	436	271	16	14	0	1	1	0.11	0.12		0.10	0.09	0.00	0.00		0.00	0.00	LOS_A	1	0.00	0.00
1	3600-7200	58-436@136.8-437: Leakes Rd@45.3	436	437	20	18	0	2	0	0.25	0.26		0.09		0.00	0.00		0.00		LOS_A	1	0.00	0.00
1	3600-7200	58-600: Leakes Rd@6.4-273@26.5	600	273	114	111	0	3	0	1.04	1.00		2.30		0.00	0.00		0.00		LOS_A	1	0.00	0.00
1	3600-7200	58-600: Leakes Rd@6.4-437: Leakes Rd@45.3	600	437	48	44	0	2	1	0.27	0.30		0.00	0.00	0.00	0.00		0.00	0.00	LOS_A	1	0.00	0.00
1	3600-7200	58-1263: Leakes Rd@41.8-271: Leakes Rd@61.4	1263	271	44	37	0	6	0	0.02	0.02		0.00		0.00	0.00		0.00		LOS_A	1	0.00	0.00
1	3600-7200	58-1263: Leakes Rd@41.8-273@26.5	1263	273	62	60	0	2	0	0.39	0.38		0.80		0.00	0.00		0.00		LOS_A	1	0.00	0.00
1	3600-7200	58			304	284	0	16	2	0.54	0.54		0.55	0.04	0.00	0.00		0.00	0.00	LOS_A	1	0.00	0.00
1	3600-7200	59-271: Leakes Rd@243.2-401: Leakes Rd@29.0	271	401	60	51	0	7	1	0.00	0.00		0.00	0.00	0.00	0.00		0.00	0.00	LOS_A	1	0.00	0.00
1	3600-7200	59-443@92.7-270: Leakes Rd@21.8	443	270	0	0	0	0	0											LOS_A		0.00	0.00
1	3600-7200	59-443@92.7-442@13.5	443	442	0	0	0	0	0											LOS_A		0.00	0.00
1	3600-7200	59-605: Leakes Rd@50.0-270: Leakes Rd@21.8	605	270	162	155	0	5	1	0.31	0.20		0.16	0.02	0.00	0.00		0.00	0.00	LOS_A	1	0.00	0.00
1	3600-7200	59-605: Leakes Rd@50.0-442@13.5	605	442	0	0	0	0	0											LOS_A		0.00	0.00
1	3600-7200	59			222	206	0	12	2	0.23	0.15		0.07	0.01	0.00	0.00		0.00	0.00	LOS_A	1	0.00	0.00
1	3600-7200	60-604: Leakes Rd@15.4-398: Taylors Rd@22.2	604	398	3	3	0	0	0	1.62	1.62				0.00	0.00				LOS_A	1	0.00	0.00
1	3600-7200	60-604: Leakes Rd@15.4-402: Leakes Rd@24.4	604	402	149	143	0	5	1	6.11	6.35		0.65	0.00	3.06	3.18		0.00	0.00	LOS_A	1	0.86	32.46
1	3600-7200	60-606: Leakes Rd@69.8-402: Leakes Rd@24.4	606	402	13	12	0	0	0	0.19	0.08				0.00	0.00				LOS_A	1	0.00	0.00
1	3600-7200	60-607: Taylors Rd@70.4-400: Leakes Rd@76.7	607	400	0	0	0	0	0											LOS_A		0.00	0.00
1	3600-7200	60-938: Leakes Rd@26.8-398: Taylors Rd@22.2	938	398	49	42	0	6	0	37.31	36.99		45.15		31.09	31.48		33.53		LOS_D	4	2.69	21.34
1	3600-7200	60-938: Leakes Rd@26.8-400: Leakes Rd@76.7	938	400	11	9	0	1	1	0.02	0.02		0.04	0.00	0.00	0.00		0.00	0.00	LOS_A	1	2.69	21.34
1	3600-7200	60			225	209	0	12	2	12.21	11.81		22.85	0.00	8.80	8.51		16.77	0.00	LOS_B	2	0.71	32.46
1	3600-7200	61-540@22.7-435: Leakes Rd@19.5	540	435	5	5	0	0	0	0.10	0.10				0.00	0.00				LOS_A	1	0.00	0.00
1	3600-7200	61-540@22.7-438: Leakes Rd@14.4	540	438	24	18	0	6	0	0.76	0.42		1.77		0.00	0.00		0.00		LOS_A	1	0.00	8.48
1	3600-7200	61-863: Leakes Rd@86.5-265@27.3	863	265	28	26	0	2	0	1.69	1.65		2.25		0.00	0.00		0.00		LOS_A	1	0.00	0.00
1	3600-7200	61-863: Leakes Rd@86.5-435: Leakes Rd@19.5	863	435	40	36	0	2	1	0.05	0.05		0.00	0.00	0.00	0.00		0.00	0.00	LOS_A	1	0.00	0.00
1	3600-7200	61-941: Leakes Rd@8.5-265@27.3	941	265	5	3	0	0	0	3.54	1.63				0.00	0.00				LOS_A	1	0.00	0.00
1	3600-7200	61-941: Leakes Rd@8.5-438: Leakes Rd@14.4	941	438	82	79	0	2	0	0.04	0.05		0.00		0.00	0.00		0.00		LOS_A	1	0.00	0.00
1	3600-7200	61			184	167	0	12	1	0.49	0.37		1.26	0.00	0.00	0.00		0.00	0.00	LOS_A	1	0.00	8.48
1	3600-7200	62-267: Ian Cowie Way@65.6-264: Leakes Rd@15.6	267	264	0	0	0	0	0											LOS_A		0.00	0.00
1	3600-7200	62-267: Ian Cowie Way@65.6-434: Leakes Rd@14.9	267	434	4	4	0	0	0	0.94	0.94				0.00	0.00				LOS_A	1	0.00	0.00
1	3600-7200	62-538: Leakes Rd@42.7-264: Leakes Rd@15.6	538	264	45	41	0	2	1	0.00	0.00		0.00	0.00	0.00	0.00		0.00	0.00	LOS_A	1	0.00	0.00
1	3600-7200	62-538: Leakes Rd@42.7-268: Ian Cowie Way@17.3	538	268	0	0	0	0	0											LOS_A		0.00	0.00
1	3600-7200	62-864: Leakes Rd@42.2-268: Ian Cowie Way@17.3	864	268	0	0	0	0	0											LOS_A		0.00	0.00
1	3600-7200	62-864: Leakes Rd@42.2-434: Leakes Rd@14.9	864	434	83	78	0	2	0	0.03	0.02		0.00		0.00	0.00		0.00		LOS_A	1	0.00	0.00
1	3600-7200	62			132	123	0	4	1	0.05	0.05		0.00	0.00	0.00	0.00		0.00	0.00	LOS_A	1	0.00	0.00
1	3600-7200	63-374: Westcott Pde@100.7-263: Leakes Rd@9.1	374	263	3	1	0	0	0	10.89	2.90				0.00	0.00				LOS_B	2	0.00	0.00
1	3600-7200	63-374: Westcott Pde@100.7-372: Leakes Rd@14.9	374	372	0	0	0	0	0											LOS_A		0.00	0.00
1	3600-7200	63-542: Leakes Rd@34.5-372: Leakes Rd@14.9	542	372	45	41	0	2	1	0.04	0.00		0.00	0.00	0.00	0.00		0.00	0.00	LOS_A	1	0.00	0.00
1	3600-7200	63-542: Leakes Rd@34.5-375: Westcott Pde@26.6	542	375	0	0	0	0	0											LOS_A		0.00	0.00
1	3600-7200	63-543: Leakes Rd@6.7-263: Leakes Rd@9.1	543	263	80	77	0	2	0	0.01	0.01		0.00		0.00	0.00		0.00		LOS_A	1	0.00	0.00
1	3600-7200	63-543: Leakes Rd@6.7-375: Westcott Pde@26.6	543	375	0	0	0	0	0											LOS_A		0.00	0.00
1	3600-7200	63			128	119	0	4	1	0.28	0.03		0.00	0.00	0.00	0.00		0.00	0.00	LOS_A	1	0.00	0.00
1	3600-7200	64-484@157.6-78: Western Hwy@14.0	484	78	0	0	0	0	0											LOS_A		0.00	0.00
1	3600-7200	64-484@157.6-324: Western Hwy@20.9	484	324	0	0	0	0	0											LOS_A		0.00	0.00
1	3600-7200	64-943: Western Hwy@38.1-78: Western Hwy@14.0	943	78	1785	1705	6	55	18	0.10	0.09	0.11	0.31	0.38	0.00	0.00	0.00	0.00	0.00	LOS_A	1	0.00	0.00
1	3600-7200	64-943: Western Hwy@38.1-324: Western Hwy@20.9	943	324	0	0	0	0	0											LOS_A		0.00	0.00
1	3600-7200	64-943: Western Hwy@38.1-483@8.4	943	483	0	0	0	0	0											LOS_A		0.00	0.00
1	3600-7200	64-1265: Western Hwy@45.2-78: Western Hwy@14.0	1265	78	0	0	0	0	0											LOS_A		0.00	0.00
1	3600-7200	64-1265: Western Hwy@45.2-324: Western Hwy@20.9	1265	324	329	264	2	49	14	0.02	0.02	0.00	0.02	0.00	0.00	0.00	0.00	0.00	0.00	LOS_A	1	0.00	0.00
1	3600-7200	64-1265: Western Hwy@45.2-483@8.4	1265	483	0	0	0	0	0											LOS_A		0.00	0.00
1	3600-7200	64			2114	1969	8	104	32	0.08	0.08	0.08	0.18	0.21	0.00	0.00	0.00	0.00	0.00	LOS_A	1	0.00	0.00
1	3600-7200	65-27: Troups Rd N@8.8-29: Western Hwy@8.5	27	29	8	8	0	0	0	0.01	0.01				0.00	0.00				LOS_A	1	0.00	0.00
1	3600-7200	65-27: Troups Rd N@8.8-31: Troups Rd N@5.3	27	31	7	5	0	0	0	0.03	0.00				0.00	0.00				LOS_A	1	0.00	0.00
1	3600-7200	65-30: Western Hwy@242.6-28: Troups Rd N@3.2	30	28	0	0	0	0	0											LOS_A		0.00	0.00
1	3600-7200	65-30: Western Hwy@242.6-31: Troups Rd N@5.3	30	31	0	0	0	0	0											LOS_A		0.00	0.00
1	3600-7200	65-32: Troups Rd N@98.1-28: Troups Rd N@3.2	32	28	0	0	0	0	0											LOS_A		0.00	0.00
1	3600-7200	65-32: Troups Rd N@98.1-29: Western Hwy@8.5	32	29	0	0	0	0	0											LOS_A		0.00	0.00
1	3600-7200	65			15	13	0	0	0	0.02	0.00				0.00	0.00				LOS_A	1	0.00	0.00
1	3600-7200	66-33: Neales Rd W@612.0-35: Neales Rd W@48.6	33	35	0	0	0	0	0											LOS_A		0.00	0.00
1	3600-7200	66-33: Neales Rd W@612.0-232: Hopkins Rd@6.4	33	232	0	0	0	0	0											LOS_A		0.00	0.00
1	3600-7200	66-33: Neales Rd W@612.0-910: Melton Hwy@16.5	33	910	0	0	0	0	0											LOS_A		0.00	0.00
1	3600-7200	66-622: Neales Rd W@45.9-34: Neales Rd W@23.0	622	34	5	5	0	0	0	37.16	37.16				28.25	28.25				LOS_D	4	0.24	12.46
1	3600-7200	66-622: Neales Rd W@45.9-232: Hopkins Rd@6.4	622	232	52	50	0	0	0	0.44	0.26				0.00	0.00				LOS_A	1	0.00	0.00
1	3600-7200	66-622: Neales Rd W@45.9-910: Melton Hwy@16.5	622	910	0	0	0	0	0											LOS_A		0.24	12.46
1	3600-7200	66-897: Hopkins Rd@12.7-34: Neales Rd W@23.0	897	34	0	0	0	0	0											LOS_A		0.77	27.30
1	3600-7200	66-897: Hopkins Rd@12.7-35: Neales Rd W@48.6	897	35	22	19	0	2	0	28.57	29.92		15.93		19.87	22.07		3.12		LOS_C	3	0.77	27.30
1	3600-7200	66-897: Hopkins Rd@12.7-910: Melton Hwy@16.5	897	910	42	40	0	2	0	0.05	0.05		0.00		0.00	0.00		0.00		LOS_A	1	0.77	27.30
1	3600-7200	66-908: Melton Hwy@9.5-34: Neales Rd W@23.0	908	34	0	0	0	0	0											LOS_A		0.17	13.26
1	3600-7200	66-908: Melton Hwy@9.5-35: Neales Rd W@48.6	908	35	0	0	0	0	0											LOS_A		0.17	13.26
1	3600-7200	66-908: Melton Hwy@9.5-232: Hopkins Rd@6.4	908	232	100	98	0	2	0	2.19	2.24		0.02		0.69	0.70		0.00		LOS_A	1	0.17	13.26
1	3600-7200	66			221	212	0	6	0	4.79	4.66		5.32		2.93	2.97		1.04		LOS_A	1	0.24	27.30
1	3600-7200	67-230: Hopkins Rd@28.1-37@43.8	230	37	76	76	0	0	0	2.54	2.54				0.07	0.07				LOS_A	1	0.01	5.54
1	3600-7200	67-230: Hopkins Rd@28.1-426: Hopkins Rd@4.3	230	426	76	72	0	2	0	0.78	0.42		0.15		0.00	0.00		0.00		LOS_A	1	0.00	0.00
1	3600-7200	67-427: Hopkins Rd@87.2-231: Hopkins Rd@8.3	427	231	48	44	0	4	0	0.05	0.02		0.35		0.00	0.00		0.00		LOS_A	1	0.00	0.00
1	3600-7200	67-946@14.4-231: Hopkins Rd@8.3	946	231	16	15	0	0	0	0.49	0.36				0.00	0.00				LOS_A	1	0.00	0.00
1	3600-7200	67-946@14.4-426: Hopkins Rd@4.3	946	426	95	92	0	2	1	0.65	0.63		0.91	1.96	0.02	0.02		0.00	0.00	LOS_A	1	0.01	6.05
1	3600-7200	67			311	299	0	8	1	1.04	0.96		0.44	1.96	0.02	0.02		0.00	0.00	LOS_A	1	0.00	6.05
1	3600-7200	68-83: Sheahan Rd@168.5-55: Hopkins Rd@3.3	83	55	0	0	0	0	0											LOS_A		0.00	0.00
1	3600-7200	68-83: Sheahan Rd@168.5-251: Hopkins Rd@6.5	83	251	1	1	0	0	0	0.14	0.14				0.00	0.00				LOS_A	1	0.00	0.00
1	3600-7200	68-252: Hopkins Rd@8.4-55: Hopkins Rd@3.3	252	55	191	173	3	13	2	0.01	0.01	0.06	0.01	0.00	0.00	0.00	0.00	0.00	0.00	LOS_A	1	0.00	0.00
1	3600-7200	68-252: Hopkins Rd@8.4-82: Sheahan Rd@6.2	252	82	0	0	0	0	0											LOS_A		0.00	0.00
1	3600-7200	68-895: Hopkins Rd@30.3-82: Sheahan Rd@6.2	895	82	0	0	0	0	0											LOS_A		0.00	0.00
1	3600-7200	68-895: Hopkins Rd@30.3-251: Hopkins Rd@6.5	895	251	260	245	0	14	1	0.04	0.04		0.08	0.19	0.00	0.00		0.00	0.00	LOS_A	1	0.00	0.00
1	3600-7200	68			452	419	3	27	3	0.03	0.03	0.06	0.05	0.06	0.00	0.00	0.00	0.00	0.00	LOS_A	1	0.00	0.00
1	3600-7200	69-290: Caroline Springs Blvd@7.8-60: Caroline Springs Blvd@15.2	290	60	0	0	0	0	0											LOS_A		0.00	0.00
1	3600-7200	69-290: Caroline Springs Blvd@7.8-291: Caroline Springs Blvd@13.9	290	291	74	62	0	10	0	0.59	0.58		0.67		0.00	0.00		0.00		LOS_A	1	0.00	0.00
1	3600-7200	69-290: Caroline Springs Blvd@7.8-293: Chisholm Dr@13.5	290	293	1	1	0	0	0	0.59	0.59				0.00	0.00				LOS_A	1	0.00	0.00
1	3600-7200	69-290: Caroline Springs Blvd@7.8-431: Springlake Ave@15.9	290	431	4	4	0	0	0	0.24	0.24				0.00	0.00				LOS_A	1	0.00	0.00
1	3600-7200	69-292: Caroline Springs Blvd@169.6-60: Caroline Springs Blvd@15.2	292	60	474	465	0	7	0	0.59	0.54		0.27		0.00	0.00		0.00		LOS_A	1	0.01	6.33
1	3600-7200	69-292: Caroline Springs Blvd@169.6-291: Caroline Springs Blvd@13.9	292	291	0	0	0	0	0											LOS_A		0.01	6.33
1	3600-7200	69-292: Caroline Springs Blvd@169.6-293: Chisholm Dr@13.5	292	293	0	0	0	0	0											LOS_A		0.01	6.33
1	3600-7200	69-292: Caroline Springs Blvd@169.6-431: Springlake Ave@15.9	292	431	0	0	0	0	0											LOS_A		0.01	6.33
1	3600-7200	69-294: Chisholm Dr@69.6-60: Caroline Springs Blvd@15.2	294	60	28	28	0	0	0	5.40	5.40				0.52	0.52				LOS_A	1	0.07	12.67
1	3600-7200	69-294: Chisholm Dr@69.6-291: Caroline Springs Blvd@13.9	294	291	0	0	0	0	0											LOS_A		0.07	12.67
1	3600-7200	69-294: Chisholm Dr@69.6-293: Chisholm Dr@13.5	294	293	0	0	0	0	0											LOS_A		0.07	12.67
1	3600-7200	69-294: Chisholm Dr@69.6-431: Springlake Ave@15.9	294	431	0	0	0	0	0											LOS_A		0.07	12.67
1	3600-7200	69-430: Springlake Ave@96.3-60: Caroline Springs Blvd@15.2	430	60	26	26	0	0	0	0.46	0.46				0.00	0.00				LOS_A	1	0.00	0.00
1	3600-7200	69-430: Springlake Ave@96.3-291: Caroline Springs Blvd@13.9	430	291	0	0	0	0	0											LOS_A		0.00	0.00
1	3600-7200	69-430: Springlake Ave@96.3-293: Chisholm Dr@13.5	430	293	0	0	0	0	0											LOS_A		0.00	0.00
1	3600-7200	69-430: Springlake Ave@96.3-431: Springlake Ave@15.9	430	431	0	0	0	0	0											LOS_A		0.00	0.00
1	3600-7200	69			607	586	0	17	0	0.80	0.77		0.50		0.02	0.02		0.00		LOS_A	1	0.01	12.67
1	3600-7200	70-352: Eucumbene Dr@292.6-111: Christies Rd@15.7	352	111	0	0	0	0	0											LOS_A		0.00	0.00
1	3600-7200	70-647: Christies Rd@1.7-111: Christies Rd@15.7	647	111	425	414	0	9	0	3.61	3.65		2.34		0.18	0.18		0.00		LOS_A	1	0.00	0.00
1	3600-7200	70-647: Christies Rd@1.7-353: Eucumbene Dr@18.2	647	353	35	35	0	0	0	4.48	4.48				0.45	0.45				LOS_A	1	0.00	0.00
1	3600-7200	70-891: Christies Rd@8.6-287: Christies Rd@18.9	891	287	69	58	0	9	0	0.02	0.01		0.09		0.00	0.00		0.00		LOS_A	1	0.00	0.00
1	3600-7200	70-891: Christies Rd@8.6-353: Eucumbene Dr@18.2	891	353	0	0	0	0	0											LOS_A		0.00	0.00
1	3600-7200	70			529	507	0	18	0	3.20	3.29		1.21		0.17	0.18		0.00		LOS_A	1	0.00	0.00
1	3600-7200	71-111: Christies Rd@84.9-129@9.8	111	129	355	348	0	7	0	0.47	0.47		0.39		0.00	0.00		0.00		LOS_A	1	0.00	0.00
1	3600-7200	71-111: Christies Rd@84.9-282: Christies Rd@12.4	111	282	70	66	0	2	0	0.03	0.03		0.00		0.00	0.00		0.00		LOS_A	1	0.00	0.00
1	3600-7200	71-274: Christies Rd@5.8-112: Christies Rd@20.6	274	112	69	58	0	9	0	0.08	0.09		0.03		0.00	0.00		0.00		LOS_A	1	0.00	0.00
1	3600-7200	71-274: Christies Rd@5.8-129@9.8	274	129	20	7	0	9	4	3.81	3.03		4.27	4.12	0.00	0.00		0.00	0.00	LOS_A	1	0.00	0.00
1	3600-7200	71			514	479	0	27	4	0.48	0.40		1.53	4.12	0.00	0.00		0.00	0.00	LOS_A	1	0.00	0.00
1	3600-7200	72-126@294.6-280: Christies Rd@41.9	126	280	42	37	0	5	0	1.56	1.62		1.05		0.04	0.05		0.00		LOS_A	1	0.00	0.00
1	3600-7200	72-126@294.6-394: Christies Rd@15.7	126	394	34	21	0	8	5	0.81	0.62		1.03	1.24	0.00	0.00		0.00	0.00	LOS_A	1	0.00	0.00
1	3600-7200	72-126@294.6-626: Palm Springs Rd@75.1	126	626	51	40	3	3	5	1.72	1.57	4.14	2.46	1.06	0.09	0.11	0.00	0.00	0.00	LOS_A	1	0.00	0.00
1	3600-7200	72-279: Christies Rd@96.9-280: Christies Rd@41.9	279	280	0	0	0	0	0											LOS_A		0.00	0.00
1	3600-7200	72-279: Christies Rd@96.9-394: Christies Rd@15.7	279	394	46	42	0	2	0	0.66	0.61		0.71		0.00	0.00		0.00		LOS_A	1	0.00	0.00
1	3600-7200	72-279: Christies Rd@96.9-626: Palm Springs Rd@75.1	279	626	24	24	0	0	0	0.81	0.81				0.00	0.00				LOS_A	1	0.00	0.00
1	3600-7200	72-393: Christies Rd@348.6-280: Christies Rd@41.9	393	280	28	17	0	8	1	0.79	0.28		1.68	0.92	0.00	0.00		0.00	0.00	LOS_A	1	0.00	0.00
1	3600-7200	72-393: Christies Rd@348.6-394: Christies Rd@15.7	393	394	0	0	0	0	0											LOS_A		0.00	0.00
1	3600-7200	72-393: Christies Rd@348.6-626: Palm Springs Rd@75.1	393	626	0	0	0	0	0											LOS_A		0.00	0.00
1	3600-7200	72-625: Palm Springs Rd@88.9-280: Christies Rd@41.9	625	280	19	11	0	5	3	1.40	0.72		2.90	1.44	0.00	0.00		0.00	0.00	LOS_A	1	0.00	8.82
1	3600-7200	72-625: Palm Springs Rd@88.9-394: Christies Rd@15.7	625	394	0	0	0	0	0											LOS_A		0.00	8.82
1	3600-7200	72-625: Palm Springs Rd@88.9-626: Palm Springs Rd@75.1	625	626	0	0	0	0	0											LOS_A		0.00	8.82
1	3600-7200	72			244	192	3	31	14	1.14	1.01	4.14	1.62	1.19	0.03	0.03	0.00	0.00	0.00	LOS_A	1	0.00	8.82
1	3600-7200	73-350: Delma Rd@97.2-464: Ballarat Rd  Western Hwy@8.8	350	464	1	0	0	1	0	0.16			0.16		0.00			0.00		LOS_A	1	0.00	0.00
1	3600-7200	73-663: Ballarat Rd  Western Hwy@46.8-351: Delma Rd@11.2	663	351	12	12	0	0	0	2.51	2.51				0.00	0.00				LOS_A	1	0.00	0.00
1	3600-7200	73-663: Ballarat Rd  Western Hwy@46.8-464: Ballarat Rd  Western Hwy@8.8	663	464	115	103	0	12	0	0.04	0.03		0.14		0.00	0.00		0.00		LOS_A	1	0.00	0.00
1	3600-7200	73			128	115	0	13	0	0.27	0.29		0.14		0.00	0.00		0.00		LOS_A	1	0.00	0.00
1	3600-7200	76-911@130.2-404: Hopkins Rd@29.7	911	404	8	8	0	0	0	27.40	27.40				20.72	20.72				LOS_C	3	0.27	6.60
1	3600-7200	76-911@130.2-408: Hopkins Rd@16.0	911	408	12	12	0	0	0	0.08	0.08				0.00	0.00				LOS_A	1	0.00	0.00
1	3600-7200	76-913: Hopkins Rd@4.0-408: Hopkins Rd@16.0	913	408	248	233	0	14	1	2.60	2.74		0.54	0.00	0.95	1.01		0.00	0.00	LOS_A	1	0.52	31.58
1	3600-7200	76-913: Hopkins Rd@4.0-912@27.4	913	912	2	2	0	0	0	1.15	1.15				0.00	0.00				LOS_A	1	0.00	0.00
1	3600-7200	76-948: Hopkins Rd@33.1-404: Hopkins Rd@29.7	948	404	181	163	3	13	2	1.38	1.40	0.01	1.68	0.00	0.59	0.60	0.00	0.68	0.00	LOS_A	1	0.62	35.83
1	3600-7200	76-948: Hopkins Rd@33.1-912@27.4	948	912	10	10	0	0	0	34.16	34.16				24.69	24.69				LOS_C	3	0.62	35.83
1	3600-7200	76			461	428	3	27	3	3.16	3.34	0.01	1.09	0.00	1.64	1.74	0.00	0.33	0.00	LOS_A	1	0.28	35.83
1	3600-7200	77-208: Western Fwy@25.5-84: Western Fwy@15.9	208	84	1139	1089	6	26	18	0.95	0.95	0.83	0.85	0.78	0.00	0.00	0.00	0.00	0.00	LOS_A	1	0.00	7.40
1	3600-7200	77-208: Western Fwy@25.5-180@16.3	208	180	166	166	0	0	0	3.73	3.73				0.01	0.01				LOS_A	1	0.00	7.40
1	3600-7200	77			1305	1255	6	26	18	1.30	1.32	0.83	0.85	0.78	0.00	0.00	0.00	0.00	0.00	LOS_A	1	0.00	7.40
1	3600-7200	78-84: Western Fwy@896.5-203: Western Fwy@19.3	84	203	1138	1088	6	26	18	0.27	0.28	0.31	0.26	0.12	0.00	0.00	0.00	0.00	0.00	LOS_A	1	0.00	0.00
1	3600-7200	78-529@58.8-203: Western Fwy@19.3	529	203	566	536	0	27	1	0.28	0.28		0.12	0.01	0.00	0.00		0.00	0.00	LOS_A	1	0.00	0.00
1	3600-7200	78			1704	1624	6	53	19	0.28	0.28	0.31	0.19	0.11	0.00	0.00	0.00	0.00	0.00	LOS_A	1	0.00	0.00
1	3600-7200	79-184: Western Fwy@928.7-205: Western Fwy@68.7	184	205	232	181	1	37	13	0.01	0.01	0.00	0.03	0.00	0.00	0.00	0.00	0.00	0.00	LOS_A	1	0.00	0.00
1	3600-7200	79-333@86.1-205: Western Fwy@68.7	333	205	30	30	0	0	0	0.50	0.50				0.00	0.00				LOS_A	1	0.00	0.00
1	3600-7200	79			262	211	1	37	13	0.07	0.08	0.00	0.03	0.00	0.00	0.00	0.00	0.00	0.00	LOS_A	1	0.00	0.00
1	3600-7200	80-424: Western Fwy@14.2-184: Western Fwy@85.3	424	184	232	181	1	37	13	0.20	0.21	0.00	0.20	0.01	0.00	0.00	0.00	0.00	0.00	LOS_A	1	0.00	0.00
1	3600-7200	80-424: Western Fwy@14.2-337@9.9	424	337	214	199	1	11	2	4.36	4.12	9.46	7.39	7.65	0.00	0.00	0.00	0.00	0.00	LOS_A	1	0.00	0.00
1	3600-7200	80			446	380	2	48	15	2.20	2.26	4.73	1.85	1.03	0.00	0.00	0.00	0.00	0.00	LOS_A	1	0.00	0.00
1	3600-7200	81-532: Western Hwy@54.0-334: Western Hwy@32.2	532	334	1619	1539	6	53	19	0.32	0.33	0.17	0.13	0.00	0.00	0.00	0.00	0.00	0.00	LOS_A	1	0.00	0.00
1	3600-7200	81-532: Western Hwy@54.0-481@38.6	532	481	84	84	0	0	0	4.90	4.90				0.00	0.00				LOS_A	1	0.00	0.00
1	3600-7200	81			1703	1623	6	53	19	0.54	0.56	0.17	0.13	0.00	0.00	0.00	0.00	0.00	0.00	LOS_A	1	0.00	0.00
1	3600-7200	82-334: Western Hwy@654.9-72: Western Hwy@13.0	334	72	1619	1539	6	53	19	0.16	0.16	0.00	0.12	0.04	0.00	0.00	0.00	0.00	0.00	LOS_A	1	0.00	0.00
1	3600-7200	82-482@267.1-72: Western Hwy@13.0	482	72	27	27	0	0	0	0.03	0.03				0.00	0.00				LOS_A	1	0.00	0.00
1	3600-7200	82			1646	1566	6	53	19	0.15	0.16	0.00	0.12	0.04	0.00	0.00	0.00	0.00	0.00	LOS_A	1	0.00	0.00
1	3600-7200	83-313: Western Hwy@39.7-103: Western Hwy@23.4	313	103	1610	1534	6	50	18	0.27	0.27	0.08	0.27	0.12	0.00	0.00	0.00	0.00	0.00	LOS_A	1	0.00	0.00
1	3600-7200	83-313: Western Hwy@39.7-174@14.4	313	174	36	32	0	3	1	3.32	2.94		6.22	6.69	0.00	0.00		0.00	0.00	LOS_A	1	0.00	0.00
1	3600-7200	83			1646	1566	6	53	19	0.33	0.32	0.08	0.61	0.46	0.00	0.00	0.00	0.00	0.00	LOS_A	1	0.00	0.00
1	3600-7200	84-161@132.7-99: Western Hwy@10.0	161	99	33	29	0	2	0	0.06	0.00		0.48		0.00	0.00		0.00		LOS_A	1	0.00	0.00
1	3600-7200	84-187: Western Hwy@838.0-99: Western Hwy@10.0	187	99	300	241	2	43	14	0.03	0.03	0.00	0.02	0.00	0.00	0.00	0.00	0.00	0.00	LOS_A	1	0.00	0.00
1	3600-7200	84			333	270	2	45	14	0.03	0.03	0.00	0.04	0.00	0.00	0.00	0.00	0.00	0.00	LOS_A	1	0.00	0.00
1	3600-7200	85-103: Western Hwy@829.6-89: Western Hwy@49.7	103	89	1609	1534	6	50	18	0.81	0.81	0.01	0.94	0.25	0.00	0.00	0.00	0.00	0.00	LOS_A	1	0.00	0.00
1	3600-7200	85-175@113.1-89: Western Hwy@49.7	175	89	176	171	0	5	0	0.06	0.06		0.16		0.00	0.00		0.00		LOS_A	1	0.00	0.00
1	3600-7200	85			1785	1705	6	55	18	0.73	0.74	0.01	0.87	0.25	0.00	0.00	0.00	0.00	0.00	LOS_A	1	0.00	0.00
1	3600-7200	86-323: Western Hwy@20.0-159@12.1	323	159	29	23	0	6	0	1.79	0.98		4.90		0.00	0.00		0.00		LOS_A	1	0.00	0.00
1	3600-7200	86-323: Western Hwy@20.0-187: Western Hwy@33.1	323	187	300	241	2	43	14	0.04	0.04	0.00	0.03	0.00	0.00	0.00	0.00	0.00	0.00	LOS_A	1	0.00	0.00
1	3600-7200	86			329	264	2	49	14	0.19	0.12	0.00	0.63	0.00	0.00	0.00	0.00	0.00	0.00	LOS_A	1	0.00	0.00
1	3600-7200	87-343: Western Hwy@756.9-154: Western Hwy@6.1	343	154	329	262	2	49	14	0.02	0.02	0.00	0.04	0.01	0.00	0.00	0.00	0.00	0.00	LOS_A	1	0.00	0.00
1	3600-7200	87-480@343.6-154: Western Hwy@6.1	480	154	15	15	0	0	0	0.00	0.00				0.00	0.00				LOS_A	1	0.00	0.00
1	3600-7200	87			344	277	2	49	14	0.02	0.02	0.00	0.04	0.01	0.00	0.00	0.00	0.00	0.00	LOS_A	1	0.00	0.00
1	3600-7200	88-955: Western Fwy@13.7-343: Western Hwy@21.2	955	343	329	262	2	49	14	0.03	0.02	0.00	0.05	0.03	0.00	0.00	0.00	0.00	0.00	LOS_A	1	0.00	0.00
1	3600-7200	88-955: Western Fwy@13.7-479@7.3	955	479	0	0	0	0	0											LOS_A		0.00	0.00
1	3600-7200	88			329	262	2	49	14	0.03	0.02	0.00	0.05	0.03	0.00	0.00	0.00	0.00	0.00	LOS_A	1	0.00	0.00
1	3600-7200	89-228: Western Fwy@25.8-108@38.1	228	108	111	107	0	2	1	4.97	4.83		8.09	9.74	0.00	0.00		0.00	0.00	LOS_A	1	0.00	0.00
1	3600-7200	89-228: Western Fwy@25.8-194: Western Fwy@23.2	228	194	1674	1598	6	53	17	0.85	0.85	0.11	0.85	0.83	0.00	0.00	0.00	0.00	0.00	LOS_A	1	0.00	0.00
1	3600-7200	89			1785	1705	6	55	18	1.10	1.10	0.11	1.11	1.33	0.00	0.00	0.00	0.00	0.00	LOS_A	1	0.00	0.00
1	3600-7200	90-104@749.4-417: Western Fwy@11.1	104	417	45	42	0	1	0	0.02	0.01		0.16		0.00	0.00		0.00		LOS_A	1	0.00	0.00
1	3600-7200	90-196: Western Fwy@1281.0-417: Western Fwy@11.1	196	417	284	220	2	48	14	0.02	0.02	0.00	0.02	0.00	0.00	0.00	0.00	0.00	0.00	LOS_A	1	0.00	0.00
1	3600-7200	90			329	262	2	49	14	0.02	0.02	0.00	0.02	0.00	0.00	0.00	0.00	0.00	0.00	LOS_A	1	0.00	0.00
1	3600-7200	91-260: Hopkins Rd@38.0-419@15.1	260	419	199	188	0	10	1	2.35	2.23		4.35	4.84	0.00	0.00		0.00	0.00	LOS_A	1	0.00	0.00
1	3600-7200	91-260: Hopkins Rd@38.0-427: Hopkins Rd@14.4	260	427	48	44	0	4	0	0.71	0.69		0.92		0.00	0.00		0.00		LOS_A	1	0.00	0.00
1	3600-7200	91-426: Hopkins Rd@77.5-43: Hopkins Rd@14.4	426	43	171	164	0	4	1	0.07	0.07		0.01	0.00	0.00	0.00		0.00	0.00	LOS_A	1	0.00	0.00
1	3600-7200	91			418	396	0	18	2	1.23	1.16		2.62	2.42	0.00	0.00		0.00	0.00	LOS_A	1	0.00	0.00
1	3600-7200	92-107@313.1-8: Western Fwy@5.3	107	8	275	264	0	10	1	0.06	0.06		0.05	0.00	0.00	0.00		0.00	0.00	LOS_A	1	0.00	0.00
1	3600-7200	92-194: Western Fwy@609.6-8: Western Fwy@5.3	194	8	1674	1598	6	53	17	0.83	0.84	0.47	0.79	0.51	0.00	0.00	0.00	0.00	0.00	LOS_A	1	0.00	0.00
1	3600-7200	92			1949	1862	6	63	18	0.72	0.73	0.47	0.67	0.48	0.00	0.00	0.00	0.00	0.00	LOS_A	1	0.00	0.00
1	3600-7200	93-224: Western Fwy@24.6-149@12.9	224	149	53	39	3	10	1	4.00	3.14	6.98	6.20	6.69	0.00	0.00	0.00	0.00	0.00	LOS_A	1	0.00	0.00
1	3600-7200	93-224: Western Fwy@24.6-196: Western Fwy@9.8	224	196	284	220	2	48	14	0.03	0.02	0.00	0.04	0.08	0.00	0.00	0.00	0.00	0.00	LOS_A	1	0.00	0.00
1	3600-7200	93			337	259	5	58	15	0.65	0.49	4.19	1.10	0.52	0.00	0.00	0.00	0.00	0.00	LOS_A	1	0.00	0.00
1	3600-7200	94-949: Western Fwy@23.3-136@6.8	949	136	511	502	0	8	1	0.09	0.08		0.29	0.00	0.00	0.00		0.00	0.00	LOS_A	1	0.00	0.00
1	3600-7200	94-949: Western Fwy@23.3-389: Western Fwy  Deer Park Byp@4.2	949	389	1438	1360	6	55	17	0.15	0.15	0.02	0.13	0.02	0.00	0.00	0.00	0.00	0.00	LOS_A	1	0.00	0.00
1	3600-7200	94			1949	1862	6	63	18	0.13	0.13	0.02	0.15	0.02	0.00	0.00	0.00	0.00	0.00	LOS_A	1	0.00	0.00
1	3600-7200	95-952: Western Hwy@80.5-1039: Western Fwy@10.4	952	1039	79	72	0	7	0	0.15	0.09		0.79		0.00	0.00		0.00		LOS_A	1	0.00	0.00
1	3600-7200	95-1038: Western Fwy  Deer Park Byp@73.0-1039: Western Fwy@10.4	1038	1039	258	187	5	51	15	0.09	0.09	0.08	0.08	0.09	0.00	0.00	0.00	0.00	0.00	LOS_A	1	0.00	0.00
1	3600-7200	95			337	259	5	58	15	0.10	0.09	0.08	0.17	0.09	0.00	0.00	0.00	0.00	0.00	LOS_A	1	0.00	0.00
1	3600-7200	96-125@88.9-147: Western Fwy  Deer Park Byp@16.2	125	147	375	355	0	16	4	0.73	0.77		0.04	0.00	0.00	0.00		0.00	0.00	LOS_A	1	0.00	0.00
1	3600-7200	96-389: Western Fwy  Deer Park Byp@1708.1-147: Western Fwy  Deer Park Byp@16.2	389	147	1438	1360	6	55	17	0.33	0.33	0.00	0.35	0.44	0.00	0.00	0.00	0.00	0.00	LOS_A	1	0.00	0.00
1	3600-7200	96			1813	1715	6	71	21	0.41	0.42	0.00	0.28	0.35	0.00	0.00	0.00	0.00	0.00	LOS_A	1	0.00	0.00
1	3600-7200	97-240: Western Fwy  Deer Park Byp@38.1-126@16.7	240	126	127	98	3	16	10	3.04	2.44	5.67	4.93	5.10	0.00	0.00	0.00	0.00	0.00	LOS_A	1	0.00	0.00
1	3600-7200	97-240: Western Fwy  Deer Park Byp@38.1-189: Western Fwy  Deer Park Byp@17.7	240	189	258	187	5	51	15	0.10	0.06	0.07	0.18	0.31	0.00	0.00	0.00	0.00	0.00	LOS_A	1	0.00	0.00
1	3600-7200	97			385	285	8	67	25	1.07	0.88	2.17	1.32	2.22	0.00	0.00	0.00	0.00	0.00	LOS_A	1	0.00	0.00
1	3600-7200	98-91: Ballarat Rd  Western Hwy@67.3-362: Ballarat Rd  Western Hwy@13.4	91	362	606	594	0	11	1	0.13	0.13		0.30	0.24	0.00	0.00		0.00	0.00	LOS_A	1	0.00	0.00
1	3600-7200	98-92: Ballarat Rd  Western Hwy@8.7-362: Ballarat Rd  Western Hwy@13.4	92	362	0	0	0	0	0											LOS_A		0.00	0.00
1	3600-7200	98			606	594	0	11	1	0.13	0.13		0.30	0.24	0.00	0.00		0.00	0.00	LOS_A	1	0.00	0.00
1	3600-7200	99-209: Ballarat Rd  Western Hwy@46.4-1: Ballarat Rd  Western Hwy@6.6	209	1	606	594	0	11	1	0.16	0.16		0.29	0.42	0.00	0.00		0.00	0.00	LOS_A	1	0.00	0.00
1	3600-7200	99-209: Ballarat Rd  Western Hwy@46.4-2: Ballarat Rd  Western Hwy@6.5	209	2	0	0	0	0	0											LOS_A		0.00	0.00
1	3600-7200	99			606	594	0	11	1	0.16	0.16		0.29	0.42	0.00	0.00		0.00	0.00	LOS_A	1	0.00	0.00
1	3600-7200	100-1141@18.3-1143@28.5	1141	1143	0	0	0	0	0											LOS_A		0.02	5.96
1	3600-7200	100-1141@18.3-1147@16.5	1141	1147	33	30	0	3	0	1.18	1.18		1.16		0.06	0.07		0.00		LOS_A	1	0.02	5.96
1	3600-7200	100-1141@18.3-1152@26.0	1141	1152	15	15	0	0	0	0.91	0.91				0.00	0.00				LOS_A	1	0.01	5.96
1	3600-7200	100-1141@18.3-1158@25.0	1141	1158	15	15	0	0	0	0.74	0.74				0.03	0.03				LOS_A	1	0.02	5.96
1	3600-7200	100-1146@382.0-1143@28.5	1146	1143	16	16	0	0	0	1.11	1.11				0.29	0.29				LOS_A	1	0.08	21.78
1	3600-7200	100-1146@382.0-1147@16.5	1146	1147	0	0	0	0	0											LOS_A		0.08	21.68
1	3600-7200	100-1146@382.0-1152@26.0	1146	1152	37	29	0	8	0	1.54	1.43		1.93		0.09	0.12		0.00		LOS_A	1	0.08	21.68
1	3600-7200	100-1146@382.0-1158@25.0	1146	1158	22	20	0	2	0	2.25	1.75		7.33		0.15	0.00		1.65		LOS_A	1	0.08	21.68
1	3600-7200	100-1159@120.5-1143@28.5	1159	1143	38	37	0	1	0	1.29	1.31		0.67		0.12	0.12		0.00		LOS_A	1	0.01	6.14
1	3600-7200	100-1159@120.5-1147@16.5	1159	1147	114	111	0	3	0	1.44	1.42		2.32		0.01	0.01		0.00		LOS_A	1	0.02	6.14
1	3600-7200	100-1159@120.5-1152@26.0	1159	1152	22	22	0	0	0	0.95	0.95				0.00	0.00				LOS_A	1	0.01	6.14
1	3600-7200	100-1159@120.5-1158@25.0	1159	1158	0	0	0	0	0											LOS_A		0.01	6.14
1	3600-7200	100-1234@184.1-1143@28.5	1234	1143	21	21	0	0	0	1.45	1.45				0.20	0.20				LOS_A	1	0.02	6.09
1	3600-7200	100-1234@184.1-1147@16.5	1234	1147	60	58	0	2	0	0.82	0.81		1.09		0.00	0.00		0.00		LOS_A	1	0.02	6.09
1	3600-7200	100-1234@184.1-1152@26.0	1234	1152	0	0	0	0	0											LOS_A		0.02	6.09
1	3600-7200	100-1234@184.1-1158@25.0	1234	1158	6	6	0	0	0	0.60	0.60				0.00	0.00				LOS_A	1	0.01	6.09
1	3600-7200	100			399	380	0	19	0	1.27	1.22		2.28		0.06	0.05		0.17		LOS_A	1	0.03	21.78
1	3600-7200	101-1144@12.5-1140@37.3	1144	1140	0	0	0	0	0											LOS_A		0.01	5.91
1	3600-7200	101-1144@12.5-1168@28.2	1144	1168	8	8	0	0	0	1.74	1.74				0.03	0.03				LOS_A	1	0.01	5.91
1	3600-7200	101-1144@12.5-1170@29.6	1144	1170	30	30	0	0	0	0.40	0.40				0.00	0.00				LOS_A	1	0.01	5.91
1	3600-7200	101-1144@12.5-1171@32.9	1144	1171	37	36	0	1	0	0.18	0.18		0.01		0.00	0.00		0.00		LOS_A	1	0.00	5.91
1	3600-7200	101-1167@141.4-1140@37.3	1167	1140	15	15	0	0	0	0.49	0.49				0.00	0.00				LOS_A	1	0.01	6.92
1	3600-7200	101-1167@141.4-1168@28.2	1167	1168	0	0	0	0	0											LOS_A		0.01	6.92
1	3600-7200	101-1167@141.4-1170@29.6	1167	1170	3	3	0	0	0	0.87	0.87				0.00	0.00				LOS_A	1	0.01	6.92
1	3600-7200	101-1167@141.4-1171@32.9	1167	1171	30	30	0	0	0	0.86	0.86				0.00	0.00				LOS_A	1	0.01	6.92
1	3600-7200	101-1169@143.9-1140@37.3	1169	1140	30	27	0	3	0	0.12	0.13		0.06		0.00	0.00		0.00		LOS_A	1	0.00	0.00
1	3600-7200	101-1169@143.9-1168@28.2	1169	1168	3	3	0	0	0	0.09	0.09				0.00	0.00				LOS_A	1	0.00	0.00
1	3600-7200	101-1169@143.9-1170@29.6	1169	1170	0	0	0	0	0											LOS_A		0.00	0.00
1	3600-7200	101-1169@143.9-1171@32.9	1169	1171	2	1	0	1	0	0.68	0.13		1.24		0.00	0.00		0.00		LOS_A	1	0.00	0.00
1	3600-7200	101-1172@137.6-1140@37.3	1172	1140	18	18	0	0	0	0.20	0.20				0.00	0.00				LOS_A	1	0.00	0.00
1	3600-7200	101-1172@137.6-1168@28.2	1172	1168	10	9	0	1	0	0.20	0.22		0.05		0.00	0.00		0.00		LOS_A	1	0.00	0.00
1	3600-7200	101-1172@137.6-1170@29.6	1172	1170	0	0	0	0	0											LOS_A		0.00	0.00
1	3600-7200	101-1172@137.6-1171@32.9	1172	1171	0	0	0	0	0											LOS_A		0.00	0.00
1	3600-7200	101			186	180	0	6	0	0.42	0.43		0.25		0.00	0.00		0.00		LOS_A	1	0.00	6.92
1	3600-7200	102-1150@427.0-1155@20.3	1150	1155	0	0	0	0	0											LOS_A		0.00	0.00
1	3600-7200	102-1150@427.0-1156@9.2	1150	1156	16	15	0	1	0	0.02	0.03		0.00		0.00	0.00		0.00		LOS_A	1	0.00	0.00
1	3600-7200	102-1154@88.9-1153@11.3	1154	1153	57	55	0	2	0	0.00	0.00		0.00		0.00	0.00		0.00		LOS_A	1	0.00	0.00
1	3600-7200	102-1154@88.9-1155@20.3	1154	1155	15	9	0	6	0	1.24	0.83		1.85		0.00	0.00		0.00		LOS_A	1	0.00	0.00
1	3600-7200	102-1157@97.7-1153@11.3	1157	1153	8	8	0	0	0	1.24	1.24				0.00	0.00				LOS_A	1	0.00	0.00
1	3600-7200	102-1157@97.7-1156@9.2	1157	1156	21	20	0	1	0	0.42	0.42		0.26		0.00	0.00		0.00		LOS_A	1	0.00	0.00
1	3600-7200	102			117	107	0	10	0	0.32	0.24		1.14		0.00	0.00		0.00		LOS_A	1	0.00	0.00
1	3600-7200	103			0	0	0	0	0											LOS_A			
1	3600-7200	104			0	0	0	0	0											LOS_A			
1	3600-7200	105			0	0	0	0	0											LOS_A			
1	3600-7200	106			0	0	0	0	0											LOS_A			
1	3600-7200	107			0	0	0	0	0											LOS_A			
1	3600-7200	108			0	0	0	0	0											LOS_A			
1	3600-7200	109			0	0	0	0	0											LOS_A			
1	3600-7200	113			0	0	0	0	0											LOS_A			
1	3600-7200	114-1081@150.5-1125@21.0	1081	1125	270	261	0	4	2	3.86	3.71		8.79	6.20	1.41	1.43		1.23	0.00	LOS_A	1	1.00	41.62
1	3600-7200	114-1081@150.5-1128@12.2	1081	1128	94	83	0	11	0	1.34	1.16		2.67		0.00	0.00		0.00		LOS_A	1	0.00	0.00
1	3600-7200	114-1129@3.3-1130@26.0	1129	1130	39	29	0	7	3	3.32	2.51		4.66	8.09	0.00	0.00		0.00	0.00	LOS_A	1	0.01	18.65
1	3600-7200	114-1132@5.3-1125@21.0	1132	1125	9	8	0	1	0	43.36	45.11		29.32		36.01	38.42		16.80		LOS_D	4	0.54	10.20
1	3600-7200	114-1240: Western Fwy@6.0-1128@12.2	1240	1128	61	57	0	4	0	43.73	43.76		43.32		36.00	36.42		30.00		LOS_D	4	3.94	30.90
1	3600-7200	114-1240: Western Fwy@6.0-1130@26.0	1240	1130	129	125	0	1	0	0.31	0.28		0.00		0.08	0.08		0.00		LOS_A	1	3.94	30.90
1	3600-7200	114			602	563	0	28	5	7.30	7.15		10.71	7.34	4.83	4.92		5.06	0.00	LOS_A	1	1.10	41.62
1	3600-7200	115-1092: Western Fwy@41.4-1091@18.2	1092	1091	208	198	0	10	0	2.60	2.50		4.69		0.00	0.00		0.00		LOS_A	1	0.00	0.00
1	3600-7200	115-1092: Western Fwy@41.4-1093: Western Fwy@20.0	1092	1093	780	740	6	20	14	0.41	0.42	0.42	0.24	0.13	0.00	0.00	0.00	0.00	0.00	LOS_A	1	0.00	0.00
1	3600-7200	115			988	938	6	30	14	0.87	0.86	0.42	1.72	0.13	0.00	0.00	0.00	0.00	0.00	LOS_A	1	0.00	0.00
1	3600-7200	116-1134: Western Fwy@853.1-1137: Western Fwy@29.6	1134	1137	212	172	1	29	10	0.01	0.01	0.00	0.01	0.00	0.00	0.00	0.00	0.00	0.00	LOS_A	1	0.00	0.00
1	3600-7200	116-1139@39.2-1137: Western Fwy@29.6	1139	1137	155	140	0	15	0	0.38	0.31		1.03		0.00	0.00		0.00		LOS_A	1	0.00	0.00
1	3600-7200	116			367	312	1	44	10	0.17	0.14	0.00	0.36	0.00	0.00	0.00	0.00	0.00	0.00	LOS_A	1	0.00	0.00
1	3600-7200	117-1093: Western Fwy@887.1-1118: Western Fwy@20.0	1093	1118	780	740	6	20	14	0.11	0.11	0.06	0.17	0.03	0.00	0.00	0.00	0.00	0.00	LOS_A	1	0.00	0.00
1	3600-7200	117-1117@115.1-1118: Western Fwy@20.0	1117	1118	525	515	0	6	4	0.51	0.52		0.41	0.42	0.00	0.00		0.00	0.00	LOS_A	1	0.00	0.00
1	3600-7200	117			1305	1255	6	26	18	0.27	0.28	0.06	0.22	0.11	0.00	0.00	0.00	0.00	0.00	LOS_A	1	0.00	0.00
1	3600-7200	118-1135: Western Fwy@35.7-1134: Western Fwy@6.5	1135	1134	213	173	1	29	10	0.11	0.12	0.57	0.07	0.00	0.00	0.00	0.00	0.00	0.00	LOS_A	1	0.00	0.00
1	3600-7200	118-1135: Western Fwy@35.7-1136: Western Fwy@4.3	1135	1136	48	37	0	8	3	3.31	2.82		4.88	5.17	0.00	0.00		0.00	0.00	LOS_A	1	0.00	0.00
1	3600-7200	118			261	210	1	37	13	0.70	0.60	0.57	1.11	1.19	0.00	0.00	0.00	0.00	0.00	LOS_A	1	0.00	0.00
1	3600-7200	119-1090@228.7-1098@20.0	1090	1098	35	35	0	0	0	47.13	47.13				39.72	39.72				LOS_D	4	2.25	17.80
1	3600-7200	119-1090@228.7-1100@8.0	1090	1100	173	163	0	10	0	0.91	0.77		3.24		0.00	0.00		0.00		LOS_A	1	0.00	0.00
1	3600-7200	119-1114@10.9-1098@20.0	1114	1098	155	147	0	5	0	4.51	4.66		2.44		1.94	2.04		0.00		LOS_A	1	0.58	19.09
1	3600-7200	119-1114@10.9-1116@15.9	1114	1116	293	289	0	2	2	1.48	1.48		1.07	1.96	0.02	0.02		0.00	0.00	LOS_A	1	0.00	0.00
1	3600-7200	119-1237@6.9-1100@8.0	1237	1100	47	43	0	1	0	2.50	2.50		2.80		0.33	0.36		0.00		LOS_A	1	7.51	87.85
1	3600-7200	119-1237@6.9-1116@15.9	1237	1116	232	226	0	4	2	20.81	20.66		31.34	16.42	11.09	11.15		13.09	1.00	LOS_C	3	7.51	87.85
1	3600-7200	119			935	903	0	22	4	8.43	8.49		7.95	9.19	4.58	4.69		2.38	0.50	LOS_A	1	2.07	87.85
1	3600-7200	120-1100@12.7-1099@27.3	1100	1099	136	130	0	4	0	7.19	7.36		4.26		4.35	4.50		1.57		LOS_A	1	4.72	46.45
1	3600-7200	120-1100@12.7-1103@19.5	1100	1103	31	29	0	1	0	1.28	1.14		4.96		0.00	0.00		0.00		LOS_A	1	0.00	0.00
1	3600-7200	120-1100@12.7-1107@21.1	1100	1107	53	47	0	6	0	49.50	52.31		27.50		41.88	44.77		19.28		LOS_D	4	4.72	46.45
1	3600-7200	120-1106@32.8-1099@27.3	1106	1099	0	0	0	0	0											LOS_A		11.09	112.47
1	3600-7200	120-1106@32.8-1103@19.5	1106	1103	0	0	0	0	0											LOS_A		11.09	112.47
1	3600-7200	120-1106@32.8-1112@5.6	1106	1112	209	208	0	1	0	32.03	31.93		53.69		23.25	23.16		41.34		LOS_C	3	11.09	112.47
1	3600-7200	120-1184@12.8-1184@46.5	1184	1184	0	0	0	0	0											LOS_A		0.00	0.00
1	3600-7200	120-1186@9.2-1186@61.3	1186	1186	0	0	0	0	0											LOS_A		0.00	0.00
1	3600-7200	120-1189@5.6-1189@50.7	1189	1189	2	0	0	0	0	635.80					634.30					LOS_F	6	0.74	21.77
1	3600-7200	120-1190@11.3-1190@56.8	1190	1190	0	0	0	0	0											LOS_A		0.00	0.00
1	3600-7200	120-1191@12.4-1191@46.2	1191	1191	0	0	0	0	0											LOS_A		0.00	0.00
1	3600-7200	120-1192@6.0-1192@58.2	1192	1192	0	0	0	0	0											LOS_A		0.00	0.00
1	3600-7200	120-1193@13.6-1193@42.6	1193	1193	0	0	0	0	0											LOS_A		0.00	0.00
1	3600-7200	120-1194@0.7-1194@34.7	1194	1194	0	0	0	0	0											LOS_A		0.00	0.00
1	3600-7200	120-1236@14.1-1103@19.5	1236	1103	0	0	0	0	0											LOS_A		4.51	58.41
1	3600-7200	120-1236@14.1-1107@21.1	1236	1107	34	33	0	1	0	17.22	16.88		28.37		10.03	9.87		15.37		LOS_B	2	4.51	58.41
1	3600-7200	120-1236@14.1-1112@5.6	1236	1112	238	228	0	6	2	17.24	17.64		4.30	9.57	10.83	11.21		0.00	0.82	LOS_B	2	4.51	58.41
1	3600-7200	120-1239@4.2-1099@27.3	1239	1099	3	3	0	0	0	35.16	35.16				27.90	27.90				LOS_D	4	0.20	15.00
1	3600-7200	120-1239@4.2-1107@21.1	1239	1107	0	0	0	0	0											LOS_A		0.20	15.00
1	3600-7200	120-1239@4.2-11576@36.8	1239	11576	1	0	0	0	0	27.57					10.64					LOS_C	3	0.20	15.00
1	3600-7200	120			707	678	0	19	2	23.24	21.79		15.52	9.57	16.91	15.45		9.40	0.82	LOS_C	3	1.63	112.47
1	3600-7200	121			0	0	0	0	0											LOS_A			
1	3600-7200	122			0	0	0	0	0											LOS_A			
1	3600-7200	123			0	0	0	0	0											LOS_A			
1	3600-7200	124-1123@88.6-1122@4.7	1123	1122	12	12	0	0	0	0.22	0.22				0.00	0.00				LOS_A	1	0.00	0.00
1	3600-7200	124-1130@109.7-1122@4.7	1130	1122	168	154	0	8	3	0.34	0.05		0.06	0.51	0.00	0.00		0.00	0.00	LOS_A	1	0.64	29.05
1	3600-7200	124-1130@109.7-1180@8.5	1130	1180	0	0	0	0	0											LOS_A		0.64	29.05
1	3600-7200	124			180	166	0	8	3	0.33	0.06		0.06	0.51	0.00	0.00		0.00	0.00	LOS_A	1	0.32	29.05
1	3600-7200	125			0	0	0	0	0											LOS_A			
1	3600-7200	244-1156@962.0-1223@12.7	1156	1223	0	0	0	0	0											LOS_A		0.00	0.00
1	3600-7200	244-1156@962.0-1224@15.7	1156	1224	37	35	0	2	0	0.00	0.00		0.00		0.00	0.00		0.00		LOS_A	1	0.00	0.00
1	3600-7200	244-1221@50.0-1224@15.7	1221	1224	0	0	0	0	0											LOS_A		0.00	0.00
1	3600-7200	244-1221@50.0-1225@11.6	1221	1225	0	0	0	0	0											LOS_A		0.00	0.00
1	3600-7200	244-1227@99.3-1223@12.7	1227	1223	0	0	0	0	0											LOS_A		0.00	0.00
1	3600-7200	244-1227@99.3-1225@11.6	1227	1225	72	64	0	8	0	0.01	0.01		0.01		0.00	0.00		0.00		LOS_A	1	0.00	0.00
1	3600-7200	244			109	99	0	10	0	0.00	0.00		0.01		0.00	0.00		0.00		LOS_A	1	0.00	0.00
1	3600-7200	245			0	0	0	0	0											LOS_A			
1	3600-7200	246-1224@100.1-1229@17.2	1224	1229	0	0	0	0	0											LOS_A		0.00	0.00
1	3600-7200	246-1224@100.1-1230@17.9	1224	1230	37	35	0	2	0	0.01	0.01		0.00		0.00	0.00		0.00		LOS_A	1	0.00	0.00
1	3600-7200	246-1228@93.7-1227@14.9	1228	1227	5	5	0	0	0	0.15	0.15				0.00	0.00				LOS_A	1	0.00	0.00
1	3600-7200	246-1228@93.7-1230@17.9	1228	1230	27	27	0	0	0	0.20	0.20				0.00	0.00				LOS_A	1	0.00	0.00
1	3600-7200	246-1235@217.9-1227@14.9	1235	1227	67	59	0	8	0	0.01	0.01		0.00		0.00	0.00		0.00		LOS_A	1	0.00	0.00
1	3600-7200	246-1235@217.9-1229@17.2	1235	1229	3	3	0	0	0	1.49	1.49				0.00	0.00				LOS_A	1	0.00	0.00
1	3600-7200	246			139	129	0	10	0	0.08	0.09		0.00		0.00	0.00		0.00		LOS_A	1	0.00	0.00
1	3600-7200	247			0	0	0	0	0											LOS_A			
1	3600-7200	248-1152@193.7-1233@16.5	1152	1233	5	5	0	0	0	0.22	0.22				0.00	0.00				LOS_A	1	0.00	0.00
1	3600-7200	248-1152@193.7-1235@13.8	1152	1235	69	61	0	8	0	0.02	0.00		0.12		0.00	0.00		0.00		LOS_A	1	0.00	0.00
1	3600-7200	248-1230@222.2-1233@16.5	1230	1233	0	0	0	0	0											LOS_A		0.00	0.00
1	3600-7200	248-1230@222.2-1234@16.0	1230	1234	64	62	0	2	0	0.01	0.01		0.00		0.00	0.00		0.00		LOS_A	1	0.00	0.00
1	3600-7200	248-1232@78.7-1234@16.0	1232	1234	23	23	0	0	0	0.46	0.46				0.00	0.00				LOS_A	1	0.00	0.00
1	3600-7200	248-1232@78.7-1235@13.8	1232	1235	1	1	0	0	0	0.18	0.18				0.00	0.00				LOS_A	1	0.00	0.00
1	3600-7200	248			162	152	0	10	0	0.08	0.08		0.09		0.00	0.00		0.00		LOS_A	1	0.00	0.00
1	3600-7200	249			0	0	0	0	0											LOS_A			
1	3600-7200	312-2419@3.3-24810@22.1	2419	24810	273	266	0	5	2	33.69	33.64		38.50	28.27	25.82	25.88		26.46	16.16	LOS_C	3	8.58	89.75
1	3600-7200	312-2420@4.1-2422@13.2	2420	2422	108	93	1	11	3	8.96	8.88	22.41	5.24	20.62	4.24	4.34	8.70	1.49	9.83	LOS_A	1	1.14	48.12
1	3600-7200	312-2475@44.5-2391@3.4	2475	2391	459	421	3	27	8	53.77	54.23	24.88	46.96	63.39	38.89	39.58	10.87	30.17	42.30	LOS_D	4	23.33	156.93
1	3600-7200	312-2475@44.5-2422@13.2	2475	2422	85	79	0	6	0	7.15	7.03		8.74		1.11	1.20		0.00		LOS_A	1	0.00	0.00
1	3600-7200	312-2527@16.1-2391@3.4	2527	2391	222	192	2	24	4	23.19	23.25	0.20	24.10	26.57	16.18	16.61	0.00	13.94	17.09	LOS_C	3	4.46	43.01
1	3600-7200	312-2527@16.1-24810@22.1	2527	24810	116	111	0	4	1	9.06	8.79		18.54	1.26	5.30	5.21		9.13	0.00	LOS_A	1	0.99	20.96
1	3600-7200	312			1263	1162	6	77	18	32.98	33.22	16.24	28.87	40.72	23.48	23.93	6.89	17.33	26.03	LOS_C	3	6.42	156.93
1	3600-7200	313-2394@59.8-2414@34.7	2394	2414	398	397	0	1	0	38.91	38.99		3.78		31.89	31.97		0.00		LOS_D	4	14.28	72.64
1	3600-7200	313-2394@59.8-2418@36.3	2394	2418	35	31	1	2	1	46.29	47.72	45.21	47.13	1.30	39.34	41.19	31.95	34.12	0.00	LOS_D	4	6.13	72.84
1	3600-7200	313-2401@29.1-2389@16.1	2401	2389	88	77	2	7	2	1.80	1.61	9.24	1.79	1.52	0.02	0.00	0.76	0.00	0.00	LOS_A	1	0.00	0.00
1	3600-7200	313-2401@29.1-2418@36.3	2401	2418	346	328	0	14	4	17.40	17.14		23.96	15.74	10.56	10.41		14.50	9.00	LOS_B	2	4.31	74.28
1	3600-7200	313-2416@14.9-2389@16.1	2416	2389	31	12	2	16	1	49.23	50.37	44.86	48.94	49.09	38.11	42.80	32.37	35.50	34.94	LOS_D	4	2.38	48.83
1	3600-7200	313-2416@14.9-2414@34.7	2416	2414	650	601	3	35	11	4.07	4.19	0.00	2.39	3.69	0.90	0.97	0.00	0.00	0.00	LOS_A	1	2.38	48.83
1	3600-7200	313			1548	1446	8	75	19	17.73	17.86	19.17	17.50	8.26	12.59	12.78	12.27	11.19	3.73	LOS_B	2	5.42	74.28
1	3600-7200	314-2403@220.3-2402@17.0	2403	2402	0	0	0	0	0											LOS_A		0.00	0.00
1	3600-7200	314-2403@220.3-2424@24.2	2403	2424	0	0	0	0	0											LOS_A		0.00	0.00
1	3600-7200	314-2409@18.3-2410@13.9	2409	2410	23	23	0	0	0	77.03	77.03				70.08	70.08				LOS_E	5	3.06	51.03
1	3600-7200	314-2409@18.3-2424@24.2	2409	2424	1025	975	3	36	11	2.00	1.94	1.32	4.04	1.42	0.69	0.67	0.00	1.40	0.00	LOS_A	1	3.06	51.03
1	3600-7200	314-2413@40.6-2402@17.0	2413	2402	434	405	2	21	6	3.01	2.93	2.44	4.42	3.84	0.98	0.98	0.00	0.99	1.41	LOS_A	1	0.68	31.79
1	3600-7200	314-2413@40.6-2410@13.9	2413	2410	2	2	0	0	0	1.15	1.15				0.00	0.00				LOS_A	1	0.00	0.00
1	3600-7200	314-2517@5.7-2517@54.4	2517	2517	0	0	0	0	0											LOS_A		0.00	0.00
1	3600-7200	314			1484	1405	5	57	17	3.46	3.45	1.77	4.18	2.27	1.85	1.90	0.00	1.25	0.50	LOS_A	1	0.62	51.03
1	3600-7200	315-2424@32.6-2426@30.8	2424	2426	929	887	2	29	11	7.65	7.63	0.00	8.24	9.23	4.53	4.60	0.00	3.11	3.29	LOS_A	1	6.51	102.49
1	3600-7200	315-2424@32.6-2434@37.0	2424	2434	27	22	1	4	0	56.14	55.73	69.35	55.12		49.38	49.58	60.25	45.60		LOS_E	5	6.51	102.49
1	3600-7200	315-2424@32.6-2439@33.6	2424	2439	69	66	0	3	0	6.14	6.37		1.09		3.90	4.07		0.00		LOS_A	1	6.51	102.49
1	3600-7200	315-2430@18.6-2413@31.6	2430	2413	51	39	0	9	3	1.84	1.57		2.59	3.16	0.00	0.00		0.00	0.00	LOS_A	1	0.00	0.00
1	3600-7200	315-2430@18.6-2426@30.8	2430	2426	6	5	0	0	1	40.57	46.41			11.39	33.54	40.25			0.00	LOS_D	4	1.31	22.13
1	3600-7200	315-2430@18.6-2439@33.6	2430	2439	17	17	0	0	0	47.70	47.70				39.73	39.73				LOS_D	4	1.31	22.13
1	3600-7200	315-2438@12.4-2413@31.6	2438	2413	11	9	0	2	0	45.06	55.03		0.19		40.42	49.40		0.00		LOS_D	4	1.80	15.39
1	3600-7200	315-2438@12.4-2426@30.8	2438	2426	9	8	0	1	0	61.90	63.71		47.45		53.95	56.28		35.33		LOS_E	5	1.80	15.39
1	3600-7200	315-2438@12.4-2434@37.0	2438	2434	8	7	0	1	0	48.13	52.31		18.92		39.85	44.82		5.05		LOS_D	4	1.80	15.39
1	3600-7200	315-2442@2.5-2413@31.6	2442	2413	374	359	2	10	3	8.68	8.44	1.00	14.99	22.03	4.97	4.81	0.00	7.82	17.83	LOS_A	1	3.12	71.16
1	3600-7200	315-2442@2.5-2434@37.0	2442	2434	23	21	0	2	0	8.21	8.77		2.35		5.44	5.95		0.00		LOS_A	1	3.12	71.16
1	3600-7200	315-2442@2.5-2439@33.6	2442	2439	19	13	0	4	2	60.29	63.04		61.16	40.69	52.28	56.20		50.69	29.96	LOS_E	5	3.12	71.16
1	3600-7200	315			1543	1453	5	65	20	10.51	10.27	14.27	14.65	13.49	7.07	6.96	12.05	9.14	7.48	LOS_B	2	2.55	102.49
1	3600-7200	316			0	0	0	0	0											LOS_A			
1	3600-7200	317			0	0	0	0	0											LOS_A			
1	3600-7200	318			0	0	0	0	0											LOS_A			
1	3600-7200	319			0	0	0	0	0											LOS_A			
1	3600-7200	320			0	0	0	0	0											LOS_A			
1	3600-7200	322-2388@109.5-2387: Western Fwy  Deer Park Byp@24.8	2388	2387	119	89	4	23	3	0.13	0.10	0.05	0.30	0.05	0.00	0.00	0.00	0.00	0.00	LOS_A	1	0.00	0.00
1	3600-7200	322-2397: Western Fwy  Deer Park Byp@856.0-2387: Western Fwy  Deer Park Byp@24.8	2397	2387	266	196	4	44	22	0.01	0.01	0.00	0.02	0.01	0.00	0.00	0.00	0.00	0.00	LOS_A	1	0.00	0.00
1	3600-7200	322			385	285	8	67	25	0.05	0.04	0.03	0.11	0.02	0.00	0.00	0.00	0.00	0.00	LOS_A	1	0.00	0.00
1	3600-7200	323-2479: Western Fwy  Deer Park Byp@45.2-2477@22.4	2479	2477	544	500	3	33	8	2.45	2.13	4.58	4.60	13.00	0.07	0.00	0.00	0.00	4.78	LOS_A	1	0.85	107.85
1	3600-7200	323-2479: Western Fwy  Deer Park Byp@45.2-2478: Western Fwy  Deer Park Byp@23.8	2479	2478	1268	1214	3	38	13	1.11	1.12	0.00	0.63	1.23	0.11	0.12	0.00	0.00	0.00	LOS_A	1	0.85	107.85
1	3600-7200	323			1812	1714	6	71	21	1.51	1.42	2.29	2.48	5.71	0.10	0.08	0.00	0.00	1.82	LOS_A	1	0.85	107.85
1	3600-7200	324-2478: Western Fwy  Deer Park Byp@815.7-2483: Western Fwy  Deer Park Byp@32.3	2478	2483	1268	1214	3	38	13	0.48	0.49	0.01	0.25	0.20	0.00	0.00	0.00	0.00	0.00	LOS_A	1	0.00	0.00
1	3600-7200	324-2485@71.7-2483: Western Fwy  Deer Park Byp@32.3	2485	2483	389	377	0	9	3	4.81	4.83		4.17	5.29	0.05	0.06		0.00	0.00	LOS_A	1	0.00	0.00
1	3600-7200	324			1657	1591	3	47	16	1.50	1.52	0.01	1.00	1.16	0.01	0.01	0.00	0.00	0.00	LOS_A	1	0.00	0.00
1	3600-7200	325-2398: Western Fwy  Deer Park Byp@30.6-2385@22.8	2398	2385	433	428	1	3	1	2.50	2.46	6.08	5.65	5.96	0.00	0.00	0.00	0.00	0.00	LOS_A	1	0.00	0.00
1	3600-7200	325-2398: Western Fwy  Deer Park Byp@30.6-2397: Western Fwy  Deer Park Byp@22.6	2398	2397	266	196	4	44	22	0.10	0.10	0.00	0.08	0.16	0.00	0.00	0.00	0.00	0.00	LOS_A	1	0.00	0.00
1	3600-7200	325			699	624	5	47	23	1.59	1.72	1.22	0.43	0.41	0.00	0.00	0.00	0.00	0.00	LOS_A	1	0.00	0.00
1	3600-7200	326-2502: Western Fwy  Deer Park Byp@2131.3-2513: Western Fwy  Deer Park Byp@18.8	2502	2513	383	336	3	28	16	0.02	0.02	0.00	0.02	0.01	0.00	0.00	0.00	0.00	0.00	LOS_A	1	0.00	0.00
1	3600-7200	326-2514: Western Fwy  Deer Park Byp@123.8-2513: Western Fwy  Deer Park Byp@18.8	2514	2513	316	288	2	19	7	0.20	0.15	0.53	0.69	0.69	0.00	0.00	0.00	0.00	0.00	LOS_A	1	0.00	0.00
1	3600-7200	326			699	624	5	47	23	0.10	0.08	0.21	0.29	0.22	0.00	0.00	0.00	0.00	0.00	LOS_A	1	0.00	0.00
1	3600-7200	327-2505: Western Fwy  Deer Park Byp@33.7-2506: Western Fwy  Deer Park Byp@21.2	2505	2506	1106	1046	3	42	15	0.25	0.25	0.60	0.32	0.08	0.00	0.00	0.00	0.00	0.00	LOS_A	1	0.00	0.00
1	3600-7200	327-2505: Western Fwy  Deer Park Byp@33.7-2508: Western Fwy  Deer Park Byp@13.2	2505	2508	551	545	0	5	1	1.58	1.55		4.06	3.84	0.00	0.00		0.00	0.00	LOS_A	1	0.00	0.00
1	3600-7200	327			1657	1591	3	47	16	0.69	0.70	0.60	0.71	0.31	0.00	0.00	0.00	0.00	0.00	LOS_A	1	0.00	0.00
1	7200-10800	43-28: Troups Rd N@6.9-13: Western Hwy@23.8	28	13	2	2	0	0	0	0.11	0.11				0.00	0.00				LOS_A	1	0.00	0.00
1	7200-10800	43-609: Western Hwy@95.9-13: Western Hwy@23.8	609	13	789	682	2	77	28	0.25	0.23	0.01	0.41	0.40	0.00	0.00	0.00	0.00	0.00	LOS_A	1	0.00	0.00
1	7200-10800	43-609: Western Hwy@95.9-27: Troups Rd N@5.6	609	27	70	66	0	3	0	1.57	1.49		2.95		0.00	0.00		0.00		LOS_A	1	0.00	0.00
1	7200-10800	43-944: Western Hwy@45.8-73: Western Hwy@23.3	944	73	1726	1636	6	60	22	0.12	0.12	0.16	0.10	0.12	0.00	0.00	0.00	0.00	0.00	LOS_A	1	0.00	0.00
1	7200-10800	43			2587	2386	8	140	50	0.20	0.19	0.12	0.33	0.28	0.00	0.00	0.00	0.00	0.00	LOS_A	1	0.00	0.00
1	7200-10800	44-15@3.2-243: Ferris Rd  Melton Hwy@24.7	15	243	181	170	0	9	0	18.07	18.09		14.57		11.48	11.70		6.44		LOS_B	2	3.24	28.29
1	7200-10800	44-421: Ferris Rd@65.5-20@13.7	421	20	7	6	0	0	1	1.78	1.46			3.71	0.00	0.00			0.00	LOS_A	1	0.00	0.00
1	7200-10800	44-421: Ferris Rd@65.5-243: Ferris Rd  Melton Hwy@24.7	421	243	337	320	0	13	4	17.14	17.06		20.47	12.87	9.08	9.11		9.33	6.52	LOS_B	2	5.43	57.50
1	7200-10800	44-682@3.6-420: Ferris Rd@19.2	682	420	165	145	0	16	4	0.27	0.26		0.33	0.14	0.00	0.00		0.00	0.00	LOS_A	1	0.00	0.00
1	7200-10800	44-10393@15.0-19@37.7	10393	19	71	65	0	6	0	20.34	19.70		27.28		13.14	12.84		16.44		LOS_C	3	2.89	32.87
1	7200-10800	44-10393@15.0-420: Ferris Rd@19.2	10393	420	137	125	0	11	1	8.39	8.75		3.58	15.59	3.45	3.75		0.37	0.00	LOS_A	1	2.89	32.87
1	7200-10800	44			898	831	0	55	10	13.03	13.18		11.01	7.13	7.29	7.47		5.13	2.61	LOS_B	2	2.31	57.50
1	7200-10800	45-499: Zone connector@162.8-95: Melton Hwy@35.1	499	95	4	4	0	0	0	42.93	42.93				35.66	35.66				LOS_D	4	0.21	6.36
1	7200-10800	45-499: Zone connector@162.8-307: Melton Hwy@9.5	499	307	2	1	0	1	0	2.33	3.69		0.97		0.00	0.00		0.00		LOS_A	1	0.00	0.00
1	7200-10800	45-677: Melton Hwy@21.4-307: Melton Hwy@9.5	677	307	308	284	0	23	1	2.51	2.38		4.26	0.00	0.87	0.90		0.60	0.00	LOS_A	1	0.45	35.22
1	7200-10800	45-677: Melton Hwy@21.4-500: Zone connector@16.0	677	500	2	2	0	0	0	0.96	0.96				0.00	0.00				LOS_A	1	0.00	0.00
1	7200-10800	45-680: Melton Hwy@11.3-95: Melton Hwy@35.1	680	95	480	462	0	17	1	0.51	0.53		0.02	0.00	0.09	0.10		0.00	0.00	LOS_A	1	2.39	24.05
1	7200-10800	45-680: Melton Hwy@11.3-363: Gateway Dr@7.0	680	363	0	0	0	0	0											LOS_A		0.00	0.00
1	7200-10800	45-680: Melton Hwy@11.3-500: Zone connector@16.0	680	500	34	34	0	0	0	48.10	48.10				39.80	39.80				LOS_D	4	2.39	24.05
1	7200-10800	45-681: Gateway Dr@258.9-95: Melton Hwy@35.1	681	95	0	0	0	0	0											LOS_A		0.00	0.00
1	7200-10800	45			830	787	0	41	2	3.42	3.48		2.42	0.00	2.18	2.28		0.33	0.00	LOS_A	1	0.43	35.22
1	7200-10800	46-12: Hopkins Rd@73.6-44: Hopkins Rd@23.1	12	44	383	361	1	19	2	1.77	1.73	0.45	2.08	7.25	0.06	0.07	0.00	0.00	0.00	LOS_A	1	0.15	29.06
1	7200-10800	46-12: Hopkins Rd@73.6-104@37.0	12	104	68	62	0	6	0	0.85	0.79		1.44		0.00	0.00		0.00		LOS_A	1	0.07	29.06
1	7200-10800	46-12: Hopkins Rd@73.6-428@34.4	12	428	16	16	0	0	0	2.29	2.29				0.37	0.37				LOS_A	1	0.15	29.06
1	7200-10800	46-12: Hopkins Rd@73.6-1243: Hopkins Rd@4.3	12	1243	0	0	0	0	0											LOS_A		0.15	29.06
1	7200-10800	46-255: Hopkins Rd@17.0-44: Hopkins Rd@23.1	255	44	0	0	0	0	0											LOS_A		0.00	5.42
1	7200-10800	46-255: Hopkins Rd@17.0-104@37.0	255	104	19	15	0	3	0	1.09	0.67		2.49		0.00	0.00		0.00		LOS_A	1	0.00	5.42
1	7200-10800	46-255: Hopkins Rd@17.0-428@34.4	255	428	19	19	0	0	0	0.65	0.65				0.00	0.00				LOS_A	1	0.00	5.42
1	7200-10800	46-255: Hopkins Rd@17.0-1243: Hopkins Rd@4.3	255	1243	227	212	0	14	1	0.63	0.61		0.86	1.16	0.00	0.00		0.00	0.00	LOS_A	1	0.00	5.42
1	7200-10800	46-257@11.2-44: Hopkins Rd@23.1	257	44	70	51	0	19	0	5.14	5.77		3.48		0.80	0.82		0.74		LOS_A	1	0.19	18.81
1	7200-10800	46-257@11.2-104@37.0	257	104	0	0	0	0	0											LOS_A		0.19	18.81
1	7200-10800	46-257@11.2-428@34.4	257	428	0	0	0	0	0											LOS_A		0.19	18.81
1	7200-10800	46-257@11.2-1243: Hopkins Rd@4.3	257	1243	102	92	0	10	0	3.01	2.94		3.62		0.66	0.65		0.77		LOS_A	1	0.25	21.60
1	7200-10800	46-429@91.6-44: Hopkins Rd@23.1	429	44	24	24	0	0	0	4.06	4.06				0.99	0.99				LOS_A	1	0.09	17.68
1	7200-10800	46-429@91.6-104@37.0	429	104	13	13	0	0	0	3.29	3.29				0.55	0.55				LOS_A	1	0.09	17.68
1	7200-10800	46-429@91.6-428@34.4	429	428	0	0	0	0	0											LOS_A		0.09	17.68
1	7200-10800	46-429@91.6-1243: Hopkins Rd@4.3	429	1243	28	28	0	0	0	2.93	2.93				0.38	0.38				LOS_A	1	0.09	17.68
1	7200-10800	46			969	893	1	71	3	1.90	1.85	0.45	2.39	5.22	0.20	0.20	0.00	0.31	0.00	LOS_A	1	0.12	29.06
1	7200-10800	47-4: Caroline Springs Blvd@6.8-212: Caroline Springs Blvd@4.6	4	212	711	682	0	22	0	66.85	66.05		89.76		52.17	51.64		70.06		LOS_F	6	119.95	294.76
1	7200-10800	47-4: Caroline Springs Blvd@6.8-446@6.0	4	446	0	0	0	0	0											LOS_A		107.70	270.59
1	7200-10800	47-447@32.5-212: Caroline Springs Blvd@4.6	447	212	0	0	0	0	0											LOS_A		0.00	0.00
1	7200-10800	47-887: Caroline Springs Blvd@16.4-212: Caroline Springs Blvd@4.6	887	212	6	5	0	1	0	76.29	71.30		101.23		63.18	58.39		87.14		LOS_F	6	0.54	13.29
1	7200-10800	47-887: Caroline Springs Blvd@16.4-448@12.1	887	448	167	151	0	9	0	0.22	0.17		0.15		0.00	0.00		0.00		LOS_A	1	0.00	0.00
1	7200-10800	47			884	838	0	32	0	54.33	54.21		64.91		42.39	42.38		50.89		LOS_F	6	45.64	294.76
1	7200-10800	48-67: Meskos Rd@199.5-12: Hopkins Rd@2.0	67	12	2	2	0	0	0	0.10	0.10				0.00	0.00				LOS_A	1	0.00	0.00
1	7200-10800	48-67: Meskos Rd@199.5-252: Hopkins Rd@3.1	67	252	0	0	0	0	0											LOS_A		0.00	0.00
1	7200-10800	48-251: Hopkins Rd@11.8-12: Hopkins Rd@2.0	251	12	465	437	1	25	2	0.03	0.02	0.13	0.07	0.09	0.00	0.00	0.00	0.00	0.00	LOS_A	1	0.00	0.00
1	7200-10800	48-251: Hopkins Rd@11.8-66: Meskos Rd@6.0	251	66	0	0	0	0	0											LOS_A		0.00	0.00
1	7200-10800	48-1243: Hopkins Rd@76.3-66: Meskos Rd@6.0	1243	66	0	0	0	0	0											LOS_A		0.00	0.00
1	7200-10800	48-1243: Hopkins Rd@76.3-252: Hopkins Rd@3.1	1243	252	357	332	0	24	1	0.11	0.12		0.08	0.00	0.00	0.00		0.00	0.00	LOS_A	1	0.00	0.00
1	7200-10800	48			824	771	1	49	3	0.06	0.06	0.13	0.07	0.06	0.00	0.00	0.00	0.00	0.00	LOS_A	1	0.00	0.00
1	7200-10800	49-351: Delma Rd@85.2-352: Eucumbene Dr@37.8	351	352	0	0	0	0	0											LOS_A		0.00	0.00
1	7200-10800	49-351: Delma Rd@85.2-506: Zone connector@80.7	351	506	37	37	0	0	0	0.26	0.26				0.00	0.00				LOS_A	1	0.00	0.00
1	7200-10800	49-353: Eucumbene Dr@275.9-350: Delma Rd@23.2	353	350	0	0	0	0	0											LOS_A		0.00	0.00
1	7200-10800	49-353: Eucumbene Dr@275.9-506: Zone connector@80.7	353	506	98	95	0	3	0	0.01	0.01		0.00		0.00	0.00		0.00		LOS_A	1	0.00	0.00
1	7200-10800	49-505: Zone connector@77.8-350: Delma Rd@23.2	505	350	20	18	0	2	0	0.47	0.32		1.82		0.00	0.00		0.00		LOS_A	1	0.00	0.00
1	7200-10800	49-505: Zone connector@77.8-352: Eucumbene Dr@37.8	505	352	6	5	0	1	0	0.06	0.07		0.00		0.00	0.00		0.00		LOS_A	1	0.00	0.00
1	7200-10800	49			161	155	0	6	0	0.13	0.11		0.61		0.00	0.00		0.00		LOS_A	1	0.00	0.00
1	7200-10800	50-115: Western Hwy@22.9-209: Ballarat Rd  Western Hwy@28.7	115	209	505	485	0	19	1	31.84	31.89		30.68	33.11	23.06	23.35		16.33	14.65	LOS_C	3	17.81	138.24
1	7200-10800	50-115: Western Hwy@22.9-283: Christies Rd@7.9	115	283	68	65	0	3	0	74.91	76.16		47.75		63.43	64.73		35.14		LOS_E	5	17.81	138.24
1	7200-10800	50-461: Ballarat Rd  Western Hwy@7.1-114: Western Hwy@17.3	461	114	182	161	0	21	0	33.47	33.52		33.07		26.05	26.39		23.43		LOS_C	3	7.95	68.91
1	7200-10800	50-461: Ballarat Rd  Western Hwy@7.1-215: Caroline Springs Blvd@5.8	461	215	56	54	0	2	0	67.15	67.40		60.40		56.66	57.11		44.52		LOS_E	5	7.95	68.91
1	7200-10800	50-648: Christies Rd@37.8-114: Western Hwy@17.3	648	114	8	3	0	5	0	46.46	77.92		27.58		38.86	70.65		19.79		LOS_D	4	10.24	60.23
1	7200-10800	50-648: Christies Rd@37.8-209: Ballarat Rd  Western Hwy@28.7	648	209	57	50	0	7	0	76.70	74.06		95.62		65.31	63.28		79.79		LOS_E	5	10.24	60.23
1	7200-10800	50-648: Christies Rd@37.8-215: Caroline Springs Blvd@5.8	648	215	93	78	0	8	0	41.04	40.04		40.91		32.73	32.67		30.73		LOS_D	4	10.24	60.23
1	7200-10800	50-649@8.2-283: Christies Rd@7.9	649	283	55	48	0	7	0	8.62	7.38		17.14		4.78	3.97		10.36		LOS_A	1	0.66	47.85
1	7200-10800	50-651@22.8-215: Caroline Springs Blvd@5.8	651	215	24	24	0	0	0	0.48	0.48				0.00	0.00				LOS_A	1	0.00	0.00
1	7200-10800	50-652: Caroline Springs Blvd@21.4-114: Western Hwy@17.3	652	114	12	11	0	1	0	109.00	106.62		135.19		96.56	94.27		121.75		LOS_F	6	42.65	115.36
1	7200-10800	50-652: Caroline Springs Blvd@21.4-209: Ballarat Rd  Western Hwy@28.7	652	209	213	204	0	9	0	22.25	22.70		12.05		11.37	11.77		2.12		LOS_C	3	15.78	122.12
1	7200-10800	50-652: Caroline Springs Blvd@21.4-283: Christies Rd@7.9	652	283	492	472	0	13	0	77.97	78.28		76.63		66.99	67.38		64.83		LOS_E	5	42.65	115.36
1	7200-10800	50			1765	1655	0	95	1	47.87	48.11		42.48	33.11	38.39	38.80		31.12	14.65	LOS_D	4	13.59	138.24
1	7200-10800	51-7: Ballarat Rd  Western Hwy@16.6-10: Ballarat Rd  Western Hwy@18.5	7	10	5	5	0	0	0	42.46	42.46				35.44	35.44				LOS_D	4	0.64	13.23
1	7200-10800	51-7: Ballarat Rd  Western Hwy@16.6-385: Chisholm Dr@11.7	7	385	0	0	0	0	0											LOS_A		0.64	13.23
1	7200-10800	51-7: Ballarat Rd  Western Hwy@16.6-670: Ballarat Rd  Western Hwy@1.4	7	670	6	6	0	0	0	101.12	101.12				83.74	83.74				LOS_F	6	0.64	13.23
1	7200-10800	51-7: Ballarat Rd  Western Hwy@16.6-671: Panamax Rd@7.5	7	671	0	0	0	0	0											LOS_A		0.64	13.23
1	7200-10800	51-347: Panamax Rd@4.8-10: Ballarat Rd  Western Hwy@18.5	347	10	87	84	0	3	0	60.54	59.64		85.80		44.87	44.18		64.16		LOS_E	5	3.92	44.23
1	7200-10800	51-347: Panamax Rd@4.8-385: Chisholm Dr@11.7	347	385	6	6	0	0	0	38.71	38.71				32.42	32.42				LOS_D	4	3.92	44.23
1	7200-10800	51-347: Panamax Rd@4.8-670: Ballarat Rd  Western Hwy@1.4	347	670	46	44	0	2	0	3.00	2.98		3.44		0.00	0.00		0.00		LOS_A	1	0.00	0.00
1	7200-10800	51-360: Ballarat Rd  Western Hwy@55.2-10: Ballarat Rd  Western Hwy@18.5	360	10	734	702	0	31	1	7.36	7.42		6.19	0.00	3.91	4.00		1.94	0.00	LOS_A	1	6.46	123.54
1	7200-10800	51-360: Ballarat Rd  Western Hwy@55.2-385: Chisholm Dr@11.7	360	385	6	6	0	0	0	7.67	7.67				1.91	1.91				LOS_A	1	6.46	123.54
1	7200-10800	51-360: Ballarat Rd  Western Hwy@55.2-671: Panamax Rd@7.5	360	671	35	31	0	4	0	60.69	60.81		59.75		51.06	51.54		47.39		LOS_E	5	6.46	123.54
1	7200-10800	51-673: Chisholm Dr@12.9-10: Ballarat Rd  Western Hwy@18.5	673	10	68	68	0	0	0	4.02	4.02				2.01	2.01				LOS_A	1	1.31	46.01
1	7200-10800	51-673: Chisholm Dr@12.9-670: Ballarat Rd  Western Hwy@1.4	673	670	19	19	0	0	0	70.75	70.75				53.98	53.98				LOS_E	5	3.09	46.69
1	7200-10800	51-673: Chisholm Dr@12.9-671: Panamax Rd@7.5	673	671	25	24	0	1	0	46.57	45.78		65.68		32.42	31.74		48.64		LOS_D	4	3.09	46.69
1	7200-10800	51-885: Ballarat Rd  Western Hwy@6.9-10: Ballarat Rd  Western Hwy@18.5	885	10	0	0	0	0	0											LOS_A		1.76	40.83
1	7200-10800	51-885: Ballarat Rd  Western Hwy@6.9-385: Chisholm Dr@11.7	885	385	9	9	0	0	0	53.09	53.09				42.74	42.74				LOS_D	4	1.76	40.83
1	7200-10800	51-885: Ballarat Rd  Western Hwy@6.9-670: Ballarat Rd  Western Hwy@1.4	885	670	239	213	0	26	0	8.53	8.68		7.30		4.31	4.49		2.83		LOS_A	1	1.76	40.83
1	7200-10800	51-885: Ballarat Rd  Western Hwy@6.9-671: Panamax Rd@7.5	885	671	80	79	0	1	0	9.68	9.75		4.52		4.01	4.06		0.00		LOS_A	1	1.76	40.83
1	7200-10800	51			1365	1296	0	68	1	14.73	14.77		14.05	0.00	9.64	9.71		8.30	0.00	LOS_B	2	2.45	123.54
1	7200-10800	52-198: Melton Hwy@69.6-182@11.5	198	182	227	204	0	22	0	2.62	2.48		3.81		0.00	0.00		0.00		LOS_A	1	0.00	0.00
1	7200-10800	52-198: Melton Hwy@69.6-308: Ferris Rd  Melton Hwy@20.5	198	308	200	182	0	17	1	0.59	0.58		0.61	0.62	0.00	0.00		0.00	0.00	LOS_A	1	0.00	0.00
1	7200-10800	52-339@366.5-200: Melton Hwy@21.7	339	200	259	250	0	9	0	0.29	0.30		0.20		0.00	0.00		0.00		LOS_A	1	0.00	0.00
1	7200-10800	52-339@366.5-308: Ferris Rd  Melton Hwy@20.5	339	308	8	8	0	0	0	7.00	7.00				2.36	2.36				LOS_A	1	0.01	5.73
1	7200-10800	52-956: Ferris Rd  Melton Hwy@55.3-182@11.5	956	182	242	229	0	10	3	2.86	2.78		4.92	2.66	0.36	0.38		0.06	0.00	LOS_A	1	0.42	19.21
1	7200-10800	52-956: Ferris Rd  Melton Hwy@55.3-200: Melton Hwy@21.7	956	200	276	261	0	12	1	0.06	0.04		0.11	0.00	0.00	0.00		0.00	0.00	LOS_A	1	0.00	0.00
1	7200-10800	52			1212	1134	0	70	5	1.28	1.23		2.09	1.72	0.09	0.09		0.01	0.00	LOS_A	1	0.09	19.21
1	7200-10800	53-899: Melton Hwy@13.5-199: Melton Hwy@15.7	899	199	0	0	0	0	0											LOS_A		0.04	11.50
1	7200-10800	53-899: Melton Hwy@13.5-301: High St@21.5	899	301	5	5	0	0	0	0.50	0.50				0.00	0.00				LOS_A	1	0.04	11.50
1	7200-10800	53-899: Melton Hwy@13.5-305: Melton Hwy@15.3	899	305	429	411	0	17	1	0.83	0.82		1.00	1.47	0.01	0.01		0.00	0.00	LOS_A	1	0.04	11.50
1	7200-10800	53-899: Melton Hwy@13.5-376: High St@36.1	899	376	101	95	0	4	0	2.14	1.95		4.38		0.07	0.07		0.00		LOS_A	1	0.04	11.50
1	7200-10800	53-900: High St@7.7-199: Melton Hwy@15.7	900	199	143	127	0	15	0	5.18	4.95		6.48		1.53	1.43		2.21		LOS_A	1	0.86	31.37
1	7200-10800	53-900: High St@7.7-301: High St@21.5	900	301	6	6	0	0	0	3.39	3.39				0.10	0.10				LOS_A	1	0.86	31.37
1	7200-10800	53-900: High St@7.7-305: Melton Hwy@15.3	900	305	83	83	0	0	0	12.07	12.07				2.49	2.49				LOS_B	2	0.80	32.66
1	7200-10800	53-900: High St@7.7-376: High St@36.1	900	376	0	0	0	0	0											LOS_A		0.86	31.37
1	7200-10800	53-901: Melton Hwy@7.6-199: Melton Hwy@15.7	901	199	261	236	0	24	1	1.48	1.48		1.56	0.21	0.03	0.03		0.00	0.00	LOS_A	1	0.15	36.75
1	7200-10800	53-901: Melton Hwy@7.6-301: High St@21.5	901	301	2	2	0	0	0	8.72	8.72				0.48	0.48				LOS_A	1	0.15	36.75
1	7200-10800	53-901: Melton Hwy@7.6-305: Melton Hwy@15.3	901	305	0	0	0	0	0											LOS_A		0.15	36.75
1	7200-10800	53-901: Melton Hwy@7.6-376: High St@36.1	901	376	47	47	0	0	0	1.17	1.17				0.03	0.03				LOS_A	1	0.15	36.75
1	7200-10800	53-1241: High St@3.1-199: Melton Hwy@15.7	1241	199	23	23	0	0	0	5.10	5.10				2.42	2.42				LOS_A	1	0.12	12.70
1	7200-10800	53-1241: High St@3.1-301: High St@21.5	1241	301	0	0	0	0	0											LOS_A		0.12	12.70
1	7200-10800	53-1241: High St@3.1-305: Melton Hwy@15.3	1241	305	2	2	0	0	0	5.19	5.19				0.00	0.00				LOS_A	1	0.12	12.70
1	7200-10800	53-1241: High St@3.1-376: High St@36.1	1241	376	1	1	0	0	0	7.07	7.07				0.00	0.00				LOS_A	1	0.12	12.70
1	7200-10800	53			1103	1038	0	60	2	2.66	2.63		2.82	0.84	0.45	0.45		0.55	0.00	LOS_A	1	0.38	36.75
1	7200-10800	54-526: Ferris Rd@22.5-310@35.3	526	310	17	11	0	6	0	4.82	4.92		4.64		0.10	0.15		0.00		LOS_A	1	0.01	5.70
1	7200-10800	54-526: Ferris Rd@22.5-421: Ferris Rd@15.4	526	421	0	0	0	0	0											LOS_A		0.00	0.00
1	7200-10800	54-526: Ferris Rd@22.5-525: Ferris Rd@18.9	526	525	285	259	0	21	5	0.08	0.07		0.10	0.35	0.00	0.00		0.00	0.00	LOS_A	1	0.00	0.00
1	7200-10800	54-527: Zone connector@58.2-310@35.3	527	310	0	0	0	0	0											LOS_A		0.00	0.00
1	7200-10800	54-527: Zone connector@58.2-421: Ferris Rd@15.4	527	421	327	309	0	13	5	0.15	0.14		0.33	0.11	0.00	0.00		0.00	0.00	LOS_A	1	0.00	0.00
1	7200-10800	54-528@5.7-421: Ferris Rd@15.4	528	421	17	17	0	0	0	2.37	2.37				0.15	0.15				LOS_A	1	0.01	5.15
1	7200-10800	54-528@5.7-525: Ferris Rd@18.9	528	525	0	0	0	0	0											LOS_A		0.00	0.00
1	7200-10800	54			646	596	0	40	10	0.30	0.27		0.85	0.23	0.01	0.01		0.00	0.00	LOS_A	1	0.00	5.70
1	7200-10800	55-68: Mount Cottrell Rd@390.9-320: Western Fwy@25.9	68	320	79	73	0	6	0	0.38	0.38		0.36		0.00	0.00		0.00		LOS_A	1	0.00	0.00
1	7200-10800	55-942: Western Hwy@75.8-69: Mount Cottrell Rd@25.4	942	69	44	43	0	1	0	0.19	0.18		0.88		0.00	0.00		0.00		LOS_A	1	0.00	0.00
1	7200-10800	55-942: Western Hwy@75.8-320: Western Fwy@25.9	942	320	716	618	2	69	26	0.26	0.26	0.00	0.30	0.07	0.00	0.00	0.00	0.00	0.00	LOS_A	1	0.00	0.00
1	7200-10800	55			839	734	2	76	26	0.27	0.27	0.00	0.31	0.07	0.00	0.00	0.00	0.00	0.00	LOS_A	1	0.00	0.00
1	7200-10800	56-24: Paynes Rd@384.9-537: Western Hwy@24.0	24	537	19	19	0	0	0	0.15	0.15				0.00	0.00				LOS_A	1	0.00	0.00
1	7200-10800	56-536: Western Hwy@83.6-23: Paynes Rd@34.1	536	23	21	21	0	0	0	2.62	2.62				0.00	0.00				LOS_A	1	0.00	0.00
1	7200-10800	56-536: Western Hwy@83.6-537: Western Hwy@24.0	536	537	744	645	2	70	26	0.29	0.27	0.00	0.44	0.18	0.00	0.00	0.00	0.00	0.00	LOS_A	1	0.00	0.00
1	7200-10800	56			784	685	2	70	26	0.34	0.34	0.00	0.44	0.18	0.00	0.00	0.00	0.00	0.00	LOS_A	1	0.00	0.00
1	7200-10800	57-169: Western Hwy@71.3-168: Western Hwy@12.5	169	168	1598	1510	6	61	20	0.12	0.12	0.07	0.12	0.02	0.00	0.00	0.00	0.00	0.00	LOS_A	1	0.00	0.00
1	7200-10800	57-511: Zone connector@97.7-172: Western Hwy@0.2	511	172	0	0	0	0	0											LOS_A		0.00	0.00
1	7200-10800	57-936: Western Hwy@71.3-172: Western Hwy@0.2	936	172	764	665	2	70	26	0.04	0.04	0.00	0.04	0.03	0.00	0.00	0.00	0.00	0.00	LOS_A	1	0.00	0.00
1	7200-10800	57-936: Western Hwy@71.3-512: Zone connector@4.0	936	512	0	0	0	0	0											LOS_A		0.00	0.00
1	7200-10800	57			2362	2175	8	131	46	0.09	0.10	0.06	0.07	0.02	0.00	0.00	0.00	0.00	0.00	LOS_A	1	0.00	0.00
1	7200-10800	58-436@136.8-271: Leakes Rd@61.4	436	271	79	71	0	8	0	1.62	1.68		1.06		0.25	0.28		0.00		LOS_A	1	0.07	12.40
1	7200-10800	58-436@136.8-437: Leakes Rd@45.3	436	437	49	48	0	1	0	2.25	2.23		3.30		0.47	0.48		0.00		LOS_A	1	0.01	5.74
1	7200-10800	58-600: Leakes Rd@6.4-273@26.5	600	273	168	161	0	5	2	1.55	1.51		2.19	3.12	0.00	0.00		0.00	0.00	LOS_A	1	0.00	0.00
1	7200-10800	58-600: Leakes Rd@6.4-437: Leakes Rd@45.3	600	437	133	119	0	12	0	1.39	1.49		0.71		0.00	0.00		0.00		LOS_A	1	0.00	0.00
1	7200-10800	58-1263: Leakes Rd@41.8-271: Leakes Rd@61.4	1263	271	130	115	0	12	1	0.04	0.05		0.00	0.00	0.00	0.00		0.00	0.00	LOS_A	1	0.13	19.10
1	7200-10800	58-1263: Leakes Rd@41.8-273@26.5	1263	273	88	85	0	3	0	2.05	1.98		4.13		0.37	0.36		0.53		LOS_A	1	0.13	19.10
1	7200-10800	58			647	599	0	41	3	1.34	1.37		1.07	2.08	0.12	0.12		0.04	0.00	LOS_A	1	0.05	19.10
1	7200-10800	59-271: Leakes Rd@243.2-401: Leakes Rd@29.0	271	401	209	186	0	20	1	0.01	0.01		0.00	0.00	0.00	0.00		0.00	0.00	LOS_A	1	0.00	0.00
1	7200-10800	59-443@92.7-270: Leakes Rd@21.8	443	270	0	0	0	0	0											LOS_A		0.00	0.00
1	7200-10800	59-443@92.7-442@13.5	443	442	0	0	0	0	0											LOS_A		0.00	0.00
1	7200-10800	59-605: Leakes Rd@50.0-270: Leakes Rd@21.8	605	270	301	280	0	17	2	0.65	0.52		0.66	1.62	0.00	0.00		0.00	0.00	LOS_A	1	0.00	0.00
1	7200-10800	59-605: Leakes Rd@50.0-442@13.5	605	442	0	0	0	0	0											LOS_A		0.00	0.00
1	7200-10800	59			510	466	0	37	3	0.39	0.32		0.30	1.08	0.00	0.00		0.00	0.00	LOS_A	1	0.00	0.00
1	7200-10800	60-604: Leakes Rd@15.4-398: Taylors Rd@22.2	604	398	0	0	0	0	0											LOS_A		0.00	0.00
1	7200-10800	60-604: Leakes Rd@15.4-402: Leakes Rd@24.4	604	402	265	251	0	12	2	10.72	10.34		16.06	25.70	4.90	4.71		6.94	16.14	LOS_B	2	2.54	46.06
1	7200-10800	60-606: Leakes Rd@69.8-402: Leakes Rd@24.4	606	402	36	29	0	5	0	1.78	2.07		0.15		0.38	0.47		0.00		LOS_A	1	0.00	0.00
1	7200-10800	60-607: Taylors Rd@70.4-400: Leakes Rd@76.7	607	400	0	0	0	0	0											LOS_A		0.00	0.00
1	7200-10800	60-938: Leakes Rd@26.8-398: Taylors Rd@22.2	938	398	170	151	0	17	0	15.28	14.68		21.04		9.69	9.43		13.03		LOS_B	2	3.23	27.31
1	7200-10800	60-938: Leakes Rd@26.8-400: Leakes Rd@76.7	938	400	39	35	0	3	1	0.04	0.04		0.09	0.00	0.00	0.00		0.00	0.00	LOS_A	1	3.23	27.31
1	7200-10800	60			510	466	0	37	3	10.79	10.46		14.90	17.13	5.80	5.62		8.24	10.76	LOS_B	2	1.15	46.06
1	7200-10800	61-540@22.7-435: Leakes Rd@19.5	540	435	28	27	0	0	1	0.92	0.94			0.17	0.00	0.00			0.00	LOS_A	1	0.01	11.71
1	7200-10800	61-540@22.7-438: Leakes Rd@14.4	540	438	68	58	0	9	1	1.02	1.00		0.99	2.52	0.07	0.08		0.00	0.00	LOS_A	1	0.02	5.90
1	7200-10800	61-863: Leakes Rd@86.5-265@27.3	863	265	55	55	0	0	0	3.01	3.01				0.03	0.03				LOS_A	1	0.05	18.45
1	7200-10800	61-863: Leakes Rd@86.5-435: Leakes Rd@19.5	863	435	127	112	0	13	0	0.11	0.10		0.23		0.00	0.00		0.00		LOS_A	1	0.00	0.00
1	7200-10800	61-941: Leakes Rd@8.5-265@27.3	941	265	17	14	0	2	0	2.38	1.79		4.18		0.00	0.00		0.00		LOS_A	1	0.00	0.00
1	7200-10800	61-941: Leakes Rd@8.5-438: Leakes Rd@14.4	941	438	150	142	0	6	0	0.16	0.16		0.28		0.00	0.00		0.00		LOS_A	1	0.00	0.00
1	7200-10800	61			445	408	0	30	2	0.76	0.75		0.73	1.35	0.01	0.02		0.00	0.00	LOS_A	1	0.02	18.45
1	7200-10800	62-267: Ian Cowie Way@65.6-264: Leakes Rd@15.6	267	264	0	0	0	0	0											LOS_A		0.00	0.00
1	7200-10800	62-267: Ian Cowie Way@65.6-434: Leakes Rd@14.9	267	434	5	5	0	0	0	1.58	1.58				0.18	0.18				LOS_A	1	0.00	0.00
1	7200-10800	62-538: Leakes Rd@42.7-264: Leakes Rd@15.6	538	264	154	138	0	13	1	0.04	0.04		0.09	0.04	0.00	0.00		0.00	0.00	LOS_A	1	0.00	0.00
1	7200-10800	62-538: Leakes Rd@42.7-268: Ian Cowie Way@17.3	538	268	1	1	0	0	0	2.27	2.27				0.00	0.00				LOS_A	1	0.00	0.00
1	7200-10800	62-864: Leakes Rd@42.2-268: Ian Cowie Way@17.3	864	268	0	0	0	0	0											LOS_A		0.00	0.00
1	7200-10800	62-864: Leakes Rd@42.2-434: Leakes Rd@14.9	864	434	162	151	0	8	0	0.02	0.02		0.00		0.00	0.00		0.00		LOS_A	1	0.00	0.00
1	7200-10800	62			322	295	0	21	1	0.06	0.06		0.05	0.04	0.00	0.00		0.00	0.00	LOS_A	1	0.00	0.00
1	7200-10800	63-374: Westcott Pde@100.7-263: Leakes Rd@9.1	374	263	3	2	0	0	0	4.98	0.13				0.00	0.00				LOS_A	1	0.00	0.00
1	7200-10800	63-374: Westcott Pde@100.7-372: Leakes Rd@14.9	374	372	0	0	0	0	0											LOS_A		0.00	0.00
1	7200-10800	63-542: Leakes Rd@34.5-372: Leakes Rd@14.9	542	372	153	138	0	12	1	0.09	0.06		0.02	0.00	0.00	0.00		0.00	0.00	LOS_A	1	0.00	0.00
1	7200-10800	63-542: Leakes Rd@34.5-375: Westcott Pde@26.6	542	375	1	0	0	1	0	5.01			5.01		0.00			0.00		LOS_A	1	0.00	0.00
1	7200-10800	63-543: Leakes Rd@6.7-263: Leakes Rd@9.1	543	263	159	149	0	8	0	0.01	0.01		0.00		0.00	0.00		0.00		LOS_A	1	0.00	0.00
1	7200-10800	63-543: Leakes Rd@6.7-375: Westcott Pde@26.6	543	375	0	0	0	0	0											LOS_A		0.00	0.00
1	7200-10800	63			316	289	0	21	1	0.11	0.03		0.25	0.00	0.00	0.00		0.00	0.00	LOS_A	1	0.00	0.00
1	7200-10800	64-484@157.6-78: Western Hwy@14.0	484	78	0	0	0	0	0											LOS_A		0.00	0.00
1	7200-10800	64-484@157.6-324: Western Hwy@20.9	484	324	0	0	0	0	0											LOS_A		0.00	0.00
1	7200-10800	64-943: Western Hwy@38.1-78: Western Hwy@14.0	943	78	1725	1635	6	60	22	0.09	0.08	0.20	0.24	0.24	0.00	0.00	0.00	0.00	0.00	LOS_A	1	0.00	0.00
1	7200-10800	64-943: Western Hwy@38.1-324: Western Hwy@20.9	943	324	0	0	0	0	0											LOS_A		0.00	0.00
1	7200-10800	64-943: Western Hwy@38.1-483@8.4	943	483	0	0	0	0	0											LOS_A		0.00	0.00
1	7200-10800	64-1265: Western Hwy@45.2-78: Western Hwy@14.0	1265	78	2	2	0	0	0	21.09	21.09				17.35	17.35				LOS_C	3	0.05	5.57
1	7200-10800	64-1265: Western Hwy@45.2-324: Western Hwy@20.9	1265	324	788	681	2	77	28	0.05	0.05	0.00	0.05	0.02	0.00	0.00	0.00	0.00	0.00	LOS_A	1	0.00	0.00
1	7200-10800	64-1265: Western Hwy@45.2-483@8.4	1265	483	0	0	0	0	0											LOS_A		0.00	0.00
1	7200-10800	64			2515	2318	8	137	50	0.09	0.09	0.15	0.13	0.11	0.01	0.01	0.00	0.00	0.00	LOS_A	1	0.01	5.57
1	7200-10800	65-27: Troups Rd N@8.8-29: Western Hwy@8.5	27	29	37	35	0	2	0	0.01	0.01		0.01		0.00	0.00		0.00		LOS_A	1	0.00	0.00
1	7200-10800	65-27: Troups Rd N@8.8-31: Troups Rd N@5.3	27	31	33	31	0	1	0	0.00	0.00		0.00		0.00	0.00		0.00		LOS_A	1	0.00	0.00
1	7200-10800	65-30: Western Hwy@242.6-28: Troups Rd N@3.2	30	28	1	1	0	0	0	0.05	0.05				0.00	0.00				LOS_A	1	0.00	0.00
1	7200-10800	65-30: Western Hwy@242.6-31: Troups Rd N@5.3	30	31	0	0	0	0	0											LOS_A		0.00	0.00
1	7200-10800	65-32: Troups Rd N@98.1-28: Troups Rd N@3.2	32	28	1	1	0	0	0	0.20	0.20				0.00	0.00				LOS_A	1	0.00	0.00
1	7200-10800	65-32: Troups Rd N@98.1-29: Western Hwy@8.5	32	29	0	0	0	0	0											LOS_A		0.00	0.00
1	7200-10800	65			72	68	0	3	0	0.01	0.01		0.01		0.00	0.00		0.00		LOS_A	1	0.00	0.00
1	7200-10800	66-33: Neales Rd W@612.0-35: Neales Rd W@48.6	33	35	0	0	0	0	0											LOS_A		0.00	0.00
1	7200-10800	66-33: Neales Rd W@612.0-232: Hopkins Rd@6.4	33	232	0	0	0	0	0											LOS_A		0.00	0.00
1	7200-10800	66-33: Neales Rd W@612.0-910: Melton Hwy@16.5	33	910	0	0	0	0	0											LOS_A		0.00	0.00
1	7200-10800	66-622: Neales Rd W@45.9-34: Neales Rd W@23.0	622	34	1	1	0	0	0	36.45	36.45				27.61	27.61				LOS_D	4	0.05	6.47
1	7200-10800	66-622: Neales Rd W@45.9-232: Hopkins Rd@6.4	622	232	101	94	0	6	0	0.52	0.40		1.60		0.02	0.02		0.00		LOS_A	1	0.00	0.00
1	7200-10800	66-622: Neales Rd W@45.9-910: Melton Hwy@16.5	622	910	0	0	0	0	0											LOS_A		0.05	6.47
1	7200-10800	66-897: Hopkins Rd@12.7-34: Neales Rd W@23.0	897	34	0	0	0	0	0											LOS_A		1.81	27.37
1	7200-10800	66-897: Hopkins Rd@12.7-35: Neales Rd W@48.6	897	35	71	56	0	13	0	22.64	21.75		21.32		13.81	13.96		9.55		LOS_C	3	1.81	27.37
1	7200-10800	66-897: Hopkins Rd@12.7-910: Melton Hwy@16.5	897	910	128	112	0	15	1	0.26	0.26		0.21	0.62	0.06	0.07		0.00	0.00	LOS_A	1	1.81	27.37
1	7200-10800	66-908: Melton Hwy@9.5-34: Neales Rd W@23.0	908	34	0	0	0	0	0											LOS_A		0.38	25.49
1	7200-10800	66-908: Melton Hwy@9.5-35: Neales Rd W@48.6	908	35	0	0	0	0	0											LOS_A		0.38	25.49
1	7200-10800	66-908: Melton Hwy@9.5-232: Hopkins Rd@6.4	908	232	176	166	0	7	3	3.20	3.31		1.91	0.15	0.74	0.79		0.00	0.00	LOS_A	1	0.38	25.49
1	7200-10800	66			477	429	0	41	4	4.81	4.36		7.40	0.27	2.41	2.21		3.03	0.00	LOS_A	1	0.45	27.37
1	7200-10800	67-230: Hopkins Rd@28.1-37@43.8	230	37	104	98	0	3	3	3.53	3.39		3.91	7.61	0.07	0.06		0.00	0.22	LOS_A	1	0.07	24.40
1	7200-10800	67-230: Hopkins Rd@28.1-426: Hopkins Rd@4.3	230	426	173	162	0	10	0	1.30	1.28		0.34		0.25	0.27		0.00		LOS_A	1	0.00	0.00
1	7200-10800	67-427: Hopkins Rd@87.2-231: Hopkins Rd@8.3	427	231	176	151	0	24	1	0.08	0.04		0.32	0.00	0.00	0.00		0.00	0.00	LOS_A	1	0.00	0.00
1	7200-10800	67-946@14.4-231: Hopkins Rd@8.3	946	231	23	17	0	4	0	0.94	0.62		1.70		0.00	0.00		0.00		LOS_A	1	0.00	0.00
1	7200-10800	67-946@14.4-426: Hopkins Rd@4.3	946	426	92	84	0	7	1	2.10	2.12		2.18	0.45	0.63	0.69		0.00	0.00	LOS_A	1	0.14	11.89
1	7200-10800	67			568	512	0	48	5	1.45	1.44		0.94	4.66	0.19	0.21		0.00	0.13	LOS_A	1	0.04	24.40
1	7200-10800	68-83: Sheahan Rd@168.5-55: Hopkins Rd@3.3	83	55	0	0	0	0	0											LOS_A		0.00	0.00
1	7200-10800	68-83: Sheahan Rd@168.5-251: Hopkins Rd@6.5	83	251	2	2	0	0	0	20.53	20.53				16.81	16.81				LOS_C	3	0.05	6.00
1	7200-10800	68-252: Hopkins Rd@8.4-55: Hopkins Rd@3.3	252	55	356	332	0	23	1	0.02	0.03		0.01	0.00	0.00	0.00		0.00	0.00	LOS_A	1	0.00	0.00
1	7200-10800	68-252: Hopkins Rd@8.4-82: Sheahan Rd@6.2	252	82	1	0	0	1	0	0.03			0.03		0.00			0.00		LOS_A	1	0.00	0.00
1	7200-10800	68-895: Hopkins Rd@30.3-82: Sheahan Rd@6.2	895	82	0	0	0	0	0											LOS_A		0.00	0.00
1	7200-10800	68-895: Hopkins Rd@30.3-251: Hopkins Rd@6.5	895	251	463	435	1	25	2	0.06	0.06	0.70	0.12	0.00	0.00	0.00	0.00	0.00	0.00	LOS_A	1	0.00	0.00
1	7200-10800	68			822	769	1	49	3	0.10	0.10	0.70	0.06	0.00	0.04	0.04	0.00	0.00	0.00	LOS_A	1	0.01	6.00
1	7200-10800	69-290: Caroline Springs Blvd@7.8-60: Caroline Springs Blvd@15.2	290	60	0	0	0	0	0											LOS_A		0.00	3.97
1	7200-10800	69-290: Caroline Springs Blvd@7.8-291: Caroline Springs Blvd@13.9	290	291	154	140	0	7	0	0.42	0.38		0.95		0.01	0.01		0.00		LOS_A	1	0.00	3.97
1	7200-10800	69-290: Caroline Springs Blvd@7.8-293: Chisholm Dr@13.5	290	293	6	5	0	1	0	0.25	0.21		0.43		0.00	0.00		0.00		LOS_A	1	0.00	3.97
1	7200-10800	69-290: Caroline Springs Blvd@7.8-431: Springlake Ave@15.9	290	431	7	6	0	1	0	0.25	0.28		0.02		0.00	0.00		0.00		LOS_A	1	0.00	3.97
1	7200-10800	69-292: Caroline Springs Blvd@169.6-60: Caroline Springs Blvd@15.2	292	60	618	593	0	18	0	72.10	71.77		79.03		48.71	48.68		51.57		LOS_F	6	45.15	196.65
1	7200-10800	69-292: Caroline Springs Blvd@169.6-291: Caroline Springs Blvd@13.9	292	291	0	0	0	0	0											LOS_A		45.15	196.65
1	7200-10800	69-292: Caroline Springs Blvd@169.6-293: Chisholm Dr@13.5	292	293	0	0	0	0	0											LOS_A		45.15	196.65
1	7200-10800	69-292: Caroline Springs Blvd@169.6-431: Springlake Ave@15.9	292	431	0	0	0	0	0											LOS_A		45.15	196.65
1	7200-10800	69-294: Chisholm Dr@69.6-60: Caroline Springs Blvd@15.2	294	60	44	42	0	2	0	115.32	111.92		186.72		92.44	90.03		143.22		LOS_F	6	5.68	50.38
1	7200-10800	69-294: Chisholm Dr@69.6-291: Caroline Springs Blvd@13.9	294	291	0	0	0	0	0											LOS_A		5.68	50.38
1	7200-10800	69-294: Chisholm Dr@69.6-293: Chisholm Dr@13.5	294	293	0	0	0	0	0											LOS_A		5.68	50.38
1	7200-10800	69-294: Chisholm Dr@69.6-431: Springlake Ave@15.9	294	431	0	0	0	0	0											LOS_A		5.68	50.38
1	7200-10800	69-430: Springlake Ave@96.3-60: Caroline Springs Blvd@15.2	430	60	49	47	0	2	0	18.72	16.78		64.29		12.23	10.49		53.09		LOS_C	3	0.01	5.25
1	7200-10800	69-430: Springlake Ave@96.3-291: Caroline Springs Blvd@13.9	430	291	0	0	0	0	0											LOS_A		0.00	5.25
1	7200-10800	69-430: Springlake Ave@96.3-293: Chisholm Dr@13.5	430	293	0	0	0	0	0											LOS_A		0.01	5.25
1	7200-10800	69-430: Springlake Ave@96.3-431: Springlake Ave@15.9	430	431	0	0	0	0	0											LOS_A		0.01	5.25
1	7200-10800	69			878	833	0	31	0	57.65	57.75		62.31		39.60	39.79		42.61		LOS_F	6	10.17	196.65
1	7200-10800	70-352: Eucumbene Dr@292.6-111: Christies Rd@15.7	352	111	6	5	0	1	0	5.83	6.97		0.11		4.58	5.50		0.00		LOS_A	1	0.04	6.09
1	7200-10800	70-647: Christies Rd@1.7-111: Christies Rd@15.7	647	111	526	498	0	21	0	3.78	3.82		2.50		0.42	0.43		0.20		LOS_A	1	0.00	0.00
1	7200-10800	70-647: Christies Rd@1.7-353: Eucumbene Dr@18.2	647	353	82	81	0	1	0	4.76	4.76		4.59		1.14	1.15		0.00		LOS_A	1	0.00	0.00
1	7200-10800	70-891: Christies Rd@8.6-287: Christies Rd@18.9	891	287	151	125	0	19	0	0.17	0.16		0.28		0.00	0.00		0.00		LOS_A	1	0.00	0.00
1	7200-10800	70-891: Christies Rd@8.6-353: Eucumbene Dr@18.2	891	353	16	14	0	2	0	14.61	12.72		27.89		8.76	7.27		19.19		LOS_B	2	0.28	12.00
1	7200-10800	70			781	723	0	44	0	3.42	3.48		2.69		0.62	0.60		0.97		LOS_A	1	0.08	12.00
1	7200-10800	71-111: Christies Rd@84.9-129@9.8	111	129	372	364	0	8	0	0.36	0.36		0.29		0.00	0.00		0.00		LOS_A	1	0.00	0.00
1	7200-10800	71-111: Christies Rd@84.9-282: Christies Rd@12.4	111	282	160	139	0	14	0	0.01	0.01		0.00		0.00	0.00		0.00		LOS_A	1	0.00	0.00
1	7200-10800	71-274: Christies Rd@5.8-112: Christies Rd@20.6	274	112	167	139	0	21	0	0.21	0.20		0.33		0.00	0.00		0.00		LOS_A	1	0.02	8.49
1	7200-10800	71-274: Christies Rd@5.8-129@9.8	274	129	17	6	0	10	1	5.14	4.81		4.92	9.30	0.33	0.94		0.00	0.00	LOS_A	1	0.02	8.49
1	7200-10800	71			716	648	0	53	1	0.36	0.29		1.10	9.30	0.01	0.01		0.00	0.00	LOS_A	1	0.01	8.49
1	7200-10800	72-126@294.6-280: Christies Rd@41.9	126	280	101	95	0	6	0	2.62	2.58		3.26		0.24	0.25		0.00		LOS_A	1	0.06	18.18
1	7200-10800	72-126@294.6-394: Christies Rd@15.7	126	394	32	22	0	7	3	2.58	2.67		2.73	1.49	0.34	0.49		0.00	0.00	LOS_A	1	0.06	18.18
1	7200-10800	72-126@294.6-626: Palm Springs Rd@75.1	126	626	101	95	0	5	1	2.75	2.66		3.52	7.56	0.36	0.38		0.02	0.00	LOS_A	1	0.06	18.18
1	7200-10800	72-279: Christies Rd@96.9-280: Christies Rd@41.9	279	280	0	0	0	0	0											LOS_A		0.00	0.00
1	7200-10800	72-279: Christies Rd@96.9-394: Christies Rd@15.7	279	394	82	69	0	6	0	0.97	0.76		1.84		0.00	0.00		0.00		LOS_A	1	0.00	0.00
1	7200-10800	72-279: Christies Rd@96.9-626: Palm Springs Rd@75.1	279	626	78	70	0	8	0	1.44	1.38		1.90		0.00	0.00		0.00		LOS_A	1	0.00	0.00
1	7200-10800	72-393: Christies Rd@348.6-280: Christies Rd@41.9	393	280	46	23	0	16	0	7.59	5.97		9.86		3.08	2.43		4.46		LOS_A	1	0.46	19.04
1	7200-10800	72-393: Christies Rd@348.6-394: Christies Rd@15.7	393	394	0	0	0	0	0											LOS_A		0.46	19.04
1	7200-10800	72-393: Christies Rd@348.6-626: Palm Springs Rd@75.1	393	626	0	0	0	0	0											LOS_A		0.46	19.04
1	7200-10800	72-625: Palm Springs Rd@88.9-280: Christies Rd@41.9	625	280	37	27	0	9	1	2.81	2.13		4.62	4.71	0.22	0.23		0.22	0.00	LOS_A	1	0.04	9.11
1	7200-10800	72-625: Palm Springs Rd@88.9-394: Christies Rd@15.7	625	394	0	0	0	0	0											LOS_A		0.04	9.11
1	7200-10800	72-625: Palm Springs Rd@88.9-626: Palm Springs Rd@75.1	625	626	0	0	0	0	0											LOS_A		0.04	9.11
1	7200-10800	72			477	401	0	57	5	2.66	2.25		4.94	3.35	0.46	0.33		1.29	0.00	LOS_A	1	0.14	19.04
1	7200-10800	73-350: Delma Rd@97.2-464: Ballarat Rd  Western Hwy@8.8	350	464	20	18	0	2	0	0.82	0.90		0.09		0.23	0.25		0.00		LOS_A	1	0.01	6.00
1	7200-10800	73-663: Ballarat Rd  Western Hwy@46.8-351: Delma Rd@11.2	663	351	37	37	0	0	0	2.78	2.78				0.00	0.00				LOS_A	1	0.00	0.00
1	7200-10800	73-663: Ballarat Rd  Western Hwy@46.8-464: Ballarat Rd  Western Hwy@8.8	663	464	273	245	0	28	0	0.07	0.06		0.09		0.00	0.00		0.00		LOS_A	1	0.00	0.00
1	7200-10800	73			330	300	0	30	0	0.42	0.45		0.09		0.01	0.02		0.00		LOS_A	1	0.01	6.00
1	7200-10800	76-911@130.2-404: Hopkins Rd@29.7	911	404	8	8	0	0	0	30.69	30.69				23.33	23.33				LOS_C	3	0.32	6.64
1	7200-10800	76-911@130.2-408: Hopkins Rd@16.0	911	408	25	25	0	0	0	1.08	1.08				0.41	0.41				LOS_A	1	0.02	6.14
1	7200-10800	76-913: Hopkins Rd@4.0-408: Hopkins Rd@16.0	913	408	438	410	1	25	2	3.59	3.49	0.00	5.65	0.00	1.16	1.12	0.00	1.90	0.00	LOS_A	1	1.18	50.79
1	7200-10800	76-913: Hopkins Rd@4.0-912@27.4	913	912	6	6	0	0	0	1.17	1.17				0.00	0.00				LOS_A	1	0.00	0.00
1	7200-10800	76-948: Hopkins Rd@33.1-404: Hopkins Rd@29.7	948	404	342	318	0	23	1	2.31	2.36		1.73	0.75	0.68	0.70		0.42	0.00	LOS_A	1	0.81	41.65
1	7200-10800	76-948: Hopkins Rd@33.1-912@27.4	948	912	14	14	0	0	0	25.12	25.12				15.62	15.62				LOS_C	3	0.81	41.65
1	7200-10800	76			833	781	1	48	3	3.59	3.60	0.00	3.77	0.25	1.39	1.41	0.00	1.19	0.00	LOS_A	1	0.47	50.79
1	7200-10800	77-208: Western Fwy@25.5-84: Western Fwy@15.9	208	84	1172	1120	6	29	17	1.23	1.25	0.15	1.21	0.06	0.00	0.00	0.00	0.00	0.00	LOS_A	1	0.00	0.00
1	7200-10800	77-208: Western Fwy@25.5-180@16.3	208	180	267	258	0	9	0	3.86	3.79		5.71		0.01	0.01		0.00		LOS_A	1	0.00	0.00
1	7200-10800	77			1439	1378	6	38	17	1.72	1.73	0.15	2.27	0.06	0.00	0.00	0.00	0.00	0.00	LOS_A	1	0.00	0.00
1	7200-10800	78-84: Western Fwy@896.5-203: Western Fwy@19.3	84	203	1172	1120	6	29	17	0.07	0.07	0.00	0.07	0.00	0.00	0.00	0.00	0.00	0.00	LOS_A	1	0.00	0.00
1	7200-10800	78-529@58.8-203: Western Fwy@19.3	529	203	469	433	0	32	3	0.21	0.22		0.12	0.38	0.00	0.00		0.00	0.00	LOS_A	1	0.00	0.00
1	7200-10800	78			1641	1553	6	61	20	0.11	0.11	0.00	0.10	0.06	0.00	0.00	0.00	0.00	0.00	LOS_A	1	0.00	0.00
1	7200-10800	79-184: Western Fwy@928.7-205: Western Fwy@68.7	184	205	449	375	2	50	22	0.07	0.06	0.22	0.17	0.03	0.00	0.00	0.00	0.00	0.00	LOS_A	1	0.00	0.00
1	7200-10800	79-333@86.1-205: Western Fwy@68.7	333	205	78	71	0	6	1	0.69	0.64		1.17	0.99	0.00	0.00		0.00	0.00	LOS_A	1	0.00	0.00
1	7200-10800	79			527	446	2	56	23	0.16	0.15	0.22	0.28	0.07	0.00	0.00	0.00	0.00	0.00	LOS_A	1	0.00	0.00
1	7200-10800	80-424: Western Fwy@14.2-184: Western Fwy@85.3	424	184	450	376	2	50	22	0.61	0.57	0.42	1.02	0.27	0.00	0.00	0.00	0.00	0.00	LOS_A	1	0.00	0.00
1	7200-10800	80-424: Western Fwy@14.2-337@9.9	424	337	346	315	0	25	4	4.85	4.57		7.63	7.69	0.00	0.00		0.00	0.00	LOS_A	1	0.00	0.00
1	7200-10800	80			796	691	2	75	26	2.45	2.40	0.42	3.23	1.41	0.00	0.00	0.00	0.00	0.00	LOS_A	1	0.00	0.00
1	7200-10800	81-532: Western Hwy@54.0-334: Western Hwy@32.2	532	334	1511	1423	6	61	20	0.33	0.33	0.00	0.43	0.00	0.00	0.00	0.00	0.00	0.00	LOS_A	1	0.00	0.00
1	7200-10800	81-532: Western Hwy@54.0-481@38.6	532	481	128	128	0	0	0	4.92	4.92				0.00	0.00				LOS_A	1	0.00	0.00
1	7200-10800	81			1639	1551	6	61	20	0.69	0.71	0.00	0.43	0.00	0.00	0.00	0.00	0.00	0.00	LOS_A	1	0.00	0.00
1	7200-10800	82-334: Western Hwy@654.9-72: Western Hwy@13.0	334	72	1511	1423	6	61	20	0.14	0.15	0.00	0.12	0.01	0.00	0.00	0.00	0.00	0.00	LOS_A	1	0.00	0.00
1	7200-10800	82-482@267.1-72: Western Hwy@13.0	482	72	88	88	0	0	0	0.03	0.03				0.00	0.00				LOS_A	1	0.00	0.00
1	7200-10800	82			1599	1511	6	61	20	0.14	0.14	0.00	0.12	0.01	0.00	0.00	0.00	0.00	0.00	LOS_A	1	0.00	0.00
1	7200-10800	83-313: Western Hwy@39.7-103: Western Hwy@23.4	313	103	1469	1390	6	52	20	0.39	0.40	0.19	0.23	0.08	0.00	0.00	0.00	0.00	0.00	LOS_A	1	0.00	0.00
1	7200-10800	83-313: Western Hwy@39.7-174@14.4	313	174	128	119	0	9	0	3.36	3.13		6.34		0.00	0.00		0.00		LOS_A	1	0.00	0.00
1	7200-10800	83			1597	1509	6	61	20	0.63	0.61	0.19	1.14	0.08	0.00	0.00	0.00	0.00	0.00	LOS_A	1	0.00	0.00
1	7200-10800	84-161@132.7-99: Western Hwy@10.0	161	99	72	69	0	2	0	0.03	0.02		0.47		0.00	0.00		0.00		LOS_A	1	0.00	0.00
1	7200-10800	84-187: Western Hwy@838.0-99: Western Hwy@10.0	187	99	692	596	2	68	26	0.06	0.06	0.00	0.06	0.02	0.00	0.00	0.00	0.00	0.00	LOS_A	1	0.00	0.00
1	7200-10800	84			764	665	2	70	26	0.05	0.05	0.00	0.08	0.02	0.00	0.00	0.00	0.00	0.00	LOS_A	1	0.00	0.00
1	7200-10800	85-103: Western Hwy@829.6-89: Western Hwy@49.7	103	89	1469	1389	6	52	20	0.80	0.79	0.25	1.18	0.36	0.00	0.00	0.00	0.00	0.00	LOS_A	1	0.00	0.00
1	7200-10800	85-175@113.1-89: Western Hwy@49.7	175	89	256	246	0	8	2	0.09	0.09		0.08	0.08	0.00	0.00		0.00	0.00	LOS_A	1	0.00	0.00
1	7200-10800	85			1725	1635	6	60	22	0.69	0.69	0.25	1.03	0.34	0.00	0.00	0.00	0.00	0.00	LOS_A	1	0.00	0.00
1	7200-10800	86-323: Western Hwy@20.0-159@12.1	323	159	96	85	0	9	2	1.65	1.22		4.97	5.03	0.00	0.00		0.00	0.00	LOS_A	1	0.00	0.00
1	7200-10800	86-323: Western Hwy@20.0-187: Western Hwy@33.1	323	187	692	596	2	68	26	0.17	0.17	0.00	0.30	0.06	0.00	0.00	0.00	0.00	0.00	LOS_A	1	0.00	0.00
1	7200-10800	86			788	681	2	77	28	0.35	0.30	0.00	0.84	0.41	0.00	0.00	0.00	0.00	0.00	LOS_A	1	0.00	0.00
1	7200-10800	87-343: Western Hwy@756.9-154: Western Hwy@6.1	343	154	818	707	2	80	28	0.05	0.05	0.00	0.08	0.04	0.00	0.00	0.00	0.00	0.00	LOS_A	1	0.00	0.00
1	7200-10800	87-480@343.6-154: Western Hwy@6.1	480	154	41	41	0	0	0	0.00	0.00				0.00	0.00				LOS_A	1	0.00	0.00
1	7200-10800	87			859	748	2	80	28	0.05	0.05	0.00	0.08	0.04	0.00	0.00	0.00	0.00	0.00	LOS_A	1	0.00	0.00
1	7200-10800	88-955: Western Fwy@13.7-343: Western Hwy@21.2	955	343	818	707	2	80	28	0.07	0.06	0.00	0.11	0.11	0.00	0.00	0.00	0.00	0.00	LOS_A	1	0.00	0.00
1	7200-10800	88-955: Western Fwy@13.7-479@7.3	955	479	0	0	0	0	0											LOS_A		0.00	0.00
1	7200-10800	88			818	707	2	80	28	0.07	0.06	0.00	0.11	0.11	0.00	0.00	0.00	0.00	0.00	LOS_A	1	0.00	0.00
1	7200-10800	89-228: Western Fwy@25.8-108@38.1	228	108	115	101	0	11	1	5.17	4.73		8.28	9.61	0.00	0.00		0.00	0.00	LOS_A	1	0.00	0.00
1	7200-10800	89-228: Western Fwy@25.8-194: Western Fwy@23.2	228	194	1609	1533	6	49	21	0.98	1.00	0.89	0.67	0.36	0.00	0.00	0.00	0.00	0.00	LOS_A	1	0.00	0.00
1	7200-10800	89			1724	1634	6	60	22	1.26	1.23	0.89	2.07	0.78	0.00	0.00	0.00	0.00	0.00	LOS_A	1	0.00	0.00
1	7200-10800	90-104@749.4-417: Western Fwy@11.1	104	417	100	90	0	9	0	0.05	0.04		0.15		0.00	0.00		0.00		LOS_A	1	0.00	0.00
1	7200-10800	90-196: Western Fwy@1281.0-417: Western Fwy@11.1	196	417	718	617	2	71	28	0.06	0.06	0.00	0.05	0.05	0.00	0.00	0.00	0.00	0.00	LOS_A	1	0.00	0.00
1	7200-10800	90			818	707	2	80	28	0.06	0.06	0.00	0.06	0.05	0.00	0.00	0.00	0.00	0.00	LOS_A	1	0.00	0.00
1	7200-10800	91-260: Hopkins Rd@38.0-419@15.1	260	419	301	285	1	14	1	2.49	2.37	5.41	4.48	4.94	0.00	0.00	0.00	0.00	0.00	LOS_A	1	0.00	0.00
1	7200-10800	91-260: Hopkins Rd@38.0-427: Hopkins Rd@14.4	260	427	176	151	0	24	1	1.03	1.08		0.77	0.00	0.00	0.00		0.00	0.00	LOS_A	1	0.00	0.00
1	7200-10800	91-426: Hopkins Rd@77.5-43: Hopkins Rd@14.4	426	43	265	246	0	17	1	0.10	0.10		0.10	0.27	0.00	0.00		0.00	0.00	LOS_A	1	0.00	0.00
1	7200-10800	91			742	682	1	55	3	1.29	1.27	5.41	1.50	1.74	0.00	0.00	0.00	0.00	0.00	LOS_A	1	0.00	0.00
1	7200-10800	92-107@313.1-8: Western Fwy@5.3	107	8	405	383	1	17	4	0.26	0.26	0.00	0.47	0.04	0.00	0.00	0.00	0.00	0.00	LOS_A	1	0.00	0.00
1	7200-10800	92-194: Western Fwy@609.6-8: Western Fwy@5.3	194	8	1609	1533	6	49	21	7.92	7.91	13.91	8.58	4.87	0.41	0.43	0.12	0.04	0.00	LOS_A	1	16.89	257.17
1	7200-10800	92			2014	1916	7	66	25	6.38	6.38	11.92	6.49	4.10	0.33	0.34	0.10	0.03	0.00	LOS_A	1	8.44	257.17
1	7200-10800	93-224: Western Fwy@24.6-149@12.9	224	149	172	143	0	29	0	3.89	3.45		6.08		0.00	0.00		0.00		LOS_A	1	0.00	0.00
1	7200-10800	93-224: Western Fwy@24.6-196: Western Fwy@9.8	224	196	718	617	2	71	28	0.37	0.37	1.00	0.36	0.33	0.00	0.00	0.00	0.00	0.00	LOS_A	1	0.00	0.00
1	7200-10800	93			890	760	2	100	28	1.05	0.95	1.00	2.02	0.33	0.00	0.00	0.00	0.00	0.00	LOS_A	1	0.00	0.00
1	7200-10800	94-949: Western Fwy@23.3-136@6.8	949	136	597	574	0	22	1	0.09	0.09		0.15	0.34	0.00	0.00		0.00	0.00	LOS_A	1	0.00	0.00
1	7200-10800	94-949: Western Fwy@23.3-389: Western Fwy  Deer Park Byp@4.2	949	389	1416	1341	7	44	24	0.13	0.13	0.04	0.14	0.12	0.00	0.00	0.00	0.00	0.00	LOS_A	1	0.00	0.00
1	7200-10800	94			2013	1915	7	66	25	0.12	0.12	0.04	0.14	0.13	0.00	0.00	0.00	0.00	0.00	LOS_A	1	0.00	0.00
1	7200-10800	95-952: Western Hwy@80.5-1039: Western Fwy@10.4	952	1039	202	175	0	27	0	0.64	0.53		1.34		0.00	0.00		0.00		LOS_A	1	0.00	0.00
1	7200-10800	95-1038: Western Fwy  Deer Park Byp@73.0-1039: Western Fwy@10.4	1038	1039	688	585	2	73	28	0.46	0.46	0.04	0.55	0.15	0.00	0.00	0.00	0.00	0.00	LOS_A	1	0.00	0.00
1	7200-10800	95			890	760	2	100	28	0.50	0.48	0.04	0.77	0.15	0.00	0.00	0.00	0.00	0.00	LOS_A	1	0.00	0.00
1	7200-10800	96-125@88.9-147: Western Fwy  Deer Park Byp@16.2	125	147	389	370	0	18	1	0.53	0.55		0.12	0.01	0.00	0.00		0.00	0.00	LOS_A	1	0.00	0.00
1	7200-10800	96-389: Western Fwy  Deer Park Byp@1708.1-147: Western Fwy  Deer Park Byp@16.2	389	147	1414	1339	7	44	24	0.36	0.35	1.32	0.66	0.30	0.00	0.00	0.00	0.00	0.00	LOS_A	1	0.00	0.00
1	7200-10800	96			1803	1709	7	62	25	0.40	0.39	1.32	0.51	0.29	0.00	0.00	0.00	0.00	0.00	LOS_A	1	0.00	0.00
1	7200-10800	97-240: Western Fwy  Deer Park Byp@38.1-126@16.7	240	126	234	212	0	18	4	2.71	2.46		4.97	5.38	0.01	0.02		0.00	0.00	LOS_A	1	0.03	17.63
1	7200-10800	97-240: Western Fwy  Deer Park Byp@38.1-189: Western Fwy  Deer Park Byp@17.7	240	189	688	585	2	73	28	0.44	0.45	0.09	0.44	0.13	0.00	0.00	0.00	0.00	0.00	LOS_A	1	0.03	17.63
1	7200-10800	97			922	797	2	91	32	1.01	0.99	0.09	1.34	0.79	0.00	0.00	0.00	0.00	0.00	LOS_A	1	0.03	17.63
1	7200-10800	98-91: Ballarat Rd  Western Hwy@67.3-362: Ballarat Rd  Western Hwy@13.4	91	362	775	739	0	35	1	0.17	0.17		0.27	1.69	0.00	0.00		0.00	0.00	LOS_A	1	0.00	0.00
1	7200-10800	98-92: Ballarat Rd  Western Hwy@8.7-362: Ballarat Rd  Western Hwy@13.4	92	362	0	0	0	0	0											LOS_A		0.00	0.00
1	7200-10800	98			775	739	0	35	1	0.17	0.17		0.27	1.69	0.00	0.00		0.00	0.00	LOS_A	1	0.00	0.00
1	7200-10800	99-209: Ballarat Rd  Western Hwy@46.4-1: Ballarat Rd  Western Hwy@6.6	209	1	775	739	0	35	1	0.15	0.15		0.20	0.98	0.00	0.00		0.00	0.00	LOS_A	1	0.00	0.00
1	7200-10800	99-209: Ballarat Rd  Western Hwy@46.4-2: Ballarat Rd  Western Hwy@6.5	209	2	0	0	0	0	0											LOS_A		0.00	0.00
1	7200-10800	99			775	739	0	35	1	0.15	0.15		0.20	0.98	0.00	0.00		0.00	0.00	LOS_A	1	0.00	0.00
1	7200-10800	100-1141@18.3-1143@28.5	1141	1143	0	0	0	0	0											LOS_A		0.00	5.95
1	7200-10800	100-1141@18.3-1147@16.5	1141	1147	32	30	0	2	0	0.85	0.86		0.67		0.00	0.00		0.00		LOS_A	1	0.00	5.95
1	7200-10800	100-1141@18.3-1152@26.0	1141	1152	16	16	0	0	0	0.98	0.98				0.08	0.08				LOS_A	1	0.00	5.95
1	7200-10800	100-1141@18.3-1158@25.0	1141	1158	15	14	0	1	0	0.76	0.64		2.50		0.00	0.00		0.00		LOS_A	1	0.00	5.95
1	7200-10800	100-1146@382.0-1143@28.5	1146	1143	14	13	0	1	0	0.88	0.94		0.00		0.00	0.00		0.00		LOS_A	1	0.00	5.50
1	7200-10800	100-1146@382.0-1147@16.5	1146	1147	0	0	0	0	0											LOS_A		0.01	5.50
1	7200-10800	100-1146@382.0-1152@26.0	1146	1152	35	27	0	8	0	1.43	1.43		1.46		0.00	0.00		0.00		LOS_A	1	0.01	5.50
1	7200-10800	100-1146@382.0-1158@25.0	1146	1158	21	20	0	1	0	0.65	0.59		1.82		0.00	0.00		0.00		LOS_A	1	0.01	5.50
1	7200-10800	100-1159@120.5-1143@28.5	1159	1143	34	33	0	1	0	1.60	1.61		1.27		0.04	0.05		0.00		LOS_A	1	0.02	5.93
1	7200-10800	100-1159@120.5-1147@16.5	1159	1147	117	110	0	7	0	1.09	1.04		1.92		0.00	0.00		0.00		LOS_A	1	0.01	6.20
1	7200-10800	100-1159@120.5-1152@26.0	1159	1152	20	20	0	0	0	1.67	1.67				0.00	0.00				LOS_A	1	0.02	5.93
1	7200-10800	100-1159@120.5-1158@25.0	1159	1158	0	0	0	0	0											LOS_A		0.02	5.93
1	7200-10800	100-1234@184.1-1143@28.5	1234	1143	26	26	0	0	0	0.64	0.64				0.00	0.00				LOS_A	1	0.01	5.92
1	7200-10800	100-1234@184.1-1147@16.5	1234	1147	63	58	0	5	0	0.81	0.77		1.27		0.03	0.03		0.00		LOS_A	1	0.01	5.92
1	7200-10800	100-1234@184.1-1152@26.0	1234	1152	0	0	0	0	0											LOS_A		0.01	5.92
1	7200-10800	100-1234@184.1-1158@25.0	1234	1158	7	7	0	0	0	0.57	0.57				0.00	0.00				LOS_A	1	0.00	5.92
1	7200-10800	100			400	374	0	26	0	1.04	1.01		1.48		0.01	0.01		0.00		LOS_A	1	0.01	6.20
1	7200-10800	101-1144@12.5-1140@37.3	1144	1140	0	0	0	0	0											LOS_A		0.00	5.34
1	7200-10800	101-1144@12.5-1168@28.2	1144	1168	4	4	0	0	0	0.16	0.16				0.00	0.00				LOS_A	1	0.00	5.34
1	7200-10800	101-1144@12.5-1170@29.6	1144	1170	32	32	0	0	0	0.48	0.48				0.00	0.00				LOS_A	1	0.00	5.34
1	7200-10800	101-1144@12.5-1171@32.9	1144	1171	38	36	0	2	0	0.62	0.62		0.63		0.00	0.00		0.00		LOS_A	1	0.00	5.34
1	7200-10800	101-1167@141.4-1140@37.3	1167	1140	14	14	0	0	0	0.45	0.45				0.00	0.00				LOS_A	1	0.00	5.99
1	7200-10800	101-1167@141.4-1168@28.2	1167	1168	0	0	0	0	0											LOS_A		0.00	5.99
1	7200-10800	101-1167@141.4-1170@29.6	1167	1170	4	4	0	0	0	0.09	0.09				0.00	0.00				LOS_A	1	0.00	5.99
1	7200-10800	101-1167@141.4-1171@32.9	1167	1171	28	28	0	0	0	0.42	0.42				0.00	0.00				LOS_A	1	0.00	5.99
1	7200-10800	101-1169@143.9-1140@37.3	1169	1140	29	26	0	3	0	0.43	0.47		0.06		0.00	0.00		0.00		LOS_A	1	0.00	5.25
1	7200-10800	101-1169@143.9-1168@28.2	1169	1168	4	4	0	0	0	0.10	0.10				0.00	0.00				LOS_A	1	0.00	5.60
1	7200-10800	101-1169@143.9-1170@29.6	1169	1170	0	0	0	0	0											LOS_A		0.00	5.25
1	7200-10800	101-1169@143.9-1171@32.9	1169	1171	4	3	0	1	0	0.12	0.10		0.17		0.00	0.00		0.00		LOS_A	1	0.00	5.25
1	7200-10800	101-1172@137.6-1140@37.3	1172	1140	20	20	0	0	0	0.66	0.66				0.00	0.00				LOS_A	1	0.00	0.00
1	7200-10800	101-1172@137.6-1168@28.2	1172	1168	8	8	0	0	0	0.23	0.23				0.00	0.00				LOS_A	1	0.00	0.00
1	7200-10800	101-1172@137.6-1170@29.6	1172	1170	0	0	0	0	0											LOS_A		0.00	0.00
1	7200-10800	101-1172@137.6-1171@32.9	1172	1171	0	0	0	0	0											LOS_A		0.00	0.00
1	7200-10800	101			185	179	0	6	0	0.47	0.47		0.27		0.00	0.00		0.00		LOS_A	1	0.00	5.99
1	7200-10800	102-1150@427.0-1155@20.3	1150	1155	0	0	0	0	0											LOS_A		0.00	0.00
1	7200-10800	102-1150@427.0-1156@9.2	1150	1156	20	17	0	3	0	0.00	0.00		0.00		0.00	0.00		0.00		LOS_A	1	0.00	0.00
1	7200-10800	102-1154@88.9-1153@11.3	1154	1153	58	55	0	3	0	0.02	0.01		0.28		0.00	0.00		0.00		LOS_A	1	0.00	0.00
1	7200-10800	102-1154@88.9-1155@20.3	1154	1155	13	8	0	5	0	1.37	0.70		2.44		0.00	0.00		0.00		LOS_A	1	0.00	0.00
1	7200-10800	102-1157@97.7-1153@11.3	1157	1153	6	6	0	0	0	0.32	0.32				0.00	0.00				LOS_A	1	0.00	0.00
1	7200-10800	102-1157@97.7-1156@9.2	1157	1156	25	23	0	2	0	0.30	0.30		0.30		0.00	0.00		0.00		LOS_A	1	0.00	0.00
1	7200-10800	102			122	109	0	13	0	0.23	0.14		1.05		0.00	0.00		0.00		LOS_A	1	0.00	0.00
1	7200-10800	103			0	0	0	0	0											LOS_A			
1	7200-10800	104			0	0	0	0	0											LOS_A			
1	7200-10800	105			0	0	0	0	0											LOS_A			
1	7200-10800	106			0	0	0	0	0											LOS_A			
1	7200-10800	107			0	0	0	0	0											LOS_A			
1	7200-10800	108			0	0	0	0	0											LOS_A			
1	7200-10800	109			0	0	0	0	0											LOS_A			
1	7200-10800	113			0	0	0	0	0											LOS_A			
1	7200-10800	114-1081@150.5-1125@21.0	1081	1125	264	253	1	3	1	6.49	6.23	2.60	5.73	0.24	2.36	2.34	0.00	1.40	0.00	LOS_A	1	1.76	67.74
1	7200-10800	114-1081@150.5-1128@12.2	1081	1128	99	86	0	13	0	1.91	1.69		3.37		0.03	0.04		0.00		LOS_A	1	0.00	0.00
1	7200-10800	114-1129@3.3-1130@26.0	1129	1130	68	51	1	9	7	3.56	3.11	7.15	4.55	5.07	0.00	0.00	0.00	0.00	0.00	LOS_A	1	0.00	5.24
1	7200-10800	114-1132@5.3-1125@21.0	1132	1125	32	31	0	1	0	36.97	37.82		10.74		29.32	30.26		0.00		LOS_D	4	1.43	19.54
1	7200-10800	114-1240: Western Fwy@6.0-1128@12.2	1240	1128	67	62	0	5	0	36.00	36.81		26.04		27.95	28.86		16.73		LOS_D	4	3.53	41.60
1	7200-10800	114-1240: Western Fwy@6.0-1130@26.0	1240	1130	103	98	0	0	0	1.06	0.83				0.24	0.25				LOS_A	1	3.53	41.60
1	7200-10800	114			633	581	2	31	8	9.24	9.32	4.88	7.84	4.47	5.47	5.76	0.00	2.83	0.00	LOS_A	1	1.34	67.74
1	7200-10800	115-1092: Western Fwy@41.4-1091@18.2	1092	1091	196	188	0	8	0	2.54	2.45		4.43		0.00	0.00		0.00		LOS_A	1	0.00	0.00
1	7200-10800	115-1092: Western Fwy@41.4-1093: Western Fwy@20.0	1092	1093	898	846	5	32	15	0.34	0.34	0.26	0.52	0.13	0.00	0.00	0.00	0.00	0.00	LOS_A	1	0.00	0.00
1	7200-10800	115			1094	1034	5	40	15	0.74	0.73	0.26	1.31	0.13	0.00	0.00	0.00	0.00	0.00	LOS_A	1	0.00	0.00
1	7200-10800	116-1134: Western Fwy@853.1-1137: Western Fwy@29.6	1134	1137	427	364	1	46	16	0.06	0.06	0.00	0.05	0.00	0.00	0.00	0.00	0.00	0.00	LOS_A	1	0.00	0.00
1	7200-10800	116-1139@39.2-1137: Western Fwy@29.6	1139	1137	166	148	0	18	0	0.39	0.30		1.09		0.00	0.00		0.00		LOS_A	1	0.00	0.00
1	7200-10800	116			593	512	1	64	16	0.15	0.13	0.00	0.34	0.00	0.00	0.00	0.00	0.00	0.00	LOS_A	1	0.00	0.00
1	7200-10800	117-1093: Western Fwy@887.1-1118: Western Fwy@20.0	1093	1118	898	846	5	32	15	0.21	0.21	0.15	0.20	0.04	0.00	0.00	0.00	0.00	0.00	LOS_A	1	0.00	0.00
1	7200-10800	117-1117@115.1-1118: Western Fwy@20.0	1117	1118	544	535	1	6	2	0.66	0.67	0.42	0.34	0.39	0.00	0.00	0.00	0.00	0.00	LOS_A	1	0.00	0.00
1	7200-10800	117			1442	1381	6	38	17	0.38	0.39	0.20	0.22	0.08	0.00	0.00	0.00	0.00	0.00	LOS_A	1	0.00	0.00
1	7200-10800	118-1135: Western Fwy@35.7-1134: Western Fwy@6.5	1135	1134	427	364	1	46	16	0.30	0.28	0.32	0.57	0.02	0.00	0.00	0.00	0.00	0.00	LOS_A	1	0.00	0.00
1	7200-10800	118-1135: Western Fwy@35.7-1136: Western Fwy@4.3	1135	1136	100	82	1	10	7	3.36	2.98	5.57	4.88	5.22	0.00	0.00	0.00	0.00	0.00	LOS_A	1	0.00	0.00
1	7200-10800	118			527	446	2	56	23	0.88	0.77	2.94	1.34	1.60	0.00	0.00	0.00	0.00	0.00	LOS_A	1	0.00	0.00
1	7200-10800	119-1090@228.7-1098@20.0	1090	1098	28	28	0	0	0	29.73	29.73				22.17	22.17				LOS_C	3	1.11	25.97
1	7200-10800	119-1090@228.7-1100@8.0	1090	1100	168	160	0	8	0	0.95	0.82		3.50		0.00	0.00		0.00		LOS_A	1	0.00	4.90
1	7200-10800	119-1114@10.9-1098@20.0	1114	1098	142	132	0	5	0	5.98	5.85		9.56		2.85	2.80		4.96		LOS_A	1	0.78	26.47
1	7200-10800	119-1114@10.9-1116@15.9	1114	1116	316	312	0	3	1	1.51	1.52		1.08	1.37	0.01	0.01		0.00	0.00	LOS_A	1	0.00	0.00
1	7200-10800	119-1237@6.9-1100@8.0	1237	1100	68	61	0	1	0	3.57	3.19		13.85		0.82	0.72		0.00		LOS_A	1	8.42	104.83
1	7200-10800	119-1237@6.9-1116@15.9	1237	1116	228	223	1	3	1	21.26	21.12	72.43	14.08	21.64	10.31	10.21	51.20	5.31	7.85	LOS_C	3	8.42	104.83
1	7200-10800	119			950	916	1	20	2	7.80	7.77	72.43	6.76	11.51	3.62	3.62	51.20	2.04	3.93	LOS_A	1	2.06	104.83
1	7200-10800	120-1100@12.7-1099@27.3	1100	1099	128	122	0	2	0	4.42	4.59		0.12		2.43	2.55		0.00		LOS_A	1	5.12	46.81
1	7200-10800	120-1100@12.7-1103@19.5	1100	1103	41	38	0	1	0	1.36	1.13		9.13		0.05	0.00		2.12		LOS_A	1	0.00	0.00
1	7200-10800	120-1100@12.7-1107@21.1	1100	1107	67	61	0	6	0	46.36	47.37		36.15		39.05	40.17		27.66		LOS_D	4	5.12	46.81
1	7200-10800	120-1106@32.8-1099@27.3	1106	1099	0	0	0	0	0											LOS_A		26.34	192.78
1	7200-10800	120-1106@32.8-1103@19.5	1106	1103	0	0	0	0	0											LOS_A		26.34	192.78
1	7200-10800	120-1106@32.8-1112@5.6	1106	1112	223	219	0	3	1	56.20	55.63		81.81	102.80	42.03	41.64		59.81	73.64	LOS_E	5	26.34	192.78
1	7200-10800	120-1184@12.8-1184@46.5	1184	1184	0	0	0	0	0											LOS_A		0.00	0.00
1	7200-10800	120-1186@9.2-1186@61.3	1186	1186	0	0	0	0	0											LOS_A		0.00	0.00
1	7200-10800	120-1189@5.6-1189@50.7	1189	1189	5	0	0	0	0	264.72					263.25					LOS_F	6	0.13	20.22
1	7200-10800	120-1190@11.3-1190@56.8	1190	1190	0	0	0	0	0											LOS_A		0.00	0.00
1	7200-10800	120-1191@12.4-1191@46.2	1191	1191	0	0	0	0	0											LOS_A		0.00	0.00
1	7200-10800	120-1192@6.0-1192@58.2	1192	1192	0	0	0	0	0											LOS_A		0.00	0.00
1	7200-10800	120-1193@13.6-1193@42.6	1193	1193	0	0	0	0	0											LOS_A		0.00	0.00
1	7200-10800	120-1194@0.7-1194@34.7	1194	1194	0	0	0	0	0											LOS_A		0.00	0.00
1	7200-10800	120-1236@14.1-1103@19.5	1236	1103	0	0	0	0	0											LOS_A		3.57	54.65
1	7200-10800	120-1236@14.1-1107@21.1	1236	1107	35	33	0	2	0	10.84	10.35		18.87		5.50	5.21		10.25		LOS_B	2	3.57	54.65
1	7200-10800	120-1236@14.1-1112@5.6	1236	1112	233	225	0	5	0	15.11	15.18		10.18		8.47	8.59		1.48		LOS_B	2	3.57	54.65
1	7200-10800	120-1239@4.2-1099@27.3	1239	1099	1	1	0	0	0	24.86	24.86				17.52	17.52				LOS_C	3	2.29	14.52
1	7200-10800	120-1239@4.2-1107@21.1	1239	1107	0	0	0	0	0											LOS_A		2.29	14.52
1	7200-10800	120-1239@4.2-11576@36.8	1239	11576	2	0	0	0	0	327.33					310.64					LOS_F	6	2.29	14.52
1	7200-10800	120			735	699	0	19	1	30.15	27.84		29.49	102.80	22.35	20.03		19.76	73.64	LOS_C	3	2.88	192.78
1	7200-10800	121			0	0	0	0	0											LOS_A			
1	7200-10800	122			0	0	0	0	0											LOS_A			
1	7200-10800	123			0	0	0	0	0											LOS_A			
1	7200-10800	124-1123@88.6-1122@4.7	1123	1122	16	16	0	0	0	0.05	0.05				0.00	0.00				LOS_A	1	0.00	0.00
1	7200-10800	124-1130@109.7-1122@4.7	1130	1122	171	149	1	9	7	0.51	0.03	0.46	0.07	0.14	0.00	0.00	0.00	0.00	0.00	LOS_A	1	1.07	29.13
1	7200-10800	124-1130@109.7-1180@8.5	1130	1180	0	0	0	0	0											LOS_A		1.07	29.13
1	7200-10800	124			187	165	1	9	7	0.47	0.03	0.46	0.07	0.14	0.00	0.00	0.00	0.00	0.00	LOS_A	1	0.54	29.13
1	7200-10800	125			0	0	0	0	0											LOS_A			
1	7200-10800	244-1156@962.0-1223@12.7	1156	1223	0	0	0	0	0											LOS_A		0.00	0.00
1	7200-10800	244-1156@962.0-1224@15.7	1156	1224	45	40	0	5	0	0.00	0.00		0.00		0.00	0.00		0.00		LOS_A	1	0.00	0.00
1	7200-10800	244-1221@50.0-1224@15.7	1221	1224	0	0	0	0	0											LOS_A		0.00	0.00
1	7200-10800	244-1221@50.0-1225@11.6	1221	1225	0	0	0	0	0											LOS_A		0.00	0.00
1	7200-10800	244-1227@99.3-1223@12.7	1227	1223	0	0	0	0	0											LOS_A		0.00	0.00
1	7200-10800	244-1227@99.3-1225@11.6	1227	1225	71	63	0	8	0	0.01	0.02		0.00		0.00	0.00		0.00		LOS_A	1	0.00	0.00
1	7200-10800	244			116	103	0	13	0	0.01	0.01		0.00		0.00	0.00		0.00		LOS_A	1	0.00	0.00
1	7200-10800	245			0	0	0	0	0											LOS_A			
1	7200-10800	246-1224@100.1-1229@17.2	1224	1229	2	2	0	0	0	0.17	0.17				0.00	0.00				LOS_A	1	0.00	0.00
1	7200-10800	246-1224@100.1-1230@17.9	1224	1230	43	38	0	5	0	0.01	0.01		0.00		0.00	0.00		0.00		LOS_A	1	0.00	0.00
1	7200-10800	246-1228@93.7-1227@14.9	1228	1227	7	7	0	0	0	0.68	0.68				0.00	0.00				LOS_A	1	0.00	0.00
1	7200-10800	246-1228@93.7-1230@17.9	1228	1230	27	27	0	0	0	0.28	0.28				0.00	0.00				LOS_A	1	0.00	0.00
1	7200-10800	246-1235@217.9-1227@14.9	1235	1227	64	56	0	8	0	0.01	0.01		0.00		0.00	0.00		0.00		LOS_A	1	0.00	0.00
1	7200-10800	246-1235@217.9-1229@17.2	1235	1229	4	4	0	0	0	0.51	0.51				0.00	0.00				LOS_A	1	0.00	0.00
1	7200-10800	246			147	134	0	13	0	0.11	0.12		0.00		0.00	0.00		0.00		LOS_A	1	0.00	0.00
1	7200-10800	247			0	0	0	0	0											LOS_A			
1	7200-10800	248-1152@193.7-1233@16.5	1152	1233	4	4	0	0	0	1.70	1.70				0.00	0.00				LOS_A	1	0.00	6.25
1	7200-10800	248-1152@193.7-1235@13.8	1152	1235	67	59	0	8	0	0.00	0.00		0.00		0.00	0.00		0.00		LOS_A	1	0.00	0.00
1	7200-10800	248-1230@222.2-1233@16.5	1230	1233	0	0	0	0	0											LOS_A		0.00	0.00
1	7200-10800	248-1230@222.2-1234@16.0	1230	1234	70	65	0	5	0	0.00	0.00		0.00		0.00	0.00		0.00		LOS_A	1	0.00	0.00
1	7200-10800	248-1232@78.7-1234@16.0	1232	1234	26	26	0	0	0	0.56	0.56				0.00	0.00				LOS_A	1	0.00	0.00
1	7200-10800	248-1232@78.7-1235@13.8	1232	1235	1	1	0	0	0	2.34	2.34				0.00	0.00				LOS_A	1	0.00	0.00
1	7200-10800	248			168	155	0	13	0	0.14	0.15		0.00		0.00	0.00		0.00		LOS_A	1	0.00	6.25
1	7200-10800	249			0	0	0	0	0											LOS_A			
1	7200-10800	312-2419@3.3-24810@22.1	2419	24810	426	414	0	10	2	39.76	39.63		39.02	70.86	30.15	30.10		26.80	58.81	LOS_D	4	18.08	161.98
1	7200-10800	312-2420@4.1-2422@13.2	2420	2422	284	247	1	28	8	8.98	9.00	3.11	9.83	6.05	4.11	4.26	0.00	3.93	0.45	LOS_A	1	2.48	69.74
1	7200-10800	312-2475@44.5-2391@3.4	2475	2391	456	421	5	19	11	43.16	43.08	25.11	43.03	54.47	30.83	31.11	13.14	24.86	38.71	LOS_D	4	18.95	106.20
1	7200-10800	312-2475@44.5-2422@13.2	2475	2422	82	75	0	4	3	5.07	4.84		7.52	7.55	0.01	0.01		0.00	0.00	LOS_A	1	0.00	0.00
1	7200-10800	312-2527@16.1-2391@3.4	2527	2391	249	214	0	27	8	27.52	28.28		26.29	11.13	19.18	20.00		17.13	4.17	LOS_C	3	5.28	58.41
1	7200-10800	312-2527@16.1-24810@22.1	2527	24810	148	139	0	6	3	7.41	6.98		15.44	11.27	4.17	3.96		8.50	5.65	LOS_A	1	1.10	25.37
1	7200-10800	312			1645	1510	6	94	35	28.90	29.24	21.44	24.63	26.71	20.34	20.82	10.95	14.51	17.06	LOS_C	3	7.65	161.98
1	7200-10800	313-2394@59.8-2414@34.7	2394	2414	599	596	0	3	0	23.95	23.94		25.49		14.93	14.93		14.17		LOS_C	3	12.50	110.45
1	7200-10800	313-2394@59.8-2418@36.3	2394	2418	84	76	0	6	2	43.51	42.28		51.07	67.49	35.25	34.41		39.68	53.84	LOS_D	4	11.53	110.65
1	7200-10800	313-2401@29.1-2389@16.1	2401	2389	245	235	0	8	2	4.46	4.36		7.78	3.45	0.33	0.33		0.57	0.00	LOS_A	1	0.08	29.47
1	7200-10800	313-2401@29.1-2418@36.3	2401	2418	626	585	1	32	8	13.52	13.17	9.49	19.39	15.90	6.53	6.33	0.00	9.93	8.28	LOS_B	2	4.83	77.37
1	7200-10800	313-2416@14.9-2389@16.1	2416	2389	60	34	0	19	7	50.49	52.44		48.23	47.16	39.78	43.24		35.83	33.68	LOS_D	4	5.22	76.17
1	7200-10800	313-2416@14.9-2414@34.7	2416	2414	645	601	5	27	12	5.32	5.41	4.27	3.26	6.36	1.33	1.43	0.00	0.00	0.30	LOS_A	1	5.22	76.17
1	7200-10800	313			2259	2127	6	95	31	15.06	14.69	5.14	21.79	21.79	8.55	8.28	0.00	13.51	13.33	LOS_B	2	6.83	110.65
1	7200-10800	314-2403@220.3-2402@17.0	2403	2402	1	1	0	0	0	4.77	4.77				0.00	0.00				LOS_A	1	0.00	0.00
1	7200-10800	314-2403@220.3-2424@24.2	2403	2424	4	4	0	0	0	90.95	90.95				84.44	84.44				LOS_F	6	0.55	13.29
1	7200-10800	314-2409@18.3-2410@13.9	2409	2410	31	31	0	0	0	75.56	75.56				68.42	68.42				LOS_E	5	5.99	100.64
1	7200-10800	314-2409@18.3-2424@24.2	2409	2424	1213	1166	5	30	12	6.17	6.25	4.30	4.67	2.99	2.84	2.90	0.00	1.63	0.82	LOS_A	1	5.99	100.64
1	7200-10800	314-2413@40.6-2402@17.0	2413	2402	870	819	1	40	10	7.94	8.00	1.32	5.13	15.00	4.44	4.51	0.00	1.78	10.38	LOS_A	1	5.01	113.48
1	7200-10800	314-2413@40.6-2410@13.9	2413	2410	4	4	0	0	0	2.06	2.06				0.00	0.00				LOS_A	1	0.00	0.00
1	7200-10800	314-2517@5.7-2517@54.4	2517	2517	0	0	0	0	0											LOS_A		0.00	0.00
1	7200-10800	314			2123	2025	6	70	22	8.06	8.17	3.80	4.93	8.45	4.60	4.71	0.00	1.72	5.16	LOS_A	1	1.92	113.48
1	7200-10800	315-2424@32.6-2426@30.8	2424	2426	1099	1056	5	27	11	9.16	8.83	25.10	16.62	15.69	6.26	6.03	17.02	11.29	10.94	LOS_A	1	11.59	154.88
1	7200-10800	315-2424@32.6-2434@37.0	2424	2434	38	35	0	2	1	55.81	56.32		70.07	9.51	49.15	49.90		60.41	0.40	LOS_E	5	11.59	154.88
1	7200-10800	315-2424@32.6-2439@33.6	2424	2439	80	79	0	1	0	9.93	9.93		10.52		6.78	6.85		0.70		LOS_A	1	11.59	154.88
1	7200-10800	315-2430@18.6-2413@31.6	2430	2413	121	107	0	11	3	4.54	4.31		5.82	7.73	0.90	0.89		0.61	2.16	LOS_A	1	0.34	43.71
1	7200-10800	315-2430@18.6-2426@30.8	2430	2426	13	12	0	1	0	38.99	38.06		50.17		32.57	31.92		40.34		LOS_D	4	0.92	16.00
1	7200-10800	315-2430@18.6-2439@33.6	2430	2439	4	4	0	0	0	42.27	42.27				36.09	36.09				LOS_D	4	0.92	16.00
1	7200-10800	315-2438@12.4-2413@31.6	2438	2413	21	20	0	0	1	57.03	55.81			81.55	50.75	49.69			72.06	LOS_E	5	3.81	37.48
1	7200-10800	315-2438@12.4-2426@30.8	2438	2426	24	20	0	2	2	48.87	49.37		40.87	51.89	40.11	41.40		28.84	38.47	LOS_D	4	3.81	37.48
1	7200-10800	315-2438@12.4-2434@37.0	2438	2434	12	12	0	0	0	57.12	57.12				47.75	47.75				LOS_E	5	3.81	37.48
1	7200-10800	315-2442@2.5-2413@31.6	2442	2413	732	696	1	29	6	11.80	11.57	36.81	15.18	18.26	6.87	6.75	21.75	7.96	12.00	LOS_B	2	6.15	108.00
1	7200-10800	315-2442@2.5-2434@37.0	2442	2434	21	20	0	1	0	6.48	6.76		0.71		3.68	3.86		0.00		LOS_A	1	6.15	108.00
1	7200-10800	315-2442@2.5-2439@33.6	2442	2439	15	12	0	3	0	67.82	68.97		63.20		60.36	61.97		53.90		LOS_E	5	6.15	108.00
1	7200-10800	315			2180	2073	6	77	24	12.41	12.04	27.05	18.52	20.84	8.52	8.30	17.81	11.99	14.51	LOS_B	2	4.56	154.88
1	7200-10800	316			0	0	0	0	0											LOS_A			
1	7200-10800	317			0	0	0	0	0											LOS_A			
1	7200-10800	318			0	0	0	0	0											LOS_A			
1	7200-10800	319			0	0	0	0	0											LOS_A			
1	7200-10800	320			0	0	0	0	0											LOS_A			
1	7200-10800	322-2388@109.5-2387: Western Fwy  Deer Park Byp@24.8	2388	2387	305	269	0	27	9	0.14	0.14		0.13	0.18	0.00	0.00		0.00	0.00	LOS_A	1	0.00	0.00
1	7200-10800	322-2397: Western Fwy  Deer Park Byp@856.0-2387: Western Fwy  Deer Park Byp@24.8	2397	2387	617	528	2	64	23	0.05	0.05	0.14	0.08	0.07	0.00	0.00	0.00	0.00	0.00	LOS_A	1	0.00	0.00
1	7200-10800	322			922	797	2	91	32	0.08	0.08	0.14	0.09	0.10	0.00	0.00	0.00	0.00	0.00	LOS_A	1	0.00	0.00
1	7200-10800	323-2479: Western Fwy  Deer Park Byp@45.2-2477@22.4	2479	2477	538	496	5	23	14	2.62	2.37	5.04	4.54	7.24	0.05	0.02	0.00	0.00	1.16	LOS_A	1	0.42	86.60
1	7200-10800	323-2479: Western Fwy  Deer Park Byp@45.2-2478: Western Fwy  Deer Park Byp@23.8	2479	2478	1263	1211	2	39	11	0.92	0.92	3.94	0.93	0.43	0.02	0.02	0.00	0.00	0.00	LOS_A	1	0.42	86.60
1	7200-10800	323			1801	1707	7	62	25	1.43	1.34	4.72	2.27	4.24	0.03	0.02	0.00	0.00	0.65	LOS_A	1	0.42	86.60
1	7200-10800	324-2478: Western Fwy  Deer Park Byp@815.7-2483: Western Fwy  Deer Park Byp@32.3	2478	2483	1262	1210	2	39	11	0.39	0.39	0.91	0.35	0.52	0.00	0.00	0.00	0.00	0.00	LOS_A	1	0.00	0.00
1	7200-10800	324-2485@71.7-2483: Western Fwy  Deer Park Byp@32.3	2485	2483	574	553	0	16	5	6.75	6.77		6.70	4.68	0.05	0.05		0.02	0.04	LOS_A	1	0.00	0.00
1	7200-10800	324			1836	1763	2	55	16	2.38	2.40	0.91	2.20	1.82	0.02	0.02	0.00	0.01	0.01	LOS_A	1	0.00	0.00
1	7200-10800	325-2398: Western Fwy  Deer Park Byp@30.6-2385@22.8	2398	2385	683	672	0	9	2	3.27	3.24		5.01	5.67	0.04	0.04		0.00	0.00	LOS_A	1	0.02	11.12
1	7200-10800	325-2398: Western Fwy  Deer Park Byp@30.6-2397: Western Fwy  Deer Park Byp@22.6	2398	2397	617	528	2	64	23	0.56	0.57	0.30	0.53	0.41	0.01	0.01	0.00	0.00	0.00	LOS_A	1	0.02	11.12
1	7200-10800	325			1300	1200	2	73	25	1.98	2.06	0.30	1.08	0.83	0.02	0.02	0.00	0.00	0.00	LOS_A	1	0.02	11.12
1	7200-10800	326-2502: Western Fwy  Deer Park Byp@2131.3-2513: Western Fwy  Deer Park Byp@18.8	2502	2513	723	665	1	42	15	0.10	0.11	0.04	0.09	0.08	0.00	0.00	0.00	0.00	0.00	LOS_A	1	0.00	0.00
1	7200-10800	326-2514: Western Fwy  Deer Park Byp@123.8-2513: Western Fwy  Deer Park Byp@18.8	2514	2513	577	535	1	31	10	0.70	0.64	4.53	1.40	1.19	0.00	0.00	0.00	0.00	0.00	LOS_A	1	0.00	0.00
1	7200-10800	326			1300	1200	2	73	25	0.37	0.35	2.29	0.65	0.52	0.00	0.00	0.00	0.00	0.00	LOS_A	1	0.00	0.00
1	7200-10800	327-2505: Western Fwy  Deer Park Byp@33.7-2506: Western Fwy  Deer Park Byp@21.2	2505	2506	1199	1133	2	50	14	0.28	0.29	1.00	0.14	0.28	0.00	0.00	0.00	0.00	0.00	LOS_A	1	0.00	0.00
1	7200-10800	327-2505: Western Fwy  Deer Park Byp@33.7-2508: Western Fwy  Deer Park Byp@13.2	2505	2508	635	628	0	5	2	1.68	1.65		4.37	4.21	0.01	0.01		0.00	0.00	LOS_A	1	0.00	0.00
1	7200-10800	327			1834	1761	2	55	16	0.76	0.77	1.00	0.52	0.77	0.00	0.00	0.00	0.00	0.00	LOS_A	1	0.00	0.00
1	10800-14400	43-28: Troups Rd N@6.9-13: Western Hwy@23.8	28	13	4	4	0	0	0	0.15	0.15				0.00	0.00				LOS_A	1	0.00	0.00
1	10800-14400	43-609: Western Hwy@95.9-13: Western Hwy@23.8	609	13	1090	980	9	71	30	0.57	0.53	0.10	0.88	1.46	0.00	0.00	0.00	0.00	0.00	LOS_A	1	0.00	0.00
1	10800-14400	43-609: Western Hwy@95.9-27: Troups Rd N@5.6	609	27	100	91	0	7	0	1.75	1.60		3.34		0.00	0.00		0.00		LOS_A	1	0.00	0.00
1	10800-14400	43-944: Western Hwy@45.8-73: Western Hwy@23.3	944	73	1681	1591	7	50	31	0.12	0.12	0.07	0.09	0.06	0.00	0.00	0.00	0.00	0.00	LOS_A	1	0.00	0.00
1	10800-14400	43			2875	2666	16	128	61	0.35	0.32	0.09	0.70	0.75	0.00	0.00	0.00	0.00	0.00	LOS_A	1	0.00	0.00
1	10800-14400	44-15@3.2-243: Ferris Rd  Melton Hwy@24.7	15	243	268	247	3	15	1	19.47	19.20	29.43	20.56	18.61	11.99	12.12	16.67	9.50	2.60	LOS_B	2	5.40	41.28
1	10800-14400	44-421: Ferris Rd@65.5-20@13.7	421	20	29	9	1	17	2	2.67	1.57	6.30	2.93	3.58	0.00	0.00	0.00	0.00	0.00	LOS_A	1	0.00	0.00
1	10800-14400	44-421: Ferris Rd@65.5-243: Ferris Rd  Melton Hwy@24.7	421	243	303	286	0	15	2	20.76	20.40		25.59	36.05	11.83	11.71		13.03	20.23	LOS_C	3	6.29	56.81
1	10800-14400	44-682@3.6-420: Ferris Rd@19.2	682	420	192	169	0	18	5	0.27	0.28		0.23	0.14	0.00	0.00		0.00	0.00	LOS_A	1	0.25	29.34
1	10800-14400	44-10393@15.0-19@37.7	10393	19	85	84	0	1	0	23.02	22.96		28.35		15.78	15.77		16.85		LOS_C	3	3.87	44.08
1	10800-14400	44-10393@15.0-420: Ferris Rd@19.2	10393	420	154	143	0	10	1	8.79	9.10		5.06	2.95	3.80	4.04		0.85	0.00	LOS_A	1	3.87	44.08
1	10800-14400	44			1031	938	4	76	11	14.50	14.79	23.65	10.86	9.23	8.46	8.79	12.50	4.78	3.92	LOS_B	2	3.16	56.81
1	10800-14400	45-499: Zone connector@162.8-95: Melton Hwy@35.1	499	95	7	7	0	0	0	56.94	56.94				49.43	49.43				LOS_E	5	0.55	6.52
1	10800-14400	45-499: Zone connector@162.8-307: Melton Hwy@9.5	499	307	1	1	0	0	0	2.62	2.62				0.00	0.00				LOS_A	1	0.00	0.00
1	10800-14400	45-677: Melton Hwy@21.4-307: Melton Hwy@9.5	677	307	369	347	0	22	0	3.51	3.60		2.22		1.42	1.48		0.49		LOS_A	1	0.87	36.51
1	10800-14400	45-677: Melton Hwy@21.4-500: Zone connector@16.0	677	500	4	4	0	0	0	1.00	1.00				0.00	0.00				LOS_A	1	0.00	0.00
1	10800-14400	45-680: Melton Hwy@11.3-95: Melton Hwy@35.1	680	95	459	429	2	25	3	1.11	1.06	0.08	2.11	0.03	0.27	0.28	0.00	0.29	0.00	LOS_A	1	3.62	35.88
1	10800-14400	45-680: Melton Hwy@11.3-363: Gateway Dr@7.0	680	363	0	0	0	0	0											LOS_A		0.00	0.00
1	10800-14400	45-680: Melton Hwy@11.3-500: Zone connector@16.0	680	500	34	32	0	2	0	67.11	66.79		72.35		58.59	58.54		59.40		LOS_E	5	3.62	35.88
1	10800-14400	45-681: Gateway Dr@258.9-95: Melton Hwy@35.1	681	95	0	0	0	0	0											LOS_A		0.00	0.00
1	10800-14400	45			874	820	2	49	3	5.14	5.18	0.08	5.03	0.03	3.42	3.48	0.00	2.79	0.00	LOS_A	1	0.72	36.51
1	10800-14400	46-12: Hopkins Rd@73.6-44: Hopkins Rd@23.1	12	44	462	430	1	30	1	4.81	4.80	4.71	5.02	3.94	0.46	0.47	0.00	0.35	0.00	LOS_A	1	1.37	40.49
1	10800-14400	46-12: Hopkins Rd@73.6-104@37.0	12	104	100	90	2	6	2	3.66	3.61	1.17	5.86	1.90	0.16	0.18	0.00	0.02	0.00	LOS_A	1	0.71	40.49
1	10800-14400	46-12: Hopkins Rd@73.6-428@34.4	12	428	20	20	0	0	0	3.29	3.29				0.08	0.08				LOS_A	1	1.37	40.49
1	10800-14400	46-12: Hopkins Rd@73.6-1243: Hopkins Rd@4.3	12	1243	0	0	0	0	0											LOS_A		1.37	40.49
1	10800-14400	46-255: Hopkins Rd@17.0-44: Hopkins Rd@23.1	255	44	0	0	0	0	0											LOS_A		0.04	9.53
1	10800-14400	46-255: Hopkins Rd@17.0-104@37.0	255	104	62	56	0	4	0	1.45	1.20		5.43		0.16	0.04		1.86		LOS_A	1	0.04	9.53
1	10800-14400	46-255: Hopkins Rd@17.0-428@34.4	255	428	18	18	0	0	0	1.11	1.11				0.00	0.00				LOS_A	1	0.04	9.53
1	10800-14400	46-255: Hopkins Rd@17.0-1243: Hopkins Rd@4.3	255	1243	250	236	1	12	1	1.00	1.00	0.86	1.04	0.35	0.02	0.02	0.00	0.00	0.00	LOS_A	1	0.04	9.53
1	10800-14400	46-257@11.2-44: Hopkins Rd@23.1	257	44	73	53	0	19	1	6.73	6.24		8.08	6.96	1.50	1.49		1.62	0.00	LOS_A	1	0.44	21.55
1	10800-14400	46-257@11.2-104@37.0	257	104	0	0	0	0	0											LOS_A		0.44	21.55
1	10800-14400	46-257@11.2-428@34.4	257	428	0	0	0	0	0											LOS_A		0.44	21.55
1	10800-14400	46-257@11.2-1243: Hopkins Rd@4.3	257	1243	87	74	0	12	1	6.85	6.67		7.45	12.22	1.88	2.03		1.07	0.00	LOS_A	1	0.60	24.34
1	10800-14400	46-429@91.6-44: Hopkins Rd@23.1	429	44	36	36	0	0	0	6.05	6.05				2.85	2.85				LOS_A	1	0.26	25.76
1	10800-14400	46-429@91.6-104@37.0	429	104	25	25	0	0	0	2.90	2.90				0.21	0.21				LOS_A	1	0.26	25.76
1	10800-14400	46-429@91.6-428@34.4	429	428	0	0	0	0	0											LOS_A		0.26	25.76
1	10800-14400	46-429@91.6-1243: Hopkins Rd@4.3	429	1243	31	31	0	0	0	4.05	4.05				1.59	1.59				LOS_A	1	0.26	25.76
1	10800-14400	46			1164	1069	4	83	6	3.88	3.76	1.98	5.58	4.54	0.58	0.58	0.00	0.74	0.00	LOS_A	1	0.45	40.49
1	10800-14400	47-4: Caroline Springs Blvd@6.8-212: Caroline Springs Blvd@4.6	4	212	710	697	0	7	0	14.39	14.31		13.20		8.37	8.44		4.65		LOS_B	2	8.39	136.56
1	10800-14400	47-4: Caroline Springs Blvd@6.8-446@6.0	4	446	0	0	0	0	0											LOS_A		7.18	112.39
1	10800-14400	47-447@32.5-212: Caroline Springs Blvd@4.6	447	212	0	0	0	0	0											LOS_A		0.00	0.00
1	10800-14400	47-887: Caroline Springs Blvd@16.4-212: Caroline Springs Blvd@4.6	887	212	17	15	0	2	0	15.13	16.12		7.67		4.17	4.72		0.00		LOS_C	3	0.20	19.21
1	10800-14400	47-887: Caroline Springs Blvd@16.4-448@12.1	887	448	252	218	0	26	2	0.30	0.28		0.06	0.04	0.00	0.00		0.00	0.00	LOS_A	1	0.01	9.32
1	10800-14400	47			979	930	0	35	2	10.77	11.05		3.12	0.04	6.14	6.40		0.93	0.00	LOS_B	2	3.16	136.56
1	10800-14400	48-67: Meskos Rd@199.5-12: Hopkins Rd@2.0	67	12	3	3	0	0	0	1.31	1.31				0.00	0.00				LOS_A	1	0.00	0.00
1	10800-14400	48-67: Meskos Rd@199.5-252: Hopkins Rd@3.1	67	252	0	0	0	0	0											LOS_A		0.00	0.00
1	10800-14400	48-251: Hopkins Rd@11.8-12: Hopkins Rd@2.0	251	12	579	537	3	36	3	0.06	0.06	0.20	0.16	0.16	0.00	0.00	0.00	0.00	0.00	LOS_A	1	0.00	0.00
1	10800-14400	48-251: Hopkins Rd@11.8-66: Meskos Rd@6.0	251	66	0	0	0	0	0											LOS_A		0.00	0.00
1	10800-14400	48-1243: Hopkins Rd@76.3-66: Meskos Rd@6.0	1243	66	0	0	0	0	0											LOS_A		0.00	0.00
1	10800-14400	48-1243: Hopkins Rd@76.3-252: Hopkins Rd@3.1	1243	252	368	341	1	24	2	0.10	0.10	0.04	0.11	1.07	0.00	0.00	0.00	0.00	0.00	LOS_A	1	0.00	0.00
1	10800-14400	48			950	881	4	60	5	0.08	0.08	0.16	0.14	0.53	0.00	0.00	0.00	0.00	0.00	LOS_A	1	0.00	0.00
1	10800-14400	49-351: Delma Rd@85.2-352: Eucumbene Dr@37.8	351	352	0	0	0	0	0											LOS_A		0.00	0.00
1	10800-14400	49-351: Delma Rd@85.2-506: Zone connector@80.7	351	506	14	14	0	0	0	0.65	0.65				0.00	0.00				LOS_A	1	0.00	5.65
1	10800-14400	49-353: Eucumbene Dr@275.9-350: Delma Rd@23.2	353	350	0	0	0	0	0											LOS_A		0.00	0.00
1	10800-14400	49-353: Eucumbene Dr@275.9-506: Zone connector@80.7	353	506	56	56	0	0	0	0.02	0.02				0.00	0.00				LOS_A	1	0.00	0.00
1	10800-14400	49-505: Zone connector@77.8-350: Delma Rd@23.2	505	350	21	19	0	2	0	0.12	0.12		0.11		0.00	0.00		0.00		LOS_A	1	0.00	0.00
1	10800-14400	49-505: Zone connector@77.8-352: Eucumbene Dr@37.8	505	352	0	0	0	0	0											LOS_A		0.00	0.00
1	10800-14400	49			91	89	0	2	0	0.14	0.14		0.11		0.00	0.00		0.00		LOS_A	1	0.00	5.65
1	10800-14400	50-115: Western Hwy@22.9-209: Ballarat Rd  Western Hwy@28.7	115	209	506	488	0	18	0	42.57	42.94		32.45		32.54	32.93		21.91		LOS_D	4	25.68	178.28
1	10800-14400	50-115: Western Hwy@22.9-283: Christies Rd@7.9	115	283	88	84	0	4	0	80.55	80.63		78.88		67.07	67.19		64.50		LOS_F	6	25.68	178.28
1	10800-14400	50-461: Ballarat Rd  Western Hwy@7.1-114: Western Hwy@17.3	461	114	277	259	0	17	1	37.19	37.71		31.46	0.00	28.59	29.18		21.36	0.00	LOS_D	4	11.51	75.31
1	10800-14400	50-461: Ballarat Rd  Western Hwy@7.1-215: Caroline Springs Blvd@5.8	461	215	97	89	0	7	1	55.96	55.20		68.15	38.12	45.24	44.76		54.83	20.70	LOS_E	5	11.51	75.31
1	10800-14400	50-648: Christies Rd@37.8-114: Western Hwy@17.3	648	114	22	21	0	1	0	38.64	38.89		33.46		32.38	32.93		20.87		LOS_D	4	9.77	61.98
1	10800-14400	50-648: Christies Rd@37.8-209: Ballarat Rd  Western Hwy@28.7	648	209	43	29	0	12	2	66.58	65.97		61.70	104.77	55.06	55.91		47.10	90.53	LOS_E	5	9.77	61.98
1	10800-14400	50-648: Christies Rd@37.8-215: Caroline Springs Blvd@5.8	648	215	167	139	0	21	1	37.58	38.49		35.21	7.80	28.85	30.08		25.62	0.00	LOS_D	4	9.77	61.98
1	10800-14400	50-649@8.2-283: Christies Rd@7.9	649	283	79	66	0	13	0	5.22	5.76		2.46		2.22	2.66		0.00		LOS_A	1	0.25	13.35
1	10800-14400	50-651@22.8-215: Caroline Springs Blvd@5.8	651	215	5	5	0	0	0	0.19	0.19				0.00	0.00				LOS_A	1	0.00	0.00
1	10800-14400	50-652: Caroline Springs Blvd@21.4-114: Western Hwy@17.3	652	114	14	14	0	0	0	107.33	107.33				93.91	93.91				LOS_F	6	26.19	110.76
1	10800-14400	50-652: Caroline Springs Blvd@21.4-209: Ballarat Rd  Western Hwy@28.7	652	209	236	231	0	5	0	15.95	16.02		12.57		6.42	6.53		1.51		LOS_B	2	11.18	117.51
1	10800-14400	50-652: Caroline Springs Blvd@21.4-283: Christies Rd@7.9	652	283	477	467	0	4	0	52.55	52.60		41.87		43.42	43.56		33.51		LOS_D	4	26.19	110.76
1	10800-14400	50			2011	1892	0	102	5	42.31	42.62		36.15	51.09	32.96	33.35		26.13	40.35	LOS_D	4	12.08	178.28
1	10800-14400	51-7: Ballarat Rd  Western Hwy@16.6-10: Ballarat Rd  Western Hwy@18.5	7	10	3	3	0	0	0	80.28	80.28				73.78	73.78				LOS_F	6	1.04	12.02
1	10800-14400	51-7: Ballarat Rd  Western Hwy@16.6-385: Chisholm Dr@11.7	7	385	0	0	0	0	0											LOS_A		1.04	12.02
1	10800-14400	51-7: Ballarat Rd  Western Hwy@16.6-670: Ballarat Rd  Western Hwy@1.4	7	670	6	6	0	0	0	123.51	123.51				105.84	105.84				LOS_F	6	1.04	12.02
1	10800-14400	51-7: Ballarat Rd  Western Hwy@16.6-671: Panamax Rd@7.5	7	671	0	0	0	0	0											LOS_A		1.04	12.02
1	10800-14400	51-347: Panamax Rd@4.8-10: Ballarat Rd  Western Hwy@18.5	347	10	96	88	0	8	0	74.28	73.94		78.04		57.58	57.58		57.50		LOS_E	5	5.47	38.31
1	10800-14400	51-347: Panamax Rd@4.8-385: Chisholm Dr@11.7	347	385	16	15	0	1	0	39.26	39.07		42.17		29.69	29.53		32.19		LOS_D	4	5.47	38.31
1	10800-14400	51-347: Panamax Rd@4.8-670: Ballarat Rd  Western Hwy@1.4	347	670	56	54	0	2	0	2.94	2.89		4.22		0.00	0.00		0.00		LOS_A	1	0.00	0.00
1	10800-14400	51-360: Ballarat Rd  Western Hwy@55.2-10: Ballarat Rd  Western Hwy@18.5	360	10	736	704	0	30	2	10.04	9.97		12.20	1.15	4.82	4.88		3.96	0.00	LOS_B	2	10.33	209.36
1	10800-14400	51-360: Ballarat Rd  Western Hwy@55.2-385: Chisholm Dr@11.7	360	385	14	10	0	4	0	16.51	15.27		19.58		7.25	7.29		7.17		LOS_B	2	10.33	209.36
1	10800-14400	51-360: Ballarat Rd  Western Hwy@55.2-671: Panamax Rd@7.5	360	671	35	34	0	1	0	64.21	64.30		61.30		54.06	54.24		47.98		LOS_E	5	10.33	209.36
1	10800-14400	51-673: Chisholm Dr@12.9-10: Ballarat Rd  Western Hwy@18.5	673	10	121	119	0	2	0	7.32	7.37		4.68		3.81	3.87		0.00		LOS_A	1	1.55	59.38
1	10800-14400	51-673: Chisholm Dr@12.9-670: Ballarat Rd  Western Hwy@1.4	673	670	29	29	0	0	0	75.51	75.51				57.49	57.49				LOS_E	5	3.70	60.07
1	10800-14400	51-673: Chisholm Dr@12.9-671: Panamax Rd@7.5	673	671	14	14	0	0	0	56.43	56.43				42.29	42.29				LOS_E	5	3.70	60.07
1	10800-14400	51-885: Ballarat Rd  Western Hwy@6.9-10: Ballarat Rd  Western Hwy@18.5	885	10	0	0	0	0	0											LOS_A		2.68	34.75
1	10800-14400	51-885: Ballarat Rd  Western Hwy@6.9-385: Chisholm Dr@11.7	885	385	13	12	0	1	0	64.81	66.25		47.61		54.65	56.44		33.27		LOS_E	5	2.68	34.75
1	10800-14400	51-885: Ballarat Rd  Western Hwy@6.9-670: Ballarat Rd  Western Hwy@1.4	885	670	355	320	0	33	2	10.05	9.75		12.82	13.18	5.26	5.19		5.89	6.01	LOS_B	2	2.68	34.75
1	10800-14400	51-885: Ballarat Rd  Western Hwy@6.9-671: Panamax Rd@7.5	885	671	80	75	0	5	0	8.57	8.38		11.36		3.06	3.08		2.75		LOS_A	1	2.68	34.75
1	10800-14400	51			1574	1483	0	87	4	17.62	17.53		19.74	7.16	11.40	11.47		10.68	3.00	LOS_B	2	3.54	209.36
1	10800-14400	52-198: Melton Hwy@69.6-182@11.5	198	182	245	226	0	17	0	2.59	2.45		4.15		0.05	0.05		0.00		LOS_A	1	0.00	0.00
1	10800-14400	52-198: Melton Hwy@69.6-308: Ferris Rd  Melton Hwy@20.5	198	308	231	220	0	11	0	0.68	0.66		1.05		0.00	0.00		0.00		LOS_A	1	0.00	0.00
1	10800-14400	52-339@366.5-200: Melton Hwy@21.7	339	200	250	237	0	13	0	0.31	0.30		0.43		0.00	0.00		0.00		LOS_A	1	0.00	0.00
1	10800-14400	52-339@366.5-308: Ferris Rd  Melton Hwy@20.5	339	308	8	7	0	0	1	5.55	6.21			0.93	1.63	1.86			0.00	LOS_A	1	0.01	5.35
1	10800-14400	52-956: Ferris Rd  Melton Hwy@55.3-182@11.5	956	182	232	222	1	9	0	5.03	5.09	4.18	3.61		0.84	0.88	0.00	0.00		LOS_A	1	1.24	52.12
1	10800-14400	52-956: Ferris Rd  Melton Hwy@55.3-200: Melton Hwy@21.7	956	200	339	311	2	21	3	0.14	0.13	0.30	0.16	0.67	0.00	0.00	0.00	0.00	0.00	LOS_A	1	0.15	23.27
1	10800-14400	52			1305	1223	3	71	4	1.63	1.62	1.60	1.74	0.73	0.17	0.18	0.00	0.00	0.00	LOS_A	1	0.28	52.12
1	10800-14400	53-899: Melton Hwy@13.5-199: Melton Hwy@15.7	899	199	0	0	0	0	0											LOS_A		0.06	17.99
1	10800-14400	53-899: Melton Hwy@13.5-301: High St@21.5	899	301	6	6	0	0	0	5.63	5.63				2.31	2.31				LOS_A	1	0.06	17.99
1	10800-14400	53-899: Melton Hwy@13.5-305: Melton Hwy@15.3	899	305	406	374	2	27	3	1.10	1.05	0.27	1.86	0.34	0.07	0.07	0.00	0.00	0.00	LOS_A	1	0.06	17.99
1	10800-14400	53-899: Melton Hwy@13.5-376: High St@36.1	899	376	177	168	0	7	0	2.96	2.80		6.00		0.03	0.03		0.00		LOS_A	1	0.06	17.99
1	10800-14400	53-900: High St@7.7-199: Melton Hwy@15.7	900	199	152	144	0	6	0	4.30	4.41		2.25		1.09	1.15		0.00		LOS_A	1	0.45	18.95
1	10800-14400	53-900: High St@7.7-301: High St@21.5	900	301	13	13	0	0	0	2.90	2.90				0.60	0.60				LOS_A	1	0.45	18.95
1	10800-14400	53-900: High St@7.7-305: Melton Hwy@15.3	900	305	82	82	0	0	0	7.93	7.93				1.13	1.13				LOS_A	1	0.40	20.24
1	10800-14400	53-900: High St@7.7-376: High St@36.1	900	376	0	0	0	0	0											LOS_A		0.45	18.95
1	10800-14400	53-901: Melton Hwy@7.6-199: Melton Hwy@15.7	901	199	292	270	0	22	0	1.67	1.57		2.89		0.02	0.02		0.01		LOS_A	1	0.14	21.77
1	10800-14400	53-901: Melton Hwy@7.6-301: High St@21.5	901	301	5	5	0	0	0	2.59	2.59				0.00	0.00				LOS_A	1	0.14	21.77
1	10800-14400	53-901: Melton Hwy@7.6-305: Melton Hwy@15.3	901	305	0	0	0	0	0											LOS_A		0.14	21.77
1	10800-14400	53-901: Melton Hwy@7.6-376: High St@36.1	901	376	73	73	0	0	0	2.00	2.00				0.06	0.06				LOS_A	1	0.14	21.77
1	10800-14400	53-1241: High St@3.1-199: Melton Hwy@15.7	1241	199	32	32	0	0	0	10.99	10.99				4.66	4.66				LOS_B	2	0.54	19.11
1	10800-14400	53-1241: High St@3.1-301: High St@21.5	1241	301	0	0	0	0	0											LOS_A		0.54	19.11
1	10800-14400	53-1241: High St@3.1-305: Melton Hwy@15.3	1241	305	5	5	0	0	0	11.78	11.78				5.41	5.41				LOS_B	2	0.54	19.11
1	10800-14400	53-1241: High St@3.1-376: High St@36.1	1241	376	9	9	0	0	0	11.80	11.80				5.16	5.16				LOS_B	2	0.54	19.11
1	10800-14400	53			1252	1181	2	62	3	2.80	2.81	0.27	2.73	0.34	0.44	0.46	0.00	0.00	0.00	LOS_A	1	0.31	21.77
1	10800-14400	54-526: Ferris Rd@22.5-310@35.3	526	310	17	14	0	3	0	5.27	5.18		5.68		0.46	0.55		0.00		LOS_A	1	0.00	4.97
1	10800-14400	54-526: Ferris Rd@22.5-421: Ferris Rd@15.4	526	421	0	0	0	0	0											LOS_A		0.00	0.00
1	10800-14400	54-526: Ferris Rd@22.5-525: Ferris Rd@18.9	526	525	329	298	0	25	6	0.17	0.18		0.08	0.02	0.01	0.02		0.00	0.00	LOS_A	1	0.02	36.18
1	10800-14400	54-527: Zone connector@58.2-310@35.3	527	310	0	0	0	0	0											LOS_A		0.00	0.00
1	10800-14400	54-527: Zone connector@58.2-421: Ferris Rd@15.4	527	421	312	282	1	25	4	0.17	0.16	0.11	0.32	0.17	0.00	0.00	0.00	0.00	0.00	LOS_A	1	0.00	0.00
1	10800-14400	54-528@5.7-421: Ferris Rd@15.4	528	421	20	13	0	7	0	3.06	2.20		4.66		0.00	0.00		0.00		LOS_A	1	0.00	0.00
1	10800-14400	54-528@5.7-525: Ferris Rd@18.9	528	525	0	0	0	0	0											LOS_A		0.00	0.00
1	10800-14400	54			678	607	1	60	10	0.38	0.33	0.11	1.00	0.08	0.02	0.02	0.00	0.00	0.00	LOS_A	1	0.00	36.18
1	10800-14400	55-68: Mount Cottrell Rd@390.9-320: Western Fwy@25.9	68	320	103	97	0	6	0	0.41	0.41		0.40		0.00	0.00		0.00		LOS_A	1	0.00	0.00
1	10800-14400	55-942: Western Hwy@75.8-69: Mount Cottrell Rd@25.4	942	69	123	114	0	9	0	0.38	0.32		1.07		0.00	0.00		0.00		LOS_A	1	0.00	0.00
1	10800-14400	55-942: Western Hwy@75.8-320: Western Fwy@25.9	942	320	1048	952	9	56	29	0.73	0.72	0.97	0.92	0.63	0.00	0.00	0.00	0.00	0.00	LOS_A	1	0.00	0.00
1	10800-14400	55			1274	1163	9	71	29	0.67	0.66	0.97	0.89	0.63	0.00	0.00	0.00	0.00	0.00	LOS_A	1	0.00	0.00
1	10800-14400	56-24: Paynes Rd@384.9-537: Western Hwy@24.0	24	537	29	27	1	0	1	0.20	0.21	0.10		0.03	0.00	0.00	0.00		0.00	LOS_A	1	0.00	0.00
1	10800-14400	56-536: Western Hwy@83.6-23: Paynes Rd@34.1	536	23	66	55	0	10	1	3.17	2.79		5.03	5.45	0.00	0.00		0.00	0.00	LOS_A	1	0.00	0.00
1	10800-14400	56-536: Western Hwy@83.6-537: Western Hwy@24.0	536	537	1140	1037	8	65	28	0.85	0.81	1.14	0.99	2.01	0.00	0.00	0.00	0.00	0.00	LOS_A	1	0.00	0.00
1	10800-14400	56			1235	1119	9	75	30	0.96	0.90	1.03	1.53	2.06	0.00	0.00	0.00	0.00	0.00	LOS_A	1	0.00	0.00
1	10800-14400	57-169: Western Hwy@71.3-168: Western Hwy@12.5	169	168	1551	1465	7	48	29	0.11	0.11	0.00	0.09	0.00	0.00	0.00	0.00	0.00	0.00	LOS_A	1	0.00	0.00
1	10800-14400	57-511: Zone connector@97.7-172: Western Hwy@0.2	511	172	0	0	0	0	0											LOS_A		0.00	0.00
1	10800-14400	57-936: Western Hwy@71.3-172: Western Hwy@0.2	936	172	1208	1094	8	75	29	0.07	0.07	0.00	0.05	0.05	0.00	0.00	0.00	0.00	0.00	LOS_A	1	0.00	0.00
1	10800-14400	57-936: Western Hwy@71.3-512: Zone connector@4.0	936	512	0	0	0	0	0											LOS_A		0.00	0.00
1	10800-14400	57			2759	2559	15	123	58	0.09	0.09	0.00	0.06	0.03	0.00	0.00	0.00	0.00	0.00	LOS_A	1	0.00	0.00
1	10800-14400	58-436@136.8-271: Leakes Rd@61.4	436	271	64	61	0	3	0	1.35	1.41		0.11		0.09	0.09		0.00		LOS_A	1	0.03	6.34
1	10800-14400	58-436@136.8-437: Leakes Rd@45.3	436	437	97	93	0	4	0	6.81	7.02		1.99		1.76	1.83		0.00		LOS_A	1	0.17	20.62
1	10800-14400	58-600: Leakes Rd@6.4-273@26.5	600	273	194	187	0	5	2	1.93	1.90		2.78	2.34	0.00	0.00		0.00	0.00	LOS_A	1	0.00	0.00
1	10800-14400	58-600: Leakes Rd@6.4-437: Leakes Rd@45.3	600	437	289	270	0	14	3	1.52	1.51		1.81	2.10	0.00	0.00		0.00	0.00	LOS_A	1	0.00	0.00
1	10800-14400	58-1263: Leakes Rd@41.8-271: Leakes Rd@61.4	1263	271	196	176	1	14	3	0.07	0.06	0.00	0.18	0.00	0.00	0.00	0.00	0.00	0.00	LOS_A	1	0.24	17.13
1	10800-14400	58-1263: Leakes Rd@41.8-273@26.5	1263	273	103	99	0	4	0	3.19	3.22		2.38		0.76	0.79		0.00		LOS_A	1	0.24	17.13
1	10800-14400	58			943	886	1	44	8	2.02	2.07	0.00	1.35	1.37	0.27	0.29	0.00	0.00	0.00	LOS_A	1	0.11	20.62
1	10800-14400	59-271: Leakes Rd@243.2-401: Leakes Rd@29.0	271	401	260	237	1	17	3	0.02	0.02	0.00	0.12	0.00	0.00	0.00	0.00	0.00	0.00	LOS_A	1	0.00	0.00
1	10800-14400	59-443@92.7-270: Leakes Rd@21.8	443	270	0	0	0	0	0											LOS_A		0.00	0.00
1	10800-14400	59-443@92.7-442@13.5	443	442	0	0	0	0	0											LOS_A		0.00	0.00
1	10800-14400	59-605: Leakes Rd@50.0-270: Leakes Rd@21.8	605	270	483	457	0	19	5	1.17	1.07		1.44	2.43	0.09	0.09		0.00	0.00	LOS_A	1	0.00	0.00
1	10800-14400	59-605: Leakes Rd@50.0-442@13.5	605	442	0	0	0	0	0											LOS_A		0.00	0.00
1	10800-14400	59			743	694	1	36	8	0.77	0.71	0.00	0.82	1.52	0.06	0.06	0.00	0.00	0.00	LOS_A	1	0.00	0.00
1	10800-14400	60-604: Leakes Rd@15.4-398: Taylors Rd@22.2	604	398	4	4	0	0	0	1.65	1.65				0.00	0.00				LOS_A	1	0.00	0.00
1	10800-14400	60-604: Leakes Rd@15.4-402: Leakes Rd@24.4	604	402	424	403	0	16	5	12.17	12.08		14.38	13.13	4.59	4.64		3.94	2.80	LOS_B	2	4.23	70.72
1	10800-14400	60-606: Leakes Rd@69.8-402: Leakes Rd@24.4	606	402	59	54	0	3	0	1.42	1.36		2.20		0.40	0.44		0.00		LOS_A	1	0.01	5.45
1	10800-14400	60-607: Taylors Rd@70.4-400: Leakes Rd@76.7	607	400	3	3	0	0	0	32.89	32.89				25.78	25.78				LOS_C	3	0.13	6.51
1	10800-14400	60-938: Leakes Rd@26.8-398: Taylors Rd@22.2	938	398	228	210	0	16	0	13.90	13.71		16.51		7.63	7.78		6.32		LOS_B	2	3.44	36.80
1	10800-14400	60-938: Leakes Rd@26.8-400: Leakes Rd@76.7	938	400	32	27	1	1	3	0.02	0.02	0.00	0.00	0.07	0.00	0.00	0.00	0.00	0.00	LOS_A	1	3.44	36.80
1	10800-14400	60			750	701	1	36	8	11.36	11.30	0.00	13.91	8.23	5.05	5.14	0.00	4.56	1.75	LOS_B	2	1.56	70.72
1	10800-14400	61-540@22.7-435: Leakes Rd@19.5	540	435	33	28	0	5	0	3.20	3.50		1.50		1.09	1.28		0.00		LOS_A	1	0.08	11.64
1	10800-14400	61-540@22.7-438: Leakes Rd@14.4	540	438	59	52	1	4	2	6.50	4.99	20.52	11.77	28.20	2.03	1.48	5.80	2.78	12.97	LOS_A	1	0.57	43.81
1	10800-14400	61-863: Leakes Rd@86.5-265@27.3	863	265	162	152	0	9	1	4.37	4.30		5.06	9.88	0.45	0.47		0.00	0.00	LOS_A	1	0.27	24.81
1	10800-14400	61-863: Leakes Rd@86.5-435: Leakes Rd@19.5	863	435	224	211	0	9	2	0.32	0.27		0.24	3.02	0.00	0.00		0.00	0.00	LOS_A	1	0.00	5.25
1	10800-14400	61-941: Leakes Rd@8.5-265@27.3	941	265	43	37	0	4	0	2.40	2.03		4.04		0.00	0.00		0.00		LOS_A	1	0.00	0.00
1	10800-14400	61-941: Leakes Rd@8.5-438: Leakes Rd@14.4	941	438	240	223	0	14	1	0.38	0.36		0.32	0.00	0.00	0.00		0.00	0.00	LOS_A	1	0.00	0.00
1	10800-14400	61			761	703	1	45	6	1.92	1.74	20.52	2.73	12.05	0.30	0.26	5.80	0.25	4.32	LOS_A	1	0.19	43.81
1	10800-14400	62-267: Ian Cowie Way@65.6-264: Leakes Rd@15.6	267	264	0	0	0	0	0											LOS_A		0.00	0.00
1	10800-14400	62-267: Ian Cowie Way@65.6-434: Leakes Rd@14.9	267	434	5	5	0	0	0	3.13	3.13				0.32	0.32				LOS_A	1	0.01	5.95
1	10800-14400	62-538: Leakes Rd@42.7-264: Leakes Rd@15.6	538	264	254	236	0	14	2	0.07	0.07		0.02	0.41	0.00	0.00		0.00	0.00	LOS_A	1	0.00	0.00
1	10800-14400	62-538: Leakes Rd@42.7-268: Ian Cowie Way@17.3	538	268	3	3	0	0	0	2.28	2.28				0.00	0.00				LOS_A	1	0.00	0.00
1	10800-14400	62-864: Leakes Rd@42.2-268: Ian Cowie Way@17.3	864	268	0	0	0	0	0											LOS_A		0.00	0.00
1	10800-14400	62-864: Leakes Rd@42.2-434: Leakes Rd@14.9	864	434	278	255	0	18	1	0.04	0.04		0.03	0.00	0.00	0.00		0.00	0.00	LOS_A	1	0.00	0.00
1	10800-14400	62			540	499	0	32	3	0.09	0.10		0.03	0.27	0.00	0.00		0.00	0.00	LOS_A	1	0.00	5.95
1	10800-14400	63-374: Westcott Pde@100.7-263: Leakes Rd@9.1	374	263	8	6	0	0	0	4.15	0.18				0.00	0.00				LOS_A	1	0.00	0.00
1	10800-14400	63-374: Westcott Pde@100.7-372: Leakes Rd@14.9	374	372	0	0	0	0	0											LOS_A		0.00	0.00
1	10800-14400	63-542: Leakes Rd@34.5-372: Leakes Rd@14.9	542	372	252	234	0	14	2	0.23	0.23		0.00	0.79	0.04	0.05		0.00	0.00	LOS_A	1	0.00	0.00
1	10800-14400	63-542: Leakes Rd@34.5-375: Westcott Pde@26.6	542	375	2	2	0	0	0	3.39	3.39				0.00	0.00				LOS_A	1	0.00	0.00
1	10800-14400	63-543: Leakes Rd@6.7-263: Leakes Rd@9.1	543	263	270	249	0	18	1	0.03	0.04		0.02	0.00	0.00	0.00		0.00	0.00	LOS_A	1	0.00	0.00
1	10800-14400	63-543: Leakes Rd@6.7-375: Westcott Pde@26.6	543	375	0	0	0	0	0											LOS_A		0.00	0.00
1	10800-14400	63			532	491	0	32	3	0.20	0.14		0.01	0.53	0.02	0.02		0.00	0.00	LOS_A	1	0.00	0.00
1	10800-14400	64-484@157.6-78: Western Hwy@14.0	484	78	0	0	0	0	0											LOS_A		0.00	0.00
1	10800-14400	64-484@157.6-324: Western Hwy@20.9	484	324	0	0	0	0	0											LOS_A		0.00	0.00
1	10800-14400	64-943: Western Hwy@38.1-78: Western Hwy@14.0	943	78	1684	1594	7	50	31	0.08	0.07	0.08	0.13	0.11	0.00	0.00	0.00	0.00	0.00	LOS_A	1	0.00	0.00
1	10800-14400	64-943: Western Hwy@38.1-324: Western Hwy@20.9	943	324	0	0	0	0	0											LOS_A		0.00	0.00
1	10800-14400	64-943: Western Hwy@38.1-483@8.4	943	483	0	0	0	0	0											LOS_A		0.00	0.00
1	10800-14400	64-1265: Western Hwy@45.2-78: Western Hwy@14.0	1265	78	0	0	0	0	0											LOS_A		0.00	0.00
1	10800-14400	64-1265: Western Hwy@45.2-324: Western Hwy@20.9	1265	324	1095	985	9	71	30	0.06	0.06	0.07	0.04	0.03	0.00	0.00	0.00	0.00	0.00	LOS_A	1	0.00	0.00
1	10800-14400	64-1265: Western Hwy@45.2-483@8.4	1265	483	0	0	0	0	0											LOS_A		0.00	0.00
1	10800-14400	64			2779	2579	16	121	61	0.07	0.07	0.07	0.07	0.07	0.00	0.00	0.00	0.00	0.00	LOS_A	1	0.00	0.00
1	10800-14400	65-27: Troups Rd N@8.8-29: Western Hwy@8.5	27	29	49	45	0	4	0	0.01	0.01		0.01		0.00	0.00		0.00		LOS_A	1	0.00	0.00
1	10800-14400	65-27: Troups Rd N@8.8-31: Troups Rd N@5.3	27	31	51	46	0	3	0	0.01	0.00		0.00		0.00	0.00		0.00		LOS_A	1	0.00	0.00
1	10800-14400	65-30: Western Hwy@242.6-28: Troups Rd N@3.2	30	28	1	1	0	0	0	0.06	0.06				0.00	0.00				LOS_A	1	0.00	0.00
1	10800-14400	65-30: Western Hwy@242.6-31: Troups Rd N@5.3	30	31	0	0	0	0	0											LOS_A		0.00	0.00
1	10800-14400	65-32: Troups Rd N@98.1-28: Troups Rd N@3.2	32	28	3	3	0	0	0	0.21	0.21				0.00	0.00				LOS_A	1	0.00	0.00
1	10800-14400	65-32: Troups Rd N@98.1-29: Western Hwy@8.5	32	29	0	0	0	0	0											LOS_A		0.00	0.00
1	10800-14400	65			104	95	0	7	0	0.01	0.01		0.01		0.00	0.00		0.00		LOS_A	1	0.00	0.00
1	10800-14400	66-33: Neales Rd W@612.0-35: Neales Rd W@48.6	33	35	0	0	0	0	0											LOS_A		0.00	0.00
1	10800-14400	66-33: Neales Rd W@612.0-232: Hopkins Rd@6.4	33	232	0	0	0	0	0											LOS_A		0.00	0.00
1	10800-14400	66-33: Neales Rd W@612.0-910: Melton Hwy@16.5	33	910	0	0	0	0	0											LOS_A		0.00	0.00
1	10800-14400	66-622: Neales Rd W@45.9-34: Neales Rd W@23.0	622	34	1	1	0	0	0	44.89	44.89				35.93	35.93				LOS_D	4	0.06	6.38
1	10800-14400	66-622: Neales Rd W@45.9-232: Hopkins Rd@6.4	622	232	95	89	0	4	0	0.67	0.53		1.72		0.05	0.05		0.00		LOS_A	1	0.00	0.00
1	10800-14400	66-622: Neales Rd W@45.9-910: Melton Hwy@16.5	622	910	0	0	0	0	0											LOS_A		0.06	6.38
1	10800-14400	66-897: Hopkins Rd@12.7-34: Neales Rd W@23.0	897	34	1	0	0	1	0	1.12			1.12		0.00			0.00		LOS_A	1	1.63	16.51
1	10800-14400	66-897: Hopkins Rd@12.7-35: Neales Rd W@48.6	897	35	63	53	0	8	0	25.43	25.37		27.81		16.34	16.98		15.01		LOS_C	3	1.63	16.51
1	10800-14400	66-897: Hopkins Rd@12.7-910: Melton Hwy@16.5	897	910	246	222	0	23	1	0.35	0.34		0.40	0.00	0.12	0.13		0.00	0.00	LOS_A	1	1.63	16.51
1	10800-14400	66-908: Melton Hwy@9.5-34: Neales Rd W@23.0	908	34	0	0	0	0	0											LOS_A		2.00	63.09
1	10800-14400	66-908: Melton Hwy@9.5-35: Neales Rd W@48.6	908	35	0	0	0	0	0											LOS_A		2.00	63.09
1	10800-14400	66-908: Melton Hwy@9.5-232: Hopkins Rd@6.4	908	232	358	340	1	16	1	4.81	4.71	5.56	4.49	42.64	1.52	1.47	0.00	1.04	30.27	LOS_A	1	2.00	63.09
1	10800-14400	66			764	705	1	52	2	4.61	4.42	5.56	5.99	21.32	2.15	2.08	0.00	2.63	15.14	LOS_A	1	0.74	63.09
1	10800-14400	67-230: Hopkins Rd@28.1-37@43.8	230	37	184	178	0	6	0	5.79	5.71		8.40		0.72	0.72		0.55		LOS_A	1	0.51	24.89
1	10800-14400	67-230: Hopkins Rd@28.1-426: Hopkins Rd@4.3	230	426	269	251	1	14	1	2.08	1.96	3.64	2.31	3.73	0.09	0.09	0.00	0.00	0.00	LOS_A	1	0.00	0.00
1	10800-14400	67-427: Hopkins Rd@87.2-231: Hopkins Rd@8.3	427	231	272	241	0	30	1	0.07	0.05		0.23	0.58	0.00	0.00		0.00	0.00	LOS_A	1	0.00	0.00
1	10800-14400	67-946@14.4-231: Hopkins Rd@8.3	946	231	38	34	0	2	0	0.69	0.60		0.95		0.00	0.00		0.00		LOS_A	1	0.00	0.00
1	10800-14400	67-946@14.4-426: Hopkins Rd@4.3	946	426	61	59	0	2	0	3.18	3.07		6.28		0.49	0.51		0.00		LOS_A	1	0.14	17.13
1	10800-14400	67			824	763	1	54	2	2.26	2.26	3.64	1.93	2.16	0.22	0.24	0.00	0.06	0.00	LOS_A	1	0.13	24.89
1	10800-14400	68-83: Sheahan Rd@168.5-55: Hopkins Rd@3.3	83	55	0	0	0	0	0											LOS_A		0.00	0.00
1	10800-14400	68-83: Sheahan Rd@168.5-251: Hopkins Rd@6.5	83	251	2	2	0	0	0	3.50	3.50				0.17	0.17				LOS_A	1	0.00	5.86
1	10800-14400	68-252: Hopkins Rd@8.4-55: Hopkins Rd@3.3	252	55	367	340	1	24	2	0.02	0.01	0.01	0.03	0.25	0.00	0.00	0.00	0.00	0.00	LOS_A	1	0.00	0.00
1	10800-14400	68-252: Hopkins Rd@8.4-82: Sheahan Rd@6.2	252	82	1	1	0	0	0	0.04	0.04				0.00	0.00				LOS_A	1	0.00	0.00
1	10800-14400	68-895: Hopkins Rd@30.3-82: Sheahan Rd@6.2	895	82	0	0	0	0	0											LOS_A		0.00	0.00
1	10800-14400	68-895: Hopkins Rd@30.3-251: Hopkins Rd@6.5	895	251	577	535	3	36	3	0.09	0.09	0.08	0.11	0.17	0.00	0.00	0.00	0.00	0.00	LOS_A	1	0.00	0.00
1	10800-14400	68			947	878	4	60	5	0.07	0.07	0.06	0.08	0.20	0.00	0.00	0.00	0.00	0.00	LOS_A	1	0.00	5.86
1	10800-14400	69-290: Caroline Springs Blvd@7.8-60: Caroline Springs Blvd@15.2	290	60	0	0	0	0	0											LOS_A		0.03	15.42
1	10800-14400	69-290: Caroline Springs Blvd@7.8-291: Caroline Springs Blvd@13.9	290	291	226	198	0	20	2	1.18	1.12		1.59	2.38	0.00	0.00		0.02	0.00	LOS_A	1	0.03	15.42
1	10800-14400	69-290: Caroline Springs Blvd@7.8-293: Chisholm Dr@13.5	290	293	13	11	0	2	0	0.76	0.82		0.46		0.00	0.00		0.00		LOS_A	1	0.03	15.42
1	10800-14400	69-290: Caroline Springs Blvd@7.8-431: Springlake Ave@15.9	290	431	13	9	0	4	0	2.69	2.77		2.52		0.00	0.00		0.00		LOS_A	1	0.03	15.42
1	10800-14400	69-292: Caroline Springs Blvd@169.6-60: Caroline Springs Blvd@15.2	292	60	623	611	0	6	0	2.54	2.41		2.34		0.12	0.12		0.14		LOS_A	1	0.60	61.38
1	10800-14400	69-292: Caroline Springs Blvd@169.6-291: Caroline Springs Blvd@13.9	292	291	0	0	0	0	0											LOS_A		0.60	61.38
1	10800-14400	69-292: Caroline Springs Blvd@169.6-293: Chisholm Dr@13.5	292	293	0	0	0	0	0											LOS_A		0.60	61.38
1	10800-14400	69-292: Caroline Springs Blvd@169.6-431: Springlake Ave@15.9	292	431	0	0	0	0	0											LOS_A		0.60	61.38
1	10800-14400	69-294: Chisholm Dr@69.6-60: Caroline Springs Blvd@15.2	294	60	42	42	0	0	0	11.27	11.27				4.63	4.63				LOS_B	2	0.45	18.84
1	10800-14400	69-294: Chisholm Dr@69.6-291: Caroline Springs Blvd@13.9	294	291	0	0	0	0	0											LOS_A		0.45	18.84
1	10800-14400	69-294: Chisholm Dr@69.6-293: Chisholm Dr@13.5	294	293	0	0	0	0	0											LOS_A		0.45	18.84
1	10800-14400	69-294: Chisholm Dr@69.6-431: Springlake Ave@15.9	294	431	0	0	0	0	0											LOS_A		0.45	18.84
1	10800-14400	69-430: Springlake Ave@96.3-60: Caroline Springs Blvd@15.2	430	60	45	44	0	1	0	1.48	1.46		2.39		0.21	0.21		0.00		LOS_A	1	0.03	11.18
1	10800-14400	69-430: Springlake Ave@96.3-291: Caroline Springs Blvd@13.9	430	291	0	0	0	0	0											LOS_A		0.02	11.18
1	10800-14400	69-430: Springlake Ave@96.3-293: Chisholm Dr@13.5	430	293	0	0	0	0	0											LOS_A		0.03	11.18
1	10800-14400	69-430: Springlake Ave@96.3-431: Springlake Ave@15.9	430	431	0	0	0	0	0											LOS_A		0.03	11.18
1	10800-14400	69			962	915	0	33	2	2.53	2.48		1.80	2.38	0.29	0.30		0.04	0.00	LOS_A	1	0.22	61.38
1	10800-14400	70-352: Eucumbene Dr@292.6-111: Christies Rd@15.7	352	111	0	0	0	0	0											LOS_A		0.00	0.00
1	10800-14400	70-647: Christies Rd@1.7-111: Christies Rd@15.7	647	111	596	569	0	21	0	2.65	2.73		0.83		0.04	0.04		0.00		LOS_A	1	0.00	0.00
1	10800-14400	70-647: Christies Rd@1.7-353: Eucumbene Dr@18.2	647	353	48	48	0	0	0	2.68	2.68				0.20	0.20				LOS_A	1	0.00	0.00
1	10800-14400	70-891: Christies Rd@8.6-287: Christies Rd@18.9	891	287	232	189	0	34	3	0.21	0.20		0.25	0.34	0.00	0.00		0.00	0.00	LOS_A	1	0.00	0.00
1	10800-14400	70-891: Christies Rd@8.6-353: Eucumbene Dr@18.2	891	353	8	8	0	0	0	3.92	3.92				0.97	0.97				LOS_A	1	0.02	6.09
1	10800-14400	70			884	814	0	55	3	2.02	2.15		0.48	0.34	0.05	0.05		0.00	0.00	LOS_A	1	0.01	6.09
1	10800-14400	71-111: Christies Rd@84.9-129@9.8	111	129	349	345	0	4	0	0.37	0.37		0.50		0.00	0.00		0.00		LOS_A	1	0.00	0.00
1	10800-14400	71-111: Christies Rd@84.9-282: Christies Rd@12.4	111	282	247	224	0	17	0	0.13	0.13		0.12		0.05	0.05		0.00		LOS_A	1	0.00	0.00
1	10800-14400	71-274: Christies Rd@5.8-112: Christies Rd@20.6	274	112	240	197	0	34	3	0.38	0.40		0.36	0.02	0.00	0.00		0.00	0.00	LOS_A	1	0.31	21.97
1	10800-14400	71-274: Christies Rd@5.8-129@9.8	274	129	34	13	1	20	0	9.79	7.64	4.83	11.43		2.94	2.79	0.00	3.18		LOS_A	1	0.31	21.97
1	10800-14400	71			870	779	1	75	3	0.67	0.43	4.83	3.26	0.02	0.13	0.06	0.00	0.85	0.00	LOS_A	1	0.15	21.97
1	10800-14400	72-126@294.6-280: Christies Rd@41.9	126	280	164	145	0	18	1	8.22	8.10		9.51	2.96	2.37	2.32		2.89	0.00	LOS_A	1	2.24	123.88
1	10800-14400	72-126@294.6-394: Christies Rd@15.7	126	394	40	18	2	11	9	7.94	4.82	33.51	9.52	6.56	1.83	0.76	12.84	1.66	1.75	LOS_A	1	2.24	123.88
1	10800-14400	72-126@294.6-626: Palm Springs Rd@75.1	126	626	59	40	3	8	8	9.71	7.45	23.62	15.37	10.15	3.11	2.42	12.53	3.04	3.09	LOS_A	1	2.24	123.88
1	10800-14400	72-279: Christies Rd@96.9-280: Christies Rd@41.9	279	280	0	0	0	0	0											LOS_A		0.00	0.00
1	10800-14400	72-279: Christies Rd@96.9-394: Christies Rd@15.7	279	394	170	154	0	10	0	1.54	1.43		2.22		0.00	0.00		0.00		LOS_A	1	0.00	0.00
1	10800-14400	72-279: Christies Rd@96.9-626: Palm Springs Rd@75.1	279	626	77	70	0	7	0	2.03	2.03		2.05		0.00	0.00		0.00		LOS_A	1	0.00	0.00
1	10800-14400	72-393: Christies Rd@348.6-280: Christies Rd@41.9	393	280	77	44	1	25	1	5.68	6.08	25.67	4.63	11.24	1.42	1.84	14.07	0.49	1.71	LOS_A	1	0.50	29.70
1	10800-14400	72-393: Christies Rd@348.6-394: Christies Rd@15.7	393	394	0	0	0	0	0											LOS_A		0.50	29.70
1	10800-14400	72-393: Christies Rd@348.6-626: Palm Springs Rd@75.1	393	626	1	1	0	0	0	12.77	12.77				5.94	5.94				LOS_B	2	0.50	29.70
1	10800-14400	72-625: Palm Springs Rd@88.9-280: Christies Rd@41.9	625	280	33	21	0	11	1	4.52	4.17		4.46	12.62	0.43	0.61		0.00	1.33	LOS_A	1	0.07	18.57
1	10800-14400	72-625: Palm Springs Rd@88.9-394: Christies Rd@15.7	625	394	0	0	0	0	0											LOS_A		0.07	18.57
1	10800-14400	72-625: Palm Springs Rd@88.9-626: Palm Springs Rd@75.1	625	626	0	0	0	0	0											LOS_A		0.07	18.57
1	10800-14400	72			621	493	6	90	20	5.24	4.64	27.26	6.67	8.35	1.25	1.11	12.89	1.19	2.18	LOS_A	1	0.70	123.88
1	10800-14400	73-350: Delma Rd@97.2-464: Ballarat Rd  Western Hwy@8.8	350	464	21	19	0	2	0	0.79	0.87		0.09		0.00	0.00		0.00		LOS_A	1	0.01	6.10
1	10800-14400	73-663: Ballarat Rd  Western Hwy@46.8-351: Delma Rd@11.2	663	351	14	14	0	0	0	2.89	2.89				0.00	0.00				LOS_A	1	0.00	0.00
1	10800-14400	73-663: Ballarat Rd  Western Hwy@46.8-464: Ballarat Rd  Western Hwy@8.8	663	464	432	395	0	35	2	0.16	0.13		0.49	0.70	0.00	0.00		0.00	0.00	LOS_A	1	0.00	0.00
1	10800-14400	73			467	428	0	37	2	0.27	0.25		0.47	0.70	0.00	0.00		0.00	0.00	LOS_A	1	0.00	6.10
1	10800-14400	76-911@130.2-404: Hopkins Rd@29.7	911	404	27	27	0	0	0	21.32	21.32				14.77	14.77				LOS_C	3	0.74	19.99
1	10800-14400	76-911@130.2-408: Hopkins Rd@16.0	911	408	32	32	0	0	0	1.54	1.54				0.19	0.19				LOS_A	1	0.03	12.41
1	10800-14400	76-913: Hopkins Rd@4.0-408: Hopkins Rd@16.0	913	408	545	503	3	36	3	6.70	6.80	9.36	5.07	7.11	2.08	2.17	0.00	1.17	0.00	LOS_A	1	2.36	63.50
1	10800-14400	76-913: Hopkins Rd@4.0-912@27.4	913	912	13	13	0	0	0	1.23	1.23				0.00	0.00				LOS_A	1	0.00	0.00
1	10800-14400	76-948: Hopkins Rd@33.1-404: Hopkins Rd@29.7	948	404	341	314	1	24	2	3.66	3.50	22.73	4.46	8.49	0.96	0.95	8.77	0.78	0.00	LOS_A	1	1.78	45.87
1	10800-14400	76-948: Hopkins Rd@33.1-912@27.4	948	912	26	26	0	0	0	32.52	32.52				23.54	23.54				LOS_C	3	1.78	45.87
1	10800-14400	76			984	915	4	60	5	6.49	6.56	12.70	4.83	7.66	2.52	2.63	2.19	1.02	0.00	LOS_A	1	0.98	63.50
1	10800-14400	77-208: Western Fwy@25.5-84: Western Fwy@15.9	208	84	1099	1042	6	22	29	0.63	0.64	0.68	0.44	0.32	0.00	0.00	0.00	0.00	0.00	LOS_A	1	0.00	0.00
1	10800-14400	77-208: Western Fwy@25.5-180@16.3	208	180	258	244	0	13	1	3.80	3.68		5.74	6.56	0.00	0.00		0.00	0.00	LOS_A	1	0.00	0.00
1	10800-14400	77			1357	1286	6	35	30	1.23	1.22	0.68	2.41	0.53	0.00	0.00	0.00	0.00	0.00	LOS_A	1	0.00	0.00
1	10800-14400	78-84: Western Fwy@896.5-203: Western Fwy@19.3	84	203	1099	1042	6	22	29	0.08	0.08	0.31	0.06	0.01	0.00	0.00	0.00	0.00	0.00	LOS_A	1	0.00	0.00
1	10800-14400	78-529@58.8-203: Western Fwy@19.3	529	203	477	448	1	26	0	0.30	0.31	0.03	0.16		0.00	0.00	0.00	0.00		LOS_A	1	0.00	0.00
1	10800-14400	78			1576	1490	7	48	29	0.15	0.15	0.27	0.11	0.01	0.00	0.00	0.00	0.00	0.00	LOS_A	1	0.00	0.00
1	10800-14400	79-184: Western Fwy@928.7-205: Western Fwy@68.7	184	205	691	633	6	29	23	0.17	0.16	0.45	0.11	0.29	0.00	0.00	0.00	0.00	0.00	LOS_A	1	0.00	0.00
1	10800-14400	79-333@86.1-205: Western Fwy@68.7	333	205	114	93	1	18	2	0.75	0.72	0.86	0.90	1.04	0.00	0.00	0.00	0.00	0.00	LOS_A	1	0.00	0.00
1	10800-14400	79			805	726	7	47	25	0.25	0.23	0.51	0.41	0.35	0.00	0.00	0.00	0.00	0.00	LOS_A	1	0.00	0.00
1	10800-14400	80-424: Western Fwy@14.2-184: Western Fwy@85.3	424	184	691	633	6	29	23	0.92	0.94	0.47	1.01	0.53	0.00	0.00	0.00	0.00	0.00	LOS_A	1	0.00	0.00
1	10800-14400	80-424: Western Fwy@14.2-337@9.9	424	337	460	416	3	33	6	5.37	5.09	8.98	8.04	7.54	0.00	0.00	0.00	0.00	0.00	LOS_A	1	0.00	0.00
1	10800-14400	80			1151	1049	9	62	29	2.70	2.58	3.31	4.75	1.98	0.00	0.00	0.00	0.00	0.00	LOS_A	1	0.00	0.00
1	10800-14400	81-532: Western Hwy@54.0-334: Western Hwy@32.2	532	334	1460	1374	7	48	29	0.34	0.35	0.00	0.42	0.03	0.00	0.00	0.00	0.00	0.00	LOS_A	1	0.00	0.00
1	10800-14400	81-532: Western Hwy@54.0-481@38.6	532	481	118	118	0	0	0	4.91	4.91				0.00	0.00				LOS_A	1	0.00	0.00
1	10800-14400	81			1578	1492	7	48	29	0.69	0.71	0.00	0.42	0.03	0.00	0.00	0.00	0.00	0.00	LOS_A	1	0.00	0.00
1	10800-14400	82-334: Western Hwy@654.9-72: Western Hwy@13.0	334	72	1460	1374	7	48	29	0.15	0.16	0.00	0.10	0.00	0.00	0.00	0.00	0.00	0.00	LOS_A	1	0.00	0.00
1	10800-14400	82-482@267.1-72: Western Hwy@13.0	482	72	91	91	0	0	0	0.04	0.04				0.00	0.00				LOS_A	1	0.00	0.00
1	10800-14400	82			1551	1465	7	48	29	0.14	0.15	0.00	0.10	0.00	0.00	0.00	0.00	0.00	0.00	LOS_A	1	0.00	0.00
1	10800-14400	83-313: Western Hwy@39.7-103: Western Hwy@23.4	313	103	1390	1311	7	41	29	0.72	0.73	0.20	0.41	0.68	0.05	0.05	0.00	0.00	0.00	LOS_A	1	0.38	83.03
1	10800-14400	83-313: Western Hwy@39.7-174@14.4	313	174	161	154	0	7	0	3.61	3.49		6.18		0.11	0.11		0.00		LOS_A	1	0.38	83.03
1	10800-14400	83			1551	1465	7	48	29	1.02	1.02	0.20	1.25	0.68	0.06	0.06	0.00	0.00	0.00	LOS_A	1	0.38	83.03
1	10800-14400	84-161@132.7-99: Western Hwy@10.0	161	99	205	189	0	13	1	0.09	0.05		0.52	0.63	0.00	0.00		0.00	0.00	LOS_A	1	0.00	0.00
1	10800-14400	84-187: Western Hwy@838.0-99: Western Hwy@10.0	187	99	1003	905	8	62	28	0.09	0.09	0.00	0.08	0.04	0.00	0.00	0.00	0.00	0.00	LOS_A	1	0.00	0.00
1	10800-14400	84			1208	1094	8	75	29	0.09	0.08	0.00	0.16	0.06	0.00	0.00	0.00	0.00	0.00	LOS_A	1	0.00	0.00
1	10800-14400	85-103: Western Hwy@829.6-89: Western Hwy@49.7	103	89	1389	1310	7	41	29	0.22	0.23	0.09	0.13	0.07	0.00	0.00	0.00	0.00	0.00	LOS_A	1	0.00	0.00
1	10800-14400	85-175@113.1-89: Western Hwy@49.7	175	89	297	286	0	9	2	0.06	0.06		0.06	0.08	0.00	0.00		0.00	0.00	LOS_A	1	0.00	0.00
1	10800-14400	85			1686	1596	7	50	31	0.19	0.20	0.09	0.12	0.08	0.00	0.00	0.00	0.00	0.00	LOS_A	1	0.00	0.00
1	10800-14400	86-323: Western Hwy@20.0-159@12.1	323	159	92	80	1	9	2	1.71	1.22	5.08	4.82	5.64	0.00	0.00	0.00	0.00	0.00	LOS_A	1	0.00	0.00
1	10800-14400	86-323: Western Hwy@20.0-187: Western Hwy@33.1	323	187	1003	905	8	62	28	0.19	0.19	0.29	0.19	0.07	0.00	0.00	0.00	0.00	0.00	LOS_A	1	0.00	0.00
1	10800-14400	86			1095	985	9	71	30	0.31	0.27	0.82	0.77	0.45	0.00	0.00	0.00	0.00	0.00	LOS_A	1	0.00	0.00
1	10800-14400	87-343: Western Hwy@756.9-154: Western Hwy@6.1	343	154	1135	1016	9	78	30	0.08	0.08	0.00	0.09	0.06	0.00	0.00	0.00	0.00	0.00	LOS_A	1	0.00	0.00
1	10800-14400	87-480@343.6-154: Western Hwy@6.1	480	154	55	55	0	0	0	0.00	0.00				0.00	0.00				LOS_A	1	0.00	0.00
1	10800-14400	87			1190	1071	9	78	30	0.07	0.07	0.00	0.09	0.06	0.00	0.00	0.00	0.00	0.00	LOS_A	1	0.00	0.00
1	10800-14400	88-955: Western Fwy@13.7-343: Western Hwy@21.2	955	343	1135	1016	9	78	30	0.12	0.11	0.15	0.15	0.20	0.00	0.00	0.00	0.00	0.00	LOS_A	1	0.00	0.00
1	10800-14400	88-955: Western Fwy@13.7-479@7.3	955	479	0	0	0	0	0											LOS_A		0.00	0.00
1	10800-14400	88			1135	1016	9	78	30	0.12	0.11	0.15	0.15	0.20	0.00	0.00	0.00	0.00	0.00	LOS_A	1	0.00	0.00
1	10800-14400	89-228: Western Fwy@25.8-108@38.1	228	108	99	93	0	4	0	5.00	4.78		8.48		0.05	0.06		0.00		LOS_A	1	0.08	41.46
1	10800-14400	89-228: Western Fwy@25.8-194: Western Fwy@23.2	228	194	1579	1495	7	46	31	0.67	0.68	0.33	0.75	0.23	0.00	0.00	0.00	0.00	0.00	LOS_A	1	0.08	41.46
1	10800-14400	89			1678	1588	7	50	31	0.93	0.92	0.33	1.37	0.23	0.00	0.00	0.00	0.00	0.00	LOS_A	1	0.08	41.46
1	10800-14400	90-104@749.4-417: Western Fwy@11.1	104	417	187	171	2	10	2	0.13	0.13	0.03	0.14	0.17	0.00	0.00	0.00	0.00	0.00	LOS_A	1	0.00	0.00
1	10800-14400	90-196: Western Fwy@1281.0-417: Western Fwy@11.1	196	417	948	845	7	68	28	0.09	0.09	0.00	0.05	0.08	0.00	0.00	0.00	0.00	0.00	LOS_A	1	0.00	0.00
1	10800-14400	90			1135	1016	9	78	30	0.09	0.10	0.01	0.06	0.08	0.00	0.00	0.00	0.00	0.00	LOS_A	1	0.00	0.00
1	10800-14400	91-260: Hopkins Rd@38.0-419@15.1	260	419	299	278	1	19	1	2.41	2.28	4.58	4.14	4.41	0.00	0.00	0.00	0.00	0.00	LOS_A	1	0.00	0.00
1	10800-14400	91-260: Hopkins Rd@38.0-427: Hopkins Rd@14.4	260	427	272	241	0	30	1	0.93	0.98		0.46	1.81	0.00	0.00		0.00	0.00	LOS_A	1	0.00	0.00
1	10800-14400	91-426: Hopkins Rd@77.5-43: Hopkins Rd@14.4	426	43	330	310	1	16	1	0.20	0.18	1.37	0.49	0.03	0.00	0.00	0.00	0.00	0.00	LOS_A	1	0.00	0.00
1	10800-14400	91			901	829	2	65	3	1.15	1.12	2.98	1.54	2.09	0.00	0.00	0.00	0.00	0.00	LOS_A	1	0.00	0.00
1	10800-14400	92-107@313.1-8: Western Fwy@5.3	107	8	483	456	1	25	1	1.89	1.86	0.00	2.65	0.26	0.03	0.03	0.00	0.00	0.00	LOS_A	1	0.44	54.30
1	10800-14400	92-194: Western Fwy@609.6-8: Western Fwy@5.3	194	8	1579	1495	7	46	31	8.51	8.44	17.36	7.91	10.63	0.56	0.57	0.16	0.31	0.75	LOS_A	1	15.39	214.72
1	10800-14400	92			2062	1951	8	71	32	6.96	6.90	15.19	6.06	10.31	0.44	0.44	0.14	0.20	0.73	LOS_A	1	7.91	214.72
1	10800-14400	93-224: Western Fwy@24.6-149@12.9	224	149	160	127	0	31	2	3.82	3.17		6.30	7.18	0.00	0.00		0.00	0.00	LOS_A	1	0.00	0.00
1	10800-14400	93-224: Western Fwy@24.6-196: Western Fwy@9.8	224	196	948	845	7	68	28	0.60	0.60	0.93	0.67	0.19	0.00	0.00	0.00	0.00	0.00	LOS_A	1	0.00	0.00
1	10800-14400	93			1108	972	7	99	30	1.06	0.93	0.93	2.43	0.66	0.00	0.00	0.00	0.00	0.00	LOS_A	1	0.00	0.00
1	10800-14400	94-949: Western Fwy@23.3-136@6.8	949	136	600	578	0	22	0	0.15	0.15		0.14		0.01	0.01		0.00		LOS_A	1	0.04	26.06
1	10800-14400	94-949: Western Fwy@23.3-389: Western Fwy  Deer Park Byp@4.2	949	389	1458	1369	8	49	32	0.27	0.28	0.05	0.09	0.25	0.00	0.00	0.00	0.00	0.00	LOS_A	1	0.04	26.06
1	10800-14400	94			2058	1947	8	71	32	0.23	0.24	0.05	0.10	0.25	0.00	0.00	0.00	0.00	0.00	LOS_A	1	0.04	26.06
1	10800-14400	95-952: Western Hwy@80.5-1039: Western Fwy@10.4	952	1039	313	294	0	18	1	1.47	1.39		2.64	4.53	0.00	0.00		0.00	0.00	LOS_A	1	0.00	0.00
1	10800-14400	95-1038: Western Fwy  Deer Park Byp@73.0-1039: Western Fwy@10.4	1038	1039	795	678	7	81	29	0.64	0.64	1.07	0.67	0.38	0.00	0.00	0.00	0.00	0.00	LOS_A	1	0.00	0.00
1	10800-14400	95			1108	972	7	99	30	0.87	0.87	1.07	1.03	0.51	0.00	0.00	0.00	0.00	0.00	LOS_A	1	0.00	0.00
1	10800-14400	96-125@88.9-147: Western Fwy  Deer Park Byp@16.2	125	147	383	358	1	24	0	0.63	0.66	0.01	0.22		0.00	0.00	0.00	0.00		LOS_A	1	0.00	0.00
1	10800-14400	96-389: Western Fwy  Deer Park Byp@1708.1-147: Western Fwy  Deer Park Byp@16.2	389	147	1458	1369	8	49	32	0.13	0.13	0.03	0.10	0.14	0.00	0.00	0.00	0.00	0.00	LOS_A	1	0.00	0.00
1	10800-14400	96			1841	1727	9	73	32	0.24	0.24	0.03	0.14	0.14	0.00	0.00	0.00	0.00	0.00	LOS_A	1	0.00	0.00
1	10800-14400	97-240: Western Fwy  Deer Park Byp@38.1-126@16.7	240	126	263	203	5	37	18	3.25	2.67	6.13	5.10	5.28	0.00	0.00	0.00	0.00	0.00	LOS_A	1	0.00	0.00
1	10800-14400	97-240: Western Fwy  Deer Park Byp@38.1-189: Western Fwy  Deer Park Byp@17.7	240	189	795	678	7	81	29	0.53	0.53	0.69	0.55	0.55	0.00	0.00	0.00	0.00	0.00	LOS_A	1	0.00	0.00
1	10800-14400	97			1058	881	12	118	47	1.21	1.02	2.96	1.98	2.36	0.00	0.00	0.00	0.00	0.00	LOS_A	1	0.00	0.00
1	10800-14400	98-91: Ballarat Rd  Western Hwy@67.3-362: Ballarat Rd  Western Hwy@13.4	91	362	785	748	0	35	2	0.11	0.11		0.12	0.03	0.00	0.00		0.00	0.00	LOS_A	1	0.00	0.00
1	10800-14400	98-92: Ballarat Rd  Western Hwy@8.7-362: Ballarat Rd  Western Hwy@13.4	92	362	0	0	0	0	0											LOS_A		0.00	0.00
1	10800-14400	98			785	748	0	35	2	0.11	0.11		0.12	0.03	0.00	0.00		0.00	0.00	LOS_A	1	0.00	0.00
1	10800-14400	99-209: Ballarat Rd  Western Hwy@46.4-1: Ballarat Rd  Western Hwy@6.6	209	1	785	748	0	35	2	0.12	0.13		0.12	0.02	0.00	0.00		0.00	0.00	LOS_A	1	0.00	0.00
1	10800-14400	99-209: Ballarat Rd  Western Hwy@46.4-2: Ballarat Rd  Western Hwy@6.5	209	2	0	0	0	0	0											LOS_A		0.00	0.00
1	10800-14400	99			785	748	0	35	2	0.12	0.13		0.12	0.02	0.00	0.00		0.00	0.00	LOS_A	1	0.00	0.00
1	10800-14400	100-1141@18.3-1143@28.5	1141	1143	0	0	0	0	0											LOS_A		0.01	6.01
1	10800-14400	100-1141@18.3-1147@16.5	1141	1147	46	43	0	3	0	0.92	0.85		1.90		0.03	0.03		0.00		LOS_A	1	0.01	6.01
1	10800-14400	100-1141@18.3-1152@26.0	1141	1152	22	22	0	0	0	0.69	0.69				0.00	0.00				LOS_A	1	0.01	6.01
1	10800-14400	100-1141@18.3-1158@25.0	1141	1158	32	30	0	2	0	0.93	0.92		0.96		0.00	0.00		0.00		LOS_A	1	0.01	6.01
1	10800-14400	100-1146@382.0-1143@28.5	1146	1143	18	18	0	0	0	0.34	0.34				0.00	0.00				LOS_A	1	0.02	11.30
1	10800-14400	100-1146@382.0-1147@16.5	1146	1147	0	0	0	0	0											LOS_A		0.03	11.30
1	10800-14400	100-1146@382.0-1152@26.0	1146	1152	39	34	0	5	0	2.06	2.08		1.97		0.04	0.04		0.00		LOS_A	1	0.03	11.30
1	10800-14400	100-1146@382.0-1158@25.0	1146	1158	38	35	0	3	0	1.83	1.89		1.16		0.18	0.20		0.00		LOS_A	1	0.03	11.30
1	10800-14400	100-1159@120.5-1143@28.5	1159	1143	70	69	0	1	0	1.97	1.96		3.00		0.21	0.22		0.00		LOS_A	1	0.08	18.33
1	10800-14400	100-1159@120.5-1147@16.5	1159	1147	124	120	0	4	0	2.62	2.52		5.45		0.14	0.13		0.38		LOS_A	1	0.11	20.97
1	10800-14400	100-1159@120.5-1152@26.0	1159	1152	23	23	0	0	0	1.11	1.11				0.00	0.00				LOS_A	1	0.08	18.33
1	10800-14400	100-1159@120.5-1158@25.0	1159	1158	0	0	0	0	0											LOS_A		0.08	18.33
1	10800-14400	100-1234@184.1-1143@28.5	1234	1143	22	20	0	2	0	2.18	1.96		4.38		0.03	0.04		0.00		LOS_A	1	0.10	22.86
1	10800-14400	100-1234@184.1-1147@16.5	1234	1147	100	94	0	6	0	1.75	1.81		0.68		0.18	0.19		0.00		LOS_A	1	0.10	22.86
1	10800-14400	100-1234@184.1-1152@26.0	1234	1152	0	0	0	0	0											LOS_A		0.10	22.86
1	10800-14400	100-1234@184.1-1158@25.0	1234	1158	19	19	0	0	0	1.98	1.98				0.00	0.00				LOS_A	1	0.07	24.78
1	10800-14400	100			553	527	0	26	0	1.79	1.77		2.25		0.11	0.11		0.06		LOS_A	1	0.05	24.78
1	10800-14400	101-1144@12.5-1140@37.3	1144	1140	0	0	0	0	0											LOS_A		0.00	5.80
1	10800-14400	101-1144@12.5-1168@28.2	1144	1168	12	12	0	0	0	1.08	1.08				0.00	0.00				LOS_A	1	0.00	5.80
1	10800-14400	101-1144@12.5-1170@29.6	1144	1170	45	45	0	0	0	0.41	0.41				0.00	0.00				LOS_A	1	0.00	5.80
1	10800-14400	101-1144@12.5-1171@32.9	1144	1171	53	50	0	3	0	0.74	0.66		2.03		0.00	0.00		0.00		LOS_A	1	0.00	5.80
1	10800-14400	101-1167@141.4-1140@37.3	1167	1140	22	21	0	1	0	1.43	1.41		1.66		0.34	0.36		0.00		LOS_A	1	0.06	13.71
1	10800-14400	101-1167@141.4-1168@28.2	1167	1168	0	0	0	0	0											LOS_A		0.07	13.71
1	10800-14400	101-1167@141.4-1170@29.6	1167	1170	3	3	0	0	0	0.09	0.09				0.00	0.00				LOS_A	1	0.07	13.71
1	10800-14400	101-1167@141.4-1171@32.9	1167	1171	30	27	0	3	0	2.22	2.16		2.75		0.35	0.39		0.00		LOS_A	1	0.07	13.71
1	10800-14400	101-1169@143.9-1140@37.3	1169	1140	58	54	0	4	0	0.64	0.64		0.70		0.00	0.00		0.00		LOS_A	1	0.00	5.78
1	10800-14400	101-1169@143.9-1168@28.2	1169	1168	4	4	0	0	0	0.10	0.10				0.00	0.00				LOS_A	1	0.00	6.13
1	10800-14400	101-1169@143.9-1170@29.6	1169	1170	0	0	0	0	0											LOS_A		0.00	5.78
1	10800-14400	101-1169@143.9-1171@32.9	1169	1171	4	4	0	0	0	1.36	1.36				0.00	0.00				LOS_A	1	0.00	5.78
1	10800-14400	101-1172@137.6-1140@37.3	1172	1140	20	20	0	0	0	0.72	0.72				0.00	0.00				LOS_A	1	0.01	6.11
1	10800-14400	101-1172@137.6-1168@28.2	1172	1168	12	12	0	0	0	0.81	0.81				0.00	0.00				LOS_A	1	0.01	6.11
1	10800-14400	101-1172@137.6-1170@29.6	1172	1170	0	0	0	0	0											LOS_A		0.00	6.11
1	10800-14400	101-1172@137.6-1171@32.9	1172	1171	0	0	0	0	0											LOS_A		0.01	6.11
1	10800-14400	101			263	252	0	11	0	0.90	0.86		1.71		0.07	0.07		0.00		LOS_A	1	0.02	13.71
1	10800-14400	102-1150@427.0-1155@20.3	1150	1155	0	0	0	0	0											LOS_A		0.00	0.00
1	10800-14400	102-1150@427.0-1156@9.2	1150	1156	59	55	0	4	0	0.03	0.04		0.00		0.00	0.00		0.00		LOS_A	1	0.00	0.00
1	10800-14400	102-1154@88.9-1153@11.3	1154	1153	60	56	0	4	0	0.00	0.00		0.00		0.00	0.00		0.00		LOS_A	1	0.00	0.00
1	10800-14400	102-1154@88.9-1155@20.3	1154	1155	26	25	0	1	0	0.93	0.91		1.46		0.00	0.00		0.00		LOS_A	1	0.00	0.00
1	10800-14400	102-1157@97.7-1153@11.3	1157	1153	12	12	0	0	0	0.56	0.56				0.00	0.00				LOS_A	1	0.00	0.00
1	10800-14400	102-1157@97.7-1156@9.2	1157	1156	31	28	0	3	0	0.63	0.65		0.38		0.00	0.00		0.00		LOS_A	1	0.00	0.00
1	10800-14400	102			188	176	0	12	0	0.28	0.28		0.22		0.00	0.00		0.00		LOS_A	1	0.00	0.00
1	10800-14400	103			0	0	0	0	0											LOS_A			
1	10800-14400	104			0	0	0	0	0											LOS_A			
1	10800-14400	105			0	0	0	0	0											LOS_A			
1	10800-14400	106			0	0	0	0	0											LOS_A			
1	10800-14400	107			0	0	0	0	0											LOS_A			
1	10800-14400	108			0	0	0	0	0											LOS_A			
1	10800-14400	109			0	0	0	0	0											LOS_A			
1	10800-14400	113			0	0	0	0	0											LOS_A			
1	10800-14400	114-1081@150.5-1125@21.0	1081	1125	293	282	1	2	4	7.30	7.03	24.46	9.73	10.01	3.50	3.51	10.28	2.19	4.84	LOS_A	1	2.67	63.47
1	10800-14400	114-1081@150.5-1128@12.2	1081	1128	119	107	0	12	0	1.50	1.31		3.26		0.00	0.00		0.01		LOS_A	1	0.00	0.00
1	10800-14400	114-1129@3.3-1130@26.0	1129	1130	113	97	2	5	9	3.48	3.23	5.47	4.69	5.09	0.00	0.00	0.00	0.00	0.00	LOS_A	1	0.01	12.31
1	10800-14400	114-1132@5.3-1125@21.0	1132	1125	76	75	0	1	0	41.32	41.77		7.91		33.64	34.09		0.00		LOS_D	4	3.72	26.66
1	10800-14400	114-1240: Western Fwy@6.0-1128@12.2	1240	1128	65	64	0	1	0	44.86	45.05		33.27		36.43	36.67		21.08		LOS_D	4	4.27	46.33
1	10800-14400	114-1240: Western Fwy@6.0-1130@26.0	1240	1130	129	124	0	0	0	1.32	1.29				0.28	0.29				LOS_A	1	4.27	46.33
1	10800-14400	114			795	749	3	21	13	11.24	11.50	11.80	5.87	6.61	7.53	7.92	3.43	1.22	1.49	LOS_B	2	2.14	63.47
1	10800-14400	115-1092: Western Fwy@41.4-1091@18.2	1092	1091	260	247	0	13	0	2.67	2.58		4.43		0.01	0.01		0.00		LOS_A	1	0.00	0.00
1	10800-14400	115-1092: Western Fwy@41.4-1093: Western Fwy@20.0	1092	1093	828	774	5	28	21	0.49	0.50	0.00	0.64	0.04	0.00	0.00	0.00	0.00	0.00	LOS_A	1	0.00	0.00
1	10800-14400	115			1088	1021	5	41	21	1.01	1.00	0.00	1.84	0.04	0.00	0.00	0.00	0.00	0.00	LOS_A	1	0.00	0.00
1	10800-14400	116-1134: Western Fwy@853.1-1137: Western Fwy@29.6	1134	1137	618	556	5	41	16	0.03	0.04	0.06	0.03	0.00	0.00	0.00	0.00	0.00	0.00	LOS_A	1	0.00	0.00
1	10800-14400	116-1139@39.2-1137: Western Fwy@29.6	1139	1137	184	171	0	13	0	0.37	0.31		1.19		0.00	0.00		0.00		LOS_A	1	0.00	0.00
1	10800-14400	116			802	727	5	54	16	0.11	0.10	0.06	0.31	0.00	0.00	0.00	0.00	0.00	0.00	LOS_A	1	0.00	0.00
1	10800-14400	117-1093: Western Fwy@887.1-1118: Western Fwy@20.0	1093	1118	826	772	5	28	21	0.05	0.05	0.07	0.01	0.00	0.00	0.00	0.00	0.00	0.00	LOS_A	1	0.00	0.00
1	10800-14400	117-1117@115.1-1118: Western Fwy@20.0	1117	1118	531	514	1	7	9	0.54	0.54	0.20	0.99	0.34	0.00	0.00	0.00	0.00	0.00	LOS_A	1	0.00	0.00
1	10800-14400	117			1357	1286	6	35	30	0.24	0.25	0.09	0.21	0.10	0.00	0.00	0.00	0.00	0.00	LOS_A	1	0.00	0.00
1	10800-14400	118-1135: Western Fwy@35.7-1134: Western Fwy@6.5	1135	1134	617	555	5	41	16	0.41	0.41	0.48	0.43	0.25	0.00	0.00	0.00	0.00	0.00	LOS_A	1	0.00	0.00
1	10800-14400	118-1135: Western Fwy@35.7-1136: Western Fwy@4.3	1135	1136	189	172	2	6	9	3.35	3.17	5.64	4.92	5.39	0.00	0.00	0.00	0.00	0.00	LOS_A	1	0.00	0.00
1	10800-14400	118			806	727	7	47	25	1.10	1.06	1.95	1.00	2.10	0.00	0.00	0.00	0.00	0.00	LOS_A	1	0.00	0.00
1	10800-14400	119-1090@228.7-1098@20.0	1090	1098	34	34	0	0	0	47.27	47.27				40.03	40.03				LOS_D	4	2.14	13.58
1	10800-14400	119-1090@228.7-1100@8.0	1090	1100	226	213	0	13	0	1.38	1.24		3.66		0.02	0.02		0.00		LOS_A	1	0.03	13.06
1	10800-14400	119-1114@10.9-1098@20.0	1114	1098	160	154	0	1	0	3.90	4.03		2.35		1.92	1.99		0.00		LOS_A	1	0.51	25.48
1	10800-14400	119-1114@10.9-1116@15.9	1114	1116	291	281	0	5	5	1.29	1.27		1.62	1.68	0.00	0.00		0.00	0.00	LOS_A	1	0.00	0.00
1	10800-14400	119-1237@6.9-1100@8.0	1237	1100	128	123	0	1	0	1.95	1.89		3.96		0.29	0.30		0.00		LOS_A	1	6.46	103.77
1	10800-14400	119-1237@6.9-1116@15.9	1237	1116	240	233	1	2	4	17.03	16.65	84.27	9.97	25.96	8.61	8.33	70.53	1.80	12.40	LOS_B	2	6.46	103.77
1	10800-14400	119			1079	1038	1	22	9	6.72	6.71	84.27	3.72	12.47	3.50	3.52	70.53	0.16	5.51	LOS_A	1	1.83	103.77
1	10800-14400	120-1100@12.7-1099@27.3	1100	1099	218	209	0	7	0	4.39	4.22		9.57		2.19	2.13		4.78		LOS_A	1	5.98	43.03
1	10800-14400	120-1100@12.7-1103@19.5	1100	1103	63	60	0	1	0	1.09	1.01		5.11		0.00	0.00		0.00		LOS_A	1	0.00	0.00
1	10800-14400	120-1100@12.7-1107@21.1	1100	1107	73	67	0	6	0	46.93	45.29		65.26		39.91	38.55		55.03		LOS_D	4	5.98	43.03
1	10800-14400	120-1106@32.8-1099@27.3	1106	1099	0	0	0	0	0											LOS_A		37.74	215.82
1	10800-14400	120-1106@32.8-1103@19.5	1106	1103	0	0	0	0	0											LOS_A		37.74	215.82
1	10800-14400	120-1106@32.8-1112@5.6	1106	1112	225	219	0	4	2	71.35	71.68		74.58	28.61	56.44	56.79		57.63	15.79	LOS_E	5	37.74	215.82
1	10800-14400	120-1184@12.8-1184@46.5	1184	1184	1	1	0	0	0	0.00	0.00				0.00	0.00				LOS_A	1	0.00	0.00
1	10800-14400	120-1186@9.2-1186@61.3	1186	1186	0	0	0	0	0											LOS_A		0.00	0.00
1	10800-14400	120-1189@5.6-1189@50.7	1189	1189	1	0	0	0	0	64.25					62.74					LOS_E	5	0.03	2.60
1	10800-14400	120-1190@11.3-1190@56.8	1190	1190	1	0	0	0	0	109.81					108.32					LOS_F	6	0.13	15.40
1	10800-14400	120-1191@12.4-1191@46.2	1191	1191	2	2	0	0	0	0.00	0.00				0.00	0.00				LOS_A	1	0.00	0.00
1	10800-14400	120-1192@6.0-1192@58.2	1192	1192	0	0	0	0	0											LOS_A		0.00	0.00
1	10800-14400	120-1193@13.6-1193@42.6	1193	1193	0	0	0	0	0											LOS_A		0.00	0.00
1	10800-14400	120-1194@0.7-1194@34.7	1194	1194	0	0	0	0	0											LOS_A		0.00	0.00
1	10800-14400	120-1236@14.1-1103@19.5	1236	1103	0	0	0	0	0											LOS_A		3.95	64.55
1	10800-14400	120-1236@14.1-1107@21.1	1236	1107	40	38	0	2	0	20.80	20.34		29.54		13.99	13.89		15.90		LOS_C	3	3.95	64.55
1	10800-14400	120-1236@14.1-1112@5.6	1236	1112	224	216	0	2	3	15.02	15.38		3.79	10.58	9.52	9.81		0.00	4.23	LOS_B	2	3.95	64.55
1	10800-14400	120-1239@4.2-1099@27.3	1239	1099	3	3	0	0	0	45.25	45.25				38.52	38.52				LOS_D	4	1.52	15.14
1	10800-14400	120-1239@4.2-1107@21.1	1239	1107	0	0	0	0	0											LOS_A		1.52	15.14
1	10800-14400	120-1239@4.2-11576@36.8	1239	11576	2	0	0	0	0	194.71					177.47					LOS_F	6	1.52	15.14
1	10800-14400	120			853	815	0	22	5	29.78	29.33		37.66	17.79	22.77	22.37		28.45	8.86	LOS_C	3	3.80	215.82
1	10800-14400	121			0	0	0	0	0											LOS_A			
1	10800-14400	122			0	0	0	0	0											LOS_A			
1	10800-14400	123			0	0	0	0	0											LOS_A			
1	10800-14400	124-1123@88.6-1122@4.7	1123	1122	16	16	0	0	0	0.35	0.35				0.00	0.00				LOS_A	1	0.00	5.49
1	10800-14400	124-1130@109.7-1122@4.7	1130	1122	242	221	2	5	9	0.43	0.08	0.20	0.08	0.14	0.00	0.00	0.00	0.00	0.00	LOS_A	1	1.08	29.22
1	10800-14400	124-1130@109.7-1180@8.5	1130	1180	0	0	0	0	0											LOS_A		1.08	29.22
1	10800-14400	124			258	237	2	5	9	0.42	0.10	0.20	0.08	0.14	0.00	0.00	0.00	0.00	0.00	LOS_A	1	0.54	29.22
1	10800-14400	125			0	0	0	0	0											LOS_A			
1	10800-14400	244-1156@962.0-1223@12.7	1156	1223	0	0	0	0	0											LOS_A		0.00	0.00
1	10800-14400	244-1156@962.0-1224@15.7	1156	1224	90	83	0	7	0	0.01	0.02		0.00		0.00	0.00		0.00		LOS_A	1	0.00	0.00
1	10800-14400	244-1221@50.0-1224@15.7	1221	1224	0	0	0	0	0											LOS_A		0.00	0.00
1	10800-14400	244-1221@50.0-1225@11.6	1221	1225	0	0	0	0	0											LOS_A		0.00	0.00
1	10800-14400	244-1227@99.3-1223@12.7	1227	1223	0	0	0	0	0											LOS_A		0.00	0.00
1	10800-14400	244-1227@99.3-1225@11.6	1227	1225	86	81	0	5	0	0.02	0.02		0.00		0.00	0.00		0.00		LOS_A	1	0.00	0.00
1	10800-14400	244			176	164	0	12	0	0.02	0.02		0.00		0.00	0.00		0.00		LOS_A	1	0.00	0.00
1	10800-14400	245			0	0	0	0	0											LOS_A			
1	10800-14400	246-1224@100.1-1229@17.2	1224	1229	5	5	0	0	0	0.17	0.17				0.00	0.00				LOS_A	1	0.00	0.00
1	10800-14400	246-1224@100.1-1230@17.9	1224	1230	85	78	0	7	0	0.03	0.03		0.00		0.00	0.00		0.00		LOS_A	1	0.00	0.00
1	10800-14400	246-1228@93.7-1227@14.9	1228	1227	12	12	0	0	0	1.38	1.38				0.08	0.08				LOS_A	1	0.00	5.68
1	10800-14400	246-1228@93.7-1230@17.9	1228	1230	31	30	0	1	0	0.66	0.65		0.79		0.00	0.00		0.00		LOS_A	1	0.00	0.00
1	10800-14400	246-1235@217.9-1227@14.9	1235	1227	74	69	0	5	0	0.00	0.00		0.00		0.00	0.00		0.00		LOS_A	1	0.00	0.00
1	10800-14400	246-1235@217.9-1229@17.2	1235	1229	5	5	0	0	0	0.19	0.19				0.00	0.00				LOS_A	1	0.00	0.00
1	10800-14400	246			212	199	0	13	0	0.19	0.20		0.06		0.00	0.00		0.00		LOS_A	1	0.00	5.68
1	10800-14400	247			0	0	0	0	0											LOS_A			
1	10800-14400	248-1152@193.7-1233@16.5	1152	1233	7	7	0	0	0	0.66	0.66				0.00	0.00				LOS_A	1	0.00	0.00
1	10800-14400	248-1152@193.7-1235@13.8	1152	1235	77	72	0	5	0	0.01	0.01		0.01		0.00	0.00		0.00		LOS_A	1	0.00	0.00
1	10800-14400	248-1230@222.2-1233@16.5	1230	1233	0	0	0	0	0											LOS_A		0.00	0.00
1	10800-14400	248-1230@222.2-1234@16.0	1230	1234	116	108	0	8	0	0.02	0.02		0.00		0.00	0.00		0.00		LOS_A	1	0.00	0.00
1	10800-14400	248-1232@78.7-1234@16.0	1232	1234	25	25	0	0	0	0.19	0.19				0.00	0.00				LOS_A	1	0.00	0.00
1	10800-14400	248-1232@78.7-1235@13.8	1232	1235	2	2	0	0	0	0.15	0.15				0.00	0.00				LOS_A	1	0.00	0.00
1	10800-14400	248			227	214	0	13	0	0.05	0.06		0.01		0.00	0.00		0.00		LOS_A	1	0.00	0.00
1	10800-14400	249			0	0	0	0	0											LOS_A			
1	10800-14400	312-2419@3.3-24810@22.1	2419	24810	403	390	0	10	3	38.18	38.51		26.32	34.61	28.63	29.03		14.82	22.91	LOS_D	4	15.71	146.24
1	10800-14400	312-2420@4.1-2422@13.2	2420	2422	331	290	1	31	9	10.52	10.62	3.96	10.72	7.21	4.89	5.05	0.00	4.63	1.27	LOS_B	2	6.11	139.72
1	10800-14400	312-2475@44.5-2391@3.4	2475	2391	453	404	5	30	14	57.06	57.07	55.98	59.46	52.01	41.55	41.75	39.68	42.11	35.19	LOS_E	5	25.70	164.09
1	10800-14400	312-2475@44.5-2422@13.2	2475	2422	78	70	0	7	1	8.09	7.79		11.15	7.53	1.08	1.18		0.32	0.00	LOS_A	1	0.00	0.00
1	10800-14400	312-2527@16.1-2391@3.4	2527	2391	308	258	1	36	13	27.12	26.81	6.42	26.81	35.67	18.41	18.61	0.00	15.80	23.17	LOS_C	3	6.00	52.83
1	10800-14400	312-2527@16.1-24810@22.1	2527	24810	141	138	0	2	1	9.72	9.57		2.14	44.63	5.88	5.78		0.00	31.51	LOS_A	1	1.38	19.77
1	10800-14400	312			1714	1550	7	116	41	32.13	32.22	41.47	29.54	34.46	22.50	22.80	28.34	18.33	22.09	LOS_C	3	9.15	164.09
1	10800-14400	313-2394@59.8-2414@34.7	2394	2414	615	614	0	1	0	25.96	25.95		32.29		17.43	17.44		15.09		LOS_C	3	16.97	305.71
1	10800-14400	313-2394@59.8-2418@36.3	2394	2418	104	95	0	7	2	43.58	44.48		39.18	15.98	35.62	36.92		27.20	3.67	LOS_D	4	17.73	305.90
1	10800-14400	313-2401@29.1-2389@16.1	2401	2389	288	264	1	14	9	4.32	4.17	1.38	6.29	5.99	0.54	0.53	0.00	0.60	0.67	LOS_A	1	0.03	17.59
1	10800-14400	313-2401@29.1-2418@36.3	2401	2418	630	585	1	34	10	16.23	16.45	17.30	11.16	20.79	8.69	8.89	0.58	4.83	10.95	LOS_B	2	7.35	142.37
1	10800-14400	313-2416@14.9-2389@16.1	2416	2389	80	42	1	26	11	62.74	54.71	47.75	72.78	71.03	49.65	44.41	33.95	57.23	53.14	LOS_E	5	8.51	69.18
1	10800-14400	313-2416@14.9-2414@34.7	2416	2414	681	620	5	40	16	6.97	6.78	1.68	11.08	5.64	2.26	2.08	0.00	5.19	2.85	LOS_A	1	8.51	69.18
1	10800-14400	313			2398	2220	8	122	48	17.40	16.84	9.36	25.49	24.28	10.66	10.23	4.32	17.00	15.68	LOS_B	2	10.12	305.90
1	10800-14400	314-2403@220.3-2402@17.0	2403	2402	0	0	0	0	0											LOS_A		0.00	0.00
1	10800-14400	314-2403@220.3-2424@24.2	2403	2424	0	0	0	0	0											LOS_A		0.00	0.00
1	10800-14400	314-2409@18.3-2410@13.9	2409	2410	37	37	0	0	0	78.65	78.65				72.01	72.01				LOS_E	5	4.59	25.85
1	10800-14400	314-2409@18.3-2424@24.2	2409	2424	1259	1197	5	41	16	2.31	2.34	2.08	2.09	1.12	0.90	0.93	0.00	0.36	0.00	LOS_A	1	4.59	25.85
1	10800-14400	314-2413@40.6-2402@17.0	2413	2402	918	849	2	48	19	4.31	4.27	1.62	4.02	6.99	1.43	1.45	0.00	1.09	1.67	LOS_A	1	2.45	96.86
1	10800-14400	314-2413@40.6-2410@13.9	2413	2410	4	4	0	0	0	2.05	2.05				0.00	0.00				LOS_A	1	0.00	0.00
1	10800-14400	314-2517@5.7-2517@54.4	2517	2517	0	0	0	0	0											LOS_A		0.00	0.00
1	10800-14400	314			2218	2087	7	89	35	4.41	4.48	1.95	3.13	4.31	2.30	2.40	0.00	0.75	0.91	LOS_A	1	1.17	96.86
1	10800-14400	315-2424@32.6-2426@30.8	2424	2426	1142	1085	4	38	15	7.57	7.55	2.85	9.00	7.06	4.82	4.86	0.00	4.82	3.46	LOS_A	1	9.34	121.69
1	10800-14400	315-2424@32.6-2434@37.0	2424	2434	37	34	1	1	1	64.52	64.22	96.95	16.80	89.85	57.87	57.80	87.50	7.57	81.10	LOS_E	5	9.34	121.69
1	10800-14400	315-2424@32.6-2439@33.6	2424	2439	80	78	0	2	0	6.09	6.20		1.47		4.03	4.14		0.00		LOS_A	1	9.34	121.69
1	10800-14400	315-2430@18.6-2413@31.6	2430	2413	149	127	1	14	7	5.61	4.89	2.33	6.45	17.30	1.45	1.07	0.00	1.85	7.77	LOS_A	1	1.12	56.27
1	10800-14400	315-2430@18.6-2426@30.8	2430	2426	18	15	0	3	0	45.59	43.26		57.23		38.75	37.43		45.35		LOS_D	4	1.39	29.29
1	10800-14400	315-2430@18.6-2439@33.6	2430	2439	8	7	0	0	1	41.07	46.40			3.77	32.69	37.36			0.00	LOS_D	4	1.39	29.29
1	10800-14400	315-2438@12.4-2413@31.6	2438	2413	24	24	0	0	0	45.53	45.53				38.48	38.48				LOS_D	4	2.74	20.38
1	10800-14400	315-2438@12.4-2426@30.8	2438	2426	15	13	0	2	0	57.70	59.04		49.00		49.26	50.65		40.24		LOS_E	5	2.74	20.38
1	10800-14400	315-2438@12.4-2434@37.0	2438	2434	8	8	0	0	0	42.59	42.59				35.34	35.34				LOS_D	4	2.74	20.38
1	10800-14400	315-2442@2.5-2413@31.6	2442	2413	749	702	1	34	12	10.51	10.53	5.99	8.70	15.07	6.28	6.37	0.00	3.94	8.15	LOS_B	2	6.01	110.35
1	10800-14400	315-2442@2.5-2434@37.0	2442	2434	14	13	0	1	0	0.93	0.81		2.47		0.00	0.00		0.00		LOS_A	1	6.01	110.35
1	10800-14400	315-2442@2.5-2439@33.6	2442	2439	13	11	0	2	0	66.51	65.61		71.49		58.59	57.93		62.23		LOS_E	5	6.01	110.35
1	10800-14400	315			2257	2117	7	97	36	10.88	10.76	16.66	11.99	13.93	7.33	7.32	12.50	7.13	7.92	LOS_B	2	4.12	121.69
1	10800-14400	316			0	0	0	0	0											LOS_A			
1	10800-14400	317			0	0	0	0	0											LOS_A			
1	10800-14400	318			0	0	0	0	0											LOS_A			
1	10800-14400	319			0	0	0	0	0											LOS_A			
1	10800-14400	320			0	0	0	0	0											LOS_A			
1	10800-14400	322-2388@109.5-2387: Western Fwy  Deer Park Byp@24.8	2388	2387	368	306	2	40	20	0.31	0.26	0.96	0.63	0.23	0.00	0.00	0.00	0.00	0.00	LOS_A	1	0.00	0.00
1	10800-14400	322-2397: Western Fwy  Deer Park Byp@856.0-2387: Western Fwy  Deer Park Byp@24.8	2397	2387	690	575	10	78	27	0.05	0.04	0.50	0.07	0.13	0.00	0.00	0.00	0.00	0.00	LOS_A	1	0.00	0.00
1	10800-14400	322			1058	881	12	118	47	0.14	0.12	0.58	0.26	0.17	0.00	0.00	0.00	0.00	0.00	LOS_A	1	0.00	0.00
1	10800-14400	323-2479: Western Fwy  Deer Park Byp@45.2-2477@22.4	2479	2477	531	474	5	37	15	2.51	2.28	5.04	4.36	4.45	0.02	0.03	0.00	0.00	0.00	LOS_A	1	0.00	0.00
1	10800-14400	323-2479: Western Fwy  Deer Park Byp@45.2-2478: Western Fwy  Deer Park Byp@23.8	2479	2478	1312	1255	4	36	17	0.43	0.42	0.99	0.61	0.37	0.00	0.00	0.00	0.00	0.00	LOS_A	1	0.00	0.00
1	10800-14400	323			1843	1729	9	73	32	1.03	0.93	3.24	2.51	2.28	0.01	0.01	0.00	0.00	0.00	LOS_A	1	0.00	0.00
1	10800-14400	324-2478: Western Fwy  Deer Park Byp@815.7-2483: Western Fwy  Deer Park Byp@32.3	2478	2483	1311	1254	4	36	17	0.49	0.49	0.26	0.50	0.39	0.00	0.00	0.00	0.00	0.00	LOS_A	1	0.00	0.00
1	10800-14400	324-2485@71.7-2483: Western Fwy  Deer Park Byp@32.3	2485	2483	544	528	0	12	4	6.72	6.76		6.02	3.43	0.04	0.04		0.00	0.00	LOS_A	1	0.00	0.00
1	10800-14400	324			1855	1782	4	48	21	2.32	2.35	0.26	1.88	0.97	0.01	0.01	0.00	0.00	0.00	LOS_A	1	0.00	0.00
1	10800-14400	325-2398: Western Fwy  Deer Park Byp@30.6-2385@22.8	2398	2385	719	709	0	8	2	3.16	3.14		4.84	5.78	0.01	0.01		0.00	0.00	LOS_A	1	0.01	11.46
1	10800-14400	325-2398: Western Fwy  Deer Park Byp@30.6-2397: Western Fwy  Deer Park Byp@22.6	2398	2397	690	575	10	78	27	0.50	0.48	0.71	0.61	0.44	0.00	0.00	0.00	0.00	0.00	LOS_A	1	0.01	11.46
1	10800-14400	325			1409	1284	10	86	29	1.86	1.95	0.71	1.01	0.81	0.01	0.01	0.00	0.00	0.00	LOS_A	1	0.01	11.46
1	10800-14400	326-2502: Western Fwy  Deer Park Byp@2131.3-2513: Western Fwy  Deer Park Byp@18.8	2502	2513	791	715	6	51	19	0.09	0.09	0.08	0.10	0.13	0.00	0.00	0.00	0.00	0.00	LOS_A	1	0.00	0.00
1	10800-14400	326-2514: Western Fwy  Deer Park Byp@123.8-2513: Western Fwy  Deer Park Byp@18.8	2514	2513	618	569	4	35	10	0.67	0.64	0.79	1.06	1.14	0.00	0.00	0.00	0.00	0.00	LOS_A	1	0.00	0.00
1	10800-14400	326			1409	1284	10	86	29	0.34	0.33	0.36	0.49	0.48	0.00	0.00	0.00	0.00	0.00	LOS_A	1	0.00	0.00
1	10800-14400	327-2505: Western Fwy  Deer Park Byp@33.7-2506: Western Fwy  Deer Park Byp@21.2	2505	2506	1234	1165	4	45	20	0.26	0.26	0.14	0.28	0.24	0.00	0.00	0.00	0.00	0.00	LOS_A	1	0.00	0.00
1	10800-14400	327-2505: Western Fwy  Deer Park Byp@33.7-2508: Western Fwy  Deer Park Byp@13.2	2505	2508	621	617	0	3	1	1.67	1.65		3.97	4.46	0.01	0.01		0.00	0.00	LOS_A	1	0.00	0.00
1	10800-14400	327			1855	1782	4	48	21	0.73	0.74	0.14	0.51	0.44	0.00	0.00	0.00	0.00	0.00	LOS_A	1	0.00	0.00
1	14400-18000	43-28: Troups Rd N@6.9-13: Western Hwy@23.8	28	13	125	125	0	0	0	0.19	0.19				0.00	0.00				LOS_A	1	0.01	15.32
1	14400-18000	43-609: Western Hwy@95.9-13: Western Hwy@23.8	609	13	1116	1009	9	67	31	0.76	0.72	1.21	1.25	1.11	0.00	0.00	0.00	0.00	0.00	LOS_A	1	0.00	0.00
1	14400-18000	43-609: Western Hwy@95.9-27: Troups Rd N@5.6	609	27	72	63	0	6	1	1.81	1.54		3.74	4.49	0.00	0.00		0.00	0.00	LOS_A	1	0.00	0.00
1	14400-18000	43-944: Western Hwy@45.8-73: Western Hwy@23.3	944	73	1622	1514	15	64	27	0.10	0.10	0.27	0.08	0.10	0.00	0.00	0.00	0.00	0.00	LOS_A	1	0.00	0.00
1	14400-18000	43			2935	2711	24	137	59	0.40	0.36	0.62	0.81	0.70	0.00	0.00	0.00	0.00	0.00	LOS_A	1	0.00	15.32
1	14400-18000	44-15@3.2-243: Ferris Rd  Melton Hwy@24.7	15	243	396	375	0	18	1	23.15	23.13		21.50	49.74	15.12	15.27		11.49	36.13	LOS_C	3	8.55	54.17
1	14400-18000	44-421: Ferris Rd@65.5-20@13.7	421	20	53	48	0	5	0	1.68	1.52		3.23		0.00	0.00		0.00		LOS_A	1	0.00	0.00
1	14400-18000	44-421: Ferris Rd@65.5-243: Ferris Rd  Melton Hwy@24.7	421	243	350	333	0	12	5	23.78	23.74		22.01	30.75	14.42	14.55		10.89	14.88	LOS_C	3	8.50	76.14
1	14400-18000	44-682@3.6-420: Ferris Rd@19.2	682	420	139	127	0	8	4	0.20	0.20		0.15	0.14	0.00	0.00		0.00	0.00	LOS_A	1	0.82	40.44
1	14400-18000	44-10393@15.0-19@37.7	10393	19	130	126	0	3	1	46.28	45.68		61.18	77.39	36.53	36.16		45.20	57.62	LOS_D	4	11.51	69.04
1	14400-18000	44-10393@15.0-420: Ferris Rd@19.2	10393	420	197	181	1	14	1	13.07	12.88	14.52	16.36	0.00	6.15	6.42	0.00	3.57	0.00	LOS_B	2	11.51	69.04
1	14400-18000	44			1265	1190	1	60	12	20.71	20.81	14.52	18.02	23.45	13.44	13.69	0.00	8.72	14.01	LOS_C	3	5.87	76.14
1	14400-18000	45-499: Zone connector@162.8-95: Melton Hwy@35.1	499	95	16	16	0	0	0	53.42	53.42				45.89	45.89				LOS_D	4	1.23	25.53
1	14400-18000	45-499: Zone connector@162.8-307: Melton Hwy@9.5	499	307	9	9	0	0	0	1.50	1.50				0.02	0.02				LOS_A	1	0.00	0.00
1	14400-18000	45-677: Melton Hwy@21.4-307: Melton Hwy@9.5	677	307	420	390	3	23	4	4.83	4.93	2.26	4.43	0.00	2.57	2.63	0.00	2.20	0.00	LOS_A	1	1.51	53.65
1	14400-18000	45-677: Melton Hwy@21.4-500: Zone connector@16.0	677	500	15	15	0	0	0	1.15	1.15				0.00	0.00				LOS_A	1	0.00	0.00
1	14400-18000	45-680: Melton Hwy@11.3-95: Melton Hwy@35.1	680	95	463	443	0	18	2	0.88	0.87		1.21	0.00	0.23	0.21		0.54	0.00	LOS_A	1	4.51	32.09
1	14400-18000	45-680: Melton Hwy@11.3-363: Gateway Dr@7.0	680	363	0	0	0	0	0											LOS_A		0.00	0.00
1	14400-18000	45-680: Melton Hwy@11.3-500: Zone connector@16.0	680	500	44	43	0	1	0	65.08	66.04		23.87		55.96	57.02		10.49		LOS_E	5	4.51	32.09
1	14400-18000	45-681: Gateway Dr@258.9-95: Melton Hwy@35.1	681	95	0	0	0	0	0											LOS_A		0.00	0.00
1	14400-18000	45			967	916	3	42	6	6.40	6.59	2.26	3.51	0.00	4.53	4.70	0.00	1.68	0.00	LOS_A	1	1.04	53.65
1	14400-18000	46-12: Hopkins Rd@73.6-44: Hopkins Rd@23.1	12	44	475	445	0	25	5	5.71	5.57		7.15	10.73	0.47	0.49		0.25	0.29	LOS_A	1	1.83	50.35
1	14400-18000	46-12: Hopkins Rd@73.6-104@37.0	12	104	115	110	0	4	1	3.23	3.29		0.51	7.69	0.15	0.15		0.00	0.00	LOS_A	1	0.96	50.35
1	14400-18000	46-12: Hopkins Rd@73.6-428@34.4	12	428	17	17	0	0	0	4.11	4.11				0.50	0.50				LOS_A	1	1.83	50.35
1	14400-18000	46-12: Hopkins Rd@73.6-1243: Hopkins Rd@4.3	12	1243	0	0	0	0	0											LOS_A		1.83	50.35
1	14400-18000	46-255: Hopkins Rd@17.0-44: Hopkins Rd@23.1	255	44	0	0	0	0	0											LOS_A		0.05	15.17
1	14400-18000	46-255: Hopkins Rd@17.0-104@37.0	255	104	92	85	0	5	0	1.45	1.30		2.97		0.02	0.01		0.19		LOS_A	1	0.05	15.17
1	14400-18000	46-255: Hopkins Rd@17.0-428@34.4	255	428	17	17	0	0	0	0.86	0.86				0.00	0.00				LOS_A	1	0.05	15.17
1	14400-18000	46-255: Hopkins Rd@17.0-1243: Hopkins Rd@4.3	255	1243	202	187	0	13	2	1.19	1.22		0.87	0.00	0.04	0.04		0.00	0.00	LOS_A	1	0.05	15.17
1	14400-18000	46-257@11.2-44: Hopkins Rd@23.1	257	44	38	30	0	6	2	5.11	3.45		12.12	9.03	1.29	0.53		5.50	0.00	LOS_A	1	0.18	18.42
1	14400-18000	46-257@11.2-104@37.0	257	104	0	0	0	0	0											LOS_A		0.18	18.42
1	14400-18000	46-257@11.2-428@34.4	257	428	0	0	0	0	0											LOS_A		0.18	18.42
1	14400-18000	46-257@11.2-1243: Hopkins Rd@4.3	257	1243	82	73	0	9	0	4.99	4.89		5.80		1.65	1.83		0.24		LOS_A	1	0.29	18.42
1	14400-18000	46-429@91.6-44: Hopkins Rd@23.1	429	44	64	64	0	0	0	3.90	3.90				0.85	0.85				LOS_A	1	0.19	24.78
1	14400-18000	46-429@91.6-104@37.0	429	104	18	18	0	0	0	3.16	3.16				0.86	0.86				LOS_A	1	0.19	24.78
1	14400-18000	46-429@91.6-428@34.4	429	428	0	0	0	0	0											LOS_A		0.19	24.78
1	14400-18000	46-429@91.6-1243: Hopkins Rd@4.3	429	1243	20	20	0	0	0	3.61	3.61				0.92	0.92				LOS_A	1	0.19	24.78
1	14400-18000	46			1140	1066	0	62	10	3.97	3.85		5.35	7.94	0.47	0.46		0.68	0.14	LOS_A	1	0.42	50.35
1	14400-18000	47-4: Caroline Springs Blvd@6.8-212: Caroline Springs Blvd@4.6	4	212	726	705	0	15	2	59.33	58.94		74.64	129.54	43.13	42.85		54.86	109.47	LOS_F	6	99.37	290.22
1	14400-18000	47-4: Caroline Springs Blvd@6.8-446@6.0	4	446	0	0	0	0	0											LOS_A		87.70	266.05
1	14400-18000	47-447@32.5-212: Caroline Springs Blvd@4.6	447	212	0	0	0	0	0											LOS_A		0.00	0.00
1	14400-18000	47-887: Caroline Springs Blvd@16.4-212: Caroline Springs Blvd@4.6	887	212	1	0	0	1	0	12.41			12.41		0.38			0.38		LOS_B	2	0.01	9.33
1	14400-18000	47-887: Caroline Springs Blvd@16.4-448@12.1	887	448	352	330	0	17	1	0.21	0.19		0.30	0.02	0.00	0.00		0.00	0.00	LOS_A	1	0.00	0.00
1	14400-18000	47			1079	1035	0	33	3	40.00	40.21		34.45	86.37	29.02	29.19		24.95	72.98	LOS_E	5	37.42	290.22
1	14400-18000	48-67: Meskos Rd@199.5-12: Hopkins Rd@2.0	67	12	4	4	0	0	0	0.14	0.14				0.00	0.00				LOS_A	1	0.00	0.00
1	14400-18000	48-67: Meskos Rd@199.5-252: Hopkins Rd@3.1	67	252	0	0	0	0	0											LOS_A		0.00	0.00
1	14400-18000	48-251: Hopkins Rd@11.8-12: Hopkins Rd@2.0	251	12	603	568	0	29	6	0.08	0.07		0.27	0.24	0.00	0.00		0.00	0.00	LOS_A	1	0.00	0.00
1	14400-18000	48-251: Hopkins Rd@11.8-66: Meskos Rd@6.0	251	66	0	0	0	0	0											LOS_A		0.00	0.00
1	14400-18000	48-1243: Hopkins Rd@76.3-66: Meskos Rd@6.0	1243	66	1	1	0	0	0	0.26	0.26				0.00	0.00				LOS_A	1	0.00	0.00
1	14400-18000	48-1243: Hopkins Rd@76.3-252: Hopkins Rd@3.1	1243	252	303	279	0	22	2	0.10	0.10		0.12	0.09	0.00	0.00		0.00	0.00	LOS_A	1	0.00	0.00
1	14400-18000	48			911	852	0	51	8	0.09	0.08		0.21	0.20	0.00	0.00		0.00	0.00	LOS_A	1	0.00	0.00
1	14400-18000	49-351: Delma Rd@85.2-352: Eucumbene Dr@37.8	351	352	0	0	0	0	0											LOS_A		0.00	0.00
1	14400-18000	49-351: Delma Rd@85.2-506: Zone connector@80.7	351	506	5	5	0	0	0	0.11	0.11				0.00	0.00				LOS_A	1	0.00	0.00
1	14400-18000	49-353: Eucumbene Dr@275.9-350: Delma Rd@23.2	353	350	0	0	0	0	0											LOS_A		0.00	0.00
1	14400-18000	49-353: Eucumbene Dr@275.9-506: Zone connector@80.7	353	506	52	52	0	0	0	0.00	0.00				0.00	0.00				LOS_A	1	0.00	0.00
1	14400-18000	49-505: Zone connector@77.8-350: Delma Rd@23.2	505	350	1	0	0	1	0	0.11			0.11		0.00			0.00		LOS_A	1	0.00	0.00
1	14400-18000	49-505: Zone connector@77.8-352: Eucumbene Dr@37.8	505	352	0	0	0	0	0											LOS_A		0.00	0.00
1	14400-18000	49			58	57	0	1	0	0.01	0.01		0.11		0.00	0.00		0.00		LOS_A	1	0.00	0.00
1	14400-18000	50-115: Western Hwy@22.9-209: Ballarat Rd  Western Hwy@28.7	115	209	431	420	0	9	2	31.14	31.33		29.10	0.00	23.58	23.83		17.15	0.00	LOS_C	3	13.49	127.07
1	14400-18000	50-115: Western Hwy@22.9-283: Christies Rd@7.9	115	283	49	45	0	4	0	57.12	59.40		31.47		48.11	50.63		19.77		LOS_E	5	13.49	127.07
1	14400-18000	50-461: Ballarat Rd  Western Hwy@7.1-114: Western Hwy@17.3	461	114	252	243	0	9	0	27.79	28.17		17.51		22.04	22.37		13.03		LOS_C	3	13.92	68.05
1	14400-18000	50-461: Ballarat Rd  Western Hwy@7.1-215: Caroline Springs Blvd@5.8	461	215	143	140	0	2	1	83.97	84.39		39.69	114.02	72.17	72.67		24.39	98.40	LOS_F	6	13.92	68.05
1	14400-18000	50-648: Christies Rd@37.8-114: Western Hwy@17.3	648	114	19	13	0	4	2	36.50	32.71		37.22	59.72	30.93	28.11		30.60	49.92	LOS_D	4	12.16	109.40
1	14400-18000	50-648: Christies Rd@37.8-209: Ballarat Rd  Western Hwy@28.7	648	209	40	29	0	9	2	76.17	83.94		56.37	52.64	64.97	73.94		42.23	37.22	LOS_E	5	12.16	109.40
1	14400-18000	50-648: Christies Rd@37.8-215: Caroline Springs Blvd@5.8	648	215	167	147	0	16	0	53.50	56.34		24.09		44.11	47.21		14.74		LOS_D	4	12.16	109.40
1	14400-18000	50-649@8.2-283: Christies Rd@7.9	649	283	60	47	0	13	0	4.46	3.05		9.54		1.47	0.87		3.66		LOS_A	1	0.28	32.35
1	14400-18000	50-651@22.8-215: Caroline Springs Blvd@5.8	651	215	43	43	0	0	0	0.57	0.57				0.00	0.00				LOS_A	1	0.00	0.00
1	14400-18000	50-652: Caroline Springs Blvd@21.4-114: Western Hwy@17.3	652	114	36	31	0	5	0	120.71	117.65		139.67		107.19	104.37		124.66		LOS_F	6	40.66	109.90
1	14400-18000	50-652: Caroline Springs Blvd@21.4-209: Ballarat Rd  Western Hwy@28.7	652	209	293	289	0	4	0	17.87	17.86		18.71		7.43	7.44		6.58		LOS_B	2	12.40	114.77
1	14400-18000	50-652: Caroline Springs Blvd@21.4-283: Christies Rd@7.9	652	283	398	385	0	7	2	86.53	87.43		64.03	10.58	75.97	76.91		55.62	0.00	LOS_F	6	40.66	109.90
1	14400-18000	50			1931	1832	0	82	9	47.76	48.18		36.73	39.99	39.00	39.51		27.13	30.30	LOS_D	4	13.27	127.07
1	14400-18000	51-7: Ballarat Rd  Western Hwy@16.6-10: Ballarat Rd  Western Hwy@18.5	7	10	8	8	0	0	0	75.89	75.89				69.98	69.98				LOS_E	5	1.89	13.11
1	14400-18000	51-7: Ballarat Rd  Western Hwy@16.6-385: Chisholm Dr@11.7	7	385	2	2	0	0	0	66.28	66.28				59.00	59.00				LOS_E	5	1.89	13.11
1	14400-18000	51-7: Ballarat Rd  Western Hwy@16.6-670: Ballarat Rd  Western Hwy@1.4	7	670	11	11	0	0	0	102.16	102.16				84.48	84.48				LOS_F	6	1.89	13.11
1	14400-18000	51-7: Ballarat Rd  Western Hwy@16.6-671: Panamax Rd@7.5	7	671	0	0	0	0	0											LOS_A		1.89	13.11
1	14400-18000	51-347: Panamax Rd@4.8-10: Ballarat Rd  Western Hwy@18.5	347	10	77	72	0	5	0	78.44	76.52		106.06		63.42	61.94		84.61		LOS_E	5	3.97	31.64
1	14400-18000	51-347: Panamax Rd@4.8-385: Chisholm Dr@11.7	347	385	6	5	0	1	0	47.29	37.14		98.03		40.73	31.56		86.60		LOS_D	4	3.97	31.64
1	14400-18000	51-347: Panamax Rd@4.8-670: Ballarat Rd  Western Hwy@1.4	347	670	47	42	0	5	0	2.94	2.78		4.22		0.00	0.00		0.00		LOS_A	1	0.00	0.00
1	14400-18000	51-360: Ballarat Rd  Western Hwy@55.2-10: Ballarat Rd  Western Hwy@18.5	360	10	697	672	0	21	4	16.12	15.90		23.55	13.89	10.28	10.16		14.51	7.37	LOS_B	2	10.99	176.48
1	14400-18000	51-360: Ballarat Rd  Western Hwy@55.2-385: Chisholm Dr@11.7	360	385	33	32	0	1	0	15.17	15.52		4.20		7.95	8.20		0.00		LOS_B	2	10.99	176.48
1	14400-18000	51-360: Ballarat Rd  Western Hwy@55.2-671: Panamax Rd@7.5	360	671	34	34	0	0	0	51.22	51.22				42.62	42.62				LOS_D	4	10.99	176.48
1	14400-18000	51-673: Chisholm Dr@12.9-10: Ballarat Rd  Western Hwy@18.5	673	10	104	101	0	3	0	3.62	3.68		1.43		1.22	1.25		0.00		LOS_A	1	0.66	29.39
1	14400-18000	51-673: Chisholm Dr@12.9-670: Ballarat Rd  Western Hwy@1.4	673	670	27	25	0	2	0	69.50	70.81		53.10		51.64	53.16		32.59		LOS_E	5	2.73	30.08
1	14400-18000	51-673: Chisholm Dr@12.9-671: Panamax Rd@7.5	673	671	14	14	0	0	0	51.55	51.55				37.75	37.75				LOS_D	4	2.73	30.08
1	14400-18000	51-885: Ballarat Rd  Western Hwy@6.9-10: Ballarat Rd  Western Hwy@18.5	885	10	0	0	0	0	0											LOS_A		4.84	56.38
1	14400-18000	51-885: Ballarat Rd  Western Hwy@6.9-385: Chisholm Dr@11.7	885	385	27	27	0	0	0	63.84	63.84				54.19	54.19				LOS_E	5	4.84	56.38
1	14400-18000	51-885: Ballarat Rd  Western Hwy@6.9-670: Ballarat Rd  Western Hwy@1.4	885	670	374	357	0	16	1	13.86	13.87		14.47	0.00	7.86	7.90		7.48	0.00	LOS_B	2	4.84	56.38
1	14400-18000	51-885: Ballarat Rd  Western Hwy@6.9-671: Panamax Rd@7.5	885	671	95	91	0	4	0	16.03	15.60		25.63		7.56	7.47		9.80		LOS_B	2	4.84	56.38
1	14400-18000	51			1556	1493	0	58	5	21.34	21.14		27.46	11.11	14.64	14.54		17.90	5.89	LOS_C	3	3.58	176.48
1	14400-18000	52-198: Melton Hwy@69.6-182@11.5	198	182	192	167	2	17	4	2.55	2.36	5.11	3.70	3.14	0.00	0.00	0.00	0.00	0.00	LOS_A	1	0.00	0.00
1	14400-18000	52-198: Melton Hwy@69.6-308: Ferris Rd  Melton Hwy@20.5	198	308	325	306	1	17	1	0.66	0.67	1.11	0.44	0.73	0.00	0.00	0.00	0.00	0.00	LOS_A	1	0.00	0.00
1	14400-18000	52-339@366.5-200: Melton Hwy@21.7	339	200	201	196	0	5	0	0.26	0.26		0.22		0.00	0.00		0.00		LOS_A	1	0.00	0.00
1	14400-18000	52-339@366.5-308: Ferris Rd  Melton Hwy@20.5	339	308	2	1	0	0	1	23.80	24.93			22.67	13.51	14.43			12.58	LOS_C	3	0.02	5.53
1	14400-18000	52-956: Ferris Rd  Melton Hwy@55.3-182@11.5	956	182	240	228	0	8	4	12.22	12.27		11.31	11.28	2.93	2.98		2.11	1.26	LOS_B	2	5.75	189.90
1	14400-18000	52-956: Ferris Rd  Melton Hwy@55.3-200: Melton Hwy@21.7	956	200	506	480	0	22	2	1.38	1.43		0.37	0.37	0.21	0.22		0.00	0.00	LOS_A	1	2.14	161.06
1	14400-18000	52			1466	1378	3	69	12	3.03	3.02	3.78	2.46	6.82	0.57	0.58	0.00	0.24	1.47	LOS_A	1	1.58	189.90
1	14400-18000	53-899: Melton Hwy@13.5-199: Melton Hwy@15.7	899	199	0	0	0	0	0											LOS_A		0.06	18.32
1	14400-18000	53-899: Melton Hwy@13.5-301: High St@21.5	899	301	18	17	0	1	0	1.21	1.25		0.49		0.03	0.03		0.00		LOS_A	1	0.06	18.32
1	14400-18000	53-899: Melton Hwy@13.5-305: Melton Hwy@15.3	899	305	423	402	0	19	2	1.50	1.50		1.30	2.94	0.07	0.08		0.00	0.00	LOS_A	1	0.06	18.32
1	14400-18000	53-899: Melton Hwy@13.5-376: High St@36.1	899	376	266	257	0	7	0	2.77	2.65		5.85		0.06	0.06		0.00		LOS_A	1	0.06	18.32
1	14400-18000	53-900: High St@7.7-199: Melton Hwy@15.7	900	199	161	147	0	11	1	4.35	4.22		4.03	2.94	0.99	1.02		0.62	0.00	LOS_A	1	0.71	26.46
1	14400-18000	53-900: High St@7.7-301: High St@21.5	900	301	19	19	0	0	0	2.82	2.82				0.18	0.18				LOS_A	1	0.71	26.46
1	14400-18000	53-900: High St@7.7-305: Melton Hwy@15.3	900	305	75	75	0	0	0	8.86	8.86				1.27	1.27				LOS_A	1	0.67	27.74
1	14400-18000	53-900: High St@7.7-376: High St@36.1	900	376	0	0	0	0	0											LOS_A		0.71	26.46
1	14400-18000	53-901: Melton Hwy@7.6-199: Melton Hwy@15.7	901	199	329	299	3	23	4	2.35	2.32	6.35	2.08	2.86	0.10	0.11	0.00	0.05	0.00	LOS_A	1	0.47	56.21
1	14400-18000	53-901: Melton Hwy@7.6-301: High St@21.5	901	301	3	3	0	0	0	2.64	2.64				0.00	0.00				LOS_A	1	0.47	56.21
1	14400-18000	53-901: Melton Hwy@7.6-305: Melton Hwy@15.3	901	305	0	0	0	0	0											LOS_A		0.47	56.21
1	14400-18000	53-901: Melton Hwy@7.6-376: High St@36.1	901	376	97	97	0	0	0	1.91	1.91				0.05	0.05				LOS_A	1	0.47	56.21
1	14400-18000	53-1241: High St@3.1-199: Melton Hwy@15.7	1241	199	27	27	0	0	0	7.48	7.48				2.82	2.82				LOS_A	1	0.27	13.30
1	14400-18000	53-1241: High St@3.1-301: High St@21.5	1241	301	0	0	0	0	0											LOS_A		0.27	13.30
1	14400-18000	53-1241: High St@3.1-305: Melton Hwy@15.3	1241	305	9	9	0	0	0	9.60	9.60				1.93	1.93				LOS_A	1	0.27	13.30
1	14400-18000	53-1241: High St@3.1-376: High St@36.1	1241	376	6	6	0	0	0	9.16	9.16				5.13	5.13				LOS_A	1	0.27	13.30
1	14400-18000	53			1433	1358	3	61	7	2.87	2.85	6.35	2.60	2.89	0.33	0.34	0.00	0.13	0.00	LOS_A	1	0.43	56.21
1	14400-18000	54-526: Ferris Rd@22.5-310@35.3	526	310	15	15	0	0	0	6.16	6.16				1.15	1.15				LOS_A	1	0.04	6.14
1	14400-18000	54-526: Ferris Rd@22.5-421: Ferris Rd@15.4	526	421	0	0	0	0	0											LOS_A		0.00	0.00
1	14400-18000	54-526: Ferris Rd@22.5-525: Ferris Rd@18.9	526	525	321	293	1	22	5	0.08	0.07	1.29	0.25	0.00	0.00	0.00	0.00	0.00	0.00	LOS_A	1	0.00	0.00
1	14400-18000	54-527: Zone connector@58.2-310@35.3	527	310	0	0	0	0	0											LOS_A		0.00	0.00
1	14400-18000	54-527: Zone connector@58.2-421: Ferris Rd@15.4	527	421	382	360	0	17	5	0.19	0.18		0.34	0.26	0.00	0.00		0.00	0.00	LOS_A	1	0.00	0.00
1	14400-18000	54-528@5.7-421: Ferris Rd@15.4	528	421	21	21	0	0	0	2.44	2.44				0.00	0.00				LOS_A	1	0.00	0.00
1	14400-18000	54-528@5.7-525: Ferris Rd@18.9	528	525	0	0	0	0	0											LOS_A		0.00	0.00
1	14400-18000	54			739	689	1	39	10	0.33	0.33	1.29	0.29	0.13	0.02	0.02	0.00	0.00	0.00	LOS_A	1	0.01	6.14
1	14400-18000	55-68: Mount Cottrell Rd@390.9-320: Western Fwy@25.9	68	320	183	177	0	6	0	0.52	0.53		0.40		0.00	0.00		0.00		LOS_A	1	0.00	0.00
1	14400-18000	55-942: Western Hwy@75.8-69: Mount Cottrell Rd@25.4	942	69	34	29	0	1	4	0.52	0.32		0.76	1.92	0.00	0.00		0.00	0.00	LOS_A	1	0.00	0.00
1	14400-18000	55-942: Western Hwy@75.8-320: Western Fwy@25.9	942	320	1232	1126	9	66	29	0.79	0.78	1.23	1.06	0.71	0.00	0.00	0.00	0.00	0.00	LOS_A	1	0.00	0.00
1	14400-18000	55			1449	1332	9	73	33	0.75	0.73	1.23	1.00	0.86	0.00	0.00	0.00	0.00	0.00	LOS_A	1	0.00	0.00
1	14400-18000	56-24: Paynes Rd@384.9-537: Western Hwy@24.0	24	537	36	35	0	1	0	0.19	0.19		0.01		0.00	0.00		0.00		LOS_A	1	0.00	0.00
1	14400-18000	56-536: Western Hwy@83.6-23: Paynes Rd@34.1	536	23	43	41	0	2	0	2.73	2.61		5.12		0.00	0.00		0.00		LOS_A	1	0.00	0.00
1	14400-18000	56-536: Western Hwy@83.6-537: Western Hwy@24.0	536	537	1229	1119	9	66	33	0.94	0.94	0.67	0.96	1.16	0.00	0.00	0.00	0.00	0.00	LOS_A	1	0.00	0.00
1	14400-18000	56			1308	1195	9	69	33	0.98	0.97	0.67	1.07	1.16	0.00	0.00	0.00	0.00	0.00	LOS_A	1	0.00	0.00
1	14400-18000	57-169: Western Hwy@71.3-168: Western Hwy@12.5	169	168	1235	1128	16	59	30	0.10	0.11	0.09	0.10	0.05	0.00	0.00	0.00	0.00	0.00	LOS_A	1	0.00	0.00
1	14400-18000	57-511: Zone connector@97.7-172: Western Hwy@0.2	511	172	0	0	0	0	0											LOS_A		0.00	0.00
1	14400-18000	57-936: Western Hwy@71.3-172: Western Hwy@0.2	936	172	1271	1159	9	68	33	0.06	0.06	0.00	0.03	0.06	0.00	0.00	0.00	0.00	0.00	LOS_A	1	0.00	0.00
1	14400-18000	57-936: Western Hwy@71.3-512: Zone connector@4.0	936	512	0	0	0	0	0											LOS_A		0.00	0.00
1	14400-18000	57			2506	2287	25	127	63	0.08	0.08	0.06	0.06	0.05	0.00	0.00	0.00	0.00	0.00	LOS_A	1	0.00	0.00
1	14400-18000	58-436@136.8-271: Leakes Rd@61.4	436	271	108	99	1	5	3	3.41	3.61	0.41	1.56	0.85	0.89	0.97	0.00	0.00	0.00	LOS_A	1	0.30	28.04
1	14400-18000	58-436@136.8-437: Leakes Rd@45.3	436	437	44	39	0	2	3	8.87	9.20		1.68	9.26	3.53	3.92		0.00	0.89	LOS_A	1	0.07	18.88
1	14400-18000	58-600: Leakes Rd@6.4-273@26.5	600	273	284	274	0	8	2	1.85	1.81		3.01	3.61	0.00	0.00		0.00	0.00	LOS_A	1	0.00	0.00
1	14400-18000	58-600: Leakes Rd@6.4-437: Leakes Rd@45.3	600	437	351	335	0	9	5	1.83	1.82		1.53	3.32	0.00	0.00		0.00	0.00	LOS_A	1	0.00	0.00
1	14400-18000	58-1263: Leakes Rd@41.8-271: Leakes Rd@61.4	1263	271	249	229	0	16	1	0.30	0.30		0.39	0.00	0.00	0.00		0.00	0.00	LOS_A	1	0.85	31.70
1	14400-18000	58-1263: Leakes Rd@41.8-273@26.5	1263	273	128	123	0	4	1	6.78	6.65		7.75	19.39	1.95	1.95		1.42	3.77	LOS_A	1	0.85	31.70
1	14400-18000	58			1164	1099	1	44	15	2.47	2.46	0.41	1.96	4.91	0.43	0.44	0.00	0.13	0.43	LOS_A	1	0.31	31.70
1	14400-18000	59-271: Leakes Rd@243.2-401: Leakes Rd@29.0	271	401	357	328	1	21	4	0.02	0.03	0.00	0.00	0.01	0.00	0.00	0.00	0.00	0.00	LOS_A	1	0.00	0.00
1	14400-18000	59-443@92.7-270: Leakes Rd@21.8	443	270	0	0	0	0	0											LOS_A		0.00	0.00
1	14400-18000	59-443@92.7-442@13.5	443	442	0	0	0	0	0											LOS_A		0.00	0.00
1	14400-18000	59-605: Leakes Rd@50.0-270: Leakes Rd@21.8	605	270	636	609	0	17	7	3.61	3.57		2.74	3.15	0.20	0.21		0.00	0.00	LOS_A	1	0.04	14.22
1	14400-18000	59-605: Leakes Rd@50.0-442@13.5	605	442	0	0	0	0	0											LOS_A		0.04	14.22
1	14400-18000	59			993	937	1	38	11	2.32	2.33	0.00	1.22	2.01	0.13	0.14	0.00	0.00	0.00	LOS_A	1	0.01	14.22
1	14400-18000	60-604: Leakes Rd@15.4-398: Taylors Rd@22.2	604	398	9	9	0	0	0	3.80	3.80				0.14	0.14				LOS_A	1	0.00	0.00
1	14400-18000	60-604: Leakes Rd@15.4-402: Leakes Rd@24.4	604	402	571	547	0	17	7	15.33	15.28		20.14	7.63	6.20	6.26		6.97	0.00	LOS_B	2	7.01	81.62
1	14400-18000	60-606: Leakes Rd@69.8-402: Leakes Rd@24.4	606	402	65	62	0	0	0	4.03	4.13				1.70	1.78				LOS_A	1	0.05	11.26
1	14400-18000	60-607: Taylors Rd@70.4-400: Leakes Rd@76.7	607	400	4	4	0	0	0	52.57	52.57				45.98	45.98				LOS_D	4	0.29	6.32
1	14400-18000	60-938: Leakes Rd@26.8-398: Taylors Rd@22.2	938	398	299	280	0	17	0	13.02	12.41		22.20		6.56	6.33		10.76		LOS_B	2	3.75	46.55
1	14400-18000	60-938: Leakes Rd@26.8-400: Leakes Rd@76.7	938	400	57	48	1	4	4	0.17	0.18	0.00	0.23	0.02	0.00	0.00	0.00	0.00	0.00	LOS_A	1	3.75	46.55
1	14400-18000	60			1005	950	1	38	11	13.10	12.99	0.00	18.97	4.86	5.77	5.78	0.00	7.93	0.00	LOS_B	2	2.22	81.62
1	14400-18000	61-540@22.7-435: Leakes Rd@19.5	540	435	64	64	0	0	0	2.11	2.11				0.24	0.24				LOS_A	1	0.07	11.53
1	14400-18000	61-540@22.7-438: Leakes Rd@14.4	540	438	33	27	0	6	0	3.36	2.22		8.48		0.48	0.15		1.95		LOS_A	1	0.07	12.51
1	14400-18000	61-863: Leakes Rd@86.5-265@27.3	863	265	191	182	0	7	2	14.37	14.08		17.38	31.01	4.15	4.14		4.23	5.36	LOS_B	2	4.54	136.90
1	14400-18000	61-863: Leakes Rd@86.5-435: Leakes Rd@19.5	863	435	204	192	0	4	6	0.35	0.36		0.15	0.31	0.05	0.06		0.00	0.00	LOS_A	1	2.47	117.33
1	14400-18000	61-941: Leakes Rd@8.5-265@27.3	941	265	55	53	0	0	0	2.15	1.97				0.00	0.00				LOS_A	1	0.00	0.00
1	14400-18000	61-941: Leakes Rd@8.5-438: Leakes Rd@14.4	941	438	344	325	0	14	2	0.66	0.64		1.35	0.00	0.00	0.00		0.00	0.00	LOS_A	1	0.00	0.00
1	14400-18000	61			891	843	0	31	10	3.83	3.72		6.20	6.39	0.94	0.93		1.33	1.07	LOS_A	1	1.43	136.90
1	14400-18000	62-267: Ian Cowie Way@65.6-264: Leakes Rd@15.6	267	264	0	0	0	0	0											LOS_A		0.00	0.00
1	14400-18000	62-267: Ian Cowie Way@65.6-434: Leakes Rd@14.9	267	434	10	10	0	0	0	3.57	3.57				0.25	0.25				LOS_A	1	0.01	6.30
1	14400-18000	62-538: Leakes Rd@42.7-264: Leakes Rd@15.6	538	264	264	252	0	4	6	0.05	0.06		0.00	0.03	0.00	0.00		0.00	0.00	LOS_A	1	0.00	0.00
1	14400-18000	62-538: Leakes Rd@42.7-268: Ian Cowie Way@17.3	538	268	4	4	0	0	0	2.24	2.24				0.00	0.00				LOS_A	1	0.00	0.00
1	14400-18000	62-864: Leakes Rd@42.2-268: Ian Cowie Way@17.3	864	268	0	0	0	0	0											LOS_A		0.00	0.00
1	14400-18000	62-864: Leakes Rd@42.2-434: Leakes Rd@14.9	864	434	389	368	0	14	2	0.08	0.08		0.06	0.00	0.00	0.00		0.00	0.00	LOS_A	1	0.00	0.00
1	14400-18000	62			667	634	0	18	8	0.14	0.14		0.04	0.02	0.00	0.00		0.00	0.00	LOS_A	1	0.00	6.30
1	14400-18000	63-374: Westcott Pde@100.7-263: Leakes Rd@9.1	374	263	10	7	0	1	0	11.13	3.38		1.70		4.74	0.73		0.00		LOS_B	2	0.17	14.16
1	14400-18000	63-374: Westcott Pde@100.7-372: Leakes Rd@14.9	374	372	0	0	0	0	0											LOS_A		0.00	0.00
1	14400-18000	63-542: Leakes Rd@34.5-372: Leakes Rd@14.9	542	372	260	248	0	4	6	0.10	0.08		0.00	0.43	0.00	0.00		0.00	0.00	LOS_A	1	0.00	0.00
1	14400-18000	63-542: Leakes Rd@34.5-375: Westcott Pde@26.6	542	375	4	4	0	0	0	3.59	3.59				0.00	0.00				LOS_A	1	0.00	0.00
1	14400-18000	63-543: Leakes Rd@6.7-263: Leakes Rd@9.1	543	263	379	361	0	13	2	0.05	0.05		0.00	0.00	0.00	0.00		0.00	0.00	LOS_A	1	0.00	0.00
1	14400-18000	63-543: Leakes Rd@6.7-375: Westcott Pde@26.6	543	375	0	0	0	0	0											LOS_A		0.00	0.00
1	14400-18000	63			653	620	0	18	8	0.26	0.12		0.09	0.32	0.07	0.01		0.00	0.00	LOS_A	1	0.03	14.16
1	14400-18000	64-484@157.6-78: Western Hwy@14.0	484	78	0	0	0	0	0											LOS_A		0.00	0.00
1	14400-18000	64-484@157.6-324: Western Hwy@20.9	484	324	0	0	0	0	0											LOS_A		0.00	0.00
1	14400-18000	64-943: Western Hwy@38.1-78: Western Hwy@14.0	943	78	1499	1391	15	64	27	0.23	0.22	1.16	0.28	0.22	0.00	0.00	0.00	0.00	0.00	LOS_A	1	0.00	0.00
1	14400-18000	64-943: Western Hwy@38.1-324: Western Hwy@20.9	943	324	0	0	0	0	0											LOS_A		0.00	0.00
1	14400-18000	64-943: Western Hwy@38.1-483@8.4	943	483	0	0	0	0	0											LOS_A		0.00	0.00
1	14400-18000	64-1265: Western Hwy@45.2-78: Western Hwy@14.0	1265	78	119	119	0	0	0	47.60	47.60				20.29	20.29				LOS_E	5	35.72	507.42
1	14400-18000	64-1265: Western Hwy@45.2-324: Western Hwy@20.9	1265	324	1122	1015	9	67	31	7.61	7.72	8.84	6.84	5.16	0.89	0.98	0.01	0.01	0.01	LOS_A	1	31.21	504.73
1	14400-18000	64-1265: Western Hwy@45.2-483@8.4	1265	483	0	0	0	0	0											LOS_A		31.21	504.73
1	14400-18000	64			2740	2525	24	131	58	5.31	5.47	4.04	3.64	2.86	1.25	1.35	0.00	0.01	0.01	LOS_A	1	9.56	507.42
1	14400-18000	65-27: Troups Rd N@8.8-29: Western Hwy@8.5	27	29	34	30	0	3	1	0.45	0.18		0.81	7.31	0.03	0.01		0.00	0.68	LOS_A	1	0.02	18.60
1	14400-18000	65-27: Troups Rd N@8.8-31: Troups Rd N@5.3	27	31	38	33	0	3	0	0.01	0.00		0.00		0.00	0.00		0.00		LOS_A	1	0.00	0.00
1	14400-18000	65-30: Western Hwy@242.6-28: Troups Rd N@3.2	30	28	64	64	0	0	0	0.96	0.96				0.19	0.19				LOS_A	1	0.07	19.05
1	14400-18000	65-30: Western Hwy@242.6-31: Troups Rd N@5.3	30	31	0	0	0	0	0											LOS_A		0.06	19.10
1	14400-18000	65-32: Troups Rd N@98.1-28: Troups Rd N@3.2	32	28	61	61	0	0	0	0.35	0.35				0.00	0.00				LOS_A	1	0.00	0.00
1	14400-18000	65-32: Troups Rd N@98.1-29: Western Hwy@8.5	32	29	0	0	0	0	0											LOS_A		0.00	0.00
1	14400-18000	65			197	188	0	6	1	0.50	0.47		0.40	7.31	0.07	0.07		0.00	0.68	LOS_A	1	0.03	19.10
1	14400-18000	66-33: Neales Rd W@612.0-35: Neales Rd W@48.6	33	35	0	0	0	0	0											LOS_A		0.00	0.00
1	14400-18000	66-33: Neales Rd W@612.0-232: Hopkins Rd@6.4	33	232	0	0	0	0	0											LOS_A		0.00	0.00
1	14400-18000	66-33: Neales Rd W@612.0-910: Melton Hwy@16.5	33	910	0	0	0	0	0											LOS_A		0.00	0.00
1	14400-18000	66-622: Neales Rd W@45.9-34: Neales Rd W@23.0	622	34	11	11	0	0	0	22.05	22.05				15.53	15.53				LOS_C	3	0.29	6.86
1	14400-18000	66-622: Neales Rd W@45.9-232: Hopkins Rd@6.4	622	232	88	78	0	8	0	1.76	1.59		2.79		0.45	0.50		0.00		LOS_A	1	0.00	0.00
1	14400-18000	66-622: Neales Rd W@45.9-910: Melton Hwy@16.5	622	910	0	0	0	0	0											LOS_A		0.29	6.86
1	14400-18000	66-897: Hopkins Rd@12.7-34: Neales Rd W@23.0	897	34	2	2	0	0	0	0.44	0.44				0.00	0.00				LOS_A	1	2.30	48.76
1	14400-18000	66-897: Hopkins Rd@12.7-35: Neales Rd W@48.6	897	35	73	67	0	4	0	25.65	26.09		17.76		16.55	17.35		6.73		LOS_C	3	2.30	48.76
1	14400-18000	66-897: Hopkins Rd@12.7-910: Melton Hwy@16.5	897	910	392	373	0	16	3	1.57	1.59		1.45	0.00	0.41	0.42		0.26	0.00	LOS_A	1	2.30	48.76
1	14400-18000	66-908: Melton Hwy@9.5-34: Neales Rd W@23.0	908	34	0	0	0	0	0											LOS_A		3.48	69.54
1	14400-18000	66-908: Melton Hwy@9.5-35: Neales Rd W@48.6	908	35	2	2	0	0	0	24.10	24.10				11.56	11.56				LOS_C	3	3.48	69.54
1	14400-18000	66-908: Melton Hwy@9.5-232: Hopkins Rd@6.4	908	232	350	326	1	23	0	7.78	7.61	8.55	10.06		3.36	3.36	0.00	3.44		LOS_A	1	3.48	69.54
1	14400-18000	66			918	859	1	51	3	6.16	6.10	8.55	6.82	0.00	3.03	3.08	0.00	2.16	0.00	LOS_A	1	1.21	69.54
1	14400-18000	67-230: Hopkins Rd@28.1-37@43.8	230	37	180	163	1	16	0	14.78	14.35	4.99	19.79		5.30	5.15	0.00	7.11		LOS_B	2	3.58	73.67
1	14400-18000	67-230: Hopkins Rd@28.1-426: Hopkins Rd@4.3	230	426	258	241	0	15	0	3.63	3.61		2.64		0.59	0.63		0.00		LOS_A	1	0.66	42.30
1	14400-18000	67-427: Hopkins Rd@87.2-231: Hopkins Rd@8.3	427	231	320	299	0	18	3	0.27	0.26		0.40	0.00	0.00	0.00		0.00	0.00	LOS_A	1	0.00	0.00
1	14400-18000	67-946@14.4-231: Hopkins Rd@8.3	946	231	147	143	0	2	0	3.59	3.63		2.06		0.93	0.95		0.00		LOS_A	1	0.53	42.86
1	14400-18000	67-946@14.4-426: Hopkins Rd@4.3	946	426	53	48	0	3	2	3.46	3.41		5.91	0.97	0.60	0.59		1.20	0.00	LOS_A	1	0.13	12.16
1	14400-18000	67			958	894	1	54	5	4.59	4.44	4.99	7.14	0.39	1.33	1.29	0.00	2.17	0.00	LOS_A	1	0.98	73.67
1	14400-18000	68-83: Sheahan Rd@168.5-55: Hopkins Rd@3.3	83	55	0	0	0	0	0											LOS_A		0.00	0.00
1	14400-18000	68-83: Sheahan Rd@168.5-251: Hopkins Rd@6.5	83	251	3	3	0	0	0	70.42	70.42				67.75	67.75				LOS_F	6	0.31	6.28
1	14400-18000	68-252: Hopkins Rd@8.4-55: Hopkins Rd@3.3	252	55	302	278	0	22	2	0.02	0.02		0.02	0.07	0.00	0.00		0.00	0.00	LOS_A	1	0.00	0.00
1	14400-18000	68-252: Hopkins Rd@8.4-82: Sheahan Rd@6.2	252	82	1	1	0	0	0	0.02	0.02				0.00	0.00				LOS_A	1	0.00	0.00
1	14400-18000	68-895: Hopkins Rd@30.3-82: Sheahan Rd@6.2	895	82	0	0	0	0	0											LOS_A		0.00	0.00
1	14400-18000	68-895: Hopkins Rd@30.3-251: Hopkins Rd@6.5	895	251	600	565	0	29	6	0.10	0.09		0.22	0.21	0.00	0.00		0.00	0.00	LOS_A	1	0.00	0.00
1	14400-18000	68			906	847	0	51	8	0.30	0.31		0.13	0.17	0.22	0.24		0.00	0.00	LOS_A	1	0.06	6.28
1	14400-18000	69-290: Caroline Springs Blvd@7.8-60: Caroline Springs Blvd@15.2	290	60	0	0	0	0	0											LOS_A		0.01	9.96
1	14400-18000	69-290: Caroline Springs Blvd@7.8-291: Caroline Springs Blvd@13.9	290	291	323	301	0	17	1	0.68	0.67		0.88	0.18	0.00	0.00		0.00	0.00	LOS_A	1	0.01	9.96
1	14400-18000	69-290: Caroline Springs Blvd@7.8-293: Chisholm Dr@13.5	290	293	13	13	0	0	0	0.59	0.59				0.00	0.00				LOS_A	1	0.01	9.96
1	14400-18000	69-290: Caroline Springs Blvd@7.8-431: Springlake Ave@15.9	290	431	16	16	0	0	0	0.83	0.83				0.00	0.00				LOS_A	1	0.01	9.96
1	14400-18000	69-292: Caroline Springs Blvd@169.6-60: Caroline Springs Blvd@15.2	292	60	647	627	0	14	2	35.41	35.29		41.20	31.51	22.38	22.39		29.15	3.60	LOS_E	5	17.75	190.99
1	14400-18000	69-292: Caroline Springs Blvd@169.6-291: Caroline Springs Blvd@13.9	292	291	0	0	0	0	0											LOS_A		17.75	190.99
1	14400-18000	69-292: Caroline Springs Blvd@169.6-293: Chisholm Dr@13.5	292	293	0	0	0	0	0											LOS_A		17.75	190.99
1	14400-18000	69-292: Caroline Springs Blvd@169.6-431: Springlake Ave@15.9	292	431	0	0	0	0	0											LOS_A		17.75	190.99
1	14400-18000	69-294: Chisholm Dr@69.6-60: Caroline Springs Blvd@15.2	294	60	43	42	0	1	0	42.07	42.66		17.18		29.16	29.71		5.86		LOS_E	5	0.90	18.48
1	14400-18000	69-294: Chisholm Dr@69.6-291: Caroline Springs Blvd@13.9	294	291	0	0	0	0	0											LOS_A		0.90	18.48
1	14400-18000	69-294: Chisholm Dr@69.6-293: Chisholm Dr@13.5	294	293	0	0	0	0	0											LOS_A		0.90	18.48
1	14400-18000	69-294: Chisholm Dr@69.6-431: Springlake Ave@15.9	294	431	0	0	0	0	0											LOS_A		0.90	18.48
1	14400-18000	69-430: Springlake Ave@96.3-60: Caroline Springs Blvd@15.2	430	60	36	36	0	0	0	12.19	12.19				7.72	7.72				LOS_B	2	0.03	5.68
1	14400-18000	69-430: Springlake Ave@96.3-291: Caroline Springs Blvd@13.9	430	291	0	0	0	0	0											LOS_A		0.02	5.68
1	14400-18000	69-430: Springlake Ave@96.3-293: Chisholm Dr@13.5	430	293	0	0	0	0	0											LOS_A		0.03	5.68
1	14400-18000	69-430: Springlake Ave@96.3-431: Springlake Ave@15.9	430	431	0	0	0	0	0											LOS_A		0.03	5.68
1	14400-18000	69			1078	1035	0	32	3	23.56	23.75		19.03	21.07	14.85	15.04		12.93	2.40	LOS_C	3	3.74	190.99
1	14400-18000	70-352: Eucumbene Dr@292.6-111: Christies Rd@15.7	352	111	0	0	0	0	0											LOS_A		0.00	0.00
1	14400-18000	70-647: Christies Rd@1.7-111: Christies Rd@15.7	647	111	470	440	0	24	2	2.31	2.40		0.75	1.97	0.15	0.16		0.00	0.00	LOS_A	1	0.00	5.53
1	14400-18000	70-647: Christies Rd@1.7-353: Eucumbene Dr@18.2	647	353	37	37	0	0	0	2.98	2.98				0.34	0.34				LOS_A	1	0.00	5.53
1	14400-18000	70-891: Christies Rd@8.6-287: Christies Rd@18.9	891	287	226	189	0	29	4	0.31	0.27		0.64	0.05	0.00	0.00		0.00	0.00	LOS_A	1	0.00	0.00
1	14400-18000	70-891: Christies Rd@8.6-353: Eucumbene Dr@18.2	891	353	15	15	0	0	0	7.09	7.09				3.07	3.07				LOS_A	1	0.10	12.57
1	14400-18000	70			748	681	0	53	6	1.84	1.95		0.69	0.69	0.17	0.19		0.00	0.00	LOS_A	1	0.03	12.57
1	14400-18000	71-111: Christies Rd@84.9-129@9.8	111	129	314	305	0	7	2	0.52	0.53		0.29	0.38	0.03	0.03		0.00	0.00	LOS_A	1	0.04	24.33
1	14400-18000	71-111: Christies Rd@84.9-282: Christies Rd@12.4	111	282	156	135	0	17	0	0.13	0.15		0.00		0.05	0.05		0.00		LOS_A	1	0.04	24.33
1	14400-18000	71-274: Christies Rd@5.8-112: Christies Rd@20.6	274	112	241	204	0	29	4	0.73	0.77		0.48	0.47	0.00	0.00		0.00	0.00	LOS_A	1	0.14	18.38
1	14400-18000	71-274: Christies Rd@5.8-129@9.8	274	129	55	26	0	25	4	5.73	5.35		6.37	4.21	0.46	0.84		0.14	0.00	LOS_A	1	0.14	18.38
1	14400-18000	71			766	670	0	78	10	0.88	0.71		2.25	1.95	0.05	0.06		0.05	0.00	LOS_A	1	0.09	24.33
1	14400-18000	72-126@294.6-280: Christies Rd@41.9	126	280	174	164	0	10	0	4.01	4.15		1.85		1.01	1.07		0.00		LOS_A	1	0.61	64.60
1	14400-18000	72-126@294.6-394: Christies Rd@15.7	126	394	37	8	2	20	7	5.58	10.43	1.54	3.75	6.40	1.35	3.08	0.00	0.61	1.85	LOS_A	1	0.61	64.60
1	14400-18000	72-126@294.6-626: Palm Springs Rd@75.1	126	626	46	31	1	7	7	4.90	4.31	35.41	6.31	1.76	1.20	0.80	21.79	1.21	0.00	LOS_A	1	0.61	64.60
1	14400-18000	72-279: Christies Rd@96.9-280: Christies Rd@41.9	279	280	0	0	0	0	0											LOS_A		0.03	20.86
1	14400-18000	72-279: Christies Rd@96.9-394: Christies Rd@15.7	279	394	121	102	0	15	0	1.67	1.47		3.05		0.03	0.02		0.08		LOS_A	1	0.03	20.86
1	14400-18000	72-279: Christies Rd@96.9-626: Palm Springs Rd@75.1	279	626	35	33	0	2	0	1.39	1.42		0.86		0.00	0.00		0.00		LOS_A	1	0.03	20.86
1	14400-18000	72-393: Christies Rd@348.6-280: Christies Rd@41.9	393	280	87	44	0	33	6	7.68	6.40		7.92	17.78	2.07	1.97		1.50	7.32	LOS_A	1	0.96	47.69
1	14400-18000	72-393: Christies Rd@348.6-394: Christies Rd@15.7	393	394	0	0	0	0	0											LOS_A		0.96	47.69
1	14400-18000	72-393: Christies Rd@348.6-626: Palm Springs Rd@75.1	393	626	3	3	0	0	0	1.07	1.07				0.00	0.00				LOS_A	1	0.96	47.69
1	14400-18000	72-625: Palm Springs Rd@88.9-280: Christies Rd@41.9	625	280	35	22	0	11	2	7.34	7.91		3.42	22.64	2.35	2.92		0.00	9.00	LOS_A	1	0.37	37.91
1	14400-18000	72-625: Palm Springs Rd@88.9-394: Christies Rd@15.7	625	394	2	2	0	0	0	5.39	5.39				0.00	0.00				LOS_A	1	0.37	37.91
1	14400-18000	72-625: Palm Springs Rd@88.9-626: Palm Springs Rd@75.1	625	626	0	0	0	0	0											LOS_A		0.37	37.91
1	14400-18000	72			540	409	3	98	22	4.30	3.82	12.83	4.94	9.50	1.01	0.92	7.26	0.73	3.40	LOS_A	1	0.49	64.60
1	14400-18000	73-350: Delma Rd@97.2-464: Ballarat Rd  Western Hwy@8.8	350	464	1	0	0	1	0	18.14			18.14		10.00			10.00		LOS_C	3	0.03	9.34
1	14400-18000	73-663: Ballarat Rd  Western Hwy@46.8-351: Delma Rd@11.2	663	351	5	5	0	0	0	2.58	2.58				0.00	0.00				LOS_A	1	0.00	0.00
1	14400-18000	73-663: Ballarat Rd  Western Hwy@46.8-464: Ballarat Rd  Western Hwy@8.8	663	464	454	430	0	23	1	0.06	0.05		0.12	0.00	0.00	0.00		0.00	0.00	LOS_A	1	0.00	0.00
1	14400-18000	73			460	435	0	24	1	0.12	0.08		0.87	0.00	0.02	0.00		0.42	0.00	LOS_A	1	0.01	9.34
1	14400-18000	76-911@130.2-404: Hopkins Rd@29.7	911	404	37	37	0	0	0	28.08	28.08				21.20	21.20				LOS_C	3	1.18	18.86
1	14400-18000	76-911@130.2-408: Hopkins Rd@16.0	911	408	49	49	0	0	0	1.83	1.83				0.20	0.20				LOS_A	1	0.03	5.95
1	14400-18000	76-913: Hopkins Rd@4.0-408: Hopkins Rd@16.0	913	408	552	517	0	29	6	9.08	8.96		10.30	14.15	3.41	3.42		2.81	6.03	LOS_A	1	2.36	58.06
1	14400-18000	76-913: Hopkins Rd@4.0-912@27.4	913	912	13	13	0	0	0	1.31	1.31				0.00	0.00				LOS_A	1	0.00	0.00
1	14400-18000	76-948: Hopkins Rd@33.1-404: Hopkins Rd@29.7	948	404	284	260	0	22	2	3.02	2.87		5.06	0.09	0.93	0.97		0.55	0.00	LOS_A	1	1.40	38.41
1	14400-18000	76-948: Hopkins Rd@33.1-912@27.4	948	912	18	18	0	0	0	37.27	37.27				28.00	28.00				LOS_D	4	1.40	38.41
1	14400-18000	76			953	894	0	51	8	8.07	8.05		8.04	10.63	3.62	3.71		1.84	4.52	LOS_A	1	0.99	58.06
1	14400-18000	77-208: Western Fwy@25.5-84: Western Fwy@15.9	208	84	881	811	14	34	22	0.45	0.46	0.06	0.45	0.19	0.00	0.00	0.00	0.00	0.00	LOS_A	1	0.00	0.00
1	14400-18000	77-208: Western Fwy@25.5-180@16.3	208	180	203	197	0	5	1	3.56	3.50		5.74	5.41	0.00	0.00		0.00	0.00	LOS_A	1	0.00	0.00
1	14400-18000	77			1084	1008	14	39	23	1.03	1.06	0.06	1.13	0.42	0.00	0.00	0.00	0.00	0.00	LOS_A	1	0.00	0.00
1	14400-18000	78-84: Western Fwy@896.5-203: Western Fwy@19.3	84	203	880	810	14	34	22	0.06	0.06	0.00	0.07	0.00	0.00	0.00	0.00	0.00	0.00	LOS_A	1	0.00	0.00
1	14400-18000	78-529@58.8-203: Western Fwy@19.3	529	203	432	395	2	25	8	0.16	0.16	0.14	0.21	0.05	0.00	0.00	0.00	0.00	0.00	LOS_A	1	0.00	0.00
1	14400-18000	78			1312	1205	16	59	30	0.09	0.10	0.02	0.13	0.01	0.00	0.00	0.00	0.00	0.00	LOS_A	1	0.00	0.00
1	14400-18000	79-184: Western Fwy@928.7-205: Western Fwy@68.7	184	205	880	801	9	46	24	0.29	0.28	1.04	0.40	0.25	0.00	0.00	0.00	0.00	0.00	LOS_A	1	0.00	0.00
1	14400-18000	79-333@86.1-205: Western Fwy@68.7	333	205	183	174	0	8	1	0.83	0.81		1.28	0.98	0.00	0.00		0.00	0.00	LOS_A	1	0.00	0.00
1	14400-18000	79			1063	975	9	54	25	0.39	0.38	1.04	0.53	0.28	0.00	0.00	0.00	0.00	0.00	LOS_A	1	0.00	0.00
1	14400-18000	80-424: Western Fwy@14.2-184: Western Fwy@85.3	424	184	880	801	9	46	24	1.54	1.52	2.45	1.87	1.16	0.00	0.00	0.00	0.00	0.00	LOS_A	1	0.00	0.00
1	14400-18000	80-424: Western Fwy@14.2-337@9.9	424	337	535	502	0	26	5	5.06	4.87		7.96	8.57	0.00	0.00		0.00	0.00	LOS_A	1	0.00	0.00
1	14400-18000	80			1415	1303	9	72	29	2.87	2.81	2.45	4.07	2.44	0.00	0.00	0.00	0.00	0.00	LOS_A	1	0.00	0.00
1	14400-18000	81-532: Western Hwy@54.0-334: Western Hwy@32.2	532	334	1202	1095	16	59	30	0.33	0.34	0.03	0.34	0.14	0.00	0.00	0.00	0.00	0.00	LOS_A	1	0.00	0.00
1	14400-18000	81-532: Western Hwy@54.0-481@38.6	532	481	111	111	0	0	0	4.93	4.93				0.00	0.00				LOS_A	1	0.00	0.00
1	14400-18000	81			1313	1206	16	59	30	0.72	0.76	0.03	0.34	0.14	0.00	0.00	0.00	0.00	0.00	LOS_A	1	0.00	0.00
1	14400-18000	82-334: Western Hwy@654.9-72: Western Hwy@13.0	334	72	1202	1095	16	59	30	0.15	0.16	0.06	0.13	0.02	0.00	0.00	0.00	0.00	0.00	LOS_A	1	0.00	0.00
1	14400-18000	82-482@267.1-72: Western Hwy@13.0	482	72	32	32	0	0	0	0.02	0.02				0.00	0.00				LOS_A	1	0.00	0.00
1	14400-18000	82			1234	1127	16	59	30	0.15	0.15	0.06	0.13	0.02	0.00	0.00	0.00	0.00	0.00	LOS_A	1	0.00	0.00
1	14400-18000	83-313: Western Hwy@39.7-103: Western Hwy@23.4	313	103	1084	991	15	52	24	0.40	0.41	0.33	0.41	0.40	0.00	0.00	0.00	0.00	0.00	LOS_A	1	0.00	0.00
1	14400-18000	83-313: Western Hwy@39.7-174@14.4	313	174	152	138	1	7	6	3.59	3.31	7.14	6.07	6.32	0.00	0.00	0.00	0.00	0.00	LOS_A	1	0.00	0.00
1	14400-18000	83			1236	1129	16	59	30	0.80	0.76	0.75	1.08	1.58	0.00	0.00	0.00	0.00	0.00	LOS_A	1	0.00	0.00
1	14400-18000	84-161@132.7-99: Western Hwy@10.0	161	99	246	235	0	7	2	0.06	0.04		0.56	0.48	0.00	0.00		0.00	0.00	LOS_A	1	0.00	0.00
1	14400-18000	84-187: Western Hwy@838.0-99: Western Hwy@10.0	187	99	1025	924	9	61	31	0.09	0.09	0.00	0.08	0.06	0.00	0.00	0.00	0.00	0.00	LOS_A	1	0.00	0.00
1	14400-18000	84			1271	1159	9	68	33	0.08	0.08	0.00	0.13	0.09	0.00	0.00	0.00	0.00	0.00	LOS_A	1	0.00	0.00
1	14400-18000	85-103: Western Hwy@829.6-89: Western Hwy@49.7	103	89	1085	992	15	52	24	0.55	0.54	0.69	0.71	0.35	0.00	0.00	0.00	0.00	0.00	LOS_A	1	0.00	0.00
1	14400-18000	85-175@113.1-89: Western Hwy@49.7	175	89	412	397	0	12	3	0.12	0.12		0.10	0.16	0.00	0.00		0.00	0.00	LOS_A	1	0.00	0.00
1	14400-18000	85			1497	1389	15	64	27	0.43	0.42	0.69	0.59	0.33	0.00	0.00	0.00	0.00	0.00	LOS_A	1	0.00	0.00
1	14400-18000	86-323: Western Hwy@20.0-159@12.1	323	159	97	91	0	6	0	1.60	1.38		4.84		0.00	0.00		0.00		LOS_A	1	0.00	0.00
1	14400-18000	86-323: Western Hwy@20.0-187: Western Hwy@33.1	323	187	1025	924	9	61	31	0.49	0.47	1.31	0.61	0.68	0.00	0.00	0.00	0.00	0.00	LOS_A	1	0.00	0.00
1	14400-18000	86			1122	1015	9	67	31	0.59	0.55	1.31	0.99	0.68	0.00	0.00	0.00	0.00	0.00	LOS_A	1	0.00	0.00
1	14400-18000	87-343: Western Hwy@756.9-154: Western Hwy@6.1	343	154	1149	1033	9	73	32	0.07	0.08	0.07	0.05	0.01	0.00	0.00	0.00	0.00	0.00	LOS_A	1	0.00	0.00
1	14400-18000	87-480@343.6-154: Western Hwy@6.1	480	154	39	39	0	0	0	0.00	0.00				0.00	0.00				LOS_A	1	0.00	0.00
1	14400-18000	87			1188	1072	9	73	32	0.07	0.07	0.07	0.05	0.01	0.00	0.00	0.00	0.00	0.00	LOS_A	1	0.00	0.00
1	14400-18000	88-955: Western Fwy@13.7-343: Western Hwy@21.2	955	343	1149	1033	9	73	32	0.11	0.10	0.19	0.17	0.21	0.00	0.00	0.00	0.00	0.00	LOS_A	1	0.00	0.00
1	14400-18000	88-955: Western Fwy@13.7-479@7.3	955	479	0	0	0	0	0											LOS_A		0.00	0.00
1	14400-18000	88			1149	1033	9	73	32	0.11	0.10	0.19	0.17	0.21	0.00	0.00	0.00	0.00	0.00	LOS_A	1	0.00	0.00
1	14400-18000	89-228: Western Fwy@25.8-108@38.1	228	108	200	191	0	5	2	5.33	5.19		7.99	8.77	0.00	0.00		0.00	0.00	LOS_A	1	0.00	0.00
1	14400-18000	89-228: Western Fwy@25.8-194: Western Fwy@23.2	228	194	1427	1328	15	59	25	0.88	0.87	0.93	0.95	1.30	0.00	0.00	0.00	0.00	0.00	LOS_A	1	0.00	0.00
1	14400-18000	89			1627	1519	15	64	27	1.43	1.42	0.93	1.50	1.86	0.00	0.00	0.00	0.00	0.00	LOS_A	1	0.00	0.00
1	14400-18000	90-104@749.4-417: Western Fwy@11.1	104	417	225	213	0	9	1	0.07	0.07		0.14	0.15	0.00	0.00		0.00	0.00	LOS_A	1	0.00	0.00
1	14400-18000	90-196: Western Fwy@1281.0-417: Western Fwy@11.1	196	417	924	820	9	64	31	0.07	0.07	0.00	0.08	0.08	0.00	0.00	0.00	0.00	0.00	LOS_A	1	0.00	0.00
1	14400-18000	90			1149	1033	9	73	32	0.07	0.07	0.00	0.08	0.09	0.00	0.00	0.00	0.00	0.00	LOS_A	1	0.00	0.00
1	14400-18000	91-260: Hopkins Rd@38.0-419@15.1	260	419	257	240	0	13	4	2.34	2.19		4.30	4.61	0.00	0.00		0.00	0.00	LOS_A	1	0.00	0.00
1	14400-18000	91-260: Hopkins Rd@38.0-427: Hopkins Rd@14.4	260	427	320	299	0	18	3	0.93	0.93		0.97	0.03	0.00	0.00		0.00	0.00	LOS_A	1	0.00	0.00
1	14400-18000	91-426: Hopkins Rd@77.5-43: Hopkins Rd@14.4	426	43	311	289	0	18	2	0.19	0.17		0.42	0.01	0.00	0.00		0.00	0.00	LOS_A	1	0.00	0.00
1	14400-18000	91			888	828	0	49	9	1.08	1.03		1.65	2.06	0.00	0.00		0.00	0.00	LOS_A	1	0.00	0.00
1	14400-18000	92-107@313.1-8: Western Fwy@5.3	107	8	437	403	1	29	4	0.21	0.21	0.00	0.23	0.15	0.00	0.00	0.00	0.00	0.00	LOS_A	1	0.00	0.00
1	14400-18000	92-194: Western Fwy@609.6-8: Western Fwy@5.3	194	8	1425	1326	15	59	25	5.53	5.47	7.37	6.43	5.24	0.17	0.18	0.06	0.07	0.17	LOS_A	1	16.76	422.09
1	14400-18000	92			1862	1729	16	88	29	4.28	4.25	6.91	4.39	4.53	0.13	0.14	0.05	0.05	0.14	LOS_A	1	8.38	422.09
1	14400-18000	93-224: Western Fwy@24.6-149@12.9	224	149	120	103	0	15	2	3.54	3.07		6.29	6.98	0.00	0.00		0.00	0.00	LOS_A	1	0.00	0.00
1	14400-18000	93-224: Western Fwy@24.6-196: Western Fwy@9.8	224	196	924	820	9	64	31	0.42	0.43	0.34	0.25	0.64	0.00	0.00	0.00	0.00	0.00	LOS_A	1	0.00	0.00
1	14400-18000	93			1044	923	9	79	33	0.78	0.72	0.34	1.39	1.03	0.00	0.00	0.00	0.00	0.00	LOS_A	1	0.00	0.00
1	14400-18000	94-949: Western Fwy@23.3-136@6.8	949	136	523	508	0	13	2	0.11	0.11		0.07	0.00	0.00	0.00		0.00	0.00	LOS_A	1	0.01	19.42
1	14400-18000	94-949: Western Fwy@23.3-389: Western Fwy  Deer Park Byp@4.2	949	389	1343	1225	16	75	27	0.55	0.57	0.11	0.52	0.07	0.00	0.00	0.00	0.00	0.00	LOS_A	1	0.01	19.42
1	14400-18000	94			1866	1733	16	88	29	0.43	0.43	0.11	0.45	0.07	0.00	0.00	0.00	0.00	0.00	LOS_A	1	0.01	19.42
1	14400-18000	95-952: Western Hwy@80.5-1039: Western Fwy@10.4	952	1039	307	287	0	18	2	1.12	1.10		1.50	0.00	0.00	0.00		0.00	0.00	LOS_A	1	0.00	0.00
1	14400-18000	95-1038: Western Fwy  Deer Park Byp@73.0-1039: Western Fwy@10.4	1038	1039	737	636	9	61	31	1.17	1.14	2.20	1.22	1.28	0.00	0.00	0.00	0.00	0.00	LOS_A	1	0.00	0.00
1	14400-18000	95			1044	923	9	79	33	1.15	1.13	2.20	1.28	1.20	0.00	0.00	0.00	0.00	0.00	LOS_A	1	0.00	0.00
1	14400-18000	96-125@88.9-147: Western Fwy  Deer Park Byp@16.2	125	147	369	331	0	32	6	0.58	0.63		0.22	0.00	0.00	0.00		0.00	0.00	LOS_A	1	0.00	0.00
1	14400-18000	96-389: Western Fwy  Deer Park Byp@1708.1-147: Western Fwy  Deer Park Byp@16.2	389	147	1343	1225	16	75	27	0.15	0.14	0.03	0.20	0.14	0.00	0.00	0.00	0.00	0.00	LOS_A	1	0.00	0.00
1	14400-18000	96			1712	1556	16	107	33	0.24	0.25	0.03	0.21	0.11	0.00	0.00	0.00	0.00	0.00	LOS_A	1	0.00	0.00
1	14400-18000	97-240: Western Fwy  Deer Park Byp@38.1-126@16.7	240	126	257	203	3	37	14	3.37	2.79	6.10	5.54	5.55	0.00	0.00	0.00	0.03	0.00	LOS_A	1	0.00	0.00
1	14400-18000	97-240: Western Fwy  Deer Park Byp@38.1-189: Western Fwy  Deer Park Byp@17.7	240	189	737	636	9	61	31	0.64	0.65	0.08	0.70	0.46	0.00	0.00	0.00	0.00	0.00	LOS_A	1	0.00	0.00
1	14400-18000	97			994	839	12	98	45	1.35	1.17	1.58	2.53	2.04	0.00	0.00	0.00	0.01	0.00	LOS_A	1	0.00	0.00
1	14400-18000	98-91: Ballarat Rd  Western Hwy@67.3-362: Ballarat Rd  Western Hwy@13.4	91	362	764	738	0	22	4	0.12	0.12		0.17	0.05	0.00	0.00		0.00	0.00	LOS_A	1	0.00	0.00
1	14400-18000	98-92: Ballarat Rd  Western Hwy@8.7-362: Ballarat Rd  Western Hwy@13.4	92	362	0	0	0	0	0											LOS_A		0.00	0.00
1	14400-18000	98			764	738	0	22	4	0.12	0.12		0.17	0.05	0.00	0.00		0.00	0.00	LOS_A	1	0.00	0.00
1	14400-18000	99-209: Ballarat Rd  Western Hwy@46.4-1: Ballarat Rd  Western Hwy@6.6	209	1	764	738	0	22	4	0.12	0.12		0.13	0.04	0.00	0.00		0.00	0.00	LOS_A	1	0.00	0.00
1	14400-18000	99-209: Ballarat Rd  Western Hwy@46.4-2: Ballarat Rd  Western Hwy@6.5	209	2	0	0	0	0	0											LOS_A		0.00	0.00
1	14400-18000	99			764	738	0	22	4	0.12	0.12		0.13	0.04	0.00	0.00		0.00	0.00	LOS_A	1	0.00	0.00
1	14400-18000	100-1141@18.3-1143@28.5	1141	1143	0	0	0	0	0											LOS_A		5.03	138.17
1	14400-18000	100-1141@18.3-1147@16.5	1141	1147	115	111	0	4	0	10.44	10.67		3.83		2.02	2.09		0.09		LOS_B	2	5.03	138.17
1	14400-18000	100-1141@18.3-1152@26.0	1141	1152	33	33	0	0	0	11.66	11.66				2.51	2.51				LOS_B	2	5.01	138.48
1	14400-18000	100-1141@18.3-1158@25.0	1141	1158	160	159	0	1	0	8.99	8.88		26.39		1.54	1.53		3.84		LOS_A	1	5.03	138.17
1	14400-18000	100-1146@382.0-1143@28.5	1146	1143	41	40	0	1	0	2.57	2.59		1.83		0.12	0.13		0.00		LOS_A	1	0.64	39.64
1	14400-18000	100-1146@382.0-1147@16.5	1146	1147	0	0	0	0	0											LOS_A		0.79	39.53
1	14400-18000	100-1146@382.0-1152@26.0	1146	1152	84	77	0	7	0	4.58	4.61		4.26		0.60	0.65		0.10		LOS_A	1	0.79	39.53
1	14400-18000	100-1146@382.0-1158@25.0	1146	1158	122	119	0	3	0	4.87	4.87		4.83		0.58	0.59		0.00		LOS_A	1	0.79	39.53
1	14400-18000	100-1159@120.5-1143@28.5	1159	1143	103	101	0	2	0	8.60	8.41		18.52		1.49	1.50		0.60		LOS_A	1	3.68	100.29
1	14400-18000	100-1159@120.5-1147@16.5	1159	1147	160	156	0	4	0	11.53	11.73		3.94		1.99	2.03		0.23		LOS_B	2	3.81	102.93
1	14400-18000	100-1159@120.5-1152@26.0	1159	1152	27	27	0	0	0	12.47	12.47				2.57	2.57				LOS_B	2	3.68	100.29
1	14400-18000	100-1159@120.5-1158@25.0	1159	1158	0	0	0	0	0											LOS_A		3.68	100.29
1	14400-18000	100-1234@184.1-1143@28.5	1234	1143	37	36	0	1	0	38.02	38.21		30.86		9.94	10.05		5.84		LOS_E	5	16.99	161.05
1	14400-18000	100-1234@184.1-1147@16.5	1234	1147	153	146	0	7	0	41.24	42.02		24.92		11.73	12.03		5.44		LOS_E	5	16.99	161.05
1	14400-18000	100-1234@184.1-1152@26.0	1234	1152	0	0	0	0	0											LOS_A		16.99	161.05
1	14400-18000	100-1234@184.1-1158@25.0	1234	1158	38	38	0	0	0	26.17	26.17				7.17	7.17				LOS_D	4	17.10	162.97
1	14400-18000	100			1073	1043	0	30	0	14.80	14.90		11.53		3.41	3.46		1.70		LOS_B	2	6.64	162.97
1	14400-18000	101-1144@12.5-1140@37.3	1144	1140	0	0	0	0	0											LOS_A		0.02	6.09
1	14400-18000	101-1144@12.5-1168@28.2	1144	1168	35	35	0	0	0	1.53	1.53				0.03	0.03				LOS_A	1	0.02	6.09
1	14400-18000	101-1144@12.5-1170@29.6	1144	1170	69	69	0	0	0	0.90	0.90				0.00	0.00				LOS_A	1	0.02	6.09
1	14400-18000	101-1144@12.5-1171@32.9	1144	1171	77	73	0	4	0	1.12	1.10		1.52		0.03	0.03		0.00		LOS_A	1	0.01	6.09
1	14400-18000	101-1167@141.4-1140@37.3	1167	1140	79	77	0	2	0	5.51	5.65		0.10		1.74	1.78		0.00		LOS_A	1	0.64	26.43
1	14400-18000	101-1167@141.4-1168@28.2	1167	1168	0	0	0	0	0											LOS_A		0.68	26.43
1	14400-18000	101-1167@141.4-1170@29.6	1167	1170	3	3	0	0	0	4.55	4.55				1.62	1.62				LOS_A	1	0.68	26.43
1	14400-18000	101-1167@141.4-1171@32.9	1167	1171	41	40	0	1	0	4.32	4.27		6.05		1.08	1.10		0.00		LOS_A	1	0.68	26.43
1	14400-18000	101-1169@143.9-1140@37.3	1169	1140	122	119	0	3	0	2.93	2.93		2.68		0.23	0.24		0.00		LOS_A	1	0.23	20.25
1	14400-18000	101-1169@143.9-1168@28.2	1169	1168	4	4	0	0	0	0.57	0.57				0.00	0.00				LOS_A	1	0.23	20.60
1	14400-18000	101-1169@143.9-1170@29.6	1169	1170	0	0	0	0	0											LOS_A		0.23	20.25
1	14400-18000	101-1169@143.9-1171@32.9	1169	1171	6	6	0	0	0	2.24	2.24				0.75	0.75				LOS_A	1	0.23	20.25
1	14400-18000	101-1172@137.6-1140@37.3	1172	1140	107	107	0	0	0	2.24	2.24				0.13	0.13				LOS_A	1	0.13	24.45
1	14400-18000	101-1172@137.6-1168@28.2	1172	1168	13	13	0	0	0	1.06	1.06				0.00	0.00				LOS_A	1	0.13	24.45
1	14400-18000	101-1172@137.6-1170@29.6	1172	1170	0	0	0	0	0											LOS_A		0.06	24.45
1	14400-18000	101-1172@137.6-1171@32.9	1172	1171	0	0	0	0	0											LOS_A		0.13	24.45
1	14400-18000	101			556	546	0	10	0	2.62	2.63		2.04		0.43	0.43		0.00		LOS_A	1	0.24	26.43
1	14400-18000	102-1150@427.0-1155@20.3	1150	1155	0	0	0	0	0											LOS_A		0.00	0.00
1	14400-18000	102-1150@427.0-1156@9.2	1150	1156	163	157	0	6	0	0.04	0.04		0.09		0.00	0.00		0.00		LOS_A	1	0.00	0.00
1	14400-18000	102-1154@88.9-1153@11.3	1154	1153	104	100	0	4	0	0.05	0.05		0.11		0.00	0.00		0.00		LOS_A	1	0.00	0.00
1	14400-18000	102-1154@88.9-1155@20.3	1154	1155	25	22	0	3	0	1.56	1.42		2.62		0.00	0.00		0.00		LOS_A	1	0.00	5.89
1	14400-18000	102-1157@97.7-1153@11.3	1157	1153	32	32	0	0	0	1.34	1.34				0.08	0.08				LOS_A	1	0.02	12.70
1	14400-18000	102-1157@97.7-1156@9.2	1157	1156	31	29	0	2	0	0.83	0.86		0.39		0.12	0.13		0.00		LOS_A	1	0.02	13.09
1	14400-18000	102			355	340	0	15	0	0.34	0.32		0.64		0.02	0.02		0.00		LOS_A	1	0.01	13.09
1	14400-18000	103			0	0	0	0	0											LOS_A			
1	14400-18000	104			0	0	0	0	0											LOS_A			
1	14400-18000	105			0	0	0	0	0											LOS_A			
1	14400-18000	106			0	0	0	0	0											LOS_A			
1	14400-18000	107			0	0	0	0	0											LOS_A			
1	14400-18000	108			0	0	0	0	0											LOS_A			
1	14400-18000	109			0	0	0	0	0											LOS_A			
1	14400-18000	113			0	0	0	0	0											LOS_A			
1	14400-18000	114-1081@150.5-1125@21.0	1081	1125	355	344	1	4	3	8.32	8.24	0.18	15.89	0.29	4.33	4.32	0.00	9.76	0.00	LOS_A	1	3.30	73.53
1	14400-18000	114-1081@150.5-1128@12.2	1081	1128	153	146	0	7	0	1.33	1.26		2.91		0.00	0.00		0.00		LOS_A	1	0.00	0.00
1	14400-18000	114-1129@3.3-1130@26.0	1129	1130	213	196	2	7	8	3.58	3.48	5.54	4.62	4.65	0.04	0.05	0.00	0.00	0.00	LOS_A	1	0.09	18.46
1	14400-18000	114-1132@5.3-1125@21.0	1132	1125	128	125	0	3	0	37.87	37.74		43.42		30.19	30.17		30.80		LOS_D	4	5.22	34.58
1	14400-18000	114-1240: Western Fwy@6.0-1128@12.2	1240	1128	100	95	0	5	0	56.76	55.88		73.60		46.55	45.90		58.87		LOS_E	5	9.11	74.70
1	14400-18000	114-1240: Western Fwy@6.0-1130@26.0	1240	1130	219	214	0	2	0	3.72	3.65		0.00		1.52	1.51		0.00		LOS_A	1	9.11	74.70
1	14400-18000	114			1168	1120	3	28	11	13.06	12.95	3.76	21.95	3.46	8.90	8.88	0.00	15.21	0.00	LOS_B	2	3.54	74.70
1	14400-18000	115-1092: Western Fwy@41.4-1091@18.2	1092	1091	344	329	0	15	0	2.73	2.60		5.46		0.00	0.00		0.10		LOS_A	1	0.02	14.42
1	14400-18000	115-1092: Western Fwy@41.4-1093: Western Fwy@20.0	1092	1093	631	567	13	32	19	0.54	0.57	0.39	0.35	0.05	0.00	0.00	0.00	0.00	0.00	LOS_A	1	0.02	14.42
1	14400-18000	115			975	896	13	47	19	1.31	1.32	0.39	1.98	0.05	0.00	0.00	0.00	0.03	0.00	LOS_A	1	0.02	14.42
1	14400-18000	116-1134: Western Fwy@853.1-1137: Western Fwy@29.6	1134	1137	722	654	7	44	17	0.05	0.04	0.18	0.09	0.01	0.00	0.00	0.00	0.00	0.00	LOS_A	1	0.00	0.00
1	14400-18000	116-1139@39.2-1137: Western Fwy@29.6	1139	1137	253	241	0	12	0	0.54	0.52		1.03		0.00	0.00		0.00		LOS_A	1	0.00	0.00
1	14400-18000	116			975	895	7	56	17	0.18	0.17	0.18	0.30	0.01	0.00	0.00	0.00	0.00	0.00	LOS_A	1	0.00	0.00
1	14400-18000	117-1093: Western Fwy@887.1-1118: Western Fwy@20.0	1093	1118	633	569	13	32	19	0.05	0.06	0.05	0.02	0.00	0.00	0.00	0.00	0.00	0.00	LOS_A	1	0.00	0.00
1	14400-18000	117-1117@115.1-1118: Western Fwy@20.0	1117	1118	450	438	1	7	4	0.35	0.35	0.37	0.39	0.28	0.00	0.00	0.00	0.00	0.00	LOS_A	1	0.00	0.00
1	14400-18000	117			1083	1007	14	39	23	0.18	0.19	0.08	0.08	0.05	0.00	0.00	0.00	0.00	0.00	LOS_A	1	0.00	0.00
1	14400-18000	118-1135: Western Fwy@35.7-1134: Western Fwy@6.5	1135	1134	722	654	7	44	17	0.61	0.57	0.97	1.20	0.42	0.00	0.00	0.00	0.00	0.00	LOS_A	1	0.00	0.00
1	14400-18000	118-1135: Western Fwy@35.7-1136: Western Fwy@4.3	1135	1136	341	321	2	10	8	3.50	3.40	5.36	4.99	5.02	0.00	0.00	0.00	0.00	0.00	LOS_A	1	0.00	0.00
1	14400-18000	118			1063	975	9	54	25	1.54	1.50	1.95	1.90	1.89	0.00	0.00	0.00	0.00	0.00	LOS_A	1	0.00	0.00
1	14400-18000	119-1090@228.7-1098@20.0	1090	1098	53	53	0	0	0	53.88	53.88				45.78	45.78				LOS_D	4	6.05	70.01
1	14400-18000	119-1090@228.7-1100@8.0	1090	1100	291	276	0	15	0	9.35	9.48		6.99		4.17	4.39		0.09		LOS_A	1	3.91	75.69
1	14400-18000	119-1114@10.9-1098@20.0	1114	1098	266	256	0	7	0	4.41	4.57		0.23		2.28	2.37		0.00		LOS_A	1	1.08	67.73
1	14400-18000	119-1114@10.9-1116@15.9	1114	1116	208	204	0	3	1	1.28	1.28		1.28	1.71	0.01	0.01		0.00	0.00	LOS_A	1	0.00	0.00
1	14400-18000	119-1237@6.9-1100@8.0	1237	1100	241	235	0	3	0	4.10	4.09		6.12		0.99	1.01		0.00		LOS_A	1	16.97	164.50
1	14400-18000	119-1237@6.9-1116@15.9	1237	1116	242	234	1	4	3	38.15	37.74	26.59	37.48	74.56	21.91	21.93	5.00	15.62	34.98	LOS_D	4	16.97	164.50
1	14400-18000	119			1301	1258	1	32	4	13.25	13.27	26.59	8.71	56.35	7.53	7.64	5.00	1.99	26.23	LOS_B	2	5.60	164.50
1	14400-18000	120-1100@12.7-1099@27.3	1100	1099	356	344	0	10	0	7.33	7.36		7.33		4.72	4.74		5.00		LOS_A	1	9.85	75.37
1	14400-18000	120-1100@12.7-1103@19.5	1100	1103	84	82	0	1	0	1.22	1.16		5.39		0.00	0.00		0.00		LOS_A	1	0.01	5.25
1	14400-18000	120-1100@12.7-1107@21.1	1100	1107	91	84	0	7	0	59.11	59.67		52.38		52.27	52.87		45.11		LOS_E	5	9.85	75.37
1	14400-18000	120-1106@32.8-1099@27.3	1106	1099	0	0	0	0	0											LOS_A		9.36	97.02
1	14400-18000	120-1106@32.8-1103@19.5	1106	1103	0	0	0	0	0											LOS_A		9.36	97.02
1	14400-18000	120-1106@32.8-1112@5.6	1106	1112	168	165	0	2	1	33.78	34.12		17.00	10.78	26.46	26.81		10.84	0.00	LOS_C	3	9.36	97.02
1	14400-18000	120-1184@12.8-1184@46.5	1184	1184	1	1	0	0	0	0.00	0.00				0.00	0.00				LOS_A	1	0.00	0.00
1	14400-18000	120-1186@9.2-1186@61.3	1186	1186	2	0	0	0	0	36.99					35.49					LOS_D	4	0.06	14.87
1	14400-18000	120-1189@5.6-1189@50.7	1189	1189	4	0	0	0	0	103.78					102.66					LOS_F	6	0.22	20.26
1	14400-18000	120-1190@11.3-1190@56.8	1190	1190	4	0	0	0	0	157.81					156.31					LOS_F	6	0.25	15.44
1	14400-18000	120-1191@12.4-1191@46.2	1191	1191	3	3	0	0	0	0.00	0.00				0.00	0.00				LOS_A	1	0.00	0.00
1	14400-18000	120-1192@6.0-1192@58.2	1192	1192	1	0	0	0	0	113.94					112.43					LOS_F	6	0.04	2.49
1	14400-18000	120-1193@13.6-1193@42.6	1193	1193	5	0	0	0	0	65.81					64.35					LOS_E	5	0.21	15.64
1	14400-18000	120-1194@0.7-1194@34.7	1194	1194	1	0	0	0	0	207.05					205.55					LOS_F	6	0.10	13.49
1	14400-18000	120-1236@14.1-1103@19.5	1236	1103	0	0	0	0	0											LOS_A		7.38	68.94
1	14400-18000	120-1236@14.1-1107@21.1	1236	1107	61	56	0	5	0	23.68	23.33		27.61		17.05	16.97		17.97		LOS_C	3	7.38	68.94
1	14400-18000	120-1236@14.1-1112@5.6	1236	1112	305	295	0	8	0	20.57	20.11		29.13		14.37	14.03		21.19		LOS_C	3	7.38	68.94
1	14400-18000	120-1239@4.2-1099@27.3	1239	1099	4	4	0	0	0	40.85	40.85				33.32	33.32				LOS_D	4	0.55	14.40
1	14400-18000	120-1239@4.2-1107@21.1	1239	1107	0	0	0	0	0											LOS_A		0.55	14.40
1	14400-18000	120-1239@4.2-11576@36.8	1239	11576	1	0	0	0	0	103.46					86.35					LOS_F	6	0.55	14.40
1	14400-18000	120			1091	1034	0	33	1	21.56	19.99		25.77	10.78	16.75	15.20		19.60	0.00	LOS_C	3	2.16	97.02
1	14400-18000	121			0	0	0	0	0											LOS_A			
1	14400-18000	122			0	0	0	0	0											LOS_A			
1	14400-18000	123			0	0	0	0	0											LOS_A			
1	14400-18000	124-1123@88.6-1122@4.7	1123	1122	18	18	0	0	0	1.72	1.72				0.53	0.53				LOS_A	1	0.02	6.00
1	14400-18000	124-1130@109.7-1122@4.7	1130	1122	431	409	2	9	8	0.18	0.06	0.18	0.05	0.09	0.00	0.00	0.00	0.00	0.00	LOS_A	1	0.64	28.72
1	14400-18000	124-1130@109.7-1180@8.5	1130	1180	1	1	0	0	0	0.13	0.13				0.00	0.00				LOS_A	1	0.64	28.72
1	14400-18000	124			450	428	2	9	8	0.24	0.13	0.18	0.05	0.09	0.02	0.02	0.00	0.00	0.00	LOS_A	1	0.33	28.72
1	14400-18000	125			0	0	0	0	0											LOS_A			
1	14400-18000	244-1156@962.0-1223@12.7	1156	1223	0	0	0	0	0											LOS_A		0.00	0.00
1	14400-18000	244-1156@962.0-1224@15.7	1156	1224	194	186	0	8	0	0.04	0.04		0.00		0.00	0.00		0.00		LOS_A	1	0.00	0.00
1	14400-18000	244-1221@50.0-1224@15.7	1221	1224	0	0	0	0	0											LOS_A		0.00	0.00
1	14400-18000	244-1221@50.0-1225@11.6	1221	1225	0	0	0	0	0											LOS_A		0.00	0.00
1	14400-18000	244-1227@99.3-1223@12.7	1227	1223	0	0	0	0	0											LOS_A		0.00	0.00
1	14400-18000	244-1227@99.3-1225@11.6	1227	1225	129	122	0	7	0	0.02	0.02		0.00		0.00	0.00		0.00		LOS_A	1	0.00	0.00
1	14400-18000	244			323	308	0	15	0	0.03	0.03		0.00		0.00	0.00		0.00		LOS_A	1	0.00	0.00
1	14400-18000	245			0	0	0	0	0											LOS_A			
1	14400-18000	246-1224@100.1-1229@17.2	1224	1229	17	17	0	0	0	0.21	0.21				0.00	0.00				LOS_A	1	0.00	0.00
1	14400-18000	246-1224@100.1-1230@17.9	1224	1230	177	169	0	8	0	0.07	0.07		0.00		0.00	0.00		0.00		LOS_A	1	0.00	0.00
1	14400-18000	246-1228@93.7-1227@14.9	1228	1227	10	10	0	0	0	1.43	1.43				0.00	0.00				LOS_A	1	0.00	5.91
1	14400-18000	246-1228@93.7-1230@17.9	1228	1230	28	28	0	0	0	1.42	1.42				0.07	0.07				LOS_A	1	0.01	6.16
1	14400-18000	246-1235@217.9-1227@14.9	1235	1227	119	112	0	7	0	0.03	0.03		0.00		0.00	0.00		0.00		LOS_A	1	0.00	0.00
1	14400-18000	246-1235@217.9-1229@17.2	1235	1229	11	11	0	0	0	1.59	1.59				0.00	0.00				LOS_A	1	0.00	5.26
1	14400-18000	246			362	347	0	15	0	0.25	0.26		0.00		0.01	0.01		0.00		LOS_A	1	0.00	6.16
1	14400-18000	247			0	0	0	0	0											LOS_A			
1	14400-18000	248-1152@193.7-1233@16.5	1152	1233	15	15	0	0	0	0.46	0.46				0.00	0.00				LOS_A	1	0.00	0.00
1	14400-18000	248-1152@193.7-1235@13.8	1152	1235	129	122	0	7	0	0.00	0.00		0.01		0.00	0.00		0.00		LOS_A	1	0.00	0.00
1	14400-18000	248-1230@222.2-1233@16.5	1230	1233	0	0	0	0	0											LOS_A		0.00	0.00
1	14400-18000	248-1230@222.2-1234@16.0	1230	1234	205	197	0	8	0	0.05	0.05		0.04		0.00	0.00		0.00		LOS_A	1	0.00	0.00
1	14400-18000	248-1232@78.7-1234@16.0	1232	1234	23	23	0	0	0	0.85	0.85				0.00	0.00				LOS_A	1	0.00	5.59
1	14400-18000	248-1232@78.7-1235@13.8	1232	1235	1	1	0	0	0	0.15	0.15				0.00	0.00				LOS_A	1	0.00	0.00
1	14400-18000	248			373	358	0	15	0	0.10	0.10		0.02		0.00	0.00		0.00		LOS_A	1	0.00	5.59
1	14400-18000	249			0	0	0	0	0											LOS_A			
1	14400-18000	312-2419@3.3-24810@22.1	2419	24810	273	264	0	6	3	28.62	28.33		28.81	53.49	20.72	20.58		16.33	41.62	LOS_C	3	7.68	71.64
1	14400-18000	312-2420@4.1-2422@13.2	2420	2422	400	341	1	48	10	13.19	12.55	2.35	17.68	14.36	6.02	5.69	0.00	8.79	4.71	LOS_B	2	5.13	85.62
1	14400-18000	312-2475@44.5-2391@3.4	2475	2391	413	353	8	37	15	44.13	43.75	53.00	40.97	56.00	31.42	31.42	35.34	26.16	42.22	LOS_D	4	19.11	110.94
1	14400-18000	312-2475@44.5-2422@13.2	2475	2422	71	55	1	13	2	7.84	7.03	8.94	10.83	10.12	0.63	0.62	0.00	0.82	0.00	LOS_A	1	0.00	5.82
1	14400-18000	312-2527@16.1-2391@3.4	2527	2391	264	218	2	28	16	23.51	23.28	37.92	23.17	25.54	15.65	16.17	17.00	13.39	12.32	LOS_C	3	5.37	53.69
1	14400-18000	312-2527@16.1-24810@22.1	2527	24810	172	166	0	4	2	8.54	8.38		10.08	18.35	4.81	4.73		5.14	10.84	LOS_A	1	1.47	31.84
1	14400-18000	312			1593	1397	12	136	48	24.82	24.38	42.60	24.76	33.54	16.35	16.33	26.39	13.93	21.33	LOS_C	3	6.46	110.94
1	14400-18000	313-2394@59.8-2414@34.7	2394	2414	551	548	0	3	0	23.93	23.90		28.93		15.59	15.58		17.33		LOS_C	3	11.31	92.87
1	14400-18000	313-2394@59.8-2418@36.3	2394	2418	111	101	0	8	2	45.38	47.39		24.14	28.80	37.24	39.38		14.38	20.58	LOS_D	4	11.09	93.06
1	14400-18000	313-2401@29.1-2389@16.1	2401	2389	277	260	1	10	6	4.21	4.26	3.02	2.60	5.12	0.45	0.47	0.00	0.00	0.39	LOS_A	1	0.21	41.36
1	14400-18000	313-2401@29.1-2418@36.3	2401	2418	562	504	1	46	11	15.51	15.67	27.71	13.92	13.98	8.86	9.18	13.53	5.83	6.43	LOS_B	2	5.17	76.49
1	14400-18000	313-2416@14.9-2389@16.1	2416	2389	76	39	2	20	15	59.46	49.48	160.66	57.19	74.94	46.91	39.19	139.94	42.60	60.36	LOS_E	5	8.23	72.72
1	14400-18000	313-2416@14.9-2414@34.7	2416	2414	601	532	8	45	16	6.23	6.46	2.46	5.06	3.85	1.70	1.92	0.00	0.11	0.00	LOS_A	1	8.23	72.72
1	14400-18000	313			2178	1984	12	132	50	16.70	16.26	30.98	17.56	28.56	10.29	9.99	24.45	9.79	20.39	LOS_B	2	7.20	93.06
1	14400-18000	314-2403@220.3-2402@17.0	2403	2402	2	2	0	0	0	1.36	1.36				0.00	0.00				LOS_A	1	0.00	0.00
1	14400-18000	314-2403@220.3-2424@24.2	2403	2424	4	4	0	0	0	62.50	62.50				55.95	55.95				LOS_E	5	0.36	13.15
1	14400-18000	314-2409@18.3-2410@13.9	2409	2410	26	26	0	0	0	86.96	86.96				80.12	80.12				LOS_F	6	3.68	51.51
1	14400-18000	314-2409@18.3-2424@24.2	2409	2424	1126	1054	8	48	16	1.55	1.48	1.19	3.04	1.83	0.23	0.22	0.00	0.51	0.00	LOS_A	1	3.68	51.51
1	14400-18000	314-2413@40.6-2402@17.0	2413	2402	837	762	2	56	17	4.93	5.00	1.28	4.50	3.44	2.11	2.17	0.00	1.54	1.23	LOS_A	1	2.59	82.56
1	14400-18000	314-2413@40.6-2410@13.9	2413	2410	3	3	0	0	0	0.91	0.91				0.00	0.00				LOS_A	1	0.00	0.00
1	14400-18000	314-2517@5.7-2517@54.4	2517	2517	0	0	0	0	0											LOS_A		0.00	0.00
1	14400-18000	314			1998	1851	10	104	33	4.20	4.26	1.21	3.83	2.66	2.17	2.27	0.00	1.07	0.63	LOS_A	1	1.11	82.56
1	14400-18000	315-2424@32.6-2426@30.8	2424	2426	1020	956	8	40	16	6.11	6.14	7.44	5.93	3.98	3.28	3.36	3.58	2.34	0.35	LOS_A	1	5.91	109.29
1	14400-18000	315-2424@32.6-2434@37.0	2424	2434	35	30	0	5	0	46.84	49.95		28.15		40.24	43.68		19.61		LOS_D	4	5.91	109.29
1	14400-18000	315-2424@32.6-2439@33.6	2424	2439	75	72	0	3	0	5.98	5.91		7.79		3.58	3.57		3.98		LOS_A	1	5.91	109.29
1	14400-18000	315-2430@18.6-2413@31.6	2430	2413	126	113	0	9	4	2.89	2.88		2.40	4.23	0.23	0.25		0.00	0.21	LOS_A	1	0.02	13.41
1	14400-18000	315-2430@18.6-2426@30.8	2430	2426	11	9	0	2	0	39.62	32.77		70.43		32.71	26.81		59.27		LOS_D	4	1.02	11.83
1	14400-18000	315-2430@18.6-2439@33.6	2430	2439	4	4	0	0	0	68.35	68.35				60.10	60.10				LOS_E	5	1.02	11.83
1	14400-18000	315-2438@12.4-2413@31.6	2438	2413	29	28	0	1	0	50.45	51.30		26.78		43.29	44.24		16.67		LOS_D	4	4.46	54.05
1	14400-18000	315-2438@12.4-2426@30.8	2438	2426	22	19	1	2	0	62.81	64.29	70.35	45.00		52.70	54.69	56.54	31.90		LOS_E	5	4.46	54.05
1	14400-18000	315-2438@12.4-2434@37.0	2438	2434	16	16	0	0	0	50.61	50.61				41.53	41.53				LOS_D	4	4.46	54.05
1	14400-18000	315-2442@2.5-2413@31.6	2442	2413	685	624	2	46	13	7.95	8.11	5.92	5.73	8.07	4.26	4.43	0.00	2.36	3.58	LOS_A	1	3.67	77.24
1	14400-18000	315-2442@2.5-2434@37.0	2442	2434	18	18	0	0	0	5.53	5.53				3.06	3.06				LOS_A	1	3.67	77.24
1	14400-18000	315-2442@2.5-2439@33.6	2442	2439	10	8	0	2	0	44.07	44.91		40.75		36.51	37.93		30.81		LOS_D	4	3.67	77.24
1	14400-18000	315			2051	1897	11	110	33	9.28	9.32	12.88	9.32	5.62	5.88	5.99	7.75	5.21	1.61	LOS_A	1	3.02	109.29
1	14400-18000	316			0	0	0	0	0											LOS_A			
1	14400-18000	317			0	0	0	0	0											LOS_A			
1	14400-18000	318			0	0	0	0	0											LOS_A			
1	14400-18000	319			0	0	0	0	0											LOS_A			
1	14400-18000	320			0	0	0	0	0											LOS_A			
1	14400-18000	322-2388@109.5-2387: Western Fwy  Deer Park Byp@24.8	2388	2387	353	299	3	30	21	0.36	0.35	0.02	0.34	0.52	0.00	0.00	0.00	0.00	0.00	LOS_A	1	0.00	0.00
1	14400-18000	322-2397: Western Fwy  Deer Park Byp@856.0-2387: Western Fwy  Deer Park Byp@24.8	2397	2387	641	540	9	68	24	0.08	0.07	0.27	0.11	0.29	0.00	0.00	0.00	0.00	0.00	LOS_A	1	0.00	0.00
1	14400-18000	322			994	839	12	98	45	0.18	0.17	0.21	0.18	0.40	0.00	0.00	0.00	0.00	0.00	LOS_A	1	0.00	0.00
1	14400-18000	323-2479: Western Fwy  Deer Park Byp@45.2-2477@22.4	2479	2477	484	408	9	50	17	2.71	2.33	5.07	4.46	5.43	0.01	0.00	0.00	0.00	0.26	LOS_A	1	0.08	39.04
1	14400-18000	323-2479: Western Fwy  Deer Park Byp@45.2-2478: Western Fwy  Deer Park Byp@23.8	2479	2478	1228	1148	7	57	16	0.66	0.65	0.53	0.84	0.54	0.00	0.00	0.00	0.00	0.00	LOS_A	1	0.08	39.04
1	14400-18000	323			1712	1556	16	107	33	1.24	1.09	3.08	2.53	3.06	0.01	0.00	0.00	0.00	0.14	LOS_A	1	0.08	39.04
1	14400-18000	324-2478: Western Fwy  Deer Park Byp@815.7-2483: Western Fwy  Deer Park Byp@32.3	2478	2483	1230	1150	7	57	16	0.24	0.24	0.37	0.15	0.21	0.00	0.00	0.00	0.00	0.00	LOS_A	1	0.00	0.00
1	14400-18000	324-2485@71.7-2483: Western Fwy  Deer Park Byp@32.3	2485	2483	445	430	0	10	5	4.69	4.71		4.43	3.79	0.08	0.08		0.02	0.03	LOS_A	1	0.00	0.00
1	14400-18000	324			1675	1580	7	67	21	1.42	1.46	0.37	0.78	1.06	0.02	0.02	0.00	0.00	0.01	LOS_A	1	0.00	0.00
1	14400-18000	325-2398: Western Fwy  Deer Park Byp@30.6-2385@22.8	2398	2385	662	649	0	11	2	3.09	3.05		4.96	5.97	0.05	0.05		0.00	0.00	LOS_A	1	0.23	38.15
1	14400-18000	325-2398: Western Fwy  Deer Park Byp@30.6-2397: Western Fwy  Deer Park Byp@22.6	2398	2397	641	540	9	68	24	0.82	0.70	0.40	1.16	2.69	0.06	0.04	0.00	0.08	0.42	LOS_A	1	0.23	38.15
1	14400-18000	325			1303	1189	9	79	26	1.98	1.99	0.40	1.69	2.94	0.05	0.05	0.00	0.07	0.38	LOS_A	1	0.23	38.15
1	14400-18000	326-2502: Western Fwy  Deer Park Byp@2131.3-2513: Western Fwy  Deer Park Byp@18.8	2502	2513	733	666	8	44	15	0.10	0.10	0.30	0.07	0.19	0.00	0.00	0.00	0.00	0.00	LOS_A	1	0.00	0.00
1	14400-18000	326-2514: Western Fwy  Deer Park Byp@123.8-2513: Western Fwy  Deer Park Byp@18.8	2514	2513	570	523	1	35	11	0.67	0.62	0.64	1.37	0.76	0.00	0.00	0.00	0.00	0.00	LOS_A	1	0.00	0.00
1	14400-18000	326			1303	1189	9	79	26	0.35	0.33	0.33	0.65	0.43	0.00	0.00	0.00	0.00	0.00	LOS_A	1	0.00	0.00
1	14400-18000	327-2505: Western Fwy  Deer Park Byp@33.7-2506: Western Fwy  Deer Park Byp@21.2	2505	2506	1115	1027	7	61	20	0.26	0.26	0.08	0.23	0.44	0.00	0.00	0.00	0.00	0.00	LOS_A	1	0.00	0.00
1	14400-18000	327-2505: Western Fwy  Deer Park Byp@33.7-2508: Western Fwy  Deer Park Byp@13.2	2505	2508	562	555	0	6	1	1.62	1.58		4.08	4.51	0.00	0.00		0.00	0.00	LOS_A	1	0.00	0.00
1	14400-18000	327			1677	1582	7	67	21	0.72	0.73	0.08	0.58	0.63	0.00	0.00	0.00	0.00	0.00	LOS_A	1	0.00	0.00

